Date,Open,High,Low,Close,Volume
2019-10-03,1332.0084380195424,1359.7166018053335,1325.032281032204,1355.0494384765625,443258
2019-10-04,1360.8468260497332,1397.6928592460256,1360.7976500288657,1376.02734375,860655
2019-10-07,1384.6245313842473,1405.061842524843,1374.602459924654,1386.04931640625,673596
2019-10-09,1382.9542530801327,1406.8795833103065,1373.177821612222,1400.1982421875,381888
2019-10-10,1397.2014275549323,1412.9224000168724,1380.9891747035565,1387.6214599609375,435916
2019-10-11,1394.5486335465785,1429.4295430003474,1383.3964721764632,1422.8463134765625,649286
2019-10-14,1431.7384694057384,1451.4879171622072,1419.6038677200138,1426.4326171875,878725
2019-10-15,1434.44070205341,1463.0332006568556,1431.5912514150696,1457.874755859375,594035
2019-10-16,1458.120325185052,1468.338982180042,1454.1900817209412,1457.334228515625,304772
2019-10-17,1463.0328540092296,1466.96309673323,1445.0028895011746,1461.362548828125,354752
2019-10-18,1464.998074610678,1504.3005045130435,1464.359386136465,1481.55419921875,562505
2019-10-22,1475.8062509414976,1513.1435595538658,1475.8062509414976,1492.90283203125,621477
2019-10-23,1493.4923229768785,1504.1530830045656,1483.6667155888729,1487.351318359375,193859
2019-10-24,1491.8222572029547,1513.1437806814045,1491.8222572029547,1509.9996337890625,340507
2019-10-25,1513.1435409831588,1516.3860394047213,1481.0629088045346,1492.8536376953125,289340
2019-10-27,1500.3704328973204,1506.5114382709996,1493.4925068787995,1502.9742431640625,31619
2019-10-29,1499.485936953295,1500.3702656168107,1368.7071250846218,1406.04443359375,2296243
2019-10-30,1434.3421802589212,1463.2785453496717,1414.8874301181986,1436.45458984375,751366
2019-10-31,1445.3467427337007,1473.6445379507654,1437.5354333991245,1458.9061279296875,457117
2019-11-01,1466.7669865200576,1481.7018644986088,1424.8115633521688,1434.5389404296875,551152
2019-11-04,1435.5213175017118,1445.3469254243792,1386.3932778883745,1390.077880859375,519503
2019-11-05,1398.6753572300534,1421.5690728030463,1387.867187978539,1390.2744140625,620983
2019-11-06,1391.3060293788935,1405.0127039374888,1377.5993548202982,1389.24267578125,604579
2019-11-07,1397.8891520655272,1443.3817634511033,1395.7275663596272,1438.3707275390625,909619
2019-11-08,1442.3008865605816,1442.3008865605816,1390.3234011443426,1393.860595703125,504630
2019-11-11,1400.1490264311906,1419.8002408372424,1389.4882666042063,1394.253662109375,475250
2019-11-13,1395.2854143470781,1409.974649302235,1355.0986564518373,1364.4329833984375,506842
2019-11-14,1369.6896960065208,1416.3613319895262,1362.1240261500857,1394.401123046875,1643108
2019-11-15,1412.382077797621,1420.1935086966862,1355.9340036651236,1372.8831787109375,1282545
2019-11-18,1394.2537745329644,1403.686334220151,1373.8164619261404,1379.4661865234375,783234
2019-11-19,1384.231706438918,1396.0224360680688,1377.5502450057975,1386.3441162109375,472316
2019-11-20,1397.201381703133,1412.0380249888963,1390.3234564767463,1396.75927734375,660964
2019-11-21,1403.0967485993092,1437.4371987764537,1400.1490663543527,1430.0679931640625,1123652
2019-11-22,1434.1948182393562,1449.3262777303214,1415.5261640477554,1426.28515625,882624
2019-11-25,1426.088377158036,1439.1563602414915,1415.0345711960963,1425.056640625,337740
2019-11-26,1429.6258223570635,1462.0503255445433,1425.3517072888305,1432.966552734375,989762
2019-11-27,1441.9076938028354,1454.1897014161475,1434.5384892348482,1438.4195556640625,400326
2019-11-28,1439.7954508157782,1450.6527956815771,1414.887558411215,1419.30908203125,397266
2019-11-29,1428.1519506094623,1441.2691117196414,1406.0443352749505,1416.06640625,359720
2019-12-02,1424.9092746010526,1424.9092746010526,1389.7827346188772,1391.5513916015625,308438
2019-12-03,1399.068383362113,1399.068383362113,1375.5851556452956,1379.908447265625,405568
2019-12-04,1379.515450311384,1452.7654105534543,1376.6169437449555,1444.610107421875,1204381
2019-12-05,1446.1821866745133,1466.5212685661932,1426.2853291374533,1457.334228515625,725914
2019-12-06,1454.0918409611586,1483.6668988641213,1434.1458075230032,1439.45166015625,830784
2019-12-09,1440.4338126972143,1448.7364016355561,1378.237679902251,1387.1790771484375,878632
2019-12-10,1387.866896177283,1411.939631721597,1344.1429479437334,1349.9891357421875,1141233
2019-12-11,1355.933826290985,1382.4629663705914,1355.933826290985,1366.2015380859375,735568
2019-12-12,1370.6722175545833,1381.4803855783111,1350.7753627836296,1361.337890625,698123
2019-12-13,1368.7069664706323,1373.3741294934146,1321.5440559246235,1329.404541015625,2563372
2019-12-16,1346.1082252524284,1365.6612081330807,1342.1779822589906,1346.648681640625,825493
2019-12-17,1346.0594473461508,1346.0594473461508,1317.9582256202116,1339.869384765625,1184021
2019-12-18,1347.1399524834733,1370.5248261640759,1346.1082157283965,1360.69921875,1244195
2019-12-19,1361.2887394143177,1379.0731848942223,1347.2381926923708,1372.0478515625,730557
2019-12-20,1375.5850161518358,1377.9431858821094,1351.5122783691788,1355.147705078125,629259
2019-12-23,1353.9687029770628,1365.759431885426,1341.7358697112345,1362.0748291015625,476672
2019-12-24,1367.6264545881604,1374.0621561130383,1348.2699341119992,1351.4632568359375,295536
2019-12-26,1360.2572335030259,1363.4996122686898,1346.5504379952652,1355.5408935546875,344456
2019-12-27,1355.884667917892,1400.0999019591632,1355.4425635540788,1393.369384765625,1085655
2019-12-30,1396.4153354118403,1407.8621925105228,1386.9827758928727,1394.155517578125,527326
2019-12-31,1392.2886413489566,1428.6433906290633,1390.323519766248,1416.8526611328125,985801
2020-01-01,1414.8874417302209,1416.8525631770683,1397.39781287668,1401.4754638671875,268255
2020-01-02,1403.0967736244825,1482.8806598343726,1403.0967736244825,1468.58447265625,2000143
2020-01-03,1468.5841683227038,1478.753646153471,1455.7126489458092,1460.1832275390625,629443
2020-01-06,1454.1898070245725,1454.1898070245725,1432.7208801456495,1436.9949951171875,378702
2020-01-07,1449.2770489313173,1472.80932998652,1446.8698231656217,1452.9124755859375,365266
2020-01-08,1438.4690695710065,1453.7969946846908,1432.573704531781,1447.9508056640625,190163
2020-01-09,1464.0154079533645,1472.5636378621343,1447.3118764532255,1453.7967529296875,254798
2020-01-10,1458.1200491961672,1475.806141437091,1450.2595637557565,1459.9869384765625,364434
2020-01-13,1467.2580313563735,1477.7713835151544,1453.6494688727987,1457.5797119140625,374704
2020-01-14,1459.200986302293,1475.8062874260797,1458.0219613461961,1467.258056640625,308514
2020-01-15,1462.3452965472743,1502.3354734022428,1462.0504803286706,1485.582763671875,932167
2020-01-16,1493.1974722600526,1578.9750707510013,1491.576343031705,1563.7945556640625,2305288
2020-01-17,1567.7247291257818,1595.67853228434,1552.4458626904293,1590.3726806640625,893254
2020-01-20,1591.7483332801469,1630.068200562817,1588.3093708317022,1601.1318359375,1047368
2020-01-21,1601.4267029553698,1613.856121118495,1592.7310638253152,1597.84033203125,317357
2020-01-22,1614.9860422300246,1634.9811300180875,1598.1351009461655,1605.9464111328125,736367
2020-01-23,1610.2205431830453,1670.254978712146,1602.8021618290936,1657.481689453125,764590
2020-01-24,1660.527589998237,1667.9459712910982,1620.340833210573,1639.5989990234375,1023849
2020-01-27,1638.911531719855,1683.1267708849591,1633.0161664978411,1666.472412109375,791549
2020-01-28,1666.324588202192,1675.069401754439,1644.6100223743867,1648.4910888671875,681671
2020-01-29,1657.579939277251,1665.3912490465063,1641.9081437260054,1658.5625,230705
2020-01-30,1655.6150638284478,1679.9334453297854,1650.9478997019285,1661.31396484375,634505
2020-01-31,1669.5670588892676,1669.616234899846,1627.5625898341148,1631.2471923828125,377299
2020-02-03,1587.8181823547732,1687.6463312174915,1587.8181823547732,1666.275634765625,584886
2020-02-04,1666.27563796581,1675.1678608049765,1632.0334195275384,1641.908203125,384789
2020-02-05,1651.6847658278239,1651.6847658278239,1621.225379902385,1628.54541015625,438855
2020-02-06,1636.6512317265872,1636.6512317265872,1593.909843321059,1616.3614501953125,552992
2020-02-07,1621.0287124915071,1649.2281569816196,1599.6088409687677,1634.1458740234375,554048
2020-02-10,1633.99862305387,1671.925446239279,1605.9956400370118,1636.6514892578125,778081
2020-02-11,1641.3677444566006,1673.2027369695302,1639.8939033212012,1668.3389892578125,606839
2020-02-12,1675.2659582682807,1687.007510409753,1641.416790841743,1654.2391357421875,728165
2020-02-13,1645.7889054033194,1677.2308427005769,1626.1376945925335,1665.931396484375,902548
2020-02-14,1690.987120880333,1717.2214460167504,1645.2488680943306,1674.6766357421875,3179224
2020-02-17,1696.8824221744394,1706.7080297145346,1670.4515139032837,1685.140869140625,808709
2020-02-18,1686.074171898849,1753.2813481936053,1675.0695399656167,1743.947021484375,1860803
2020-02-19,1743.9472682158603,1761.338547200115,1720.1692237959955,1749.4495849609375,1029649
2020-02-20,1758.783888291052,1781.8248918118932,1747.238798521544,1769.2972412109375,799535
2020-02-24,1764.6792166365246,1781.9232068469635,1733.482910885851,1766.1038818359375,708469
2020-02-25,1769.8441721574275,1781.6562578447963,1750.1573626784796,1762.412353515625,459592
2020-02-26,1757.9828736935158,1768.8106192291282,1735.3923072077162,1739.5264892578125,494854
2020-02-27,1737.3609376501106,1774.7658756845037,1727.6159429199265,1767.284912109375,919960
2020-02-28,1752.6182583721682,1771.5668129768658,1699.0701111977914,1708.6182861328125,1234826
2020-03-02,1722.5959906730673,1750.0591164989785,1684.403528644926,1701.48193359375,980080
2020-03-03,1711.670004601799,1725.7460040012456,1668.457425421948,1698.6766357421875,672514
2020-03-04,1699.9560526011253,1744.251375338271,1684.846449876983,1727.763671875,1164850
2020-03-05,1737.311809955969,1741.1507621422159,1691.6876493823765,1700.1529541015625,661463
2020-03-06,1673.3789147299597,1683.222320110724,1646.8017202018955,1662.4527587890625,498503
2020-03-09,1624.1620656894347,1645.5714747371592,1580.949487303883,1615.20458984375,486073
2020-03-11,1603.4907312725372,1617.0746787169858,1585.7726016452164,1603.73681640625,617459
2020-03-12,1555.258143093605,1565.1508141559023,1457.1194336467104,1484.3856201171875,1279868
2020-03-13,1358.488188378737,1573.4681599435992,1357.4054379494671,1489.9468994140625,828569
2020-03-16,1408.5914517796589,1516.7705118355807,1342.000783643856,1449.7369384765625,1197701
2020-03-17,1469.4234486023097,1495.163854836039,1393.2846198710288,1404.40771484375,610719
2020-03-18,1431.231241360054,1431.231241360054,1214.2334027950703,1262.6136474609375,1731130
2020-03-19,1176.3854708785007,1228.7031997504184,1035.87084499076,1161.620361328125,2412020
2020-03-20,1171.6114715959807,1378.4706855087645,1131.9917599961166,1341.6070556640625,2002316
2020-03-23,1207.4904000466893,1279.0027588426071,1131.007193999027,1140.506103515625,816579
2020-03-24,1230.4257191588722,1245.1908277887787,1106.5464817857091,1137.897705078125,1641749
2020-03-25,1161.5219793591605,1203.0611071676487,1055.2624531245156,1165.2132568359375,2323541
2020-03-26,1171.3653652827545,1315.3744494310247,1114.273607983259,1196.810546875,2809679
2020-03-27,1239.2846660859175,1239.2846660859175,1112.6000941928983,1148.725341796875,2480908
2020-03-30,1121.1637525030944,1148.725284610282,1063.2353420881295,1081.0518798828125,1207547
2020-03-31,1104.4300805757264,1137.0117282614942,1030.6538055205565,1121.213134765625,1882578
2020-04-01,1118.2107483986015,1121.1637697412034,1063.1369484225736,1071.799072265625,1017298
2020-04-03,1077.065282306748,1220.0407339940796,1071.0116846101514,1170.9222412109375,2397409
2020-04-07,1216.6447443597929,1258.6268867952183,1193.5127447704278,1206.7520751953125,1473088
2020-04-08,1206.7031396328596,1317.441454752465,1192.036440976377,1244.1572265625,2070258
2020-04-09,1246.1751349678875,1279.642713632112,1236.9715748669776,1259.8082275390625,1156777
2020-04-13,1279.642500199173,1279.642500199173,1210.541853251913,1259.3651123046875,1027810
2020-04-15,1274.7210555961594,1392.7926605201133,1271.3742735806022,1339.24462890625,2274130
2020-04-16,1349.2846104658113,1417.4501835278265,1313.1593656574526,1401.1593017578125,1281806
2020-04-17,1427.2937443871951,1448.9492356813457,1338.703098183852,1352.582275390625,1718038
2020-04-20,1363.3117867453147,1442.0590379652608,1351.4996990623229,1428.22900390625,1859711
2020-04-21,1393.8261570253421,1410.6092107225172,1309.2712834960796,1329.99169921875,1669510
2020-04-22,1330.0901579037334,1346.9223571468413,1290.8642113212657,1327.1864013671875,1272533
2020-04-23,1350.515114210111,1394.7120249969876,1340.4748895586372,1362.37646484375,1301177
2020-04-24,1338.7032298754136,1355.9291905539576,1320.099168310833,1338.2110595703125,755944
2020-04-27,1348.6451564966324,1401.0612982841928,1348.6451564966324,1396.6810302734375,1179779
2020-04-28,1407.4101858430627,1435.3653617211876,1394.8598436576594,1404.112548828125,1214114
2020-04-29,1397.7635516173339,1406.4257963387465,1353.4682277984746,1395.74560546875,1010961
2020-04-30,1419.3205750312457,1419.3205750312457,1365.5263432790414,1372.51513671875,731401
2020-05-04,1372.8107120340067,1404.8017831701864,1334.273751541285,1350.269287109375,1532116
2020-05-05,1377.0925699886561,1379.8487718734427,1313.5533329381803,1326.4974365234375,652241
2020-05-06,1328.8596795798032,1337.7187441103351,1241.99163015542,1285.3026123046875,1621448
2020-05-07,1273.687274889417,1314.094498351669,1245.682837201526,1251.244384765625,935845
2020-05-08,1260.2513091162625,1306.7121370362688,1256.2154165584805,1294.2110595703125,1250585
2020-05-11,1299.3294837161268,1320.7388899819039,1262.3183042723274,1283.77685546875,717988
2020-05-12,1275.8037611237437,1299.3295242691568,1260.8909777793574,1280.7254638671875,663107
2020-05-13,1313.1102841632935,1313.1102841632935,1238.3004029066142,1264.4346923828125,1508002
2020-05-14,1269.1103801496358,1289.4861824500354,1245.9783761133185,1274.1304931640625,907116
2020-05-15,1278.6584787479853,1355.5354579419575,1269.947088201664,1334.076904296875,1984090
2020-05-18,1333.7815371997947,1343.5265333483583,1236.3318160316915,1246.2244873046875,860662
2020-05-19,1269.7993850932532,1281.6114723964463,1247.1595510954667,1254.2960205078125,960164
2020-05-20,1254.9360585129145,1278.6093816872904,1250.2111748030684,1268.2738037109375,531853
2020-05-21,1271.767956768252,1289.4860861969116,1252.2779663332237,1260.251220703125,608962
2020-05-22,1250.1122846603394,1275.7051345825196,1233.0340030709397,1259.9556884765625,775343
2020-05-26,1269.7993115114314,1317.8351784910262,1265.9603593285985,1301.0521240234375,1145344
2020-05-27,1301.494941094272,1338.2108892451909,1297.3607591211194,1316.65380859375,1386447
2020-05-28,1319.0161829777358,1332.796949068548,1296.3763529714015,1316.1124267578125,523206
2020-05-29,1302.2823744298153,1346.1839330885957,1294.3583859928035,1335.70068359375,870048
2020-06-01,1350.5151091450598,1376.1079610676338,1336.2914375823589,1351.7947998046875,868868
2020-06-02,1357.4055192485139,1373.0072917940581,1329.3518156237258,1339.3428955078125,608623
2020-06-03,1348.5464716363335,1384.967069775417,1319.0655220169815,1328.662841796875,738592
2020-06-04,1333.781810311011,1346.332155758587,1315.0793347420745,1342.886962890625,762916
2020-06-05,1348.152910083783,1359.177597294475,1330.533188680046,1337.7681884765625,548928
2020-06-08,1347.1684968900986,1385.9515398640701,1330.8777323484596,1342.6898193359375,746452
2020-06-09,1348.497349921393,1370.20210810247,1331.517474659347,1343.1820068359375,517243
2020-06-10,1343.6249474921626,1356.8151358436194,1311.1417070033413,1334.42138671875,710311
2020-06-11,1337.7188941519848,1369.2177937935328,1318.0320818760174,1326.4482421875,677212
2020-06-12,1284.5645213710454,1387.920287458371,1281.8083195452095,1381.6204833984375,1340007
2020-06-15,1372.9579712465047,1406.6223632266438,1349.5306228017696,1388.60888671875,1375760
2020-06-16,1417.4505725277727,1417.4505725277727,1334.076965387739,1351.253662109375,1021337
2020-06-17,1353.4681879262723,1364.9357787866345,1325.562158774234,1331.1728515625,481888
2020-06-18,1333.7322861570392,1347.070149733066,1315.2758993777225,1326.3497314453125,591592
2020-06-19,1335.7500568628418,1362.3272503302676,1329.0073484778566,1349.2354736328125,894818
2020-06-22,1358.3899622117187,1386.6897530911294,1350.1707426315372,1376.4034423828125,758430
2020-06-23,1385.9516692583227,1399.7324386969708,1372.564660121105,1393.9248046875,630401
2020-06-24,1401.7011693259917,1417.4506206667331,1379.0613330236758,1389.6922607421875,681132
2020-06-25,1389.6919985730128,1421.3877153532608,1383.4906052139945,1414.989501953125,872300
2020-06-26,1430.2470694639555,1456.8242689653505,1354.7481841290603,1366.41259765625,3862478
2020-06-29,1359.3743789621096,1383.5399889398227,1337.964970748912,1343.6741943359375,911358
2020-06-30,1355.4370299940197,1362.770319529246,1322.9537896237928,1328.712158203125,759369
2020-07-01,1328.8598208439091,1332.3542780659307,1290.4705371306407,1298.985107421875,1066663
2020-07-02,1309.172685743876,1346.4792096174974,1305.4814093742973,1341.2130126953125,1095777
2020-07-03,1350.5152110149565,1379.0610864664388,1344.609167818098,1358.193115234375,1034372
2020-07-06,1363.1147629009236,1390.7254416369765,1359.9648012277698,1387.9693603515625,684284
2020-07-07,1385.9514378192707,1403.6695669959377,1373.155011191678,1397.0252685546875,750569
2020-07-08,1404.6542349689566,1408.5915979261226,1365.4774254816427,1372.0233154296875,931697
2020-07-09,1382.9985007261619,1395.7949281350159,1368.577887345201,1382.01416015625,534658
2020-07-10,1378.076816954148,1416.662919765359,1374.8777100576472,1380.4884033203125,722285
2020-07-13,1392.7926818814271,1420.305073706684,1384.5243169804608,1409.0343017578125,769099
2020-07-14,1403.620103571244,1432.2152394042882,1396.3852258781658,1419.1727294921875,846728
2020-07-15,1427.3922696971197,1446.8329964064123,1417.548863768364,1442.3050537109375,821199
2020-07-16,1446.9311218384814,1468.5866106223473,1405.1951850365685,1414.1033935546875,1040680
2020-07-17,1414.2019838063607,1483.401170757906,1414.2019838063607,1475.7232666015625,1195304
2020-07-20,1484.1887186297454,1493.8844489454389,1442.304980466366,1461.8441162109375,1032717
2020-07-21,1477.3966513073246,1496.1975304543098,1471.5890184402588,1476.609130859375,731642
2020-07-22,1476.5109739655588,1483.4506236067052,1445.2581583499546,1457.9561767578125,477423
2020-07-23,1461.7456648020911,1510.9626905530033,1455.2490414347214,1507.3206787109375,1015614
2020-07-24,1512.8820521286898,1525.0878981080525,1472.6226226381611,1488.3720703125,1481040
2020-07-27,1495.212985041035,1507.6649144452433,1468.6850607892843,1484.729736328125,442729
2020-07-28,1494.622820739641,1584.0994070874817,1487.3386761232996,1574.157470703125,1886396
2020-07-29,1574.1573124868073,1623.5712787163934,1556.242363075312,1615.59814453125,1522653
2020-07-30,1611.8574788666463,1700.9402891490472,1605.6069410719508,1689.27587890625,2000500
2020-07-31,1690.1620386435488,1690.1620386435488,1617.7637410199484,1648.376708984375,885944
2020-08-03,1643.848731592241,1676.4796451163777,1542.5600641587876,1549.696533203125,2067390
2020-08-04,1545.4145896003279,1640.9448834731998,1543.4951736831154,1628.0499267578125,2098343
2020-08-05,1640.797172949885,1688.1439260871086,1632.0365186311521,1650.000732421875,1857434
2020-08-06,1662.0590807138199,1712.7526209310315,1628.296150525065,1666.9315185546875,1406163
2020-08-07,1673.920197680166,1725.548806138025,1673.920197680166,1715.9022216796875,1570379
2020-08-10,1731.4056418599262,1769.8441857257571,1726.533204540032,1757.1954345703125,1082244
2020-08-11,1761.9695953408361,1769.79505469798,1711.276056703935,1723.334228515625,697840
2020-08-12,1723.334435756261,1726.1890477438592,1676.4305785879728,1680.26953125,804252
2020-08-13,1697.9874054089512,1750.0590432065767,1684.698808323142,1698.0858154296875,1005174
2020-08-14,1707.8308090501694,1722.5959169093928,1661.0746341626289,1680.61376953125,765898
2020-08-17,1688.1440689649987,1700.2022408861772,1659.5981925801677,1677.7100830078125,479355
2020-08-18,1677.7100774710937,1689.9159244684922,1652.5109831221562,1670.5736083984375,639935
2020-08-19,1683.222282432307,1691.343091689656,1655.6607479831232,1658.61376953125,606462
2020-08-20,1652.7075945154584,1677.316105452258,1645.8172114531544,1666.6851806640625,455458
2020-08-21,1688.1439701995623,1721.611547451332,1639.5667901908766,1651.231201171875,1091774
2020-08-24,1668.9494642062602,1673.3789968449676,1649.1642424517872,1664.0770263671875,525574
2020-08-25,1664.5197863994988,1689.6204691630633,1632.6763952390413,1638.385498046875,682054
2020-08-26,1638.3856525101037,1638.3856525101037,1609.5936901551047,1625.3431396484375,748724
2020-08-27,1630.067908380682,1653.6428158761878,1612.5465989831362,1624.161865234375,476278
2020-08-28,1627.902524960893,1649.6564280904852,1621.7503962387934,1635.9248046875,548801
2020-08-31,1643.8486810611375,1650.6897996643268,1596.6003357372247,1608.953857421875,626908
2020-09-01,1609.396719790894,1668.4571498749635,1600.636065296673,1644.685302734375,1106516
2020-09-02,1661.2714480356594,1681.6473689009856,1643.8486688899682,1672.050048828125,1098000
2020-09-03,1676.479639337995,1690.1127319853326,1662.059026183596,1672.3453369140625,588865
2020-09-04,1658.6138053908185,1663.2894229431072,1617.2715028232135,1624.0634765625,456702
2020-09-07,1628.0993238226183,1641.7816819542102,1595.0255042749027,1623.4237060546875,443358
2020-09-08,1633.956210163849,1659.4999220681416,1605.3119213461703,1625.7862548828125,710352
2020-09-09,1610.3811344617698,1661.7145180058571,1575.7323952801298,1581.2938232421875,1000765
2020-09-10,1574.9446685152604,1589.709774782591,1560.228827332318,1583.705322265625,936677
2020-09-11,1588.7256818571168,1622.8331066796677,1570.072476097082,1586.5601806640625,867578
2020-09-14,1612.2515124972097,1627.31185176621,1565.24924827215,1598.2738037109375,1094575
2020-09-15,1575.9785906985805,1671.951800721328,1575.9785906985805,1646.6541748046875,2802668
2020-09-16,1666.4392658730178,1711.1776154238466,1651.7726879826844,1662.4527587890625,2077987
2020-09-17,1671.4250932287898,1761.8856461287994,1659.7416562439885,1752.124755859375,2006191
2020-09-18,1752.124507619535,1845.6414560492037,1749.1174447124265,1802.7528076171875,3235148
2020-09-21,1798.414731656178,1873.2972773099116,1785.498743618311,1805.809326171875,2220744
2020-09-22,1817.0490697778978,1817.0490697778978,1738.2227379432925,1764.0052490234375,1384803
2020-09-23,1766.8152306247798,1809.0629926209488,1735.4128746201695,1792.252685546875,1421474
2020-09-24,1798.3653512731219,1946.2572387133457,1769.9700607427085,1920.277587890625,5742817
2020-09-25,1939.503590614271,2018.231350285533,1893.6077587128325,1999.1533203125,3665739
2020-09-28,2006.4002346708385,2067.528890469164,1971.0047470005368,2030.9501953125,2422864
2020-09-29,2030.9502907268698,2085.2266720912257,2026.1685965307906,2055.894775390625,2160713
2020-09-30,2074.430359202279,2137.5309024479757,2056.7820222970363,2117.861328125,2025626
2020-10-01,2120.76980661282,2128.608029025353,2047.3168309769972,2060.380615234375,1224430
2020-10-05,2065.556570599947,2126.6852137394203,2039.0347233280474,2096.8603515625,1594662
2020-10-06,2112.389322459823,2125.5517979524056,2074.233260086341,2095.924072265625,903168
2020-10-07,2089.909665904297,2157.6441072443927,2067.5287400834377,2142.559326171875,1470503
2020-10-08,2159.2217270128453,2225.181417732326,2157.1020394093835,2217.04736328125,1899346
2020-10-09,2213.3497628778287,2281.4787180275075,2204.9201183498153,2245.097412109375,2181213
2020-10-12,2199.6453044013288,2300.2117862699683,2199.6453044013288,2241.69580078125,2053057
2020-10-13,2250.174968408292,2260.2809136054375,2214.631571548639,2222.765625,939023
2020-10-14,2233.167679471638,2241.9918479881417,2179.13779078447,2196.391845703125,1405987
2020-10-15,2212.463018837955,2257.8165388319594,2144.4327388469487,2151.926025390625,2782519
2020-10-16,2178.9403476514713,2187.8138603794637,2144.4322425981672,2179.482666015625,1036072
2020-10-19,2193.0394779713006,2209.504726092574,2155.3270479074718,2181.010986328125,760641
2020-10-20,2183.673145870096,2193.729746453519,2145.517085612999,2181.158935546875,869774
2020-10-21,2193.729941737904,2200.0892455619446,2105.684912114122,2119.291015625,1473524
2020-10-22,2119.2911128721485,2140.242467209684,2063.1415313894513,2072.162841796875,1391948
2020-10-23,2068.7115421489634,2077.437259238226,2023.7525556446558,2045.837646484375,1124706
2020-10-26,2049.781617744763,2081.331887955361,1995.7025067828565,2023.4569091796875,1236009
2020-10-27,2050.2254745309797,2116.82617864275,2006.0058180653064,2088.87451171875,1429726
2020-10-28,2078.22619663963,2102.08603968004,2036.9642637451357,2050.077392578125,958986
2020-10-29,2048.6966945227737,2070.486193124665,2032.0343066809214,2056.53515625,606805
2020-10-30,2058.605788655894,2114.607566499222,2048.7463292014154,2089.6630859375,1071769
2020-11-02,2108.0512737110066,2118.551502500692,2035.9785236365,2040.2181396484375,637352
2020-11-03,2055.696989739931,2129.4457836048596,2050.6685698841356,2081.6767578125,1528660
2020-11-04,2083.3039290669153,2117.8120395815117,2058.6552786993466,2074.0361328125,725363
2020-11-05,2102.085939152761,2109.4805331738116,2074.923082306879,2092.768798828125,466474
2020-11-06,2098.0928916555845,2137.97435548149,2033.562780136357,2056.58447265625,1290149
2020-11-09,2070.289671415235,2079.853300454853,2000.632555295394,2055.10595703125,1534921
2020-11-10,2060.6270262131798,2060.6270262131798,1958.0886478752989,2004.822509765625,2804380
2020-11-11,2034.006307165113,2177.707916117762,2021.1890109978099,2164.496337890625,3735087
2020-11-12,2124.7129917473767,2174.207417937617,2064.5703038139245,2080.7890625,2435538
2020-11-13,2091.2406278567983,2281.478843714338,2081.824796241497,2233.956298828125,4605948
2020-11-14,2243.0269778795005,2290.845355210118,2238.1465936958953,2252.541259765625,325596
2020-11-17,2251.9004302867893,2308.691010276575,2234.2027495654356,2274.92236328125,1832334
2020-11-18,2258.9499432382613,2295.8738112439705,2250.224466098447,2256.534423828125,1036844
2020-11-19,2256.5341340828763,2381.0591384073055,2244.9986162126024,2266.73876953125,2584654
2020-11-20,2302.1839492924014,2364.9393169796863,2292.028657177182,2316.578857421875,2144949
2020-11-23,2340.6356735653894,2369.0803103640683,2295.7751330652945,2341.966796875,1693126
2020-11-24,2349.163995785623,2389.341292808613,2264.5700267685856,2280.838134765625,2018323
2020-11-25,2302.676720181188,2321.9026658217504,2204.9202774771884,2209.997802734375,1501778
2020-11-26,2224.7381232778976,2285.423156440911,2212.4631419557395,2271.965087890625,1207176
2020-11-27,2282.415473624881,2341.6215746327493,2265.70373831834,2314.90234375,8998610
2020-12-01,2350.4952753882462,2473.5907303684376,2316.0365106631866,2428.385009765625,2001392
2020-12-02,2439.920598801641,2450.125236523129,2342.0654550633512,2377.658203125,1611325
2020-12-03,2465.850697566562,2465.900043003485,2338.5649855067554,2356.31201171875,1745381
2020-12-04,2366.2701760852983,2410.637741886898,2366.2701760852983,2400.43310546875,1219317
2020-12-07,2400.4330443741223,2433.8567541863135,2384.0664871650893,2398.510498046875,778998
2020-12-08,2431.342983984426,2469.7948803248128,2381.799194468929,2416.011474609375,1412683
2020-12-09,2469.9423934509055,2484.5837870512414,2398.8064896411393,2408.3701171875,1650915
2020-12-10,2420.44842677626,2420.44842677626,2336.6923503761964,2359.41845703125,1121002
2020-12-11,2369.819671150712,2379.087466364582,2312.0431448922272,2326.733642578125,1654915
2020-12-14,2342.4104635031113,2356.7560253850097,2314.0151716696605,2323.677490234375,800654
2020-12-15,2327.818388168053,2358.9743764747554,2302.1837934656514,2322.099853515625,1060707
2020-12-16,2335.705957196877,2377.3621736137484,2326.83244364062,2356.114990234375,948217
2020-12-17,2361.3403015707854,2388.9467852634707,2346.797600339817,2370.706787109375,1184865
2020-12-18,2371.1994582128177,2393.876209788242,2333.8813164016738,2354.19189453125,1065060
2020-12-21,2351.480862487708,2399.792209348042,2272.3093622461292,2302.627197265625,1241568
2020-12-22,2307.1136676370725,2390.919078640983,2219.364472585919,2374.503173828125,1249868
2020-12-23,2356.410735646908,2426.314204700937,2356.410735646908,2399.59521484375,1093766
2020-12-24,2400.7786750774217,2418.3779086713334,2371.4961250058495,2379.13720703125,543157
2020-12-28,2391.412200081251,2395.3066389277346,2342.1148964308436,2355.22802734375,784636
2020-12-29,2369.2279071482812,2381.6509212972537,2337.67763955413,2343.100341796875,585199
2020-12-30,2349.361360774967,2370.214020956757,2318.1560275958486,2362.671630859375,569168
2020-12-31,2356.5094564578776,2393.8767108082106,2351.4810359462863,2378.890380859375,855723
2021-01-01,2371.6926871855926,2395.8483599505257,2361.340256000621,2380.911376953125,423934
2021-01-04,2384.1160991710162,2394.8628141983695,2364.544974949049,2375.390380859375,527018
2021-01-05,2371.2001178747482,2480.492327699666,2352.270002913443,2474.18212890625,1720467
2021-01-06,2486.5552508262913,2503.168533460742,2446.131473949258,2466.984130859375,1108589
2021-01-07,2466.984722958915,2527.9655802163325,2464.8650353123367,2473.294921875,1014690
2021-01-08,2498.288399792754,2542.7546593714815,2480.3442312613006,2517.613037109375,862326
2021-01-11,2528.704729242783,2555.4239592286685,2489.0204070468485,2514.704345703125,422296
2021-01-12,2523.035555739615,2548.670149115633,2472.9494559245827,2481.872314453125,500012
2021-01-13,2492.47138876057,2502.0843618778226,2403.4897658034333,2444.357177734375,662618
2021-01-14,2447.0189777176565,2493.358433972166,2440.2160474449206,2476.696044921875,603193
2021-01-15,2484.5839461923447,2576.9670392243474,2474.823176973236,2555.917236328125,1941813
2021-01-18,2562.9668596119127,2593.8763658010125,2511.254035360411,2572.579833984375,1572820
2021-01-19,2581.699527121158,2621.6303389784835,2543.740607207404,2608.320068359375,1202289
2021-01-20,2608.0733963593507,2645.14505854545,2606.1015045560357,2638.194091796875,1064146
2021-01-21,2637.4052674799177,2647.264726423768,2538.2190142210065,2548.719482421875,994932
2021-01-22,2553.6491412438695,2614.728439569296,2531.0217317356387,2561.388671875,1194708
2021-01-25,2574.156709179346,2669.941248145707,2574.156709179346,2649.1376953125,1764152
2021-01-27,2660.0819277533747,2711.00593509023,2550.88842386209,2563.853515625,1665899
2021-01-28,2557.543424802283,2661.5607074995232,2544.2825018325293,2585.544189453125,1410605
2021-01-29,2585.7422827543314,2638.8846801221634,2515.1484472227307,2525.25439453125,921579
2021-02-01,2553.600108563978,2638.933781955375,2492.570148199075,2626.067138671875,879244
2021-02-02,2641.8421744495226,2706.421634209345,2640.363255523725,2667.131591796875,607131
2021-02-03,2676.7443564152436,2768.6838091443256,2665.997642674924,2682.462890625,1286454
2021-02-04,2691.632318744806,2709.2806541480345,2648.2506989555127,2693.259033203125,455213
2021-02-05,2701.491800259349,2743.8874744969958,2649.877435456015,2700.111572265625,941316
2021-02-08,2702.47758001714,2740.9294682406603,2686.7024463869784,2691.878662109375,564043
2021-02-09,2707.9008261551253,2796.7346615383462,2699.6189756194385,2750.099365234375,1052950
2021-02-10,2774.3041062525867,2788.2551451540676,2707.062399929888,2717.760009765625,745906
2021-02-11,2721.2108205888353,2740.436766603865,2691.632442104174,2717.760009765625,581642
2021-02-12,2729.0980085851215,2750.788816456824,2687.786975331422,2709.477783203125,693562
2021-02-15,2737.9720047756186,3083.0531000840333,2721.65455055557,3047.2138671875,4446974
2021-02-16,3045.586697878654,3207.824133892322,3004.1769726242337,3157.738037109375,4381584
2021-02-17,3132.3500512431174,3237.846260082593,3132.3500512431174,3189.534912109375,2081001
2021-02-18,3180.168477109444,3192.2956597323273,3050.5165922110123,3063.08740234375,1477343
2021-02-19,3046.67169038635,3065.552459131873,2855.299484327701,2878.912841796875,2037556
2021-02-22,2877.4335904321565,2926.18856410921,2826.6080342060154,2888.377685546875,1246303
2021-02-23,2903.8079827261836,3009.6000319926666,2896.2162470035896,2954.633544921875,1465930
2021-02-24,2972.6270239060173,3076.15134812165,2957.8871801714927,3016.6494140625,1088420
2021-02-25,3057.4183346930267,3095.8208805970216,3014.9239687461454,3047.904052734375,819639
2021-02-26,3026.8541573709936,3129.343193808486,2978.1976269939623,3015.66357421875,2103433
2021-03-01,2996.339230064957,3054.4606984411735,2965.2819311621497,3037.847412109375,678218
2021-03-02,3061.8548107042293,3107.701292332871,3024.290177860214,3043.91064453125,944553
2021-03-03,3071.320671819962,3075.6587382058597,3006.5438230253726,3014.037109375,536623
2021-03-04,3015.022635312616,3037.995223481578,2974.5988524323616,2999.34619140625,687383
2021-03-05,2957.8377322451815,2975.3382721609655,2829.6647638478903,2839.03125,1486110
2021-03-08,2860.2294354582523,2894.589750916715,2806.741863285343,2826.31298828125,952087
2021-03-09,2830.157478987801,2885.8140724375753,2786.9730038890552,2845.538330078125,883183
2021-03-10,2869.1023845428667,2883.8422266583398,2840.2634688219464,2863.285400390625,432551
2021-03-12,2889.906210360164,2988.4021124374854,2886.3567087300357,2934.520263671875,1512021
2021-03-15,2955.8658236865767,2982.486363126049,2874.032313557829,2954.485595703125,918701
2021-03-16,2959.8097016277047,3036.713484681323,2948.767155279846,3030.058349609375,1081398
2021-03-17,3036.7138999865606,3038.9816240927344,2928.259832129898,2955.274658203125,740599
2021-03-18,2983.472373045759,3021.9242641722576,2880.9339967084293,2917.1181640625,789785
2021-03-19,2912.4841877644835,2940.928823255103,2846.672298958363,2893.35693359375,2288304
2021-03-22,2872.0608501851793,2902.8716643177872,2834.594900199928,2864.27197265625,488626
2021-03-23,2876.8913034044413,2926.0901458130506,2856.1373358008273,2905.3359375,630061
2021-03-24,2916.2803034086155,2935.013276323189,2863.236363540194,2878.56787109375,627981
2021-03-25,2885.864134119654,2950.9365744516995,2748.324657963285,2769.86767578125,1001626
2021-03-26,2800.086793761568,2864.173287280759,2779.3819266245987,2811.622314453125,918204
2021-03-30,2861.7081942573545,2929.1468027064543,2834.5946799276126,2884.483642578125,1420415
2021-03-31,2860.2289984720655,2886.800191801677,2841.545372184087,2861.855712890625,665173
2021-04-01,2845.785217376369,2872.9971814413993,2803.4386458350336,2853.376953125,842489
2021-04-05,2880.934103188153,2972.6270777249424,2845.4400485287506,2878.46923828125,1241115
2021-04-06,2897.6954401089765,2972.6273398872286,2886.0612285804564,2941.619384765625,1015604
2021-04-07,2956.8516828782144,3071.2214045233873,2956.6051964091516,3054.26318359375,1240450
2021-04-08,3090.743207164392,3100.01100219579,3045.981119578198,3070.8271484375,800699
2021-04-09,3103.26498236145,3119.680886699209,3062.249533173378,3088.130615234375,934037
2021-04-12,3075.16531718659,3075.16531718659,2937.182234151737,2962.52099609375,961549
2021-04-13,2989.73330587934,3018.8678162133324,2909.526506345404,2938.8583984375,544916
2021-04-15,2994.3178480131432,2996.240394472379,2861.510976784811,2951.42919921875,692875
2021-04-16,2957.591280997325,3029.8118198199118,2951.9220919429927,3017.98046875,622872
2021-04-19,2995.303785053558,3197.5704996663303,2963.4083374049014,3113.025634765625,3552506
2021-04-20,3164.88665957911,3262.4953135661294,3137.0336850828144,3223.6982421875,2575420
2021-04-22,3223.057745407662,3287.2429316963653,3172.035035611135,3183.570556640625,1307224
2021-04-23,3212.211687668154,3252.635468881903,3126.434395824345,3155.076171875,1030125
2021-04-26,3184.9505849188035,3207.28216432576,3107.7016237180433,3130.033203125,557667
2021-04-27,3155.0272938205085,3159.957023967103,3113.4204195251464,3146.203125,505348
2021-04-28,3164.8862717152947,3203.338160997817,3137.8714509134024,3154.287353515625,575824
2021-04-29,3154.287708869551,3214.183927768926,3154.287708869551,3193.38037109375,589707
2021-04-30,3210.239846804144,3263.4809253445073,3138.068655146874,3152.56201171875,906562
2021-05-03,3163.7036027449208,3176.5209008656634,3095.870469164018,3159.266845703125,728281
2021-05-04,3187.710777315653,3197.668926836475,3121.898890823297,3136.540283203125,581864
2021-05-05,3154.830058035271,3309.820721048836,3131.512290716288,3286.059326171875,1679977
2021-05-06,3310.6589458610974,3338.314539207312,3254.31198628484,3300.109130859375,1124908
2021-05-07,3300.1087355363443,3349.2582351233023,3255.5933742646876,3264.319091796875,774478
2021-05-10,3268.410600214854,3295.622802853362,3215.7611863775237,3276.98828125,627199
2021-05-11,3268.410711720661,3268.410711720661,3199.6409840758597,3212.408935546875,670759
2021-05-12,3228.8743345498983,3228.8743345498983,3140.829552714144,3151.82275390625,703372
2021-05-14,3155.0270412786117,3166.6119061958066,3051.847893853081,3096.806884765625,842794
2021-05-17,3102.771480323847,3145.117804943293,3071.3199051038587,3108.04638671875,847722
2021-05-18,3129.392226673631,3143.6390965139203,3095.8700667155645,3119.039794921875,639445
2021-05-19,3135.5047652391113,3190.6192795370994,3117.264768054171,3184.30908203125,711069
2021-05-20,3200.2817818161225,3226.754526187332,3168.8302030910045,3174.696533203125,752076
2021-05-21,3200.775077754966,3213.592376073874,3179.6759291137855,3202.106201171875,471439
2021-05-24,3202.3520796534312,3238.8320756347052,3194.6123085466043,3215.26806640625,611909
2021-05-25,3220.345732557715,3221.0851919681763,3126.089210087174,3154.681640625,622276
2021-05-26,3159.9568133529797,3174.7460028070495,3133.434963215799,3138.857666015625,260821
2021-05-27,3141.7171779297487,3178.2958737118015,3109.2796482433937,3154.04150390625,1084157
2021-05-28,3154.0404896595574,3161.928055748109,3095.8696897564896,3105.08837890625,555829
2021-05-31,3100.800333995932,3141.5199540914164,3081.0814129530327,3124.216552734375,635444
2021-06-01,3145.1674241144888,3203.3382322720922,3116.4271973848086,3194.267578125,706976
2021-06-02,3198.7042668687923,3254.607350127149,3174.7457338410845,3227.592529296875,843219
2021-06-03,3225.029171799774,3386.7243060630462,3221.1347334761786,3377.505615234375,1098294
2021-06-04,3377.2102152797306,3380.463644500492,3327.567738073862,3332.645263671875,380548
2021-06-07,3332.6452401023403,3332.6452401023403,3261.5093332441793,3268.706787109375,526855
2021-06-08,3252.6358029973753,3265.946073788665,3209.8458435521284,3243.219970703125,766456
2021-06-09,3243.7620329302945,3284.7774789313694,3205.3101425703303,3259.4384765625,587528
2021-06-10,3275.755637026892,3297.9887633793023,3250.7127095169913,3278.9599609375,749909
2021-06-11,3295.376493551732,3298.9750999322505,3255.297646851029,3289.657958984375,277612
2021-06-14,3297.989339926146,3312.7785297912856,3238.832580465587,3303.1162109375,317756
2021-06-15,3307.8486435476607,3309.771189997399,3248.691886882129,3251.945556640625,461588
2021-06-16,3263.480579584605,3278.2697665011515,3231.930314162639,3247.902587890625,419575
2021-06-17,3211.225813044911,3236.8110611414354,3179.8726851195306,3195.056396484375,356502
2021-06-18,3189.535123738335,3207.282150701949,3118.103388351682,3176.224853515625,520516
2021-06-21,3150.0972449507076,3206.2961629357437,3136.294001936839,3192.492919921875,200280
2021-06-22,3192.4928761844644,3256.5300152903137,3184.703999731415,3212.408935546875,567861
2021-06-23,3228.9234378653578,3228.9234378653578,3166.858192355693,3199.197265625,504942
2021-06-24,3184.506809269899,3235.529513490588,3097.5957678328405,3158.2314453125,1754163
2021-06-25,3207.528747771569,3416.302808277411,3176.964422502709,3390.668212890625,3717669
2021-06-28,3399.3939574772767,3440.9514844222563,3354.385378878565,3405.605224609375,1213113
2021-06-29,3371.9349026299597,3554.285544617139,3371.9349026299597,3540.679443359375,2268589
2021-06-30,3566.1665202436707,3608.414400711155,3532.2500756658624,3568.9765625,1291906
2021-07-01,3568.9761593785074,3644.992439518672,3544.4753088734524,3626.75244140625,876022
2021-07-02,3648.9857447299546,3692.268673086448,3615.463584416305,3680.733154296875,573795
2021-07-05,3707.1569887016753,3710.065481282299,3650.6622343223853,3665.845947265625,444545
2021-07-06,3665.6482831955595,3698.0367033357925,3644.056163575042,3654.162109375,344090
2021-07-07,3662.7891955226255,3704.9877302239706,3645.633832317286,3663.380859375,466002
2021-07-08,3647.9999074348316,3667.7188258533984,3605.6042328349135,3619.8017578125,459811
2021-07-09,3621.379444628716,3691.3816065041965,3621.379444628716,3673.535888671875,469932
2021-07-12,3692.367468655025,3735.5519480725065,3677.6769707377484,3694.733642578125,464757
2021-07-13,3715.0444574454295,3716.9670039670227,3668.704996325489,3697.59326171875,246112
2021-07-14,3701.240736190479,3721.9455991260143,3656.7744818880064,3702.029541015625,395272
2021-07-15,3721.7982014466907,3744.622754124989,3697.8396664893066,3709.473876953125,399845
2021-07-16,3709.473687273078,3733.777157647872,3689.803873819573,3725.98828125,226565
2021-07-19,3725.9885734183326,3864.8589211744934,3712.0866387265646,3829.167724609375,1044561
2021-07-20,3835.3301181553998,3853.077146979769,3763.65188876776,3828.379150390625,357815
2021-07-22,3835.3298281422285,3947.727668864134,3835.3298281422285,3929.29052734375,760359
2021-07-23,3929.290193542278,3943.5370634745705,3858.006257735107,3863.8232421875,335985
2021-07-26,3881.6687943590946,4100.351390358691,3874.767173439482,4042.72314453125,1982531
2021-07-27,4062.9845806346434,4130.768364890059,3993.52473640135,4020.93408203125,859687
2021-07-28,4042.3784960369876,4042.3784960369876,3929.487681940345,3971.78466796875,455244
2021-07-29,3983.2216902661717,3997.5672521688,3937.079371058819,3981.9892578125,449417
2021-07-30,3974.3477205070863,4029.018369736104,3951.1779930370003,3978.29150390625,627367
2021-08-02,4002.5949690588163,4035.42701396789,3978.340845602412,3991.256591796875,344295
2021-08-03,4033.1105661508454,4165.621604456152,4006.9336532519574,4035.180908203125,981680
2021-08-04,4053.0263918879564,4070.576518533242,3995.693731558407,4009.25048828125,305863
2021-08-05,4027.3920653442547,4053.9141558291612,3979.2778548346887,4016.497314453125,270458
2021-08-06,4032.3218409792835,4119.331331361292,4015.9550417366495,4030.596435546875,717143
2021-08-09,4051.252044937681,4053.223936904066,3933.9244729377824,3947.431884765625,431991
2021-08-10,3967.4461798464527,4029.363628608211,3943.783478972617,4005.700927734375,364246
2021-08-11,4007.8703875168035,4025.7652106754354,3859.9784912984715,3969.763671875,831738
2021-08-12,3970.404700807092,4084.7253366472337,3919.480684154037,4075.013671875,556973
2021-08-13,4086.696236085014,4087.484800157438,3981.4462812305487,4006.982421875,553736
2021-08-16,4087.731763452569,4313.020405022495,4067.1746948417294,4284.03369140625,3709012
2021-08-17,4283.935259592362,4904.0952776093,4271.364448416343,4851.34716796875,8069431
2021-08-18,4784.7554193162105,4896.235287848733,4697.988373202519,4723.49072265625,2941548
2021-08-20,4655.517406123262,4868.3158832967165,4634.010864446478,4682.6474609375,2331020
2021-08-23,4715.697026695831,4774.544488437487,4656.7016791724345,4679.44140625,699991
2021-08-24,4755.159021878067,4823.181665716343,4686.741855376356,4775.6298828125,1576663
2021-08-25,4799.553284019312,4814.351495583606,4686.100328693059,4707.458984375,469002
2021-08-26,4712.19470214386,4715.696752863137,4583.893918825526,4637.16748046875,800419
2021-08-27,4653.6432788959355,4766.9974895800515,4613.441468527478,4700.99755859375,937887
2021-08-30,4725.759005846088,4763.050300601572,4658.081765630078,4693.5478515625,632354
2021-08-31,4701.983515697773,4978.118028171173,4701.983515697773,4902.6962890625,2883159
2021-09-01,4917.939021939396,5003.571147630344,4878.772895619244,4971.26171875,841956
2021-09-02,4971.262014665676,5053.096322928026,4945.562644833697,4975.65234375,900686
2021-09-03,4986.011290192855,5005.051465117745,4900.181653816366,4947.091796875,567961
2021-09-06,4961.34768312966,4972.199706298168,4905.114472165574,4928.29833984375,439776
2021-09-07,4952.8625874368745,4955.427707079895,4794.620477087058,4811.44091796875,479021
2021-09-08,4834.082517036412,4835.513203527524,4727.634143258891,4746.67431640625,642506
2021-09-09,4750.915989583267,4755.157950256362,4621.97406575748,4656.05908203125,838279
2021-09-13,4671.302211399536,4731.481606308801,4618.374036645633,4682.00634765625,1151299
2021-09-14,4708.790927066264,4708.790927066264,4633.517550144113,4668.78662109375,528943
2021-09-15,4686.100829437754,4754.370112101157,4623.504195146829,4727.5849609375,659281
2021-09-16,4754.172487658787,4824.217361413461,4727.584839372479,4815.091796875,779552
2021-09-17,4809.418490929653,4878.970081413866,4799.010608726626,4842.22119140625,814867
2021-09-20,4798.5661489903905,4885.924721209377,4717.373497501501,4812.4765625,434640
2021-09-21,4792.647320816726,4852.777578179367,4725.709982663293,4825.79541015625,462221
2021-09-22,4858.746694328206,4942.603236260775,4804.387827862325,4838.9169921875,562041
2021-09-23,4865.060423235872,5064.935050394519,4839.015664625071,5015.80517578125,696944
2021-09-24,5086.73739054525,5128.073632254178,4648.167433718793,4668.14501953125,1949974
2021-09-27,4684.915653165452,4706.8171960395475,4404.04592422768,4504.130859375,1885178
2021-09-28,4518.386839247584,4567.615455411283,4317.131180905551,4351.70947265625,1051440
2021-09-29,4360.539759681954,4446.468139524094,4340.808810543122,4363.99267578125,571896
2021-09-30,4385.203303067436,4440.104570912924,4324.6785222157605,4421.31103515625,808446
2021-10-01,4421.311705083333,4459.1950355918425,4375.338491780934,4399.41015625,534563
2021-10-04,4399.90241051323,4503.588632883355,4381.108876263664,4487.06396484375,535335
2021-10-05,4509.508296173565,4515.279694973452,4408.929593141792,4422.10009765625,425555
2021-10-06,4434.531370990045,4448.343037106587,4297.401257404368,4319.84521484375,480575
2021-10-07,4350.673914822082,4407.893662454662,4322.064041005791,4368.7275390625,276775
2021-10-08,4399.015049220044,4399.015049220044,4306.87161436787,4320.337890625,269607
2021-10-11,4341.894608559356,4363.450769315775,4301.347407072172,4318.2666015625,331320
2021-10-12,4290.495293477097,4347.764186049869,4235.544402275894,4292.76416015625,612692
2021-10-13,4326.010433769989,4349.6875718339525,4281.615799900057,4318.611328125,302343
2021-10-14,4344.705823678928,4370.158555136897,4254.337981154217,4270.171875,436160
2021-10-18,4389.149644495295,4389.149644495295,4263.512729266172,4272.14501953125,345049
2021-10-19,4293.454729325485,4328.6250514343465,4169.7909035893545,4243.18994140625,285362
2021-10-20,4243.188893035357,4259.269902374715,4079.372913463857,4090.96484375,510321
2021-10-21,4130.673936160728,4177.929459962011,4020.4272649484133,4079.2255859375,698306
2021-10-22,4099.598044456819,4133.091524016932,3948.5083945573624,3974.207763671875,347114
2021-10-25,3990.9783053736523,4193.713773201968,3901.794526817476,4107.98291015625,1151030
2021-10-26,4107.983361633688,4250.539460518431,4079.9158955004077,4210.53515625,790450
2021-10-27,4221.23926313174,4266.916701548016,4158.445610908611,4219.01953125,623848
2021-10-28,4220.252611969662,4255.965823385957,4168.163097776001,4231.79541015625,537955
2021-10-29,4231.795275584688,4290.494848704466,4105.073063282236,4204.71435546875,705546
2021-11-01,4223.606604948376,4291.480868295239,4200.71851429911,4278.26123046875,239375
2021-11-02,4281.616066535279,4335.876177977547,4213.100151310852,4232.18994140625,389193
2021-11-03,4258.925855969025,4390.087547971003,4242.203681987063,4378.89013671875,667752
2021-11-04,4388.1629095229455,4417.759332024224,4360.3916960851,4378.83984375,69818
2021-11-08,4378.8896168418905,4414.799847752594,4319.104744907454,4346.0869140625,285968
2021-11-09,4394.082399953723,4494.266102130661,4360.539786213619,4471.9208984375,547476
2021-11-10,4461.2662057517955,4522.333395000577,4419.732462827789,4491.6025390625,359967
2021-11-11,4483.95666527418,4664.494838716897,4466.149195751315,4505.80859375,1110123
2021-11-12,4550.844908392319,4624.93472266838,4509.656549887326,4606.68359375,423439
2021-11-15,4736.217431086931,5078.302804575296,4736.217431086931,5012.59912109375,3044498
2021-11-16,5011.660759761912,5134.979183968652,4972.198864015755,5028.2841796875,1118231
2021-11-17,5011.660199623098,5765.776846704192,5006.875348956148,5656.81298828125,6482125
2021-11-18,5656.813707528009,5765.185555017562,5471.539815122757,5513.4189453125,2165157
2021-11-22,5521.705413015932,5564.126948259756,5241.525970940441,5346.59326171875,1204625
2021-11-23,5302.199305184532,5465.472909242219,5278.028892499256,5380.87646484375,763056
2021-11-24,5392.468512048619,5407.7108632611435,5233.733119260406,5324.59423828125,697909
2021-11-25,5327.356049932553,5672.6476457615145,5253.41412836928,5624.35595703125,1575738
2021-11-26,5632.199911660208,5855.554178603693,5551.747152375422,5611.087890625,2613669
2021-11-29,5692.378459529136,5779.194630142405,5475.338032995963,5650.4501953125,1189390
2021-11-30,5677.580174618011,5751.522093469444,5553.867229449304,5611.23486328125,1352746
2021-12-01,5641.76991279676,5687.446873667766,5457.285512905021,5496.056640625,835169
2021-12-02,5550.069011111225,5730.853821365171,5503.800034597482,5517.71044921875,1236317
2021-12-03,5517.710795850465,5578.580484958812,5347.087220367883,5359.3203125,844674
2021-12-06,5393.45432647349,5394.44087381691,5205.072918562541,5228.50341796875,489242
2021-12-07,5228.503970933296,5362.1320154169225,5165.513301764159,5243.154296875,595254
2021-12-08,5241.527239657794,5294.800808440313,5206.998074706162,5261.75146484375,557196
2021-12-09,5297.760276553374,5313.545037153905,5140.899218085592,5162.40576171875,689987
2021-12-10,5194.171502500285,5256.7185045924425,5160.13562085997,5174.736328125,416165
2021-12-13,5215.58003754013,5257.310797516947,5105.382506502196,5136.65625,480443
2021-12-14,5057.042174121918,5179.374056601652,4996.911915008325,5141.88525390625,1007056
2021-12-15,5159.642680289951,5199.005823515996,5100.49897351632,5122.6962890625,377883
2021-12-16,5159.594391742595,5171.482096666236,5073.813892246177,5134.2890625,265216
2021-12-17,5130.046489081788,5130.046489081788,4666.369210260934,4722.306640625,1133941
2021-12-20,4715.696933644314,4759.105022573258,4580.687815258017,4641.65673828125,994682
2021-12-21,4695.965559633296,4804.48577214583,4631.8891141965405,4782.38720703125,1004676
2021-12-22,4834.279167721225,4834.328302400145,4686.099573776989,4711.3056640625,779992
2021-12-23,4738.387165987501,4833.095716463205,4722.15826855949,4811.93408203125,582129
2021-12-24,4814.350993804853,4839.952089827837,4758.857706222573,4777.35546875,348742
2021-12-27,4789.046393191058,4794.6202895720135,4691.0328141800255,4774.9384765625,315490
2021-12-28,4789.490709753239,4828.163565241214,4745.491075709846,4779.03369140625,348173
2021-12-29,4799.553547328969,4924.154302851034,4767.984027593198,4909.65234375,861183
2021-12-30,4932.688238318416,4942.257459794469,4873.544524531007,4903.880859375,617460
2021-12-31,4913.006926846343,4988.773587972876,4886.370142303201,4945.95751953125,504012
2022-01-03,4970.670379066524,4999.822664625288,4911.872052492807,4923.365234375,310798
2022-01-04,4947.535370785801,4961.248283746154,4854.898663276522,4897.8134765625,369814
2022-01-05,4895.24850901542,5069.5220219267385,4855.786610514691,4906.34716796875,966342
2022-01-06,4903.140184007505,4970.225401816863,4839.014608160324,4897.6650390625,585391
2022-01-07,4893.275400303887,4991.042349906516,4891.302305384409,4954.29345703125,549876
2022-01-10,4954.293312836032,5016.593686762746,4896.234900177681,4997.109375,542304
2022-01-11,4982.064614058926,5072.333705580983,4952.763962158521,4990.99267578125,742409
2022-01-12,5006.728724432399,5030.405865198188,4938.311556752056,4946.94384765625,360219
2022-01-13,4957.302378901941,4983.051364695778,4886.517596598056,4916.3115234375,457570
2022-01-14,4930.665974497392,4947.536034186805,4863.679491234487,4907.13671875,207639
2022-01-17,4907.086399163994,4917.642648236444,4834.08189704535,4845.673828125,337077
2022-01-18,4834.082546806051,4843.8492703029915,4444.396300685972,4553.70556640625,3507266
2022-01-19,4552.916053515178,4552.916053515178,4340.808371715445,4455.19873046875,2404880
2022-01-20,4464.126285801389,4661.435734897583,4429.597132209555,4582.314453125,2747887
2022-01-21,4587.396901364537,4670.069392081948,4483.710659131788,4628.53564453125,1008450
2022-01-24,4626.907402576862,4647.427396240135,4402.221227537016,4437.63818359375,737762
2022-01-25,4355.607467154759,4473.993174076293,4192.925871235953,4425.65234375,917284
2022-01-27,4367.445066325937,4367.445066325937,4094.1714536373697,4234.5078125,1244330
2022-01-28,4287.534798787594,4503.58866922811,4276.92941473629,4418.35107421875,932049
2022-01-31,4522.333842681938,4522.333842681938,4299.423237310578,4397.3876953125,934551
2022-02-01,4418.548857330531,4471.280015167718,4384.2171961840895,4451.3515625,548762
2022-02-02,4469.059662753901,4620.001412952874,4459.835348343668,4603.52587890625,676206
2022-02-03,4605.155320621765,4641.4600816547045,4540.881355503502,4580.34326171875,777217
2022-02-04,4577.579441920528,4729.507725122201,4539.8440079434895,4624.8349609375,829635
2022-02-07,4624.342451562262,4660.992593231143,4390.185316403933,4414.94775390625,597040
2022-02-08,4436.997078081494,4468.764098095994,4321.07775475196,4340.3154296875,628869
2022-02-09,4453.965966081585,4525.293154045654,4370.454339052459,4515.67431640625,842211
2022-02-10,4514.49035357645,4560.808949938686,4467.185691457682,4528.89404296875,487802
2022-02-11,4547.984345453396,4551.388127290707,4416.2311087815715,4454.16357421875,572726
2022-02-14,4418.8446015881955,4615.0687851441735,4343.521610473174,4425.9970703125,1094132
2022-02-15,4469.060186837682,4612.109574716592,4441.338105671722,4600.66552734375,791080
2022-02-16,4631.84028032934,4660.450156395273,4493.772771939906,4523.12255859375,584166
2022-02-17,4522.3336306357405,4604.710344893612,4488.791016446906,4503.29345703125,520450
2022-02-18,4443.409161261946,4531.01437122347,4402.516581868593,4411.3955078125,388145
2022-02-21,4410.85357264941,4464.077999341263,4331.584390070614,4367.10009765625,392246
2022-02-22,4268.7907863526025,4543.593383946852,4242.154005388535,4514.490234375,833525
2022-02-23,4533.186178255492,4671.302840922689,4528.746714098333,4548.7734375,755051
2022-02-24,4365.472629753136,4473.992853317621,4292.517250408137,4323.001953125,814710
2022-02-25,4508.522503120882,4683.733452101115,4405.6749164796665,4571.119140625,1187316
2022-02-28,4552.916990557469,4761.078525770389,4509.706400103554,4738.1904296875,1617666
2022-03-02,4762.0642674048595,4837.979282003468,4715.894042083984,4795.853515625,1194676
2022-03-03,4814.351279342995,4902.153997347406,4809.467677061083,4851.642578125,930907
2022-03-04,4814.351376125652,4823.624825466652,4668.539861148527,4683.38720703125,738388
2022-03-07,4557.849064792801,4669.1314207027,4522.185472024444,4601.6025390625,643012
2022-03-08,4597.310573035233,4676.234359696781,4533.579518963518,4658.72314453125,670238
2022-03-09,4714.710041722525,4750.12699716863,4630.853512417981,4647.57568359375,447387
2022-03-10,4740.95211028633,4754.171748625611,4681.16724366643,4705.53515625,363906
2022-03-11,4684.127029773175,4797.579980157319,4671.548550491455,4788.7998046875,436703
2022-03-14,4824.216775453501,4949.064155965526,4798.61567779443,4857.26611328125,626924
2022-03-15,4883.360108082548,4931.750061530364,4636.772412321006,4748.203125,686998
2022-03-16,4827.7680308821145,4890.46291998555,4767.194122160719,4877.14453125,477521
2022-03-17,4880.449847181959,4930.763763132288,4759.992316770124,4774.79052734375,852493
2022-03-21,4809.419212209387,4848.782362342168,4691.082643215704,4703.2666015625,509842
2022-03-22,4733.45503049409,4763.051456278756,4411.692651181006,4614.6748046875,1255679
2022-03-23,4634.306499622679,4652.606761555625,4533.777413993609,4546.2080078125,896055
2022-03-24,4538.069306920646,4621.9749780310085,4497.275471977993,4566.2841796875,719101
2022-03-25,4607.176599701768,4699.912060166857,4560.216844655645,4620.19921875,968364
2022-03-28,4649.400266080901,4656.503599850453,4538.1670497921,4595.9296875,524802
2022-03-29,4622.862900558715,4634.3069480662425,4537.181152605849,4551.68359375,778391
2022-03-30,4614.082190980742,4630.557725249997,4518.041705223645,4552.71875,4839707
2022-03-31,4562.781592075142,4572.3512942613925,4440.301832275793,4455.3466796875,1225845
2022-04-01,4496.683671553524,4496.683671553524,4395.168026385996,4446.27099609375,827880
2022-04-04,4495.696306606747,4521.64230941519,4438.476559891103,4503.53955078125,619577
2022-04-05,4543.051171617685,4543.051171617685,4481.046565799333,4492.98388671875,487075
2022-04-06,4505.561918943418,4546.996909220542,4437.638034968044,4451.05517578125,653418
2022-04-07,4470.047132783224,4522.038383490299,4429.598681570663,4475.47314453125,413722
2022-04-08,4512.46765708422,4566.2344885908,4453.274815058629,4544.18505859375,685882
2022-04-11,4545.024133011831,4623.602541595373,4513.947888125816,4599.43212890625,652187
2022-04-12,4606.190223566814,4619.015340916647,4532.741570366755,4564.064453125,574409
2022-04-13,4566.727433697719,4699.911318672701,4566.727433697719,4680.62451171875,812061
2022-04-18,4660.943032764213,4680.624845409801,4457.221001593548,4493.22998046875,579482
2022-04-19,4532.198708723794,4804.485788307548,4521.741210049436,4751.5576171875,1713344
2022-04-20,4741.34709856194,4784.755186855058,4667.750561613355,4716.63427734375,777140
2022-04-21,4774.889974924517,4837.683627942306,4705.930399934977,4819.53125,771623
2022-04-22,4784.705702228213,4794.6203108031705,4723.588898791271,4748.943359375,381911
2022-04-25,4701.49063287186,4701.49063287186,4546.356046068679,4613.14501953125,421185
2022-04-26,4669.32876845264,4677.221147524608,4539.104513765181,4561.84423828125,548203
2022-04-27,4557.848719022191,4596.274930669539,4439.463038008628,4462.1044921875,476441
2022-04-28,4518.38609000231,4541.076675170444,4444.444186084635,4476.80322265625,552600
2022-04-29,4483.858164458922,4534.172084456151,4371.391755053352,4394.427734375,465103
2022-05-02,4380.269873577153,4380.269873577153,4232.2877832536005,4246.83935546875,568610
2022-05-04,4244.620517156182,4267.163223334158,3942.29309118857,3959.31103515625,1729814
2022-05-05,3987.6250205093947,3999.6114763685446,3877.1316998025536,3895.974853515625,1122769
2022-05-06,3846.203190627043,3846.203190627043,3740.050827560535,3775.862548828125,891448
2022-05-09,3753.8133149283362,3756.7235819421007,3689.3423381309913,3715.683349609375,521295
2022-05-10,3719.2839486192865,3731.813053272285,3612.5395609177094,3637.3017578125,836241
2022-05-11,3659.9922298065103,3684.655915661581,3570.956323869706,3630.149169921875,524764
2022-05-12,3600.898125349676,3600.898125349676,3493.8083534779466,3532.678466796875,717916
2022-05-13,3553.4450691563716,3662.9518331893482,3482.512405733389,3500.072998046875,957908
2022-05-16,3532.826415833517,3658.019190803272,3505.252462797701,3637.15380859375,600622
2022-05-17,3662.0640943507196,3781.386958952012,3628.5708569607727,3761.853271484375,843357
2022-05-18,3770.584514620984,3790.3154644620145,3674.8894078919843,3684.7548828125,427461
2022-05-19,3561.042295078974,3667.836072232459,3561.042295078974,3582.943603515625,572640
2022-05-20,3645.293032647219,3645.293032647219,3537.75935455289,3618.65625,692428
2022-05-23,3618.655819154059,3714.0055278609516,3616.682724378075,3666.947265625,401917
2022-05-24,3689.6874335724915,3689.6874335724915,3564.8891821428338,3582.794921875,471324
2022-05-25,3601.1447609520205,3624.5258869015897,3439.2522311399475,3476.88916015625,370431
2022-05-26,3340.449509355869,3659.104320791765,3316.3284735035754,3613.52587890625,1730687
2022-05-27,3650.2250449622097,3827.8035606630738,3524.9335366621553,3809.799072265625,1733752
2022-05-30,3837.669786399925,3862.8761232710663,3769.0553593998393,3839.593505859375,666686
2022-05-31,3803.140414509584,3945.9925332440075,3787.405030875028,3925.768310546875,1361696
2022-06-01,3886.5531085302787,3936.0777430334383,3739.0642627170073,3787.355712890625,794887
2022-06-02,3793.274757443334,3793.274757443334,3575.0011449376543,3596.2119140625,1891062
2022-06-03,3639.37298731779,3644.2563482783385,3498.6421114074174,3540.52099609375,1305662
2022-06-06,3531.938825107378,3600.799648390527,3494.450019852479,3584.817626953125,561188
2022-06-07,3584.817511656311,3584.817511656311,3477.5798492974654,3560.745849609375,490554
2022-06-08,3551.5709645743636,3595.965601631543,3509.149422497503,3587.283935546875,342056
2022-06-09,3576.0369541734103,3631.1354802622122,3513.0951838097726,3620.67822265625,483671
2022-06-10,3571.7949559181193,3665.0236876773406,3547.1312702675314,3650.71875,624657
2022-06-13,3599.911813681636,3628.571066617891,3543.6786063974887,3602.772705078125,523342
2022-06-14,3579.391102386411,3707.2971128033337,3574.0144674171206,3656.341796875,655865
2022-06-15,3687.6652108311378,3705.5711926222893,3596.853464512179,3672.620361328125,466405
2022-06-16,3694.619984526509,3724.216406298417,3597.9383400716097,3614.3642578125,678602
2022-06-17,3551.570811170213,3673.9026946660756,3508.2614745654114,3651.458740234375,768620
2022-06-20,3650.225787007174,3773.544225757416,3633.3557282436104,3760.423095703125,673219
2022-06-21,3798.158326957525,3816.952104150256,3743.0104205546377,3756.969970703125,596024
2022-06-22,3738.0779701176825,3756.526360774196,3663.2976191044013,3736.79541015625,359601
2022-06-23,3711.1939792303338,3805.1132415585234,3673.063778510637,3798.70068359375,646244
2022-06-24,3849.5079384504065,3869.2388863666056,3711.3913030370145,3786.763427734375,1024811
2022-06-27,3797.2211823985576,3817.9386791068896,3724.216670188245,3743.454345703125,708737
2022-06-28,3708.481551491772,3794.9029708547178,3672.8177136658237,3785.728271484375,463753
2022-06-29,3716.521110910853,3766.5883886830493,3645.292440753981,3663.05029296875,567477
2022-06-30,3664.0369606437494,3714.8441505934406,3607.211735347791,3633.947265625,534241
2022-07-01,3630.4943766920405,3694.6199567151334,3586.297005674096,3685.888916015625,316894
2022-07-04,3681.7950148714604,3731.911672569911,3650.274872601901,3719.382568359375,300790
2022-07-05,3710.404722158445,3822.6244874191534,3710.404722158445,3766.0458984375,468762
2022-07-06,3757.8580450294285,3837.2257404122497,3732.6023335845466,3831.257080078125,390568
2022-07-07,3841.665319411327,3877.131653669944,3816.212345880092,3862.580078125,398354
2022-07-08,3865.2927472031274,3892.9160746461307,3857.400367933698,3883.198486328125,268377
2022-07-11,3882.064104472387,3914.7680551599187,3842.6515831458914,3880.337646484375,199806
2022-07-12,3847.5345536616405,4043.5616991191173,3847.5345536616405,3876.8349609375,1125104
2022-07-13,3897.9970341042235,3905.6921527277573,3809.257135200918,3816.26171875,385514
2022-07-14,3874.1720745292005,3925.768557510213,3827.853717072978,3845.611572265625,656393
2022-07-15,3845.611368119676,3890.943175658738,3822.8714010338763,3878.80859375,318645
2022-07-18,3887.0956328203633,3917.382590808811,3837.8173959112964,3894.00146484375,291155
2022-07-19,3891.3378162824306,3978.696644537596,3870.6203190293313,3966.1181640625,412946
2022-07-20,4034.978714727092,4085.983406079946,3975.835248485663,4054.956298828125,753440
2022-07-21,4056.683252342369,4113.75512060805,4041.2438805673974,4094.22119140625,542974
2022-07-22,4094.3696172794357,4113.508542390603,4034.9298896919167,4069.80419921875,378496
2022-07-25,4088.2522406992725,4195.687151357759,4082.382091249725,4133.53466796875,1127478
2022-07-26,4128.70102635046,4132.598081414021,4033.005924903388,4054.907470703125,363638
2022-07-27,4056.682956515914,4081.297507120477,3967.893689471548,4070.10009765625,440198
2022-07-28,4093.1852352978462,4149.418438096587,4079.3735714525415,4134.126953125,364711
2022-07-29,4149.41824502509,4195.588469331777,4130.673844964349,4155.63330078125,333278
2022-08-01,4182.9610355420145,4235.987959046822,4133.633664839868,4230.4140625,311325
2022-08-02,4253.005618976272,4289.754507704379,4213.494590357659,4267.705078125,440869
2022-08-03,4267.755338231973,4327.737233377161,4222.522039142458,4252.06884765625,367949
2022-08-04,4264.79544351153,4349.687657940519,4252.019461493227,4336.6650390625,358472
2022-08-05,4336.665114989285,4362.512851025049,4276.683222341381,4315.25732421875,207510
2022-08-08,4329.907689310531,4414.355766946645,4321.127031501696,4367.791015625,445755
2022-08-10,4379.184993067711,4563.718966335539,4337.947505981324,4456.38232421875,867000
2022-08-11,4478.531649840073,4491.258017732293,4358.567363501652,4370.060546875,446510
2022-08-12,4291.530940773909,4335.6789432617625,4218.576039098117,4254.73291015625,1412625
2022-08-16,4291.48167328669,4322.607054576847,4150.3066281056945,4290.8896484375,596342
2022-08-17,4290.494343955032,4311.260972594506,4228.193976324042,4247.826171875,502434
2022-08-18,4268.600201828796,4291.946524336015,4204.299155914805,4220.77001953125,580509
2022-08-19,4244.85876317436,4263.110563047244,4075.697530710409,4090.882568359375,719126
2022-08-22,4088.5580642108844,4088.5580642108844,3952.6356159289276,3981.620361328125,723542
2022-08-23,3981.521154756472,4049.4328609623963,3944.968528421438,4027.1748046875,497236
2022-08-24,4035.137918362784,4174.621724807784,4034.099160862784,4165.47119140625,956039
2022-08-25,4169.6760603731545,4194.258944666203,4112.003154102716,4123.97265625,414795
2022-08-26,4161.761564918673,4190.202412313827,4111.5080173422975,4169.9228515625,342452
2022-08-29,4055.9127683795427,4226.0632552481475,4042.0633101460517,4205.78369140625,914112
2022-08-30,4205.783391987552,4290.858629365167,4187.680366083447,4276.41552734375,848217
2022-09-01,4251.783611426225,4282.400999327605,4198.36427335805,4231.15771484375,390072
2022-09-02,4263.456622462783,4350.7084030208025,4237.9342425059385,4265.9794921875,735146
2022-09-05,4235.955130866974,4262.269194423387,4187.482033853317,4236.4990234375,522750
2022-09-06,4252.6742009898435,4374.450613870881,4245.601180931785,4368.0205078125,1078704
2022-09-07,4332.110613211161,4362.57922730064,4288.38570302682,4329.439453125,396347
2022-09-08,4352.686487102264,4397.10357760314,4314.105856875676,4367.3271484375,562760
2022-09-09,4389.189661305277,4426.781045109427,4367.525249876927,4412.3876953125,476210
2022-09-12,4424.901559403538,4453.391678042535,4399.230408116905,4433.4091796875,331303
2022-09-13,4471.396258587551,4471.396258587551,4418.273503630529,4441.81787109375,309270
2022-09-14,4357.979002191613,4431.826187935783,4357.979002191613,4379.98974609375,362669
2022-09-15,4401.901261809769,4411.200085785911,4281.509724463043,4295.16162109375,427750
2022-09-16,4295.310608141904,4316.381376687636,4211.224610515911,4233.72998046875,458526
2022-09-19,4249.705995790775,4284.428661321512,4181.250394737961,4261.8740234375,266140
2022-09-20,4270.084520359679,4545.589799850046,4270.084520359679,4510.3232421875,1173769
2022-09-21,4507.0086384472725,4618.2989088215745,4507.0086384472725,4555.28369140625,1177984
2022-09-22,4520.413366569866,4581.400829612643,4473.572908260156,4559.34033203125,511789
2022-09-23,4560.428540833194,4668.256460779142,4335.721187753821,4370.9384765625,1205497
2022-09-26,4370.938721470872,4372.917215525691,4146.033313183113,4236.6484375,843901
2022-09-27,4288.385675250375,4307.280389249209,4159.7835673420595,4197.32568359375,651304
2022-09-28,4183.525290152708,4248.81558789451,4138.118952420237,4223.0458984375,395837
2022-09-29,4251.24002589564,4357.2870222733145,4238.874437486575,4344.4765625,631907
2022-09-30,4305.4009206103565,4436.673705679483,4305.4009206103565,4336.26513671875,761064
2022-10-03,4337.848618501487,4441.719566036871,4304.164947298769,4318.26171875,454169
2022-10-04,4382.363880401467,4396.7572299566355,4318.260872834973,4357.0390625,307009
2022-10-06,4378.8531785342,4402.149755375598,4314.4033411965665,4343.28955078125,272050
2022-10-07,4332.5060169536655,4385.331707210829,4306.735844217823,4346.85009765625,501530
2022-10-10,4327.95627483464,4372.472396518654,4248.81650295195,4293.92626953125,207878
2022-10-11,4315.441634204225,4315.441634204225,4217.802764645247,4229.57470703125,258216
2022-10-12,4233.977661193014,4303.224959390096,4199.354012094474,4240.95166015625,621343
2022-10-13,4224.183497778421,4271.519060941814,4190.450080177455,4220.1767578125,277038
2022-10-14,4254.75108012976,4277.503759702647,4218.198212560156,4250.9423828125,254366
2022-10-17,4243.869980874319,4254.306344374871,4175.661201372654,4244.7109375,254734
2022-10-18,4278.493604253751,4329.934452212408,4212.214050153172,4319.052734375,387469
2022-10-19,4332.902193552407,4358.5235962186225,4294.4205788961945,4341.55810546875,249672
2022-10-20,4336.8592032967035,4346.059007938092,4249.014255712321,4276.0205078125,370651
2022-10-21,4297.437397060945,4382.364351356481,4276.218338044965,4341.8544921875,364601
2022-10-24,4362.777779517532,4387.310914530767,4273.547497355787,4362.72802734375,30919
2022-10-25,4390.080447941165,4402.050434077713,4324.988184037818,4356.693359375,474364
2022-10-27,4397.202837151042,4450.622174205296,4355.506173445401,4384.1943359375,421237
2022-10-28,4406.352559991131,4534.707332322914,4367.5246230815155,4517.89013671875,691801
2022-10-31,4532.828792897917,4575.267392756467,4443.20291774393,4468.92333984375,433481
2022-11-01,4527.782826194131,4597.0301055984555,4421.933413390379,4462.8388671875,866656
2022-11-02,4463.48159016749,4484.057730526917,4323.008543668425,4335.9677734375,643118
2022-11-03,4323.0095467594565,4377.418133732402,4302.581692074861,4347.74072265625,457168
2022-11-04,4362.578681430236,4362.578681430236,4293.380669903662,4315.6884765625,669679
2022-11-07,4337.304314063211,4372.471852606594,4289.820456840334,4316.8759765625,356178
2022-11-09,4300.256698640287,4387.310434430567,4297.288957647436,4314.30419921875,378028
2022-11-10,4327.460404037918,4330.37887549729,4204.299169541925,4239.3681640625,527721
2022-11-11,4338.8381680142975,4491.18223501708,4283.489594614906,4373.857421875,1685313
2022-11-14,4382.363881440899,4518.879957205874,4377.615689409189,4507.70166015625,886587
2022-11-15,4510.96633512167,4579.2243783504855,4478.321184012238,4562.35791015625,492794
2022-11-16,4555.482278636386,4560.42851346661,4413.0307155259325,4431.08447265625,499585
2022-11-17,4441.719047907558,4467.39020087336,4323.7020735440565,4352.9833984375,430622
2022-11-18,4382.364068697133,4401.159761091093,4273.546902205781,4351.845703125,385705
2022-11-21,4356.594301416836,4392.256460774569,4294.321012662704,4371.333984375,336664
2022-11-22,4373.411995531484,4431.826841377954,4332.902135097196,4421.736328125,310657
2022-11-23,4434.101341111698,4566.512139895134,4400.170364472059,4555.68017578125,799422
2022-11-24,4580.213009097655,4781.030123751397,4564.3850591742075,4763.27294921875,1822610
2022-11-25,4763.223304516335,4832.470579971401,4699.960778941907,4737.9482421875,1069669
2022-11-28,4709.80460405307,4717.570289010783,4632.890655730212,4671.07568359375,598162
2022-11-29,4674.191540293858,4789.933426053516,4657.028010201136,4668.4541015625,910558
2022-11-30,4668.454859514368,4708.914967148708,4592.67843907393,4675.5771484375,1113421
2022-12-01,4713.762518871476,4742.450685303223,4650.499972441555,4724.34765625,611403
2022-12-02,4719.696852475711,4830.443233622315,4692.047209037755,4819.06689453125,996306
2022-12-05,4832.47135236537,4849.23928138577,4715.690943091128,4726.96826171875,684834
2022-12-06,4719.054582541495,4748.385659855071,4664.299663795137,4736.56396484375,354855
2022-12-07,4753.034996746585,4763.224047082567,4660.243343352579,4676.56591796875,354913
2022-12-08,4687.051881011531,4726.47346716143,4631.060409043367,4653.912109375,336491
2022-12-09,4677.159298119819,4685.024004111301,4624.9765246477755,4634.720703125,271785
2022-12-12,4626.707549244612,4704.858050931661,4580.212946975103,4691.30517578125,445259
2022-12-13,4694.965425261303,4710.150460611171,4611.176026081979,4628.53759765625,363818
2022-12-14,4661.331186053143,4661.331186053143,4606.527006830049,4615.97412109375,356293
2022-12-15,4629.626991202444,4636.205387573055,4577.889079927567,4592.97509765625,316614
2022-12-16,4588.127282666628,4588.127282666628,4502.755465423092,4516.060546875,342890
2022-12-19,4550.536199077292,4570.3211390732795,4472.434955230823,4560.8740234375,308464
2022-12-20,4560.775045206308,4566.809548568232,4491.428733259266,4547.22216796875,282355
2022-12-21,4561.218904646622,4736.958983257891,4552.7117686798965,4714.9482421875,877375
2022-12-22,4743.439507125657,4796.660804107999,4674.19221505083,4730.28271484375,902304
2022-12-23,4714.454808242355,4753.332023673198,4635.957959070442,4649.609375,473498
2022-12-26,4672.906650548523,4689.031184828333,4602.472064855236,4633.6826171875,247357
2022-12-27,4634.622405841458,4662.024742200369,4575.910497114342,4593.865234375,226485
2022-12-28,4601.977493933263,4629.280810408848,4532.730197162986,4539.30859375,313366
2022-12-29,4539.3081963558925,4560.428716627991,4430.3427347979305,4475.798828125,530411
2022-12-30,4501.074025708483,4533.175285323925,4420.054789851886,4429.45263671875,348965
2023-01-02,4439.74021094416,4468.131790977774,4398.191839986127,4406.4521484375,246577
2023-01-03,4418.966467671223,4460.4655736479845,4377.517113864254,4442.609375,430096
2023-01-04,4446.665149495594,4465.559863310947,4377.417861294328,4385.62841796875,414977
2023-01-05,4407.590093271805,4407.590093271805,4309.160014878685,4381.42431640625,468816
2023-01-06,4394.283978438524,4426.187190814733,4322.019685942838,4340.271484375,299640
2023-01-09,4376.774084926686,4404.274952181004,4333.939409561426,4360.30322265625,407803
2023-01-10,4362.579369959593,4440.7298847502525,4358.622381868927,4418.6201171875,557940
2023-01-11,4425.891961365248,4434.251293395994,4289.42511726548,4313.71142578125,462687
2023-01-12,4323.949878107264,4335.276467775395,4278.741091660126,4312.8701171875,207917
2023-01-13,4318.063205201005,4323.009440258509,4222.155514223696,4288.9296875,366497
2023-01-16,4317.321417522688,4317.321417522688,4238.923589181352,4248.4697265625,210854
2023-01-17,4269.787815423793,4289.820065863945,4229.030648476477,4276.3662109375,294500
2023-01-18,4290.364578736733,4305.20328491175,4258.708672230029,4293.13427734375,331806
2023-01-19,4293.1338976204615,4293.1338976204615,4239.5662696728095,4271.716796875,162244
2023-01-20,4255.74078643676,4275.971081713841,4218.347441358206,4239.1708984375,242706
2023-01-23,4248.221692284097,4306.686279325086,4240.802340706071,4288.83056640625,161350
2023-01-24,4303.174356878925,4303.174356878925,4244.660021608798,4258.70751953125,178860
2023-01-25,4268.5511598804915,4271.568169752443,4148.901552557144,4178.92529296875,423714
2023-01-27,4182.536452347838,4239.269866253461,4147.022580496262,4198.5126953125,421866
2023-01-30,4190.944546429752,4214.191848882508,4078.6650218175073,4192.1318359375,623069
2023-01-31,4193.912676198701,4257.471796247236,4082.6716573138997,4210.13623046875,671038
2023-02-01,4229.030773180058,4305.202789445523,4166.213590935161,4216.8134765625,321331
2023-02-02,4216.170567608635,4216.170567608635,4125.1598467686545,4185.99853515625,479256
2023-02-03,4199.353685428866,4213.994348410746,4113.289192935978,4205.8828125,413966
2023-02-06,4165.719155966338,4289.02869906363,4144.598635712624,4274.23974609375,257669
2023-02-07,4258.708708492954,4313.117298264642,4225.420640629711,4269.19482421875,319090
2023-02-08,4273.546915029889,4356.940241478937,4256.284362172388,4344.03076171875,250175
2023-02-09,4300.602941637447,4357.0890406246535,4278.493175097555,4342.1015625,284239
2023-02-10,4338.243354603875,4377.714210180719,4303.471421905958,4368.76171875,359807
2023-02-13,4382.760217088488,4391.8614835416,4281.461411536305,4311.78173828125,272935
2023-02-14,4333.3473303871,4333.3473303871,4205.338378735068,4222.947265625,339582
2023-02-15,4125.160070715321,4465.461045373851,4125.160070715321,4439.6416015625,2724361
2023-02-16,4461.454755765657,4617.805052827423,4451.759845227893,4593.22216796875,1419679
2023-02-17,4590.255152181619,4618.745760452134,4526.7950429302755,4565.0791015625,408098
2023-02-20,4543.610157321534,4599.947950895085,4526.150049425868,4561.02099609375,232327
2023-02-21,4561.41781152639,4590.105973863034,4442.708174271312,4453.63916015625,490637
2023-02-22,4456.558092473274,4487.175482791487,4392.257032315502,4401.25927734375,333978
2023-02-23,4423.270452118801,4469.715317162095,4353.676816758047,4400.220703125,443522
2023-02-24,4413.097099684769,4443.755840474728,4355.494788458047,4428.55029296875,358946
2023-02-27,4442.765785679972,4452.423972170581,4373.474295281754,4397.94189453125,215703
2023-02-28,4407.10440387732,4431.274535833561,4320.230068749735,4360.2001953125,312308
2023-03-01,4360.20083789862,4404.133303508549,4296.407370814767,4372.236328125,287008
2023-03-02,4387.292550799682,4408.293105997251,4340.091362811634,4360.7451171875,313250
2023-03-03,4375.158218921428,4403.14219349199,4352.523296735681,4366.78759765625,168868
2023-03-06,4374.414726609002,4446.628133851044,4370.501730108101,4379.466796875,242661
2023-03-08,4373.325561671221,4399.378189378277,4318.942642111547,4334.84130859375,246734
2023-03-09,4357.575350966489,4495.514056950141,4343.855677369,4376.544921875,684685
2023-03-10,4358.268991144953,4358.268991144953,4251.236188811843,4276.59521484375,328154
2023-03-13,4286.253486856301,4394.177719477488,4281.300570878884,4304.083984375,496455
2023-03-14,4304.084198986983,4313.742385624526,4234.743371845651,4259.11181640625,279237
2023-03-15,4293.930784962227,4326.818342657389,4268.720247529701,4288.03662109375,279479
2023-03-16,4290.16625603405,4328.848334289384,4225.827687432154,4278.3779296875,300181
2023-03-17,4299.13152105142,4334.990829976809,4256.239457644186,4305.5703125,368653
2023-03-20,4281.300502523259,4312.900009218015,4155.496438705476,4272.38525390625,563835
2023-03-21,4279.3197604702855,4312.9004368539945,4225.8282634644065,4233.7529296875,239304
2023-03-22,4234.79190865092,4254.554234131372,4171.444412301382,4244.74755859375,302705
2023-03-23,4235.733937471018,4258.864152879307,4203.589317835209,4232.8115234375,233054
2023-03-24,4237.219639978154,4313.643037157191,4220.875017170523,4243.0146484375,354933
2023-03-27,4264.1637815855975,4366.391679703123,4236.724432912017,4277.4375,495895
2023-03-28,4293.980401967052,4302.598670364306,4205.075548584941,4292.7919921875,343628
2023-03-29,4292.791501106485,4338.75446537288,4270.503378852857,4321.91455078125,250790
2023-03-31,4343.55899956438,4359.507486402288,4259.4585795558505,4270.30517578125,465663
2023-04-03,4302.598133879708,4303.044089793474,4180.409599290169,4194.47607421875,493574
2023-04-05,4209.978536756821,4209.978536756821,4128.750715577043,4161.390625,622533
2023-04-06,4177.288941588459,4185.213606405322,4143.757606845481,4162.380859375,286725
2023-04-10,4175.307757782998,4203.687866802116,4147.868412497022,4197.1005859375,323560
2023-04-11,4222.855990005055,4246.431675622123,4181.399988229312,4231.07763671875,284178
2023-04-12,4247.324109906476,4288.185670079266,4226.323550962559,4279.51806640625,304498
2023-04-13,4288.234614582739,4438.9024139939065,4279.61634738646,4356.8818359375,1257056
2023-04-17,4368.472487973569,4406.510791132196,4299.1316548311315,4345.39208984375,334963
2023-04-18,4338.75416673466,4342.815654357965,4253.464861377967,4297.79345703125,409038
2023-04-19,4313.989147685108,4313.989147685108,4181.795647263849,4279.61572265625,517278
2023-04-20,4279.617147237613,4317.804426426222,4193.287903131514,4307.45263671875,484517
2023-04-21,4299.131239320632,4386.302563988884,4277.784364082546,4320.23046875,485292
2023-04-24,4321.221066000581,4420.180718431293,4321.221066000581,4357.625,571150
2023-04-25,4368.422030573832,4404.380002768383,4341.82477823994,4374.91015625,252655
2023-04-26,4378.328524082567,4446.431120883298,4359.556778472935,4368.8681640625,438486
2023-04-27,4378.229334487332,4396.703614773451,4323.945083910257,4375.9013671875,400508
2023-04-28,4401.1115553448635,4486.35104106876,4389.22455766484,4471.1953125,713399
2023-05-02,4487.0946429592705,4530.234351622045,4434.742219520177,4448.51123046875,384900
2023-05-03,4467.282681385157,4481.844448208709,4439.793996999451,4472.92919921875,287955
2023-05-04,4467.530341704634,4526.866180105044,4457.624509461387,4510.32373046875,391146
2023-05-05,4507.154044379753,4586.40070889632,4478.922420145726,4559.15966796875,332169
2023-05-08,4567.579553863118,4616.118135112152,4541.824388302407,4581.546875,274255
2023-05-09,4602.150269018516,4604.1314353655125,4539.149082447395,4549.7978515625,207566
2023-05-10,4549.797903568977,4590.362478460676,4533.899236925878,4557.97021484375,293523
2023-05-11,4567.530359677861,4601.259528301145,4541.477728112829,4552.02734375,409446
2023-05-12,4551.7298229390035,4596.3060671244775,4492.294830691704,4561.88330078125,427837
2023-05-15,4566.538400887825,4644.843795391916,4547.865814165461,4582.28857421875,401847
2023-05-16,4581.447730131651,4598.535291935926,4498.23873351953,4512.2060546875,310725
2023-05-17,4536.9208800765855,4556.287073931237,4416.020380975186,4439.94287109375,266803
2023-05-18,4467.531056754066,4487.243569336567,4391.256136272899,4400.17138671875,167057
2023-05-19,4413.04814749791,4422.953979478825,4368.719549383312,4405.27197265625,177405
2023-05-22,4417.802761596953,4581.447299699501,4410.027070424026,4561.9326171875,361967
2023-05-23,4561.635251301638,4573.571584381724,4490.313266916466,4507.54931640625,433331
2023-05-24,4498.189069805942,4563.616898064183,4480.754708383836,4493.7314453125,225979
2023-05-25,4525.974416633682,4554.651992326597,4488.28292121378,4525.13232421875,202680
2023-05-26,4546.777235643187,4576.494733915365,4508.392133708291,4566.48974609375,289579
2023-05-29,4591.353568979134,4621.071067807478,4537.515270198468,4596.75244140625,332364
2023-05-30,4628.005402238164,4749.847154052225,4492.741439530904,4555.84130859375,1298380
2023-05-31,4556.683260519975,4686.449675113045,4482.38951170715,4578.4267578125,1655511
2023-06-01,4644.844972262522,4801.357129570578,4641.8732224402165,4768.91552734375,1692479
2023-06-02,4794.076072157972,4955.095667742017,4760.743042928213,4920.52392578125,1326161
2023-06-05,4921.16781205917,4962.029367482769,4887.586655928138,4903.5849609375,698352
2023-06-06,4922.207835371503,4922.653791277045,4847.418805069522,4893.580078125,382992
2023-06-07,4917.701028256467,4992.539396571069,4903.436243033982,4979.1171875,552840
2023-06-08,4972.7268833142925,4981.1961748713875,4873.668578865801,4880.255859375,411502
2023-06-09,4880.2563329768145,4919.087385562212,4860.840806684116,4880.30615234375,249400
2023-06-12,4902.396153814121,4947.962980056887,4868.765661407324,4878.37451171875,343835
2023-06-13,4878.621773219261,4943.009674794744,4870.4494626346805,4904.42626953125,308751
2023-06-14,4918.245395592621,4975.253263049127,4904.426567019948,4961.8310546875,360156
2023-06-15,4992.489878386264,5210.269202990046,4970.7463841691615,5169.60595703125,1712253
2023-06-16,5169.606620800281,5244.148014470264,5114.4309372616235,5151.08251953125,797312
2023-06-19,5170.84452441691,5212.399684901557,5086.941930327123,5096.55078125,327818
2023-06-20,5126.218362449489,5148.9519550747855,5053.063701556894,5113.439453125,334154
2023-06-21,5121.166750783117,5124.286991185898,5038.70069781265,5070.5478515625,410174
2023-06-22,5081.592108170317,5106.455840522293,5007.397531297806,5018.2939453125,329800
2023-06-23,5036.521404128246,5036.521404128246,4953.906857411951,4997.9384765625,335552
2023-06-26,5002.396137092683,5007.398389092172,4952.965645375433,4989.5185546875,430106
2023-06-27,4992.538855617124,5101.5029973071805,4989.517770616253,5094.37060546875,556456
2023-06-28,5096.550747050612,5127.20949166505,5067.972323967532,5078.62109375,362944
2023-06-30,5079.7105918008365,5100.463503077983,5016.362603408356,5050.19140625,411015
2023-07-03,5079.214417509417,5094.073162758104,5012.350063890327,5020.77001953125,150815
2023-07-04,5071.6865785497275,5076.441667884887,5004.475415011361,5061.83056640625,233404
2023-07-05,5076.739667566975,5100.018376286551,5002.842052937541,5029.83544921875,279982
2023-07-06,5042.067932470499,5259.9962124594,5022.454580744758,5233.2998046875,1251554
2023-07-07,5225.2768200606315,5225.2768200606315,5081.691597909582,5097.78857421875,559765
2023-07-10,5131.072440959888,5154.499636700999,5062.623045694173,5109.77490234375,271366
2023-07-11,5151.032366071428,5222.750489200865,5116.461110966547,5207.49560546875,503174
2023-07-12,5212.101980581943,5238.6499004654725,5156.827631675101,5202.59228515625,263391
2023-07-13,5240.085480658302,5240.085480658302,5119.333496659108,5133.20166015625,338327
2023-07-14,5131.221120473239,5149.497574501107,5048.259775137402,5123.09814453125,508041
2023-07-17,5103.682648858303,5268.862387501107,5103.682648858303,5170.150390625,469609
2023-07-18,5157.471368499306,5273.864893093307,5058.363714009777,5113.98486328125,511024
2023-07-19,5113.9852106495955,5174.757590100098,5113.9852106495955,5126.86279296875,265631
2023-07-20,5121.314370239435,5160.937692252894,5084.315996572744,5146.52490234375,276787
2023-07-21,5081.741464923078,5203.533870343591,5076.788548617782,5155.88671875,313184
2023-07-24,5095.559915772235,5176.490755652705,5095.559915772235,5132.01318359375,249814
2023-07-25,5105.267715820804,5170.844519871778,5105.267715820804,5163.1181640625,547945
2023-07-26,5147.069699561776,5205.514101462111,5094.618131840673,5107.19873046875,297720
2023-07-27,5098.284123233931,5215.42058752157,5095.758329528071,5166.38671875,363050
2023-07-28,5128.248364511969,5313.487391779448,5128.248364511969,5296.59814453125,453505
2023-07-31,5289.66551890383,5289.66551890383,5109.973320229945,5124.7333984375,689230
2023-08-01,5160.938918754497,5160.938918754497,4974.26330508172,4985.01123046875,1044095
2023-08-02,4985.605419596957,4996.204853680157,4929.142175226398,4949.69677734375,1016605
2023-08-03,4913.292512759931,4982.633334512591,4909.627161565444,4949.25048828125,412037
2023-08-04,4977.680630146866,4989.023001374414,4917.255054338118,4933.4013671875,358846
2023-08-07,4933.401192778486,4977.581299118327,4909.677015948117,4967.18017578125,608113
2023-08-08,4969.756574108355,5007.39874070515,4933.253481606127,4976.046875,519420
2023-08-09,4976.046390402324,4978.671339238497,4911.311679256759,4934.44189453125,268668
2023-08-10,4934.490758035775,4934.540577402691,4857.423583198672,4876.1455078125,370166
2023-08-11,4883.57472261327,4964.802537472152,4765.843823486662,4859.94921875,1066479
2023-08-14,4817.206110218056,4881.148062419168,4685.458544382358,4775.453125,832136
2023-08-16,4754.799614386349,4907.300099658553,4709.331939810426,4895.36328125,667417
2023-08-17,4893.976127385545,4913.29249910582,4826.665807840851,4846.67578125,375779
2023-08-18,4837.943090782229,4857.840691818788,4788.471419099763,4811.544921875,336848
2023-08-21,4843.9462951493,4907.907222173604,4803.257543233479,4895.2041015625,243126
2023-08-22,4910.338276534288,4921.354108598501,4868.9052186528625,4882.302734375,175172
2023-08-23,4920.361922277624,4949.141772165895,4873.718717286287,4908.05615234375,597123
2023-08-24,4917.384803164095,4945.668449357874,4862.901665832036,4882.60107421875,534065
2023-08-25,4862.802552730963,4875.803203409297,4809.2124837824995,4828.564453125,249504
2023-08-28,4837.892564169777,4874.56225559483,4805.242418300277,4868.2109375,204098
2023-08-29,4868.756786307787,4907.460723255606,4822.014242463591,4841.3662109375,591619
2023-08-30,4844.890221247515,4852.829491461127,4808.220523118557,4837.49658203125,396122
2023-08-31,4850.3479605473985,4874.512724064668,4769.317404773,4777.5546875,488260
2023-09-01,4803.25851704175,4813.133178277492,4764.753250032496,4803.60595703125,206097
2023-09-04,4823.105721083263,4833.029806929114,4781.027694011758,4788.22265625,354446
2023-09-05,4823.105774384969,4954.103708997894,4795.367760309473,4946.66064453125,800554
2023-09-06,4942.195093438564,5005.36180730626,4916.39246845274,4994.89208984375,535407
2023-09-07,4991.766114043955,5006.602332709305,4949.141968430682,4990.87255859375,334709
2023-09-08,5001.739373003042,5011.46478350963,4940.160612845776,4947.3056640625,292671
2023-09-11,4966.013445496031,5068.032872408999,4965.765343305508,5057.265625,543287
2023-09-12,5072.2006340438475,5086.094355209298,4928.301379115975,4941.4013671875,483061
2023-09-13,4937.23324798724,4983.082723436563,4907.460987195358,4972.9599609375,232238
2023-09-14,4963.036103840929,5061.284569003947,4957.577855776317,5045.95166015625,414391
2023-09-15,5045.95103362921,5111.301237894455,5023.274884417826,5053.14599609375,658355
2023-09-18,5061.2840099492905,5122.813344972204,5028.881965114226,5036.62255859375,371912
2023-09-20,5013.103049982157,5021.389274849387,4891.582412569632,4968.29541015625,509910
2023-09-21,4952.118746098408,5008.636607781975,4937.67939528778,4981.9404296875,422586
2023-09-22,4974.944539847834,4978.715498870887,4917.38483840934,4951.67236328125,348459
2023-09-25,4976.83064995171,5074.632825101681,4935.1000549511145,5058.35693359375,386746
2023-09-26,5058.307039493224,5058.307039493224,4992.063760135528,5015.3359375,267102
2023-09-27,5015.633467380698,5079.991267176422,4981.8915722697075,5066.59375,460768
2023-09-28,5066.593559421344,5106.438669499031,4957.081168816958,4981.99072265625,407714
2023-09-29,5015.63429452186,5147.57524408117,4988.442389127744,5098.74853515625,410567
2023-10-03,5099.938014370617,5115.81655086711,5027.541618202127,5080.08984375,268482
2023-10-04,5046.397667618741,5058.15780629594,4944.477111849029,5009.0830078125,442482
2023-10-05,5016.576255770586,5041.287134027011,4988.49080047371,5008.73583984375,363289
2023-10-06,5011.66472328751,5045.406624394793,4990.62546170841,5021.8369140625,407753
2023-10-09,4962.043152327542,5027.542121938266,4949.1912667332035,5008.98388671875,176296
2023-10-10,5030.470224240548,5045.9514121487055,4994.792937996466,5028.2373046875,202645
2023-10-11,5034.439641395176,5100.980447370063,5026.549798818944,5054.1884765625,336099
2023-10-12,5054.138484749947,5075.128314966111,4834.717323981595,4955.93994140625,1029595
2023-10-13,4951.077029908683,4990.922137890316,4896.295881899833,4979.21142578125,410013
2023-10-16,4991.815411084043,5011.1179527757995,4948.546297882207,4983.57861328125,259806
2023-10-17,5011.664259632651,5029.527617389757,4974.151402172564,4990.625,217907
2023-10-18,4982.8841901550495,5001.690529255429,4900.961044033214,4939.46630859375,341459
2023-10-19,4939.466224138305,4981.842269647412,4897.68572076677,4959.11572265625,231958
2023-10-20,4952.218691656025,4961.994014149221,4902.995123808836,4939.763671875,252447
2023-10-23,4939.217857031268,4972.512973449273,4906.617135924382,4931.82421875,363474
2023-10-25,4922.347041492202,4933.610976899236,4794.822526405156,4823.0068359375,894230
2023-10-26,4823.006593911955,4823.006593911955,4690.123175548415,4724.16259765625,836962
2023-10-27,4743.663694277126,4823.651439994654,4740.537219519028,4793.5322265625,333727
2023-10-30,4803.257425646719,4831.441731807929,4746.739564380851,4804.994140625,234759
2023-10-31,4795.3192784431,4862.455636243965,4768.722916672306,4783.31103515625,276660
2023-11-01,4798.296003169596,4819.136585603218,4753.637612240406,4760.1376953125,281746
2023-11-02,4801.074664811404,4857.840636869821,4773.68457206705,4849.9013671875,214035
2023-11-03,4913.16676767338,5126.286509804947,4899.570576324592,5114.080078125,1262458
2023-11-06,5102.0222567266255,5188.312382005438,5088.575313453115,5125.7412109375,399720
2023-11-07,5110.904569075182,5142.612219406347,5082.174144706585,5097.8544921875,222204
2023-11-08,5096.018111675433,5114.526434971388,5048.82927703198,5072.15087890625,400498
2023-11-09,5108.423638771794,5272.667273976599,5083.166644241297,5257.38427734375,1032216
2023-11-10,5259.765985764777,5297.477515474034,5179.033443011761,5238.42919921875,696409
2023-11-13,5210.145847914087,5238.925701169232,5160.724086843704,5181.0185546875,150128
2023-11-15,5243.738415690933,5254.803674956531,5167.471715863769,5185.28564453125,356675
2023-11-16,5184.34326489698,5327.250123653711,5162.262170401582,5298.22216796875,449045
2023-11-17,5291.7219315707725,5451.6484987038975,5265.869393860774,5437.35791015625,735541
2023-11-20,5433.437343062177,5552.526380718335,5413.638596722028,5432.3955078125,526567
2023-11-21,5458.2474768234315,5478.39317822626,5381.236470053708,5425.29931640625,382979
2023-11-22,5425.498317848145,5497.894725741809,5397.859638867737,5490.0048828125,302473
2023-11-23,5488.020773027149,5507.8689494214605,5431.750999119428,5452.24462890625,234584
2023-11-24,5451.3004493276085,5451.3004493276085,5354.044406357628,5360.29638671875,270183
2023-11-28,5360.296692462734,5383.668207111368,5300.45464419464,5326.05859375,362746
2023-11-29,5331.318856894285,5393.741267006924,5323.7764538838355,5380.79052734375,277119
2023-11-30,5341.143856953236,5507.868525843637,5341.143856953236,5486.978515625,775261
2023-12-01,5507.868047080194,5644.473001819446,5488.367313882466,5548.70556640625,546990
2023-12-04,5583.290702668924,5615.295879555001,5527.318955355149,5579.86669921875,936113
2023-12-05,5567.412450725176,5645.812733008116,5483.05771662328,5537.8388671875,787929
2023-12-06,5492.137769035071,5596.191904103048,5466.930688371637,5501.02001953125,574427
2023-12-07,5448.5720066219355,5477.897490638412,5400.192081240975,5419.94091796875,510609
2023-12-08,5453.285772785367,5530.246873164735,5397.7603125338255,5513.177734375,456382
2023-12-11,5507.868067286138,5513.177550536178,5448.323547639801,5505.23828125,238128
2023-12-12,5507.868181740506,5507.868181740506,5362.182781141587,5387.7373046875,615205
2023-12-13,5361.935064732114,5410.61252022677,5328.639460331161,5385.55419921875,476781
2023-12-14,5453.086449319979,5490.947224152208,5410.710893871461,5474.0263671875,490550
2023-12-15,5488.019824858398,5545.579526457274,5458.247565410704,5509.05908203125,349758
2023-12-18,5508.363707266565,5565.179097274855,5452.292623677598,5456.9072265625,428321
2023-12-19,5466.981463142974,5632.2674413276245,5461.920565867551,5513.3271484375,682732
2023-12-20,5513.32648833944,5563.244451716615,5334.2960572197135,5361.1904296875,437044
2023-12-21,5303.43206663563,5510.84548391236,5244.731189235141,5434.28125,487514
2023-12-22,5468.172445213749,5506.876388110905,5421.231703170884,5499.333984375,220537
2023-12-26,5499.332744313144,5602.146368919823,5484.198513644229,5590.38623046875,243281
2023-12-27,5592.221906046911,5671.614586168251,5572.9692780323785,5644.27392578125,307177
2023-12-28,5631.919080086771,5726.197901691748,5631.670977924652,5716.77001953125,568149
2023-12-29,5696.425222502625,5715.231558835287,5634.201010998449,5660.7978515625,325682
2024-01-01,5697.418309216411,5721.236117859713,5664.520057942763,5706.3994140625,127030
2024-01-02,5694.540167705427,5738.751779203808,5636.881128263737,5702.7275390625,166449
2024-01-03,5686.50216896328,5742.077059270775,5629.984296508234,5724.51123046875,198997
2024-01-04,5724.510824851161,5795.617294803418,5687.99037906663,5718.45751953125,220702
2024-01-05,5718.457225283465,5764.703079973247,5671.615343923784,5710.5673828125,144894
2024-01-08,5706.349508143865,5731.010959020051,5597.184561031547,5638.86572265625,157009
2024-01-09,5658.9130642370565,5804.598467084968,5631.621825077399,5753.63818359375,329437
2024-01-10,5755.970698579145,5775.123993453206,5677.867936822041,5756.86376953125,239740
2024-01-11,5759.939723272073,5847.271683238982,5758.203008159095,5825.33935546875,213210
2024-01-12,5825.438895382605,5877.044146244598,5699.254229853239,5751.703125,250919
2024-01-15,5790.7048734633245,5879.178013818206,5759.940203184427,5851.638671875,375458
2024-01-16,5837.347453855351,5922.14896355254,5784.74979743673,5859.72607421875,347797
2024-01-17,5828.266979771483,5934.9509049367925,5786.982684839122,5880.9140625,378205
2024-01-18,5913.763754638523,5983.18294068802,5793.682295616663,5945.3720703125,591170
2024-01-19,5941.550126531795,6073.540466740368,5905.82341790391,6048.3828125,326813
2024-01-23,6379.202737469531,6379.897617347294,6087.087157391253,6107.03466796875,982889
2024-01-24,6106.836286912997,6182.706124924273,6037.169487774955,6166.1826171875,435151
2024-01-25,6162.906963978152,6190.843654323303,6072.647690628754,6122.02001953125,337391
2024-01-29,6151.990246271691,6300.802107452654,6130.901563836132,6281.6982421875,554591
2024-01-30,6282.939159541481,6339.357688176485,6236.09727745857,6261.89990234375,304312
2024-01-31,6232.326252213346,6323.280407052477,6208.061667162736,6304.72265625,499281
2024-02-01,6241.90360100619,6328.590602281987,6220.219372891671,6240.216796875,255111
2024-02-02,6272.022728442056,6310.776092768199,6243.540406082764,6272.568359375,239428
2024-02-05,6272.567457484533,6298.419990093727,6162.063156790431,6187.1708984375,147909
2024-02-06,6212.429188781007,6250.090809131144,6108.325125921007,6150.25439453125,326654
2024-02-07,6190.3976065252855,6201.413440433898,6108.275783441647,6131.0517578125,323738
2024-02-08,6154.422673246983,6314.895357000868,6103.313624198814,6183.69873046875,794455
2024-02-09,6221.80718218359,6424.804678233403,6166.43096899302,6388.482421875,933104
2024-02-12,6415.822306759463,6627.106002284082,6326.604869901171,6564.2373046875,709946
2024-02-13,6564.23773617535,6688.834451149964,6548.1605218546365,6667.89453125,521773
2024-02-14,6667.79531918213,6723.568881445493,6649.138229621373,6702.82763671875,452781
2024-02-15,6698.758318245529,6713.04890574288,6535.606434787167,6577.28759765625,446114
2024-02-16,6580.711826150155,6609.889030963577,6475.5664101792445,6550.443359375,391508
2024-02-19,6569.745396070645,6625.270854992632,6461.62227763329,6606.61328125,334607
2024-02-20,6622.853504107458,6739.56670796687,6593.402141582712,6714.18798828125,559251
2024-02-21,6739.518018720947,6776.2702659025035,6672.3206166080045,6714.8837890625,537325
2024-02-22,6719.700976432633,6828.418283795848,6645.252654093354,6723.873046875,564432
2024-02-23,6733.607478245551,6741.355055052249,6678.0818844330315,6728.6904296875,352524
2024-02-26,6724.618146031189,6746.271977736333,6526.900707430639,6539.9130859375,453443
2024-02-27,6543.8862614314385,6623.797756245486,6526.00679077179,6576.26806640625,313760
2024-02-28,6585.604758154835,6585.604758154835,6302.810948064697,6319.7470703125,536602
2024-02-29,6349.745153887299,6349.745153887299,6021.458188986235,6060.74365234375,1543361
2024-03-01,6061.140308687409,6066.10682811439,5902.062788443545,6044.6513671875,1749136
2024-03-04,6103.85263331002,6130.423513365519,5982.5206555916375,5992.900390625,551616
2024-03-05,5994.638789618554,6062.630638775883,5936.183240363723,6020.5146484375,724456
2024-03-06,5984.655668677494,6038.1946489435,5905.191361043602,6013.75927734375,588776
2024-03-07,6024.884755716486,6101.716908749595,5991.609075341166,6008.29638671875,738112
2024-03-11,6008.29636777837,6183.3167069665715,5995.681699399268,6163.15283203125,521556
2024-03-12,6198.216041098013,6232.23669805436,6066.603280609954,6103.6533203125,482112
2024-03-13,6138.618036614268,6138.618036614268,5916.167436574041,5968.1669921875,356191
2024-03-14,5968.167613761409,6054.187836546346,5939.957877366227,5982.81884765625,439181
2024-03-15,5974.723592115098,5990.467557602067,5901.815175125546,5943.13671875,764270
2024-03-18,5957.589071337419,6103.803614273101,5938.616867918078,6095.45947265625,419258
2024-03-19,6036.307829640553,6084.681923810352,5993.645232923515,6072.265625,542392
2024-03-20,6106.8326341335105,6159.179945870593,6032.782019277638,6132.7080078125,413963
2024-03-21,6148.451914597946,6172.787860943477,6064.716587095341,6141.1015625,350032
2024-03-22,6127.840951787266,6348.106102183852,6127.394256017829,6333.20654296875,727548
2024-03-26,6355.158665432844,6420.170602896818,6267.251265950067,6280.11474609375,629120
2024-03-27,6312.445634739355,6356.548226357398,6178.349622042296,6189.72314453125,603420
2024-03-28,6189.72363383664,6382.573484413665,6071.56994374872,6314.23388671875,818070
2024-04-01,6358.138373412637,6513.09378448159,6330.077537754317,6414.01171875,440465
2024-04-02,6426.179564207986,6426.179564207986,6361.317013712648,6376.7626953125,213898
2024-04-03,6356.697761889825,6366.084677723872,6268.7408957895705,6332.36181640625,289202
2024-04-04,6381.977506811988,6431.642701417529,6284.037646047528,6397.47314453125,547885
2024-04-05,6397.473326238201,6436.609403696612,6338.818438736087,6354.91015625,239001
2024-04-08,6354.910046599111,6354.910046599111,6237.948511999128,6265.5126953125,491584
2024-04-09,6305.295128754623,6496.208357359389,6288.558343855523,6461.4921875,592624
2024-04-10,6461.491483293706,6472.268927848894,6407.803600318496,6446.3935546875,174947
2024-04-12,6406.811110364195,6434.524196304352,6320.095860968148,6363.65185546875,450885
2024-04-15,6282.746573911859,6356.2510622663995,6240.9283828591715,6260.943359375,251305
2024-04-16,6257.764763107775,6305.0955944013485,6160.470457317524,6292.33154296875,290190
2024-04-18,6263.874094456811,6291.984402050263,6012.667624174102,6033.47705078125,518459
2024-04-19,6098.885857155995,6157.4907864022825,6009.488507458269,6128.23779296875,560178
2024-04-22,6113.288879744532,6216.095833851861,6108.8190121746475,6196.77587890625,197001
2024-04-23,6199.7070094122755,6261.589655539987,6139.612116506813,6153.4189453125,217146
2024-04-24,6188.184077940416,6268.244471978081,6144.727030852381,6241.2763671875,207837
2024-04-25,6237.94852889606,6359.330460198675,6127.542896760369,6341.3515625,520353
2024-04-26,6337.279388915862,6337.279388915862,6209.192646760598,6216.6923828125,261065
2024-04-29,6158.4839985597855,6158.4839985597855,5694.611090926331,5928.38525390625,2785015
2024-04-30,5959.823512329284,5982.669502459879,5861.486424375851,5907.27783203125,1040838
2024-05-02,5907.277352685511,5959.823028719728,5899.678675326221,5918.650390625,572406
2024-05-03,5959.823560301182,5987.338273075912,5920.14087442417,5969.359375,563849
2024-05-06,6009.488712703728,6045.396552389697,5946.116116647161,6016.14404296875,419144
2024-05-07,6039.2875831532565,6039.2875831532565,5817.1847388494325,5860.7412109375,455928
2024-05-08,5852.546892371504,5870.426363529462,5773.728126681169,5807.3515625,511587
2024-05-09,5820.661781420638,5852.546935556612,5751.229931580581,5767.52001953125,598157
2024-05-10,5780.979275343617,5841.620284943058,5714.72571065272,5803.32861328125,372227
2024-05-13,5781.028901905479,5803.278813047932,5751.428638646102,5791.11083984375,348407
2024-05-14,5815.794415664045,5855.1788188463515,5701.564465569874,5823.5419921875,558136
2024-05-15,5830.644507992367,5844.054110840573,5781.028783449329,5809.6357421875,509306
2024-05-16,5850.5599902602235,5904.695052988438,5810.8278341294235,5891.98095703125,378026
2024-05-17,5885.325520023793,5933.0041065151245,5870.525389136107,5913.1875,267904
2024-05-21,5959.82339868869,6001.442735087198,5880.756311263753,5908.419921875,606639
2024-05-22,5918.700981103324,5918.700981103324,5805.812084805545,5828.8564453125,735701
2024-05-23,5839.0874816020505,5951.330821853053,5821.356910055642,5930.07373046875,308200
2024-05-24,5898.535917663959,5931.8615520430285,5827.713548854006,5874.74658203125,608807
2024-05-27,5910.158331117722,5919.594718369086,5878.372605639442,5899.52978515625,189637
2024-05-28,5904.3477849056235,5931.465274700718,5840.925228466722,5864.96337890625,314362
2024-05-29,5870.326929640416,5905.191995362219,5841.521115028893,5863.92041015625,337183
2024-05-30,5860.492942659799,5862.231224464826,5711.497359371838,5727.83740234375,643549
2024-05-31,5816.7384270056045,5919.445957850548,5704.544552484965,5800.1005859375,1382132
2024-06-03,5946.214489915195,5977.851313724205,5773.627950428187,5812.01953125,804820
2024-06-04,5711.845019393706,5923.815968751739,5655.077800091,5806.556640625,642000
2024-06-05,5875.392320721715,5904.943110500493,5738.117533526229,5894.91064453125,487289
2024-06-06,5930.024067630147,5934.990586949771,5860.492797155422,5922.07763671875,490549
2024-06-07,5947.65552794014,5990.615922342614,5925.505044599721,5974.27587890625,436163
2024-06-10,5999.555673509177,6034.321310690108,5951.92655656663,6016.14404296875,443756
2024-06-11,6041.026024931326,6125.953508818633,6018.627215875658,6067.05078125,521348
2024-06-12,6076.3381375768,6147.409327121518,6034.321573955421,6127.294921875,321285
2024-06-13,6166.38085987103,6168.963061884385,6118.751746025152,6164.642578125,401804
2024-06-14,6168.41752388174,6178.301092179915,6133.651885663405,6166.03369140625,216573
2024-06-18,6183.317211535036,6207.9509559795215,6124.911132119916,6194.59130859375,267887
2024-06-19,6223.04877078451,6227.021986280622,6087.015611231733,6132.2109375,401714
2024-06-20,6124.413668514467,6152.22617598098,6074.797947797229,6134.49560546875,252844
2024-06-21,6111.004930063739,6197.322948786428,6103.852947414404,6128.685546875,434583
2024-06-24,6128.685564666113,6252.848562329527,6114.928207522666,6217.6357421875,357273
2024-06-25,6216.09628851652,6272.714615209623,6200.451750877636,6253.1962890625,348730
2024-06-26,6237.749485495115,6243.56041017111,6083.9862395197515,6095.70703125,538411
2024-06-27,6074.798590331834,6158.8816721173125,6014.455375785351,6151.03466796875,440975
2024-06-28,6180.833172630549,6180.833172630549,6104.001023253295,6144.27978515625,334692
2024-07-01,6138.618317930136,6138.618317930136,6067.547615389843,6099.3828125,374933
2024-07-02,6093.670671534852,6122.476482606942,6036.307375348188,6056.76953125,436037
2024-07-03,6091.187982282883,6176.115467705882,6038.344019570566,6151.2333984375,188203
2024-07-04,6159.428461493913,6202.190003499909,6119.745773792912,6183.36669921875,222050
2024-07-05,6159.477618632082,6300.377876931461,6117.7588539195285,6286.17333984375,350300
2024-07-08,6337.278421361714,6345.175380797375,6250.662133572931,6275.1474609375,317731
2024-07-09,6267.052660033804,6307.877550959559,6214.0103240553635,6277.97900390625,176239
2024-07-10,6277.978388923649,6374.031069197822,6258.95671641139,6333.0078125,295890
2024-07-11,6353.072295100121,6368.7168314711735,6297.5467042839255,6346.26806640625,354777
2024-07-12,6342.4447092034625,6376.96202219337,6277.681096293976,6311.35400390625,211028
2024-07-15,6298.04383676763,6423.398992084522,6298.04383676763,6394.14599609375,359221
2024-07-16,6394.1457960050175,6420.716676434258,6360.125136016176,6410.48583984375,298376
2024-07-18,6388.930883888752,6495.909911257048,6386.944276026846,6477.18603515625,583444
2024-07-19,6481.556569970362,6481.556569970362,6322.379612713897,6339.21630859375,228785
2024-07-22,6339.216313013924,6390.917589405353,6327.4950354425655,6359.28076171875,222285
2024-07-23,6361.118415978926,6431.046916179105,6282.44855012142,6360.72119140625,284679
2024-07-24,6357.144984770195,6400.800885349966,6307.529260767204,6379.59375,309594
2024-07-25,6361.913303457255,6391.066873034934,6329.333126065998,6343.04052734375,412373
2024-07-26,6389.92401486175,6635.220607975716,6350.737981841646,6619.92333984375,432671
2024-07-29,6731.620807454301,6731.620807454301,6572.096097544016,6636.9091796875,367708
2024-07-30,6636.90895683933,6668.198029926968,6540.012354663078,6596.53125,264929
2024-07-31,6619.625840263317,6641.975179109537,6540.062096968432,6571.00341796875,352268
2024-08-01,6571.003081958918,6689.9017525455765,6562.361629053946,6661.4931640625,361725
2024-08-02,6661.493371985256,6750.3446024328705,6636.263549192728,6665.21826171875,587569
2024-08-05,6644.2103527948075,6711.258371753343,6555.85576936254,6642.81982421875,907845
2024-08-06,6644.359236424867,6689.902321017208,6586.648178048939,6613.1201171875,334936
2024-08-07,6656.328424585223,6722.680932455258,6617.390716905574,6675.35009765625,358284
2024-08-08,6694.868830438047,6699.189799756769,6456.475875051529,6498.09521484375,509454
2024-08-09,6538.1747057515995,6553.819242439751,6486.274576103603,6543.7373046875,115598
2024-08-12,6506.140739052551,6547.760076701557,6377.955060938944,6458.859375,230114
2024-08-13,6466.706417169715,6597.524739477489,6466.706417169715,6545.27685546875,400126
2024-08-14,6555.805663488394,6819.031193916337,6416.991445083469,6472.21923828125,1723346
2024-08-16,6522.309411433999,6680.089176245927,6522.110250985577,6652.33349609375,611092
2024-08-19,6715.107065879742,6721.971300395652,6531.11293797177,6690.13671875,398225
2024-08-20,6739.977578824799,6753.507372665825,6615.623748957182,6638.4052734375,146064
2024-08-21,6640.495087937553,6753.408375200611,6592.842793371806,6717.544921875,291296
2024-08-22,6725.602572845893,6822.5490199918995,6716.10213385321,6795.24072265625,344641
2024-08-23,6828.517610137108,6891.589776459263,6795.389943656525,6825.23486328125,468784
2024-08-26,6794.693683455475,6842.445557072732,6574.63693823308,6744.9521484375,385016
2024-08-27,6744.951832499185,6815.336101252771,6699.189622426182,6746.39453125,297297
2024-08-28,6750.821757387021,6813.098258271804,6711.675070987864,6741.4208984375,250361
2024-08-29,6764.749326170849,6871.644081501971,6725.353932446878,6821.75341796875,659960
2024-08-30,6829.512536369993,6953.866369880007,6815.584907016871,6891.689453125,499581
2024-09-02,6952.871863933467,6962.820171078885,6829.562402563121,6844.48486328125,248292
2024-09-03,6855.329079403612,6889.998542073187,6799.121142615768,6809.46728515625,361990
2024-09-04,6802.652105469428,6902.135172235579,6754.949780652193,6895.07177734375,389768
2024-09-05,6895.071774445305,7007.587220061957,6864.530764415233,6898.4541015625,387284
2024-09-06,6898.454524714826,6926.459398321278,6822.449554226711,6871.0966796875,185503
2024-09-09,6871.096167832186,6892.186772003188,6785.19292945141,6825.23486328125,304409
2024-09-10,6864.331612927075,6939.7896162872785,6825.234961956312,6885.77001953125,354522
2024-09-11,6864.33137046665,6918.00267744149,6837.918811452712,6864.580078125,223028
2024-09-12,6907.109234419397,7059.766192660277,6879.2539760924865,7025.294921875,831152
2024-09-13,7059.5182122196875,7063.2488275584865,6971.823492383212,6982.8662109375,238034
2024-09-16,6988.685657600014,7026.439676914403,6974.260612470448,6995.0029296875,226343
2024-09-17,6995.052636681572,7115.477186950699,6963.715468960245,6971.8232421875,266003
2024-09-18,6993.559824748831,7031.4629693155,6924.767383087559,6999.52880859375,251334
2024-09-19,7031.462569398758,7087.819624844454,6975.205094162911,6993.90771484375,407897
2024-09-20,7003.50858500519,7083.194621650191,6981.6223094888555,7046.03759765625,493357
2024-09-23,7053.747369633521,7144.873957244943,7053.747369633521,7115.82470703125,254282
2024-09-24,7039.621031324705,7162.780874842038,7039.621031324705,7085.18408203125,333949
2024-09-25,7056.085391838599,7108.0157482723735,7037.581443812935,7096.5751953125,236185
2024-09-26,7071.256164253945,7156.762051764123,7057.726370446093,7130.796875,405696
2024-09-27,7122.290936008158,7242.26761052267,7073.245978868235,7196.60498046875,772592
2024-09-30,7123.4854363433615,7279.1268982275415,7123.4854363433615,7161.935546875,442794
2024-10-01,7164.273069921006,7206.503826164876,7098.116830366782,7116.3720703125,310719
2024-10-03,7056.682646241876,7162.781246301275,6820.509928411103,6870.25146484375,655420
2024-10-04,6866.421196493559,6922.330391396013,6692.574528507,6738.58544921875,429272
2024-10-07,6765.84382843245,6822.051764957437,6708.2927732638345,6738.1376953125,260810
2024-10-08,6783.750864292319,6904.125384688179,6713.814457075952,6888.50634765625,345891
2024-10-09,6923.0265046665345,7033.45270699704,6900.5432347883525,6972.66845703125,391824
2024-10-10,7018.480649678205,7018.579744136934,6848.463703928402,6919.0966796875,237853
2024-10-11,6945.908115387754,6982.667304944651,6894.276497960472,6947.30078125,75315
2024-10-14,6940.784386279384,7064.690350660008,6925.762346164319,7055.93603515625,168515
2024-10-15,7078.22082630361,7113.388190666553,7003.608519631401,7103.24072265625,322659
2024-10-16,7048.47504878457,7098.316163716533,7019.525378431272,7034.74609375,223419
2024-10-17,7052.355230854419,7065.8850262904725,6924.668606141944,6953.17041015625,183572
2024-10-18,6947.201057786233,7005.249526489714,6914.073389660945,6946.80322265625,236651
2024-10-21,6936.207911600993,6995.649042185547,6921.534159699366,6950.28466796875,222611
2024-10-22,6983.66156445177,7000.87194026744,6836.028308470912,6856.3232421875,112233
2024-10-23,6849.409307470953,6922.977231372584,6819.315679068484,6871.046875,109466
2024-10-24,6901.389605949235,6941.92895892663,6835.133780986887,6918.2021484375,147408
2024-10-25,6918.20143773352,6944.912737722344,6840.505067151906,6908.94970703125,175261
2024-10-28,6887.2123704499845,6933.969409509807,6759.12792834462,6890.4951171875,238427
2024-10-29,6921.932539024274,6961.527092960051,6820.360225808573,6951.330078125,196146
2024-10-30,6944.515680431628,6998.634376468515,6903.926294086059,6946.40576171875,191699
2024-10-31,6963.715030465552,7013.5561436163,6920.091608931486,6986.3974609375,224153
2024-11-01,6986.397913467509,7009.57727501303,6964.561184792431,6995.60009765625,18769
2024-11-04,7053.349501778952,7053.349501778952,6856.522155131473,6922.4296875,273442
2024-11-05,6884.228109350667,6950.433894914466,6779.024767939709,6930.28857421875,246059
2024-11-06,6983.7112037284305,7104.831836072296,6855.378049130002,6932.07958984375,459745
2024-11-07,7278.678747525745,7445.21330797505,7163.079226979113,7386.46875,2502817
2024-11-08,7351.8480945974725,7505.997299037629,7341.850240808178,7383.0361328125,1032481
2024-11-11,7361.747075717114,7415.617060207584,6946.504844570667,7118.46142578125,625620
2024-11-12,7124.231376892577,7195.461352429142,6964.809756624183,6983.263671875,194183
2024-11-13,6933.9693683848955,6962.023785957255,6795.140950728193,6823.39404296875,299775
2024-11-14,6824.538515798352,6872.2903887951925,6791.758650344528,6825.18505859375,192648
2024-11-18,6838.913925501279,6838.913925501279,6659.943498529918,6707.048828125,268706
2024-11-19,6715.1074121648335,6761.764876143844,6626.766637845452,6652.33349609375,290018
2024-11-21,6589.311169669236,6726.996137205299,6560.063242105718,6707.646484375,258574
2024-11-22,6716.698579375537,6914.371134123326,6716.698579375537,6899.25,498633
2024-11-25,6943.918329008392,7110.05505693739,6895.072044184419,7038.42724609375,639047
2024-11-26,7058.32357007706,7075.285238617017,7006.094960150486,7039.96875,179222
2024-11-27,7039.968469516138,7078.617736473386,6933.969460657862,6946.60400390625,227250
2024-11-28,6946.6044509310605,6993.659748248698,6780.765980663318,6805.736328125,412343
2024-11-29,6831.551814315006,6856.820902146592,6776.786579783888,6793.59912109375,410883
2024-12-02,6822.5492672878645,7043.401693263062,6785.840109851535,7029.27490234375,579743
2024-12-03,7067.675046618691,7098.514797963896,7039.968914791,7089.71044921875,351470
2024-12-04,7179.3448309882115,7231.52389519345,7088.218242262765,7194.9638671875,604278
2024-12-05,7219.735481355808,7297.034025157652,7103.489410730058,7237.14501953125,510951
2024-12-06,7225.455357430957,7272.261947455104,7170.490961382759,7195.90869140625,189048
2024-12-09,7125.723753334774,7190.586910705944,7125.723753334774,7156.6630859375,203674
2024-12-10,7191.431791951017,7270.670443851504,7177.902483371456,7220.779296875,333300
2024-12-11,7218.19284053747,7325.932804122507,7178.747417211022,7302.8525390625,391192
2024-12-12,7262.264273448307,7280.817769269446,7152.335478624192,7189.7412109375,396742
2024-12-13,7183.671908195635,7239.7307107932365,7166.958948079755,7221.92333984375,314999
2024-12-16,7214.1640296449605,7232.518850569278,7129.006423615713,7221.67529296875,219812
2024-12-17,7189.641435267857,7269.227890895562,7163.775837188852,7181.43408203125,237831
2024-12-18,7195.858854609591,7229.9318046348735,7140.546172891568,7199.9873046875,253532
2024-12-19,7111.049921641347,7275.445696620535,7100.504618954181,7259.82666015625,292899
2024-12-20,7286.935601599521,7351.699176294812,7172.778780583274,7214.2138671875,349055
2024-12-23,7213.617291485036,7292.009759662813,7147.858882278121,7227.544921875,179062
2024-12-24,7222.470832613951,7242.118738804601,7173.127133079919,7202.57421875,146814
2024-12-26,7234.607916639912,7260.323901294319,7187.403006236704,7223.61474609375,116439
2024-12-27,7223.615130515267,7257.290248215313,7118.013944616939,7208.841796875,189089
2024-12-30,7202.574250393069,7340.258721785059,7182.7271836737145,7276.4404296875,428884
2024-12-31,7267.834996142092,7327.8731238665205,7215.307645628073,7258.6328125,212227
2025-01-01,7282.160465586694,7406.514298673898,7262.661687407189,7331.5537109375,341399
2025-01-02,7366.721322271683,7406.465002978976,7295.143059212911,7383.28515625,265991
2025-01-03,7389.553208257968,7399.10319478047,7242.367805598186,7260.623046875,180636
2025-01-06,7260.622917529674,7434.370006465373,7253.06210686972,7390.74658203125,527272
2025-01-07,7427.6546342416095,7506.345838919381,7307.230573600571,7398.30712890625,398234
2025-01-08,7410.2448101423915,7421.436654963885,7094.137370850867,7105.72705078125,450295
2025-01-09,7103.090852655704,7126.668533402255,6954.960665779063,7054.89111328125,305521
2025-01-10,7053.349735318151,7102.096440117953,6980.577966018456,7000.375,185381
2025-01-13,6963.8143877341145,6963.8143877341145,6721.125262018724,6804.24365234375,431086
2025-01-14,6819.166407263623,6863.336791857148,6648.552947370378,6672.18017578125,362659
2025-01-15,6714.7092845236375,6725.005879258529,6573.841162462298,6657.2578125,547360
2025-01-16,6725.055612636507,6772.608326363815,6665.415317153522,6754.55224609375,579821
2025-01-17,6784.695450052863,6809.615763401311,6727.343074776568,6792.80322265625,166710
2025-01-20,6865.32715999021,6874.280636941364,6705.1594056417935,6745.79833984375,120356
2025-01-21,6802.652397504971,6978.687886007684,6802.652397504971,6883.3828125,799900
2025-01-22,6872.290595671398,6906.065292829375,6794.5942194924655,6857.2685546875,247081
2025-01-23,6856.621963283079,6927.105816261511,6787.929097037554,6885.07421875,271085
2025-01-24,6879.502996591395,6879.502996591395,6693.6688161770435,6710.1826171875,317194
2025-01-27,6665.365152204425,6695.010910369583,6639.847843959727,6660.8388671875,191705
2025-01-28,6664.370771612374,6712.620059927525,6600.751154881589,6674.26953125,202194
2025-01-29,6706.153518658011,6763.604989612247,6662.629677026015,6749.2294921875,146288
2025-01-30,6751.169692842102,6859.357529142943,6735.351982203344,6789.37109375,204648
2025-01-31,6786.9832051109615,6844.434673482123,6754.054214399613,6775.2939453125,187712
2025-02-01,6775.095251429437,6904.12498618008,6775.0457041978225,6805.736328125,117096
2025-02-03,6746.543215582783,6851.1495548037565,6690.186159900195,6763.5048828125,250589
2025-02-04,6749.92638004041,6781.36312768695,6671.633008713339,6757.08935546875,223642
2025-02-05,6790.863537708836,6971.773599042035,6761.317357146657,6908.7509765625,389639
2025-02-06,6802.055235816708,6889.202501068298,6750.473167592292,6838.71484375,334197
2025-02-07,6885.670989970042,6894.02747051311,6715.107075938341,6755.447265625,259335
2025-02-10,6781.96029041006,6799.021540387683,6651.438303493021,6726.29931640625,213808
2025-02-11,6764.749209766447,6779.771250554474,6250.0239004561245,6284.69384765625,1728723
2025-02-12,6316.776922475648,6460.479921373196,6182.872617076666,6341.59765625,1133586
2025-02-13,6339.309801137387,6391.787119511587,6311.65370253404,6339.26025390625,636246
2025-02-14,6353.257565770211,6355.897498674516,6207.159388407728,6246.9091796875,320088
2025-02-17,6126.862447017355,6293.234158993274,6126.862447017355,6276.49755859375,482329
2025-02-18,6296.223156438438,6365.959805323041,6296.223156438438,6352.859375,220118
2025-02-19,6324.366336346124,6410.789961703982,6260.607119943784,6398.486328125,195067
2025-02-20,6360.230774301216,6445.110424096108,6353.904567380576,6366.90576171875,165304
2025-02-21,6338.363870292431,6371.5388825211485,6269.275164639556,6293.7822265625,220428
2025-02-24,6251.391678520131,6251.391678520131,6212.538407530125,6227.88037109375,458224
2025-02-25,6227.4822741806165,6256.323552078978,6189.674856389817,6227.8310546875,421160
2025-02-27,6237.444311450989,6258.614362819513,6122.329238469465,6161.9296875,397857
2025-02-28,6121.930500032758,6121.930500032758,5978.77142935292,6029.82861328125,845516
2025-03-03,6002.930291682637,6171.692869468527,5978.422745711159,6147.384765625,373515
2025-03-04,6109.925752748035,6197.096550622721,6089.303437987435,6164.8681640625,445246
2025-03-05,6176.6742926565075,6211.592232588106,6107.58510469093,6191.02001953125,345922
2025-03-06,6231.467366421526,6268.328164592205,6193.659947774177,6250.49560546875,284475
2025-03-07,6268.5767838768925,6290.992132541874,6173.983817932991,6192.71337890625,299433
2025-03-10,6183.049977756527,6188.62900653871,6110.822739673131,6126.4638671875,266043
2025-03-11,6106.93749159309,6132.540996698339,6017.276092858445,6111.71923828125,526709
2025-03-12,6111.022145085766,6134.782512966866,6040.936721332973,6120.6357421875,250139
2025-03-13,6131.943352787264,6176.674332519405,6059.217993710827,6082.67919921875,247628
2025-03-17,5979.419227447075,6180.858703562556,5979.419227447075,6133.4873046875,287639
2025-03-18,6133.4873046875,6133.4873046875,6133.4873046875,6133.4873046875,0
2025-03-19,6251.640862921315,6410.690120441506,6203.672113144356,6403.36767578125,579880
2025-03-20,6440.677266940328,6460.253242086962,6339.808191414,6449.9921875,457285
2025-03-21,6469.56774374035,6609.140745386754,6445.707655805329,6586.67529296875,496635
2025-03-24,6624.38335445037,6674.743465772107,6575.617807299454,6590.90966796875,389998
2025-03-25,6571.682317748241,6642.06641749554,6537.3617326837175,6619.701171875,223668
2025-03-26,6628.7668609285565,6654.868485794848,6466.629159422103,6495.27099609375,281646
2025-03-27,6475.595390771661,6535.270424824007,6406.058186120524,6467.62548828125,728926
2025-03-28,6467.625284223824,6624.732176686929,6408.7480205889215,6591.30859375,413873
2025-04-01,6574.173132640553,6636.836391927414,6521.023749607447,6607.34765625,319668
2025-04-02,6607.347823151188,6721.018654397015,6607.347823151188,6706.822265625,292940
2025-04-03,6649.936764462926,6749.461307326242,6634.993197840112,6646.2509765625,312519
2025-04-04,6646.89884882977,6709.661832564224,6557.237443494836,6689.28857421875,279891
2025-04-07,6540.301026900804,6700.396632753888,6466.430092789086,6658.15576171875,744140
2025-04-08,6699.69910850149,6764.45456456879,6690.982027877046,6730.18408203125,578124
2025-04-09,6639.92476692128,6825.673494551104,6639.92476692128,6808.388671875,680834
2025-04-11,6797.031402077784,6845.099872882874,6740.04640894982,6755.4384765625,651996
2025-04-15,6938.796240340446,6938.796240340446,6809.285327024688,6879.02197265625,778401
2025-04-16,6844.153818456257,7008.034939727881,6839.172629359855,6979.14404296875,621996
2025-04-17,7011.521255334612,7065.3180936108365,6973.664220992083,7046.8876953125,533349
2025-04-21,7123.100201396788,7161.953475222589,7031.446324679515,7115.62841796875,244570
2025-04-22,7114.63165367155,7145.515022888636,7043.400656928917,7061.8310546875,305540
2025-04-23,7061.831164143994,7142.028301579783,7044.895122697927,7115.1298828125,287593
2025-04-24,7114.632172916012,7157.470397859705,7066.812759025377,7132.564453125,277769
2025-04-25,7142.526285233779,7215.749757158555,6872.047746083075,6926.8408203125,550158
2025-04-28,6928.335598648753,7029.453732700496,6928.335598648753,7018.4951171875,379519
2025-04-29,7022.480307234872,7063.326057354979,6949.754947264927,6966.19287109375,174253
2025-04-30,6965.694053900315,7009.0303941956045,6893.9649389288015,6950.75048828125,499567
2025-05-02,6895.957632157323,7071.295474292499,6891.972681199706,6901.93505859375,207912
2025-05-05,6933.814878253154,7004.547759913496,6923.852500554514,6947.76220703125,259097
2025-05-06,6973.1661124940365,7047.385824670736,6923.852344000794,6982.63037109375,292595
2025-05-07,6943.777424302772,7029.453874588286,6923.852668422419,6956.728515625,338311
2025-05-08,6923.852565787373,6952.743461385623,6780.394325575377,6825.72314453125,383274
2025-05-09,6710.159659433634,6818.251460049557,6652.377867399316,6696.71044921875,428193
2025-05-12,6774.417390088074,6914.388808221512,6733.073519251507,6899.943359375,237009
2025-05-13,6882.010838396729,6986.615809159853,6874.040935862396,6891.47509765625,323598
2025-05-14,6903.927236245527,6966.690211120486,6836.681191736641,6890.47802734375,324593
2025-05-15,6915.882573071315,7069.801307951683,6844.153453903765,7045.8916015625,656146
2025-05-16,7053.363364776373,7078.269308861035,6966.690679361747,6988.60791015625,270772
2025-05-19,6958.720750381412,7034.434820106391,6939.294114070397,6948.26025390625,307173
2025-05-20,6959.219083044264,6980.6381955323395,6865.074611875746,6885.99560546875,365507
2025-05-21,6902.433412951702,7016.502638005172,6902.433412951702,6957.724609375,449740
2025-05-22,6957.724462915199,6974.660504706373,6888.984057998081,6928.33544921875,229993
2025-05-23,6961.211565087763,7061.333463090098,6903.927892101352,7037.921875,321466
2025-05-26,7068.306912890047,7093.212856910097,7053.363346478018,7069.80126953125,228090
2025-05-27,7091.718393876021,7097.695820351157,7003.053234494835,7046.8876953125,218088
2025-05-28,7073.2882466038955,7074.284484385107,6906.418418250916,6930.328125,278102
2025-05-29,6939.294206909373,6954.735892388821,6860.591422852832,6896.9541015625,308885
2025-05-30,6923.852292455807,6966.690515272441,6827.715350553363,6854.61376953125,911209
2025-06-02,6917.875198828719,7063.325915854783,6857.6028126638075,6889.482421875,1217905
2025-06-03,6923.852816800459,6924.350935708142,6773.919025587729,6786.8701171875,489548
2025-06-04,6786.869855417464,6842.161052037746,6746.522225451313,6829.2099609375,629518
2025-06-05,6842.6590761514235,6893.4672020717435,6816.258775428119,6850.130859375,488647
2025-06-06,6841.164423233818,6928.833342593738,6782.386397753871,6916.38037109375,269399
2025-06-09,6950.252500715657,6950.252500715657,6860.092986444208,6905.919921875,239444
2025-06-10,6925.346548062938,6966.192294804013,6884.99892018456,6892.470703125,559472
2025-06-11,6891.973240707325,6920.864137495489,6837.180160591844,6901.4375,526939
2025-06-12,6905.919912802383,7028.457153032431,6903.927437351488,6970.17724609375,552007
2025-06-13,6952.743860410412,7011.023773841277,6896.954541570609,6968.185546875,367775
2025-06-16,6984.1252256430425,7111.145547484493,6955.73244781966,7087.23583984375,589027
2025-06-17,7093.212630682224,7107.658077753136,6973.165984334301,6980.1396484375,264117
2025-06-18,6980.1399077015685,7003.551495203315,6890.976627641726,6907.41455078125,394355
2025-06-19,6910.901182031417,7008.53248026395,6885.995238604751,6983.12841796875,462080
2025-06-20,6978.645385042273,7050.374502490245,6948.260133901118,7036.92529296875,378436
2025-06-23,6973.664447132536,7022.978217151545,6969.181377130809,6981.13623046875,137379
2025-06-24,7008.034377132658,7049.378243313767,6967.188629821202,6979.6416015625,238243
2025-06-25,6968.683657680035,7034.435354807539,6968.683657680035,7015.5068359375,378904
2025-06-26,7027.959053338754,7095.7032188539615,6994.086970581149,7074.7822265625,426516
2025-06-27,7103.17546029452,7296.445592033249,7090.722487888675,7281.00390625,523582
2025-06-30,7308.8983752006525,7308.8983752006525,7176.398752233068,7214.75390625,353888
2025-07-01,7446.8773466291395,7555.965382676751,7376.642583694376,7467.79833984375,1872535
2025-07-02,7441.89626690906,7503.663009686618,7388.5975453187475,7413.00537109375,910865
2025-07-03,7445.881421430931,7571.905504895076,7412.009335756775,7536.5390625,894597
2025-07-04,7564.43342335093,7564.43342335093,7496.689254670848,7525.08203125,349076
2025-07-07,7534.048445084516,7596.811427172493,7507.150024189668,7587.34716796875,449086
2025-07-08,7576.388575057832,7606.275709476206,7525.580446546596,7536.5390625,481581
2025-07-09,7516.6134795958715,7540.025065648953,7420.476541122578,7440.8994140625,266815
2025-07-10,7426.952793573876,7426.952793573876,7320.355349051756,7331.31396484375,384661
2025-07-11,7327.328516467157,7356.219410685722,7132.065921058923,7162.451171875,578061
2025-07-14,7172.911671139196,7229.199103002998,7146.013252372424,7192.83642578125,670246
2025-07-15,7233.184328477123,7346.25731536262,7200.308482069886,7332.80810546875,517978
2025-07-16,7346.755610369825,7382.122052049685,7282.498272669797,7324.83837890625,527782
2025-07-17,7333.306199673916,7380.627493585683,7303.917185560294,7322.845703125,378666
2025-07-18,7356.71821298088,7356.71821298088,7227.705414743894,7276.02294921875,192649
2025-07-21,7276.022682849869,7294.951200817165,7218.739010054104,7227.20703125,217270
2025-07-22,7242.648403404876,7264.067514914258,7189.349684067578,7219.23681640625,300768
2025-07-23,7223.719669016367,7362.196711354428,7216.7460050137315,7345.7587890625,508883
2025-07-24,7345.261133886739,7457.337883861275,7321.84954611428,7335.796875,454916
2025-07-25,7337.291245300575,7455.345422159789,7315.872133043417,7440.40185546875,434232
2025-07-28,7451.858608246109,7473.775839446832,7295.449276495488,7328.8232421875,240740
2025-07-29,7328.82259169157,7440.899332202043,7282.995657793954,7427.9482421875,336770
2025-07-30,7431.93356884438,7446.3790161296665,7372.159304215605,7421.97119140625,266922
2025-07-31,7350.241999298772,7496.68894615387,7327.328531423484,7469.79052734375,342605
2025-08-01,7509.640136685541,7509.640136685541,7303.917041935532,7323.841796875,215243
2025-08-04,7359.208152198896,7360.204389934404,7267.554280532144,7280.50537109375,260996
2025-08-05,7284.490825628952,7314.377959760362,7208.278633593857,7246.6337890625,282791
2025-08-06,7242.64830927481,7251.614448859883,7137.545228583133,7162.451171875,296623
2025-08-07,7137.046987774582,7170.420951215459,7026.962720305417,7143.0244140625,407857
2025-08-08,7143.0250114135615,7171.417788655582,7039.4162804251355,7057.8466796875,327102
2025-08-11,7074.284374421515,7292.4604451155465,6994.087234280559,7231.68994140625,498598
2025-08-12,7231.689763239091,7257.59194450982,7177.892925215271,7209.2744140625,342006
2025-08-13,7375.148146413463,7810.504048072613,7361.200817756191,7779.12255859375,2291645
2025-08-14,7800.541751527241,7829.930765789061,7719.846492028683,7792.07373046875,673142
2025-08-18,7820.466362431088,7887.712410770464,7776.631901291346,7793.06982421875,633876
2025-08-19,7811.02507104372,7844.9405109792915,7780.600926395635,7804.04248046875,384598
2025-08-20,7810.52634526037,7898.30748426202,7793.069868754361,7863.39453125,452843
2025-08-21,7873.369450109009,7927.235147601204,7833.468933448125,7906.7861328125,482016
2025-08-22,7875.364780453712,7960.153381636557,7832.471723384743,7902.79638671875,843648
2025-08-25,7906.287591872254,7930.227902521375,7819.005209297333,7831.47412109375,402979
2025-08-26,7808.032627850933,7814.51646203567,7701.2987420406425,7774.1171875,671659
2025-08-28,7735.712633784513,7808.53107637204,7695.3133608421185,7708.77978515625,418353
2025-08-29,7650.924016764537,7724.739972076216,7567.132932356685,7591.0732421875,481590
2025-09-01,7576.609427796623,7665.3880781914495,7576.609427796623,7652.42041015625,255894
2025-09-02,7612.520126950582,7679.85225150921,7612.520126950582,7662.89453125,195907
2025-09-03,7665.8866079147,7756.161525028075,7636.95873392257,7716.759765625,321268
2025-09-04,7770.625629821005,7898.806039760928,7731.722626026009,7880.35205078125,386286
2025-09-05,7880.351836530607,7895.314529891109,7776.111739452449,7785.08935546875,228324
2025-09-08,7815.01489704612,7829.97759070311,7721.248683462312,7767.13427734375,314960
2025-09-09,7735.712450731982,7828.481149367453,7735.712450731982,7806.037109375,303494
2025-09-10,7785.588185539731,7919.254914157582,7785.588185539731,7909.27978515625,337313
2025-09-11,7855.913268496871,7921.749123454752,7840.451817711308,7859.9033203125,161041
2025-09-12,7855.414283806214,7895.314800803325,7821.997600821133,7854.91552734375,117761
2025-09-15,7880.352390825898,7936.213116634283,7776.611042896037,7797.06005859375,214626
2025-09-16,7786.087107540642,7842.446587596506,7786.087107540642,7832.97021484375,194911
2025-09-17,7849.429090643026,7891.3246328729165,7840.451474450906,7868.3818359375,249447
2025-09-18,7855.414163944076,7866.386805950855,7801.548466819888,7830.97509765625,264065
2025-09-19,7830.975531395612,7856.910868484496,7779.104857217843,7787.0849609375,207129
2025-09-22,7592.569544871904,7777.109433960954,7592.569544871904,7719.75244140625,302818
2025-09-23,7705.787189251306,7729.727498965484,7645.43765851348,7664.88916015625,443181
2025-09-24,7678.854198394673,7710.774610754849,7615.51213011745,7624.48974609375,201984
2025-09-25,7629.976397455302,7684.839608575715,7596.060957853591,7605.03857421875,374239
2025-09-26,7531.222783684255,7611.522576278504,7472.3695195468545,7491.322265625,207170
2025-09-29,7531.2226998043725,7576.110782121088,7407.531095198315,7425.486328125,388214
2025-09-30,7425.486194472095,7459.401633834273,7381.595625885747,7390.5732421875,369272
2025-10-01,7391.071995301843,7463.391682144327,7340.697592742596,7422.49365234375,220764
2025-10-03,7422.493796248909,7465.386852725015,7385.585817420632,7430.97265625,478143
2025-10-06,7531.22240274141,7710.774724925974,7531.22240274141,7642.94384765625,423558
2025-10-07,7655.413029499797,7687.333443460836,7614.514999112216,7680.849609375,210121
2025-10-08,7678.35555564265,7742.695137758786,7624.489858987281,7642.94384765625,188810
2025-10-09,7670.874739837151,7730.725518041341,7601.048831932261,7675.8623046875,295802
2025-10-10,7675.363397487764,7719.752723784236,7640.949200696116,7661.89697265625,273853
2025-10-13,7689.827367276104,7724.740320688306,7623.991512270239,7651.921875,191488
2025-10-14,7828.980535708532,7828.980535708532,7655.9120356199255,7739.703125,413862
2025-10-15,7780.60079682309,7830.476442956571,7721.2487779242465,7806.5361328125,212807
2025-10-16,7794.565588822245,7850.426309704514,7788.0817551484115,7814.01708984375,178563
2025-10-17,7830.476715506945,8010.02904783704,7821.000342411745,7881.8486328125,610960
2025-10-20,7930.227837151802,8044.941824733244,7901.798718490315,7990.07861328125,498555
2025-10-21,8018.009067087844,8038.4580824990535,7972.6222280044285,7992.07373046875,31082
2025-10-23,7930.2276517498585,8079.355832119243,7900.302264384765,7948.681640625,456860
2025-10-24,7955.165844298246,7962.1484350079745,7805.040144039075,7818.0078125,287555
2025-10-27,7818.007689426114,7883.344787181445,7814.516394126211,7825.98779296875,266541
2025-10-28,7844.44191507122,7881.349894580076,7809.030205001914,7860.90087890625,348079
2025-10-29,7870.875981005092,7885.339918870192,7826.486654453577,7838.95556640625,199897
2025-10-30,7747.683178428875,7818.007842273247,7745.688152504212,7770.6259765625,209452
2025-10-31,7813.518941129593,7813.518941129593,7631.971584141774,7661.89697265625,347031
2025-11-03,7655.911853767613,7825.489054437385,7642.445429008543,7805.0400390625,332284
2025-11-04,7805.039887992576,7863.893150615308,7761.14931925698,7791.07470703125,384562
2025-11-06,7713.268618499121,7830.975142518894,7680.849448747912,7762.6455078125,425649
2025-11-07,7769.628050000716,7871.374366742283,7606.534689341437,7622.99365234375,486385
2025-11-10,7612.519754071485,7633.467525130321,7496.309500340328,7510.7734375,377719
2025-11-11,7482.842994729609,7550.17511525807,7422.493464478174,7482.34423828125,306736
2025-11-12,7501.296845825554,7520.249590515805,7439.451047362631,7479.3515625,420561
2025-11-13,7461.396878779989,7490.324754379536,7406.5336664360175,7421.9951171875,448567
2025-11-14,7421.4964246007685,7448.429274528755,7356.6580821815405,7402.044921875,218565
2025-11-17,7456.409018285684,7485.835649193969,7406.533372678422,7468.8779296875,248470
2025-11-18,7431.471420720924,7455.411731338011,7354.6629241577675,7367.1318359375,285148
2025-11-19,7400.548214418509,7463.391527197638,7313.764592009234,7440.44873046875,454714
2025-11-20,7462.394324899699,7472.36945432745,7396.55847067655,7404.53857421875,228411
2025-11-21,7407.032360606967,7416.5087335684875,7363.14179110098,7372.6181640625,138622
2025-11-24,7380.598310611275,7402.54359549213,7313.76494301958,7336.208984375,751685
2025-11-25,7390.573319920835,7391.07207638729,7296.30834776096,7312.2685546875,237415
2025-11-26,7323.241364033122,7383.590897851008,7290.323436496094,7374.61328125,272489
2025-11-27,7371.6206983238735,7377.6057760221065,7291.819662347431,7304.28857421875,243681
2025-11-28,7311.770026354075,7340.697902311001,7281.844637433117,7317.25634765625,299937
2025-12-01,7356.6578697872,7363.141703841928,7263.8891671580195,7269.37548828125,227568
2025-12-02,7269.375608665974,7280.847007568157,7212.0186141550585,7223.98876953125,329723
2025-12-03,7182.093019209354,7238.951255611428,7132.716129702289,7166.1328125,329160
2025-12-04,7166.133100003472,7209.524913735397,7140.197763060251,7183.0908203125,306183
2025-12-05,7183.090539208655,7201.5445282345345,7129.224841511492,7171.619140625,260117
2025-12-08,7139.199849607173,7201.045649617743,7064.386381852452,7078.3515625,287363
2025-12-09,7082.341874272845,7163.639178885977,7041.44384373127,7073.3642578125,560843
2025-12-10,7083.339249547513,7098.301943357288,6988.076765625278,7001.04443359375,266098
2025-12-11,7010.52088376712,7047.9276187046935,6955.657672525345,6992.06689453125,350620
2025-12-12,6997.552760642207,7112.266740324866,6978.600016172898,7083.3388671875,306662
2025-12-15,7057.404089408007,7080.346887154493,6998.052069150795,7068.87548828125,205982
2025-12-16,7092.316908553366,7130.2223997664505,7007.528309787257,7033.96240234375,385236
2025-12-17,7091.319316184737,7091.319316184737,6894.310515376397,6904.28564453125,358023
2025-12-18,6904.2855074370345,6932.215868516026,6863.8862351620655,6901.29296875,384579
2025-12-19,6901.792109375,7006.530969251337,6884.834389204546,6995.0595703125,235742
2025-12-22,6996.555538358112,7086.331700099235,6995.558025449877,7036.4560546875,358776
2025-12-23,7051.917663121211,7080.346781644297,6998.550721332261,7055.90771484375,286197
2025-12-24,7052.416762071685,7191.569822652873,7026.980181105231,7154.1630859375,351381
2025-12-26,7164.137973297102,7184.088232203527,7113.7635695583795,7138.20263671875,228172
2025-12-29,7150.172700966899,7162.142856158251,7052.416433570867,7066.88037109375,234376
2025-12-30,7037.453573464324,7047.428702554989,6919.747050194474,6972.615234375,433130
2025-12-31,6972.615434055511,7035.957505595215,6937.7024812383515,7024.98486328125,226286
2026-01-01,7045.4336126317185,7107.279412431119,7006.0318530821005,7093.81298828125,81987
2026-01-02,7112.267311160933,7133.215083045138,7057.902855556687,7111.7685546875,353245
2026-01-05,7111.768138376548,7116.755702818919,7045.932287737254,7065.3837890625,349588
2026-01-06,7022.491111526946,7341.6952529599885,7022.491111526946,7329.72509765625,581189
2026-01-07,7330.72251555157,7469.376812688822,7296.80707596404,7428.9775390625,567878
2026-01-08,7406.533615192074,7424.488848198601,7306.782320711372,7346.18408203125,778407
2026-01-09,7329.725070572505,7342.193982301159,7207.03097916254,7238.45263671875,312461
2026-01-12,7185.085753567405,7271.370623438789,7093.314562490326,7250.4228515625,333583
2026-01-13,7280.84700612103,7303.291047446927,7221.993742199788,7293.31591796875,275363
2026-01-14,7239.949147849347,7307.281273432129,7224.487696789597,7254.4130859375,383251
2026-01-15,7254.4130859375,7254.4130859375,7254.4130859375,7254.4130859375,0
2026-01-16,6932.7149382277485,7280.846954550264,6932.7149382277485,7217.5048828125,501597
2026-01-19,7235.95883076458,7241.943908374807,7086.331890508902,7115.259765625,364331
2026-01-20,7111.2696540884945,7111.2696540884945,6867.876499985872,6895.30810546875,499367
2026-01-21,6862.888914066506,6894.310571158525,6721.242078921528,6809.52197265625,620592
2026-01-22,6861.392516595959,6897.302981173621,6763.63625191232,6780.09521484375,714732
2026-01-23,6793.063157022866,6818.998493598871,6679.845437739152,6786.08056640625,458099
2026-01-27,6785.082863703587,6824.983380396933,6691.815405932889,6776.60400390625,515312
2026-01-28,6781.591499859426,6872.863930871728,6767.62631915809,6860.39501953125,399249
2026-01-29,6881.841716535826,6881.841716535826,6739.197367287439,6784.08544921875,517720
2026-01-30,6770.120466115154,6957.154146297355,6750.170206895719,6943.18896484375,489138
2026-02-02,6897.8018702788095,6932.714822622954,6814.010784652863,6916.255859375,343776
2026-02-03,7052.416128731837,7145.683583899648,6985.084008690903,7070.8701171875,438009
2026-02-04,7062.39177941874,7142.1928164743185,7032.466390522898,7098.30224609375,216137
2026-02-05,7098.302031776538,7115.259751638848,7025.483587661911,7104.287109375,234707
2026-02-06,7062.391736390248,7158.651736752065,6976.605622078164,7134.71142578125,668962
2026-02-09,7181.095762509643,7261.8943118586185,7145.684052609782,7193.06591796875,412161
2026-02-10,7231.968799511272,7262.392944116113,7167.130458550137,7201.0458984375,277132
2026-02-11,7386.583270653119,7620.998809964866,7386.583270653119,7488.32958984375,1496488
2026-02-12,7493.317150815758,7560.649273776363,7391.570831675288,7520.25,434146
2026-02-13,7499.302144359049,7579.103178084604,7466.384217947257,7523.7412109375,431623
2026-02-16,7517.748482437514,7622.126973956111,7469.304876326013,7609.14208984375,494924
2026-02-17,7581.174504774963,7606.145435291349,7545.715783441693,7592.6611328125,525344
2026-02-18,7581.174767974624,7661.081748401234,7581.174767974624,7638.60791015625,385965
2026-02-19,7601.151527000329,7640.106180029635,7542.719547456371,7583.671875,186713
2026-02-20,7531.2328077297125,7626.122345758137,7531.2328077297125,7606.64501953125,256304
2026-02-23,7671.069803717665,7701.034920138437,7606.644803413005,7684.0546875,399710
2026-02-24,7649.095621412757,7720.512484422813,7649.095621412757,7711.52294921875,377143
2026-02-25,7761.464729882537,7790.930428297251,7705.030426139101,7773.9501953125,383833
2026-02-26,7790.930403436495,7821.894357603999,7720.012960020598,7765.95947265625,361759
2026-02-27,7726.505272988018,7861.348296949414,7722.509924129902,7812.4052734375,698131
2026-03-02,7612.138678643193,7809.908454049485,7596.157282650765,7782.4404296875,533503
2026-03-04,7611.139911877527,7706.029451461302,7467.3073466137,7657.08642578125,625428
2026-03-05,7691.046680315514,7787.43447312726,7626.122260286877,7765.95947265625,446578
2026-03-06,7760.965159683677,7771.95236904745,7660.0826009799375,7715.51806640625,225749
2026-03-09,7579.176684372589,7799.91970588634,7547.213893927159,7769.95458984375,358612
2026-03-10,7855.854664897515,7860.848850952758,7760.965129847895,7793.9267578125,381453
2026-03-11,7761.464851820239,7789.432294822745,7650.094498435264,7675.0654296875,331690
2026-03-12,7581.174359435853,7653.590056545089,7533.729592364285,7565.6923828125,550020
2026-03-13,7547.214214869618,7607.144449503311,7476.796189175031,7541.22119140625,394082
2026-03-16,7556.2038095064245,7740.988701080607,7401.384035484813,7481.291015625,481339
2026-03-17,7481.290924479167,7565.692671223958,7461.314179687501,7491.279296875,343558
2026-03-18,7502.765896329087,7596.157177871624,7446.831011127139,7462.31298828125,497712
2026-03-19,7398.387148992304,7398.387148992304,7220.594127185819,7243.5673828125,264884
2026-03-20,7223.09165595005,7438.840504416511,7194.125375368905,7355.93701171875,696455
2026-03-23,7279.525616143282,7279.525616143282,7071.76747561669,7136.69189453125,464969
2026-03-24,7201.616413811674,7455.321069721267,7190.629204303778,7404.38037109375,653790
2026-03-25,7452.324499074517,7603.648337917807,7428.851824402455,7571.685546875,450043
2026-03-27,7501.267516418772,7612.138447753325,7501.267516418772,7540.22216796875,533512
2026-03-30,7461.314234750935,7500.7683060056415,7351.941556209405,7410.37353515625,764508
2026-04-01,7540.222236176404,7578.1780508504935,7242.069323539146,7297.00537109375,618068
2026-04-02,7142.185398538926,7359.432489537068,7142.185398538926,7308.9912109375,338111
2026-04-06,7341.453501956039,7388.398850880112,7234.577920362937,7364.4267578125,360086
2026-04-07,7361.929795099819,7361.929795099819,7212.10421077515,7317.98095703125,311560
2026-04-08,7376.412740845394,7509.25808878479,7323.973787711422,7392.8935546875,387242
2026-04-09,7391.395546514736,7503.265316948473,7355.437406018178,7472.80078125,416753
2026-04-10,7491.2794847379855,7554.206232409784,7452.8242500496635,7502.76611328125,437163
2026-04-13,7411.37245845598,7557.2026982045745,7394.891643689872,7507.76025390625,310575
2026-04-15,7507.760183047325,7677.063096773996,7491.279368436764,7633.1142578125,464570
2026-04-16,7669.072430087796,7669.072430087796,7501.267771549798,7544.2177734375,400487
2026-04-17,7544.217615645091,7701.035061117921,7506.261800817273,7690.0478515625,343875
2026-04-20,7696.040866787539,7721.511216184435,7613.1373765937215,7648.0966796875,344019
2026-04-21,7677.56246402835,7755.971187560027,7658.584556421958,7734.99560546875,312758
2026-04-22,7693.044309324833,7792.428613243013,7606.145470723008,7653.0908203125,608446
2026-04-23,7676.064260786993,7805.91310319458,7592.161931846706,7771.95263671875,304110
2026-04-24,7804.9140223387485,7835.877976100266,7675.564602593053,7723.5087890625,407458
2026-04-27,7749.978109649561,7840.872298073084,7726.006015999401,7815.9013671875,289661
2026-04-28,7830.883700261189,7869.338932717828,7702.033700601279,7743.98486328125,353826
2026-04-29,7735.994272750398,7789.931482657243,7672.06869063858,7700.0361328125,321242
2026-04-30,7625.622930982933,7671.070025535258,7552.707812250632,7627.62060546875,392016
2026-05-01,7627.62060546875,7627.62060546875,7627.62060546875,7627.62060546875,0
2026-05-04,7690.547115622476,7780.941883329968,7664.077929498182,7728.5029296875,328426
2026-05-05,7715.518122572415,7771.453007013357,7669.0721917419905,7762.962890625,254331
2026-05-06,7801.418425540397,7805.913193214033,7733.497491805458,7751.4765625,437084
2026-05-07,7751.476160541791,7845.866276793476,7734.995346593084,7827.88720703125,405862
2026-05-08,7827.887284039421,8105.564030876598,7803.41577217787,8087.5849609375,922866
2026-05-11,8036.644398576698,8134.530447676936,8013.171723537355,8072.6025390625,466135
2026-05-12,8040.639899501402,8068.607342630103,7985.703850498598,8013.171875,390002
2026-05-13,7971.720195414981,8102.567876858329,7971.720195414981,7995.19287109375,329337
2026-05-14,8001.685148143051,8170.488642093392,8001.685148143051,8109.5595703125,431011
2026-05-15,8160.5003099143605,8160.5003099143605,8019.164839430531,8073.10205078125,300134
2026-05-18,8053.124990868127,8089.58254896632,7996.690688606539,8011.173828125,323387
2026-05-19,8020.6628293252015,8084.088992421359,7973.717480261903,8016.66748046875,396261
2026-05-20,7914.786095519744,8130.534934064956,7805.413420423907,8069.1064453125,492013
2026-05-21,8188.966775306821,8378.246424501263,8042.137707066276,8298.8388671875,1425124
2026-05-22,8298.839156565302,8430.685671419562,8245.401364559977,8352.7763671875,564876
2026-05-25,8420.198284949875,8433.183169612314,8365.262234454947,8394.228515625,364945
2026-05-26,8394.22828137298,8424.193398988542,8218.432924695011,8248.8974609375,310581
2026-05-27,8233.415161538607,8295.343068855773,8160.500044858719,8262.880859375,293786
2026-05-28,8262.880859375,8262.880859375,8262.880859375,8262.880859375,0
2026-05-29,8166.99267578125,8315.320005611069,8136.528140024958,8166.99267578125,1042419
2026-06-01,8211.940385697928,8239.907828475953,8071.6037531867605,8099.07177734375,217401
2026-06-02,7806.911768341677,8110.558285431732,7806.911768341677,8080.09375,556161
2026-06-03,8100.07080646476,8307.828957737302,8100.07080646476,8280.8603515625,724687
2026-06-04,8260.383784682235,8291.847157018086,8215.436109916733,8239.408203125,345278
2026-06-05,8255.389679541213,8331.301308778373,8230.418748871094,8294.84375,187969
2026-06-08,8201.452753933123,8480.128349883353,8201.452753933123,8348.78125,539009
2026-06-09,8410.209791379488,8528.572007564579,8355.773160307019,8514.0888671875,818210
2026-06-10,8517.085116421298,8613.972328370737,8460.65081255384,8478.6298828125,487815
2026-06-11,8468.142440833628,8521.08081655481,8415.204065112446,8483.125,314597
2026-06-12,8525.076119702799,8548.049376967376,8430.186578827372,8488.119140625,276444
2026-06-15,8516.086462653879,8524.077160718767,8381.243432808902,8458.6533203125,358223
2026-06-16,8458.653447933117,8507.097055682394,8372.254023802961,8380.744140625,263172
2026-06-17,8380.74419253838,8454.65815121162,8375.250587501854,8417.701171875,185437
2026-06-18,8428.68833294866,8454.65810206126,8377.248213360244,8401.7197265625,304242
2026-06-19,8394.228320646092,8511.092279893544,8390.232971611991,8479.62890625,333583
2026-06-22,8528.072111339887,8528.072111339887,8424.692459955057,8459.15234375,208982
2026-06-23,8488.118650128867,8549.047720222754,8447.166324328056,8477.630859375,248581
2026-06-24,8490.116711378083,8575.517297121945,8441.17368563014,8563.53125,399731
2026-06-25,8565.528950781796,8683.391747842288,8525.575460252816,8582.009765625,378450
2026-06-26,8582.009765625,8582.009765625,8582.009765625,8582.009765625,0
2026-06-29,8689.88420033579,8723.844667325608,8594.99466021718,8644.9365234375,363592
2026-06-30,8644.437248210648,8759.802954163428,8638.943643165278,8671.9052734375,491231
2026-07-01,8670.90584140403,8728.338981120736,8601.486655137749,8608.478515625,163174
2026-07-02,8609.977041348035,8739.825883038897,8601.48692477594,8685.888671875,152705
2026-07-03,8732.834171924194,8910.127785731416,8707.363821771607,8883.1591796875,377549
2026-07-06,8885.656318557687,8914.62259927241,8813.24061677088,8878.1650390625,219681
2026-07-07,8877.66530815039,8939.593216465571,8800.75484137186,8826.724609375,189321
2026-07-08,8789.767218112755,8877.664890293881,8689.883499725109,8743.3212890625,275829
2026-07-09,8746.3183290144,8910.127637066516,8746.3183290144,8835.21484375,571832
2026-07-10,8838.710424199928,8876.16681937537,8763.298215246701,8830.7197265625,264694
2026-07-13,8868.675879879198,8921.614253753914,8754.309015564955,8772.2880859375,410798
2026-07-14,8739.825393850766,8909.128297194504,8728.838184784212,8890.150390625,412508
2026-07-15,8938.095445320807,8998.525101066676,8894.646023420884,8923.6123046875,501832
2026-07-16,8920.11562008862,8934.099340897224,8841.207481240068,8877.6650390625,234384
2026-07-17,8864.68032847287,8881.660561214734,8771.788467002676,8815.7373046875,144563
2026-07-20,8814.738529640124,8989.535044392196,8761.300737987349,8894.6455078125,317613
2026-07-21,8923.611396062637,8935.09802367118,8869.674188161654,8916.1201171875,200394
2026-07-22,8915.621374765748,8935.098701318284,8856.689976478589,8927.607421875,158324
2026-07-23,8884.656940271665,8909.627870401715,8789.767405777477,8851.6953125,148922
2026-07-24,8790.766950964595,8859.1873050313,8782.276834036611,8795.26171875,189462
2026-07-27,8805.748773816927,8850.197029310899,8733.832495264884,8833.216796875,135186
2026-07-28,8834.21548559606,8934.598622721098,8819.732346408866,8892.6474609375,167309
2026-07-29,8921.613839972719,8959.56965344327,8893.146979869805,8924.6103515625,164862
2026-07-30,8889.651153795337,8998.524409499123,8855.191270109277,8977.548828125,263013
2026-07-31,9014.505891756273,9025.992519762389,8920.615193271498,8946.5849609375,268253
2026-08-03,9019.499953497023,9038.47786037592,8778.780187296272,8809.744140625,250717
2026-08-04,8789.76726519337,9039.4765625,8749.81377762431,9039.4765625,259286
2026-08-05,8998.524533420139,8998.524533420139,8809.744298453283,8899.6396484375,288978
2026-08-06,8936.596430119715,9004.517359732785,8869.674337706836,8964.064453125,399856
2026-08-07,8989.534678067355,8989.534678067355,8911.625377524106,8934.5986328125,273543
2026-08-10,8934.599325019111,8960.569093878865,8855.191762544095,8901.6376953125,411854
2026-08-11,8971.556014433105,8979.546712286085,8662.415891245946,8740.3251953125,562067
2026-08-12,8740.325425339144,8765.296356786888,8497.60797166708,8587.00390625,876688
2026-08-13,8730.336627906976,8775.783720930232,8544.053488372092,8590.0,796882
2026-08-14,8615.0,8925.0,8588.5,8920.5,1275740
2026-08-17,8917.5,8984.0,8825.5,8825.5,358418
2026-08-18,8825.5,8907.0,8786.5,8817.0,474997
2026-08-19,8817.0,8862.5,8695.5,8750.0,298438
2026-08-20,8788.0,8788.0,8679.5,8735.0,280417
2026-08-21,8727.0,8746.0,8638.0,8693.0,184342
2026-08-24,8680.0,8702.0,8591.5,8702.0,291970
2026-08-25,8663.0,8889.0,8640.0,8889.0,256819
2026-08-26,8844.5,8868.0,8763.5,8766.5,150629
2026-08-27,8849.0,8868.0,8758.5,8800.0,270047
2026-08-28,8848.0,8905.0,8818.5,8838.5,311286
2026-08-31,8850.0,8902.0,8813.0,8898.5,405214
2026-09-01,8854.5,8867.5,8704.5,8755.0,153262
2026-09-02,8680.0,8746.5,8640.0,8719.0,169190
2026-09-03,8690.0,8785.5,8655.5,8692.0,241427
2026-09-04,8702.5,8740.0,8641.0,8650.0,288351
2026-09-07,8682.0,8840.5,8650.0,8760.0,303793
2026-09-08,8761.5,8850.0,8745.0,8837.5,324848
2026-09-09,8825.0,8974.5,8803.5,8967.0,375525
2026-09-10,9000.0,9024.0,8875.0,8900.0,329159
2026-09-11,8806.0,8950.0,8806.0,8836.0,207930
2026-09-14,8836.0,8836.0,8836.0,8836.0,0
2026-09-15,8937.0,8950.5,8714.0,8714.0,247091
2026-09-16,8756.0,8792.5,8672.5,8696.5,232987
2026-09-17,8707.0,8799.0,8686.5,8768.5,191301
2026-09-18,8800.0,8944.5,8798.0,8944.5,344265
2026-09-21,8889.0,8974.5,8826.5,8912.0,209388
2026-09-22,8960.0,9000.0,8822.5,8835.5,350507
2026-09-23,8875.0,9070.5,8865.0,9069.0,419571
2026-09-24,9069.0,9069.0,8888.5,8888.5,383106
2026-09-25,8891.0,8934.5,8821.5,8889.0,438457
2026-09-28,8889.0,8902.5,8804.0,8860.0,429429
2026-09-29,8885.0,8906.0,8657.5,8659.0,609210
2026-09-30,8582.0,8659.0,8053.0,8165.5,2108531
2026-10-01,8090.0,8135.0,7910.0,8133.5,939105
