Date,Open,High,Low,Close,Volume
2019-10-03,2405.703259651091,2426.0877375404225,2378.8815251952897,2391.5908203125,292132
2019-10-04,2405.7032602072404,2422.2089429530874,2356.1862119696984,2363.242431640625,342652
2019-10-07,2360.2299125998275,2393.3651900443374,2356.1447966095116,2386.96923828125,276023
2019-10-09,2384.245760116194,2405.7031466731414,2374.9613140098227,2386.597900390625,355878
2019-10-10,2377.6435766802456,2419.733067277501,2364.439030610519,2381.976318359375,313632
2019-10-11,2391.673472615664,2413.9561447207793,2379.7481569157453,2392.333740234375,198610
2019-10-14,2384.328390655422,2455.220214749327,2383.4204975448934,2441.231689453125,367105
2019-10-15,2446.142264208479,2500.52841006889,2437.435475973681,2485.714599609375,636441
2019-10-16,2504.7371271469897,2517.1163880719337,2488.4377669291466,2495.411376953125,572575
2019-10-17,2483.280194424288,2591.392426218765,2471.7262154538857,2567.871826171875,707480
2019-10-18,2574.061146468002,2574.8451260776733,2537.7486455239195,2547.693359375,398223
2019-10-22,2550.169496513197,2603.276414183632,2549.839261940143,2576.784912109375,379635
2019-10-23,2576.866790248039,2671.7333512580376,2554.25408828355,2610.08447265625,2111842
2019-10-24,2612.0243244313865,2641.7345537140186,2594.239410772067,2614.37646484375,656713
2019-10-25,2630.3044268863505,2630.3044268863505,2566.6338321900084,2582.8505859375,369730
2019-10-27,2607.0723532643706,2618.87395565441,2587.389247780906,2594.15673828125,72198
2019-10-29,2595.5183122930666,2639.794720555686,2589.204969965417,2625.022216796875,383452
2019-10-30,2640.413928679995,2665.1724522401078,2618.7091175472674,2659.80810546875,572787
2019-10-31,2665.420186087927,2686.299915435858,2651.637981043137,2679.986572265625,446046
2019-11-01,2682.1734969753643,2714.359578939069,2632.6564478004348,2667.854736328125,748062
2019-11-04,2670.619519073265,2680.729249947384,2625.4765162018302,2650.85400390625,330025
2019-11-05,2661.5412810332077,2686.8774631633314,2633.6053330396835,2679.119873046875,305513
2019-11-06,2677.2215019018736,2699.9168136473427,2653.0819430453294,2680.770263671875,348652
2019-11-07,2677.22161226626,2704.4559874835186,2659.849341716964,2695.254150390625,326912
2019-11-08,2688.6107072612263,2714.1945155600442,2670.2481351757847,2678.5009765625,483871
2019-11-11,2672.2697524755686,2685.4742972685303,2658.239923633047,2671.7333984375,278347
2019-11-13,2665.667658357864,2678.046919929185,2633.316561748553,2645.86083984375,305804
2019-11-14,2645.035775023961,2677.675804370087,2633.564405610994,2668.391357421875,310906
2019-11-15,2673.920811682607,2684.195559689678,2640.909443637143,2653.57763671875,311463
2019-11-18,2661.5412845838828,2661.5412845838828,2596.962802252506,2605.33935546875,441118
2019-11-19,2604.596435448843,2617.388338094425,2576.619387031037,2608.76416015625,285669
2019-11-20,2595.972501451433,2615.2427647435597,2583.551935160374,2609.87841796875,238889
2019-11-21,2601.62555273495,2648.336714044248,2594.6932467918714,2631.294677734375,347577
2019-11-22,2624.4037442303784,2629.355449408172,2586.0280291024815,2601.584716796875,285777
2019-11-25,2601.584450937228,2646.1084884804964,2562.6721841669973,2637.319091796875,332892
2019-11-26,2640.8266390296317,2664.017203958118,2615.1191186624183,2622.876708984375,628851
2019-11-27,2631.1295917585735,2655.1454412047165,2624.4036065058663,2650.85400390625,308282
2019-11-28,2649.161932514714,2654.732600129815,2626.7142455331596,2637.93798828125,194094
2019-11-29,2629.3551359008484,2637.6079768798213,2597.251665086793,2621.102294921875,203765
2019-12-02,2610.4562329919954,2655.268998703002,2593.0839622855196,2607.27880859375,474666
2019-12-03,2613.67486685077,2698.6791331234663,2613.67486685077,2690.219970703125,864612
2019-12-04,2690.2203278625125,2705.2817653910015,2664.017552984183,2683.122802734375,458892
2019-12-05,2673.920786453331,2712.213892430602,2662.2430957115907,2676.479248046875,692533
2019-12-06,2676.478870218358,2688.7755223692384,2635.2146663759822,2645.943359375,275871
2019-12-09,2660.6332775578076,2673.7967198846404,2642.807262236344,2661.9951171875,217098
2019-12-10,2665.667990652794,2673.9208327291185,2650.1939117596858,2667.731201171875,278890
2019-12-11,2674.044343261141,2702.681864296303,2657.4562528289803,2697.56494140625,327568
2019-12-12,2703.8783522822173,2709.655341014597,2687.6202957181667,2691.622802734375,263581
2019-12-13,2702.7229692901597,2702.7229692901597,2657.6212713029295,2668.06103515625,360095
2019-12-16,2669.381459617408,2706.931886704312,2651.7615632363245,2657.744873046875,376835
2019-12-17,2661.5410358625936,2667.0703986477783,2636.287263579334,2640.166259765625,336920
2019-12-18,2640.125288760397,2657.414951329891,2634.472011763568,2652.17431640625,315871
2019-12-19,2645.8610393454505,2667.318427686992,2626.054219337874,2656.094482421875,409369
2019-12-20,2667.3184281115878,2673.7556849121534,2638.9287333570323,2644.004150390625,304173
2019-12-23,2645.0355776475626,2661.541259879373,2628.1172533599574,2657.002197265625,242195
2019-12-24,2657.4149277644883,2669.7941898503477,2649.1620863739154,2662.985595703125,172853
2019-12-26,2662.3665434266914,2673.0952368750936,2644.2102929755483,2665.708984375,241386
2019-12-27,2658.446444344153,2688.7756354437715,2657.827481260487,2675.52978515625,211224
2019-12-30,2673.9208529257576,2690.426537203077,2664.8840310810056,2683.782958984375,332557
2019-12-31,2682.998534236411,2682.998534236411,2620.7308909259373,2628.52978515625,526252
2020-01-01,2626.87930551562,2635.7511096420085,2593.1252662242578,2599.7275390625,320021
2020-01-02,2603.7300247525945,2618.2138009699293,2568.325417541667,2575.711669921875,452413
2020-01-03,2579.425606429631,2581.6951378382637,2529.4959154397116,2535.314208984375,424311
2020-01-06,2533.6225859802767,2534.9431213423773,2499.0019528304942,2506.924560546875,355754
2020-01-07,2513.4025657127213,2535.272592963218,2500.693271980163,2507.171630859375,225535
2020-01-08,2475.8524033157637,2536.428178189402,2475.8524033157637,2524.75048828125,393614
2020-01-09,2538.573886106897,2566.6335454461805,2530.362349626741,2546.5791015625,333029
2020-01-10,2556.730224841301,2572.4106232505924,2546.620494287942,2559.37109375,455081
2020-01-13,2563.3325642580908,2574.8452378281736,2542.0401929378777,2553.470458984375,154993
2020-01-14,2551.0356890730754,2573.2357501333818,2536.923250772936,2559.701171875,278534
2020-01-15,2559.2057231867193,2589.741231654281,2551.778167072988,2577.81591796875,553613
2020-01-16,2582.9741873268213,2599.6448856616084,2559.6186072633263,2568.36669921875,287553
2020-01-17,2568.284289577503,2589.7416776009654,2556.730311411023,2573.318603515625,272072
2020-01-20,2583.1390929818126,2595.2294237973097,2544.4744543984657,2561.43408203125,365554
2020-01-21,2555.0794563595637,2574.060989788591,2546.4139737071814,2555.946044921875,215722
2020-01-22,2562.5070133690087,2566.633433680392,2533.7046801897004,2538.90380859375,269339
2020-01-23,2535.273105765572,2550.0869171118807,2518.024746284701,2529.6611328125,256329
2020-01-24,2531.971702352292,2552.562501029691,2528.6705658433584,2537.047119140625,209961
2020-01-27,2533.45731869864,2577.3210905857677,2512.2062518803323,2544.02099609375,308445
2020-01-28,2549.962892300586,2566.3035580328583,2515.4659760847626,2526.112060546875,239986
2020-01-29,2541.050046753775,2557.5557307209965,2525.369646984914,2551.655029296875,243945
2020-01-30,2565.395640457971,2628.529874492082,2509.771572373702,2595.93115234375,2400831
2020-01-31,2599.6449959444885,2673.8792627538273,2599.6449959444885,2624.44482421875,1141144
2020-02-03,2593.868046396308,2735.94063019513,2570.8426995343825,2710.645751953125,921166
2020-02-04,2698.679160489112,2734.16637880747,2600.4703470034224,2610.208740234375,1546450
2020-02-05,2628.530164939136,2658.157786989031,2599.645218071673,2609.135986328125,646723
2020-02-06,2616.1506795174946,2649.9873286847555,2592.5474729188622,2599.47998046875,514236
2020-02-07,2611.859309759131,2631.831145827379,2563.827812681748,2587.14208984375,454698
2020-02-10,2589.7413198226404,2600.3463003402144,2551.5306284395933,2561.10400390625,386072
2020-02-11,2579.0128726366665,2599.64497561776,2558.380769655573,2595.889892578125,274244
2020-02-12,2611.776946017682,2628.2413260059293,2588.792901247452,2596.591796875,345354
2020-02-13,2598.8195584015625,2617.966108690362,2575.216353205863,2588.4208984375,268031
2020-02-14,2595.518510971818,2645.035557286066,2588.7512216059467,2596.673828125,381580
2020-02-17,2601.749468631295,2607.4438484122384,2533.6222248611607,2538.243896484375,269986
2020-02-18,2529.2481351784545,2550.58180970873,2503.4993116145197,2543.938232421875,337054
2020-02-19,2551.7784985947437,2568.242876488795,2535.6028492514138,2550.87060546875,220584
2020-02-20,2550.9531921376765,2558.422053654049,2523.429886387332,2529.908447265625,256115
2020-02-24,2539.399193553672,2545.7125363689083,2451.1350987351916,2459.75927734375,499562
2020-02-25,2469.250135886785,2481.6293979316715,2418.907803570911,2432.4423828125,527499
2020-02-26,2423.8599052436793,2454.3954232872666,2409.830072629058,2431.78271484375,445577
2020-02-27,2430.296585997494,2451.052399903606,2404.4651541354838,2423.529296875,416726
2020-02-28,2385.0712890625,2405.7033936391654,2352.4312593251366,2385.0712890625,925702
2020-03-02,2409.8297547113275,2430.0492166943504,2287.6876986506163,2304.3583984375,1281846
2020-03-03,2328.331611570248,2354.2019628099174,2287.801394628099,2321.6484375,1459848
2020-03-04,2345.5784678683385,2383.9528214786847,2288.2325237090577,2338.24853515625,954038
2020-03-05,2345.535269686992,2370.586434353878,2325.0545756833885,2331.47900390625,384427
2020-03-06,2276.5909451818366,2378.347661671025,2259.3440440819745,2358.556884765625,658891
2020-03-09,2306.7727591499483,2319.707933500322,2206.3958904044243,2219.115478515625,706890
2020-03-11,2224.850175539513,2267.967427003457,2209.9315644262974,2234.810302734375,641982
2020-03-12,2173.065937035675,2186.0442695791103,1999.820934953798,2016.9383544921875,799317
2020-03-13,1939.4137304574092,2097.6108643633565,1759.1836416776855,2032.63330078125,883265
2020-03-16,1996.3287767131037,2060.142309964408,1974.77015061469,2017.4993896484375,963321
2020-03-17,2022.3716727423832,2046.086162832077,1940.319621245431,1957.911376953125,658935
2020-03-18,1974.7700125525876,1991.930593513794,1860.2073972616508,1870.42626953125,593949
2020-03-19,1827.9559824028547,2050.139107938776,1752.5870013957353,1868.35693359375,1010352
2020-03-20,1888.44934548641,1982.4449561705862,1857.4480829683669,1933.6363525390625,718313
2020-03-23,1769.5318441077227,2060.142093359332,1638.4554112108544,1669.11181640625,797154
2020-03-24,1724.690063408001,1774.6197565302805,1542.4334620107059,1670.49169921875,1210613
2020-03-25,1653.115497860015,1715.2043428500626,1609.6532853136353,1678.770263671875,606235
2020-03-26,1723.137753562617,1840.1579290879586,1667.7752461337402,1816.8316650390625,989242
2020-03-27,1853.1794578388528,1868.7016682814306,1730.8558371544405,1770.7823486328125,938567
2020-03-30,1738.4875766249754,1742.6268748664877,1677.3042389888378,1713.2208251953125,462909
2020-03-31,1756.8985538262164,1766.4274028572245,1664.5845853074238,1743.96337890625,762791
2020-04-01,1724.6899470153808,1807.3026375841057,1716.0664972803038,1768.755859375,869738
2020-04-03,1768.755959806401,1773.2401118165667,1688.083540847423,1753.794189453125,692217
2020-04-07,1780.742589878987,1986.4550507825968,1780.742589878987,1966.18994140625,1069857
2020-04-08,1879.9122479049506,2055.3563098515892,1870.0384389848032,1933.118896484375,840875
2020-04-09,1974.770175866043,2177.3781044229872,1974.6838571471624,2100.62939453125,1788927
2020-04-13,2095.627702681504,2095.627702681504,2002.149585096888,2067.515380859375,654478
2020-04-15,2078.251693139848,2141.720376778587,2000.6837934216758,2013.705078125,986750
2020-04-16,2009.2639503731918,2039.4460268809437,1952.7803500515422,2012.3253173828125,944544
2020-04-17,2052.3810266559317,2091.229709624321,2023.9668020280342,2051.64794921875,690554
2020-04-20,2078.2515792971467,2082.5633045653976,2027.9768205626438,2050.915283203125,427667
2020-04-21,2021.336774823792,2030.3482383898431,1979.0818678415542,2003.443115234375,702627
2020-04-22,2003.4432206065073,2080.062665694053,1980.0306357401716,2052.12255859375,712519
2020-04-23,2052.122401244225,2110.1151038182256,2042.0330066205688,2096.058837890625,1179211
2020-04-24,2078.2516133438044,2131.7170075460103,2053.2436063782566,2108.735595703125,669287
2020-04-27,2129.99245095655,2200.575483392934,2115.5481701656504,2160.8212890625,1128257
2020-04-28,2165.2190190846018,2195.8752152892134,2096.6625918498958,2124.559326171875,646907
2020-04-29,2133.441743960202,2173.1096179384435,2112.745461884598,2155.129638671875,525256
2020-04-30,2177.5074597487082,2288.663646853892,2164.615233477011,2262.189697265625,1118513
2020-05-04,2198.979825745078,2203.248391535422,2082.9081005335443,2105.975830078125,574557
2020-05-05,2134.3041679947046,2146.2906809268197,2070.3182023174777,2089.289794921875,663761
2020-05-06,2091.1864581047257,2151.55060328713,2036.2551280954237,2131.58740234375,778602
2020-05-07,2129.9918638392187,2143.5737957645097,2069.6277219490385,2075.276123046875,422145
2020-05-08,2109.339225366724,2112.745446326557,2070.533696760726,2086.055908203125,455821
2020-05-11,2095.498229806884,2263.6123358075433,2093.7735399058083,2213.035888671875,1627625
2020-05-12,2182.595284167474,2290.3020948543353,2150.9041041227665,2266.975830078125,1335103
2020-05-13,2392.1449889231153,2392.1449889231153,2303.625360406515,2324.882080078125,1257856
2020-05-14,2243.3903490895345,2354.2016732709703,2243.3903490895345,2330.616455078125,893108
2020-05-15,2332.6431360978527,2336.9548609335234,2285.214162905475,2296.942138671875,645362
2020-05-18,2285.2139094478666,2288.1028489807236,2122.2307287363014,2136.416259765625,1172714
2020-05-19,2171.3846835205713,2203.2914481314774,2144.5656701342427,2163.88232421875,641584
2020-05-20,2152.413278271919,2225.2382767702197,2136.416735238967,2205.6630859375,947430
2020-05-21,2271.8482631420393,2349.200579814558,2260.42219007822,2276.89306640625,3481384
2020-05-22,2261.931016447167,2271.847984304255,2192.770987063556,2202.213623046875,1328364
2020-05-26,2224.8500869914847,2240.3291375442905,2184.8373634388145,2211.78564453125,686475
2020-05-27,2215.3643358950335,2246.408756327973,2190.6150761565746,2225.324462890625,563888
2020-05-28,2231.7490271935094,2258.9128967285155,2112.745408278245,2242.09716796875,1087116
2020-05-29,2244.6843731445133,2363.6880010714985,2234.5518178681214,2337.386474609375,2057601
2020-06-01,2354.2015544879328,2405.942247993162,2350.2778431237684,2378.60595703125,1008549
2020-06-02,2379.98606516145,2426.8546037458354,2350.9250785229233,2411.203125,1283507
2020-06-03,2436.124860382678,2480.5356321737254,2388.7821995217255,2400.251220703125,750002
2020-06-04,2395.594365626941,2443.1957666385415,2376.622775978348,2429.44140625,709462
2020-06-05,2450.784441234729,2451.560467505909,2381.796842607432,2394.12841796875,723898
2020-06-08,2414.5659312159805,2426.6387608720606,2367.136957567095,2415.471435546875,727119
2020-06-09,2418.963962805641,2427.156240031632,2385.24619022003,2406.93408203125,619517
2020-06-10,2406.1147533707285,2417.971996019218,2331.2202233983285,2343.16357421875,687626
2020-06-11,2343.16387499533,2378.347594349836,2331.263471466584,2344.328125,661173
2020-06-12,2250.936072058321,2413.7468527550354,2250.936072058321,2399.173095703125,895700
2020-06-15,2392.1452011029564,2392.1452011029564,2335.1872676722373,2352.95166015625,517425
2020-06-16,2383.521555674562,2403.3123311158947,2330.78924367611,2344.24169921875,611383
2020-06-17,2344.2418935364776,2360.928354712726,2306.083124512876,2319.23388671875,600388
2020-06-18,2319.233768622644,2325.873783160478,2281.894187203239,2309.661865234375,579578
2020-06-19,2319.708017189486,2336.9549169455413,2289.5259426163884,2306.21240234375,929078
2020-06-22,2319.7079254847677,2478.3362376133678,2293.4495637509303,2462.6416015625,1872829
2020-06-23,2492.1767903518494,2509.5100072593623,2453.3281100426207,2468.160400390625,1089848
2020-06-24,2500.6280267881157,2569.7017336886106,2419.4381202219097,2429.44140625,1616696
2020-06-25,2405.7701375391925,2492.1770649508685,2391.0239537373495,2432.200927734375,1341923
2020-06-26,2460.8736309768033,2500.8002424719193,2436.124374132128,2472.8603515625,1227656
2020-06-29,2436.124586254426,2474.93011063724,2427.5011363915783,2465.87548828125,680236
2020-06-30,2502.870191759984,2512.3991466800394,2427.501318517445,2437.0302734375,751691
2020-07-01,2447.378256736537,2476.65482722888,2439.229138635248,2450.82763671875,525799
2020-07-02,2464.495695355205,2503.775552276741,2446.559087752352,2482.9931640625,754915
2020-07-03,2499.9382387639444,2552.5412855264835,2490.1075896479338,2528.740478515625,1394992
2020-07-06,2537.062418584823,2540.468639589595,2487.0032439159513,2498.300048828125,1126381
2020-07-07,2501.6627015983468,2564.6138829898255,2437.4611621352315,2455.225341796875,2168021
2020-07-08,2485.278234727463,2499.9380994014277,2424.5692322910086,2459.7958984375,1348810
2020-07-09,2481.8286964686527,2496.4885602073487,2449.2320161665134,2485.278076171875,700469
2020-07-10,2479.2418264083967,2513.7356257323395,2463.202125509386,2496.22998046875,688336
2020-07-13,2499.851873381919,2509.4239872373387,2480.79417491919,2500.800537109375,481601
2020-07-14,2499.075867236,2509.337688757646,2455.096271228741,2500.369384765625,612986
2020-07-15,2513.735780523469,2548.229581971476,2500.800604980467,2537.062255859375,905297
2020-07-16,2538.743532198591,2543.917601897365,2499.85169074943,2537.277587890625,525135
2020-07-17,2543.9178619639506,2587.0351138616447,2522.3592360151033,2582.723388671875,687105
2020-07-20,2587.8974539464134,2604.2820096361775,2564.614137966222,2589.234130859375,766788
2020-07-21,2599.970213592773,2636.1887041303835,2578.4115882727665,2590.7431640625,834544
2020-07-22,2596.520695445069,2613.0345173485225,2506.448805755265,2574.444580078125,2050770
2020-07-23,2556.852875989514,2630.1521995844914,2534.992346445164,2614.71630859375,1057181
2020-07-24,2612.9056062636073,2612.9056062636073,2568.063661865684,2574.53125,543609
2020-07-27,2578.411369961513,2617.2168922519036,2530.1632126871473,2604.712890625,621957
2020-07-28,2605.144336737561,2699.139945047523,2602.5573016464614,2689.9560546875,1263659
2020-07-29,2696.596090404832,2715.5245218627283,2656.755791796992,2672.666015625,582910
2020-07-30,2681.893032141012,2699.096773311239,2620.9684402383928,2629.246826171875,570166
2020-07-31,2646.4074365149777,2654.211490040531,2579.7912878060806,2591.303466796875,561196
2020-08-03,2578.411560790385,2647.3128423653507,2509.4239605016787,2515.848388671875,1246016
2020-08-04,2534.4320454355825,2586.1727472818347,2519.815339270707,2561.12158203125,706322
2020-08-05,2575.1346341866956,2617.605126051758,2562.889377116048,2594.796142578125,678314
2020-08-06,2608.4212527840195,2651.7109305847616,2566.6836275890532,2579.9638671875,853222
2020-08-07,2579.9638451697815,2603.4195873545937,2565.4764068830464,2588.5009765625,515510
2020-08-10,2588.5011625639295,2608.5938448641214,2562.027210939274,2581.688720703125,442147
2020-08-11,2604.9718628172222,2638.775745290727,2583.37007808977,2593.45947265625,696792
2020-08-12,2593.4596327105933,2617.217281441242,2571.944165370183,2606.869140625,489280
2020-08-13,2621.528910313074,2621.528910313074,2587.035108861586,2602.51416015625,462333
2020-08-14,2606.006571052312,2611.396227263125,2566.338701340728,2576.298828125,542458
2020-08-17,2599.108067877298,2695.690716716799,2580.1364761409673,2686.722412109375,1577193
2020-08-18,2693.9656726397293,2713.799606849305,2667.2329787050844,2677.40869140625,825757
2020-08-19,2681.8929483510697,2724.1478533250897,2629.0743171335444,2638.603271484375,953142
2020-08-20,2637.9134315490996,2643.087501699245,2608.895605670416,2618.898681640625,563069
2020-08-21,2640.5002452481276,2651.7107296335703,2619.803966382695,2632.868408203125,395723
2020-08-24,2641.276317280763,2669.8200199242074,2610.1026309126596,2620.96826171875,562548
2020-08-25,2633.946392800135,2633.946392800135,2579.8774052745725,2595.140869140625,652358
2020-08-26,2656.065720225068,2706.038570132132,2648.5202015862355,2657.919677734375,2026040
2020-08-27,2657.9198503879943,2663.568252528376,2608.766182919239,2624.115966796875,711504
2020-08-28,2624.9783892023606,2640.8886136136653,2588.759896315863,2599.2373046875,679405
2020-08-31,2608.593647143316,2612.0430271725963,2540.5547102791393,2558.57763671875,2787032
2020-09-01,2541.330728115768,2590.484393369449,2526.670863040109,2551.161376953125,755670
2020-09-02,2543.917397740927,2560.905549781869,2455.139034390855,2484.027587890625,1946352
2020-09-03,2508.6048358026296,2521.2381061990504,2488.770900237752,2497.696044921875,785527
2020-09-04,2483.553282599976,2523.3074662327394,2449.0594870083096,2486.312744140625,1499317
2020-09-07,2499.3780132417705,2506.7079466165324,2440.4798006061064,2499.24853515625,807657
2020-09-08,2500.7573072265527,2516.3226763752477,2471.696323221574,2502.3095703125,798195
2020-09-09,2479.241880057792,2519.5133495332584,2459.40794501733,2509.55322265625,677328
2020-09-10,2515.546560859611,2521.798561804277,2476.2235465666818,2513.476806640625,686071
2020-09-11,2512.873307398599,2536.9758078251257,2504.163538763558,2514.89990234375,683992
2020-09-14,2519.7721857647944,2576.6869579278596,2496.488869879904,2550.557861328125,1185683
2020-09-15,2550.2988810928673,2552.541062185188,2518.9527683553506,2533.009033203125,632573
2020-09-16,2537.450197063626,2629.2899408146122,2533.05215329034,2619.760986328125,1865973
2020-09-17,2599.9702340400704,2612.8622499761327,2574.315469707503,2603.592041015625,687069
2020-09-18,2606.9554955298704,2647.399395567995,2583.5858596487665,2630.9716796875,937014
2020-09-21,2626.6593641984337,2626.6593641984337,2552.627182033023,2575.5654296875,779499
2020-09-22,2573.41001218421,2595.1842243251003,2537.105412518878,2574.8330078125,690800
2020-09-23,2580.9987541159185,2628.082878414411,2548.229641968773,2575.134765625,949248
2020-09-24,2556.766692202827,2588.6734582750046,2511.8386425131575,2528.266357421875,736921
2020-09-25,2548.1861251396363,2585.741289188683,2523.264440716173,2550.298828125,559314
2020-09-28,2567.114660864265,2606.265248881573,2546.3754327311335,2558.01708984375,902239
2020-09-29,2580.739981814455,2596.520938292035,2492.1771875337035,2498.644775390625,1189292
2020-09-30,2498.687730029545,2534.4318872168815,2474.9300838082513,2484.502197265625,1095715
2020-10-01,2535.2942027925947,2685.299067684469,2535.2942027925947,2574.444580078125,4741959
2020-10-05,2601.177309868518,2604.2818360056103,2526.713947268357,2545.901123046875,904969
2020-10-06,2574.0993890755108,2580.998147907204,2544.779664040815,2563.1044921875,678723
2020-10-07,2565.4762344873434,2671.501504323587,2547.8413223099074,2653.7802734375,2126243
2020-10-08,2647.3990422093175,2682.5827588834773,2631.014487876426,2651.32275390625,1009344
2020-10-09,2656.0225983669757,2671.2429033942385,2610.835804608137,2638.603271484375,698666
2020-10-12,2631.014812719042,2651.4091894433177,2596.607328585168,2606.653564453125,632718
2020-10-13,2608.5935578477197,2631.1008459817,2583.7579803803656,2616.74267578125,456767
2020-10-14,2619.7607669767217,2651.710689093461,2604.2817174186184,2633.730712890625,822555
2020-10-15,2638.7322101378304,2699.1395119284075,2603.8072420122394,2610.662841796875,1076100
2020-10-16,2612.9051679953714,2666.370554271184,2612.042823055439,2625.624755859375,548742
2020-10-19,2647.399387026793,2649.0809178206546,2561.337306214799,2569.788330078125,598192
2020-10-20,2569.7880319406354,2603.0314729168913,2549.9540974659258,2590.65673828125,899774
2020-10-21,2612.9052685838096,2620.7956408745727,2580.1793189602154,2602.55712890625,982019
2020-10-22,2595.486118123906,2621.0545640965533,2567.201158981743,2592.381591796875,1701072
2020-10-23,2612.9056041332933,2669.389207126934,2584.577483914699,2657.963134765625,1217651
2020-10-26,2671.502041924096,2685.127137026381,2487.865689384539,2496.618408203125,2140237
2020-10-27,2509.424140096714,2563.1051204132154,2460.313630733129,2541.6328125,1812330
2020-10-28,2541.330740903615,2558.5776410794115,2492.349502297663,2538.786865234375,1197897
2020-10-29,2517.141998267416,2530.1203331532333,2487.8654264304973,2522.6611328125,714820
2020-10-30,2535.294513825333,2555.3008774059695,2483.64012818221,2489.50390625,722940
2020-11-02,2516.322765295921,2530.8533630786083,2433.925656628564,2452.25048828125,926407
2020-11-03,2462.1674389678788,2526.627728688502,2462.1674389678788,2513.6064453125,951287
2020-11-04,2505.1122970911215,2541.9775469020146,2485.6232153168935,2523.307861328125,710858
2020-11-05,2544.780153411334,2561.1647087874153,2524.083872936284,2543.314208984375,507235
2020-11-06,2552.54093705593,2587.0347335026318,2548.229212500092,2567.545654296875,889565
2020-11-09,2578.411572003126,2606.0066122386106,2569.788121929537,2588.716552734375,550477
2020-11-10,2599.9704335318493,2606.4380216749632,2558.5778694159194,2584.87939453125,664054
2020-11-11,2602.298532823102,2621.5288689354707,2575.4365695801216,2606.955322265625,782511
2020-11-12,2608.5937549936384,2622.3049569635277,2583.801335008162,2602.0830078125,646257
2020-11-13,2595.6584285782187,2628.4275383077775,2583.24074489408,2622.175537109375,557563
2020-11-14,2635.0244803721257,2643.087490535427,2612.9054147870615,2623.167236328125,59697
2020-11-17,2616.354664267445,2629.203520231255,2583.973568224289,2625.9697265625,501135
2020-11-18,2635.1538751523963,2635.1538751523963,2590.3980436372663,2619.7177734375,455293
2020-11-19,2615.492381251545,2635.7574887225014,2595.65844627997,2616.5703125,888406
2020-11-20,2615.4924333609174,2660.3343741900526,2606.006638185523,2637.525390625,820220
2020-11-23,2645.674655161035,2660.3345212424356,2613.4230339953383,2654.08251953125,493600
2020-11-24,2653.435470478006,2692.2409940956563,2632.7391912152593,2669.561279296875,858928
2020-11-25,2673.269296010856,2725.0099920626794,2622.3909448932304,2631.22998046875,1219151
2020-11-26,2632.739542004601,2716.3870151701585,2632.739542004601,2698.4501953125,1264680
2020-11-27,2711.9887573243514,2801.7589577271424,2704.0552252817374,2736.695068359375,2548347
2020-12-01,2738.0314436077406,2801.7154897204496,2725.87229600504,2797.14501953125,1400851
2020-12-02,2797.14535797433,2887.1311456058634,2778.044499871353,2878.636962890625,1707284
2020-12-03,2904.9812032995605,2907.137065535294,2829.353598176712,2840.908935546875,965142
2020-12-04,2844.272498842394,2884.1559542964237,2835.5627303028396,2855.569091796875,739106
2020-12-07,2855.569417518518,2875.9208456471288,2817.971298300303,2862.59765625,481597
2020-12-08,2862.985534106252,2918.822375471728,2846.2129651772907,2868.33203125,823352
2020-12-09,2875.9203903178386,2892.003039321685,2845.7383172560326,2851.38671875,397850
2020-12-10,2851.085014040793,2862.942257862107,2821.6360163270547,2837.84814453125,469288
2020-12-11,2841.944286371346,2877.774552948733,2833.2776769531843,2869.582275390625,611154
2020-12-14,2869.582482364483,2875.532789655934,2815.5566480479442,2836.2529296875,425416
2020-12-15,2831.9410608925905,2886.4412243426636,2812.9694703506793,2821.291015625,746643
2020-12-16,2836.252589804729,2853.0251572668167,2804.345826100632,2848.756591796875,616704
2020-12-17,2851.8611734174783,2871.6087892865826,2809.519950599305,2820.256103515625,678073
2020-12-18,2824.956015983787,2900.0663527467505,2820.6442908087247,2886.7431640625,1362381
2020-12-21,2891.011688366715,2893.16755092329,2758.2105548817117,2792.48876953125,797760
2020-12-22,2798.309782470131,2832.8035856438764,2735.3585916780444,2815.8154296875,825331
2020-12-23,2829.3539584397718,2862.0799092385346,2812.107058357847,2854.06005859375,816586
2020-12-24,2861.260652698811,2952.2812077326726,2859.5791220891756,2910.19873046875,1567636
2020-12-28,2921.624844789063,2950.944574636415,2909.552014851918,2944.6494140625,536954
2020-12-29,2960.4307782312694,2983.627777599126,2949.263451104613,2959.180419921875,682613
2020-12-30,2964.052237259042,2994.7949632996374,2936.5003561940416,2973.494873046875,639180
2020-12-31,2987.9821541296174,2987.9821541296174,2955.1269371758663,2969.959228515625,410959
2021-01-01,2971.6411542021992,3013.033718160907,2971.6411542021992,3002.038818359375,421643
2021-01-04,3009.5838433097415,3042.3529510592457,2988.0252197903305,3037.56689453125,647829
2021-01-05,3018.422802080737,3022.5189404451057,2996.6485928806683,3011.868896484375,561562
2021-01-06,3011.8691828549786,3041.490817846076,2962.9311040591847,2986.0419921875,591620
2021-01-07,3018.2075243986174,3024.545844413234,2956.3342701484457,2964.698974609375,531361
2021-01-08,2991.4745198298933,3056.667879828545,2964.784986730832,3043.344482421875,675643
2021-01-11,3044.9399943955004,3134.2358553692657,3036.316544963624,3119.403564453125,788461
2021-01-12,3114.74711783238,3141.3505464675072,3068.3099638571234,3125.35400390625,863270
2021-01-13,3125.354103208793,3132.8996225308806,3084.6082988695184,3105.21826171875,515154
2021-01-14,3104.441938594167,3155.0183876303863,3057.0129645323113,3083.788818359375,743848
2021-01-15,3094.0936271749115,3124.275699903764,3053.5634152247385,3087.45361328125,684649
2021-01-18,3063.0490880392845,3120.007010851204,3022.5188776964224,3073.181640625,602004
2021-01-19,3074.9068745668364,3159.6322760745675,3070.8970542813818,3139.79833984375,586410
2021-01-20,3138.9355764742486,3184.4674313385835,3129.751687091619,3142.341796875,549040
2021-01-21,3166.530776729502,3282.947349403381,3152.0433389122863,3193.522216796875,1533886
2021-01-22,3233.7505328312004,3561.484786328746,3225.2134016972036,3526.559814453125,8537143
2021-01-25,3578.731879559757,3630.4725814329104,3501.1208267500274,3595.073486328125,2368224
2021-01-27,3564.4166924839365,3653.4538125773215,3542.5995326941047,3575.584228515625,2062088
2021-01-28,3518.367644937178,3613.2255961487194,3515.43575611311,3566.486328125,1262871
2021-01-29,3594.2536525863957,3626.4623197949936,3440.7562557149035,3454.38134765625,1406268
2021-02-01,3504.5701983622457,3570.9707656048377,3427.864650128306,3548.291259765625,745011
2021-02-02,3583.7334643172244,3683.205052100806,3550.490230380484,3623.099853515625,1167922
2021-02-03,3626.160954962774,3672.856855460742,3587.4417462206698,3653.195556640625,681937
2021-02-04,3653.19523084978,3761.0313018949496,3621.8489066939446,3642.114013671875,1163598
2021-02-05,3673.5897825886263,3684.6276304100184,3588.2176256693133,3648.79736328125,729191
2021-02-08,3648.9699728918754,3672.296237061691,3617.5373287481025,3654.14404296875,616236
2021-02-09,3646.3398834570316,3654.618480509705,3574.420387379124,3582.95751953125,721336
2021-02-10,3587.3553433429297,3634.7843202380886,3535.7009599923117,3580.068359375,989105
2021-02-11,3583.0434821825033,3623.918551051062,3558.423700809909,3606.240478515625,546983
2021-02-12,3603.7397908420035,3618.2270185593325,3550.2744003102484,3566.701904296875,360063
2021-02-15,3580.6294255636076,3617.2357217326216,3545.661079773574,3554.844970703125,287922
2021-02-16,3561.4851034554626,3602.532812590029,3556.3110330872464,3563.94287109375,318280
2021-02-17,3550.27414054088,3626.160495743114,3545.1000708680003,3592.2705078125,554383
2021-02-18,3621.8493406017387,3621.8493406017387,3537.425841375861,3548.938232421875,440460
2021-02-19,3540.7885182456534,3541.3923281635853,3429.7184417624326,3450.32861328125,762200
2021-02-22,3458.0035597424526,3483.8739105634686,3386.299654930252,3424.846435546875,762310
2021-02-23,3407.9874422886446,3448.2589117089997,3354.694479146166,3373.709228515625,802871
2021-02-24,3386.4288705929603,3406.2628059185618,3324.64193454202,3390.611328125,399843
2021-02-25,3394.18988642151,3432.133066046141,3371.8120759995813,3401.778564453125,632973
2021-02-26,3372.19975333358,3400.3122814693825,3253.67048816608,3275.78955078125,732210
2021-03-01,3275.789776044219,3327.6167926478515,3234.6559633253614,3289.02685546875,724589
2021-03-02,3295.8828232722244,3416.7403993627645,3260.9578483003443,3401.132080078125,735847
2021-03-03,3436.444901171582,3436.444901171582,3331.7563000644536,3364.09423828125,615104
2021-03-04,3341.5870503038377,3386.9464838968292,3312.267318765688,3345.07958984375,611769
2021-03-05,3321.839325221426,3374.5716388138244,3295.6670697340405,3322.486083984375,719936
2021-03-08,3318.303745578315,3318.303745578315,3251.040831816593,3275.833251953125,818275
2021-03-09,3278.8083002628173,3302.5227890890656,3256.214902105956,3275.833251953125,526071
2021-03-10,3294.1578078065286,3345.0361613825976,3278.6355982409477,3335.162353515625,545219
2021-03-12,3344.173894677794,3344.173894677794,3220.6861333502748,3230.689208984375,1119478
2021-03-15,3255.3522336437804,3255.3522336437804,3122.5942687651805,3160.1923828125,1024257
2021-03-16,3167.5222929558877,3182.0528896872106,3134.6239170766967,3151.396484375,858553
2021-03-17,3147.5592606621044,3171.704920743896,3066.326403493624,3078.226806640625,773240
2021-03-18,3102.7170505760505,3184.5966593732546,3074.2596679554254,3160.06298828125,1285600
2021-03-19,3150.9656004877056,3167.393315521345,3078.7442037616197,3147.6025390625,1132705
2021-03-22,3147.731403685468,3177.7410491874657,3134.020203588913,3160.278564453125,502724
2021-03-23,3160.968777757824,3199.2568117976152,3140.0137520125745,3172.0068359375,581531
2021-03-24,3157.0450969269195,3188.9518624517204,3096.637786576654,3107.50341796875,507559
2021-03-25,3117.377495319174,3117.377495319174,3015.620774863389,3019.587646484375,808505
2021-03-26,3032.953632975212,3121.0420890382043,3032.953632975212,3104.485107421875,691000
2021-03-30,3108.1070447158804,3168.902368750692,3088.35942793072,3161.96044921875,749230
2021-03-31,3147.5590959839915,3176.5339707795747,3114.833146942023,3165.323486328125,694645
2021-04-01,3194.1259223066604,3246.12536860209,3182.2255190423484,3227.800537109375,861229
2021-04-05,3190.719864117084,3225.1705069712207,3083.7890772549363,3103.148681640625,723573
2021-04-06,3138.892888558585,3138.9360479186835,3106.3825215975485,3117.80859375,501882
2021-04-07,3108.75398755176,3185.028367136871,3101.2084681644983,3173.602294921875,346982
2021-04-08,3189.7708898813053,3189.7708898813053,3143.247420780556,3147.38671875,414020
2021-04-09,3138.9356356846624,3185.5022632470173,3126.000461361786,3148.68017578125,484807
2021-04-12,3086.764004026217,3103.579731943108,3001.003833756764,3053.563720703125,724230
2021-04-13,3077.7092895019427,3124.879518657724,3031.315086628875,3106.5546875,412122
2021-04-15,3106.554942925909,3152.3455501736826,3040.7150234140563,3102.286376953125,614450
2021-04-16,3087.1949536813568,3154.0266880138443,3078.5283447354245,3134.322021484375,526787
2021-04-19,3039.9382434109293,3071.672578297329,2972.5029133607222,3031.61669921875,601819
2021-04-20,3091.808964378839,3125.3972625687547,3065.7230261510495,3105.21826171875,676558
2021-04-22,3099.9577699528195,3185.5023496894423,3081.1586073200806,3174.63671875,1005711
2021-04-23,3173.4295013614706,3198.95499678145,3138.935702433628,3166.9619140625,631762
2021-04-26,3175.3264995702916,3232.93118373445,3169.980003042902,3224.178466796875,480016
2021-04-27,3224.1786725710667,3275.186294872086,3214.132227047402,3264.406982421875,518487
2021-04-28,3285.577543469319,3409.712061623297,3282.9473491653744,3354.306396484375,1252958
2021-04-29,3400.2264097356137,3409.9709505564847,3283.0338058731463,3308.343505859375,1335444
2021-04-30,3281.2227180214786,3420.362167688935,3276.910993030649,3306.01513671875,1340273
2021-05-03,3289.8462808114355,3369.0095964642574,3263.9759299793664,3321.623779296875,796444
2021-05-04,3343.3115619530845,3352.7973569444393,3289.88933135846,3303.083251953125,408324
2021-05-05,3313.3018044584446,3322.270318474172,3263.199687978698,3314.681640625,371452
2021-05-06,3321.7531789789546,3423.5098962997013,3321.7531789789546,3398.67431640625,938078
2021-05-07,3410.1434328934183,3421.612663938656,3323.4345977212492,3334.47265625,486456
2021-05-10,3363.145439319348,3366.465551722823,3315.2852926828805,3336.11083984375,306598
2021-05-11,3328.6521075119954,3358.5754405686857,3286.6127836153087,3345.29541015625,453808
2021-05-12,3333.8257989151907,3363.1455291694892,3317.6136706678894,3341.802490234375,499840
2021-05-14,3346.1575212697703,3358.1008738266914,3288.9840026616453,3318.99365234375,481619
2021-05-17,3315.716392662337,3384.186498716163,3305.540679961783,3332.44580078125,427552
2021-05-18,3362.0244553572115,3516.6429580777667,3335.0330143815086,3507.32958984375,1371585
2021-05-19,3514.055984108254,3545.9627500989304,3490.600241486664,3532.1220703125,788882
2021-05-20,3532.1220922797957,3560.6226376986547,3502.9318392619907,3510.779052734375,465579
2021-05-21,3520.2646876771964,3563.2095104274695,3496.895264691217,3557.647216796875,378016
2021-05-24,3557.173395666611,3608.7848320571234,3541.996038298382,3572.091796875,500267
2021-05-25,3592.1413380669187,3610.638808245989,3570.970935024275,3578.818359375,297915
2021-05-26,3578.8181052942205,3604.6021368443926,3571.8330265094437,3592.787841796875,261524
2021-05-27,3595.978971052596,3685.6628590596633,3581.103518474501,3661.603515625,878610
2021-05-28,3656.5153335389505,3670.1402157250864,3611.198852436332,3621.417724609375,285520
2021-05-31,3613.2254950416063,3646.598414460751,3593.3915603432874,3615.639892578125,321021
2021-06-01,3626.0744001594794,3748.613708665798,3626.0744001594794,3655.4375,1248169
2021-06-02,3645.908555467881,3713.171469419284,3621.849212767878,3703.81494140625,351583
2021-06-03,3703.167925699027,3708.08346057352,3658.067451105319,3685.10205078125,323999
2021-06-04,3677.3840125722495,3704.160078036047,3656.3428783348354,3665.00927734375,374317
2021-06-07,3672.3394447834717,3695.062321686409,3656.343112094829,3664.7509765625,159646
2021-06-08,3664.9661282677444,3686.524752551672,3651.1686087260305,3682.126708984375,150816
2021-06-09,3680.488324478119,3684.3688768352304,3622.711211605571,3642.976318359375,262617
2021-06-10,3646.8573408944753,3650.7378937518943,3592.529600890609,3604.51611328125,332571
2021-06-11,3608.9135891392675,3636.3793598076195,3589.079655435515,3598.13427734375,188155
2021-06-14,3598.5655203607334,3617.968281973031,3559.0269197062994,3575.71337890625,200657
2021-06-15,3583.043517161231,3597.530744904943,3562.4335556320952,3568.469970703125,138010
2021-06-16,3568.4702218389734,3585.6737533619903,3537.3394805684156,3544.62646484375,216236
2021-06-17,3552.8614409325896,3552.8614409325896,3485.641689514839,3495.8603515625,357704
2021-06-18,3496.8090661115993,3616.1145841835596,3475.2504405498753,3593.47802734375,701993
2021-06-21,3581.318762157709,3618.3995969212006,3541.1767710904996,3606.88720703125,374649
2021-06-22,3607.4475211607346,3648.236690617128,3583.301862157448,3640.4755859375,591793
2021-06-23,3647.7193948224694,3673.287840173271,3614.303525661862,3620.641845703125,418053
2021-06-24,3613.22545300508,3653.0659593623427,3584.552482524789,3645.0458984375,314542
2021-06-25,3639.095820608433,3664.1038250628512,3602.877331398586,3618.52880859375,175051
2021-06-28,3618.5289215409025,3626.3763453280258,3592.5293037599563,3607.577392578125,158954
2021-06-29,3608.913944578393,3612.234057151781,3550.274482635423,3556.871337890625,332405
2021-06-30,3561.4850631191957,3590.8047948736876,3552.68897516608,3564.80517578125,331122
2021-07-01,3570.9706052246693,3664.9662091776972,3570.9706052246693,3625.7724609375,755502
2021-07-02,3647.2881827602173,3647.2881827602173,3596.841000187461,3600.59228515625,375525
2021-07-05,3614.605203130168,3664.8797456569564,3610.509064587641,3623.142333984375,375703
2021-07-06,3624.867158697462,3664.103855669208,3597.703291563176,3617.882080078125,515181
2021-07-07,3621.8491067831133,3642.545387393303,3595.9787560203767,3611.716552734375,392794
2021-07-08,3629.9610631289243,3674.301734537086,3595.924967636039,3637.6337890625,625491
2021-07-09,3637.3660856959946,3639.99793567074,3559.747530519259,3565.01123046875,656635
2021-07-12,3584.728490489306,3595.4344989228225,3521.295303394997,3529.5478515625,512870
2021-07-13,3555.2866794795195,3586.2448411307005,3528.120228841585,3538.4248046875,614101
2021-07-14,3541.011852322048,3571.4348429912643,3515.139001801176,3527.49560546875,527932
2021-07-15,3527.629502349698,3541.859527214378,3506.4851809136453,3515.13916015625,310788
2021-07-16,3531.1982778056395,3533.517999979939,3501.756756035153,3507.957275390625,323569
2021-07-19,3499.0803644129705,3514.2472094397476,3457.1484987507038,3464.152099609375,408067
2021-07-20,3468.6573351270504,3508.4034339283053,3463.304331054539,3484.270263671875,467908
2021-07-22,3497.2957934275787,3580.8471734076043,3373.8199270302357,3437.698974609375,1707977
2021-07-23,3455.3641676614925,3501.7568701449413,3412.584786530479,3427.61767578125,709478
2021-07-26,3436.6285915020594,3453.8474647160056,3417.0009100344987,3422.666259765625,408134
2021-07-27,3434.8444435613737,3442.873950052816,3400.942082819729,3409.328369140625,391373
2021-07-28,3420.569315350023,3427.215917952885,3373.2844500100255,3406.74072265625,235770
2021-07-29,3415.038136220509,3415.038136220509,3345.627474650241,3357.894775390625,355185
2021-07-30,3368.8235469470246,3441.9812616847516,3348.437438092572,3416.643798828125,511767
2021-08-02,3456.2559597594886,3461.6089633110005,3402.0121468746474,3427.30517578125,351187
2021-08-03,3417.000964330609,3424.1383031594983,3395.27660214446,3415.39501953125,408981
2021-08-04,3421.461902530805,3448.0931859513225,3404.510722309662,3418.785400390625,363955
2021-08-05,3427.7070024805644,3441.9816802628884,3402.3695365426584,3406.964111328125,333818
2021-08-06,3419.6774970854894,3454.7843698909146,3387.7825139076117,3432.92626953125,504011
2021-08-09,3442.1154669658226,3478.4712874573092,3423.2908660624917,3439.43896484375,396098
2021-08-10,3441.0895086094133,3445.327303570755,3376.9427625308235,3388.406982421875,253258
2021-08-11,3390.2359337227113,3395.811979666334,3296.7367517771836,3325.241455078125,497724
2021-08-12,3342.7726958237386,3369.7161064346483,3333.1372448080083,3362.89111328125,316454
2021-08-13,3372.3923311605568,3443.7657138306213,3354.5489854930406,3413.208984375,581862
2021-08-16,3413.4320006362004,3416.1085024662866,3340.274283947186,3344.244384765625,294567
2021-08-17,3344.7354297749034,3407.6332286010256,3338.0888265114563,3396.882568359375,319770
2021-08-18,3399.1576666066035,3440.2420173997084,3367.9318087768843,3419.72216796875,493285
2021-08-20,3372.3925898390644,3412.540120670482,3324.0371629338606,3346.9658203125,301943
2021-08-23,3379.4406070516193,3379.4406070516193,3253.868052943681,3272.69287109375,455643
2021-08-24,3292.097326194352,3320.6466797006447,3259.711609747795,3314.178466796875,276602
2021-08-25,3329.0777948213567,3354.504564145333,3283.1758284993534,3291.78515625,398715
2021-08-26,3291.785142700075,3318.55016293093,3274.2541415745823,3293.346435546875,283891
2021-08-27,3307.6207622179877,3345.5378701904497,3282.283299545626,3300.528076171875,274822
2021-08-30,3316.9890639389514,3351.516116306053,3305.4801916927877,3319.219482421875,561903
2021-08-31,3330.4161338271065,3335.81378996801,3306.015486993454,3325.8662109375,693952
2021-09-01,3349.196107677558,3399.1574774244796,3327.87339592914,3353.032470703125,585605
2021-09-02,3380.4222395089146,3380.4222395089146,3316.186187451738,3319.710205078125,474397
2021-09-03,3324.2155758794906,3398.711550271852,3323.3234085214985,3352.31884765625,740269
2021-09-06,3376.362408987239,3416.108504753481,3363.470635393216,3373.373779296875,779715
2021-09-07,3387.3806228094304,3390.8153359973185,3356.466897232834,3364.094970703125,450262
2021-09-08,3363.2478856132047,3363.2478856132047,3317.0782250042826,3323.6357421875,396710
2021-09-09,3323.233934799045,3326.847255977085,3296.558219284272,3301.554443359375,479537
2021-09-13,3300.1266960845705,3318.862208552204,3283.1755181376643,3300.617431640625,342427
2021-09-14,3316.542648518427,3360.794233919265,3292.0973515163496,3346.564208984375,741880
2021-09-15,3356.8688388578785,3391.6633642705065,3352.809433996881,3371.589599609375,510406
2021-09-16,3388.451436021904,3420.569459112159,3372.437076405037,3402.280029296875,558125
2021-09-17,3425.9226145364914,3461.073920903674,3399.5590258539573,3410.0419921875,1304667
2021-09-20,3402.190726480885,3402.190726480885,3332.244896633096,3368.868408203125,399648
2021-09-21,3369.716045299059,3384.7491521132292,3297.4504907136143,3326.713623046875,354217
2021-09-22,3329.568184254942,3363.4705398288133,3320.6911636609534,3352.006103515625,245919
2021-09-23,3352.006535455502,3408.079341591437,3352.006535455502,3389.522216796875,228970
2021-09-24,3390.2359643653895,3434.041468820145,3378.682440628635,3398.979248046875,363519
2021-09-27,3417.8929713400835,3501.578308745723,3410.577242946535,3491.407470703125,962801
2021-09-28,3505.325395603445,3519.421682803496,3457.5051401895284,3487.21435546875,478682
2021-09-29,3479.452572760387,3511.481292650594,3434.844206442946,3478.783447265625,379896
2021-09-30,3472.5382496066195,3476.2406568571314,3400.941822210915,3419.364990234375,576711
2021-10-01,3408.079077327672,3462.278240664755,3392.5998875863484,3437.163818359375,407091
2021-10-04,3440.598553927899,3465.7131942093233,3409.1943084083937,3413.387451171875,237249
2021-10-05,3412.049212117836,3456.166841865758,3408.0791111663757,3447.33447265625,287612
2021-10-06,3458.0407139561426,3465.1780528910367,3354.5492994001797,3363.515625,383507
2021-10-07,3403.6181212277384,3451.4828079431477,3376.8531032364326,3415.70703125,343916
2021-10-08,3429.0898163291768,3460.315673166429,3395.678193076175,3404.109130859375,215542
2021-10-11,3430.3835421171566,3461.520096244984,3417.3133772553556,3436.718017578125,239321
2021-10-12,3443.765825037308,3563.762328526302,3441.981490412936,3549.710693359375,1353877
2021-10-13,3564.1638288417344,3613.2776838855552,3529.9493424495645,3539.8076171875,648769
2021-10-14,3541.904311080681,3576.7434889880483,3527.8080236601218,3538.246337890625,272066
2021-10-18,3444.657825184225,3541.6363637497116,3444.657825184225,3493.682373046875,463126
2021-10-19,3506.3959132604755,3528.5217060801688,3472.5382074565205,3489.757080078125,275481
2021-10-20,3482.7984022368587,3488.2851444864204,3415.216723346192,3433.639892578125,321450
2021-10-21,3452.6874857520456,3457.282060267578,3363.02467119957,3393.804443359375,373336
2021-10-22,3425.4317718470033,3488.374219810795,3401.878641734098,3449.56494140625,408499
2021-10-25,3438.4128766138742,3465.8470219060064,3332.24496475164,3357.894775390625,306195
2021-10-26,3372.2587841336635,3400.763486888623,3356.5565519314655,3382.87548828125,170050
2021-10-27,3385.7748702786766,3403.618216103597,3354.5490150850655,3369.269775390625,251226
2021-10-28,3439.2603636777226,3443.7658522026586,3291.0715026432736,3301.6435546875,706705
2021-10-29,3318.862438043698,3349.9545563430215,3269.7932353306865,3307.4873046875,316325
2021-11-01,3320.468324000091,3345.627398473757,3284.6032418513087,3324.34912109375,228051
2021-11-02,3332.2447682195775,3381.313968287068,3325.1520819544953,3338.356201171875,250053
2021-11-03,3324.3938479704184,3358.0731645410215,3291.249918921355,3299.591552734375,261709
2021-11-04,3317.5241168212224,3358.9205925623924,3317.5241168212224,3353.96923828125,65679
2021-11-08,3382.206536257109,3390.2360426739683,3339.91788958737,3369.98388671875,261609
2021-11-09,3372.392405720552,3430.3832804220956,3365.2550672957464,3385.2841796875,521920
2021-11-10,3381.3140095630215,3391.6632371929363,3340.274314460146,3364.9873046875,373526
2021-11-11,3367.485268976571,3374.0427853583337,3324.2151575590688,3345.58251953125,446382
2021-11-12,3374.1766937232546,3374.1766937232546,3225.8092297039793,3243.07275390625,745428
2021-11-15,3257.3027511964156,3277.733294857447,3194.0035260116993,3212.828125,551238
2021-11-16,3223.311268217731,3258.0167081379086,3196.7248559626905,3219.564208984375,473529
2021-11-17,3220.7241060422384,3251.0577956836337,3190.747196212084,3197.349365234375,348752
2021-11-18,3203.32659749848,3207.2520463786163,3144.8896410478046,3165.008056640625,384426
2021-11-22,3185.0371771837035,3185.0371771837035,3056.5650893645293,3072.802490234375,422572
2021-11-23,3069.0557564759083,3076.639179129991,3012.001696658933,3064.461181640625,713102
2021-11-24,3086.0067660149607,3086.0067660149607,3020.5662058371504,3039.703369140625,287005
2021-11-25,3035.1534790633414,3045.770183942573,3012.893946111614,3025.964111328125,264226
2021-11-26,3006.603876319854,3018.64813517158,2961.9955102023487,2975.021240234375,341506
2021-11-29,2962.8876005621855,2992.6414671154043,2896.1534430209936,2942.546142578125,403739
2021-11-30,2940.5835701491583,2964.6274365424647,2875.5000058714886,2890.889892578125,682518
2021-12-01,2926.3087850879597,2938.9775173629832,2879.2916112806533,2899.142333984375,551434
2021-12-02,2908.4209340251127,2977.474818196201,2887.4996530509584,2969.48974609375,502905
2021-12-03,2975.3778556584916,2982.6489318082286,2926.8440431296826,2933.312255859375,315536
2021-12-06,2942.189484848005,2944.1522094247634,2893.030977498257,2899.32080078125,251407
2021-12-07,2930.7249814477304,2959.3189874914747,2909.357617790081,2932.063232421875,286908
2021-12-08,2946.6948521684367,2978.0097936911393,2941.475586340845,2972.74609375,334037
2021-12-09,2988.7607075503684,2988.7607075503684,2949.505343033289,2980.731201171875,237723
2021-12-10,2962.1739087656515,3001.429271063843,2961.9955188635176,2984.07666015625,220039
2021-12-13,3003.9273460326785,3008.789614330789,2939.691299429069,2949.014404296875,214515
2021-12-14,2944.1520766249946,2948.6129131047296,2915.602723154692,2936.702392578125,181626
2021-12-15,2934.918018734316,2970.783317803143,2921.847855149207,2939.2451171875,295667
2021-12-16,2968.9100222463176,2968.9100222463176,2879.3365037125,2902.354248046875,324140
2021-12-17,2897.8039518326655,2910.0712518245714,2809.524043817405,2836.33349609375,3170631
2021-12-20,2810.237745677266,2829.1518670557225,2700.6351214339843,2770.35791015625,595625
2021-12-21,2776.424477787594,2819.2931576479073,2758.581132814666,2793.197265625,326850
2021-12-22,2794.267949670371,2831.3375440981067,2788.9149459353703,2797.702880859375,294578
2021-12-23,2810.3268073797367,2846.8610123128196,2799.6208004944806,2831.828125,224147
2021-12-24,2838.2521460163343,2850.474795630355,2796.9447525199257,2812.15625,123753
2021-12-27,2805.866054027829,2831.8726427288,2785.3462068918543,2813.98486328125,94069
2021-12-28,2820.3193431495674,2843.828039613469,2810.327112534525,2833.568115234375,214640
2021-12-29,2844.8987013776637,2916.4951328274665,2812.156202458184,2910.696044921875,563709
2021-12-30,2924.524442703343,2925.550347984313,2843.3372174788146,2855.649169921875,594987
2021-12-31,2881.7005344081804,2912.658697824877,2870.102358882699,2898.874755859375,248103
2022-01-03,2907.3059126978906,2937.5505187653825,2900.8823508705427,2923.721923828125,266680
2022-01-04,2929.8775932171634,2958.4269485712894,2917.9670719046458,2934.47216796875,244503
2022-01-05,2934.472127613644,3002.1431076715717,2927.2010508976005,2996.388671875,312215
2022-01-06,2984.121208909743,3059.241651511144,2973.5935912763616,3049.606201171875,410181
2022-01-07,3066.8252651183675,3066.8252651183675,3012.8491404522842,3026.677734375,263996
2022-01-10,3046.5732843694755,3079.092742571696,3037.3392646437915,3064.684326171875,318473
2022-01-11,3044.9670322246443,3074.3639015571293,3044.9670322246443,3066.156005859375,225782
2022-01-12,3074.4980236864876,3079.761723980086,3046.082406170049,3069.14501953125,198452
2022-01-13,3074.3192443619323,3099.656926637679,3060.1338712680654,3078.869384765625,291271
2022-01-14,3078.8694820595974,3088.8617126778654,3055.673131281982,3062.632080078125,127752
2022-01-17,3077.977508210429,3146.674397524111,3063.7474818440273,3113.441162109375,646271
2022-01-18,3112.727030300856,3120.087410460897,3026.7668423930645,3034.21630859375,656590
2022-01-19,3034.216398101791,3088.950950214091,3018.246690227345,3066.20068359375,694189
2022-01-20,3032.3875402811927,3076.1930446023803,2939.691439084931,2951.958740234375,874508
2022-01-21,2951.9584719287186,3099.3444622344314,2917.386990013422,3051.03369140625,1609260
2022-01-24,3052.104469203295,3081.7243813193463,2988.760588082736,3017.57763671875,788137
2022-01-25,2996.7901104998273,3113.6640326419756,2969.8020483257815,3095.017822265625,571406
2022-01-27,3073.516464133135,3155.417468917305,3028.1943200251494,3123.567138671875,664333
2022-01-28,3127.046595452235,3178.167828721061,3109.292552121606,3120.087646484375,575466
2022-01-31,3140.429217400738,3198.9999195143223,3110.987693487606,3180.264404296875,470500
2022-02-01,3191.2828116142264,3204.977668423561,3132.890498447943,3153.321044921875,487464
2022-02-02,3158.272360104314,3198.4198901056398,3141.722612507576,3153.8115234375,212256
2022-02-03,3167.194252491197,3257.258507460445,3141.3213980342266,3230.62744140625,760774
2022-02-04,3230.6274932291462,3230.6274932291462,3167.1943032965537,3180.88916015625,296588
2022-02-07,3185.037311514447,3185.037311514447,3094.036245471177,3101.173583984375,286849
2022-02-08,3101.2630749005116,3134.139311721354,3074.319446136602,3085.694580078125,397493
2022-02-09,3079.761648927355,3185.0373947481626,3079.761648927355,3179.282958984375,352729
2022-02-10,3179.1050030569786,3195.3424072525295,3163.3134647767333,3184.4580078125,239918
2022-02-11,3149.3507378124086,3189.4982684644083,3129.72305616032,3182.048583984375,339577
2022-02-14,3091.3600070359425,3156.4882265203937,3088.1036831874417,3111.835205078125,282645
2022-02-15,3113.6637977036553,3212.6943654816223,3099.1660794478717,3202.166748046875,357052
2022-02-16,3210.91030232763,3247.4891637878777,3186.0189203133255,3200.114990234375,244587
2022-02-17,3202.9702371765447,3265.332650674358,3202.9702371765447,3209.393798828125,513917
2022-02-18,3209.1257582868275,3249.719370186202,3179.327457776515,3240.4853515625,277299
2022-02-21,3233.347876197883,3245.6598279030236,3182.672950269457,3193.5126953125,344326
2022-02-22,3140.42890016976,3225.184793782296,3135.968063663837,3212.4267578125,432562
2022-02-23,3225.274273982247,3247.39985000993,3185.037439373132,3194.226806640625,209392
2022-02-24,3109.649133510939,3175.4911240119986,3064.594684725312,3103.7607421875,628362
2022-02-25,3113.7531029138518,3176.1155084971156,3113.7531029138518,3130.07958984375,327777
2022-02-28,3120.5334494373656,3177.007681783397,3076.237431143097,3149.662841796875,387040
2022-03-02,3121.0690922542276,3121.0690922542276,2973.59378534955,3008.656005859375,982580
2022-03-03,3032.476703678851,3037.651317668698,2925.4166258790683,2941.56494140625,536758
2022-03-04,2900.4358070797393,2931.6170097357203,2811.2190797010944,2892.49560546875,509620
2022-03-07,2841.5530979175533,2925.4168314196722,2788.023055256626,2885.84912109375,335205
2022-03-08,2880.8084154507724,2992.7307675888414,2833.2558514346683,2959.408447265625,557492
2022-03-09,2961.995597718254,2997.6822916666665,2937.9070793030755,2978.94677734375,508262
2022-03-10,3032.4766443671565,3069.0555035666425,3020.343081994785,3053.308837890625,350154
2022-03-11,3033.3688239482913,3073.9624361511287,3021.2799134546995,3053.888671875,156038
2022-03-14,3035.1533381017557,3091.31522946938,3004.8196480678166,3080.25244140625,245299
2022-03-15,3069.947749079379,3117.232617054156,3056.877584963009,3081.590576171875,229544
2022-03-16,3113.708544194888,3204.843347211024,3105.6343865274425,3184.85888671875,262987
2022-03-17,3193.9593491090263,3269.6598414782984,3190.07833372391,3256.8125,429272
2022-03-21,3256.812438444008,3317.0783898153763,3194.1823305907747,3202.033447265625,432309
2022-03-22,3193.9591324432777,3267.1168555886265,3180.130538434096,3262.165283203125,213667
2022-03-23,3269.748598279083,3286.164607768156,3202.8807007496875,3213.140625,281347
2022-03-24,3203.1484782875464,3245.615513432715,3184.769743763191,3197.4384765625,385957
2022-03-25,3204.665028261881,3264.573976951251,3204.665028261881,3260.291748046875,492945
2022-03-28,3260.291786043242,3334.0293291159287,3251.994586269311,3290.090087890625,688267
2022-03-29,3299.0562454466517,3332.244825040829,3266.0907076747662,3291.29443359375,376929
2022-03-30,3327.4718308356996,3327.4718308356996,3270.0163412942447,3277.912109375,343930
2022-03-31,3283.175675386669,3314.5352689647166,3244.0096179065463,3259.087158203125,511249
2022-04-01,3243.9203581521324,3342.058762826702,3243.9203581521324,3336.616455078125,391985
2022-04-04,3345.627423227043,3365.2551041099746,3315.650514389214,3357.805419921875,419517
2022-04-05,3359.010055797255,3408.034607869472,3359.010055797255,3398.889892578125,339228
2022-04-06,3391.128019448538,3399.157525414083,3338.1333672016563,3391.841796875,240470
2022-04-07,3391.8863842632027,3407.7223540605883,3364.40758747446,3392.2431640625,224527
2022-04-08,3401.209409218207,3422.353730465579,3360.794187347194,3399.4697265625,229962
2022-04-11,3408.079268878376,3412.5401056177457,3361.8203047653956,3378.771484375,135225
2022-04-12,3362.132329669322,3369.4480576610085,3279.6515097910387,3311.76953125,266145
2022-04-13,3311.769574720152,3343.396861036885,3273.4510338449727,3298.610107421875,198206
2022-04-18,3292.097517962863,3352.987939534941,3252.1730290932596,3314.044921875,373718
2022-04-19,3336.7054489660195,3367.5745223308236,3228.173392277096,3262.789306640625,211918
2022-04-20,3270.6853342792533,3332.200226286106,3258.462685785474,3319.531494140625,174080
2022-04-21,3305.4798788987096,3336.2596510503977,3283.265000036683,3303.11572265625,216475
2022-04-22,3274.2540838677505,3296.3352251690385,3232.1884816053557,3249.719482421875,228316
2022-04-25,3213.5864767722196,3323.1000081502843,3211.802142248748,3285.807373046875,444222
2022-04-26,3305.435295056248,3483.913412409778,3305.435295056248,3472.404541015625,1107122
2022-04-27,3452.687728527295,3496.4039297412064,3431.2757116061953,3484.493408203125,541564
2022-04-28,3568.669518879194,3568.669518879194,3394.6968798338335,3420.926513671875,1628318
2022-04-29,3394.696796076154,3425.9226535959087,3311.145410152587,3327.3828125,594650
2022-05-02,3318.862180494609,3318.862180494609,3217.1551136730004,3232.723388671875,376660
2022-05-04,3234.106292320025,3285.8519929971458,3109.5596566680065,3119.819580078125,575428
2022-05-05,3157.2018715103277,3207.341633172587,3131.864188003364,3143.908447265625,323081
2022-05-06,3112.1472766729785,3171.6547927949096,3086.8988981913885,3122.362548828125,436366
2022-05-09,3113.6639427813047,3198.1521443134015,3104.74226959282,3183.922119140625,502719
2022-05-10,3180.531818026625,3253.466495843969,3158.27228713636,3205.601806640625,507087
2022-05-11,3211.8024083143973,3236.738441782758,3155.8635599324466,3223.266845703125,437746
2022-05-12,3198.419921875,3259.9794684884937,3157.5586140382575,3198.419921875,777332
2022-05-13,3227.9061246356964,3333.137220018552,3227.9061246356964,3249.36279296875,633218
2022-05-16,3256.410848743525,3323.3234004300357,3256.410848743525,3315.16015625,401803
2022-05-17,3323.4125647346877,3378.6376346152265,3323.4125647346877,3339.29296875,402398
2022-05-18,3339.3823435297936,3416.554818206611,3333.3155620732664,3382.384765625,507061
2022-05-19,3293.7922986876956,3370.6079887329156,3283.2202470929155,3299.725341796875,261026
2022-05-20,3354.5490240337167,3433.9519131664297,3332.244841693067,3379.351318359375,396832
2022-05-23,3422.353777613849,3456.702218812528,3363.4707355589703,3377.879150390625,339483
2022-05-24,3405.759444886791,3427.7068481144356,3364.4076202369706,3375.336669921875,369304
2022-05-25,3403.216973016469,3407.18707411971,3338.713230721258,3382.920166015625,225253
2022-05-26,3391.2174414359824,3452.6876854544003,3349.2409235577147,3441.40185546875,419826
2022-05-27,3457.1485454332255,3470.5310559316767,3410.8004943031156,3419.72216796875,422591
2022-05-30,3443.7657288139303,3482.2626601333795,3428.643536857772,3440.821533203125,271827
2022-05-31,3458.040776999112,3531.198502415502,3425.030583823424,3447.424072265625,1154256
2022-06-01,3459.111266761058,3483.0213957248975,3307.5321184529503,3318.951904296875,784215
2022-06-02,3318.95168411332,3345.538095596209,3270.997691387833,3290.9375,346754
2022-06-03,3317.9702318873974,3331.2634377047116,3256.410687386125,3276.662841796875,409815
2022-06-06,3265.332555733397,3452.464660532599,3256.8569657663293,3405.40283203125,1136609
2022-06-07,3359.010084323741,3438.1006330480363,3359.010084323741,3420.658935546875,561644
2022-06-08,3420.1232265917706,3434.8439865340597,3361.730922383547,3385.016357421875,346603
2022-06-09,3385.016644512514,3474.9918083710213,3371.8571761752937,3460.40478515625,627869
2022-06-10,3529.6817094637418,3542.796525868212,3434.8442771575465,3462.50146484375,1412838
2022-06-13,3412.539954144022,3475.036317651399,3385.2841993134266,3462.724365234375,519745
2022-06-14,3466.0700700005727,3493.504215342276,3214.4342315230015,3284.737060546875,1733394
2022-06-15,3301.0192496173277,3339.070100598684,3251.950044555448,3299.32421875,753821
2022-06-16,3333.851003470926,3333.851003470926,3241.2439887995097,3263.7265625,438590
2022-06-17,3274.2538810922556,3313.464589048203,3225.7200687271156,3237.63037109375,727356
2022-06-20,3229.868833853186,3246.4185816817658,3189.3198715466633,3226.032470703125,268242
2022-06-21,3239.4594675326625,3278.7148287475998,3226.1216099554435,3252.1728515625,424763
2022-06-22,3251.949761416184,3320.2005588780053,3224.4263134839734,3243.60791015625,585483
2022-06-23,3283.2649329338924,3386.667034778363,3270.016161544098,3376.6748046875,1186420
2022-06-24,3390.94949712348,3427.1269244849796,3374.132056493343,3402.146240234375,558798
2022-06-27,3452.687297093511,3531.599447698078,3405.4024323012745,3444.836181640625,1819576
2022-06-28,3425.8778217152108,3485.8760733695162,3375.113588853862,3469.638671875,799053
2022-06-29,3461.609148384763,3479.4524945104577,3440.2417849621006,3450.501708984375,524392
2022-06-30,3471.283112880489,3488.269348644182,3417.5939340679374,3431.10888671875,715926
2022-07-01,3395.3312648114957,3405.282276025556,3333.449995788958,3355.203369140625,756589
2022-07-04,3373.5316754637292,3420.5097067219563,3339.8371779247914,3406.25439453125,536505
2022-07-05,3424.9993967335045,3424.9993967335045,3390.749402766169,3409.031494140625,294980
2022-07-06,3408.337314655691,3496.5542382052313,3401.9963468526403,3492.6201171875,333226
2022-07-07,3504.885197769683,3550.983882959708,3503.681774418308,3513.4013671875,534547
2022-07-08,3545.337362132353,3545.337362132353,3510.8096188634986,3540.708984375,326804
2022-07-11,3536.080463795815,3571.256133330957,3512.938575943748,3562.508544921875,372417
2022-07-12,3566.6277341737987,3575.8844892585994,3547.23487747014,3561.860595703125,244636
2022-07-13,3571.255906170069,3590.648761757558,3561.999151618047,3573.801513671875,308508
2022-07-14,3572.089130191641,3597.1286979014462,3555.5196289835976,3576.069580078125,377688
2022-07-15,3575.8843372315396,3627.7221635025635,3574.0329862932886,3622.4921875,281730
2022-07-18,3637.904694310547,3693.4452239946777,3633.3689747843405,3687.9375,513318
2022-07-19,3681.4576649303917,3736.0261885658733,3671.2289058107667,3704.55322265625,512451
2022-07-20,3719.3640881196325,3753.6140809669264,3701.776253954806,3704.599609375,377717
2022-07-21,3707.006188421842,3768.0546665941747,3696.638668334789,3755.51171875,371547
2022-07-22,3762.870960073298,3786.9385234095603,3744.588868692868,3753.1513671875,280291
2022-07-25,3753.1513983071686,3771.155741984004,3701.128479247971,3722.280029296875,372987
2022-07-26,3715.6614098735154,3730.4722176856667,3625.8708875123466,3633.831787109375,882407
2022-07-27,3640.681674037056,3665.6749120739237,3559.3609924709554,3595.184814453125,514997
2022-07-28,3595.3236932931864,3622.8162108364136,3561.0736993045543,3571.487548828125,423758
2022-07-29,3609.208613269133,3658.500831442147,3589.769428637522,3623.51025390625,412805
2022-08-01,3628.6016930978362,3691.8253760283565,3624.019644493453,3677.986572265625,459482
2022-08-02,3677.98620523201,3707.330070956692,3648.410920651463,3699.18408203125,398168
2022-08-03,3701.7762970670256,3711.958727491566,3668.4983082876397,3705.8955078125,312355
2022-08-04,3712.884298934458,3735.1005101472297,3680.4856575824992,3713.5322265625,310996
2022-08-05,3725.843816984147,3738.1090171270143,3696.268530517892,3714.828369140625,287542
2022-08-08,3714.735778860595,3739.6363593949045,3702.7019973691454,3723.66845703125,238574
2022-08-10,3715.6614893216124,3763.796615740328,3715.6614893216124,3734.9619140625,218912
2022-08-11,3749.078216874882,3756.622381367086,3723.3907232303463,3733.7119140625,277432
2022-08-12,3733.7119019098836,3758.2423011662645,3715.429811898053,3737.87744140625,217139
2022-08-16,3737.8775870886507,3795.2694668309728,3737.8775870886507,3787.0771484375,302627
2022-08-17,3790.733975279864,3814.1999404994217,3758.2426735904764,3765.555419921875,313179
2022-08-18,3775.830229355652,3775.830229355652,3740.1917238812243,3758.843994140625,451908
2022-08-19,3750.837153762125,3784.5779807878616,3748.985802748422,3771.711181640625,223883
2022-08-22,3730.47203540039,3770.646259229786,3710.847761207205,3741.2099609375,388178
2022-08-23,3725.8437206252024,3770.137381714356,3717.558970470263,3762.361572265625,172256
2022-08-24,3749.402548339148,3780.4126797772665,3749.402548339148,3763.5654296875,245586
2022-08-25,3770.2762282999543,3791.242687514282,3750.0040256953066,3760.97314453125,374693
2022-08-26,3772.1278445087205,3817.810023035927,3741.071384786218,3753.058837890625,453561
2022-08-29,3725.7977631208805,3748.9859808682154,3689.2799078395733,3730.518798828125,608621
2022-08-30,3749.2171432036225,3822.0679848650257,3713.393547036784,3781.24560546875,740581
2022-09-01,3711.9589645150713,3824.6599630012834,3711.9589645150713,3773.331298828125,510034
2022-09-02,3776.7561790431655,3797.8614004241686,3726.2142044844395,3731.305419921875,556543
2022-09-05,3748.985625342225,3754.400917199047,3651.1417740971056,3662.57373046875,799837
2022-09-06,3667.5262319769677,3693.445145277158,3628.1850242891783,3637.34912109375,508096
2022-09-07,3624.0196623467746,3644.847361555664,3527.934498130764,3559.823974609375,724097
2022-09-08,3577.6432948230936,3591.574756862783,3554.594064335172,3560.70361328125,493973
2022-09-09,3578.5228345173687,3591.621052855943,3549.965654047047,3562.554931640625,485613
2022-09-12,3554.593833536379,3600.692517514052,3540.7087013741275,3582.641845703125,369281
2022-09-13,3577.735754348753,3600.8776415049547,3568.478999486272,3579.124267578125,507487
2022-09-14,3531.4519704483478,3627.675891783584,3528.304764201646,3564.08203125,576311
2022-09-15,3577.7360871592396,3595.8794187754393,3472.5331487588883,3487.945556640625,351737
2022-09-16,3517.566736765849,3517.566736765849,3402.875638036135,3415.325927734375,579176
2022-09-19,3424.9994074656174,3454.4822630332874,3388.9907203094513,3432.63623046875,454942
2022-09-20,3449.8074518472467,3524.879598282873,3448.141190770829,3488.500732421875,268923
2022-09-21,3493.3604146974394,3524.462974463662,3447.2154027561073,3453.324951171875,197924
2022-09-22,3443.5127992963535,3480.539818643626,3424.999289622717,3451.751220703125,149651
2022-09-23,3452.769801172144,3489.796823168628,3409.2630503262753,3423.981201171875,158122
2022-09-26,3396.210576597336,3412.7339738191367,3300.958662952205,3308.826904296875,517637
2022-09-27,3323.175230923441,3327.7572797057965,3249.213844733483,3278.650146484375,344198
2022-09-28,3263.0062549547283,3308.2716981360986,3244.492744288318,3282.352783203125,181128
2022-09-29,3298.1817376180984,3298.968652174662,3207.5118694857206,3218.2958984375,350931
2022-09-30,3227.3674020032577,3289.804164853916,3203.9940972848917,3265.551513671875,276996
2022-10-03,3265.5517722253835,3295.312149399363,3216.722389195155,3254.073486328125,442640
2022-10-04,3286.6108483729618,3332.339127474929,3276.15067006972,3313.548095703125,317554
2022-10-06,3330.117513542465,3348.3069461857785,3304.6614380393607,3327.479248046875,353529
2022-10-07,3313.964643169303,3396.2107763477866,3313.918314194966,3335.718017578125,591544
2022-10-10,3292.9519442015753,3355.481145592996,3266.7552814466294,3348.1220703125,240975
2022-10-11,3364.8766419841936,3364.8766419841936,3258.007454820816,3266.477294921875,258827
2022-10-12,3282.81549310921,3381.4925915158556,3254.536287463703,3355.11083984375,496229
2022-10-13,3348.029679637908,3377.604968051364,3323.1752008989206,3336.875244140625,336605
2022-10-14,3387.9261434762657,3390.7494990689765,3288.138275181541,3305.12451171875,499983
2022-10-17,3313.918267988771,3401.6723500049025,3312.0669170010674,3359.2763671875,921084
2022-10-18,3376.0771754643347,3392.4618119601887,3334.3756766400456,3342.891845703125,496519
2022-10-19,3359.6463192854394,3440.6892484784244,3354.4163434976394,3384.130615234375,456361
2022-10-20,3359.600361185542,3428.6092867549373,3319.472239118339,3417.455078125,310251
2022-10-21,3424.0735492413246,3443.8368108413474,3371.0786288049726,3395.93310546875,207556
2022-10-24,3438.884431175381,3443.512808606303,3406.4857891589236,3424.814208984375,29986
2022-10-25,3424.0734793709494,3449.992391893898,3373.1613297723006,3382.5107421875,351456
2022-10-27,3416.2981457586025,3416.2981457586025,3338.1246677276818,3353.074462890625,333703
2022-10-28,3369.875511869228,3442.5873715438324,3361.12792311795,3397.877197265625,500485
2022-10-31,3414.9095526496694,3430.877454908714,3387.139287851331,3398.941650390625,314769
2022-11-01,3412.5492071956314,3465.91431167878,3390.749503029569,3455.26904296875,514106
2022-11-02,3467.580378275535,3467.580378275535,3419.0750730991494,3459.064208984375,317571
2022-11-03,3474.9859482141082,3530.5264801514677,3453.741739947069,3493.03662109375,637882
2022-11-04,3498.5444408555713,3526.731216384549,3483.224465178801,3490.815185546875,230932
2022-11-07,3508.309984919669,3534.8304963865694,3479.1512080001526,3489.65771484375,272013
2022-11-09,3508.310147085005,3512.0128490872057,3441.5227501183113,3461.60986328125,249436
2022-11-10,3461.610044493048,3489.79681976135,3440.7360156639093,3447.771240234375,291055
2022-11-11,3465.0348666931177,3502.709814902095,3432.8676425917124,3450.59423828125,268871
2022-11-14,3467.858152279627,3487.9452653230674,3434.6725953843284,3449.06689453125,200313
2022-11-15,3449.113246655379,3507.3844742604697,3449.113246655379,3484.38134765625,296104
2022-11-16,3477.76260888345,3516.178139431404,3461.7020496901087,3468.92236328125,329588
2022-11-17,3470.3573748559106,3487.343610313551,3405.0045955635887,3419.583984375,185433
2022-11-18,3419.5839101401575,3431.340169278074,3351.8708406395644,3362.9326171875,327528
2022-11-21,3346.3171260247227,3374.827978272566,3338.3562258663287,3350.482666015625,226673
2022-11-22,3365.7563755773303,3372.2361045732164,3318.546921464447,3350.112548828125,322261
2022-11-23,3352.9817943281705,3382.557081737225,3327.803465601065,3339.698486328125,340707
2022-11-24,3348.353286919528,3359.8779013978706,3330.9968717428105,3351.083984375,397640
2022-11-25,3362.2847816640715,3381.2148001404894,3333.3574227468707,3369.690185546875,224797
2022-11-28,3360.3872404973285,3434.2561924779297,3360.3872404973285,3403.43115234375,185431
2022-11-29,3406.8098700237515,3422.2222764890334,3380.566879561253,3388.06494140625,134922
2022-11-30,3401.8109919954272,3492.480858249156,3398.154619121548,3471.930908203125,1267676
2022-12-01,3465.775249125818,3465.775249125818,3327.2016780462277,3432.034423828125,514227
2022-12-02,3431.4791983266323,3436.431652822569,3370.199523285756,3387.370849609375,349992
2022-12-05,3399.080157561729,3399.080157561729,3367.607193139861,3387.87939453125,163476
2022-12-06,3380.5668354775153,3424.8141683916897,3371.402738670903,3420.185791015625,251515
2022-12-07,3420.18586428002,3432.9139023368466,3359.785538228532,3364.50634765625,167024
2022-12-08,3364.8766679689397,3386.6300415497963,3349.0938559804267,3365.894775390625,141912
2022-12-09,3378.7156918445035,3396.5812748113394,3333.3575907759064,3348.1220703125,166035
2022-12-12,3348.1219396617366,3355.203492802295,3307.9477135380916,3329.42333984375,171844
2022-12-13,3346.0855780609563,3371.3102359217105,3324.3785323669404,3366.450439453125,126272
2022-12-14,3378.71584526483,3395.3316766199378,3370.3847650984235,3380.613525390625,132320
2022-12-15,3364.8304233495383,3384.2696087389027,3341.688535981247,3350.29736328125,161541
2022-12-16,3345.159824720297,3358.2580425948117,3275.9655813725717,3285.77783203125,228381
2022-12-19,3302.2086413430975,3366.080251926643,3286.148080747641,3359.970703125,238078
2022-12-20,3363.904685437893,3363.904685437893,3315.2140649204607,3345.02099609375,152284
2022-12-21,3346.317017650291,3385.334150570122,3325.5819763206655,3342.66064453125,149348
2022-12-22,3359.415186132432,3376.771601941904,3315.353167461117,3333.21875,158182
2022-12-23,3313.9181302432107,3332.4316393507147,3270.4113838405765,3278.557373046875,122024
2022-12-26,3278.7427251116874,3309.1049276747935,3262.1268945580746,3288.1845703125,140091
2022-12-27,3290.776212117988,3332.431607208089,3286.1478348857545,3324.05419921875,115917
2022-12-28,3313.918309732994,3337.0138683965192,3286.148044567634,3320.25927734375,229748
2022-12-29,3312.9926261843007,3332.431811752859,3276.891281556978,3303.55078125,748244
2022-12-30,3313.918414274575,3372.3286309130026,3302.486231022861,3347.2890625,287867
2023-01-02,3348.1682461228816,3350.94527259188,3258.794232396605,3308.31787109375,471328
2023-01-03,3297.7189370416518,3350.945277779868,3297.7189370416518,3334.00537109375,218996
2023-01-04,3321.3237812347234,3334.7924053124766,3280.131220402799,3288.786376953125,250071
2023-01-05,3302.810202916217,3362.516273008172,3293.877524688055,3352.009765625,294998
2023-01-06,3349.093873603628,3376.8641378955317,3330.5803640756917,3371.54150390625,173591
2023-01-09,3388.4350036397736,3396.3032450086953,3337.985691333158,3351.639404296875,200031
2023-01-10,3360.757302044528,3365.7558589618266,3298.459300490161,3308.549072265625,247609
2023-01-11,3318.5466002863814,3323.128648719578,3268.606453271865,3275.086181640625,308958
2023-01-12,3275.0859328412453,3313.91797113078,3258.4237754444985,3304.93896484375,182941
2023-01-13,3313.9182555196753,3348.955163228125,3290.915129186018,3337.337890625,180876
2023-01-16,3341.6423782446864,3351.8248092085173,3295.4049301124746,3316.834228515625,226147
2023-01-17,3323.1750796852352,3344.1878685555544,3302.9489794011297,3338.865234375,106465
2023-01-18,3355.5737379236652,3368.301776239927,3312.9926642838063,3341.595947265625,306275
2023-01-19,3332.385646765362,3359.23023768106,3306.5130603749235,3310.16943359375,226186
2023-01-20,3316.7415337779107,3320.0277268912423,3287.3050086702297,3307.20703125,191361
2023-01-23,3317.1583384207893,3357.425224906433,3305.587394028363,3354.231689453125,173482
2023-01-24,3356.499318538714,3421.3892606271584,3343.0306949931246,3412.502685546875,212778
2023-01-25,3414.817105934599,3462.026559012036,3400.6542248123665,3441.106201171875,375571
2023-01-27,3563.850964171747,3698.073922562631,3545.337452669556,3644.1533203125,2375899
2023-01-30,3647.1613127528467,3655.4460629216514,3535.0158211609914,3555.658203125,654472
2023-01-31,3589.7695598953214,3589.7695598953214,3518.4925469732125,3534.46044921875,359118
2023-02-01,3544.8280196376213,3597.5451944813035,3480.632558922768,3528.027099609375,328212
2023-02-02,3516.641404194721,3572.2745949854852,3462.0265469039896,3508.958251953125,309024
2023-02-03,3503.6815167510613,3571.2558234149524,3489.055799698785,3566.2109375,242350
2023-02-06,3560.657304432433,3582.086602850709,3521.362422838735,3563.017822265625,205412
2023-02-07,3585.141010823823,3605.505870683912,3534.4139510642412,3591.111572265625,246673
2023-02-08,3609.070007334945,3609.070007334945,3550.428374113305,3591.898681640625,309039
2023-02-09,3591.528477695885,3601.340728928393,3547.420128116138,3559.916748046875,249061
2023-02-10,3559.2223604948454,3562.8787335855604,3517.6596202072224,3546.864501953125,170034
2023-02-13,3564.6373827794473,3621.797841588426,3539.7829066483196,3594.860595703125,372862
2023-02-14,3605.4595890177507,3616.5676945417244,3575.467794501016,3588.0107421875,251160
2023-02-15,3579.217027546446,3621.1499474727425,3563.850723638732,3615.133056640625,214072
2023-02-16,3619.3913470505204,3638.7842043376345,3602.7291873965796,3616.244140625,166844
2023-02-17,3600.8777044374438,3628.647969510226,3584.2155453937744,3604.858154296875,167844
2023-02-20,3605.4597809513393,3642.486801335687,3603.978835732964,3613.652099609375,169828
2023-02-21,3635.1273080294786,3635.1273080294786,3540.430669091901,3551.9091796875,177954
2023-02-22,3551.909403154871,3601.108963527779,3531.405556088915,3555.24169921875,477992
2023-02-23,3561.5365758268217,3584.909882789688,3531.6372112258186,3547.095947265625,299446
2023-02-24,3548.623455142755,3586.9000025161536,3548.623455142755,3563.804443359375,263732
2023-02-27,3517.5208356000626,3517.5208356000626,3356.5459444401636,3369.3203125,822866
2023-02-28,3375.9387044449372,3464.8035565498767,3356.12933822788,3389.083251953125,723245
2023-03-01,3397.229071057214,3469.75583658255,3366.5891217349667,3454.296875,432887
2023-03-02,3453.7416851740973,3478.086996486214,3406.485904801157,3439.115966796875,276614
2023-03-03,3443.5593163149406,3469.4319022976956,3422.6389588433194,3454.62109375,281411
2023-03-06,3445.086429329896,3493.499302703616,3441.800236138158,3446.336181640625,186747
2023-03-08,3447.0303800307715,3534.0438747066905,3435.228017721006,3527.934326171875,478922
2023-03-09,3527.9343777392473,3553.436782654857,3518.492532952422,3530.0634765625,295897
2023-03-10,3545.3371732936635,3559.592485629013,3515.715557224369,3537.839111328125,530973
2023-03-13,3538.8109663093314,3552.742427227394,3488.2228926510525,3497.618408203125,247745
2023-03-14,3497.618583764228,3512.4293919166216,3458.2310456349564,3473.967529296875,278919
2023-03-15,3494.3322697938606,3505.995871208948,3444.0219431861797,3452.76953125,317890
2023-03-16,3462.905920657544,3527.7495384539475,3462.905920657544,3517.752197265625,377544
2023-03-17,3534.0441609835148,3543.439677420656,3510.208015564307,3530.896728515625,396793
2023-03-20,3508.3099366838455,3549.9190027391865,3503.774217401165,3522.195068359375,331370
2023-03-21,3523.583682939854,3630.4991999185886,3514.5583470909996,3615.41064453125,803886
2023-03-22,3630.267758392768,3652.2525507078894,3599.5817070961825,3632.30419921875,311063
2023-03-23,3612.4486460637454,3621.6127431343007,3566.6740376950693,3575.838134765625,256313
2023-03-24,3559.3151106370747,3594.305465266687,3528.6751598531496,3543.393310546875,281359
2023-03-27,3549.9193273181477,3558.5744839185854,3517.567012755098,3524.555908203125,198811
2023-03-28,3537.0060286300527,3548.854720038542,3489.3800701198084,3509.791259765625,144400
2023-03-29,3527.286622587976,3604.580529683133,3517.7057904123117,3590.97314453125,429300
2023-03-31,3587.5943285652215,3617.401261851935,3573.1075967123047,3596.01806640625,248433
2023-04-03,3614.577713919656,3698.0735982736696,3599.211410322324,3696.91650390625,497915
2023-04-05,3697.1479968653102,3727.648959802693,3665.721358415442,3724.13134765625,584697
2023-04-06,3728.621058242088,3762.871053067053,3721.261982931401,3733.804931640625,321813
2023-04-10,3735.1471460802422,3769.3508122051558,3730.565097340045,3759.723876953125,218632
2023-04-11,3776.756044634242,3872.6095619808625,3768.0084563475075,3866.916748046875,685931
2023-04-12,3866.916859774071,3987.2085754182704,3860.5297890296897,3967.4453125,992142
2023-04-13,3952.634612807387,3985.9128297463503,3943.4239602555413,3969.620849609375,371608
2023-04-17,3990.5871324376276,3990.5871324376276,3907.3224393329388,3938.147705078125,718984
2023-04-18,3938.055056342732,3949.0244015841613,3864.7413748210247,3896.399658203125,235015
2023-04-19,3873.1189212941213,3977.534936125641,3869.3696643528647,3948.746337890625,406755
2023-04-20,3948.006055542974,4008.637801530797,3936.018376876101,3993.688232421875,409146
2023-04-21,4001.695257371366,4014.6547146008825,3964.7143396954257,3988.087646484375,237639
2023-04-24,3988.0877913405952,4031.2709173408825,3964.3908588521817,4010.119140625,279716
2023-04-25,4017.4317004406116,4049.8303431861004,3995.3081462209766,4019.7919921875,367525
2023-04-26,4022.0598304679324,4038.3979117633244,3962.8166016647224,3979.478759765625,964051
2023-04-27,3980.4044785585816,4093.8458254015127,3974.850425797802,4080.562744140625,667011
2023-04-28,4070.5189033136594,4109.7213477946725,4063.7612015457553,4102.54736328125,457064
2023-05-02,4109.953193582499,4171.556718459073,4095.2345912663236,4163.6884765625,522701
2023-05-03,4151.192032019946,4156.237144597536,4105.371091985386,4117.26611328125,351550
2023-05-04,4116.293564686992,4137.769416728646,4107.453544603844,4126.3837890625,191019
2023-05-05,4131.38232421875,4169.519882791833,4098.335528794495,4131.38232421875,180033
2023-05-08,4142.397986597207,4219.229055398898,4133.3265472214425,4211.12939453125,365732
2023-05-09,4232.9748347049135,4236.816297209136,4183.7287227287925,4192.2451171875,329083
2023-05-10,4216.45148225417,4236.353503520572,4192.707998443636,4217.3310546875,229527
2023-05-11,4252.553124247444,4252.553124247444,4198.030929269259,4209.87939453125,293197
2023-05-12,4207.195539599256,4284.813527906041,4181.276623183683,4201.548828125,620213
2023-05-15,4229.411429026215,4265.975611877284,4204.464293095119,4225.2919921875,534604
2023-05-16,4242.833709755006,4253.478978144268,4193.310069857134,4201.03955078125,321308
2023-05-17,4211.823114627049,4258.106885117456,4173.870422824915,4192.7080078125,346510
2023-05-18,4202.520871239636,4232.605326451569,4177.805153392596,4182.8037109375,194233
2023-05-19,4197.012906255711,4211.962475856833,4132.261721314892,4149.98876953125,398571
2023-05-22,4160.865088721792,4227.235747993839,4160.865088721792,4187.0615234375,368479
2023-05-23,4197.891991873121,4214.970432443195,4157.301033678189,4163.78076171875,239196
2023-05-24,4170.676882496506,4213.860004240427,4158.180263803017,4181.83154296875,395343
2023-05-25,4170.769621455084,4305.686822192511,4169.7978430004805,4298.8369140625,1016606
2023-05-26,4269.539548063579,4317.859538707938,4263.013264494861,4272.8720703125,484972
2023-05-29,4313.60185326897,4316.563743761663,4265.605486791243,4275.232421875,301343
2023-05-30,4272.084737339664,4290.829664665305,4245.795645710582,4250.60888671875,229574
2023-05-31,4248.665189952546,4284.905747035581,4214.2764358424365,4227.69873046875,719613
2023-06-01,4246.073473729437,4322.719223525289,4227.7913827972025,4298.466796875,698733
2023-06-02,4326.792324206415,4357.154297854799,4301.845190292269,4322.0712890625,606833
2023-06-05,4339.56706186966,4366.365550353623,4321.979226081366,4359.97802734375,234925
2023-06-06,4366.874459933301,4392.284434884088,4359.977996206397,4374.97412109375,353149
2023-06-07,4384.87844816177,4432.041340548218,4384.87844816177,4425.4228515625,239491
2023-06-08,4444.029554187238,4470.920248116141,4421.766786017874,4443.84423828125,295499
2023-06-09,4443.843549834847,4463.421494284415,4383.073049795857,4390.8486328125,208197
2023-06-12,4396.912899777306,4433.98602594141,4381.546594759127,4415.1484375,137778
2023-06-13,4415.472357509395,4438.614246175586,4393.672879181847,4402.466796875,247078
2023-06-14,4397.976898381522,4414.037458485169,4361.782896427852,4378.63037109375,191238
2023-06-15,4389.46014361672,4410.519259229415,4352.988622799759,4370.62255859375,178304
2023-06-16,4346.046850152429,4364.328942866063,4276.621181619643,4296.93994140625,658995
2023-06-19,4299.762150155921,4309.01890397757,4245.748901208613,4255.65380859375,193043
2023-06-20,4244.2220125398835,4322.904427167123,4229.457308057959,4315.4990234375,453523
2023-06-21,4330.309937925178,4354.053423822132,4292.357242872819,4304.52978515625,274821
2023-06-22,4317.396676967437,4321.978951532998,4259.588512624223,4269.30810546875,180102
2023-06-23,4270.233914420919,4309.019629062166,4263.1060319828575,4279.02783203125,348409
2023-06-26,4281.017537807113,4311.750143546111,4258.61601111893,4264.494140625,298624
2023-06-27,4289.487476306446,4330.91145364951,4267.363922939096,4274.8154296875,444793
2023-06-28,4285.877568671315,4387.701873758539,4276.713471611463,4365.76318359375,769406
2023-06-30,4422.716750340904,4517.162168434897,4421.762756218742,4475.7109375,587936
2023-07-03,4469.653749223947,4472.324746619341,4376.972841345123,4398.533203125,457367
2023-07-04,4399.773063371273,4459.731217007144,4399.773063371273,4412.60400390625,286373
2023-07-05,4434.117480863029,4674.5715300781185,4419.855081398352,4665.0791015625,891033
2023-07-06,4665.031208018706,4710.822925398031,4609.699549518689,4691.45703125,888595
2023-07-07,4651.198176531147,4687.115960784623,4598.776015063086,4611.607421875,405959
2023-07-10,4625.9175237927375,4723.224924788172,4622.149060662505,4672.61572265625,659388
2023-07-11,4711.300050628779,4726.5164434572325,4679.341247004993,4691.4091796875,400593
2023-07-12,4702.23691065598,4719.885801475038,4643.089276559678,4654.0126953125,295827
2023-07-13,4694.604641353175,4760.430229699724,4626.728058996988,4642.564453125,501038
2023-07-14,4669.754061323336,4680.581522759837,4626.8718360212615,4636.0302734375,419873
2023-07-17,4659.2595653904855,4680.6764529594775,4599.300944401339,4610.79638671875,250127
2023-07-18,4622.625995803152,4765.296095136061,4607.791573647681,4636.98388671875,270028
2023-07-19,4656.445545552689,4683.300388284977,4596.534897980739,4601.73388671875,247325
2023-07-20,4605.883678206753,4664.077320371337,4562.047461429567,4644.71142578125,450566
2023-07-21,4619.334933028892,4654.918726695513,4612.799980268727,4638.9873046875,367833
2023-07-24,4638.319368287914,4692.697032622018,4627.968439018725,4658.11474609375,288534
2023-07-25,4659.784422872622,4684.015781104557,4557.564042925088,4625.8701171875,743269
2023-07-26,4665.030767898164,4677.909687196043,4618.237547442831,4646.38037109375,387130
2023-07-27,4673.617403406675,4682.203350871599,4602.353853120826,4627.82568359375,321326
2023-07-28,4631.641722322912,4674.571460222918,4607.4578768090805,4667.41650390625,255158
2023-07-31,4670.278072484132,4711.204325824491,4642.182760177249,4704.5263671875,325463
2023-08-01,4714.400342241614,4749.602631357425,4673.760100430484,4697.41943359375,391794
2023-08-02,4687.354951333143,4710.775788144911,4599.444480050355,4609.79541015625,249850
2023-08-03,4614.469642346591,4687.593199810735,4584.89582408884,4604.26171875,418377
2023-08-04,4607.792019544514,4640.418807749028,4483.77277264166,4495.220703125,451353
2023-08-07,4525.318635717142,4525.318635717142,4450.3825836843325,4455.248046875,436583
2023-08-08,4455.248190004288,4481.864533726914,4423.766382934686,4436.2158203125,487053
2023-08-09,4436.549907953192,4474.04169267933,4403.732601518021,4451.861328125,282034
2023-08-10,4455.152371738241,4491.785651395901,4415.847629155251,4423.2890625,330123
2023-08-11,4423.289065962086,4436.0724935326525,4370.819391307399,4387.46630859375,274197
2023-08-14,4365.476941834597,4420.522586977969,4332.087148791718,4404.3046875,154258
2023-08-16,4366.4309587669495,4402.682734260317,4349.974560681144,4388.9453125,188763
2023-08-17,4365.525006069663,4453.674443479816,4365.525006069663,4443.56201171875,311184
2023-08-18,4435.643320681531,4435.643320681531,4383.8891379638035,4403.20751953125,243546
2023-08-21,4391.235173680117,4416.945502942294,4381.5042467988105,4398.72412109375,118491
2023-08-22,4405.497836671239,4423.241756678793,4389.947451246158,4415.466796875,96290
2023-08-23,4426.533232982889,4451.671074139728,4406.499354126717,4446.32861328125,263771
2023-08-24,4473.278388812626,4509.625657624175,4363.998549667542,4417.1357421875,433867
2023-08-25,4411.26899126067,4433.115364338499,4359.514808134396,4373.15673828125,293384
2023-08-28,4375.4943291682775,4407.453134363336,4375.017332075814,4388.802734375,283469
2023-08-29,4402.682902267958,4456.106573454742,4393.1904743640425,4449.953125,320941
2023-08-30,4473.230767141434,4503.6151062031095,4447.138935660143,4459.92236328125,370694
2023-08-31,4459.922715080079,4486.682065043574,4390.47212629309,4401.5380859375,479472
2023-09-01,4409.742604922247,4482.81865228126,4406.499117873407,4453.67431640625,456071
2023-09-04,4467.5546906284935,4473.660160142776,4409.742550859814,4423.81396484375,328037
2023-09-05,4425.5787033108845,4517.162138430058,4422.096717951612,4485.298828125,353620
2023-09-06,4485.203754849401,4493.312705591977,4452.004942842083,4468.31787109375,224928
2023-09-07,4463.738875744165,4507.622609081252,4440.843014872641,4500.181640625,319934
2023-09-08,4500.181241274277,4564.480351685674,4486.348326558612,4540.58251953125,209769
2023-09-11,4559.137997463708,4588.711815819301,4543.874091215661,4585.27734375,151600
2023-09-12,4621.100074958016,4626.7285471890755,4543.492558939184,4598.82421875,305478
2023-09-13,4598.252251000721,4620.194118588484,4579.410864702533,4587.09033203125,207142
2023-09-14,4593.434171815716,4634.503432331446,4567.294360288588,4621.62451171875,249498
2023-09-15,4669.706156541469,4912.1161780079,4667.893660709391,4894.46728515625,1689829
2023-09-18,4888.265954232776,5032.223576231995,4859.884628678828,4938.49365234375,804973
2023-09-20,4937.873460928929,5021.2049387160905,4928.429012503699,4944.50390625,622924
2023-09-21,4930.241997831867,4946.984409620578,4839.708041925269,4851.25146484375,640829
2023-09-22,4818.624361193694,4850.249173509035,4766.345669082065,4770.97216796875,498375
2023-09-25,4769.970955487778,4827.3536129188005,4763.149990184926,4775.17041015625,539731
2023-09-26,4780.464659138436,4868.18460707144,4770.113729504849,4835.9873046875,450923
2023-09-27,4832.171094837897,4834.4126083157935,4787.142387054375,4801.40478515625,257406
2023-09-28,4815.571860688676,4892.893372084282,4751.034244556915,4776.267578125,580065
2023-09-29,4797.636451929124,4848.675137587944,4774.645100366054,4830.740234375,248079
2023-10-03,4831.9802914045495,4839.612244480805,4767.204182833317,4785.6640625,464531
2023-10-04,4780.7028890651745,4788.287328416454,4677.480542080313,4692.3154296875,256544
2023-10-05,4707.96113812931,4807.462541813855,4698.516689191995,4780.51220703125,657876
2023-10-06,4884.449811152025,4884.449811152025,4767.585533443798,4783.89892578125,279352
2023-10-09,4728.99636578688,4835.5101819291,4728.99636578688,4776.9345703125,244083
2023-10-10,4776.934795363074,4831.026450837469,4772.069797776272,4805.74560546875,307502
2023-10-11,4822.440263303963,4860.600027998751,4817.670292717114,4831.40771484375,575680
2023-10-12,4851.060137591928,4914.023749997251,4818.719829838137,4871.66650390625,472168
2023-10-13,4855.782720839559,4887.741524935114,4808.130526614876,4819.9599609375,387366
2023-10-16,4803.360833356898,4864.797967138423,4800.4988507352355,4843.142578125,158560
2023-10-17,4849.1520116285255,4913.069616346037,4836.750088325128,4904.72216796875,318565
2023-10-18,4913.0698859921495,4959.577100932366,4889.840035212365,4901.001953125,360985
2023-10-19,5056.169219650412,5242.198087165852,5003.6995390691345,5230.36865234375,2838352
2023-10-20,5199.267982828098,5256.507630345472,5186.770566623316,5236.759765625,763919
2023-10-23,5202.177945833238,5240.671705409599,5146.846281596656,5156.72021484375,451167
2023-10-25,5137.258244477581,5174.416501115121,5086.982568924244,5101.29248046875,620266
2023-10-26,5088.461723399038,5101.4361368323525,4995.113303882436,5017.38916015625,746266
2023-10-27,5022.779563072522,5174.17863195595,5022.779563072522,5126.33544921875,843465
2023-10-30,5140.120206091867,5149.421648558347,5032.318872890609,5064.6591796875,360967
2023-10-31,5094.328599358974,5119.275452426429,5049.109371247253,5069.572265625,400987
2023-11-01,5060.938754227984,5198.790903141451,5060.938754227984,5098.478515625,619765
2023-11-02,5136.2087820075885,5144.747215596359,5041.858857942966,5073.72216796875,304362
2023-11-03,5110.5463615933995,5129.673756851261,5072.005093359018,5121.94677734375,448715
2023-11-06,5132.488678776534,5177.803402241569,5129.722188823215,5158.103515625,394137
2023-11-07,5158.103400095338,5194.498184015443,5156.624429661754,5169.6943359375,202689
2023-11-08,5184.004593331907,5185.197086107333,5133.68139820893,5149.279296875,202145
2023-11-09,5172.365122591183,5204.037913635427,5134.539348976367,5169.5986328125,232773
2023-11-10,5161.061244282874,5177.374172877699,5102.962623321685,5143.984375,149325
2023-11-13,5184.95784240753,5189.53682768011,5147.322589496755,5175.60888671875,93497
2023-11-15,5270.817574526231,5299.43739846031,5209.857442710131,5281.9794921875,640468
2023-11-16,5266.048039261652,5326.4356864283645,5244.058659047889,5295.5263671875,324712
2023-11-17,5301.249913148661,5413.869200223421,5227.267854340852,5372.41796875,531539
2023-11-20,5351.9542174901,5414.822799021233,5348.090727854203,5390.20947265625,679425
2023-11-21,5381.004060344054,5444.778663113786,5380.527063263977,5424.36328125,746193
2023-11-22,5418.686729646748,5499.680739185195,5400.846852854204,5486.94482421875,497403
2023-11-23,5533.166041912788,5671.495192960609,5517.04363402312,5652.65380859375,1118718
2023-11-24,5666.725120775572,5685.8050033371055,5628.565355652504,5657.47119140625,297211
2023-11-28,5695.154366684187,5761.790954458529,5640.013688465625,5722.2001953125,380535
2023-11-29,5733.5046436973635,5815.9296422502575,5698.492873273268,5790.69677734375,406974
2023-11-30,5814.594092923479,5846.93440004713,5753.53846996251,5810.3486328125,501833
2023-12-01,5771.664947816684,5809.8247160667115,5727.1132320577835,5767.896484375,439023
2023-12-04,5810.348919119308,5931.649648679876,5807.391909890377,5916.3857421875,359158
2023-12-05,5909.0873342944105,5909.0873342944105,5829.953798294934,5857.61962890625,565826
2023-12-06,5808.917692326174,5815.54813776691,5712.373767167358,5790.69677734375,699201
2023-12-07,5790.696920797933,5871.309425688878,5784.161967770502,5813.2587890625,427407
2023-12-08,5833.674402079107,5838.444372972058,5769.804305495504,5796.1826171875,233266
2023-12-11,5805.054364483059,5862.294013105735,5741.422768770536,5855.99755859375,175955
2023-12-12,5880.419758846438,6010.115445857251,5867.016327780197,5966.47021484375,810900
2023-12-13,5971.907804119411,6037.828892139407,5937.993498881284,6025.5224609375,373989
2023-12-14,6034.012732841865,6067.402526620436,5995.089959564104,6043.40966796875,419212
2023-12-15,6075.940852282442,6107.565663236029,5968.330039325751,5986.50390625,553522
2023-12-18,5986.504346667072,6188.3216251412005,5974.054443372981,6168.240234375,851061
2023-12-19,6172.34217843268,6172.580676971259,6101.651118434279,6123.6884765625,377109
2023-12-20,6137.998546307561,6168.526360028705,6057.863035289558,6071.6484375,385863
2023-12-21,6041.836425380664,6053.093370933417,5945.292023271403,5958.98193359375,397717
2023-12-22,5998.714805087884,6100.792172159196,5976.057445574393,6078.94580078125,237213
2023-12-26,6086.33955465562,6177.112003128843,6076.99013267393,6167.142578125,302139
2023-12-27,6172.342190509049,6430.159111217715,6167.763204886351,6400.966796875,1017894
2023-12-28,6400.966647319969,6428.632477202901,6359.324896538975,6394.90869140625,406228
2023-12-29,6420.3330022642895,6519.54839210485,6359.3248911266965,6484.53662109375,345626
2024-01-01,6458.540159968195,6482.867009906037,6374.636191208546,6392.81005859375,253274
2024-01-02,6402.254674095031,6426.867536582185,6259.108039702602,6358.41845703125,361379
2024-01-03,6338.38459762298,6735.055641657125,6300.177318533958,6665.080078125,1256275
2024-01-04,6701.808819951634,6705.5772831239965,6570.15762889778,6603.6904296875,619987
2024-01-05,6630.25892235415,6758.094130353496,6602.116096712503,6657.44775390625,659306
2024-01-08,6696.0370437320125,6725.5153681229785,6641.229896612056,6662.5517578125,312733
2024-01-09,7003.271112043543,7058.60277319305,6750.367167660498,6767.5390625,2125908
2024-01-10,6797.208412247474,6811.47081131314,6697.039025119617,6729.236328125,721432
2024-01-11,6763.818293964194,6987.911419030916,6749.508382199812,6963.06005859375,1031594
2024-01-12,7021.396750680769,7022.303231425294,6918.365385317519,6966.017578125,434753
2024-01-15,6966.017578125,6966.017578125,6966.017578125,6966.017578125,0
2024-01-16,7001.3629918576835,7017.723898191449,6910.733548578425,6958.3857421875,272181
2024-01-17,6784.806244483289,6878.297669111997,6755.232426488495,6836.2744140625,619338
2024-01-18,6819.150019235259,6858.502276970773,6745.835477417849,6757.712890625,557084
2024-01-19,6810.373049273702,6849.67779341246,6778.128234289071,6808.2265625,327976
2024-01-23,6749.508393415735,6878.29759950918,6617.427721284036,6769.44677734375,953921
2024-01-24,6749.603911151364,6904.055466463831,6704.8616799570855,6881.0166015625,467134
2024-01-25,7021.396614840408,7274.348058691179,6878.297499048824,7247.97021484375,2065788
2024-01-29,7244.631954634759,7288.5156878337575,7135.876615837239,7201.51123046875,457853
2024-01-30,7226.4102198356095,7307.595215458041,7196.59790254017,7218.30126953125,266287
2024-01-31,7218.301433906694,7332.39923042153,7169.361719047027,7314.7978515625,336874
2024-02-01,7326.675374718348,7407.764880818747,7285.033621513816,7303.541015625,394564
2024-02-02,7321.904652711531,7438.768928927448,7312.937201414366,7382.197265625,197720
2024-02-05,7441.1539562114385,7477.405731895546,7282.313939069233,7305.92529296875,252401
2024-02-06,7321.905067546607,7391.26062825934,7317.70758646942,7365.21630859375,131992
2024-02-07,7388.68462346097,7419.975444964786,7312.9375818145445,7347.5673828125,159783
2024-02-08,7373.420759108415,7425.365926718027,7315.370122124023,7400.37109375,282537
2024-02-09,7420.929227994574,7432.091145455858,7316.180860599573,7426.701171875,173555
2024-02-12,7417.304398462983,7511.940802967136,7408.765964629091,7469.7265625,219911
2024-02-13,7469.774323327989,7570.086716767043,7452.554914950496,7553.1533203125,258767
2024-02-14,7535.599958996286,7762.507565800401,7517.474069741832,7711.4208984375,513900
2024-02-15,7747.004790757371,7781.587077815935,7675.168753597665,7749.341796875,394525
2024-02-16,7809.253601784938,8066.450534118996,7762.74638401949,7942.04931640625,938756
2024-02-19,8013.55027632184,8252.048796450466,7976.439533935888,8118.20361328125,1044959
2024-02-20,8113.720547697658,8113.720547697658,7859.672082425366,7913.57275390625,547082
2024-02-21,7918.151167806113,7991.465243013113,7827.521726728814,7853.51806640625,439817
2024-02-22,7879.991590838082,8156.649891242808,7841.831825265015,8107.4716796875,548486
2024-02-23,8106.565921772449,8138.524728289587,8014.552992502828,8048.8017578125,340749
2024-02-26,8069.64621308429,8154.6951714132665,7989.701682871038,8059.34326171875,345968
2024-02-27,8070.79041504512,8099.410239211947,7997.809863419712,8074.12939453125,392445
2024-02-28,8080.33067099653,8096.215046681448,7700.497982972624,7811.92431640625,537728
2024-02-29,7629.473124100807,7768.851769924207,7527.014240154969,7545.47412109375,1042536
2024-03-01,7589.023626653724,7721.628816358924,7579.7696968724895,7670.16064453125,399007
2024-03-04,7697.5401202066805,7846.601702704873,7676.456756814647,7829.7158203125,410053
2024-03-05,7784.639646016588,8002.102795166432,7784.639646016588,7967.5205078125,615117
2024-03-06,7984.64421265187,8281.76584682032,7979.206260222172,8209.8818359375,959543
2024-03-07,8240.601421204474,8560.045987875625,8108.997742627533,8470.5615234375,1243547
2024-03-11,8608.317955542503,8609.796460020303,8232.968803321355,8261.0166015625,631957
2024-03-12,8239.599835877818,8299.701466421204,8085.338797822812,8135.3759765625,324864
2024-03-13,8135.376175665847,8220.758652892511,7915.242023486485,7999.14599609375,430048
2024-03-14,7947.248218848413,8013.550811875238,7824.7074846898395,7997.857421875,392634
2024-03-15,7999.050360730194,8044.174099944158,7736.892941588801,7966.51953125,676870
2024-03-18,7959.173104525239,8153.931380725745,7912.61837685236,8129.7470703125,367524
2024-03-19,8108.9500331447125,8288.205901237243,8054.142884534893,8242.7001953125,673456
2024-03-20,8242.509470358778,8379.884628198091,8168.09792652915,8238.3115234375,790885
2024-03-21,8212.172305179545,8366.528366248116,8190.039455443567,8348.0205078125,720691
2024-03-22,8299.796277998757,8633.646703426748,8282.576870624423,8533.7158203125,851210
2024-03-26,8533.715600244474,8605.026658193472,8443.849170990472,8548.3115234375,534067
2024-03-27,8546.833863936732,8860.506964188871,8516.020038230552,8740.9716796875,1034030
2024-03-28,8740.97167038547,8818.340225695289,8566.915245994436,8727.2822265625,847202
2024-04-01,8771.784844845393,8787.811759545488,8598.443928957795,8626.158203125,419820
2024-04-02,8729.046437385392,8927.429706406832,8719.029498850688,8849.3447265625,803845
2024-04-03,8823.44430191549,8823.44430191549,8648.147878403699,8662.6962890625,453210
2024-04-04,8718.55161676841,8759.334862376994,8574.54602869605,8725.373046875,617929
2024-04-05,8709.967043251221,8709.967043251221,8586.42479439021,8595.0107421875,356305
2024-04-08,8632.693815187075,8671.807578743563,8539.488392287662,8615.044921875,376197
2024-04-09,8671.806735713088,8712.542471832692,8525.273608410445,8565.818359375,237944
2024-04-10,8619.145537810371,8633.45544902723,8491.834841357431,8591.2412109375,319824
2024-04-12,8537.340176505693,8699.471649914904,8519.16677637242,8647.8125,480474
2024-04-15,8642.327962708574,8755.47222697746,8533.477603715368,8583.1328125,386707
2024-04-16,8536.338761946785,8614.041763669431,8379.978764451209,8508.81640625,487529
2024-04-18,8555.323876707007,8709.011950233666,8538.247010033005,8606.2666015625,819240
2024-04-19,8657.54433451907,8671.806733240104,8299.796531992664,8399.44140625,1385007
2024-04-22,8475.28471713967,8475.28471713967,8342.679519516705,8391.0947265625,323734
2024-04-23,8438.077318286794,8453.818220011128,8357.941818599276,8391.140625,295346
2024-04-24,8414.132662300153,8460.973398436754,8280.668519385616,8296.9814453125,319824
2024-04-25,8296.887194061896,8366.528767612144,8243.845491518687,8333.0439453125,524667
2024-04-26,8344.873011061869,8581.130039750657,8332.709585402898,8561.4296875,521344
2024-04-29,8561.4287221695,8576.215630126855,8327.414165145543,8357.0830078125,299443
2024-04-30,8394.576384621489,8553.511435245682,8390.378437763304,8494.0302734375,360403
2024-05-02,8532.523344394534,8725.65963884681,8420.047065847906,8691.5068359375,638239
2024-05-03,8748.12607047475,8832.649576756898,8647.336219157147,8686.6884765625,396042
2024-05-06,8700.427173757913,8763.152292910827,8405.213479873968,8636.080078125,458431
2024-05-07,8638.560300395604,8657.449197802114,8244.941764220895,8278.666015625,588285
2024-05-08,8253.003554261419,8381.172298185302,8197.480907310457,8346.876953125,451581
2024-05-09,8395.147548772107,8593.053798620973,8382.125157477192,8439.841796875,645689
2024-05-10,8538.24715845183,8631.691066473813,8496.748415279466,8568.583984375,482797
2024-05-13,8607.793363108545,8609.79637797747,8462.404295938963,8578.6005859375,435605
2024-05-14,8540.39397549192,8670.852673154353,8474.091383261286,8648.1953125,408162
2024-05-15,8651.77327405393,8705.196948477464,8468.939915627272,8493.5537109375,274392
2024-05-16,8538.248381302605,8543.542862966247,8309.28976549114,8463.693359375,680474
2024-05-17,8481.961692886243,8546.212824001932,8362.23543122195,8376.736328125,323961
2024-05-21,8371.298764879355,8452.38826858474,8371.298764879355,8414.896484375,417798
2024-05-22,8442.848587477514,8442.848587477514,8334.093249740516,8400.443359375,302838
2024-05-23,8442.84827826722,8571.637489291636,8348.593842007447,8551.0791015625,731514
2024-05-24,8566.867099780125,8608.84284058083,8462.022774535326,8536.5302734375,455920
2024-05-27,8587.855025503357,8652.202114904117,8473.089719765452,8584.70703125,301747
2024-05-28,8584.707379317177,8607.173755315298,8506.002861617766,8576.1689453125,259094
2024-05-29,8538.247685021941,8718.98206396651,8493.171461209953,8652.91796875,339934
2024-05-30,8650.819889143251,8708.918511824697,8516.878723322538,8555.8974609375,305109
2024-05-31,8576.406911092421,8705.673110920343,8512.489306749463,8666.7978515625,560005
2024-06-03,8757.667227609474,9009.5217099721,8702.86007154106,8905.9658203125,438422
2024-06-04,8802.504318028969,8941.643996830993,8402.780755738502,8821.345703125,738601
2024-06-05,8815.859851166068,9233.709284648456,8753.85023204197,9160.490234375,489543
2024-06-06,9153.860099038291,9291.903242155828,9019.060908761929,9255.126953125,570095
2024-06-07,9199.937184218188,9291.99761540967,9172.653325451656,9278.1171875,246783
2024-06-10,9329.108677916927,9467.437827962734,9236.09424943785,9285.2724609375,201452
2024-06-11,9291.903226496674,9444.542293872388,9253.838486415882,9361.2587890625,457442
2024-06-12,9400.658473043453,9486.517947629805,9345.040799721724,9448.5966796875,277175
2024-06-13,9448.358351206241,9482.702141658929,9373.231309590985,9466.8662109375,277783
2024-06-14,9450.131249098113,9612.66658200037,9437.676430717838,9580.6884765625,320933
2024-06-18,9542.459140329238,9654.791065730256,9528.994674700876,9538.8046875,206100
2024-06-19,9559.29048122256,9567.465336003022,9300.099497300887,9315.294921875,279789
2024-06-20,9321.256606802195,9363.4776969956,9199.114676440673,9263.5517578125,324597
2024-06-21,9304.907564084102,9356.794032347367,9204.981617764943,9234.9404296875,334018
2024-06-24,9213.541913849054,9385.646832951685,9146.748355870273,9372.470703125,283754
2024-06-25,9381.847512113329,9449.16984177483,9276.055279788116,9290.43359375,282048
2024-06-26,9290.385410966956,9290.769546457917,9080.339373144334,9112.2216796875,431217
2024-06-27,9198.77840113175,9198.77840113175,9007.390652801767,9057.208984375,637626
2024-06-28,9102.940055130224,9159.394821020782,9023.355449788225,9138.1884765625,237516
2024-07-01,9141.409463079148,9323.131830620478,9141.409463079148,9167.76171875,289355
2024-07-02,9155.836424677569,9167.762469652844,9022.249317966822,9041.62890625,287884
2024-07-03,9111.596502185097,9189.450156023031,9025.615893517932,9061.970703125,318120
2024-07-04,9117.270282989757,9135.63928411804,9059.997469368594,9098.9482421875,234656
2024-07-05,9157.760345813276,9290.481510245352,9130.158002760356,9267.20703125,608628
2024-07-08,9271.245850373012,9296.395923046008,9107.748776248178,9164.876953125,316215
2024-07-09,9199.114857873434,9199.114857873434,9118.52060503625,9169.396484375,262913
2024-07-10,9184.68971758494,9280.86447902562,9090.390551833685,9177.4287109375,239607
2024-07-11,9177.428455688983,9203.44354009381,9024.07761499558,9104.671875,294900
2024-07-12,9136.553113112359,9188.871612229277,9051.967234843465,9070.0,171581
2024-07-15,9069.999779844753,9365.977558096454,9044.225135981274,9303.3193359375,504086
2024-07-16,9343.377154303986,9530.870021119212,9265.139369255512,9346.5986328125,1041123
2024-07-18,9372.229043780964,9372.229043780964,8936.076568526509,9257.9736328125,1055384
2024-07-19,9266.436989111271,9304.906888391442,8982.721481920007,9027.009765625,380782
2024-07-22,8992.33934438292,9074.087883877311,8908.85984718761,9049.755859375,247040
2024-07-23,9074.088427695344,9144.296001115774,8410.097522020023,9023.5966796875,431989
2024-07-24,9001.956824426612,9014.171205822435,8896.16459678912,8905.974609375,283213
2024-07-25,8905.782092023012,8953.821568794838,8820.186562196872,8923.333984375,262328
2024-07-26,8962.525167554288,9141.410206846605,8913.909018104061,9129.7734375,250956
2024-07-29,9183.919920336373,9253.021106332177,9145.257480867032,9192.046875,302363
2024-07-30,9185.314068525318,9284.71029623151,9148.14215224302,9198.4892578125,301885
2024-07-31,9232.77612960446,9309.715930684497,9213.589078868814,9294.5205078125,315292
2024-08-01,9467.442522464802,9467.442522464802,9292.404475015737,9358.2841796875,308658
2024-08-02,9343.18535917208,9357.804110474786,9215.225029346535,9248.357421875,230615
2024-08-05,9036.771769187812,9155.835918181687,9010.90038655152,9122.22265625,310757
2024-08-06,9151.268444096528,9252.011500718174,9040.427038123787,9066.779296875,246541
2024-08-07,9203.92322675026,9352.99408360985,9134.196535638515,9336.8369140625,270583
2024-08-08,9362.612023408816,9403.678829986598,9242.538222294046,9272.49609375,365016
2024-08-09,9387.618067918338,9401.08253395162,9246.241174568886,9392.37890625,161640
2024-08-12,9368.382806260313,9377.952382144162,9247.202615972992,9339.3857421875,307698
2024-08-13,9328.950723354603,9415.363360300174,9280.86334849195,9301.63671875,161706
2024-08-14,9332.79800873233,9410.699558475459,9301.63701315245,9376.6533203125,282934
2024-08-16,9413.584905228066,9545.344317980032,9323.132737088927,9509.904296875,240190
2024-08-19,9547.220373708677,9563.617982186366,9385.983015452259,9396.8994140625,148301
2024-08-20,9398.389432562899,9498.84415025534,9381.895086684512,9405.6025390625,132844
2024-08-21,9405.024947736789,9491.486426851781,9362.612257108329,9475.13671875,134985
2024-08-22,9521.301004389123,9628.054985347426,9464.653696468242,9534.9580078125,388874
2024-08-23,9588.623025739464,10044.82759812699,9550.15312393108,10008.3779296875,1229549
2024-08-26,9978.225934887027,10114.84291620824,9944.132737980935,10033.478515625,309223
2024-08-27,10003.13626746595,10164.181082553416,9954.087142416362,10099.8876953125,262396
2024-08-28,10098.348620372652,10305.124330218378,10061.128804759115,10249.1025390625,338792
2024-08-29,10177.260443261945,10434.96088635665,10151.630434654891,10394.4228515625,693506
2024-08-30,10420.535236112932,10503.58176561148,10295.508048231557,10474.921875,498560
2024-09-02,10508.052755670393,10727.426975774759,10494.73292902222,10700.498046875,787108
2024-09-03,10681.119806244771,10693.382086836224,10593.648683517767,10621.203125,217394
2024-09-04,10590.76374103498,10607.93055866669,10491.607946930038,10544.3115234375,324246
2024-09-05,10544.599399367846,10594.465630658715,10411.445272558785,10440.490234375,297298
2024-09-06,10440.490488274054,10496.46438096464,10383.266511666974,10415.8212890625,216847
2024-09-09,10415.821761631369,10485.356860835333,10367.638585077235,10432.65234375,193055
2024-09-10,10380.526149769112,10613.557388082776,10367.686256739726,10567.44140625,466892
2024-09-11,10644.381056962005,11061.346504163577,10566.33487045311,10983.8779296875,1283385
2024-09-12,11041.583624500037,11328.665279610832,11005.613889014558,11275.0478515625,1409151
2024-09-13,11275.047551336476,11438.977611240347,11241.290587568279,11288.17578125,417878
2024-09-16,11285.145360756696,11302.264278712339,11194.788993723028,11241.2412109375,172602
2024-09-17,11233.211692927094,11514.859095007607,11197.72283167347,11493.171875,444755
2024-09-18,11387.57220157347,11592.905309553365,11290.916569948275,11314.6240234375,446416
2024-09-19,11359.392460128134,11579.680541045906,11359.392460128134,11414.01953125,500633
2024-09-20,11468.839994615768,11555.397277594,11414.260818960049,11484.9013671875,772831
2024-09-23,11540.969609622729,11906.433647260783,11540.969609622729,11866.9541015625,735579
2024-09-24,11762.701422237176,12000.205169821016,11762.701422237176,11967.650390625,503848
2024-09-25,11916.051744559025,11955.195056371567,11839.111943141372,11923.0244140625,262012
2024-09-26,11983.373959829998,12191.59229548836,11917.061281255921,12138.8408203125,641805
2024-09-27,12138.840705637127,12285.362561538223,12071.469541915876,12181.87890625,480852
2024-09-30,12073.393817709944,12167.213043741096,11811.847319609487,11873.6875,479000
2024-10-01,11939.375031015976,12021.844886940387,11648.7826207262,11692.3984375,670828
2024-10-03,11283.2219278971,11559.098828895116,11252.446007193665,11354.82421875,670365
2024-10-04,11215.129996501613,11491.247324663063,11193.779014423671,11324.0,650553
2024-10-07,11324.000482543344,11364.970551601193,11084.140273098395,11172.6689453125,341323
2024-10-08,11141.844492123579,11480.234965345046,11119.916837546201,11434.3115234375,359432
2024-10-09,11487.11271227743,11530.198814582633,11350.54456047373,11366.0283203125,193883
2024-10-10,11369.299111263746,11570.737331406743,11351.602579962328,11379.3974609375,251378
2024-10-11,11435.17854756912,11474.273961768053,11257.831920904833,11422.6279296875,200855
2024-10-14,11472.493622136182,11531.448557236961,11407.864000988042,11444.1220703125,177045
2024-10-15,11492.882226977825,11492.882226977825,11028.358200565248,11080.7734375,476945
2024-10-16,11096.547287199066,11233.211236577883,10945.793360715026,11172.5732421875,504602
2024-10-17,10792.923557450644,10855.580846890462,9685.759588613242,9732.3564453125,3668914
2024-10-18,9665.129951715431,9760.871732956597,9464.653486071564,9678.9794921875,1543331
2024-10-21,9678.065527943609,10415.581255818915,9503.412549768094,10098.830078125,2110278
2024-10-22,10098.830672569673,10208.90287321759,9925.235230790822,9971.7353515625,1191148
2024-10-23,9971.398009304083,10324.455138368336,9946.825548694607,10181.7802734375,1323887
2024-10-24,10102.196431388013,10188.224938992058,9819.44264703652,9908.404296875,653421
2024-10-25,9905.999877906957,9971.591249405876,9545.344542546267,9815.69140625,644769
2024-10-28,9815.692047245837,9899.027854527912,9603.050023313615,9628.2958984375,340768
2024-10-29,9688.596710750882,9688.596710750882,9271.246182564757,9474.0302734375,1100706
2024-10-30,9444.36126283079,9673.016750635068,9396.27388369214,9560.396484375,604822
2024-10-31,9559.770516792918,9647.193743579823,9429.934599311324,9460.037109375,361801
2024-11-01,9526.109476906544,9569.388116629996,9462.44160129428,9498.1708984375,53757
2024-11-04,9517.934255660892,9517.934255660892,9006.765452863563,9161.173828125,1125992
2024-11-05,9165.454041724925,9624.495954000638,9136.794152919503,9497.1123046875,1019901
2024-11-06,9505.336191712902,9669.409949447383,9472.059162677617,9637.19140625,514045
2024-11-07,9685.374512187525,9694.222777498748,9415.460625501884,9479.609375,473407
2024-11-08,9479.609777870222,9608.868090704236,9403.24664338679,9531.3037109375,273163
2024-11-11,9473.261239073052,9649.117341595416,9425.125962178956,9539.91015625,359768
2024-11-12,9521.30035660417,9616.513360170211,9292.404449041362,9308.4658203125,316606
2024-11-13,9308.46574009556,9338.568249081878,9055.910282420356,9090.58203125,494123
2024-11-14,9050.044430068314,9152.903518206742,9040.426954584713,9120.2041015625,275791
2024-11-18,9097.217147002499,9235.660882065853,9074.904418031974,9152.4697265625,292519
2024-11-19,9194.305534938474,9327.603354563671,9137.033662674585,9180.552734375,365397
2024-11-21,9111.115109440754,9188.535784619937,9054.227368082993,9141.41015625,282212
2024-11-22,9179.880433629512,9235.565992874976,9082.83972942375,9118.9541015625,619823
2024-11-25,9194.305995831059,9267.73504094151,9032.732417661642,9060.5751953125,1090141
2024-11-26,9102.940129098259,9121.213331681762,8771.233039149818,8787.919921875,750430
2024-11-27,8824.033449765475,8902.848846457824,8754.787628688297,8838.7958984375,461513
2024-11-28,8814.512473218909,8917.708741129274,8648.274777747658,8668.7119140625,687966
2024-11-29,8712.566543220202,8743.150865582691,8648.995408119252,8688.0908203125,423101
2024-12-02,8731.512925040503,8824.033221426907,8710.499118065005,8781.0908203125,298320
2024-12-03,8756.710821501856,8872.168418846855,8756.710821501856,8811.337890625,398985
2024-12-04,8811.338813583505,8886.547662376981,8608.602611032074,8654.9111328125,456462
2024-12-05,8698.189691955473,8698.189691955473,8411.925151040206,8551.8115234375,1803653
2024-12-06,8611.39150258155,8798.98016868116,8588.501160220176,8751.806640625,746013
2024-12-09,8748.056050207691,8820.187119223256,8681.118793843898,8730.2158203125,304202
2024-12-10,8727.954362351531,8746.997714218476,8636.49255077593,8668.5185546875,393944
2024-12-11,8699.054123042988,8759.981391294314,8668.855814768336,8722.9052734375,254311
2024-12-12,8747.09402967935,8747.09402967935,8601.870148592865,8620.3837890625,599056
2024-12-13,8621.249524045561,8704.77692160806,8563.159597366895,8676.3095703125,243931
2024-12-16,8717.279726859635,8731.465503114177,8626.875457847631,8654.140625,228470
2024-12-17,8645.918604119566,8646.111141485737,8512.813296455397,8554.7451171875,456493
2024-12-18,8487.421604058216,8661.738336719469,8463.377916794596,8614.1318359375,303382
2024-12-19,8485.498620387349,8658.613179116774,8427.360793239399,8639.0419921875,516640
2024-12-20,8607.640625666803,8719.924652822849,8424.331917187199,8451.1162109375,316335
2024-12-23,8511.417578448372,8535.461266239283,8386.342502401361,8433.03515625,514460
2024-12-24,8410.482983511674,8515.313474672654,8397.018516757053,8442.2685546875,297827
2024-12-26,8472.995297629104,8558.25458740193,8461.069253196143,8538.875,240675
2024-12-27,8555.945713457877,8828.02444151785,8555.945713457877,8586.76953125,713799
2024-12-30,8586.48129772614,8619.61368546738,8403.316306664417,8444.046875,1065253
2024-12-31,8434.526620336199,8501.608516775019,8405.818829585905,8462.0322265625,294554
2025-01-01,8419.18671810608,8431.64153785288,8223.90404815558,8406.203125,558535
2025-01-02,8406.155057409549,8758.923895946322,8345.612856998692,8732.1875,734590
2025-01-03,8751.902743060386,8761.47231906582,8602.831872162104,8622.740234375,337802
2025-01-06,8660.488468078134,8746.036097329677,8458.569389578272,8486.3154296875,238306
2025-01-07,8530.700695774332,8547.964251990978,8400.960576702753,8473.2841796875,270785
2025-01-08,8440.295834056526,8493.144045608107,8282.569248278805,8311.662109375,415288
2025-01-09,8386.390471315617,8557.629429337825,8359.605239371018,8497.8564453125,612457
2025-01-10,8494.586685410595,8516.27390316119,8311.517489761698,8428.7548828125,350859
2025-01-13,8371.5310409699,8415.194752772915,8223.902801003345,8267.421875,341577
2025-01-14,8290.26397194152,8365.280281664425,8198.897953689266,8281.80078125,355464
2025-01-15,8294.015685240909,8462.41731801192,8233.809720636387,8249.87109375,347402
2025-01-16,8291.224996435447,8309.402399427256,8222.652589189654,8253.6689453125,290855
2025-01-17,8238.184699551623,8335.080763144826,8204.956510250056,8253.140625,183057
2025-01-20,8271.028449050491,8280.260849311002,8138.980705955213,8217.5556640625,294136
2025-01-21,8254.150353968975,8279.492025939106,8090.31609717564,8144.60693359375,343149
2025-01-22,8156.387733409034,8208.466734449588,8073.869988550204,8137.20068359375,344305
2025-01-23,8116.332038651124,8176.970032540217,8055.261070532475,8078.63134765625,347894
2025-01-24,8092.528989434647,8165.188829256496,8040.209546844313,8080.1220703125,232317
2025-01-27,8057.568905426308,8096.904756060117,7973.223457115123,8063.8681640625,324406
2025-01-28,8104.1179445971065,8164.275066854947,8041.507614686967,8077.14111328125,651069
2025-01-29,8098.05893067665,8470.110591121573,8098.05893067665,8295.8896484375,802600
2025-01-30,8328.685660365822,8486.748490291704,8273.433077257037,8413.1748046875,322587
2025-01-31,8463.378265275387,8617.16207102819,8409.568303122463,8509.349609375,315913
2025-02-01,8547.915946647874,8826.918519596209,8469.436787438719,8805.375,418755
2025-02-03,8799.98957967186,8799.98957967186,8546.617014260655,8585.0869140625,667412
2025-02-04,8607.640658242153,8713.096653832754,8538.009759245911,8570.517578125,440468
2025-02-05,8588.40607162472,8624.952480440144,8554.744905610514,8586.2900390625,329075
2025-02-06,8580.711656092259,8618.845322199022,8473.957677855737,8507.955078125,580590
2025-02-07,8550.463900865163,8680.732785335507,8512.474875270133,8645.533203125,244178
2025-02-10,8645.533459890637,8722.857396330031,8507.473853180425,8540.8466796875,192650
2025-02-11,8492.230864635643,8537.865973714443,8398.5083780674,8426.83203125,282926
2025-02-12,8397.979400220476,8482.036509707417,8316.23086047944,8378.359375,411042
2025-02-13,8381.678371962766,8441.306724147533,8320.511599275249,8358.884765625,206920
2025-02-14,8367.204117577367,8389.035975932375,8097.818990578021,8181.10595703125,369356
2025-02-17,8169.083227694399,8224.912481973137,8061.993019741063,8210.5830078125,224417
2025-02-18,8184.5675522221945,8222.941655631115,8069.495019945424,8123.49658203125,206278
2025-02-19,8117.19656967061,8201.494111341086,8083.535408123828,8155.1376953125,200819
2025-02-20,8136.336691953146,8309.499157267612,8136.28879241509,8300.07421875,188845
2025-02-21,8222.941354929482,8284.493196650592,8126.766602240248,8180.67236328125,222132
2025-02-24,8127.24751198802,8163.7460186365,8022.512830163092,8123.83349609375,275998
2025-02-25,8126.766739985127,8144.173994834296,8045.066098349522,8095.89501953125,237383
2025-02-27,8040.305141358684,8092.0958093183,7870.364634749559,7917.44189453125,350992
2025-02-28,7919.750749468386,7919.750749468386,7584.629623085851,7600.5947265625,580155
2025-03-03,7631.418541730666,7692.344870402693,7385.8362227593625,7419.689453125,497052
2025-03-04,7359.388097907444,7386.220759088165,7037.154318055314,7052.78271484375,1078953
2025-03-05,7051.725495594133,7158.575271529206,7021.718784526242,7136.455078125,749464
2025-03-06,7194.833058621624,7213.106261149871,7094.7634189332475,7176.80029296875,917093
2025-03-07,7176.800954700315,7332.3636274093205,7166.077562990651,7284.99755859375,942308
2025-03-10,7283.3142270492635,7283.3142270492635,7070.768017597542,7100.966796875,495241
2025-03-11,7074.1339748480095,7228.446554269009,7047.685917705964,7213.05859375,412703
2025-03-12,7213.058554428232,7279.46703333974,7145.639958851199,7227.58056640625,529286
2025-03-13,7256.625628040656,7256.625628040656,7131.358010923623,7217.626953125,454776
2025-03-17,7213.106507351238,7319.860483660037,7148.669422552234,7199.68994140625,286383
2025-03-18,7199.68994140625,7199.68994140625,7199.68994140625,7199.68994140625,0
2025-03-19,7380.450501882815,7470.518063617791,7327.794824924504,7426.47021484375,409356
2025-03-20,7439.069332661713,7647.768549130601,7426.614514160156,7617.04052734375,606109
2025-03-21,7664.166026516925,7839.204076062172,7634.351853242734,7759.23486328125,703280
2025-03-24,7807.273995624393,7899.746397316564,7761.302651034551,7814.7275390625,453508
2025-03-25,7847.860101017987,7855.5061819724315,7647.81660824694,7699.7509765625,824076
2025-03-26,7707.781639523518,7739.6155776311,7607.423187871581,7671.95654296875,391366
2025-03-27,7598.767277091212,7731.584705648789,7551.882084741105,7669.26318359375,651971
2025-03-28,7665.512150917481,7717.927389468078,7511.969257047258,7577.46435546875,392400
2025-04-01,7339.09539342224,7740.144112994652,7339.09539342224,7687.2958984375,283618
2025-04-02,7657.4340573101645,7774.57472204111,7641.084348823067,7764.14013671875,237191
2025-04-03,7636.32335576649,7636.32335576649,7540.100702374065,7609.5390625,470005
2025-04-04,7578.57047471311,7588.043781727159,7359.532476538503,7391.1259765625,461228
2025-04-07,7020.756691614444,7076.105071937851,6818.164676344881,7027.29638671875,469629
2025-04-08,7102.024711666562,7241.814810576148,7064.756994478252,7211.23095703125,259199
2025-04-09,7237.583128955199,7339.383729203167,7175.117439113958,7282.640625,261256
2025-04-11,7424.210028939817,7482.347854743358,7344.240816052216,7471.67236328125,290737
2025-04-15,7693.980207616784,7732.450108654868,7529.040506915999,7689.65234375,387999
2025-04-16,7693.0181675705935,7693.499041315285,7563.663130248648,7656.95263671875,294161
2025-04-17,7688.209563759861,7746.876161631934,7563.663261719968,7711.29150390625,274331
2025-04-21,7703.59813283855,7958.461242102247,7645.89327791092,7932.01318359375,285132
2025-04-22,7872.865554417839,7873.346428199565,7766.111574874671,7829.5869140625,394636
2025-04-23,7800.734529968642,7977.215208830588,7743.029675844845,7945.4775390625,598686
2025-04-24,7944.034692110437,8009.433524926842,7856.5156658414235,7887.7724609375,322100
2025-04-25,7910.373466478404,7943.553756398587,7660.319107659634,7726.6796875,508224
2025-04-28,7726.679757823114,7823.335385861604,7666.089662634808,7786.30810546875,282481
2025-04-29,7825.258896649382,7856.996565621229,7713.215307703318,7769.4775390625,228383
2025-04-30,7751.684944884418,7768.515526340432,7672.340775163206,7722.83251953125,447067
2025-05-02,7693.980364107154,7776.6906530213055,7504.516097641015,7521.3466796875,379515
2025-05-05,7568.47235923099,7659.8383766561055,7549.718281970046,7617.521484375,250175
2025-05-06,7626.657854804803,7736.297072389639,7607.422904351323,7641.56494140625,270568
2025-05-07,7612.712558271505,7672.821778774565,7512.690815354414,7548.75634765625,459640
2025-05-08,7550.1987395396745,7568.471942017383,7376.60331600144,7429.0185546875,461725
2025-05-09,7328.516266931744,7447.292088318368,7320.822286599007,7388.62548828125,248982
2025-05-12,7501.630705714752,7740.624966018613,7480.472260134531,7731.96923828125,296774
2025-05-13,7731.9692456088,7798.8106987551155,7645.8928419167805,7754.5703125,407395
2025-05-14,7780.537725865859,7894.023937442148,7724.756367633447,7792.5595703125,225717
2025-05-15,7823.816468355434,8045.980156639405,7768.035109392359,8007.51025390625,497959
2025-05-16,8030.592370206123,8170.045770646828,7963.270038958886,8158.02392578125,483122
2025-05-19,8174.854337610157,8522.526083850871,8167.1603570571115,8512.427734375,858221
2025-05-20,8511.465220008757,8511.465220008757,8200.339909424256,8237.3671875,449936
2025-05-21,8278.722712230216,8429.717073965827,8208.996016524281,8355.181640625,572628
2025-05-22,8328.73343304517,8439.81527040276,8186.875675380717,8399.421875,916615
2025-05-23,8429.716705262914,8499.924271661566,8380.667583532348,8406.634765625,321989
2025-05-26,8448.471355928988,8635.050380694225,8434.526016449112,8615.8154296875,440577
2025-05-27,8602.831123655933,8660.055098150904,8560.033361218517,8620.142578125,401273
2025-05-28,8646.110308191604,8662.460016227116,8439.334588918946,8510.50390625,312080
2025-05-29,8566.285114544306,8598.022782533522,8465.301625487704,8535.0283203125,330341
2025-05-30,8450.875292390096,8525.891597477888,8256.602297162737,8277.7607421875,1434828
2025-06-02,8291.706133118769,8291.706133118769,8093.1052728869045,8187.83740234375,457251
2025-06-03,8187.356958056281,8271.0289955696,8165.23676423092,8235.4443359375,566074
2025-06-04,8223.423062133255,8309.980348326108,8200.821992960677,8235.92578125,431009
2025-06-05,8284.493031058282,8284.493031058282,8183.990416506902,8230.154296875,381642
2025-06-06,8278.72260333449,8352.777161937738,8214.285519874522,8306.61328125,435024
2025-06-09,8347.968112595476,8372.011799555716,8270.547440583501,8310.4599609375,443544
2025-06-10,8314.30738272646,8332.58058576542,8246.023308212454,8296.0341796875,350288
2025-06-11,8305.170645196553,8434.525685643423,8280.646083624843,8385.4765625,462124
2025-06-12,8398.460230412666,8421.061297164993,8213.323832547858,8239.291015625,368162
2025-06-13,8136.3843718153685,8160.908934638216,8030.592140030535,8139.75048828125,250910
2025-06-16,8161.870442002297,8266.22004937368,8127.72840456742,8203.2255859375,203598
2025-06-17,8165.236589208459,8226.78843157705,8131.575425413135,8169.564453125,286217
2025-06-18,8179.662783788971,8326.329282851619,8117.630067791982,8144.078125,561114
2025-06-19,8155.619363156191,8227.750430636936,8128.209557513508,8171.00732421875,332303
2025-06-20,8199.604317197205,8286.383052003383,8135.506388079008,8254.8271484375,567646
2025-06-23,8160.159596934774,8212.917124238218,8140.4371568213355,8171.5,271619
2025-06-24,8246.938432379953,8307.584936456406,8215.8755888286,8260.744140625,214129
2025-06-25,8290.327447069254,8319.91110633083,8254.82705595536,8273.0703125,276176
2025-06-26,8253.841111092583,8347.522700764483,8244.966013123665,8315.966796875,371685
2025-06-27,8350.481687485182,8388.94044820931,8297.231095713312,8318.92578125,504248
2025-06-30,8352.45327983226,8378.092451647564,8243.979860613657,8259.7578125,303799
2025-07-01,8253.840939258022,8292.299696322665,8184.812400936868,8282.4384765625,363782
2025-07-02,8234.118527446823,8292.792785217252,8199.111197180431,8240.5283203125,267604
2025-07-03,8261.730419586938,8347.029975721369,8234.119002572324,8266.16796875,175619
2025-07-04,8265.674575051138,8332.730870816287,8248.417440111578,8315.966796875,183720
2025-07-07,8315.967222877096,8366.259447277278,8287.369683512288,8346.0439453125,123117
2025-07-08,8345.55071883525,8356.398061137883,8175.937730103162,8223.7646484375,253579
2025-07-09,8234.11847860416,8259.757649914782,8195.166660651481,8244.9658203125,157280
2025-07-10,8277.508297068309,8277.508297068309,8153.256921629828,8170.02099609375,229552
2025-07-11,8170.514049480377,8184.812818862728,7933.844763151817,7955.04638671875,539579
2025-07-14,7977.727023763524,8007.310683925812,7923.983374468702,7975.26171875,248351
2025-07-15,8015.199825532427,8210.451986636686,7977.727188552822,8195.66015625,366546
2025-07-16,8195.659868956545,8229.188016657727,8070.9154370683245,8187.27783203125,275493
2025-07-17,8163.611199987808,8239.049535048394,8147.833247556835,8214.396484375,249880
2025-07-18,8189.74313569276,8248.910455155923,8189.74313569276,8231.6533203125,268313
2025-07-21,8190.729457990164,8332.731028174438,8190.729457990164,8321.390625,253964
2025-07-22,8352.453681269779,8352.453681269779,8162.132127493502,8179.88232421875,302466
2025-07-23,8198.125606266562,8288.35577322072,8175.44479927262,8280.466796875,194644
2025-07-24,8292.792929544936,8317.93904045562,8161.145643012533,8173.47216796875,298692
2025-07-25,8160.1595619442105,8165.090171951428,7932.858440611504,7963.42822265625,554118
2025-07-28,7963.428178774617,8044.783243445399,7962.935117776612,7977.23388671875,232171
2025-07-29,7977.233907025002,8032.949799941364,7944.198820074593,8014.70654296875,209998
2025-07-30,7978.22029406387,8019.637419377594,7913.629301015086,7931.87255859375,222804
2025-07-31,7879.115037794237,7981.671729149756,7820.440776874492,7896.865234375,297025
2025-08-01,7896.86494557617,7978.713071260838,7841.149052790824,7932.8583984375,329818
2025-08-04,7932.858574844942,8091.131158754771,7932.858574844942,8073.8740234375,221221
2025-08-05,8062.533693275013,8122.194075912384,8017.172080030071,8116.27734375,194083
2025-08-06,8154.243067164479,8154.243067164479,8007.310884674757,8064.9990234375,515934
2025-08-07,7958.004455232638,8134.52029135242,7749.439654454236,8114.7978515625,456168
2025-08-08,8114.79779741458,8162.13165259454,8071.4084301662815,8109.8671875,282679
2025-08-11,8120.714787398509,8184.812718325151,8019.637280937264,8160.15966796875,180274
2025-08-12,8160.65266192363,8206.014274206693,8066.478010335967,8082.7490234375,184529
2025-08-13,8100.499195639738,8194.180785947825,8075.353084557041,8134.02734375,367519
2025-08-14,8135.5066372007595,8165.090297699671,8084.228292335979,8099.51318359375,364270
2025-08-18,8283.424601210922,8509.73959477972,8283.424601210922,8469.30859375,995976
2025-08-19,8489.524760419923,8733.09690768717,8466.843953184512,8673.4365234375,1052384
2025-08-20,8672.45016063084,8749.367678685217,8641.88037781436,8704.9921875,490202
2025-08-21,8712.38792442714,8745.916072636594,8510.232913164258,8563.9765625,510564
2025-08-22,8563.976508437176,8594.0532294352,8461.912881443883,8559.0458984375,369875
2025-08-25,8628.567485875807,8642.373193853207,8513.68427306386,8629.060546875,360880
2025-08-26,8608.84558211507,8702.527177796734,8526.011329091281,8570.8798828125,778390
2025-08-28,8675.90146490556,8675.90146490556,8540.802749209714,8568.9072265625,394657
2025-08-29,8593.066977830113,8608.844929591105,8452.544594958781,8511.7119140625,344340
2025-09-01,8544.746830500899,8912.077262625722,8544.746830500899,8842.5556640625,658701
2025-09-02,8845.514423126835,8983.07844341961,8802.125054719078,8905.1748046875,548186
2025-09-03,8926.376472342585,9002.80092844141,8867.209151491883,8989.48828125,322758
2025-09-04,9220.240331697512,9223.691758559644,8920.95231665257,8945.1123046875,652617
2025-09-05,8990.474747939485,9044.711460798613,8927.362936612499,8958.42578125,231190
2025-09-08,8975.682583180951,9358.297925113957,8947.085044737505,9302.58203125,713087
2025-09-09,9260.179118506376,9297.651756438672,9108.316322675484,9252.783203125,505482
2025-09-10,9294.199998922442,9308.991829159455,9052.60010505125,9115.7119140625,454231
2025-09-11,9115.219305923218,9115.219305923218,8949.057738005431,8987.0234375,472941
2025-09-12,8988.502566548836,9077.25355184663,8854.883027572712,8874.60546875,481492
2025-09-15,8901.230159550294,8965.328089021381,8839.597535058863,8899.7509765625,325549
2025-09-16,8906.653856089832,8972.72402973443,8894.820392153486,8946.591796875,219134
2025-09-17,8950.53670188269,9009.210963300859,8944.126908618518,8957.9326171875,172732
2025-09-18,8973.217607448778,8988.50249924673,8899.751514613465,8949.0576171875,183574
2025-09-19,8924.403737921823,8937.716384381705,8826.284602902682,8846.9931640625,467648
2025-09-22,8846.993669519472,9067.391940169598,8835.160205323493,8928.841796875,525239
2025-09-23,8953.002009428565,9096.975827401531,8825.79226615108,8859.8134765625,451186
2025-09-24,8865.236447668005,8874.111545335305,8681.81776254384,8716.33203125,240914
2025-09-25,8698.582555727842,8786.347417700383,8636.45686691582,8719.7841796875,441002
2025-09-26,8707.457010825457,8756.763109414502,8547.705251396948,8581.2333984375,335841
2025-09-29,8623.636909749606,8706.47115793931,8555.101430592647,8596.5185546875,394174
2025-09-30,8599.969754300319,8647.303609157148,8520.093874229418,8558.0595703125,285609
2025-10-01,8598.983655016518,8723.728085332985,8467.336370848549,8506.78125,551282
2025-10-03,8506.781432440936,8577.782216436268,8373.654962449684,8559.0458984375,915075
2025-10-06,8577.288909662193,8681.324777674306,8530.941176993289,8669.984375,300715
2025-10-07,8677.873971670037,8791.278006527087,8663.575202057626,8780.4306640625,490577
2025-10-08,8779.443913856347,8779.443913856347,8629.06031317533,8669.984375,408647
2025-10-09,8653.22107945073,8695.131267015022,8580.741108016015,8687.7353515625,217161
2025-10-10,8693.651894246354,8830.722857642479,8659.630683907028,8822.3408203125,228686
2025-10-13,8822.834091768867,8957.932814309646,8793.250429898624,8940.1826171875,374531
2025-10-14,8973.710476174128,8993.432916781105,8907.147239125585,8976.17578125,297332
2025-10-15,8980.120216222094,9052.600185023755,8831.215790520722,8873.1259765625,300055
2025-10-16,8904.681299044214,9049.64122716819,8896.792323363998,9024.4951171875,334619
2025-10-17,9023.016704602891,9066.899135570631,8964.342442971867,9023.509765625,466036
2025-10-20,9066.89865663658,9108.315780306028,8974.203189376387,8997.8701171875,303686
2025-10-21,9032.385002964602,9037.808674291236,8954.974421302642,8991.4609375,27642
2025-10-23,9009.211152522936,9029.919715811353,8891.862627221904,8921.4462890625,249420
2025-10-24,8944.126339955861,8972.72387731625,8886.931265235085,8950.5361328125,332130
2025-10-27,8973.216948853915,8988.501839530021,8929.334520783801,8969.2724609375,310061
2025-10-28,8973.709988700663,9003.293648004072,8893.834108581459,8931.7998046875,459991
2025-10-29,8963.848807499793,8963.848807499793,8835.652949966792,8908.6259765625,226605
2025-10-30,8908.62653899158,8939.19632233326,8780.92373438682,8799.1669921875,250532
2025-10-31,8815.437577531979,8925.39018001476,8679.845803169806,8769.08984375,261013
2025-11-03,8776.486082411038,8833.188099235605,8732.110590983119,8798.673828125,206987
2025-11-04,8796.208330655068,8796.208330655068,8592.0810745513,8629.5537109375,517334
2025-11-06,8633.497770160828,8698.088758618342,8581.726367198698,8599.4765625,326774
2025-11-07,8598.983707647767,8628.074306200017,8485.579679393239,8600.462890625,290120
2025-11-10,8672.94350265315,8715.346751159585,8564.963137270488,8650.2626953125,992874
2025-11-11,8696.61038801205,8820.86176672727,8604.901037055579,8771.5556640625,380748
2025-11-12,8810.99985992473,8810.99985992473,8677.873393098782,8744.9296875,439922
2025-11-13,8764.652023717226,8772.047938453712,8719.29041333345,8744.4365234375,276001
2025-11-14,8744.437334129043,8744.437334129043,8659.630837288321,8720.27734375,550371
2025-11-17,8727.179839680215,8899.751192442254,8727.179839680215,8821.3544921875,457995
2025-11-18,8850.937984778278,8874.111851709624,8776.485773998851,8797.1943359375,276172
2025-11-19,8825.792164813018,8850.445215552718,8740.492609253652,8761.201171875,326292
2025-11-20,8800.153039562338,8880.028924390279,8766.6248903753,8854.8828125,189991
2025-11-21,8825.791754746191,8833.187669624469,8739.013020174385,8768.5966796875,320271
2025-11-24,8781.41663305752,8923.418204664515,8734.575836867714,8882.494140625,466198
2025-11-25,8899.750835172483,9018.08547231605,8876.083907743769,8922.431640625,482151
2025-11-26,8928.3488425326,9052.600218074804,8902.709669801668,9036.822265625,354143
2025-11-27,9066.406063184053,9126.066446784514,8871.153898673454,8897.2861328125,602295
2025-11-28,8905.667939259933,8979.627090565935,8798.180639361879,8947.578125,432445
2025-12-01,9002.307650684366,9061.968031105705,8929.827684387368,8969.765625,449503
2025-12-02,8973.709901336608,9015.12702395816,8863.264241012464,8959.4111328125,319833
2025-12-03,8959.411188039467,8978.640566518006,8825.79166066295,8875.5908203125,412081
2025-12-04,8880.029180246458,8968.780165945756,8863.265105169923,8958.9189453125,275604
2025-12-05,8928.348252972679,9003.293522160433,8919.966216287206,8982.5849609375,279893
2025-12-08,8988.502163995852,8997.870323135508,8832.20182466581,8900.7373046875,299426
2025-12-09,8865.237187752831,8909.119618771185,8756.763762763641,8836.6396484375,373015
2025-12-10,8836.638997069987,8876.576936963005,8780.430044627961,8866.22265625,307300
2025-12-11,8866.222844152124,8957.932189553763,8836.639184345142,8927.85546875,136142
2025-12-12,8939.195747430498,8963.355735937066,8835.652939545202,8889.8896484375,356060
2025-12-15,8914.542863884228,8917.00816887977,8760.707832162332,8815.9306640625,507849
2025-12-16,8815.931006206289,8902.709745417269,8767.611026418357,8882.9873046875,278902
2025-12-17,8882.98745608488,8883.973578138175,8736.055270143866,8771.5556640625,256364
2025-12-18,8767.61067922128,8767.61067922128,8613.77564762095,8708.443359375,338487
2025-12-19,8707.950388194984,8885.945410568485,8704.498961168352,8877.0703125,215196
2025-12-22,8884.95947329564,9057.530828215367,8872.63294794423,9036.822265625,377385
2025-12-23,9056.54498433894,9056.54498433894,8953.988290265414,8972.724609375,215559
2025-12-24,8973.710713859733,9066.899248195969,8944.12705216569,9042.7392578125,167717
2025-12-26,9055.06552433256,9058.023890417287,8926.376599646974,8938.703125,105815
2025-12-29,8943.633489978816,9000.33550504842,8929.827781961869,8960.890625,263943
2025-12-30,8960.89077681854,9169.948644617101,8900.244272716598,9153.1845703125,464922
2025-12-31,9190.657084515145,9267.574600887696,9167.483217402902,9213.337890625,319864
2026-01-01,9235.032937783631,9451.97978736317,9189.178262758864,9425.3544921875,306936
2026-01-02,9417.464817030057,9499.312940570739,9181.288605126529,9370.6240234375,733651
2026-01-05,9387.88110357989,9549.605105784416,9333.644395523494,9365.693359375,304245
2026-01-06,9442.118311239294,9647.724751750353,9410.562406700426,9526.9248046875,503002
2026-01-07,9533.827775055544,9670.898737067617,9474.660453323715,9653.6416015625,334802
2026-01-08,9663.502703969043,9750.77450245889,9590.036613714878,9625.0439453125,534086
2026-01-09,9625.044155790441,9693.57963745915,9405.632002246732,9429.7919921875,250994
2026-01-12,9429.791904779446,9455.431077540154,9230.102193854704,9359.2841796875,332453
2026-01-13,9374.07629739507,9443.597902588248,9327.235499569879,9421.41015625,229215
2026-01-14,9443.104237075266,9476.632384951263,9362.242233374329,9446.5556640625,335206
2026-01-15,9446.5556640625,9446.5556640625,9446.5556640625,9446.5556640625,0
2026-01-16,9407.603744714275,9483.042076629436,9259.192385848499,9357.3115234375,528450
2026-01-19,9357.311956182228,9357.311956182228,9263.137302181236,9298.6376953125,403445
2026-01-20,9336.602734375,9336.602734375,9027.946560329861,9052.599609375,385253
2026-01-21,9023.016718486151,9126.559533288451,8946.099198918728,9051.6142578125,323092
2026-01-22,9096.975204484059,9261.164513052794,9058.023386535318,9239.962890625,193757
2026-01-23,9259.685508179742,9415.492782971265,9205.448798600413,9282.859375,204212
2026-01-27,9291.241964244562,9374.076216526088,9200.51873555527,9360.2705078125,302065
2026-01-28,9368.159145266869,9401.194232779126,9121.628641444056,9302.58203125,342407
2026-01-29,9343.505674575537,9400.700748889562,9251.303270293445,9379.9921875,390096
2026-01-30,9365.200405480757,9492.410140376725,9252.289439235885,9464.3056640625,283660
2026-02-02,9323.290881889463,9390.840242025844,9122.121984548994,9364.7080078125,327240
2026-02-03,9795.150171100711,9803.039147378655,9382.9511605782,9462.333984375,573385
2026-02-04,9460.854976365546,9590.036965306956,9397.250103947828,9505.23046875,201083
2026-02-05,9506.21628647507,9544.675045310394,9466.771405618327,9513.119140625,155663
2026-02-06,9486.493727675053,9533.827584112518,9340.05460932165,9386.40234375,198790
2026-02-09,9464.79913239703,9492.903609920817,9373.089784687827,9456.91015625,171033
2026-02-10,9471.701827013154,9697.030704417892,9449.5140819733,9638.3564453125,347018
2026-02-11,9681.745966107706,9768.03164262374,9660.051281726532,9732.53125,324008
2026-02-12,9739.433882500874,9792.191409227325,9673.363708843448,9703.4404296875,372062
2026-02-13,9664.488722504162,9763.100923131724,9585.105900998975,9624.55078125,120688
2026-02-16,9575.244493587265,9638.84936174755,9509.174320459526,9562.91796875,88321
2026-02-17,9517.063516960674,9732.038115105677,9498.820259778644,9690.1279296875,159113
2026-02-18,9690.128312386492,9870.095586289766,9668.43362731322,9841.498046875,334455
2026-02-19,9852.345422974322,9919.894783546211,9566.370027852457,9593.9814453125,310761
2026-02-20,9590.036433637963,9686.676389473081,9536.292784729658,9670.8984375,291070
2026-02-23,9714.28760221594,9792.191238453384,9677.80108904144,9768.03125,145464
2026-02-24,9737.954383731338,9737.954383731338,9525.938161705793,9692.5927734375,259761
2026-02-25,9722.670043981581,10018.99971061949,9702.947603606346,9956.8740234375,334366
2026-02-26,10005.686812156126,10045.624752913267,9890.31053885772,9969.693359375,177814
2026-02-27,9932.713761672725,9951.450079515542,9802.052597768865,9834.1015625,231926
2026-03-02,9590.529938343505,9803.532299834656,9432.25735029105,9640.3291015625,330330
2026-03-04,9384.430371624903,9569.821314709596,9384.430371624903,9518.54296875,319652
2026-03-05,9540.237727852964,9716.260512950048,9507.202639333342,9668.43359375,300749
2026-03-06,9644.273045919927,9747.322793700972,9555.522066969743,9679.7734375,386552
2026-03-09,9466.771688159437,9511.64024147311,9221.227297497802,9252.783203125,334501
2026-03-10,9318.36022494472,9503.75116862318,9219.254959840011,9476.6328125,463535
2026-03-11,9442.117923520838,9531.8550233684,9141.350720735058,9198.052734375,489382
2026-03-12,9151.212003383542,9151.212003383542,8953.987606758896,9034.849609375,390062
2026-03-13,8949.057413622359,8992.939843915054,8709.922821577906,8751.8330078125,435631
2026-03-16,8742.957705684103,8977.161682122178,8621.171637936304,8947.0849609375,580318
2026-03-17,8973.71006920623,9121.628367050289,8881.5076635501,8983.5712890625,245258
2026-03-18,9023.016153993298,9159.100987791231,9009.703507208718,9142.3369140625,247437
2026-03-19,8987.022738649697,9023.01619121575,8688.720837246117,8745.4228515625,288162
2026-03-20,8833.18821383687,8983.571825627003,8807.549040679207,8925.390625,356410
2026-03-23,8864.744086989731,8864.744086989731,8630.540102267549,8654.20703125,375189
2026-03-24,8776.485915901045,8897.285862496314,8669.984738494606,8774.513671875,438132
2026-03-25,8894.82032804125,9022.52312543386,8856.361570525329,8922.9248046875,438761
2026-03-27,8846.993278768274,8879.042242883525,8717.318239348107,8777.4716796875,326675
2026-03-30,8687.735338050874,8765.63898069628,8623.637404228706,8659.630859375,325094
2026-04-01,8868.688790483075,9042.739334934096,8746.902715470604,8772.048828125,416423
2026-04-02,8712.880609952119,8712.880609952119,8504.31581463721,8636.94921875,254975
2026-04-06,8656.672467216767,8859.8136107204,8633.49859890446,8818.396484375,313792
2026-04-07,8776.485892262694,8961.876830211613,8678.366752231219,8923.9111328125,376810
2026-04-08,9235.03243269789,9369.145023284853,9133.461867768057,9236.0185546875,474100
2026-04-09,9323.783289011604,9491.424025038254,9236.01843309177,9384.9228515625,539407
2026-04-10,9269.5471321394,9707.385315827687,9269.054071121733,9677.30859375,738971
2026-04-13,9566.8624698356,9714.287707091738,9565.383286853097,9679.7734375,363886
2026-04-15,9764.08720381399,9837.553294475418,9693.579479219463,9728.09375,551624
2026-04-16,9734.01004850509,9780.850842477736,9610.744801208652,9688.6484375,479220
2026-04-17,9673.856733929759,9693.579173754284,9587.077998701847,9637.86328125,264575
2026-04-20,9637.863502154554,9725.628361385307,9555.52231399986,9666.9541015625,349985
2026-04-21,9666.953993465517,9736.968655664441,9605.81442929181,9657.0927734375,291287
2026-04-22,9634.904716150038,9654.627155566955,9451.97909055812,9468.7431640625,301870
2026-04-23,9442.117996419527,9457.89594816289,9345.47804199142,9417.9580078125,444028
2026-04-24,9466.77142073935,9528.89710818795,9395.770635083803,9443.1044921875,190469
2026-04-27,9508.681753068156,9580.175600835586,9483.535641094784,9527.9111328125,147736
2026-04-28,9488.466115734098,9528.40405770949,9343.506178193782,9363.7216796875,256811
2026-04-29,9378.020575809125,9574.751922273259,9364.214867285325,9411.0556640625,261656
2026-04-30,9382.951251708057,9905.595935197838,9225.171724616801,9855.3037109375,1209264
2026-05-01,9855.3037109375,9855.3037109375,9855.3037109375,9855.3037109375,0
2026-05-04,10101.834342152339,10332.09384223947,9927.290738231903,9991.388671875,721598
2026-05-05,9990.402404797307,10033.79177463356,9876.99836999801,9906.58203125,233441
2026-05-06,10038.722010066382,10245.807631099186,10000.263251874576,10175.79296875,393486
2026-05-07,10435.143411863508,10590.950693953324,10181.216986938649,10457.82421875,1498254
2026-05-08,10477.546150931534,10635.32566943968,10393.725781724082,10562.845703125,375627
2026-05-11,10451.90748182085,10502.199705763946,10365.12874246806,10448.4560546875,256703
2026-05-12,10403.587610909397,10536.221026422887,10222.14115399875,10252.7109375,409439
2026-05-13,10226.578221590424,10309.905530758197,10078.166860291609,10119.583984375,367905
2026-05-14,10235.94627607406,10371.044988966367,10109.229600113027,10305.9609375,426187
2026-05-15,10354.281394919899,10394.21933744316,10153.112499247169,10233.4814453125,227162
2026-05-18,10181.710260795859,10182.696382855016,10003.715229118023,10056.9658203125,295753
2026-05-19,10056.96520700637,10142.264759921607,10002.235436060755,10063.375,151592
2026-05-20,10017.027599126344,10337.517259464606,9938.630897597446,10317.3017578125,379649
2026-05-21,10398.163916523727,10586.020166331473,10347.871692165749,10518.9638671875,522986
2026-05-22,10518.963081781127,10603.769571425186,10390.767225342433,10403.09375,207805
2026-05-25,10551.5057549328,10620.53429725479,10286.238928009723,10345.40625,564521
2026-05-26,10383.86454903887,10493.817150863926,10303.988667892418,10445.990234375,559535
2026-05-27,10477.546606837212,10683.64611185641,10433.171115325902,10658.5,317630
2026-05-28,10658.5,10658.5,10658.5,10658.5,0
2026-05-29,10650.0,10750.0,10388.5,10460.0,483158
2026-06-01,10500.0,10619.0,10340.0,10376.0,426434
2026-06-02,10305.0,10433.0,10260.0,10281.0,404046
2026-06-03,10281.0,10415.0,10202.0,10259.0,355015
2026-06-04,10240.0,10452.0,10178.0,10362.0,539031
2026-06-05,10394.0,10446.0,10317.0,10342.0,247150
2026-06-08,10251.0,10305.0,10171.0,10231.0,127982
2026-06-09,10280.0,10344.0,10150.0,10184.0,313286
2026-06-10,10229.0,10293.0,10124.0,10144.0,293698
2026-06-11,10127.0,10255.0,10081.0,10114.0,191419
2026-06-12,10226.0,10250.0,9922.0,10063.0,386190
2026-06-15,10164.0,10178.0,9930.0,9943.0,400018
2026-06-16,9992.0,9993.0,9902.0,9939.0,203949
2026-06-17,9980.0,10074.0,9932.0,10042.0,302387
2026-06-18,10049.0,10100.0,10001.0,10077.0,219879
2026-06-19,10134.0,10134.0,9936.0,10066.0,739358
2026-06-22,10116.0,10268.0,10088.0,10191.0,834191
2026-06-23,10249.0,10259.0,9949.0,10025.0,551711
2026-06-24,9838.0,9910.0,9732.0,9750.0,426013
2026-06-25,9775.0,9930.0,9769.0,9843.0,352943
2026-06-26,9843.0,9843.0,9843.0,9843.0,0
2026-06-29,9874.0,9893.0,9605.0,9630.0,515976
2026-06-30,9665.0,9750.0,9501.0,9716.0,430959
2026-07-01,9762.0,9900.0,9762.0,9842.0,200437
2026-07-02,9975.0,9998.0,9716.0,9857.0,423525
2026-07-03,9899.0,9925.0,9771.0,9785.5,145310
2026-07-06,9800.0,10058.0,9785.5,10036.5,265284
2026-07-07,10040.0,10190.0,10020.5,10109.5,172975
2026-07-08,10070.0,10264.5,9993.0,10164.0,249351
2026-07-09,10176.0,10260.0,10112.0,10155.0,191190
2026-07-10,10177.5,10298.0,10115.0,10156.0,354772
2026-07-13,10080.0,10442.0,10030.5,10381.0,1009236
2026-07-14,10212.5,10374.0,10145.5,10166.0,802768
2026-07-15,10200.0,10369.0,10200.0,10323.0,451477
2026-07-16,10323.0,10395.0,10278.0,10331.5,407238
2026-07-17,10366.0,10499.0,10350.0,10443.0,426656
2026-07-20,10443.0,10535.0,10401.5,10522.5,335474
2026-07-21,10525.0,10560.0,10342.5,10403.5,834319
2026-07-22,10610.0,11031.0,10575.0,10998.5,1448948
2026-07-23,10999.5,11331.0,10967.0,11283.5,1025555
2026-07-24,11229.0,11320.0,11100.0,11130.0,442440
2026-07-27,11200.5,11251.0,11094.0,11183.5,270544
2026-07-28,11176.5,11410.5,11156.0,11374.0,357417
2026-07-29,11440.0,11532.0,11290.0,11338.0,455484
2026-07-30,11338.0,11525.0,11305.5,11432.0,295600
2026-07-31,11475.0,11590.0,11329.5,11520.5,214380
2026-08-03,11575.0,11856.0,11456.0,11856.0,281232
2026-08-04,11750.0,11751.0,11541.0,11600.0,307958
2026-08-05,11665.0,11800.0,11580.0,11800.0,382721
2026-08-06,11748.0,11778.0,11549.0,11620.0,250127
2026-08-07,11580.0,11730.0,11574.0,11662.0,208968
2026-08-10,11662.0,11786.0,11615.0,11677.0,199134
2026-08-11,11734.0,11863.0,11615.0,11717.0,268237
2026-08-12,11729.0,11819.0,11678.0,11700.0,236192
2026-08-13,11707.0,11750.0,11607.0,11661.0,138796
2026-08-14,11698.0,11785.0,11665.0,11700.0,241415
2026-08-17,11700.0,11808.0,11663.0,11663.0,181692
2026-08-18,11700.0,11768.0,11581.0,11607.0,237816
2026-08-19,11607.0,11722.0,11534.0,11645.0,222810
2026-08-20,11700.0,11793.0,11620.0,11793.0,151383
2026-08-21,11790.0,11790.0,11660.0,11700.0,221616
2026-08-24,11735.0,11838.0,11711.0,11800.0,221901
2026-08-25,11800.0,11927.0,11722.0,11927.0,159272
2026-08-26,11910.0,11924.0,11724.0,11724.0,166838
2026-08-27,11750.0,11822.0,11618.0,11720.0,221294
2026-08-28,11810.0,11974.0,11769.0,11910.0,262591
2026-08-31,11910.0,12130.0,11877.0,12130.0,355561
2026-09-01,12180.0,12470.0,12090.0,12361.0,495029
2026-09-02,12211.0,12275.0,11925.0,12130.0,333619
2026-09-03,12191.0,12191.0,11920.0,11920.0,304296
2026-09-04,12005.0,12025.0,11873.0,11919.0,154199
2026-09-07,11810.0,11860.0,11727.0,11800.0,106111
2026-09-08,11727.0,11883.0,11716.0,11880.0,192942
2026-09-09,11841.0,11896.0,11740.0,11790.0,119472
2026-09-10,11771.0,11820.0,11673.0,11768.0,121394
2026-09-11,11624.0,11723.0,11529.0,11678.0,214731
2026-09-14,11678.0,11678.0,11678.0,11678.0,0
2026-09-15,11693.0,11709.0,11416.0,11424.0,236796
2026-09-16,11425.0,11596.0,11379.0,11593.0,305528
2026-09-17,11568.0,11576.0,11435.0,11500.0,129351
2026-09-18,11501.0,11540.0,11406.0,11414.0,296757
2026-09-21,11470.0,11533.0,11450.0,11460.0,93033
2026-09-22,11460.0,11515.0,11281.0,11363.0,154756
2026-09-23,11363.0,11425.0,11293.0,11400.0,158704
2026-09-24,11341.0,11383.0,11201.0,11208.0,106766
2026-09-25,11245.0,11332.0,11212.0,11281.0,121620
2026-09-28,11250.0,11270.0,10953.0,11024.0,241334
2026-09-29,11016.0,11020.0,10805.0,10811.0,527929
2026-09-30,10779.0,10953.0,10779.0,10874.0,313712
2026-10-01,10701.0,10714.0,9900.0,10045.0,1491300
