Date,Open,High,Low,Close,Volume
2019-10-03,331.30885423033317,335.69863901448093,322.1989442877124,325.59747314453125,5037665
2019-10-04,328.8072203593581,329.1848151446734,315.543532131399,320.49969482421875,4794009
2019-10-07,319.0836337029812,327.3439338292964,318.233994111541,322.4349670410156,3566103
2019-10-09,323.8982223493535,340.65483102196987,320.0276777033497,339.2859802246094,8848384
2019-10-10,342.5901317953389,363.45329369891687,341.7404921350773,356.13702392578125,48555442
2019-10-11,353.9657131677204,363.7836764483377,351.74725210542437,361.4707946777344,11113337
2019-10-14,362.9340510595386,374.78169315156106,358.9691149188033,371.5247802734375,10930620
2019-10-15,368.17344758967823,370.01431394711017,360.1963502572905,362.1788330078125,8746356
2019-10-16,359.7715600643544,365.15254274782643,356.231414389226,363.6893005371094,9079900
2019-10-17,363.4532921617932,365.8133697074853,357.8362723823884,364.2557067871094,4877679
2019-10-18,363.4060528877285,364.7749036806911,359.20510915093143,362.0372314453125,4053714
2019-10-22,360.4323751410602,374.3096963531168,346.64947464573345,353.163330078125,11570680
2019-10-23,352.5968799026328,356.8450488734039,335.1322472072861,340.1828308105469,13588127
2019-10-24,334.14101969523523,355.2873850841059,307.28324312803727,351.5112609863281,74062675
2019-10-25,349.1983488003048,357.2226711872224,342.3068988602784,354.154541015625,28275934
2019-10-27,351.18081710717905,354.48495489829276,345.1390070756378,352.2192687988281,2033141
2019-10-29,342.6845400466447,345.1862341191744,333.3385913747932,339.7580261230469,36912144
2019-10-30,343.9117881503042,350.56723092864337,340.4660628728739,347.3575134277344,17185921
2019-10-31,346.1774434322492,355.71220370764627,343.39254604948263,353.3049011230469,13034332
2019-11-01,343.0149810513721,355.3346104292783,343.0149810513721,352.1720886230469,13938891
2019-11-04,357.0810700213892,360.3379830558111,353.0689086568325,356.8450622558594,7763797
2019-11-05,355.9009847201336,363.9252770508846,353.5881030498476,362.4620056152344,6766429
2019-11-06,363.45332592837445,363.8309207604369,349.52880841403964,350.6616516113281,8335534
2019-11-07,353.8241423192923,354.48496990549137,348.3959345865812,350.94482421875,4906572
2019-11-08,349.2927699075521,354.815369002011,346.083052689377,348.4903259277344,6094415
2019-11-11,350.4727935240094,353.0216830457548,347.6407005777471,350.70880126953125,2826663
2019-11-13,351.2752376430039,352.5024720502158,345.65821807614714,347.9710998535156,6544841
2019-11-14,337.8699638885162,346.5550849396087,330.695310157394,342.2125244140625,21487581
2019-11-15,337.8227498169436,376.1977398061016,337.25631359633087,371.0527648925781,56210391
2019-11-18,373.83764508582897,397.0136876732405,370.1559125479347,386.29888916015625,43462375
2019-11-19,403.00828591802764,420.7089246722869,397.86331144579754,414.76153564453125,63965674
2019-11-20,423.2106334454744,427.6004185455529,408.86132748469663,412.8262634277344,56689066
2019-11-21,417.7352631816693,417.7352631816693,398.5713801582552,402.4419250488281,22595291
2019-11-22,399.3266144279627,405.887665655616,393.66239859655514,397.1081237792969,17090583
2019-11-25,397.7689608661471,430.1493685678336,397.7689608661471,426.13720703125,34112216
2019-11-26,420.0953536402892,421.98341565404775,405.8404384755363,408.1533203125,23906748
2019-11-27,409.2389686429775,412.54310676210224,402.5363303878239,409.0973815917969,13586924
2019-11-28,409.0973803284555,419.05693163770104,404.5188120100965,412.2126770019531,22352772
2019-11-29,414.9976030194621,424.48513877188674,410.7966295291178,417.6880798339844,20386454
2019-12-02,444.78187892589915,458.4231928964162,429.58293125022055,432.93426513671875,56782244
2019-12-03,436.8991706939002,439.0232405191782,420.33137322574464,433.40625,24319749
2019-12-04,435.05833393237003,438.7872626385432,429.2525309410643,435.5775451660156,16851755
2019-12-05,437.3712345086121,437.65443797981305,420.42581101560705,422.3138732910156,17642464
2019-12-06,426.609177400428,427.08119290173494,418.06567334633473,419.9537353515625,11629491
2019-12-09,422.54985100427183,426.32600463690676,416.98005594797587,420.8977966308594,8012971
2019-12-10,420.5202171301603,425.75958389228475,418.44334282925456,421.98345947265625,7274085
2019-12-11,419.62336785560376,423.91870337100113,415.94163492780626,417.9713134765625,6931352
2019-12-12,418.1129011119651,419.00973650338005,412.0710904913743,414.10076904296875,7527779
2019-12-13,415.3751851363263,416.0360127365166,402.15872118416587,403.85797119140625,13320154
2019-12-16,406.31245422396677,406.92605676847984,396.9193104791974,398.2409362792969,7093336
2019-12-17,400.97866603973495,416.79124522366,394.22883212326406,415.3280029296875,23423482
2019-12-18,421.9834299660946,422.07782132976496,409.8525841553887,413.77032470703125,17986000
2019-12-19,411.599042972409,431.23494063888535,406.17083536205047,424.2962951660156,14236801
2019-12-20,424.7211297737732,434.6334849873404,420.756193558456,428.4028625488281,21689127
2019-12-23,423.918655382906,433.45341510919155,421.46418660925616,429.34686279296875,10630886
2019-12-24,429.063674760197,434.25587461474544,427.08119204834094,431.56536865234375,6974012
2019-12-26,429.8189562173742,430.95179945315385,421.0394431529957,422.502685546875,5997570
2019-12-27,423.8714895222041,431.47096282055435,423.8714895222041,429.6300964355469,5997611
2019-12-30,434.25588975661526,438.692841484854,429.63009660098976,434.7279052734375,12141748
2019-12-31,434.2559204318885,436.61599818271253,429.0637200295253,430.29095458984375,5212590
2020-01-01,430.5269325138728,434.72790583972085,424.57951351372674,427.93084716796875,5154996
2020-01-02,428.68609651753195,433.68948483751984,428.1196895966712,429.72454833984375,4933053
2020-01-03,430.19653266584436,433.5006412823277,426.23159645595473,429.6300964355469,5154587
2020-01-06,428.49723918087926,431.8485727188383,419.76492306073453,424.485107421875,7538915
2020-01-07,426.70367552652783,429.81897253024266,418.3017569881645,420.1898193359375,4353883
2020-01-08,417.8296645939885,434.96389769166643,415.7055948431995,433.17022705078125,14118818
2020-01-09,442.1857618149476,448.36918856066046,429.8189083235219,434.35028076171875,18180867
2020-01-10,438.7872326290348,439.87288005740345,428.7804860670679,431.42376708984375,37724966
2020-01-13,433.31185746668143,443.97946166949697,428.8277097661354,442.6578063964844,15206224
2020-01-14,442.6577912357409,446.1979370707375,440.4865256620562,443.0826110839844,8238486
2020-01-15,443.2241973111671,445.58427480680353,438.9760284684743,441.6665344238281,10875259
2020-01-16,442.94094893131296,450.2572182606614,441.80813525374174,447.3779296875,16290593
2020-01-17,448.51084392206417,475.60463084096733,448.51084392206417,472.06451416015625,61915666
2020-01-20,471.0732405025476,484.0065308670146,466.58909287349843,480.2303771972656,45298836
2020-01-21,481.4576258384358,486.1777810879943,476.17100499805235,483.10968017578125,65202963
2020-01-22,485.94178779880406,494.43812620216164,478.34231414023327,485.7057800292969,20285793
2020-01-23,486.17774816077997,496.5621183570582,483.67605430772596,494.3436279296875,15772863
2020-01-24,491.3699799537769,497.83661023942864,485.3753651918714,494.9101257324219,23824625
2020-01-27,491.9835680253598,494.7684654034998,483.251251742852,485.6113586425781,11856786
2020-01-28,485.5641516853771,485.6113767185568,458.8951863353155,463.7569580078125,31674769
2020-01-29,465.5034026693504,473.3388833930177,460.92483474219523,462.8128967285156,20037283
2020-01-30,464.4649661640336,465.31460582589716,453.2309558870799,462.3880920410156,15337903
2020-01-31,465.59782431196805,471.4508520709117,459.7448259035733,468.66595458984375,18356252
2020-02-03,468.2883580503637,484.6201490886266,468.2883580503637,481.5048522949219,15212799
2020-02-04,485.2337333446651,493.3524177049291,475.2741826302946,489.8594970703125,14646591
2020-02-05,489.0098996446973,507.41859412606254,486.93302535687593,503.5008239746094,30647706
2020-02-06,505.10566534467506,521.862245151891,504.20883001350444,516.1980590820312,17180298
2020-02-07,518.1805291489924,518.2749792140736,508.126557460539,509.2594299316406,8967847
2020-02-10,509.9674076018868,513.2243791642671,506.0968921931724,508.5513610839844,8570467
2020-02-11,509.3066716434558,514.1684730401072,502.9344321832564,504.3976745605469,6622800
2020-02-12,506.0025617001601,511.9971769573789,505.0585305746659,509.40106201171875,5160923
2020-02-13,509.4953471946141,512.3746943582476,501.990295441034,509.73138427734375,5729055
2020-02-14,514.4044464983372,535.7868511180919,504.35047399842944,533.3795776367188,37517890
2020-02-17,533.3322453617238,536.8723908886282,525.3551777075552,533.2378540039062,23354434
2020-02-18,531.8218720603239,537.0140430822912,507.22975050600655,517.5669555664062,21865560
2020-02-19,518.3694159515838,522.6175560125918,508.5986174998328,512.9884033203125,22088140
2020-02-20,513.2716367380008,521.1071185623467,508.4570310356834,515.0653076171875,16010058
2020-02-24,511.66671941547884,511.7139150989649,497.6005860025611,500.243896484375,9834434
2020-02-25,503.1704843968237,507.843444487402,501.2351676967474,505.2945251464844,9804202
2020-02-26,502.8871920225094,509.21223523707516,491.1811659877932,505.955322265625,18965240
2020-02-27,504.77525439146,505.86087248218246,497.5061801289777,501.8959655761719,11381143
2020-02-28,495.52371204811965,498.82782060595696,484.7617173689685,494.2020568847656,16934165
2020-03-02,504.1144578498204,506.00251994500655,483.20407035376815,489.3403015136719,10096159
2020-03-03,494.67410355548157,503.5008117263651,485.37537984660054,491.6531982421875,10563605
2020-03-04,495.61811947368994,502.9815851216897,479.003126083444,487.829833984375,18066379
2020-03-05,493.54128853732766,500.9991457596635,487.73545634339206,497.41180419921875,14344961
2020-03-06,488.77383437864717,494.3436289475906,482.8264156743172,490.0954895019531,9503868
2020-03-09,481.45762803046654,483.3456901388861,463.5681456314349,468.4771423339844,15664232
2020-03-11,459.74484125720227,480.04156830921403,459.74484125720227,466.1642761230469,21401999
2020-03-12,451.7205372784832,454.552630471569,433.5006555547604,438.9288635253906,14471096
2020-03-13,428.4028722166266,480.5607935076869,396.49451099588975,464.3233947753906,24254296
2020-03-16,445.8202978441389,465.36180474931683,430.6213512901726,438.7872314453125,14936276
2020-03-17,438.97604558296075,454.0806008450141,419.4817342676601,429.25250244140625,12629709
2020-03-18,434.25591122551737,452.0037483664445,384.6468783711823,401.7339172363281,29342689
2020-03-19,393.1431841208387,426.3732011393295,341.5045024907214,419.859375,24017236
2020-03-20,420.0953496383401,445.58427463290786,412.2126438451152,436.7575378417969,19758966
2020-03-23,393.09596386787604,420.7561840905409,377.1417693012762,384.5524597167969,14907385
2020-03-24,387.9037638389537,413.34549356307286,377.75540109785163,381.4371337890625,12947855
2020-03-25,383.79725182286717,413.72316136764215,382.9004457462466,405.0852355957031,14093189
2020-03-26,402.630703831178,465.8337883216403,396.7304809438012,444.3570251464844,22302573
2020-03-27,444.3571061218136,448.2276513976329,413.01514907042105,423.8243408203125,16378409
2020-03-30,419.00970560898327,424.1547098093574,404.0467672116818,406.9260559082031,10210726
2020-03-31,416.3192448862115,421.9834608851645,400.27065734797,416.224853515625,17059457
2020-04-01,415.37516963410394,415.37516963410394,389.31983750905425,397.7689208984375,9646905
2020-04-03,407.82292338039696,407.82292338039696,392.3407725798155,400.22344970703125,14419445
2020-04-07,408.90854970153373,458.56477564644473,408.90854970153373,443.8850402832031,15553539
2020-04-08,447.8027653309331,463.6153432551894,427.6476272037189,435.8135070800781,13639333
2020-04-09,444.64028609819553,464.7482304550126,444.64028609819553,461.3497009277344,11962829
2020-04-13,463.5209625651195,491.74759164614073,463.5209625651195,483.5345153808594,24416550
2020-04-15,504.0672478226584,505.95530986411353,476.78462218122104,481.92962646484375,26277115
2020-04-16,472.01728828324605,484.2897514559671,469.5155940930418,472.4421081542969,17401120
2020-04-17,482.4016574777508,483.8177040543485,470.3180071931295,474.33013916015625,16430317
2020-04-20,479.28638087819525,479.28638087819525,459.6504508127039,462.86016845703125,11688508
2020-04-21,456.9126872609589,475.60458366302737,452.33411919762045,472.4892578125,15781695
2020-04-22,487.1217975828374,488.1130536360653,464.5121900418142,473.3388977050781,18447565
2020-04-23,473.7637493606302,478.9087246446483,463.5681608103361,468.24114990234375,12767355
2020-04-24,467.2026833862232,471.07322832366526,457.3375236367041,466.5890808105469,12161869
2020-04-27,470.1763927748467,474.8965774005946,463.61537107221034,466.4002685546875,10074370
2020-04-28,469.6099867322664,469.6099867322664,457.0071251637895,458.4703674316406,11729091
2020-04-29,463.473769442044,470.50683624685354,459.79203646985303,468.24114990234375,8371711
2020-04-30,474.9437844825617,487.07463079185885,467.48592722852857,485.5169677734375,20170888
2020-05-04,474.3301218438844,509.7786273999024,471.9228486216599,502.6983947753906,34658164
2020-05-05,507.8905794527645,522.7119020451277,496.6093439202919,498.4974060058594,30498970
2020-05-06,501.9903388112777,520.5878436359309,500.3855095742065,515.4428100585938,26074684
2020-05-07,514.8292252275542,514.8292252275542,495.0989059920573,498.4974060058594,15823732
2020-05-08,509.77861225307674,515.2540154671158,498.73341446636215,500.385498046875,13847608
2020-05-11,503.2176647753441,517.8030102576292,502.3208293346501,506.19134521484375,14490804
2020-05-12,503.1703339007841,532.4353496740029,500.81019801646113,528.5176391601562,23041211
2020-05-13,536.5893743323768,537.8637754392041,518.558271652417,524.8361206054688,21509772
2020-05-14,520.2573707171323,531.0193350551796,505.15281714189587,509.6369934082031,13428330
2020-05-15,513.0827623231598,525.7328490369698,509.21224669642305,523.0895385742188,14758117
2020-05-18,525.7328676961353,527.7153212630101,505.2472989343937,507.93780517578125,21991328
2020-05-19,527.2433654032442,569.7249457536593,525.8273185950077,565.2879638671875,73259076
2020-05-20,571.1408536596658,577.7490704909753,555.6586752135721,560.8036499023438,36412918
2020-05-21,557.4523760113387,570.6688690911336,552.6378295136034,561.2756958007812,20673544
2020-05-22,563.5886871877047,563.9663114121132,554.1483750830324,560.0014038085938,11630640
2020-05-26,539.9877807606899,544.1887249925284,526.3464669025192,527.9513549804688,77933211
2020-05-27,529.6034250762398,533.898819743466,522.8536198010644,531.5859375,22948762
2020-05-28,533.0490415967467,536.2115628151311,524.8831329807015,531.25537109375,16574283
2020-05-29,526.7713027437037,532.4354894706644,513.366025602569,521.6735229492188,55206200
2020-06-01,527.7152554929363,530.2169786832466,519.3605637011088,527.762451171875,40024637
2020-06-02,531.4914255697041,540.2709966365546,524.97759949522,526.8656616210938,32573015
2020-06-03,536.2116570566383,536.4948311640869,518.5109859981912,520.7766723632812,29783799
2020-06-04,521.3902714544454,552.6378648085346,518.7942153148057,540.41259765625,30007267
2020-06-05,551.3161756406739,556.9803618163826,535.6924092750244,551.6465454101562,48771843
2020-06-08,555.0923004808889,560.4733125754792,546.7848039319229,552.4017944335938,20813563
2020-06-09,547.540041959951,558.5380455288723,534.0403735492488,536.0228271484375,15219451
2020-06-10,539.0437323948001,543.7638877061614,531.5386795796259,535.3619995117188,19489440
2020-06-11,538.0997182111221,541.6870598407203,516.1037115886913,520.9654541015625,27803048
2020-06-12,509.7787106850645,530.5474551444908,509.7787106850645,528.7537841796875,19224358
2020-06-15,524.8832715308744,532.1995425029316,518.275053292096,519.8798828125,13838935
2020-06-16,526.7712728925856,527.9985367609877,506.9465617705497,514.4044189453125,19430678
2020-06-17,516.2452967372981,533.8515763278358,510.7226972598256,531.916259765625,20916747
2020-06-18,532.6715552393676,540.8374659671954,526.9601725193999,529.509033203125,19692591
2020-06-19,530.4530016324737,545.8407900961308,529.6033619380266,540.4597778320312,41924711
2020-06-22,543.5751184844935,555.09233295113,538.4773388813004,548.5313110351562,12954502
2020-06-23,548.5313871859935,551.8826921354963,542.2063428128184,546.4072875976562,9944839
2020-06-24,548.4840925745048,549.4281824231763,523.9392240366342,526.15771484375,12619809
2020-06-25,522.9007850702826,532.1523135059468,519.2190519703304,527.71533203125,15881470
2020-06-26,528.6593021257482,534.7011123229914,525.9687961400263,529.0369262695312,11317405
2020-06-29,527.6209095804272,537.1084745872519,520.3518351802719,535.3619995117188,13162970
2020-06-30,539.9876553614461,544.7078097279191,526.2047576504759,528.5176391601562,13182057
2020-07-01,542.8198428852093,542.8198428852093,527.0544893242029,528.8009643554688,13894655
2020-07-02,533.190720997277,535.2676246188527,526.3936619190747,527.1961059570312,13795692
2020-07-03,530.358622653724,550.7969953774214,529.2257501343024,548.9088745117188,21005887
2020-07-06,554.7147231794429,556.3196112875236,542.8670799148523,544.330322265625,16114629
2020-07-07,546.5959650617494,549.9945237483746,534.3707572892963,535.4091796875,12759442
2020-07-08,539.9878264807551,541.8758888256614,527.7153625377596,529.8866577148438,9581306
2020-07-09,532.4354101622108,538.3356331411499,528.9425190146397,536.8251953125,8611659
2020-07-10,537.2501193524714,546.5960396132087,533.9932059676356,542.5366821289062,13532330
2020-07-13,542.3478068091421,556.0363150473871,538.0996672976127,553.9594116210938,16660491
2020-07-14,551.7882526762211,563.399859111483,546.1712028545053,556.3668212890625,32935464
2020-07-15,555.9891237428287,555.9891237428287,528.3288742674547,532.057861328125,20062926
2020-07-16,534.2290509059246,534.5122836646941,522.3342142550462,531.25537109375,11528871
2020-07-17,531.5858595109183,541.7814181617878,530.3114000042855,535.0315551757812,12189475
2020-07-20,539.0437163039202,549.9001318970768,535.8339990477874,543.5278930664062,9789671
2020-07-21,547.5400578044053,551.127399621871,534.6539916345845,535.9756469726562,12005925
2020-07-22,536.211623132201,543.2918558869756,531.3026265348994,537.2972412109375,11034525
2020-07-23,538.0997315014381,543.5279397643887,532.4354861091367,535.4564208984375,9718786
2020-07-24,533.3795004626688,535.6451278577256,524.3167560780689,528.1400756835938,9960443
2020-07-27,526.9601726266129,532.1995397616898,513.6964818275312,528.1873779296875,10895560
2020-07-28,527.2433163464258,542.1118945011376,524.222440250372,533.001953125,14210206
2020-07-29,533.6155547065755,537.2972877985105,528.8953991274541,534.5123901367188,9979767
2020-07-30,543.7639529058363,547.9648975067693,512.6580024019196,521.7679443359375,45326361
2020-07-31,520.0686200281592,527.9985516616431,515.7260887345753,523.797607421875,13917435
2020-08-03,523.4670863422899,525.3551481969565,515.8203888700181,516.7172241210938,9392745
2020-08-04,517.3309932896951,522.3815774153912,515.3012852815338,518.2750244140625,12035116
2020-08-05,521.1071295232416,529.1313942610823,515.962153909457,527.6681518554688,12920232
2020-08-06,532.168426428233,532.168426428233,523.5942122089396,526.1049194335938,10620956
2020-08-07,526.7681504086473,533.7790793254474,523.0258306416521,531.3157958984375,7346008
2020-08-10,534.6317127826005,535.2949429225578,525.6312120229165,529.46826171875,9594610
2020-08-11,528.6628265949955,531.0313789359578,521.272919726439,522.1256103515625,8290695
2020-08-12,521.0835108802727,531.7420269296065,516.6779618500152,518.9044189453125,12613101
2020-08-13,505.9247885315834,519.4729347890706,496.6874026942286,507.2037658691406,37464752
2020-08-14,514.3094345906374,514.3094345906374,497.3978917778641,500.80865478515625,18550546
2020-08-17,502.65612554237765,504.5036025111154,490.8606684749475,493.9871520996094,19369462
2020-08-18,494.6030084825692,501.2823802967628,492.8028965998175,498.62957763671875,13771669
2020-08-19,501.18748675116694,511.5144453457338,499.38737524304867,507.6773376464844,17395288
2020-08-20,503.082485590286,505.5457686498375,495.2188080413166,497.9189758300781,13690809
2020-08-21,501.9455078605501,501.9455078605501,488.87104472136014,492.8976135253906,22244899
2020-08-24,490.6711789914555,504.40881391321955,481.48115929822103,499.197998046875,29714401
2020-08-25,506.39838730997633,507.4879037382795,498.3452502538397,500.85595703125,19881871
2020-08-26,500.61914565722026,500.61914565722026,485.08139842960543,487.449951171875,26386996
2020-08-27,487.35520996387163,491.2396540480382,481.2916738407095,484.27606201171875,22268191
2020-08-28,485.17610624377244,501.7086978767007,485.17610624377244,495.92938232421875,22217757
2020-08-31,491.2396501631969,494.8398737873547,481.81277518684146,486.12353515625,190329697
2020-09-01,490.2922256994346,526.2470103220488,487.1657418991735,517.5307006835938,75732733
2020-09-02,521.0835385545399,529.6103282821005,516.4411634760447,521.6046142578125,35680638
2020-09-03,521.6045726224814,523.8310296583044,507.4879289505052,509.7143859863281,25084656
2020-09-04,503.55615312061747,509.7143896993774,492.1870420633246,495.6451110839844,28610361
2020-09-07,497.3978700421941,500.2401331494716,483.4707454693995,488.3499755859375,16450037
2020-09-08,488.87107969230755,489.67640529309995,468.02775678167365,471.9122009277344,33745174
2020-09-09,467.3171695877907,480.01265286282165,465.2802025532542,477.73883056640625,32068518
2020-09-10,481.29167483710665,481.29167483710665,465.3749477107548,471.20159912109375,21400064
2020-09-11,473.0490831840688,476.0334714058614,462.86427699043986,465.8013000488281,15888599
2020-09-14,469.9226040384784,471.1068804148332,443.67894527942457,449.17401123046875,53032505
2020-09-15,450.16875294183325,462.0115449892372,445.336888130951,460.02197265625,31436333
2020-09-16,461.3957735641488,464.90123744495037,455.2848722621479,456.4217834472656,13379581
2020-09-17,454.7637662299293,456.99022328894733,449.079210683471,453.81634521484375,13750507
2020-09-18,457.60609141176263,471.4858818617175,450.3109427138346,468.5488586425781,55830089
2020-09-21,469.9226006505063,469.9226006505063,436.9995998014165,443.1578369140625,23162880
2020-09-22,443.8683878550536,453.3426273072022,436.762700901956,446.1895751953125,18950065
2020-09-23,442.4472068364937,442.4472068364937,401.61322810716456,410.99273681640625,86810146
2020-09-24,402.89228828738476,410.7085416770009,394.2707387597089,397.255126953125,36458719
2020-09-25,402.65539840244884,421.55654163988123,399.95526033076817,416.5351867675781,34232784
2020-09-28,422.5513779454294,424.1146345656726,411.2296602877017,420.3249206542969,21445626
2020-09-29,420.65649799830123,421.17757367300914,406.9188341673084,412.6981201171875,18187111
2020-09-30,414.9719726342206,417.2457950518048,396.165587253414,398.8183898925781,27686374
2020-10-01,403.6028771011107,411.7507159570528,401.37641991840565,409.6190185546875,13593932
2020-10-05,409.6190058195024,414.4982359489315,400.7605719822368,402.13433837890625,15282146
2020-10-06,404.5503013136926,407.3925645389413,400.8553473384905,404.3134460449219,11078299
2020-10-07,405.30825315701736,409.05057248752354,398.9604962798993,400.2395324707031,10393534
2020-10-08,403.6028645529694,412.6033938724069,397.06561815063554,402.13433837890625,17018635
2020-10-09,405.49774289468803,412.1297202115926,401.0448282694794,402.8449401855469,20948615
2020-10-12,405.4977136021268,407.96099656158725,390.19679287681794,393.2285461425781,14326607
2020-10-13,399.007884195038,405.02402590412123,391.3810912552937,393.4654235839844,28303313
2020-10-14,394.5076122078788,397.44463537366806,389.6757467890443,391.5232238769531,14374547
2020-10-15,391.6653592191256,393.6549318552268,374.2327393343484,378.2119140625,28378188
2020-10-16,383.1858529693145,385.886020561535,377.4065670488051,380.5330505371094,23786283
2020-10-19,382.3331717690543,383.3753525950251,373.28527719934226,376.7907409667969,17237471
2020-10-20,376.7907724248899,391.47585880124217,376.0802065798356,383.70697021484375,26395238
2020-10-21,384.3701630005061,398.10782796797344,382.3331958374733,396.9709167480469,23929199
2020-10-22,396.9708957788693,409.6190140224735,396.0234747216341,408.0083923339844,27014551
2020-10-23,412.03492878684085,414.59297151368946,404.8345111314171,411.56121826171875,18512271
2020-10-26,411.5138346689665,416.34569948236367,405.497693595807,411.2296142578125,11956996
2020-10-27,411.22960683468443,415.8246163131844,405.0239757807921,410.56640625,13021129
2020-10-28,422.5513496984503,462.34318110015136,418.7616360404117,428.0937805175781,125905730
2020-10-29,424.16197606080596,433.0677752724208,421.60393330494827,427.0989990234375,25537340
2020-10-30,430.9834284464382,430.9834284464382,407.866255191257,410.94537353515625,23483928
2020-11-02,412.1296875772389,435.81530214438993,412.1296875772389,433.35198974609375,28703578
2020-11-03,433.92046233109903,436.47850523891907,423.9251459791365,430.69921875,16337850
2020-11-04,429.1833477269463,431.59926563403434,423.64091663379986,429.230712890625,10191499
2020-11-05,432.973012241043,437.61538718739905,428.8043478216234,433.2572326660156,9407770
2020-11-06,432.9730145652213,436.1468927863007,425.15676137286584,426.2463073730469,12195207
2020-11-09,432.30978858225143,449.78977089810047,428.75695981949315,446.994873046875,24953555
2020-11-10,449.0792324342287,449.22135737575326,440.5524134295248,441.8788146972656,9800899
2020-11-11,443.34733243206324,456.04281648824286,439.6523783370255,453.4374084472656,16032885
2020-11-12,451.7793800100767,457.79552115287464,450.07402806746796,454.62164306640625,14785276
2020-11-13,451.92151890075314,452.8689399487863,445.28954210857484,450.7372131347656,8428163
2020-11-14,461.39572027287954,461.39572027287954,453.81632306616547,456.18487548828125,4014491
2020-11-17,465.0907573850261,468.92783656292096,455.9481021549052,459.0746154785156,19050384
2020-11-18,458.5061355817477,459.5009513218066,446.33172706879344,453.2479248046875,10504589
2020-11-19,450.9740641164187,456.13754412632636,442.447245309105,443.915771484375,11541941
2020-11-20,445.76326311649524,460.40095400000695,440.8840328219913,458.2692565917969,12090462
2020-11-23,461.1588847578943,461.1588847578943,450.1213887603573,452.1583557128906,10193531
2020-11-24,453.24791037667325,455.94807815439,446.4264726434249,449.31610107421875,9346208
2020-11-25,451.44779846314924,452.7741702277016,434.53625654166694,439.69970703125,14497115
2020-11-26,444.0579020836248,444.95795803308096,435.91006282995886,443.773681640625,11535113
2020-11-27,443.6789089127516,447.80020803822754,437.7101329004034,438.8944091796875,18491882
2020-12-01,443.15778546238494,457.1323038920401,436.2889833265333,454.24267578125,18534936
2020-12-02,455.71120456561675,462.2484216005506,449.12659291337127,459.4061584472656,20948620
2020-12-03,461.4905050547947,463.43274183491695,449.07924176855926,454.6690673828125,20094168
2020-12-04,461.25364690064265,471.62794301620295,457.9850383015937,467.7908935546875,31622330
2020-12-07,471.8174156934466,483.6602376021415,468.5961723759378,482.19171142578125,22541162
2020-12-08,486.9762057810291,489.10790309655204,473.38066688362545,477.12298583984375,19661141
2020-12-09,478.35467535658347,480.2495174885598,472.85960960909506,476.6019287109375,11826802
2020-12-10,475.1333941483557,482.00222621206774,468.1224666008092,478.5915222167969,13441906
2020-12-11,481.765364332694,481.765364332694,471.15421337861585,477.88092041015625,14019094
2020-12-14,480.34424781277994,485.08138259866723,474.8018169031814,476.6019287109375,14147649
2020-12-15,479.2546943461411,480.1547502360121,471.9121811990005,477.69146728515625,13320211
2020-12-16,477.69146486180244,491.52385926930543,475.7018629907158,489.060546875,17707777
2020-12-17,489.818515068737,495.02936067634363,485.0814094763202,488.0184326171875,20023766
2020-12-18,486.8814547988269,487.8288757877428,478.49673191741095,483.80230712890625,11000487
2020-12-21,480.81793427992716,484.3233979398175,454.90589283663724,465.0906982421875,15539470
2020-12-22,468.02771457959625,478.44937509519167,460.02197173664,473.9964904785156,21632475
2020-12-23,473.996505003706,482.712784411887,472.196393255862,480.5337219238281,13326963
2020-12-24,492.66076485566754,495.50302796290043,483.61284094360724,490.10272216796875,21241048
2020-12-28,492.7555041626556,499.2927212108809,489.43953047708106,494.1766357421875,13124256
2020-12-29,495.50302133885754,497.3504982250504,488.0183834741563,492.8976135253906,11457626
2020-12-30,495.8820466090118,495.8820466090118,486.3130462765253,489.0132141113281,10691466
2020-12-31,489.9132397272609,491.192246363129,479.681039360585,482.90228271484375,15816475
2021-01-01,485.3182325372779,489.2500417003434,481.48115369739264,488.0657653808594,10377082
2021-01-04,489.81844823532475,493.13445115351175,484.70236311120095,489.9132080078125,13489114
2021-01-05,486.9761962890625,489.7237290023386,484.2286635757864,486.9761962890625,10689423
2021-01-06,487.9236390409816,503.7930005884534,486.12352725814935,497.68212890625,30837593
2021-01-07,504.02989334643127,525.2995611256854,499.38745941905285,516.583251953125,39444841
2021-01-08,520.4202848730529,520.8466302313046,509.05117350615825,511.84613037109375,14538362
2021-01-11,513.030391564107,525.2048288273674,513.030391564107,518.3833618164062,19892197
2021-01-12,520.1361593270988,539.0846413805072,516.3464157868981,536.0054931640625,25857074
2021-01-13,557.0856514969854,570.0653555129238,537.1897501000664,547.8482666015625,85239439
2021-01-14,552.0642813233684,554.0538537356717,540.0793638646998,550.02734375,16974338
2021-01-15,577.5026717605421,578.5448821457502,562.5807593253976,570.9654541015625,57451072
2021-01-18,570.9653652674904,571.2969802890028,553.2959224886246,556.0908203125,21359539
2021-01-19,560.0227271700049,566.0388695249787,555.6646013879043,561.15966796875,11034273
2021-01-20,561.1595404046292,570.8232698936204,558.0330275586844,564.80712890625,13333007
2021-01-21,568.6916078422114,572.2918315945343,544.2006957702876,550.7852783203125,17380638
2021-01-22,553.2011630632179,554.7644490260777,542.6373771712147,546.5218505859375,12662954
2021-01-25,548.5587806128111,556.9435333327002,539.6056459679079,550.216796875,12503932
2021-01-27,549.5062262248904,551.1642425612439,532.7842030213201,540.7899169921875,15567653
2021-01-28,536.7159795274688,545.5743832213226,533.163121453763,540.8846435546875,15201598
2021-01-29,548.0850554231005,548.0850554231005,521.6519386398337,524.4942016601562,25521965
2021-02-01,529.610294039554,550.5484046137518,520.3255444828796,548.700927734375,14212955
2021-02-02,554.1486282268736,573.8077048472064,548.7957165690422,567.8389282226562,21711996
2021-02-03,577.3605532549526,589.7718168440043,567.9336484692435,576.8394775390625,30641248
2021-02-04,582.5713379792184,590.2454956364385,564.3334532568098,569.023193359375,51976676
2021-02-05,572.0548932246886,574.0445244818288,545.9533912915311,550.5484008789062,35465208
2021-02-08,558.0330493558663,571.912808702834,553.9591153564908,565.8966674804688,21646080
2021-02-09,567.4125347415173,575.7972875337388,563.7175809019217,567.4598999023438,20927436
2021-02-10,573.1445327863684,575.7973354849188,549.7431368828137,559.1699829101562,31642664
2021-02-11,560.8753473062885,571.8181139186394,558.0330840357312,566.6546630859375,19253595
2021-02-12,566.4178056449708,566.4178056449708,553.8644461392962,555.4276733398438,15905053
2021-02-15,560.9700411388682,571.2970010443435,558.9804687612892,562.4859619140625,17972742
2021-02-16,563.7175644924936,569.9705903060456,561.8227224670268,562.7227783203125,15064854
2021-02-17,565.5651064882848,567.3178532372525,559.0278889652287,562.6281127929688,16436661
2021-02-18,565.61244782847,566.5598689103999,554.432855496939,558.0804443359375,22193564
2021-02-19,558.980512090859,564.6650387028031,545.2428472000983,550.7852783203125,19465126
2021-02-22,551.4011443178206,554.1486183892738,538.1371899529686,540.3162231445312,20227667
2021-02-23,544.769113935618,546.6639560605963,534.3474233363445,535.8159790039062,23764401
2021-02-24,538.2319550086388,543.9164819981102,535.4844218480144,542.8269653320312,8888950
2021-02-25,549.4114640431175,553.7222827029236,546.7112964637374,548.700927734375,16230241
2021-02-26,544.2954689241454,555.143506198565,522.7415487901168,527.0523681640625,198547005
2021-03-01,528.6628746932518,529.7050260357141,493.6081790339295,504.2193298339844,55091122
2021-03-02,512.0829857083849,515.3989595323388,501.04548874175447,512.7462158203125,30622757
2021-03-03,519.8991902793277,521.7940322862268,511.6092270431998,517.5780029296875,24669015
2021-03-04,511.60926585704067,517.2937923090011,509.7144237063872,511.23028564453125,17678275
2021-03-05,506.87220368740606,510.1881777337112,496.8294923033629,504.787841796875,16658703
2021-03-08,503.08248203138635,507.2985117568242,497.1610707857644,498.0611267089844,15293359
2021-03-09,502.22976787385295,504.0298796364309,487.26043293028135,494.3187255859375,20181762
2021-03-10,492.8502455034668,502.60867609332337,489.2026569122273,498.20318603515625,19013738
2021-03-12,502.65612342112536,504.740426191473,494.12927495653116,496.6399230957031,11624491
2021-03-15,500.05070221083713,500.05070221083713,489.2500605232844,495.3609619140625,10875944
2021-03-16,496.4504769385903,505.6878620129176,496.4504769385903,501.4718322753906,13252045
2021-03-17,500.9980905375609,503.08245215086265,491.7133408780598,495.4082946777344,8482758
2021-03-18,501.9929175473963,504.21937482268606,488.25528203827605,499.4822692871094,12465338
2021-03-19,500.24016943943013,506.6352913506847,497.8716166782054,502.087646484375,49597558
2021-03-22,505.0246721660667,505.9247280586308,495.50303755187167,500.2401428222656,13581706
2021-03-23,501.8508143770094,504.4561929257686,494.69773210701845,501.4244689941406,15239339
2021-03-24,500.2401654117137,505.40367519269444,494.08192828211276,496.1188659667969,10801499
2021-03-25,495.88201982271625,496.1188456312768,473.2859215473503,481.0548095703125,17572322
2021-03-26,485.1760772743677,497.30311904868006,483.75494577980373,495.029296875,11148490
2021-03-30,500.05065453765957,500.1453848554531,489.1078889471694,494.0818786621094,10691124
2021-03-31,494.887221963234,498.2505607489372,489.1079065156807,490.10272216796875,7712521
2021-04-01,492.61340607691534,496.35575478749723,487.49732032932087,493.4187316894531,7111516
2021-04-05,493.41875834065917,501.1876177097609,487.5447118272939,500.4770812988281,9376649
2021-04-06,500.71383670329595,509.57229984989715,496.97151777290725,504.2193298339844,13115141
2021-04-07,508.7669969548113,518.1464772782791,507.1089806355409,513.1251220703125,21391503
2021-04-08,518.0517617999407,519.7097781667246,512.0829853561709,514.4515380859375,11367448
2021-04-09,511.1355513562881,520.8466467590391,508.2932881523454,516.583251953125,11641539
2021-04-12,509.28810062201,510.51977163860045,491.239675326381,494.98199462890625,9869735
2021-04-13,498.7242251857802,511.6091972108725,495.59771249195046,507.96160888671875,6657701
2021-04-15,511.6092752750116,517.4359562338573,502.3718901645824,510.99346923828125,9989813
2021-04-16,511.65659416665534,515.541067425224,509.71438699331577,512.31982421875,6273393
2021-04-19,504.2667333946599,506.8721708611145,495.73994354209117,498.77166748046875,7368743
2021-04-20,501.1875832697574,508.76701090756546,498.25058967084493,502.32452392578125,7369109
2021-04-22,502.1350125209811,505.3562560642235,498.39269326055336,502.9403381347656,6675147
2021-04-23,501.1875604420113,504.4561689473746,491.8080802885247,495.1240539550781,7123670
2021-04-26,495.266226408766,500.71386817507346,495.266226408766,499.8138122558594,5929161
2021-04-27,499.7190412642252,510.235461549599,498.5821596229418,506.2088928222656,9875033
2021-04-28,507.77224346474645,519.1887210518012,507.4406283971341,515.6832275390625,12195400
2021-04-29,520.7993063399615,521.0835562386178,510.7565954127208,512.4146118164062,8846896
2021-04-30,505.45100146012504,518.2411852835082,505.45100146012504,508.53009033203125,8331737
2021-05-03,502.1350265459247,532.9263311791647,501.2349705787666,529.46826171875,14556346
2021-05-04,536.1949086642288,536.1949086642288,517.9570234708485,523.4047241210938,14196229
2021-05-05,527.6207476159823,535.2474813073322,524.8732147417572,530.5103759765625,12095639
2021-05-06,530.5103557924668,534.7263852676357,523.546793547607,529.3734741210938,9169742
2021-05-07,531.6946430003162,542.7795040132763,527.6207091481201,538.61083984375,12894499
2021-05-10,541.9268613083851,546.6639667131402,539.1793283912483,542.4479370117188,8365615
2021-05-11,535.7686413119375,544.6270463739676,534.3948748097031,538.5161743164062,8033470
2021-05-12,538.1372321311986,539.2267488123744,528.8524810216488,532.2158203125,6815070
2021-05-14,534.347471930883,539.4161927497266,526.9101982404161,530.936767578125,7697716
2021-05-17,534.3000362933622,534.3000362933622,517.1043034750714,520.7518920898438,13677009
2021-05-18,518.714911138008,523.8310555129551,506.44580262371557,508.15118408203125,34968901
2021-05-19,509.61967645499504,512.1303245476555,498.53481489470266,500.4296569824219,19583966
2021-05-20,503.0824341896201,503.0824341896201,492.6607443189724,493.27655029296875,14036583
2021-05-21,495.7400059493979,505.2615832588879,494.55569997594915,503.0351257324219,10492773
2021-05-24,503.08244458037075,504.97728661200875,498.34528058938565,499.1032409667969,6386039
2021-05-25,502.04028728112826,502.8929780676724,496.92420147375975,498.4400634765625,9412913
2021-05-26,501.18757905328505,502.89296056702614,497.3978947222108,498.1084899902344,6908901
2021-05-27,498.43999880493743,499.2926894808466,491.42907167574566,492.47125244140625,22783169
2021-05-28,494.7924360874679,500.71384705699404,493.03971894182644,496.07147216796875,10248988
2021-05-31,497.8715764286526,507.81955613346514,497.4925962351155,506.77740478515625,12803471
2021-06-01,509.19335682994,510.0934127582868,502.41925478563996,504.8825378417969,8435896
2021-06-02,502.0402350720757,506.4931492001103,500.2401233569932,501.6612548828125,10567595
2021-06-03,502.1349434515326,505.3561865516879,500.71381198780705,504.07720947265625,6290021
2021-06-04,505.87735996590123,507.63004766746667,503.2719226263351,504.69305419921875,4878809
2021-06-07,505.9246928149691,512.5566397315268,504.9772718268894,508.2458801269531,9674473
2021-06-08,509.80915902921856,519.1886984611738,505.92474436467865,518.0517578125,12822963
2021-06-09,520.9887952749315,522.5047162675148,507.2037643119848,511.60931396484375,12674395
2021-06-10,515.3042195910762,519.0465387280478,511.9408806664358,516.488525390625,7018193
2021-06-11,516.820102318254,520.8466715044215,511.6566513612536,512.4146118164062,7777365
2021-06-14,512.4146008774323,512.4146008774323,501.4718342352639,510.99346923828125,5714387
2021-06-15,512.556712554251,515.0674197676988,510.0934294176447,513.9778442382812,7264778
2021-06-16,515.2094615716107,515.2094615716107,506.7774026760392,508.53009033203125,10045600
2021-06-17,511.13549210071164,512.7935082334122,499.3400363687055,500.85595703125,10214732
2021-06-18,503.4614248373553,513.4094055807442,491.71339108254745,510.42498779296875,15000348
2021-06-21,506.872160480407,513.4093776825403,504.9773183297535,511.23028564453125,5742834
2021-06-22,519.236043816304,520.1360997035415,507.3458566372781,508.19854736328125,9114558
2021-06-23,509.71445683311805,510.85133863263945,504.69310124278707,505.9721374511719,4767421
2021-06-24,506.87212487208154,507.2984702172167,499.6716780759226,500.9507141113281,6419922
2021-06-25,503.3666344927637,507.7248182859936,501.5191576245639,506.96685791015625,5504204
2021-06-28,508.766946296715,508.766946296715,502.56128591975596,503.2718811035156,5265796
2021-06-29,503.3192703488309,504.2666913645943,496.4504385286014,497.3504943847656,8713975
2021-06-30,499.2927079361406,502.51395121314795,496.7820598859527,498.013671875,5760552
2021-07-01,501.1875585392307,503.082459539102,494.55561123130235,495.1714172363281,6575188
2021-07-02,497.9663290434035,504.9773156579999,492.6607828320233,497.39788818359375,13309063
2021-07-05,500.240156169663,500.71386670934197,495.7873006614387,496.4031066894531,6373586
2021-07-06,495.97678035802096,499.9559843912615,493.7029578978687,498.4400634765625,10494366
2021-07-07,495.6925074445622,502.7034940697988,495.6925074445622,501.7560729980469,6669192
2021-07-08,502.134984289984,504.78778680277816,496.0241126077806,497.68212890625,5400962
2021-07-09,497.87156078105346,509.2406716703924,495.5030082857514,508.0563659667969,7303645
2021-07-12,510.61447577831683,510.61447577831683,500.8560152110966,501.8034362792969,8932790
2021-07-13,505.4984079369015,507.3458849758045,500.42968737088836,502.18243408203125,8138019
2021-07-14,501.18758890486436,503.461411330583,498.961190554921,502.18243408203125,6666859
2021-07-15,504.50359011775873,504.50359011775873,497.3978733898498,497.82421875,6886797
2021-07-16,499.2927418121838,514.8305184171074,498.2979555566548,512.6987915039062,11251138
2021-07-19,510.66185329681974,516.062188863367,501.47183336577376,510.1407775878906,9130551
2021-07-20,508.24593092299443,508.5774870636375,495.50305255667377,498.1084899902344,7646460
2021-07-22,503.1772150931076,519.188702233706,496.1188631583595,517.95703125,20220601
2021-07-23,518.9043985418841,531.1735652078161,504.74038988941095,519.4728393554688,33200836
2021-07-26,516.3463449293981,524.7310976043565,513.5988121685397,515.4462890625,5214592
2021-07-27,517.1043614820309,517.1043614820309,507.9617063395111,512.13037109375,5835018
2021-07-28,511.1355884557032,540.6952221812443,509.57236125364005,538.0424194335938,32532037
2021-07-29,543.9164305085326,546.3797724336318,535.2949105063661,537.3318481445312,15844335
2021-07-30,536.1474813352612,538.6108229800519,528.4733832815705,532.1209716796875,10125413
2021-08-02,536.2423984418257,539.9847180467559,530.5578123698131,535.4370727539062,6372299
2021-08-03,538.1371674168586,551.4011212262427,532.5473713562516,549.6957397460938,21680353
2021-08-04,544.7691244598465,556.0435060155452,540.3162100329872,544.20068359375,21816567
2021-08-05,547.1376628496702,586.4558134097305,547.1376628496702,567.2230834960938,72423461
2021-08-06,563.2438792553801,584.5136056604532,557.5593529239505,575.9393920898438,29055626
2021-08-09,577.9289461000834,580.4870182148153,566.1335484471949,567.744140625,10078649
2021-08-10,570.5390684230517,594.9826146259046,566.9388447745902,589.487548828125,34514358
2021-08-11,589.4875343098709,596.1669057424174,581.4344553736056,588.2085571289062,18731287
2021-08-12,590.2454777621377,595.8826387467972,584.5609516174618,590.3875732421875,8430316
2021-08-13,590.3876001997178,605.2147811424242,585.6031297006755,603.5568237304688,21079044
2021-08-16,605.1674553509608,610.1414457342092,598.7723332741981,600.714599609375,10506327
2021-08-17,600.7146117820889,604.4569312086994,590.2455550736845,593.41943359375,11311229
2021-08-18,592.9930180650966,600.6671755876376,588.2085477235955,590.1981201171875,7136872
2021-08-20,586.9295138372331,599.7197567851422,575.0866919290291,581.4344482421875,12770173
2021-08-23,585.8872498538119,597.3510905128272,575.6550799982583,589.913818359375,12790616
2021-08-24,594.9352590695719,594.9352590695719,584.6083574066655,587.4979858398438,5885050
2021-08-25,589.6296607276396,589.6296607276396,578.8763557198876,580.2501220703125,8127668
2021-08-26,577.9289926365319,579.3501242885195,553.5801760734447,556.0435180664062,26316897
2021-08-27,557.8435998682812,573.5708364319478,554.290741473897,563.8597412109375,16444274
2021-08-30,564.6650795447702,592.1404113135698,559.0752828563384,587.8296508789062,40506274
2021-08-31,593.1350911898029,632.9743151038333,592.1403050305036,629.13720703125,60781970
2021-09-01,632.8796293330511,637.9009845537123,619.6156754810343,631.3637084960938,30796359
2021-09-02,634.7271046581309,638.3272693568292,629.1372496821692,631.45849609375,18951106
2021-09-03,632.8795886697243,634.3954504973922,619.6156356699336,623.8316650390625,7920313
2021-09-06,629.4688315404746,630.7478675839429,619.047200378316,620.18408203125,10223448
2021-09-07,623.3579200433303,644.7223155734473,613.931016749403,635.2954711914062,28185127
2021-09-08,642.3538530583047,647.8489189242109,630.0373200231464,632.7374877929688,20876941
2021-09-09,632.7374899996408,652.0175857606828,631.9795884750104,650.0753784179688,19784500
2021-09-13,655.6177553897422,660.354860447562,649.791074930301,656.8494262695312,19704664
2021-09-14,658.4600499358877,662.9129642504721,652.8702539177755,657.7021484375,11694600
2021-09-15,660.3548299079007,696.3095793489097,659.5495633236357,687.3564453125,56796797
2021-09-16,696.3570505186334,698.2518925822944,677.7874922533515,680.8192749023438,45001991
2021-09-17,683.093144328236,696.1202138713616,683.093144328236,689.8671875,26649321
2021-09-20,686.8828143814344,695.1254131026108,682.4298999701616,686.83544921875,14330899
2021-09-21,684.8931845993769,701.8046670909863,684.0404939186104,688.4459838867188,14216876
2021-09-22,688.7776583335711,693.5621878080127,686.0301254193434,688.5408325195312,16348622
2021-09-23,694.841101539565,701.1888575423541,685.1773720599407,688.588134765625,26497345
2021-09-24,690.7198719831936,713.4107307707692,689.7250857313256,700.5257568359375,72175065
2021-09-27,705.5703026095307,706.439017381331,693.1673461626154,697.4142456054688,11282248
2021-09-28,699.1999302431772,701.5164048022093,662.1357481797294,671.9326782226562,21944239
2021-09-29,672.7530580452183,677.5791201545813,665.1761640982745,669.9539184570312,16729859
2021-09-30,671.594806214826,685.1077804200011,662.9078942257848,664.355712890625,13911568
2021-10-01,663.4387198154268,663.4387198154268,644.4240826580547,652.3870849609375,14952128
2021-10-04,651.5182964832322,662.3286859257751,646.4026831228516,657.6956787109375,8917898
2021-10-05,660.5914831294156,678.9787701557833,656.7306329858466,674.9248657226562,25598885
2021-10-06,681.1986752529021,683.3221543899477,664.2592088196398,667.347900390625,10406502
2021-10-07,671.5465473271449,677.7721792751863,667.2513402366735,668.4096069335938,8121590
2021-10-08,670.9674360348135,675.2143353274953,664.9348584214382,671.3052368164062,6297352
2021-10-11,668.9887446762158,671.8361332675845,661.1705471722217,666.8170166015625,8792050
2021-10-12,666.9617719911095,674.104367354323,660.398339418148,662.4735107421875,8579567
2021-10-13,665.0314316446086,672.5600775789604,659.3366541659117,665.900146484375,7062149
2021-10-14,668.8922911029911,669.8575036442653,658.1301477030249,661.9427490234375,9820591
2021-10-18,675.6487922553683,677.5309685304596,656.0067402167042,656.9236450195312,8574445
2021-10-19,674.6834530826833,674.6834530826833,651.9527133341637,657.4061279296875,7328862
2021-10-20,659.6261892741903,689.0651679896392,657.6957644403905,683.8047485351562,21217306
2021-10-21,686.2178098157673,687.5690719118365,665.2244388231148,671.8361206054688,8908979
2021-10-22,674.2008765421813,680.7643092272144,660.4465995332678,670.3400268554688,6587256
2021-10-25,668.8922157608305,679.5095525189389,651.5183919748349,667.0582885742188,9540441
2021-10-26,670.8226902441328,685.156072363008,665.0314152204423,671.98095703125,10953878
2021-10-27,675.0696623732302,689.7891533538267,669.8574911825552,677.9169921875,11878571
2021-10-28,678.3030723358851,681.4882617469725,660.5914468400048,665.7553100585938,8884507
2021-10-29,668.1201027736129,676.6139609720527,653.4971098668766,661.5083618164062,8602343
2021-11-01,665.9483974346205,697.6556055079164,665.6105377016883,687.7139282226562,17121001
2021-11-02,687.713894472059,697.9451232320783,684.8665058634448,689.1134643554688,7725455
2021-11-03,700.502965762166,707.0181500803122,671.7878941377437,674.780029296875,23261507
2021-11-04,679.509527700525,680.2816858359886,674.8765199758539,676.7103881835938,1064714
2021-11-08,682.8395038958433,690.0303478447986,679.509509432299,684.3355712890625,7565546
2021-11-09,686.9417077021886,691.5264668080184,680.6195779807385,688.3895263671875,5278131
2021-11-10,692.5399635241397,712.3268196248295,682.7430331583084,709.8655395507812,15180490
2021-11-11,709.4311059996237,712.9058470356825,699.055072816636,703.2537231445312,7421118
2021-11-12,707.5007065629991,719.0832556472501,700.0203102794204,717.6354370117188,9207508
2021-11-15,714.2572384237396,720.0485133298781,710.5894427655643,711.8924560546875,5454742
2021-11-16,715.5602393051317,716.2358998148444,701.7577128005483,704.8946533203125,4639931
2021-11-17,699.3446153606658,706.8732601122965,691.3333644209577,695.0011596679688,8002927
2021-11-18,695.5320897204606,698.2829806363773,683.3704360337699,689.49951171875,4469597
2021-11-22,714.257196120003,729.6523461160489,707.597206807641,716.2841186523438,36884348
2021-11-23,719.083279166544,734.5266784506578,710.1068151150315,732.499755859375,18240414
2021-11-24,737.4223158164291,754.6030857376269,729.9419192881865,732.499755859375,21653712
2021-11-25,732.6444566410333,741.7657255561446,726.6118791722944,738.5322875976562,8483653
2021-11-26,736.4570598363473,736.4570598363473,707.5971855650295,713.0506591796875,11142921
2021-11-29,725.8397831842299,728.7354206171457,701.8059689262709,713.6298217773438,15885643
2021-11-30,714.25720068175,724.1023792843362,697.5107885278196,702.9159545898438,14272616
2021-12-01,707.5007287035685,711.7476870654548,693.2638450086467,697.1246948242188,10488561
2021-12-02,698.717353458471,710.1068491947351,689.3065315680668,707.06640625,11507427
2021-12-03,704.6050383340049,709.0932994717098,691.3816169280987,693.3602905273438,11024093
2021-12-06,693.0225728594079,696.786925162539,669.7126674916487,673.3322143554688,8804487
2021-12-07,677.9169398599123,681.1504369105755,669.9539371571949,674.5386962890625,10238693
2021-12-08,680.4747982805864,693.9877729982151,677.8687128026648,690.271728515625,8296393
2021-12-09,691.8642963685991,698.7655891901643,686.2660757468547,689.1134643554688,9069515
2021-12-10,686.2659923571653,693.8911936147778,682.4051428924274,685.9764404296875,4251339
2021-12-13,690.1269211838269,693.4086671709972,674.0561098740192,678.640869140625,9896899
2021-12-14,676.613852103939,681.7294657368984,664.452200152988,667.5408325195312,9275631
2021-12-15,667.6856848007282,670.7261274578186,660.3017862974457,661.6048583984375,7674319
2021-12-16,665.8999831851709,665.8999831851709,654.0278248753033,657.6956787109375,9633006
2021-12-17,657.3096367003792,661.8461467096172,638.1018866006199,642.8796997070312,13850460
2021-12-20,636.2197889598024,638.1502137960158,622.6585073558904,635.35107421875,11812939
2021-12-21,640.8527450043892,647.5609825505935,636.2679863888239,643.796630859375,8084499
2021-12-22,643.7967383561233,662.1357758805107,643.7967383561233,660.9292602539062,8522226
2021-12-23,665.0313668997468,665.0313668997468,652.0009990432205,655.137939453125,5602466
2021-12-24,658.371381349085,659.095290678634,649.250170926281,653.4970703125,3756020
2021-12-27,651.4702123597546,654.7518996320143,645.3893851708956,652.2423706054688,3658572
2021-12-28,656.1996459272411,659.7226948558954,651.566638052987,656.3927001953125,3892590
2021-12-29,656.2961487081748,659.7226407659131,651.5183357966222,653.303955078125,3847574
2021-12-30,653.9313607152259,661.942611359323,650.7461717738241,655.7169799804688,5701612
2021-12-31,656.8270787322289,669.9539446175205,656.3444725024477,660.0122680664062,4598628
2022-01-03,663.8731599859865,668.5061683031827,659.3366493561058,667.2514038085938,2939833
2022-01-04,668.1683224131643,678.7856594251467,666.3827029349973,673.1874389648438,6473875
2022-01-05,676.5174574811224,678.3030770220075,667.6857396371024,675.6487426757812,4586105
2022-01-06,677.5792028210889,695.4356348042656,675.6487777418265,685.68701171875,21642414
2022-01-07,689.0651464037434,690.2716618870726,677.0482404074065,680.1851806640625,4315015
2022-01-10,680.8608710473454,686.6038378709388,679.1717492964317,680.426513671875,3565324
2022-01-11,678.54434135263,684.8664710152868,670.4365333392785,678.9786987304688,10642484
2022-01-12,683.3222384755725,707.2112491552201,679.7026914028986,704.7982177734375,12366953
2022-01-13,703.6398851491487,710.0585715894093,700.8890531958333,706.3424682617188,5829874
2022-01-14,704.5568767215515,705.4738403796649,693.4569329626632,695.5321044921875,5344096
2022-01-17,694.9529201628967,709.1898029023449,694.5185628054171,703.2537231445312,4340924
2022-01-18,701.70947315897,705.2807711183615,687.7621410366363,689.49951171875,4312058
2022-01-19,689.1615846103633,690.1267969137392,677.2894850612171,679.2199096679688,5879490
2022-01-20,681.4399800223767,694.6151533425236,680.7160706951576,690.5130004882812,4812496
2022-01-21,684.9147401218661,689.1616985234627,665.3691877477763,671.06396484375,6704622
2022-01-24,666.2861961483509,682.4052571447579,653.7866821311417,665.900146484375,11091633
2022-01-25,660.2052839118747,695.3872877974513,658.4196645303779,687.08642578125,14128764
2022-01-27,681.9226360300818,691.0921548443575,677.0965734962525,682.6465454101562,8937312
2022-01-28,690.0303920088811,727.7701745794794,677.2413272699181,690.8990478515625,21450677
2022-01-31,702.6746180030196,709.4311047145871,694.5185615473926,703.9293823242188,10745370
2022-02-01,707.5007262512629,709.4311511523578,693.3120914458373,697.8968505859375,4814511
2022-02-02,700.8406706677532,706.2941440636796,695.4355050193114,699.8272094726562,3286577
2022-02-03,700.7443052885969,703.6399429137564,693.5052112256982,696.545654296875,3651578
2022-02-04,696.014590812474,698.0898208963117,691.5746376387243,695.1459350585938,3284198
2022-02-07,693.0225507840145,695.0494733984303,675.166120157964,681.922607421875,6833983
2022-02-08,686.4590513823025,689.8372946874202,676.6138733964389,684.2390747070312,7167684
2022-02-09,682.501708854597,700.8407456470843,677.7239542934375,694.3255615234375,10185173
2022-02-10,697.8002894773804,701.6611389286288,683.9494567238945,698.8619995117188,6074014
2022-02-11,696.5938584761366,700.1651564338888,686.1695754763448,690.271728515625,5646980
2022-02-14,679.5095573513203,679.5095573513203,661.17052100235,665.70703125,7441445
2022-02-15,671.7878935858402,688.2930036134928,662.71487260771,686.7969360351562,4650249
2022-02-16,692.4434690120708,702.8677521987897,683.3704479742086,696.6903686523438,5433910
2022-02-17,699.2481563944978,702.1920425223507,690.1268871525508,692.0573120117188,5107708
2022-02-18,687.2795397524768,694.5186334067307,686.6038792290342,687.7621459960938,4099366
2022-02-21,683.4186363295555,691.6229418290986,678.5443254327934,685.2525634765625,4307430
2022-02-22,670.05055419878,678.0618064643061,663.5836184259223,674.9248657226562,9148804
2022-02-23,675.7451694836142,684.2873344671967,675.1660656153902,679.8956298828125,4124469
2022-02-24,658.274869437172,664.5969989961626,622.9963673222941,647.56103515625,14139461
2022-02-25,653.9314006612873,670.9674230772191,653.9314006612873,664.6935424804688,6452099
2022-02-28,657.3096181448584,665.9965293978742,643.2657900681937,662.6182861328125,8301523
2022-03-02,660.2052541017798,660.2052541017798,642.8314316254172,650.79443359375,10220908
2022-03-03,651.5184090408139,656.1514170560589,645.341025745892,648.6710205078125,6517030
2022-03-04,641.8662388012349,644.7136271316783,627.3880529636131,630.9593505859375,7094874
2022-03-07,617.7359952155091,655.7170832315795,616.7707827229848,651.904541015625,12615451
2022-03-08,651.518412599801,662.9561567229067,644.3758168080235,659.2401123046875,8462985
2022-03-09,658.2748788652951,673.718277782956,650.8427313537925,667.4443969726562,9896395
2022-03-10,675.6004076995695,682.8877492841108,666.5756367258555,673.4769287109375,5989327
2022-03-11,672.4635348492503,677.9652576715043,667.4444182585643,670.6778564453125,3353880
2022-03-14,664.2110580478794,680.3300609450511,664.2110580478794,676.034912109375,4016137
2022-03-15,674.683521548944,684.8182525593359,671.3052778788134,678.640869140625,6006439
2022-03-16,685.3008373131913,690.6095057712513,680.4747750785914,687.2312622070312,3843706
2022-03-17,694.952935639785,702.626386086519,690.126873586731,697.7520751953125,8168953
2022-03-21,696.8833967399712,699.1516224582317,682.2121555525405,683.5634765625,6317305
2022-03-22,683.8529708273592,695.9181255702555,681.2951344571098,694.22900390625,3000133
2022-03-23,694.2290396255345,694.808143518234,678.5443376527643,680.426513671875,7974713
2022-03-24,673.7182708338266,684.1908020520889,673.5734654057105,681.7777709960938,3597143
2022-03-25,687.5208505656353,689.5960810011618,681.2952181709514,684.6734619140625,2930336
2022-03-28,690.3682405155712,711.3616123872436,685.3973725766008,707.5490112304688,7960258
2022-03-29,714.6433047539068,736.4570820466257,711.3615589362557,728.6871337890625,15833573
2022-03-30,736.2157611299787,743.1170533831375,718.6971324331229,723.4266967773438,9938988
2022-03-31,726.8049577734065,732.5962323373379,713.9676442724032,728.6871337890625,7371181
2022-04-01,733.3684118706475,739.9801525376349,723.1854322479993,732.1136474609375,5920139
2022-04-04,731.4862124826328,748.0396291307339,729.8936473290375,741.090087890625,5783224
2022-04-05,741.0900904264321,746.8813649943571,734.5266576984952,739.9318237304688,3990794
2022-04-06,737.4223047233096,753.5413642660012,736.4570922825723,748.6670532226562,7490027
2022-04-07,748.0395819059909,750.7904135779224,733.127039103681,735.8779296875,5818505
2022-04-08,741.6210182079245,741.6210182079245,731.2449835895131,735.5884399414062,5583587
2022-04-11,730.6657380487477,738.58049098304,729.7005257131483,731.67919921875,4927865
2022-04-12,733.5131674319379,733.5131674319379,714.3536661467245,715.8497924804688,3904026
2022-04-13,716.1875956854701,730.1831753855231,712.2784972757643,714.8845825195312,6343030
2022-04-18,711.0237902906495,714.4020339389772,698.2347250505516,704.1224975585938,8950327
2022-04-19,713.2920314153474,713.2920314153474,691.9125511579642,698.3312377929688,9957060
2022-04-20,704.6533575176836,718.6006896019403,698.7655849688459,713.6298217773438,6632292
2022-04-21,718.0215339880592,718.0215339880592,704.6050579500085,710.155029296875,6111830
2022-04-22,705.5702630935385,715.1258894006007,703.6398382971129,713.0506591796875,5182247
2022-04-25,704.5568598346775,717.1528708854825,703.7847016349455,713.6298217773438,3571031
2022-04-26,719.0832842999547,732.4997610885636,713.3885072085266,729.9901733398438,4987848
2022-04-27,723.9094173393377,735.0576105839835,720.4346757008685,726.3224487304688,4571399
2022-04-28,724.8744891414015,728.0596781768223,718.6971064148555,721.3514404296875,6101866
2022-04-29,725.8397538903924,734.5266658385488,709.9619974916617,713.2919921875,7219115
2022-05-02,708.4659536032354,717.1046169997137,704.9429045198787,715.5602416992188,3938533
2022-05-04,711.3615478697599,713.6297734739236,692.0572996236334,697.2694702148438,6785271
2022-05-05,700.7442502625586,707.5972352058784,689.4030037879235,693.9395141601562,4836692
2022-05-06,686.5074489100724,698.717411636467,683.1292048732565,685.542236328125,5912312
2022-05-09,681.5364864390037,695.4355692645654,679.9439212458387,686.7486572265625,4819274
2022-05-10,686.2660619607954,703.1572800821932,685.4456549310848,694.6151733398438,6746893
2022-05-11,694.6152244391194,709.4312132879244,691.9608899676339,697.703857421875,6919703
2022-05-12,690.3682201572793,697.6555625338483,676.8552455579057,680.8609008789062,6754953
2022-05-13,688.1965323114745,688.1965323114745,660.9292784015176,665.900146484375,11938252
2022-05-16,661.990919428391,673.7182739800495,656.0066495110898,669.0852661132812,5412233
2022-05-17,670.8226322903909,685.3008185988165,666.8169771803033,682.4534301757812,4847812
2022-05-18,695.9181843113482,701.8542645106614,665.224439836999,671.9326782226562,18992703
2022-05-19,661.1704664615777,668.892165339961,644.6170509262885,650.79443359375,7322668
2022-05-20,664.5487083421099,667.4443454154961,659.2400403742354,663.9696044921875,5577407
2022-05-23,658.0818072958322,669.7609127674109,655.9583282181006,661.9909057617188,3788601
2022-05-24,665.2726408072119,665.2726408072119,652.3387711970205,654.6070556640625,4053608
2022-05-25,657.5510384534781,665.9001504330961,655.910165364132,664.25927734375,4188088
2022-05-26,665.9965435263845,671.3052116269571,652.3870725060355,669.5195922851562,5780597
2022-05-27,672.8013329262284,675.6487214633454,652.4836224417451,660.5914306640625,7131633
2022-05-30,663.5353096480034,679.2682607795963,659.2401024688658,674.7317504882812,4675033
2022-05-31,673.2357113711842,682.0191214601576,668.506146608263,675.841796875,44593174
2022-06-01,677.1447939515957,681.6330554846562,667.2031173310667,670.48486328125,3749781
2022-06-02,664.9348879556841,672.7048364844492,659.2883597116298,671.7396240234375,3466993
2022-06-03,672.8012647636924,676.4208111191157,661.4117706810048,662.6182861328125,6673615
2022-06-06,658.4679241816706,665.8035150030688,652.9662016096765,659.1918334960938,6407024
2022-06-07,654.5587889098244,663.3421978668422,649.8774735922966,661.4600219726562,8349903
2022-06-08,658.7575563558413,663.8731710184228,637.474631702109,640.2254638671875,13904149
2022-06-09,637.0401517220245,655.7652948980023,632.3105876369093,652.8213500976562,6774925
2022-06-10,644.7619787446998,652.9180365156914,644.7619787446998,649.9258422851562,3221484
2022-06-13,637.1366916872777,649.9257561882464,635.1097691801823,647.9470825195312,5982102
2022-06-14,645.8236074798876,665.4174667603588,645.8236074798876,658.3231201171875,8878530
2022-06-15,658.226591381405,661.1704773448695,650.0705350244812,658.371337890625,6005970
2022-06-16,659.3366219442369,660.1088390582455,627.3881124005951,631.4420166015625,9525587
2022-06-17,633.1793837066247,638.7293554388093,615.805559153699,621.259033203125,11085830
2022-06-20,622.5138353066935,624.926866640612,612.1378005708436,618.604736328125,3883001
2022-06-21,619.7628492611294,635.2545551803235,618.2185330088448,631.5384521484375,3515991
2022-06-22,626.0367881412321,627.7259099736181,619.1355542874778,620.48681640625,4348884
2022-06-23,625.6024780340755,641.4801758340067,625.2163694862313,637.2332763671875,4336533
2022-06-24,639.0671175974996,652.194041813093,639.0671175974996,647.8505859375,5621332
2022-06-27,651.5184407911698,663.1009908496795,647.850645055021,660.1571044921875,5284297
2022-06-28,659.2400871974296,661.0740143722521,652.7731521585026,657.4544677734375,3216376
2022-06-29,653.4488252861966,665.1278723063184,651.518400396134,663.8731079101562,5011798
2022-06-30,665.8035100516688,667.5408806109858,655.3792277838762,661.1222534179688,6505666
2022-07-01,661.0257254946108,661.9426891082027,642.8314943031892,650.0223388671875,4488771
2022-07-04,647.1749600572848,661.6531470831749,642.8797527905587,658.1784057617188,4229588
2022-07-05,659.529630596824,665.3209050798844,656.3926902518328,660.6396484375,3494504
2022-07-06,660.6879946985301,670.774477692889,660.3984427140589,669.8092651367188,4697006
2022-07-07,667.9270759618436,672.2705323806706,661.6049456234861,662.907958984375,3485283
2022-07-08,664.0661755757885,672.3669792057284,662.7631623134713,670.9674682617188,2732170
2022-07-11,651.51843838332,657.3097133911717,636.0267895196957,637.5711059570312,18687521
2022-07-12,640.1770941042432,643.7001427628246,637.0401539522059,639.935791015625,7416645
2022-07-13,646.6923260929609,646.6923260929609,618.7011657098327,621.1141967773438,12030163
2022-07-14,627.3881139495362,629.5115931945136,606.8773486858013,619.32861328125,11379990
2022-07-15,626.3745954852418,634.6271496796871,620.8728730516483,629.1254272460938,5567877
2022-07-18,634.1445465885439,646.6923077843599,626.5676528158262,639.9840698242188,8982417
2022-07-19,651.5184388025754,653.4488638064348,640.0323864648531,649.4915161132812,7836419
2022-07-20,656.3445380522082,656.3445380522082,644.9550416742703,647.31982421875,4458819
2022-07-21,648.1402098652106,656.2962674753802,647.8506578903905,654.7518920898438,3550107
2022-07-22,656.0549630612451,658.1784423922688,651.7115067117455,655.2344970703125,2415220
2022-07-25,656.3444261247014,662.6665555057306,653.014431592132,654.8001098632812,2913348
2022-07-26,658.8540610622141,661.5083955666445,646.9337096707135,660.3018798828125,5016687
2022-07-27,660.1570354734954,660.1570354734954,646.4027587170096,651.421875,6237523
2022-07-28,655.1862173825144,655.7653802156542,641.0941387878623,643.6519165039062,7374170
2022-07-29,649.3948555027346,656.9718077764243,647.6574850599138,654.36572265625,7669970
2022-08-01,657.274324652026,676.5189283288264,656.4017486091443,673.2711181640625,8812526
2022-08-02,678.6518162002842,678.9426551439072,660.376715962102,665.8543701171875,6236599
2022-08-03,667.0177801924349,675.5978544222158,666.0482776049458,672.0107421875,5237250
2022-08-04,676.9067553537304,677.1975943110979,659.9404591469385,673.1256713867188,6352142
2022-08-05,676.7128382088306,688.3468698112746,675.1131351939966,682.1905517578125,5811092
2022-08-08,686.3593855300555,688.2014049873479,677.6823253238499,682.869140625,5918607
2022-08-10,692.1279017555156,696.1028385849025,684.4688078564641,693.4367065429688,12201239
2022-08-11,696.8784777609409,697.4602148424794,684.178016992899,688.1529541015625,7142902
2022-08-12,688.2014201640981,690.770625810294,685.099059078402,688.0560302734375,4540159
2022-08-16,693.194372230728,694.1638748492326,679.1365842624125,682.6267700195312,6679663
2022-08-17,685.4383381991763,702.5500827586528,680.8816641444332,700.9019165039062,8812954
2022-08-18,702.8893615441395,713.5538897882575,698.9144246862827,710.8392944335938,10354897
2022-08-19,707.9308040674225,715.1050877394601,703.8588813488378,709.9667358398438,13743828
2022-08-22,709.5304814232803,712.0027604873383,702.3077341145463,705.4100952148438,8118490
2022-08-23,702.8894532967674,719.952677045231,700.5141598612217,715.1051635742188,8229797
2022-08-24,700.8049170303566,731.1988584499926,696.1028531818422,716.2200317382812,14922081
2022-08-25,722.0855262762291,731.0534253464849,712.8267882600649,718.4014282226562,9849958
2022-08-26,718.8861388850705,718.8861388850705,705.7978544953895,708.5609130859375,5928897
2022-08-29,695.8120739693197,702.7925049866925,693.2913315380132,698.6235961914062,5878942
2022-08-30,699.9809242030022,707.8338721208225,690.0919851842216,704.4406127929688,8894800
2022-09-01,704.3436381487461,723.2489388285817,704.3436381487461,712.6328735351562,11869518
2022-09-02,702.8894458173895,718.3045621606768,697.7026301280982,712.58447265625,5693707
2022-09-05,712.5844253685315,719.3224804091459,710.8877957843207,717.8197631835938,3660135
2022-09-06,717.819768416265,741.6695093615302,717.819768416265,738.0338745117188,10166270
2022-09-07,732.4591539364881,738.6639937346312,665.2726411282197,730.13232421875,126794211
2022-09-08,735.8525034444268,752.3340483173587,733.9619614624886,746.3231201171875,10648073
2022-09-09,749.4255002053236,751.1705930282332,739.6335477401842,742.3966064453125,4627905
2022-09-12,743.6085387796016,747.8743741448371,741.1847821342966,745.6929931640625,2654087
2022-09-13,750.3949960277535,764.8406081220737,746.5169857123645,760.3323974609375,8335652
2022-09-14,752.334018418928,764.355874341511,752.0916427686642,759.4598388671875,6645392
2022-09-15,763.9680754481936,766.537281097308,758.1510596452887,761.156494140625,5485310
2022-09-16,763.9681265992714,763.9681265992714,752.7703822636892,755.872802734375,20211162
2022-09-19,749.9102746164864,762.029057334917,748.6499330485184,758.878173828125,5760313
2022-09-20,762.7077150544984,772.6451168061222,761.0595487828951,767.9915161132812,7936714
2022-09-21,767.9915127974243,772.693576765711,755.2425298625958,756.4059448242188,9966193
2022-09-22,767.07045451829,770.5606401431068,752.6733056750024,760.1869506835938,7721133
2022-09-23,763.9680475981654,763.9680475981654,745.2566592823497,747.8258056640625,9271829
2022-09-26,746.4684998410021,747.6319147351792,730.2293321364696,732.0228881835938,13144297
2022-09-27,735.7069960036296,741.6694604334732,734.1073522794878,737.4036254882812,5965026
2022-09-28,732.4592307686759,747.4865214065508,731.9744794577766,738.227783203125,5546932
2022-09-29,740.6514755489834,745.5474515298739,736.1432650789496,741.3301391601562,5413233
2022-09-30,742.5905029712595,784.3275766426499,738.2277414200952,775.505126953125,7469164
2022-10-03,778.8984370213025,790.6778584777533,773.7115624438268,778.8499145507812,12619046
2022-10-04,788.205592396108,791.8412270473816,782.8733282409067,784.0367431640625,5772140
2022-10-06,785.8302752951926,790.968626944238,762.6591999951606,764.5496826171875,6503205
2022-10-07,767.8460464131937,772.4996469809495,760.7686893858001,768.9124755859375,6025982
2022-10-10,761.0110800120254,770.5606569814813,755.9211913465936,768.1853637695312,3519416
2022-10-11,773.1783252447213,773.1783252447213,752.334019297685,756.5028686523438,3699862
2022-10-12,756.5028422779653,757.520808140024,745.7413874383611,751.897705078125,5984299
2022-10-13,751.3645036244038,755.2425139656912,744.2386832917853,745.4505615234375,2842056
2022-10-14,756.1636134467882,756.1636134467882,739.7789947811444,742.590576171875,3608210
2022-10-17,737.7914641457501,747.4864899558124,736.6765125080963,742.6389770507812,4566333
2022-10-18,746.3715591840784,761.6412252618128,745.2082033933408,759.2659912109375,4391263
2022-10-19,763.9195254295997,764.5981890309777,755.7272172690998,759.50830078125,5219180
2022-10-20,758.1510260202663,769.7850571100913,754.5638545994884,768.7186279296875,4756732
2022-10-21,765.9070159315953,778.3651000528855,765.6646402936423,773.1298217773438,4807736
2022-10-24,775.6020687273686,782.8733381216878,775.6020687273686,777.6380004882812,522406
2022-10-25,781.5645296221171,781.7583827993933,774.3417235563361,777.8319091796875,3184277
2022-10-27,781.9038382158224,797.1250407015173,779.6739940953365,792.1805419921875,8159181
2022-10-28,794.0226256363355,799.2579633210171,786.557443816972,791.9381713867188,3905093
2022-10-31,797.9005759312556,808.3711913383762,794.99206836407,806.6260986328125,5487233
2022-11-01,802.748198913179,815.7880214669889,796.0101436213687,810.0679321289062,10488759
2022-11-02,804.6871738065153,804.6871738065153,782.6309892232644,785.1516723632812,11729925
2022-11-03,785.0546921842049,799.257928253205,779.67396485054,793.6832885742188,5897840
2022-11-04,790.8232894644076,796.7372317058346,784.5215225101441,791.501953125,3768226
2022-11-07,792.0836255817054,798.9186070888798,784.3276047681758,797.6098022460938,7171570
2022-11-09,799.0640680999157,800.3244096662162,789.611417592047,794.0711059570312,3969171
2022-11-10,794.7982201525074,805.3658221687489,792.6168393011152,800.5667724609375,4425290
2022-11-11,805.4142628984649,811.376727394715,798.6762081781984,801.6817016601562,4325441
2022-11-14,793.0532053666973,805.4628280413531,792.08370267065,796.8342895507812,10406576
2022-11-15,797.5613296055412,813.1702976403783,797.5613296055412,809.7770385742188,6229710
2022-11-16,811.9584218320109,818.3086519829337,802.7966104912177,815.5455932617188,3445345
2022-11-17,816.127293626381,823.4955490421319,812.8310202228489,820.3446655273438,4545534
2022-11-18,824.0287580962269,825.8707775574455,805.7535983293432,811.7645263671875,7405949
2022-11-21,811.4736522377179,826.7917810306351,809.5346470949754,825.2406005859375,5527122
2022-11-22,827.373528534955,834.3054365036278,819.3266097518753,821.7503662109375,7601660
2022-11-23,825.8707798839393,825.8707798839393,815.9333780685696,817.5330810546875,4596816
2022-11-24,820.1992315332943,825.0467447220254,812.2008347718881,822.4775390625,3455310
2022-11-25,826.0162164616546,833.7722372735011,815.933365736757,821.0232543945312,2991065
2022-11-28,814.6245087632167,826.5493781635627,810.552586262827,811.8614501953125,3668846
2022-11-29,813.412660393911,819.0357634939478,809.5346500940592,810.3587036132812,2680296
2022-11-30,809.340782934673,826.0162399898749,807.2078653159127,822.8653564453125,6874390
2022-12-01,826.9856835657191,827.1795959124404,815.9333307137504,822.7198486328125,4506664
2022-12-02,825.4345036232254,825.9677181967162,813.5095747908919,822.7683715820312,3505272
2022-12-05,825.0467082736371,825.6283861610899,815.2062332657413,818.3571166992188,3311316
2022-12-06,819.1328003367022,819.2297269307463,804.396348443554,807.9349975585938,5567349
2022-12-07,812.0069080151135,815.933381793632,806.6261803057554,808.565185546875,3771882
2022-12-08,807.5956494086569,814.5760798217273,801.0999702857476,807.2078247070312,4822179
2022-12-09,804.9779966778608,811.0858512210834,798.8216788394028,809.437744140625,4615843
2022-12-12,807.2078499538409,811.4252218143943,800.2274784961888,803.135986328125,3149823
2022-12-13,796.9311333632568,814.3821800792405,796.9311333632568,812.4916381835938,3832999
2022-12-14,815.0123146791094,816.3211194077146,802.8935332152181,803.9114990234375,7491333
2022-12-15,803.7176430199222,805.6566481900547,799.2094323298675,801.1484375,2996482
2022-12-16,799.839645010184,807.3048268650276,794.8952054196182,797.6582641601562,4309644
2022-12-19,797.6097516989105,819.2781098040157,796.9310880859873,814.7699584960938,6397169
2022-12-20,814.1398056638297,814.1398056638297,796.931134570608,803.669189453125,2828863
2022-12-21,807.595721570514,807.6441848691122,787.575467828469,789.1751708984375,5079337
2022-12-22,794.0226919090819,799.5488689988763,784.8124164840071,791.6958618164062,3626834
2022-12-23,789.175096358783,793.0046433662797,780.4495731803689,783.98828125,2804496
2022-12-26,780.4981098967465,790.3385856320482,776.7170850013265,786.2666625976562,6023206
2022-12-27,790.1445959428399,794.4588942216933,780.4495702257499,789.95068359375,1782053
2022-12-28,788.2056297832735,789.0782058104647,777.0078863609536,779.2861938476562,2907741
2022-12-29,782.4370411715056,799.597248580519,736.918883449088,795.71923828125,6110313
2022-12-30,799.5488368038452,799.6457633980757,780.4011597174627,781.5160522460938,3113243
2023-01-02,781.6614747706849,791.3080375188825,781.0312744083493,788.6903686523438,1626846
2023-01-03,785.6363895206073,793.828698130152,783.8428334228406,792.665283203125,1717603
2023-01-04,793.9742039177569,795.4284578870157,781.6130451790569,787.042236328125,2970216
2023-01-05,799.8395927077241,799.8395927077241,779.2376638046463,782.4854736328125,5297349
2023-01-06,782.921803115399,787.47847711381,767.8460497065405,771.7240600585938,3199618
2023-01-09,778.2197560219211,796.4463932350345,776.6200530476913,794.4104614257812,4340729
2023-01-10,800.9060661050337,800.9060661050337,766.1978852101753,768.6701049804688,8392344
2023-01-11,751.3644472979695,755.8726576512522,728.7265872972611,742.20263671875,28389020
2023-01-12,741.6695372569259,745.8383868734246,730.5687199298997,733.8165893554688,12732671
2023-01-13,733.9134269439993,742.5904865609781,729.065914216496,740.9907836914062,12279288
2023-01-16,743.0268186770844,744.6749257633419,731.635163090786,735.9979248046875,5779293
2023-01-17,735.9979144054889,745.4505646520488,735.6100897002358,742.34814453125,6594428
2023-01-18,744.7718649400898,756.211983106179,742.6389475119656,752.8671875,5800899
2023-01-19,752.3340039821486,752.8187552733742,742.2996759232751,748.4559936523438,4169463
2023-01-20,752.1885239493029,752.1885239493029,735.1737661627194,741.13623046875,6289718
2023-01-23,744.481103735031,752.3340514791685,740.5545706892169,749.1347045898438,2685320
2023-01-24,749.4254844687506,753.8367093148988,737.7914536619912,751.9946899414062,5012125
2023-01-25,751.3160693904688,756.6967971123808,744.5780143271088,752.8187866210938,6560514
2023-01-27,751.3159876745976,755.1455344529768,742.4450159711201,750.8796997070312,6745926
2023-01-30,748.0682056778247,751.3160749927421,739.7305067288842,746.7109375,5420851
2023-01-31,751.3645355072404,755.2425460130842,744.9658418420958,746.807861328125,8537557
2023-02-01,752.2855989229762,760.7202838779879,733.525686996076,745.6444702148438,4472974
2023-02-02,741.7664082109526,757.1815230670906,741.7179449161832,754.0306396484375,2841909
2023-02-03,756.1150942490438,770.7060964061176,754.6608403628155,768.7186279296875,5493687
2023-02-06,765.616219647991,770.415269381531,755.0486175750946,765.179931640625,2407975
2023-02-07,769.6880881708937,771.5785707799788,759.1204868429206,761.9320678710938,4126502
2023-02-08,754.273006931597,757.1815146704078,741.6694733967503,751.46142578125,9951783
2023-02-09,746.5170362637904,751.4614760812342,738.082351421905,743.2692260742188,5913945
2023-02-10,745.499084783521,749.6194711025694,737.7915267754929,748.4075927734375,2954992
2023-02-13,747.486559083002,755.8242583812254,743.3177094338903,745.1597290039062,3705892
2023-02-14,745.5474222764302,753.8851201044354,742.8328271119916,751.558349609375,3502010
2023-02-15,751.3645366946861,763.1440172943005,748.6499411710541,761.4473876953125,3602838
2023-02-16,765.5677313728419,766.3917848914007,756.7936857374958,760.5263061523438,3399428
2023-02-17,761.9805299790747,763.4347837830272,746.8077916216745,753.1095581054688,3093216
2023-02-20,757.4239323489373,769.5911785634418,753.4004727508019,755.3880004882812,3381774
2023-02-21,759.168964814731,763.9680143027769,754.4184377934881,755.2909545898438,2769616
2023-02-22,753.3035656892874,757.8117767210191,743.1237877745673,748.6015014648438,3261898
2023-02-23,750.3949366140772,753.7881953713761,738.6154575442454,739.6819458007812,4062194
2023-02-24,752.0432219132331,752.1401485093113,731.9745051041064,734.0104370117188,4357223
2023-02-27,730.0354031457465,731.392730353627,715.9291532065624,729.9384765625,6719439
2023-02-28,731.974438994611,734.0103707183447,717.0925982421638,719.61328125,10562614
2023-03-01,719.7587533767521,730.4717452640741,718.4014260682596,727.3208618164062,3744982
2023-03-02,728.0964719187965,728.872062184627,713.3600201730414,717.5288696289062,4910541
2023-03-03,722.2794550113264,742.5420835261082,720.873664371522,741.0878295898438,5759333
2023-03-06,743.3175668073927,752.2370015008178,741.7663273277292,743.2205810546875,4597345
2023-03-08,740.6999604670856,746.4200492763146,737.5006138338476,743.1721801757812,3546995
2023-03-09,770.7545875407789,770.7545875407789,746.7109342547587,749.8133544921875,5240056
2023-03-10,749.4254609879846,755.1940129170125,744.7718606458342,750.152587890625,4113931
2023-03-13,753.7398073952842,754.0791096354228,739.8759320649216,741.9603271484375,3447889
2023-03-14,740.6999766155792,753.0611346022921,740.6999766155792,748.2620849609375,3753502
2023-03-15,734.882962540637,742.2026952536219,729.5506983005664,733.5741577148438,8101060
2023-03-16,727.1269129482979,735.8524359036775,720.8251463694127,723.200439453125,7465693
2023-03-17,727.1269291058827,736.288740247365,716.6078498676474,734.1558227539062,9306857
2023-03-20,731.9259666310496,736.6280303590794,725.9635022409798,731.780517578125,3566109
2023-03-21,736.821961270515,742.6389767542296,732.119897424009,733.864990234375,5332221
2023-03-22,737.7915303014502,739.9244480056649,730.180958027629,733.6226806640625,2680654
2023-03-23,734.8830050640275,742.4451138618634,733.7680533525457,740.2637329101562,2454948
2023-03-24,740.2636948103384,743.6084905988889,735.7070207776568,739.197265625,2336818
2023-03-27,739.7304939893492,746.2261733335719,736.1917857811085,738.5186157226562,2258853
2023-03-28,742.2512024606756,742.2512024606756,720.1465539561249,725.624267578125,4166723
2023-03-29,728.096462144166,731.877546003227,716.316981730259,720.922119140625,4891868
2023-03-31,729.2114276606266,730.0354812275742,719.4194155821455,726.157470703125,5796532
2023-04-03,731.9744967659111,738.6640886839983,729.114452129229,737.355224609375,2120667
2023-04-05,744.577972900535,744.577972900535,732.9439420739641,740.166748046875,3197932
2023-04-06,739.3427067482729,745.256708493733,735.9494474295445,742.590576171875,1777379
2023-04-10,745.4990679247692,752.6248886694224,743.0753113213163,746.274658203125,1701065
2023-04-11,752.3340224606845,752.3340224606845,744.7234506710112,750.5404663085938,3485481
2023-04-12,750.3950162826383,750.9282308806487,741.7664194284957,747.5834350585938,3794841
2023-04-13,746.5169657525968,747.631917357957,742.1057409715339,743.6569213867188,4292170
2023-04-17,764.9375433569343,764.9375433569343,731.3442549506595,736.482666015625,9083437
2023-04-18,741.66947842115,741.66947842115,729.5991593885673,736.57958984375,4051481
2023-04-19,738.1307334465896,743.4629974042156,732.9439185391218,741.3301391601562,3429794
2023-04-20,740.6999666412795,750.152616739123,739.3426393679902,748.746826171875,2355441
2023-04-21,746.1291792673691,751.6068926413793,741.136276368386,741.8634033203125,4524208
2023-04-24,741.8634420578975,743.9963597296709,732.6047035546552,737.0643920898438,5271105
2023-04-25,741.6209995670447,753.3034936505582,738.5185795216379,749.0376586914062,5773233
2023-04-26,756.1150586219763,756.1150586219763,743.7053787052291,749.8617553710938,5057352
2023-04-27,748.4560062629133,765.1314627967837,747.8258059042053,762.5137939453125,4129769
2023-04-28,765.7615896570142,777.5895329756942,763.1924433225362,774.9234008789062,6572656
2023-05-02,775.8445030744277,782.1947336578447,764.5013101263129,766.1010131835938,6301210
2023-05-03,770.2698380120818,770.2698380120818,753.4974543809918,755.5333862304688,3908267
2023-05-04,755.5334314098241,768.524791072493,750.0557767378482,765.0345458984375,2457671
2023-05-05,765.0344604810927,766.8280757542876,756.4543863369626,763.2893676757812,1438467
2023-05-08,765.8101630949411,771.0454418746505,761.2534888278593,769.542724609375,2489174
2023-05-09,772.5966226206699,774.0023540098479,766.3917824957996,769.397216796875,2486331
2023-05-10,772.6935612643697,773.2267758520748,764.0165012824242,771.7725219726562,2737334
2023-05-11,770.3182345894014,770.3182345894014,759.7991556552824,764.5496826171875,4808171
2023-05-12,763.4833089524111,769.4942369973248,760.5748011087828,767.797607421875,2576010
2023-05-15,768.8155308573095,778.0258051866215,765.4707351871797,772.7420043945312,7569060
2023-05-16,776.426114366628,776.8139390665477,760.0900196295456,763.3378295898438,4846217
2023-05-17,763.9680538640936,773.3237776856066,759.993116847242,768.0884399414062,6529233
2023-05-18,773.6145946867207,778.5105708755359,770.4152480110216,774.9718627929688,11383252
2023-05-19,774.9719172022633,783.6974410251768,769.0579747251202,781.1767578125,3432240
2023-05-22,776.5715763489428,779.4800841255307,775.1173224606489,777.3956298828125,9996762
2023-05-23,784.2791736758401,784.2791736758401,773.6146446193445,775.5536499023438,6516636
2023-05-24,778.413665529164,778.413665529164,770.754571277164,776.9594116210938,9104329
2023-05-25,775.2142566427815,800.3243976960805,773.5176270898219,797.6098022460938,9570396
2023-05-26,802.6512010745422,804.0569324615277,788.5934138147607,793.004638671875,6150206
2023-05-29,804.1054490464463,804.1054490464463,793.053096163908,796.2039794921875,3684829
2023-05-30,796.2039752085931,801.1484145814883,788.0116667643929,793.4893798828125,5148256
2023-05-31,794.0226903698606,861.6455019123487,793.0531876954162,823.9803466796875,47342125
2023-06-01,812.3946714705952,812.3946714705952,797.9005965514676,802.6996459960938,9713155
2023-06-02,807.401781059285,813.7035481748123,801.7302143248082,810.9889526367188,6834131
2023-06-05,812.9279371916426,815.6909959562494,806.7716192974345,809.0499267578125,5298053
2023-06-06,809.049906881744,812.6855415741426,800.9545839695002,804.1539306640625,2722174
2023-06-07,803.6207223555764,821.6534469012576,802.0210194089267,818.5025634765625,4110739
2023-06-08,821.8474042099103,823.4955705415779,809.0984207554252,810.5042114257812,4050621
2023-06-09,812.9764207962053,814.1882990870511,803.669219192008,808.0804443359375,3332436
2023-06-12,809.3891909798467,817.387587123893,806.3837567043073,810.8434448242188,1569715
2023-06-13,812.5401760819271,818.2602655890751,807.3533603901685,808.904541015625,3224345
2023-06-14,806.626119478519,808.5166612807947,794.0225863616671,802.6996459960938,5108720
2023-06-15,801.778571636124,808.3711768353858,799.0639764568675,804.396240234375,3865201
2023-06-16,797.4158896121849,814.3821851358484,795.7677233551376,812.249267578125,4907797
2023-06-19,814.3821361530202,814.3821361530202,802.2633543650288,802.8935546875,3017364
2023-06-20,802.845092324834,808.2743424765482,801.6332140553098,805.8505859375,2691557
2023-06-21,806.6261406808701,815.1092881940403,805.0749602336725,813.4126586914062,3022724
2023-06-22,811.1827988124178,817.7754043452427,809.2437937043081,817.0967407226562,4380046
2023-06-23,818.2602786724754,836.4384542946424,815.6910728483763,828.7308959960938,7667340
2023-06-26,831.2029906877177,831.2029906877177,820.5384625977553,825.9677124023438,4431992
2023-06-27,830.3789211505406,844.7760101244608,827.5673401298056,838.5227661132812,5533649
2023-06-28,842.982489901243,846.957426793673,837.2624010328767,845.6001586914062,6272649
2023-06-30,853.162317745377,856.0708256467817,840.6072468028977,851.950439453125,5217511
2023-07-03,853.1622493039084,857.1857085809171,847.9269118318657,852.3381958007812,3333167
2023-07-04,847.1513597366053,847.1513597366053,827.2765564438464,838.7651977539062,7397493
2023-07-05,841.5282261795986,844.4367338737677,836.7291766494715,840.2194213867188,4284477
2023-07-06,837.9895794149583,851.1263874663905,837.1170625471615,843.1279907226562,6365222
2023-07-07,838.6197633579131,856.6524883571523,836.1960068164162,843.903564453125,18763997
2023-07-10,840.5587123857246,862.4694463862603,838.6197072821819,858.3975830078125,4310681
2023-07-11,862.857323226275,865.911280118427,859.2701517331698,864.6994018554688,3353977
2023-07-12,862.808837890625,868.3834777578325,856.167709675011,862.808837890625,3033186
2023-07-13,864.166081822675,866.0566236464394,856.3131347685646,858.0582275390625,4228714
2023-07-14,858.0097354688822,863.0996237301383,852.8229206245261,859.4639892578125,3860080
2023-07-17,858.9792844685993,869.3045105981304,849.2842586845293,851.3201904296875,5614592
2023-07-18,850.302218041725,853.356174809803,836.826167809372,848.7510375976562,4731911
2023-07-19,848.7510710707083,850.2537882802407,840.752674544697,844.1943969726562,6641825
2023-07-20,844.4367320251339,859.6579340927116,841.5282243373321,857.8643188476562,3779959
2023-07-21,851.3202148236536,864.6993981280341,848.1208680579838,858.9793090820312,7001587
2023-07-24,858.0098247940927,865.3780210889284,853.9379019264227,861.0637817382812,4125577
2023-07-25,860.9183013736554,867.4139805723717,852.2897046385892,856.7009887695312,3652262
2023-07-26,859.4640535605098,869.1590795453999,856.3616334105965,862.275634765625,2845581
2023-07-27,862.227118312257,873.90967204455,861.0637625249478,867.8502807617188,3445446
2023-07-28,872.4553562916725,872.4553562916725,863.390472070886,867.8016967773438,2314339
2023-07-31,866.7353129143912,870.4194109108225,858.2521652768063,862.7603759765625,4424817
2023-08-01,867.2200900361795,870.0316712921554,861.0637720939054,864.45703125,2087412
2023-08-02,856.264689083808,863.4874951276884,845.987926248449,851.3201904296875,3328903
2023-08-03,848.3147641849321,855.1497455930452,838.7166648978001,845.1154174804688,4642067
2023-08-04,842.4977531598805,865.7173520926486,839.7831577347351,862.5180053710938,7066276
2023-08-07,858.155208651753,873.0855124670898,857.1371836318807,864.214599609375,4086452
2023-08-08,864.7962761800073,867.0261202143333,853.5985335417967,858.3975830078125,3282856
2023-08-09,858.0097310909988,870.0800493122807,851.9988036260091,856.7493896484375,3185159
2023-08-10,855.1012800568323,856.943358638016,841.7221562172219,848.120849609375,3439922
2023-08-11,849.2896284543091,850.9453655365079,842.4719364827722,847.8773803710938,2812690
2023-08-14,847.8286658209527,847.9260376390342,835.2646101195944,844.468505859375,2665905
2023-08-16,847.3417054901156,851.2375294234035,830.9792568594177,834.631591796875,3962408
2023-08-17,834.8751005617859,837.4560483113703,827.8626054267071,834.3881225585938,3013019
2023-08-18,834.3880601255954,839.5500146840784,830.0539443323734,833.9497680664062,4929835
2023-08-21,833.3653757105167,851.2374423991439,831.8556965342617,849.2408447265625,3220142
2023-08-22,848.3156494929071,857.0325673096432,843.6406727280962,854.79248046875,3333869
2023-08-23,854.1594653878683,854.1594653878683,844.2251016778255,845.5399780273438,1860153
2023-08-24,850.2635620789201,851.9192991175547,841.6927614293203,846.8060302734375,2842728
2023-08-25,846.8060394828711,853.136753358723,838.6734713750204,850.7505493164062,3124339
2023-08-28,851.2862051365809,852.9419421775066,843.2997542798929,847.6825561523438,3094455
2023-08-29,847.341722003566,847.341722003566,826.4016679540526,832.9271850585938,14064286
2023-08-30,837.4559892573654,840.134368086054,834.1445747365004,835.4107055664062,3261665
2023-08-31,833.2193630820558,837.1151871058175,824.9894229427475,834.095947265625,12528190
2023-09-01,830.9305316538671,844.9554614831179,830.540925500741,843.3971557617188,4427899
2023-09-04,843.2023912019934,846.8060402235877,837.3099694015035,842.7640991210938,3102649
2023-09-05,840.6213255914024,845.1989302762921,836.0437803520641,843.3484497070312,2216754
2023-09-06,844.5659279780546,859.4187562534942,843.2510517748638,857.3734130859375,4235096
2023-09-07,857.3734420362485,860.6849161647449,850.4096924081529,852.503662109375,4532834
2023-09-08,858.8343598514836,867.4539058271677,855.2794562391008,862.7788696289062,3741470
2023-09-11,864.8729107295051,869.0609095567643,860.5874806368574,867.5999755859375,2733894
2023-09-12,871.5931898904943,873.15149560806,861.9510023570922,867.2103881835938,4106031
2023-09-13,864.9215544457617,894.0915465293764,862.4866646131653,891.3157958984375,5222561
2023-09-14,896.3316734116396,896.6238483155203,886.3973105608121,891.1210327148438,5513106
2023-09-15,888.8321503511669,923.9919947913129,886.2998887330076,911.7688598632812,14003428
2023-09-18,905.1947209627322,911.4280036319391,894.0915988975468,896.2343139648438,2977375
2023-09-20,887.2738643470045,895.3576867872904,881.2353256094291,886.981689453125,5241903
2023-09-21,886.4946883163486,896.1855615880683,879.8230546117438,894.0428466796875,4896202
2023-09-22,894.0429130298404,898.3282837190831,880.2614119912647,887.6635131835938,6112928
2023-09-25,888.2478810329368,889.562697868085,878.5570068452753,886.6895751953125,5278045
2023-09-26,886.2999334544942,896.9647632241839,884.3520215128359,888.9296264648438,5355047
2023-09-27,891.1210650451779,897.0621729399994,883.8163949553692,896.2830200195312,4713145
2023-09-28,901.8832192063088,907.7269549679048,894.6759213221188,901.5423583984375,7386917
2023-09-29,907.7268953543577,912.0123250763108,897.7925333229574,902.2727661132812,5608557
2023-10-03,894.3350385534674,904.0745979169683,892.1923236043867,901.201416015625,4338272
2023-10-04,894.3837222764186,901.8345089495174,894.3837222764186,900.1787719726562,5603669
2023-10-05,900.9579757130341,905.3894635737631,895.4551600426539,904.6589965820312,7063132
2023-10-06,904.9999309922357,904.9999309922357,900.2275227934304,901.9319458007812,2420855
2023-10-09,894.0916083871303,903.8798543022572,892.6793602974075,900.4710083007812,2248103
2023-10-10,900.4709827828386,929.2026839810675,897.062136877964,923.651123046875,7897875
2023-10-11,923.7972168197974,931.8810393003275,923.3102388457227,930.7122802734375,5645289
2023-10-12,930.7123290543776,931.8810881425253,922.3363312395065,925.5990600585938,5544735
2023-10-13,921.6544793024011,931.0531777503863,921.6544793024011,929.3487548828125,4421671
2023-10-16,933.0011320749472,933.7802849607709,919.2683172493909,921.8980102539062,1881721
2023-10-17,921.8980480582716,935.2412572653051,921.3623841426489,928.8131713867188,3863410
2023-10-18,928.1801137674587,933.9264782290278,925.8913408328247,928.0339965820312,2334392
2023-10-19,921.1675353766442,926.5242931583757,916.8334194641325,918.3917846679688,4306963
2023-10-20,913.3758929916157,922.8232777505742,912.5967401079557,920.5831909179688,3125104
2023-10-23,917.0769399238259,924.3816098768477,912.5967661308616,914.8368530273438,2180066
2023-10-25,900.5196893340426,915.1777746174395,895.0655595394459,898.57177734375,6365249
2023-10-26,897.6465266558724,900.5196491569232,876.6090424319761,881.9171142578125,6595332
2023-10-27,887.0303836933224,894.481170507782,882.8423849869006,890.7800903320312,3508393
2023-10-30,890.9749616211362,907.6783312626092,886.6408454118229,902.1267700195312,3686768
2023-10-31,896.3316314744178,899.4969882503947,888.6374152862979,890.5853271484375,5697563
2023-11-01,879.4821830733935,890.7313618980128,872.1288278725766,889.6600341796875,4821458
2023-11-02,896.0395387054137,901.8345889155006,892.5333208104419,899.7892456054688,6611573
2023-11-03,900.9092746420058,909.3827034926146,898.1822098078761,906.509521484375,3895154
2023-11-06,909.8697218739937,916.2004359768644,905.779094718412,914.739501953125,2760800
2023-11-07,911.6714716549412,914.4959677394264,908.165253949526,912.7428588867188,3616946
2023-11-08,917.2716759689886,917.2716759689886,910.0644378094457,912.3532104492188,1808553
2023-11-09,912.3533013582032,912.8889652798705,906.3147621475856,908.06787109375,3914416
2023-11-10,904.8050894642947,912.5967371668936,904.8050894642947,911.1358032226562,1345614
2023-11-13,913.570671530331,915.8107583027553,909.4800446940695,910.6488037109375,1656368
2023-11-15,923.3102667557565,927.8878717395428,911.8175981093002,925.2581787109375,4816316
2023-11-16,924.2842213561406,929.056629417445,918.68397449334,924.8198852539062,5310736
2023-11-17,924.0893518279148,929.1539344287962,921.3622871799174,922.62841796875,3249469
2023-11-20,924.2842498700766,939.1857648756039,917.4178719155799,936.361328125,4646962
2023-11-21,941.8154786191174,950.9219436982764,935.9717424539523,945.565185546875,5704644
2023-11-22,948.9253233809827,950.8732353901588,940.7928145208957,944.4938354492188,3309732
2023-11-23,944.7373410408093,955.4508572794164,938.601429993264,951.2141723632812,2749555
2023-11-24,949.6070926594117,951.7011218214473,945.711268689527,947.8052978515625,2322104
2023-11-28,948.6818095377297,962.2685073350635,945.9060587755622,959.249267578125,5096984
2023-11-29,969.9627470142691,980.8710060149546,965.1416532092849,969.4757690429688,5647918
2023-11-30,969.0861280210432,991.6819169655184,966.8460413227681,988.2730712890625,9934052
2023-12-01,988.56524617222,995.918601385179,981.9423578899301,988.2730712890625,5544950
2023-12-04,1009.0183240192036,1016.8099713089273,998.4995526216359,1005.9990844726562,5164902
2023-12-05,1011.7455654354088,1018.7092558951329,995.4804284975636,1004.2460327148438,4266159
2023-12-06,1002.2980228524142,1008.0443866122897,987.0556482294245,997.7691040039062,4121251
2023-12-07,988.565333557129,993.1429386164061,972.0080816650391,973.9559936523438,13805235
2023-12-08,972.6897820796194,977.8517365287585,965.4824845461071,974.1994018554688,6630766
2023-12-11,970.1575225968501,978.4361483815986,966.213012788522,974.7838134765625,6195119
2023-12-12,973.2255359257744,974.7838417522364,961.2945748899067,969.3297119140625,7119331
2023-12-13,967.3331253925245,975.9039264301448,965.6773882789307,973.858642578125,4153219
2023-12-14,979.7997217472108,984.8643047626496,973.1281470224825,979.0205688476562,6541673
2023-12-15,973.6151354478703,984.5233950496307,962.5120133121887,966.7000122070312,10119597
2023-12-18,969.086190762769,972.7872115619983,956.5708803185773,964.4598999023438,5750263
2023-12-19,969.5244788758192,971.9593687924065,960.2232112835669,962.706787109375,3912964
2023-12-20,967.0408823161857,967.7713492755003,943.7633114344723,946.2468872070312,3990591
2023-12-21,942.7893915795579,955.9864832605945,934.997743715264,952.4315795898438,4294277
2023-12-22,956.3273489938053,972.9332856686277,950.1426931868274,963.778076171875,4605120
2023-12-26,969.0861519629838,976.3908214501419,963.8755115070319,973.809814453125,2460643
2023-12-27,973.95594292173,997.3796309054401,972.0080310358865,994.6038208007812,4791379
2023-12-28,997.2335085720063,1014.8133419160496,995.5777715885023,1009.7000732421875,5288328
2023-12-29,1006.2425902079136,1016.0795212967884,997.7204758428554,1005.3172607421875,4631749
2024-01-01,1005.0738086978541,1005.0738086978541,980.7736549717309,986.6660766601562,3804406
2024-01-02,990.9028215563916,998.7430957319624,989.5392594285636,995.0908203125,6865791
2024-01-03,1005.0738397989002,1009.9923651218498,994.7499300474296,1008.2391967773438,3604276
2024-01-04,1008.2878326806181,1031.2245413910096,1000.7884199022202,1020.6083984375,4664043
2024-01-05,1026.354900866207,1035.948343879691,1011.8915588642936,1019.3423461914062,4008221
2024-01-08,1022.653787292214,1031.4193911832901,1018.0274963497017,1021.7285766601562,4489695
2024-01-09,1029.4714533213216,1040.087597100681,1020.7545950052714,1036.776123046875,3371125
2024-01-10,1039.1622620410842,1045.346977488517,1027.815770240984,1035.02294921875,3111573
2024-01-11,1037.9935634425103,1045.9313282876392,1029.812309607599,1035.1690673828125,2604325
2024-01-12,1030.5426880846878,1050.4601570732514,1024.2119748939601,1048.3173828125,3394013
2024-01-15,1049.9732827828525,1075.9291143141684,1046.564436882113,1073.6890869140625,3312897
2024-01-16,1078.1691628944131,1087.9087217281476,1064.5337805271847,1067.3582763671875,5025540
2024-01-17,1063.560043408777,1080.0685514711724,1050.703870660285,1056.98583984375,4568700
2024-01-18,1047.1974181694297,1067.455750033071,1047.1974181694297,1058.7388916015625,4407330
2024-01-19,1062.5859372829862,1106.754815664053,1061.4172377040122,1095.700439453125,11753391
2024-01-23,1115.179636268418,1142.0121720163006,1105.440076126336,1127.841064453125,18194595
2024-01-24,1110.4071808376661,1162.903431551066,1110.4071808376661,1158.9588623046875,9546592
2024-01-25,1155.111715446756,1169.3801933828981,1126.91573925768,1130.3245849609375,11424697
2024-01-29,1127.840993587094,1139.2849760349768,1127.840993587094,1131.8829345703125,4015858
2024-01-30,1131.8829670270381,1150.095896314162,1124.4809253501203,1128.47412109375,3902023
2024-01-31,1128.8149678000045,1144.4470086551455,1116.3482838433536,1140.210205078125,5981966
2024-02-01,1134.7074023036857,1139.7231802236747,1119.0266167385205,1121.218017578125,3606209
2024-02-02,1124.9190584123605,1144.5929199294526,1115.4717337899262,1120.8284912109375,4969983
2024-02-05,1124.2861644030943,1129.4481791249268,1081.091236523813,1084.548828125,7809331
2024-02-06,1095.7004217806023,1125.9904274400494,1093.752509919659,1104.5147705078125,9863065
2024-02-07,1109.1409800775912,1118.3448153911254,1102.3232890627967,1104.7581787109375,2770694
2024-02-08,1114.5952094744005,1116.6404931847862,1087.1295804355839,1112.40380859375,6519392
2024-02-09,1116.104840617232,1116.104840617232,1087.1783947151862,1091.07421875,4203171
2024-02-12,1093.655261901001,1099.5963699711601,1082.3573956068903,1089.5645751953125,3887976
2024-02-13,1082.065119492626,1095.7005035366376,1075.052683826437,1088.7366943359375,3211554
2024-02-14,1081.0910778999728,1091.9507102534951,1075.9290639355402,1086.7886962890625,4653070
2024-02-15,1093.0708758983699,1101.9824782632727,1080.5068196104696,1091.512451171875,5056712
2024-02-16,1094.7265123639788,1097.6971256345778,1087.7627033870003,1090.8306884765625,3091952
2024-02-19,1091.8534400094181,1115.1796390514723,1089.2236874298242,1112.4525146484375,4711035
2024-02-20,1115.1795616545007,1121.6076471399647,1105.4400021640683,1114.1568603515625,5397418
2024-02-21,1124.9191132934343,1128.9610542319738,1103.1024764089161,1110.21240234375,4570259
2024-02-22,1107.9722463371231,1109.0923194390366,1069.0627543444195,1105.9757080078125,8642368
2024-02-23,1097.6483531378387,1102.3720157063062,1086.2531161053616,1096.430908203125,6709844
2024-02-26,1088.9800439952412,1096.5769474041383,1075.588150665588,1081.1397705078125,3186134
2024-02-27,1084.0130141569084,1101.5442219330307,1072.6177766588735,1098.1353759765625,7149094
2024-02-28,1103.881702167964,1122.6303542846065,1094.2395144440407,1099.352783203125,5302711
2024-02-29,1089.7105820495756,1108.3131167656215,1070.3775803769483,1094.0933837890625,13818650
2024-03-01,1098.6224775072435,1111.0404177450248,1088.2985666564111,1099.30419921875,5927490
2024-03-04,1102.5181919765935,1119.318932976237,1102.5181919765935,1103.9791259765625,5855090
2024-03-05,1103.540855690301,1149.0245517814026,1103.540855690301,1138.4571533203125,5375008
2024-03-06,1143.3755754449699,1165.4357021756023,1127.207929951227,1162.6112060546875,5464839
2024-03-07,1178.340633151784,1181.9929681218111,1158.471907136613,1168.4549560546875,8903981
2024-03-11,1155.1117596273702,1186.5705844485385,1155.1117596273702,1165.4356689453125,6679208
2024-03-12,1168.7471617448618,1176.5388094898276,1166.60450617144,1172.886474609375,4249548
2024-03-13,1180.4346306818181,1180.4346306818181,1121.7050383810565,1138.31103515625,7528096
2024-03-14,1143.3754581908079,1168.4548221100479,1133.246412147955,1163.4876708984375,8569080
2024-03-15,1159.0076383997182,1190.953442712055,1156.9136092243868,1188.226318359375,10115416
2024-03-18,1193.0960713146433,1198.5015745411251,1183.551255187682,1193.3883056640625,4141080
2024-03-19,1184.525176104975,1208.0949813753457,1182.966870366786,1196.3587646484375,7703719
2024-03-20,1196.26140294043,1206.7314294672847,1191.7812293211134,1199.718994140625,6596032
2024-03-21,1205.7576120456035,1210.5300205564802,1182.4800382448511,1189.005615234375,9952250
2024-03-22,1194.995140116917,1212.575091611989,1190.1741059838155,1203.9068603515625,7840007
2024-03-26,1193.0960814432694,1201.8616853069343,1178.4867416704947,1181.5059814453125,10898138
2024-03-27,1179.0224940614855,1196.261467861563,1179.0224940614855,1192.9013671875,5779169
2024-03-28,1194.9952437744073,1206.2444829155709,1188.5185316112454,1196.602294921875,10518377
2024-04-01,1196.0179184201083,1199.8163704408694,1176.5387992275982,1185.645263671875,5461473
2024-04-02,1193.0961117940785,1195.774490820555,1171.8638232277463,1176.7823486328125,3625577
2024-04-03,1163.877430127516,1208.289800335749,1158.4719267240346,1193.77783203125,9532291
2024-04-04,1199.8649714618873,1200.8876727542518,1170.013317045236,1175.418701171875,7327626
2024-04-05,1174.4935352030195,1179.8015477156234,1157.9849100756255,1159.9815673828125,4227519
2024-04-08,1157.059689922952,1179.0224445566369,1152.2872819017819,1173.32470703125,4827733
2024-04-09,1183.3077140613948,1183.3077140613948,1167.0914428785984,1173.0811767578125,3372798
2024-04-10,1181.6520573424636,1198.647541127975,1177.2692555637361,1197.3814697265625,6442196
2024-04-12,1194.1674404084774,1199.7676874675049,1187.7880998759063,1193.6318359375,7877073
2024-04-15,1179.0710797261943,1202.8356292978308,1178.8275907324091,1192.6578369140625,4281602
2024-04-16,1192.0247199747096,1201.812906011378,1180.483365658374,1184.7686767578125,5235632
2024-04-18,1188.2263036521085,1248.4654576451017,1184.1357360648326,1232.7847900390625,19939924
2024-04-19,1246.6635958107058,1262.7338687254532,1220.7076463853323,1255.42919921875,13103862
2024-04-22,1270.0385601244834,1271.4021222341269,1254.6987538959859,1263.756591796875,7894656
2024-04-23,1275.882199577303,1315.81439055644,1268.187924366518,1307.3896484375,12074766
2024-04-24,1316.7884152681422,1318.7363271250476,1298.8189759446304,1301.5947265625,6277492
2024-04-25,1296.3354252856163,1308.802109539023,1289.8585941609256,1303.8348388671875,8512627
2024-04-26,1303.1530474494486,1310.6524606294493,1287.5697524126838,1291.465576171875,5289771
2024-04-29,1290.0046563442759,1310.9447092785167,1285.6218545673419,1297.74755859375,3195888
2024-04-30,1288.689899364918,1300.0365104919558,1285.5731688443097,1287.862060546875,5272565
2024-05-02,1280.9955391518947,1285.5244580124624,1259.909369452641,1270.0872802734375,7995432
2024-05-03,1271.9864638990962,1276.3692656506628,1225.382695718993,1244.13134765625,11290875
2024-05-06,1241.7938438479712,1264.633063458771,1240.0406755708013,1249.97509765625,5555467
2024-05-07,1252.8483081015418,1260.7373281202838,1237.898106906504,1252.653564453125,5767030
2024-05-08,1242.913968256028,1265.5584451663512,1241.501660726953,1255.0396728515625,2682816
2024-05-09,1249.5854705648264,1261.565176178905,1236.972788702863,1242.2320556640625,4809145
2024-05-10,1241.8424710585596,1274.421247129544,1238.6283691532271,1267.2626953125,5532513
2024-05-13,1267.2629435916142,1268.9673666863177,1248.0273115228179,1252.458740234375,3703942
2024-05-14,1256.9389093085642,1266.0453737387672,1247.345348008193,1250.8516845703125,3262908
2024-05-15,1248.1732849339446,1283.9174204462504,1247.150583638478,1275.784912109375,6891004
2024-05-16,1293.4136129046956,1321.5122207019995,1286.8881550345902,1310.0682373046875,11932181
2024-05-17,1318.346779513014,1324.5801215101071,1304.3705350973612,1309.43505859375,6614017
2024-05-21,1320.684422964219,1327.2586263971161,1300.9618126655278,1309.2891845703125,5422220
2024-05-22,1307.194919656203,1315.8144054920501,1294.923099238124,1312.795166015625,3026723
2024-05-23,1315.5709399906789,1341.4295168506565,1309.288971953605,1338.26416015625,7147341
2024-05-24,1339.6764627689502,1361.3469835225737,1338.264274141451,1352.337890625,5622368
2024-05-27,1359.6425090570644,1370.356024529577,1342.1113019202255,1348.2958984375,6553974
2024-05-28,1348.7341787903242,1350.8280888638621,1331.300344390291,1335.34228515625,2068963
2024-05-29,1320.1973160575162,1354.0422859822663,1320.1973160575162,1341.2347412109375,4445083
2024-05-30,1342.890620562275,1350.3412890724555,1327.98904575968,1341.2835693359375,7100303
2024-05-31,1344.0593503147195,1351.850998722341,1303.1531961747064,1336.9981689453125,24825643
2024-06-03,1378.4397986474246,1383.4555762951754,1348.9288880527201,1354.8699951171875,6017122
2024-06-04,1354.870189542873,1360.6165538132204,1187.3011283910964,1265.8505859375,19924421
2024-06-05,1291.1247179304962,1313.6230764062013,1246.5174882428921,1309.337646484375,12175520
2024-06-06,1323.6061870572157,1340.4069278421582,1294.3875074312286,1334.904052734375,10279789
2024-06-07,1334.9040201086787,1393.3901232870458,1327.6480957353415,1388.1307373046875,12280748
2024-06-10,1384.040254064603,1399.2339442454434,1384.040254064603,1388.9100341796875,5318477
2024-06-11,1388.861168358075,1397.237165651298,1376.1997411570546,1390.07861328125,4416792
2024-06-12,1387.8873201247216,1410.1421912692,1385.062823905543,1400.9383544921875,4876138
2024-06-13,1411.2621512937271,1418.0310974926274,1383.4556617638991,1388.61767578125,7990376
2024-06-14,1396.6528168660566,1396.6528168660566,1383.9426443025695,1390.2247314453125,3978442
2024-06-18,1406.392336136189,1406.392336136189,1381.069482438446,1391.14990234375,8671131
2024-06-19,1396.604067594436,1397.4320252533494,1352.143074205882,1356.0875244140625,8640918
2024-06-20,1369.333233919586,1370.3071898081141,1340.4067915867427,1345.17919921875,8742855
2024-06-21,1348.8802841285958,1386.8645672692987,1337.0954405734203,1379.17041015625,43929578
2024-06-24,1365.4861692913473,1386.71845542878,1353.1656034007622,1382.8226318359375,6195831
2024-06-25,1396.652908438851,1396.652908438851,1373.1318471858735,1378.0989990234375,6353748
2024-06-26,1378.0989825554032,1441.4061220000974,1372.255246606662,1421.48876953125,9579826
2024-06-27,1425.8715298921716,1450.220428968199,1402.5453321337807,1437.3642578125,19675528
2024-06-28,1496.2397248720124,1496.2397248720124,1399.2337427285056,1406.4410400390625,29145832
2024-07-01,1412.236134189359,1428.5986417833064,1411.505667223399,1416.1319580078125,6011806
2024-07-02,1423.9237280538828,1435.0268506691887,1380.095706328558,1381.994873046875,7792632
2024-07-03,1390.7603573419824,1395.0945326731442,1371.7682162337367,1382.871337890625,8261388
2024-07-04,1381.0695120944865,1403.567870353912,1374.73879853411,1385.988037109375,9570938
2024-07-05,1385.4524081159811,1396.2632959230573,1379.9495329452416,1392.46484375,4881198
2024-07-08,1393.7310081213777,1401.3765387902226,1386.085477452533,1397.77294921875,3261797
2024-07-09,1398.6007081957132,1404.1035829497737,1390.955177963254,1398.1624755859375,2897480
2024-07-10,1403.4704700600194,1411.0186283826877,1389.0072485360947,1407.4150390625,3416762
2024-07-11,1412.2360944086286,1413.0639331685093,1390.8090640107046,1400.4998779296875,4178558
2024-07-12,1404.4446006467492,1409.8987306574452,1384.4297565970355,1395.9224853515625,6342135
2024-07-15,1395.9223729896842,1402.4965756882227,1388.909937667686,1400.1590576171875,3324806
2024-07-16,1414.1840352508098,1434.9293444813864,1407.3663436208128,1428.306396484375,6967651
2024-07-18,1427.819539987499,1447.249915229654,1421.05059313541,1445.0098876953125,6470342
2024-07-19,1441.4548726911237,1441.4548726911237,1414.1353594732016,1423.68017578125,3858596
2024-07-22,1412.2361616509463,1433.6631930690987,1411.3109510325157,1427.235107421875,3560584
2024-07-23,1431.7152799188873,1431.7152799188873,1391.2473616953482,1427.5272216796875,2936143
2024-07-24,1427.8194310577016,1437.1693844542099,1399.1364757187496,1417.3006591796875,4529339
2024-07-25,1407.3663841201364,1416.1319878966633,1402.593976063583,1411.4083251953125,4277756
2024-07-26,1412.4795665431911,1480.4129916536117,1411.408238814294,1474.9588623046875,9564987
2024-07-29,1485.2828552167043,1485.2828552167043,1438.5817139812525,1442.7696533203125,4589313
2024-07-30,1445.740158191306,1446.2271361401113,1425.9201794531516,1432.0560302734375,4263689
2024-07-31,1439.3608331912717,1464.9759232339618,1434.7832876037867,1452.7041015625,5634305
2024-08-01,1446.3246733007618,1471.647529533637,1446.3246733007618,1466.290771484375,4531379
2024-08-02,1455.1876232753134,1465.9498845389678,1444.9610853634856,1454.8955078125,3335905
2024-08-05,1443.4027515916946,1449.2464874280981,1413.6970944233094,1427.5272216796875,5111901
2024-08-06,1444.474111886535,1454.0189281905457,1393.828400164758,1405.9542236328125,8249573
2024-08-07,1422.065049527484,1424.9052860027007,1393.2711465147477,1412.0263671875,5700734
2024-08-08,1405.415569185815,1436.2661548508695,1400.5186508262825,1421.8692626953125,5986360
2024-08-09,1434.7969965083105,1451.446517969499,1427.255790491473,1433.91552734375,3615910
2024-08-12,1435.776393395482,1447.0393050762789,1415.2093372827228,1428.5289306640625,4028226
2024-08-13,1437.7351329192459,1447.920746327499,1420.4489883708943,1429.606201171875,4495208
2024-08-14,1423.1422539991775,1449.5856106185206,1423.1422539991775,1441.3587646484375,5891784
2024-08-16,1449.487739979176,1460.2609596682103,1437.8330511321242,1452.964599609375,7176426
2024-08-19,1456.3434786014188,1458.400160343048,1434.1115177044917,1439.3511962890625,4404075
2024-08-20,1449.4877646236089,1454.1398368411508,1416.6784131946285,1419.2738037109375,10046892
2024-08-21,1423.0444195151686,1436.3640130204067,1417.8536384360075,1433.2789306640625,6175510
2024-08-22,1443.3175606828124,1468.9774826849505,1434.7969712008999,1455.706787109375,6781325
2024-08-23,1462.2197544318794,1478.8692760831466,1448.8511440188054,1475.686279296875,6238112
2024-08-26,1477.889947916776,1489.3486889558953,1473.9724132635838,1482.34619140625,4307432
2024-08-27,1486.7043729990971,1494.8822025235036,1471.034234680266,1491.3564453125,3965066
2024-08-28,1496.4491531781878,1532.2456722824425,1490.279108109249,1524.263671875,6225319
2024-08-29,1532.7354741280556,1539.2972970264957,1514.0781670208744,1533.616943359375,8036748
2024-08-30,1543.5085470341537,1575.240599449903,1529.4053993434138,1556.28955078125,37820442
2024-09-02,1571.9106266778504,1571.9106266778504,1533.2249757409188,1538.954345703125,4890314
2024-09-03,1546.4468310879597,1546.4468310879597,1526.4673801004715,1528.4261474609375,4546295
2024-09-04,1525.8797206896243,1533.7147898587623,1510.2095823513482,1529.6993408203125,5213811
2024-09-05,1526.8591433049655,1530.7766779895196,1509.7199290600413,1515.3023681640625,5652812
2024-09-06,1520.7870543536687,1523.529256976365,1498.6528871318862,1507.516357421875,5497805
2024-09-09,1491.8461249392576,1514.861640406891,1491.8461249392576,1510.84619140625,3912508
2024-09-10,1513.2946377345995,1553.302435054624,1513.2946377345995,1545.3204345703125,6163457
2024-09-11,1545.90798806897,1565.9364543236159,1541.990453688051,1545.271484375,5994914
2024-09-12,1563.2431410168394,1618.7252452985024,1557.3178224761496,1612.7999267578125,12204496
2024-09-13,1616.9623870768355,1620.782007177514,1597.4237313112744,1600.7535400390625,5609618
2024-09-16,1600.7535265260701,1618.8721236843983,1596.4932316455206,1601.73291015625,3762063
2024-09-17,1615.9829651769596,1631.7021200233282,1604.7200536014839,1627.49072265625,4223072
2024-09-18,1621.0757257767227,1636.5010178466666,1613.877280054815,1620.781982421875,3171195
2024-09-19,1613.7302810479948,1676.4108303273815,1613.7302810479948,1630.5267333984375,8498240
2024-09-20,1636.5500772464218,1687.869804357462,1631.6531590021177,1676.4599609375,21646275
2024-09-23,1683.560492607718,1718.0837662344907,1683.560492607718,1714.362060546875,5001827
2024-09-24,1715.8800465057552,1731.1095091235463,1710.1016594247126,1720.4342041015625,7579205
2024-09-25,1719.3570687227157,1730.4730495895321,1709.0245230683695,1724.1070556640625,4017103
2024-09-26,1733.5090056407637,1742.3234582118184,1710.1507302382015,1734.5863037109375,7417423
2024-09-27,1719.014146607,1727.0940617756617,1686.9883488508633,1698.8388671875,7116861
2024-09-30,1678.6635070934378,1697.2717956784875,1669.0654998965256,1674.3052978515625,6907288
2024-10-01,1669.849119882148,1687.3310940886556,1661.0346670499255,1663.678955078125,3649090
2024-10-03,1630.6737191643795,1660.0552276177916,1630.6737191643795,1638.949462890625,7200276
2024-10-04,1635.6197364369107,1651.9263788050805,1596.5423043193828,1607.0706787109375,8576527
2024-10-07,1616.9623093920654,1635.570597628558,1608.5885318641795,1627.7845458984375,5387707
2024-10-08,1628.3232687656362,1644.8748767291975,1617.941825755662,1623.2794189453125,5224335
2024-10-09,1632.3876817078933,1669.4573285652077,1626.8052427822563,1643.503662109375,3414614
2024-10-10,1651.8284230480383,1663.9237870893628,1630.6737603381684,1643.503662109375,5047657
2024-10-11,1643.5037444187114,1655.4032801494823,1624.454779491234,1652.612060546875,2367678
2024-10-14,1651.2408849161884,1674.7951102478792,1644.7279595317334,1660.6429443359375,2069815
2024-10-15,1672.7872589373453,1697.0270040536798,1664.9031728053133,1681.8465576171875,5891334
2024-10-16,1684.539795014516,1706.3310801535117,1681.6995586587009,1698.2021484375,3299887
2024-10-17,1700.9445246354699,1702.1197371736191,1659.467651688099,1666.0784912109375,4373392
2024-10-18,1674.7460796655953,1680.7202961560074,1650.4573167706142,1672.640380859375,4154915
2024-10-21,1670.38787153984,1673.7176803855682,1627.7356647532665,1657.6558837890625,3836168
2024-10-22,1657.1170925704498,1677.5862342322007,1652.5629348060213,1657.3619384765625,3070057
2024-10-23,1655.1582851764588,1666.2742651336275,1645.4623636188348,1651.044921875,2764757
2024-10-24,1652.2202135555979,1658.0965154413911,1623.2304814964168,1643.846435546875,3669575
2024-10-25,1646.4417446081984,1650.016518655802,1621.7123087298432,1631.653076171875,3434386
2024-10-28,1623.964992196376,1643.2588019120608,1611.7226968047826,1629.0577392578125,2811651
2024-10-29,1616.4726411800116,1633.562837277717,1576.8076051498447,1603.348876953125,6990747
2024-10-30,1594.24076197634,1616.9624149586525,1584.4469254229866,1599.67626953125,4622628
2024-10-31,1600.3128373142442,1605.0139265182734,1569.119492884427,1579.35400390625,4921681
2024-11-01,1586.6014935253534,1592.8205557157842,1572.2534993182333,1583.1246337890625,279441
2024-11-04,1585.769041276362,1590.372096553199,1540.6194794782016,1558.4442138671875,6094029
2024-11-05,1550.6092399545469,1561.0397002496277,1533.7148711630005,1545.8592529296875,6473278
2024-11-06,1550.364313598837,1577.5422098100612,1534.2044834191904,1565.838623046875,6631728
2024-11-07,1563.0472282862656,1575.387557444631,1537.2895110140255,1543.312744140625,5160994
2024-11-08,1538.6117219378443,1546.936483004981,1526.71218661938,1537.534423828125,3096384
2024-11-11,1528.8178720850538,1548.9931512908813,1519.8075903593187,1528.377197265625,3664301
2024-11-12,1536.457166384607,1562.1169710021709,1518.1426198199647,1523.5782470703125,4479934
2024-11-13,1527.7405989044787,1540.0808091401138,1514.469902457352,1518.4853515625,5816699
2024-11-14,1518.044609948152,1535.6735150959369,1504.871948089745,1518.5343017578125,5139154
2024-11-18,1536.6038808689812,1536.6038808689812,1497.918227927031,1505.3126220703125,4816078
2024-11-19,1505.3125940233479,1525.8796496345974,1487.9775521153313,1494.0496826171875,6238241
2024-11-21,1506.2919644255667,1510.2585157944457,1479.8486074428033,1493.7069091796875,7356679
2024-11-22,1501.3951037772642,1542.5292162095182,1488.858945500254,1536.94677734375,7640321
2024-11-25,1549.3358840882354,1576.0731049816286,1530.3359373284065,1546.201904296875,12155641
2024-11-26,1557.2200520833335,1571.763875828849,1533.71484375,1544.73291015625,4030593
2024-11-27,1536.799872793933,1551.0988501218922,1522.109118096646,1545.1246337890625,4982785
2024-11-28,1538.6116670709862,1555.750880421554,1524.8512793880643,1528.230224609375,6714728
2024-11-29,1519.1709687648715,1614.9057203101715,1519.1709687648715,1593.6041259765625,10775801
2024-12-02,1593.6040315246044,1612.2612171719022,1583.8590930771338,1609.71484375,3790108
2024-12-03,1618.8232966936391,1618.8232966936391,1579.8927956995556,1587.1402587890625,9131055
2024-12-04,1596.1504133252606,1596.8849510212226,1549.7766240309302,1551.4415283203125,8772014
2024-12-05,1567.0138480869002,1588.6093055023152,1552.6658536296206,1582.04736328125,10324005
2024-12-06,1584.6428083636251,1591.155733804408,1561.92115460658,1564.908203125,4296866
2024-12-09,1562.9983056409765,1572.792141606452,1556.289551915358,1569.51123046875,4264409
2024-12-10,1577.346365866492,1578.6194928635823,1537.6813285309088,1546.10400390625,14645786
2024-12-11,1555.261135337031,1555.261135337031,1538.807443262631,1553.3023681640625,3853182
2024-12-12,1545.9570211024627,1584.5447590654203,1545.9570211024627,1577.3463134765625,13120939
2024-12-13,1584.6426646466664,1650.261365840317,1573.6736161491926,1647.078369140625,12900707
2024-12-16,1647.0784097525554,1652.220173778838,1625.9237473837254,1628.2742919921875,4375126
2024-12-17,1616.4726687729897,1624.4546692062916,1575.3385566321442,1581.9984130859375,6182486
2024-12-18,1587.9727378014427,1589.539727793647,1563.1942826397521,1568.874755859375,3905144
2024-12-19,1553.6941612863984,1576.5627443522937,1552.7636751375935,1567.3076171875,5865855
2024-12-20,1576.8076698307793,1588.8541364962953,1540.9622523031237,1545.5653076171875,9738879
2024-12-23,1553.3023687517234,1574.310098868295,1545.8100604015522,1554.183837890625,4363599
2024-12-24,1557.2199436637693,1565.8385672740658,1542.5291894782622,1551.2457275390625,3610076
2024-12-26,1551.2458086805107,1573.722615938572,1548.503486600974,1566.524169921875,3400479
2024-12-27,1566.524182984992,1594.877292461064,1563.3902030568186,1566.866943359375,2559578
2024-12-30,1571.9106569019648,1579.7947425976101,1548.5033652654029,1554.183837890625,4438130
2024-12-31,1550.3642851826976,1564.2714848972985,1531.1193729562094,1555.016357421875,2249626
2025-01-01,1560.158202120047,1573.4288988044955,1551.3927660061897,1562.802490234375,1405565
2025-01-02,1566.915906027072,1586.2097158702666,1555.6529941923711,1576.5137939453125,3728040
2025-01-03,1581.7046435888099,1583.6634109492913,1560.4520655490544,1565.8875732421875,3669685
2025-01-06,1563.2432301014803,1576.660738227019,1534.7920873704866,1555.701904296875,4584188
2025-01-07,1561.1374503989834,1569.9519027538083,1551.3926314503917,1558.0523681640625,2830856
2025-01-08,1565.7895498054065,1580.186441081448,1545.3204084022998,1566.230224609375,3674564
2025-01-09,1567.0138763872626,1586.7973787551834,1559.5705843851574,1573.9185791015625,4684859
2025-01-10,1574.84890484597,1591.4984268499386,1558.9829375813024,1582.5860595703125,4145892
2025-01-13,1547.4261337781222,1581.4106978820362,1545.5652809723395,1564.271484375,3705039
2025-01-14,1571.6168350423754,1599.7252164512684,1545.957032218217,1567.1116943359375,7284572
2025-01-15,1574.89790648964,1580.5782598563335,1560.1581349201829,1574.3101806640625,2960985
2025-01-16,1585.6711544133693,1601.2922758887987,1567.552556796279,1596.5911865234375,5299325
2025-01-17,1596.493273007769,1605.209811452933,1589.5396729640697,1593.9468994140625,2678801
2025-01-20,1604.2304692523621,1611.086155018398,1584.740710092469,1607.3155517578125,3933044
2025-01-21,1619.900566763861,1622.5448548131687,1586.895385383429,1592.624755859375,7958844
2025-01-22,1593.9468724639598,1607.168551590389,1589.0989712724024,1598.1092529296875,3262136
2025-01-23,1591.008815998553,1611.4779591794445,1583.8592671879856,1602.271728515625,2457080
2025-01-24,1600.3618846597449,1627.6376951212437,1600.3618846597449,1610.8902587890625,3620058
2025-01-27,1605.1607516842503,1613.2406666273066,1560.8436424511233,1569.5601806640625,6622807
2025-01-28,1574.5061166137216,1596.6891797430176,1564.075657043929,1584.9854736328125,5216471
2025-01-29,1586.601465377702,1593.3592362705992,1560.3050390752305,1567.4544677734375,5009227
2025-01-30,1573.5756453176868,1611.037069517956,1562.3127334666256,1606.9237060546875,4283637
2025-01-31,1605.3076448713791,1605.3076448713791,1541.7946419255927,1592.7716064453125,8340866
2025-02-01,1593.457234669187,1610.1067570965847,1576.024157482561,1589.7845458984375,2741589
2025-02-03,1586.503594361229,1626.7562383593265,1574.9468195002435,1618.2845458984375,4146970
2025-02-04,1627.8825396936547,1633.9057729850488,1595.4649651491256,1627.1968994140625,6385876
2025-02-05,1635.5706909498217,1640.6634380941864,1615.1015488110334,1626.217529296875,3920893
2025-02-06,1631.5551439002536,1632.926304834808,1579.990574057924,1586.3565673828125,5229162
2025-02-07,1601.3412685835613,1672.3465824915468,1601.292251580089,1642.1815185546875,14873255
2025-02-10,1663.8258611521812,1664.9521762409597,1643.4547533162563,1658.1455078125,6782878
2025-02-11,1670.828463566607,1671.4650868333297,1651.4366199780725,1661.7691650390625,8965266
2025-02-12,1668.8697656618085,1678.369739393697,1649.771784188566,1676.26416015625,7148192
2025-02-13,1674.7459579782233,1692.766640150242,1668.7717419218989,1679.2510986328125,5356002
2025-02-14,1678.663588859265,1688.555339888717,1670.093981856629,1681.6507568359375,5125863
2025-02-17,1676.4598637989536,1681.5037132090663,1631.8979103578247,1641.0062255859375,4906462
2025-02-18,1657.1171467569811,1660.985664378593,1621.6635062140265,1634.493408203125,7529598
2025-02-19,1635.570745505947,1638.949571380284,1604.671142582255,1611.281982421875,7776555
2025-02-20,1606.0421693158396,1615.7871078484175,1593.7019598914164,1609.616943359375,5524503
2025-02-21,1609.6169702047907,1624.5035533216353,1595.611736697941,1605.45458984375,5447583
2025-02-24,1593.4570976951254,1603.7896423701136,1565.0549736427845,1568.2869873046875,4673190
2025-02-25,1564.0756459615916,1615.1505258127734,1564.0756459615916,1607.560302734375,6286808
2025-02-27,1609.5191920486086,1621.859402723816,1604.8671194864478,1616.3748779296875,7568745
2025-02-28,1608.0990279635016,1614.4650220513863,1527.3488892394184,1537.8282470703125,13640211
2025-03-03,1546.4468191727033,1569.7071813990185,1540.3256712184098,1562.9005126953125,6993525
2025-03-04,1556.2406815759798,1557.7097571092486,1535.673624110218,1542.8720703125,5219668
2025-03-05,1545.467381786604,1592.5757108948412,1544.5859126010873,1584.8875732421875,6295425
2025-03-06,1584.642714704449,1598.1092396285444,1557.6606478532499,1593.3592529296875,5174009
2025-03-07,1595.416028168622,1608.5397935019837,1582.2922628352603,1597.0809326171875,3035558
2025-03-10,1606.1891532670866,1620.7819932654293,1593.0653887138053,1597.32568359375,3778450
2025-03-11,1596.3952520780103,1641.838674575503,1590.567967537595,1628.6658935546875,6078564
2025-03-12,1655.1583080000062,1681.2589052292008,1600.3128256047398,1608.9803466796875,9907628
2025-03-13,1616.766517959291,1622.7407340944999,1596.0035136084095,1598.84375,8317331
2025-03-17,1578.9622290826883,1614.4159879653216,1578.9622290826883,1605.356689453125,6405522
2025-03-18,1605.356689453125,1605.356689453125,1605.356689453125,1605.356689453125,0
2025-03-19,1601.2921285732214,1608.1968305270643,1593.9467518366469,1603.3978271484375,6283464
2025-03-20,1625.7767644842215,1674.4031837905209,1612.1633086299164,1670.0938720703125,12074465
2025-03-21,1674.4032671875652,1695.7048613976497,1657.1171219983034,1690.2203369140625,14715349
2025-03-24,1704.1275090711138,1704.1275090711138,1679.4959869689217,1683.3646240234375,4120999
2025-03-25,1689.4367543165135,1704.6172005147198,1670.9263798802256,1694.8233642578125,4857399
2025-03-26,1703.295125819835,1728.61216966309,1690.5631381679254,1702.70751953125,7142394
2025-03-27,1704.0784219460495,1710.395517805376,1677.9289280319506,1689.142822265625,6222339
2025-03-28,1697.5657818317122,1709.7590608367752,1625.776910204237,1697.6636962890625,4133264
2025-04-01,1679.6429856706595,1728.612168926364,1673.2279748426943,1688.6043701171875,6773056
2025-04-02,1684.5398635826323,1724.1069866147252,1681.552695654231,1718.426513671875,6431226
2025-04-03,1711.962673611111,1718.7693423695034,1699.6713605986702,1710.00390625,2341989
2025-04-04,1718.3285846256867,1734.292585669951,1704.1275219428298,1707.50634765625,7817334
2025-04-07,1694.333698317519,1738.161116236426,1634.9830736051072,1651.87744140625,14870388
2025-04-08,1685.2252618936348,1706.380042658806,1671.611925906969,1684.9315185546875,7206935
2025-04-09,1684.1970896124594,1691.2486039536727,1676.3130035396634,1680.181640625,5600666
2025-04-11,1723.7151821461289,1730.5708675296646,1696.6352009704297,1720.38525390625,8340002
2025-04-15,1770.9214425655305,1782.4782172903078,1744.380169944084,1761.71533203125,10313411
2025-04-16,1765.2410351158712,1788.8441561064058,1757.112103365754,1785.0245361328125,6180958
2025-04-17,1796.1895511403925,1858.5762396371617,1788.0606193088586,1850.153564453125,10894325
2025-04-21,1859.2619215563914,1865.040308929045,1830.0762413340394,1844.5711669921875,3501123
2025-04-22,1849.0762634330401,1849.0762634330401,1798.9318702122537,1814.0142822265625,6155127
2025-04-23,1828.5092503490482,1847.0196249997905,1798.2462720538554,1842.8082275390625,6855027
2025-04-24,1835.8546260356482,1839.0866398565374,1801.5761987690448,1807.5504150390625,5180688
2025-04-25,1808.6276562019516,1823.3184102823932,1768.7667912851523,1779.73583984375,4570083
2025-04-28,1798.1484111763282,1800.9886477190944,1776.0143642305343,1784.2412109375,3301891
2025-04-29,1786.1019171638043,1809.7051588045153,1780.1277008012419,1786.199951171875,4684155
2025-04-30,1799.127741000645,1838.2051720240217,1789.3339046315616,1826.060791015625,9139821
2025-05-02,1813.8185074238856,1844.767006641983,1794.3287490111354,1810.0968017578125,3866806
2025-05-05,1829.4886745440615,1834.875284667184,1811.0762139381034,1827.5299072265625,3548839
2025-05-06,1849.3702248690129,1872.5815699385191,1843.7876662389815,1861.808349609375,8597920
2025-05-07,1861.808309777994,1877.4784481033216,1846.6278632753329,1857.6949462890625,5554616
2025-05-08,1857.8906915674736,1866.509315079921,1824.0040428750249,1836.246337890625,5500724
2025-05-09,1816.7566326530948,1832.5246851767095,1798.638035508037,1810.292724609375,3686209
2025-05-12,1830.3701042090893,1844.5711669541938,1815.7772640982137,1832.23095703125,3936019
2025-05-13,1831.4473706707397,1844.8648784525835,1779.1482614157194,1783.0657958984375,8817763
2025-05-14,1792.2721344123156,1832.1330023671208,1782.6741265267808,1796.385498046875,7401614
2025-05-15,1811.7618129469204,1831.3494856755672,1787.3751364890218,1828.705078125,8788351
2025-05-16,1796.1894781581623,1796.1894781581623,1772.7821867839734,1776.601806640625,100662047
2025-05-19,1784.4369038893187,1790.9987261315525,1771.7049171985607,1780.813232421875,5799804
2025-05-20,1772.4885248335593,1787.2771935976427,1762.4008257173512,1771.6070556640625,12512596
2025-05-21,1775.622491413216,1788.8441701964914,1768.0812854101466,1784.9266357421875,6849562
2025-05-22,1782.380276828366,1798.83384993875,1778.8545197014028,1793.6431884765625,6496923
2025-05-23,1787.375067359596,1803.8287596367545,1783.9472247646597,1793.9368896484375,3460945
2025-05-26,1796.189589848645,1811.8597280370739,1793.1535244853703,1809.3133544921875,3254715
2025-05-27,1805.9834265621762,1819.3030201141573,1795.895727279977,1805.78759765625,5847725
2025-05-28,1809.900879115401,1828.5091673747042,1807.0606427861435,1817.8338623046875,3713699
2025-05-29,1819.6947968347397,1828.5092495642944,1812.3494195601106,1825.1793212890625,5786774
2025-05-30,1815.7771666297294,1828.5091532350082,1805.0039471944938,1817.9317626953125,16712960
2025-06-02,1805.983371549025,1820.6741256559856,1793.7410764598912,1815.8751220703125,3199499
2025-06-03,1828.5092225964984,1830.9576816519302,1794.2307958204526,1803.339111328125,5596977
2025-06-04,1816.7566340175993,1845.7463655607316,1811.8597158666082,1836.736083984375,5892170
2025-06-05,1845.158664763406,1850.0555826635211,1830.0761337203191,1840.06591796875,8999675
2025-06-06,1833.5041634496422,1843.1021713352804,1828.8031935177623,1831.643310546875,4644174
2025-06-09,1835.3649759711088,1836.3443596295779,1810.5865215903727,1826.6484375,3649505
2025-06-10,1828.1173764825933,1836.9318287506421,1812.1534957737676,1818.813232421875,7925901
2025-06-11,1819.5968546367014,1828.0195298724475,1809.70510396843,1821.849365234375,8907265
2025-06-12,1833.30819684999,1844.1793309710038,1793.838989688041,1806.17919921875,7346031
2025-06-13,1777.581273695314,1806.5710049919535,1777.581273695314,1802.4576416015625,4613000
2025-06-16,1804.1225208023632,1831.447347382601,1800.8906266274153,1822.9267578125,5722187
2025-06-17,1840.2618268610227,1840.2618268610227,1809.509157200723,1816.560791015625,6561555
2025-06-18,1809.5092379214143,1832.4268396232678,1805.1020114231221,1827.4320068359375,5069427
2025-06-19,1833.406182363812,1840.2618678747876,1825.66902766212,1838.3031005859375,4712312
2025-06-20,1841.2412131370274,1908.8186831936525,1835.3649113929732,1896.772216796875,16228526
2025-06-23,1890.210328725515,1908.8186169357662,1887.3700924037444,1896.3804931640625,2946463
2025-06-24,1910.6795910598546,1922.5301093411883,1889.3289796196211,1893.7362060546875,6837210
2025-06-25,1901.9629865369286,1929.3857278464209,1898.045452064144,1925.076416015625,4152765
2025-06-26,1929.3858384138896,1976.7880321617974,1925.7621666403675,1972.7725830078125,9413241
2025-06-27,1968.5610360301632,1996.9631604305985,1967.1898750794098,1985.3084716796875,6405854
2025-06-30,1976.3961578951812,1982.174545201148,1958.963081525383,1968.1693115234375,5597484
2025-07-01,1967.5817202822354,1988.9323313203035,1965.5250385620116,1977.767333984375,3769165
2025-07-02,1995.0044088316156,2003.6230324006106,1976.6899831895798,1991.3807373046875,6513288
2025-07-03,1999.7055655106897,2002.7416308862903,1971.4013543821982,1977.66943359375,5558647
2025-07-04,1985.2106785867777,1994.5148233556847,1963.7621525245636,1975.6126708984375,2178315
2025-07-07,1976.3961602018137,1994.0250654959825,1969.1486974479224,1991.9683837890625,4165432
2025-07-08,1984.2311472925646,1993.0455995757004,1973.26209893946,1988.148681640625,3624619
2025-07-09,1993.0456522551126,1998.6280910271873,1957.2981503841977,1978.06103515625,2937734
2025-07-10,1986.7776124227605,1986.7776124227605,1921.844549338382,1923.9991455078125,5695845
2025-07-11,1901.9629299796338,1918.7103654420487,1874.736018381942,1882.27734375,13103980
2025-07-14,1875.5195865051714,1887.7618814562495,1861.02466146163,1881.2979736328125,5269381
2025-07-15,1885.1176201785156,1902.9423540574337,1883.5505107597269,1894.32373046875,4163140
2025-07-16,1903.9217791883793,1903.9217791883793,1889.0351958145457,1896.67431640625,4211258
2025-07-17,1903.6279716002293,1904.8033037241096,1887.8599185892729,1890.112548828125,6256455
2025-07-18,1891.297532184274,1892.186370351953,1868.287196150176,1877.372802734375,4643961
2025-07-21,1871.2498968225996,1896.03790902182,1869.0771679217364,1885.4708251953125,5109654
2025-07-22,1885.4709045378984,1887.5449005198893,1859.5965870759885,1883.100830078125,4513541
2025-07-23,1896.1366273100134,1924.776190951675,1883.5945217985336,1919.640869140625,5194282
2025-07-24,1919.640869288336,1945.9102380372574,1909.6663041284937,1912.0364990234375,4150685
2025-07-25,1912.0365326436295,1928.4301900794749,1901.0745166840238,1913.814208984375,3896884
2025-07-28,1906.0124370549743,1906.0124370549743,1861.5717325640553,1866.805908203125,3575044
2025-07-29,1856.6338604698753,1899.6919407829134,1856.6338604698753,1894.4578857421875,3748040
2025-07-30,1909.9627019164334,1915.098023938185,1898.2105805189387,1908.580078125,5044683
2025-07-31,1889.2236775971553,1902.5558885995397,1872.039914861235,1890.507568359375,4674966
2025-08-01,1890.2112083270038,1895.840315741839,1854.6586464148972,1860.9791259765625,5192594
2025-08-04,1868.4846269252325,1896.0378862849125,1855.1524163208508,1890.8037109375,3074380
2025-08-05,1896.1366510069379,1913.5178795305437,1888.3348146343578,1907.7900390625,5167672
2025-08-06,1906.0123840294045,1940.3799094341891,1897.7167619779266,1905.716064453125,5461349
2025-08-07,1904.1359872478954,1909.2714297675527,1885.3721346386885,1898.704345703125,4268534
2025-08-08,1862.8555496510396,1870.262333439792,1832.932094923232,1835.499755859375,93801105
2025-08-11,1839.8450716527227,1842.8077851336448,1822.7600423581562,1834.314697265625,5266532
2025-08-12,1834.3147096906787,1841.820226449231,1824.1426784493622,1827.302978515625,4645011
2025-08-13,1829.9693807079097,1849.227018551301,1828.784343523411,1844.1904296875,6697206
2025-08-14,1849.7207591186288,1859.5964705928338,1843.597866225869,1850.5108642578125,3958631
2025-08-18,1868.9784718755761,1888.828628628729,1847.0544397398173,1868.781005859375,7146376
2025-08-19,1877.4715117278834,1907.7900187292848,1876.3852075604461,1885.964599609375,5706265
2025-08-20,1912.9253388505097,1927.7389062654595,1902.0620560795467,1904.4322509765625,6962619
2025-08-21,1906.0124292991263,1916.7769795648605,1903.7409673020275,1905.9136962890625,3376913
2025-08-22,1909.962613891984,1923.4922904951002,1893.5689568285607,1909.2713623046875,3271920
2025-08-25,1915.8880734007598,1915.9868064073212,1889.4211177737689,1906.70361328125,2451388
2025-08-26,1898.2104956306462,1901.8645812412458,1872.6323785689278,1881.0267333984375,5984656
2025-08-28,1869.472213737456,1876.1877458749298,1854.8561122867761,1857.7200927734375,5494113
2025-08-29,1849.2270046952606,1876.483944712588,1849.2270046952606,1865.324462890625,4339042
2025-09-01,1865.5219814877794,1881.1256545409544,1860.7815915454387,1876.977783203125,3421488
2025-09-02,1880.8292921474092,1893.6677173497806,1854.6586561579597,1863.7442626953125,4423049
2025-09-03,1867.4970827599643,1868.5833869365088,1846.7580881867443,1860.4853515625,3803044
2025-09-04,1875.397731091777,1879.8418015446011,1853.276111838205,1857.0289306640625,5205333
2025-09-05,1863.5467635620546,1886.952151639917,1852.3871613247754,1871.74365234375,2620140
2025-09-08,1874.4100683146278,1875.3976394781234,1860.682805031415,1864.238037109375,2547552
2025-09-09,1868.4846294024633,1880.335483288737,1859.5964889877582,1870.1634521484375,4517793
2025-09-10,1880.3355850574942,1881.3231562681335,1859.5965896340658,1867.8922119140625,3566139
2025-09-11,1860.5840691159176,1892.1863462983536,1858.7076597975863,1889.2236328125,4718266
2025-09-12,1901.0744991418314,1901.0744991418314,1877.9653096909897,1878.952880859375,3192824
2025-09-15,1880.3355601043581,1889.2237008821623,1874.8051855087938,1880.829345703125,3553258
2025-09-16,1879.6442589226012,1917.8632150381059,1878.8541537641588,1915.394287109375,5427586
2025-09-17,1914.0116969342262,1925.8625512000215,1908.5800553957365,1917.1719970703125,4234637
2025-09-18,1920.3321313076867,1925.566306706066,1896.630423335774,1916.974365234375,5080814
2025-09-19,1906.2099003473625,1952.2308151523634,1903.8398258870736,1938.009765625,11287603
2025-09-22,1929.7141103475217,1941.5649646587653,1919.8383984214852,1931.88671875,4469137
2025-09-23,1925.7638508912387,1930.701706919165,1906.111159789467,1914.604248046875,4348633
2025-09-24,1902.0620440339374,1913.2216463037748,1894.9515799410397,1907.0986328125,5237977
2025-09-25,1906.0123501909477,1925.7637735089886,1904.8273130131136,1911.542724609375,7133365
2025-09-26,1907.0987130100048,1920.5296571686774,1888.1373942628345,1892.7789306640625,3239306
2025-09-29,1904.0372461419377,1904.0372461419377,1873.9163249763105,1878.557861328125,5072608
2025-09-30,1872.4349394291717,1883.8907408973337,1851.893410859755,1855.0537109375,5945625
2025-10-01,1844.7829920417032,1853.6711327956514,1832.833404694242,1844.387939453125,5675393
2025-10-03,1828.1917317296138,1876.6815734160555,1825.1302851629223,1873.126220703125,5828332
2025-10-06,1869.0771580670203,1883.2982069178736,1864.0405692488132,1879.4466552734375,2809218
2025-10-07,1876.3852164435102,1921.8134901047742,1876.3852164435102,1905.0247802734375,5713060
2025-10-08,1905.024822261605,1938.2071900783988,1903.642198487338,1919.3446044921875,4957406
2025-10-09,1920.8259948667612,1924.578813669242,1907.2963175714692,1917.86328125,3945737
2025-10-10,1912.9253261820775,1923.3935563086916,1911.3452364455711,1915.789306640625,2512581
2025-10-13,1913.8141953753518,1941.4661881486695,1911.9377860408238,1930.6029052734375,3672419
2025-10-14,1939.5897682426169,1939.5897682426169,1915.0979551270627,1922.406005859375,4454239
2025-10-15,1932.874211233326,1951.4405971194756,1927.3438368905747,1944.0338134765625,3447352
2025-10-16,1937.9109209979117,1962.2051472416201,1937.6146014308795,1942.947509765625,3700674
2025-10-17,1949.0704075960111,2009.016049042492,1945.8114951160508,1986.9931640625,6743801
2025-10-20,2000.819253704416,2031.4339609427361,1994.5975069153783,2026.0023193359375,7387180
2025-10-21,2026.2985734971805,2032.9152521105889,2013.1638287235537,2018.1016845703125,240850
2025-10-23,2038.248079880311,2041.3096470077273,1978.6976095346013,1982.9442138671875,8790128
2025-10-24,1983.0429326806875,2007.7322122210348,1981.9566284915368,2004.0782470703125,3236799
2025-10-27,2004.7694155812908,2067.973968584839,2004.7694155812908,2054.246826171875,5796831
2025-10-28,2065.998867716355,2076.4672184599,2045.9511249374389,2064.22119140625,9891522
2025-10-29,2057.110837700071,2084.170192507201,2055.7283344436864,2074.4921875,2742750
2025-10-30,2044.2723734029337,2062.0486549107854,2033.0141582237939,2040.618408203125,4222189
2025-10-31,2030.4463225731627,2048.0251375948988,2026.1997183270773,2028.9649658203125,4659723
2025-11-03,2029.458803564971,2055.135654607642,2021.75570003092,2048.22265625,2979629
2025-11-04,2080.8124331611193,2109.0570647665995,2077.355934102712,2087.0341796875,12263078
2025-11-06,2088.7130703636412,2096.90995947568,2054.6418642513268,2068.86279296875,9546299
2025-11-07,2022.5457719154097,2022.5457719154097,1970.7970180936684,1976.327392578125,70392750
2025-11-10,1970.2044759274668,2003.584429555406,1967.4392284417588,1994.6962890625,7457061
2025-11-11,1994.9924739178298,2031.3350202322856,1992.3260800101352,2016.9166259765625,14825625
2025-11-12,2034.396616077751,2053.950573521495,2029.359906653702,2048.025146484375,8210277
2025-11-13,2073.800695841544,2080.812547903464,2053.160553911391,2065.801513671875,5958875
2025-11-14,2064.0238564457277,2081.7012848981435,2056.0244330954692,2074.5908203125,6312655
2025-11-17,2085.75028789569,2095.625999486105,2074.7881515878325,2085.94775390625,5998770
2025-11-18,2095.626147902284,2132.1662833746614,2084.0716127444325,2122.488037109375,10972556
2025-11-19,2128.2159089072215,2139.276657985165,2120.0190198303203,2132.956298828125,7419461
2025-11-20,2126.339531775546,2142.338136126123,2123.179111222048,2131.474853515625,7452899
2025-11-21,2123.3768165886067,2147.4734560986562,2121.8954598702126,2135.820068359375,6720938
2025-11-24,2135.227762664242,2138.8817278396996,2113.7972749931514,2125.35205078125,9686848
2025-11-25,2132.166105295353,2143.720639488166,2112.118362800138,2134.73388671875,7102592
2025-11-26,2077.849783725252,2108.3656370532426,2071.4305709903592,2100.366455078125,43174047
2025-11-27,2105.501734810856,2110.340737102211,2077.652276033199,2089.3056640625,4444877
2025-11-28,2091.675807612178,2103.032876444822,2070.3441731883636,2075.479736328125,6263457
2025-12-01,2088.4168196683736,2092.663424153835,2057.209713646303,2063.7275390625,5058900
2025-12-02,2063.8263903680922,2088.5156709469375,2061.1599962868277,2077.849853515625,6591396
2025-12-03,2073.9983364413933,2083.6763411431734,2055.728269568397,2060.073486328125,4357641
2025-12-04,2068.764202928744,2082.2938801798505,2048.3215272611046,2077.65234375,4611819
2025-12-05,2066.5914834930163,2085.65141378975,2064.02370206231,2082.590087890625,2938290
2025-12-08,2088.120455805432,2088.120455805432,2053.061678088443,2060.27099609375,4327091
2025-12-09,2060.863678954721,2074.294502940563,2054.543078455864,2063.7275390625,5139229
2025-12-10,2046.247426070392,2070.837851302198,2036.5691805636764,2041.3095703125,3987451
2025-12-11,2040.3221120043302,2043.4822916429123,2012.670118230796,2027.68115234375,3254850
2025-12-12,2027.5824025977115,2061.1598213348784,2025.1134747493904,2057.505615234375,2706420
2025-12-15,2044.3712473643945,2053.0616810810616,2035.8780385611733,2043.97607421875,3233614
2025-12-16,2044.371089167985,2080.417435351493,2044.371089167985,2075.87451171875,5756692
2025-12-17,2091.280828604945,2101.551472441295,2070.344126689988,2081.800048828125,6412516
2025-12-18,2072.9120220818895,2090.2933722588573,2062.1475920638436,2065.9990234375,3760341
2025-12-19,2087.6265339151837,2088.712958610383,2056.123111029228,2071.6279296875,10127415
2025-12-22,2091.6757556638554,2124.9568561517053,2075.578297236128,2120.907958984375,7670853
2025-12-23,2130.1909203006003,2137.1039181875285,2092.8606834899415,2096.5146484375,4110853
2025-12-24,2084.76282548779,2110.637142983157,2084.76282548779,2097.304931640625,3145464
2025-12-26,2096.6135262076054,2096.6135262076054,2075.6770663009197,2079.232177734375,1297870
2025-12-29,2079.232272760599,2086.441590619533,2053.55542199624,2055.728271484375,2371034
2025-12-30,2051.1852343409278,2076.66461768302,2045.8524466883603,2073.701904296875,6983390
2025-12-31,2069.9491520589277,2094.6384310672643,2064.1225786554564,2079.429931640625,2991434
2026-01-01,2088.5156239634994,2097.502377228279,2080.8125203749382,2084.170166015625,2097756
2026-01-02,2081.800160766766,2098.5888717406915,2071.9244484291626,2080.121337890625,2927138
2026-01-05,2075.973542269958,2085.8492543951065,2070.4430470373736,2078.83740234375,2642580
2026-01-06,2080.614901614532,2095.4284685411026,2061.5547306144313,2079.133544921875,9119265
2026-01-07,2069.554355063594,2077.6523908854297,2051.185433840431,2058.2958984375,4171371
2026-01-08,2062.0486549107854,2065.998939690308,2029.4588054797239,2040.618408203125,5534929
2026-01-09,2044.4698113831362,2058.0983419068393,1998.0539658602852,2001.905517578125,4165409
2026-01-12,1998.350250124698,2023.3358487922794,1976.426218507662,2018.595458984375,4689135
2026-01-13,2021.5581640128967,2024.422023933682,1989.8571538954727,2001.7080078125,7388496
2026-01-14,1990.054620204551,2008.7197392372914,1983.7341406705648,1997.3626708984375,4842964
2026-01-15,1997.3626708984375,1997.3626708984375,1997.3626708984375,1997.3626708984375,0
2026-01-16,1994.893733023803,2004.473125005689,1963.9827076522358,1991.3385009765625,7310676
2026-01-19,1997.8564917113652,1997.8564917113652,1971.4883894982622,1985.01806640625,4272071
2026-01-20,1992.918581914806,1992.918581914806,1952.5268977445612,1971.1920166015625,6076838
2026-01-21,1952.4281864091545,1982.154054261563,1942.552474793529,1971.290771484375,7952295
2026-01-22,1983.8330075478484,1993.807452219183,1965.2666213958255,1977.31494140625,6722567
2026-01-23,1984.030498573622,1986.6968925356227,1955.4896673904352,1960.032470703125,4340925
2026-01-27,1947.5891560827586,1978.895235722646,1938.3059626126596,1948.873046875,10510891
2026-01-28,1970.2044950583875,1970.2044950583875,1914.9005092321872,1933.3680419921875,9426909
2026-01-29,1939.5898544243773,1946.0090672827064,1914.9005742000345,1943.44140625,6065044
2026-01-30,1901.6670297269297,1949.4654986888927,1901.6670297269297,1944.2313232421875,7683747
2026-02-02,1912.0365284508803,1945.317749391463,1902.5558692783113,1940.972412109375,5326225
2026-02-03,2024.5209047467765,2024.5209047467765,1955.4896556401525,1972.4759521484375,6915795
2026-02-04,1983.0428892327334,2009.3122579774831,1973.5622302075833,2000.6217041015625,7464725
2026-02-05,1986.9932118148427,1997.7577617747622,1960.3287899863135,1967.6368408203125,7708690
2026-02-06,1969.2168801489804,2024.2245451796375,1963.7852388045374,2013.0650634765625,13870403
2026-02-09,2025.7059791967183,2029.656263961574,2003.4856273944054,2012.8675537109375,7570161
2026-02-10,2026.4961015551173,2031.4339575530587,1983.438021363694,1986.302001953125,9077763
2026-02-11,1987.8820240993398,1995.8813264331036,1971.8832988786914,1987.0919189453125,7423601
2026-02-12,1994.1036945654223,2001.8067980529831,1984.1292496773617,1989.462158203125,7437690
2026-02-13,1988.8696629147487,1999.041573938394,1967.2418295336483,1979.783935546875,4808543
2026-02-16,1985.0180967100746,2006.942128959951,1970.2045288241784,2004.177001953125,3455964
2026-02-17,2002.7943131900101,2013.1638103736861,1989.1657829559306,1995.1900634765625,4471158
2026-02-18,1994.9925654101178,2003.3869206454656,1989.9559763795341,1996.6715087890625,2182669
2026-02-19,2006.7446467170569,2006.7446467170569,1950.2556231901685,1963.884033203125,4712417
2026-02-20,1956.4772072700266,1968.9205798155008,1946.5027626325084,1952.8232421875,5180301
2026-02-23,1969.2169190561328,1975.6361316809398,1959.2424743189804,1972.4759521484375,3728878
2026-02-24,1972.475914555702,1972.475914555702,1897.914292411682,1916.8756103515625,10006761
2026-02-25,1930.7017125761574,1937.417245015064,1880.335580943736,1889.6187744140625,8285195
2026-02-26,1890.2112233962027,1910.9502180102677,1880.8292972612687,1905.6173095703125,10795028
2026-02-27,1886.2610149406055,1891.1988710006594,1846.8568994707498,1855.942626953125,13754648
2026-03-02,1827.1054642116926,1872.3362736702609,1824.932855779622,1849.9183349609375,11785758
2026-03-04,1837.9686774946206,1896.1366434270433,1792.7379903114106,1882.2119140625,20565585
2026-03-05,1895.1490717919385,1905.1235164802192,1873.6199721037467,1883.2982177734375,11398717
2026-03-06,1876.385248101966,1878.4591234760856,1843.894132063681,1847.5482177734375,10896859
2026-03-09,1808.2427814898845,1849.1282513425515,1795.5030895031166,1843.4990234375,8073518
2026-03-10,1857.4239213451783,1857.6213873596932,1823.5501816904166,1827.4017333984375,11741600
2026-03-11,1818.1185581057389,1824.7352368477207,1777.134353781248,1784.5411376953125,9548404
2026-03-12,1775.554221233877,1795.206911523239,1768.7399560864042,1778.9119873046875,12922735
2026-03-13,1758.9629549302274,1793.4292122498375,1754.5188847456875,1780.98583984375,8970772
2026-03-16,1775.6529894874043,1782.467254770144,1748.8898345017506,1766.5673828125,14261268
2026-03-17,1774.6654662083718,1811.6993866217351,1768.8387719527107,1804.2926025390625,7181491
2026-03-18,1804.09508784673,1845.770543606319,1804.09508784673,1832.339599609375,6428092
2026-03-19,1803.897549944028,1838.1663432984026,1793.7256388023666,1804.2926025390625,7145082
2026-03-20,1811.2055640682022,1837.771253213415,1811.2055640682022,1823.1551513671875,7691633
2026-03-23,1804.2925410683094,1807.2552546004413,1769.727549860104,1773.5791015625,6874051
2026-03-24,1793.7256096678125,1804.0951072151279,1758.8642982636834,1779.7020263671875,7535860
2026-03-25,1791.4540988288527,1826.2165557226956,1787.6025471628632,1812.0943603515625,12473682
2026-03-27,1817.032259179686,1833.8209694335987,1795.7994785644432,1820.9825439453125,24490425
2026-03-30,1795.404459196129,1801.8236720590414,1752.4451115750994,1760.2469482421875,14240129
2026-04-01,1788.4913480380824,1794.713094488286,1754.4201434509405,1759.7530517578125,10694662
2026-04-02,1743.0630952863276,1777.035567259756,1725.1880814226272,1767.4560546875,10857093
2026-04-06,1789.577752073109,1791.7504810506462,1741.4830827290216,1770.5177001953125,8183498
2026-04-07,1765.8760583054745,1817.1310282677834,1749.9761859187568,1807.5516357421875,10057628
2026-04-08,1840.8327194080457,1848.2395034185392,1817.3284765934955,1838.4625244140625,11587604
2026-04-09,1846.6594146125253,1846.6594146125253,1823.155171785176,1836.2899169921875,10113053
2026-04-10,1844.7829143340575,1851.3008598351064,1836.783612103083,1846.758056640625,5857988
2026-04-13,1815.1558562332882,1870.1635235681833,1815.1558562332882,1847.64697265625,10371983
2026-04-15,1857.127555027025,1867.398319138862,1830.561866874802,1832.6357421875,11049107
2026-04-16,1840.338915135399,1841.7215389139549,1800.5397479015621,1817.7235107421875,15871247
2026-04-17,1814.266944888646,1828.389260627552,1806.958894230423,1823.9451904296875,7344787
2026-04-20,1841.8202709853854,1841.8202709853854,1816.3408860395123,1823.1551513671875,9243641
2026-04-21,1807.2553000231637,1845.6718438993087,1807.2553000231637,1831.944580078125,10485373
2026-04-22,1827.2041611288694,1834.808531597159,1802.6137350263361,1806.2677001953125,5687058
2026-04-23,1799.1572552561386,1823.056430006809,1789.577742311552,1818.3160400390625,7489947
2026-04-24,1822.0687964600484,1827.6979038701402,1784.8374118213812,1791.9478759765625,6306448
2026-04-27,1793.5279867844245,1805.675160458021,1791.4541114275748,1797.478271484375,4413769
2026-04-28,1803.304973845387,1828.981824513503,1790.071495928887,1820.8837890625,10558455
2026-04-29,1825.03159727464,1876.7803528231393,1822.4639362375847,1864.6331787109375,7713013
2026-04-30,1836.8824091819024,1882.310683817584,1836.8824091819024,1863.349365234375,12709188
2026-05-01,1863.349365234375,1863.349365234375,1863.349365234375,1863.349365234375,0
2026-05-04,1849.9182415409805,1871.7436605351234,1799.0583269975498,1804.3912353515625,10707858
2026-05-05,1805.280177426069,1823.0564592606802,1778.6157546741522,1783.65234375,11407461
2026-05-06,1794.416789611275,1818.6122829219387,1791.2566101348034,1810.9091796875,5507749
2026-05-07,1812.1930828114023,1820.9824902664523,1798.5645525504826,1803.8974609375,7914845
2026-05-08,1797.379558622496,1817.9210875137167,1792.6391687081764,1811.6993408203125,4839183
2026-05-11,1791.4541675863443,1797.1821288020824,1734.1750376414666,1737.9278564453125,15803791
2026-05-12,1729.7309124435978,1754.4201918104775,1729.7309124435978,1734.965087890625,11945399
2026-05-13,1718.8676127570984,1775.652954747063,1718.8676127570984,1766.9622802734375,9825413
2026-05-14,1797.3795616123573,1865.7194395798856,1774.9617438728374,1860.09033203125,21279151
2026-05-15,1859.7939872467946,1899.0006351989316,1857.0288602905885,1881.7181396484375,15807294
2026-05-18,1881.1256701194588,1929.5166589230141,1866.904620727789,1914.01171875,13888648
2026-05-19,1904.432241563304,1917.8631851758478,1884.0882998579534,1889.7174072265625,8962228
2026-05-20,1890.2112388633832,1890.2112388633832,1874.1137804052098,1881.224365234375,5778742
2026-05-21,1887.248573752857,1891.4951781578525,1857.423971567338,1861.8680419921875,6419014
2026-05-22,1867.7934378406026,1873.0274928100464,1846.0668716841888,1848.1407470703125,5099120
2026-05-25,1868.9784971860931,1868.9784971860931,1839.9438797770422,1851.49853515625,5903841
2026-05-26,1850.7083446217582,1850.7083446217582,1821.8713151146414,1823.9451904296875,5803034
2026-05-27,1817.5260535063592,1846.1656181947292,1817.5260535063592,1829.1793212890625,8653155
2026-05-28,1829.1793212890625,1829.1793212890625,1829.1793212890625,1829.1793212890625,0
2026-05-29,1836.8824069782838,1836.8824069782838,1795.8982027365641,1806.2677001953125,52886264
2026-06-01,1807.255218040733,1819.1060719295247,1781.4796349432352,1788.0963134765625,6391656
2026-06-02,1762.8145806943191,1802.3174284409706,1755.3090637330802,1791.651611328125,10791294
2026-06-03,1807.1565500072857,1812.686924576928,1782.4672701846632,1801.4285888671875,5832363
2026-06-04,1792.4416612434447,1807.057762680342,1776.0480040446246,1796.293212890625,6735759
2026-06-05,1802.2186869457869,1805.0826675045578,1768.443679949568,1775.8504638671875,3926715
2026-06-08,1753.0375270605523,1797.478228881691,1748.9885094496947,1790.7628173828125,6324919
2026-06-09,1814.1682067158622,1814.1682067158622,1766.9622574162158,1776.6405029296875,10377475
2026-06-10,1776.6405954077302,1785.232416658435,1748.9886017048862,1753.1363525390625,7999362
2026-06-11,1750.9636768570203,1773.6778136690402,1746.61833961714,1760.4443359375,5020731
2026-06-12,1761.8270195687587,1802.3174387404622,1761.8270195687587,1799.8485107421875,5910557
2026-06-15,1818.118574020875,1833.9197131758635,1793.4292940912053,1818.3160400390625,5307277
2026-06-16,1817.3284012762938,1836.0922533252306,1814.365687794883,1829.9693603515625,5957732
2026-06-17,1829.9693895521034,1854.6586689578253,1818.6123210254714,1852.38720703125,7653632
2026-06-18,1855.448819958757,1855.448819958757,1838.6601095481026,1851.49853515625,4262944
2026-06-19,1851.0046779619659,1893.6677039576514,1843.9928262662233,1887.051025390625,15918432
2026-06-22,1891.9889460389197,1900.5807672252354,1877.372844112846,1892.7789306640625,3798060
2026-06-23,1883.890759112051,1903.74091572211,1873.1262091379713,1877.96533203125,5155908
2026-06-24,1867.694550058648,1870.5585305646887,1849.6220699642718,1853.9674072265625,8957457
2026-06-25,1861.5716145852227,1865.521899178507,1825.031482097343,1827.6978759765625,8521503
2026-06-26,1827.6978759765625,1827.6978759765625,1827.6978759765625,1827.6978759765625,0
2026-06-29,1814.2670004150261,1826.809226800286,1810.316715673802,1818.21728515625,10940130
2026-06-30,1829.9693826959665,1853.276038257023,1820.2911369839348,1828.9818115234375,7233634
2026-07-01,1822.661394780927,1863.546866844581,1822.661394780927,1847.7457275390625,4307333
2026-07-02,1837.6724606170815,1860.3865972707272,1827.2041098907312,1851.6959228515625,5282404
2026-07-03,1866.5095296823379,1889.2236668160383,1861.5716737837074,1886.656005859375,5087043
2026-07-06,1892.9764601311326,1908.6787452356762,1891.7913023994834,1901.7657470703125,2740217
2026-07-07,1899.5931620913436,1932.1830109860744,1893.1739494302603,1901.8646240234375,5767438
2026-07-08,1887.2485835453665,1900.284475304649,1851.7947529725336,1864.6331787109375,6188780
2026-07-09,1878.360336320119,1941.564890223635,1875.2001568461908,1907.0986328125,11145066
2026-07-10,1906.0123975990975,1906.0123975990975,1882.310689027917,1896.53173828125,6420887
2026-07-13,1890.2112843339596,1893.1739979457682,1873.1262542846123,1878.1629638671875,7862506
2026-07-14,1861.5717235105217,1916.9744440624643,1861.5717235105217,1912.431640625,6964062
2026-07-15,1929.417809863854,1929.417809863854,1892.7789423662703,1894.4578857421875,5763065
2026-07-16,1904.037199621479,1911.9377689145142,1893.1739168435556,1897.914306640625,4644787
2026-07-17,1894.1615344227657,1901.2719987394955,1879.0516470583107,1885.075927734375,4715613
2026-07-20,1877.570273509941,1918.3570113416981,1877.570273509941,1915.98681640625,6437294
2026-07-21,1922.208573455593,1927.7389479661829,1914.6042030195495,1924.1837158203125,5061312
2026-07-22,1918.2582993880105,1931.6892434321287,1915.3943188326245,1924.7762451171875,6589708
2026-07-23,1923.7887105126877,1924.6775487092787,1901.864677946781,1907.0,5612121
2026-07-24,1900.199951171875,1905.0,1878.0,1898.199951171875,4483600
2026-07-27,1892.0,1917.0,1890.0,1905.300048828125,5230299
2026-07-28,1901.0,1908.4000244140625,1892.4000244140625,1901.800048828125,6309089
2026-07-29,1915.199951171875,1957.0,1913.0999755859375,1950.199951171875,6315728
2026-07-30,1954.0,1963.199951171875,1943.9000244140625,1956.800048828125,5356472
2026-07-31,1969.0,1976.4000244140625,1947.4000244140625,1972.0,6529385
2026-08-03,1987.4000244140625,1987.4000244140625,1943.0,1970.5,4361200
2026-08-04,1980.0,1980.0,1936.0,1970.0999755859375,4977391
2026-08-05,2020.0,2031.0,1951.800048828125,1978.0,14286999
2026-08-06,1969.0,1970.0,1944.300048828125,1948.0,5391645
2026-08-07,1938.300048828125,1961.0,1938.300048828125,1959.9000244140625,3019876
2026-08-10,1955.0,1959.0,1935.0,1943.0,3671000
2026-08-11,1934.800048828125,1938.300048828125,1914.4000244140625,1915.199951171875,6798617
2026-08-12,1908.5999755859375,1945.0,1901.300048828125,1945.0,10871157
2026-08-13,1965.0,1970.0,1930.5,1939.0999755859375,13019222
2026-08-14,1939.0999755859375,2005.800048828125,1932.0,1992.0999755859375,12282580
2026-08-17,1984.199951171875,1993.199951171875,1969.300048828125,1969.300048828125,5537411
2026-08-18,1956.699951171875,1959.699951171875,1923.199951171875,1934.199951171875,6710275
2026-08-19,1924.800048828125,1941.800048828125,1922.0,1922.0,6252338
2026-08-20,1944.0,1952.199951171875,1933.0,1941.699951171875,4390604
2026-08-21,1950.0,1954.9000244140625,1940.5,1946.0,3016258
2026-08-24,1950.0,1952.5,1932.5,1935.0,2277098
2026-08-25,1926.0,1947.0,1923.4000244140625,1947.0,3820206
2026-08-26,1933.5,1942.9000244140625,1902.0999755859375,1902.0999755859375,4552921
2026-08-27,1915.0,1915.0,1878.300048828125,1878.300048828125,8757645
2026-08-28,1875.699951171875,1894.300048828125,1867.5999755859375,1882.4000244140625,6106300
2026-08-31,1880.0,1895.5,1811.9000244140625,1811.9000244140625,16921326
2026-09-01,1852.0,1877.199951171875,1848.5,1877.199951171875,9900740
2026-09-02,1869.0,1873.0,1854.9000244140625,1862.800048828125,4125938
2026-09-03,1855.5999755859375,1869.0,1855.5999755859375,1869.0,3700992
2026-09-04,1868.0999755859375,1870.699951171875,1840.0,1840.0,3614328
2026-09-07,1845.0,1855.5,1830.4000244140625,1854.0,5972458
2026-09-08,1846.199951171875,1848.800048828125,1829.0,1844.0,4169706
2026-09-09,1830.5,1834.800048828125,1813.0,1814.699951171875,5574027
2026-09-10,1815.0999755859375,1849.0,1814.0,1839.0,4588126
2026-09-11,1832.0,1852.0,1830.5,1831.0999755859375,4181325
2026-09-14,1831.0999755859375,1831.0999755859375,1831.0999755859375,1831.0999755859375,0
2026-09-15,1844.0,1844.0,1819.5999755859375,1830.4000244140625,4066471
2026-09-16,1835.800048828125,1838.0,1818.5999755859375,1835.0,2925053
2026-09-17,1841.800048828125,1845.9000244140625,1827.5999755859375,1836.0,4368285
2026-09-18,1843.0,1893.300048828125,1835.300048828125,1893.300048828125,14189780
2026-09-21,1854.800048828125,1854.800048828125,1822.0,1830.199951171875,9716580
2026-09-22,1833.9000244140625,1836.300048828125,1813.0,1817.199951171875,4134236
2026-09-23,1818.0999755859375,1836.699951171875,1818.0,1833.199951171875,3698253
2026-09-24,1829.699951171875,1829.9000244140625,1795.800048828125,1795.800048828125,4567379
2026-09-25,1794.0,1801.699951171875,1785.0,1785.4000244140625,4766200
2026-09-28,1772.0,1784.300048828125,1763.699951171875,1771.4000244140625,4683537
2026-09-29,1764.0,1787.5,1762.0,1771.199951171875,9811381
2026-09-30,1775.199951171875,1779.5,1753.699951171875,1757.0,8080358
2026-10-01,1745.0,1765.800048828125,1726.300048828125,1741.0999755859375,5609657
