Date,Open,High,Low,Close,Volume
2019-10-03,159.10907155626683,173.12170395893838,158.53188647942346,170.4602508544922,51969202
2019-10-04,174.75701661617202,174.75701661617202,164.047139022873,165.313720703125,55031842
2019-10-07,160.9848881599465,162.71643351896626,152.4554703751077,157.3294219970703,54898474
2019-10-09,157.12099735047858,158.96476415612193,154.44352533646438,158.0348663330078,21716066
2019-10-10,157.12099568910392,158.4036160620762,155.2291325960932,157.08892822265625,9259080
2019-10-11,156.52777159669375,157.93865195778582,153.4655195702684,156.47967529296875,14742088
2019-10-14,157.29734747623579,160.0068868491504,154.94054043831372,155.8223419189453,23112252
2019-10-15,157.1049721455904,158.56394895479005,156.46366193748207,157.21719360351562,11684324
2019-10-16,161.898757393798,166.74065134180853,160.7443970812313,164.30368041992188,40761516
2019-10-17,164.3036767989113,165.23356482200685,161.64223366670115,164.59225463867188,16703674
2019-10-18,163.53409428835036,171.51841377915727,162.4919652561207,166.8368377685547,28373482
2019-10-22,170.5884730971052,172.7047884310963,167.49414428104373,171.2618408203125,27148144
2019-10-23,170.42820918894682,172.1276775394246,168.21568086486653,169.01731872558594,10594102
2019-10-24,168.63253012467686,168.63253012467686,160.5359788140954,164.51210021972656,28158152
2019-10-25,165.69852501678568,170.97330539262157,163.45393928844993,168.07138061523438,26762366
2019-10-27,169.5944842307234,169.62654191109792,167.0613012016673,168.9210968017578,2076306
2019-10-29,171.22982659199735,171.22982659199735,166.09934489635697,167.67056274414062,16633944
2019-10-30,168.98524436380814,171.42221539141465,166.2436470649421,168.37599182128906,15046050
2019-10-31,168.9852339769958,170.2197482563039,166.91700471331524,168.85696411132812,14271838
2019-11-01,166.75672345168692,168.60049074782023,165.45807387909304,166.54830932617188,10122286
2019-11-04,166.74066078561432,169.12954532073218,164.91292270506344,167.44610595703125,9362690
2019-11-05,166.42000856261325,167.44610886876856,164.62434770526806,165.93902587890625,6563058
2019-11-06,166.0993380615869,168.42408748426357,165.49008555680575,167.9912109375,7611862
2019-11-07,168.11947517829861,168.84094919691051,163.63030350693558,164.56021118164062,8203706
2019-11-08,165.13739116864085,165.361853672826,160.4878918056403,161.20936584472656,19724600
2019-11-11,162.45988698123293,166.5803065301017,160.00687768723915,165.97105407714844,17530142
2019-11-13,164.8167149936431,167.70261078146956,162.7003894587804,163.566162109375,14465586
2019-11-14,162.57212726810852,166.75667219182802,161.54602708708094,165.025146484375,10832162
2019-11-15,164.80069681631173,164.80069681631173,161.61017457464862,162.42784118652344,8330994
2019-11-18,166.74064193893747,169.30588258415187,165.858840467145,167.30178833007812,34144672
2019-11-19,166.94907874335732,167.34989760179116,164.65638704462242,166.40396118164062,7099862
2019-11-20,169.5944844211849,175.71898879333511,167.39798531852813,174.62875366210938,37688996
2019-11-21,176.03962405856146,176.03962405856146,163.85473204722203,164.8487548828125,44625320
2019-11-22,164.7525857994361,165.28167454078994,162.0911523944467,163.34170532226562,23624890
2019-11-25,162.89277341455795,165.07322394759305,161.3856906911611,162.70037841796875,15397928
2019-11-26,163.21344946214649,163.6623646548207,158.53188294284752,159.25335693359375,24838188
2019-11-27,158.08297234337664,163.29361798349808,156.4796967618008,162.21942138671875,24415850
2019-11-28,162.41181052712832,164.896887588501,161.0009300236015,163.5341033935547,15665952
2019-11-29,163.85474103756783,166.24362522721526,161.99494554277734,164.03109741210938,15058900
2019-12-02,162.90882300631608,163.37377682516848,159.9267344289554,160.3435821533203,8820042
2019-12-03,160.96887836514153,161.09713846249213,158.17917476608008,158.56396484375,7580674
2019-12-04,158.40360561645204,161.69032010545735,157.82643040092196,160.7123260498047,8570876
2019-12-05,158.72427978113217,160.29548786628655,157.21719684674113,157.71421813964844,6266430
2019-12-06,157.44163705285033,159.20523991189447,155.03672406324466,156.63999938964844,9387226
2019-12-09,156.30334535852356,160.9047385962419,155.6940927895551,160.21533203125,10948226
2019-12-10,159.01287677180386,161.51399265343002,155.2612176277916,155.93458557128906,14342168
2019-12-11,155.51773215790232,157.71422167230756,152.69597103505754,154.76419067382812,13760958
2019-12-12,156.0788837814913,159.7824466010422,155.83839243514078,157.68215942382812,12828956
2019-12-13,157.92263151954992,160.58406484715556,155.9025083707039,159.28541564941406,15259514
2019-12-16,158.72427917108303,160.1351596954803,157.47372620140402,157.76231384277344,6012620
2019-12-17,157.76232475231882,161.44985876583846,157.47373709099307,159.06097412109375,12287138
2019-12-18,159.20525790893367,159.76640433660864,156.51175701321714,156.88050842285156,9314170
2019-12-19,156.80035418951306,157.92264711315988,155.69409010767126,157.10498046875,9325412
2019-12-20,157.10494352034542,157.89054251076809,155.99867969867802,156.41552734375,7468454
2019-12-23,156.47970166312754,160.15120677418372,156.47970166312754,158.08297729492188,14857646
2019-12-24,157.76229015970952,158.54789897414142,151.2369577051268,153.208984375,14856636
2019-12-26,152.63182678908657,155.373423965274,152.07068036706787,153.01661682128906,20743272
2019-12-27,153.75412377350045,157.79438007795676,152.9524860061725,157.42562866210938,16908756
2019-12-30,157.42564631067543,158.66016078226477,154.44354761053003,158.09901428222656,16373046
2019-12-31,157.76231018475693,159.04493059276308,155.95061081557165,157.61801147460938,11589904
2020-01-01,157.76231669667527,158.37155945850233,156.64002379334525,157.65008544921875,4766592
2020-01-02,157.50578711280951,157.66611466085365,155.9826754063902,156.33538818359375,6424966
2020-01-03,155.16500324885348,156.0788722546172,151.62176825521433,155.0367431640625,22655540
2020-01-06,152.31118293133588,153.91445854113942,149.15272802289937,150.4353485107422,15332634
2020-01-07,150.03452453517946,152.23101400346403,147.45325480492323,147.82200622558594,23454588
2020-01-08,144.2948004058128,148.9122320616753,143.82984657914707,147.4692840576172,24743076
2020-01-09,151.39732754232054,152.11880163185512,149.2489439026332,150.88427734375,12999312
2020-01-10,151.92637707024875,152.21497447849316,149.55353137164127,150.78805541992188,8708498
2020-01-13,151.02855855381623,152.71199790075366,150.38724832641148,150.94839477539062,7338838
2020-01-14,151.95846089566362,153.51364019998283,151.3812855882711,151.7821044921875,7216716
2020-01-15,151.5095445117077,151.65384323025162,148.52745580381958,150.05056762695312,9956518
2020-01-16,150.06660273262517,150.54758543369127,147.54945797325558,148.0785369873047,6370550
2020-01-17,148.14267294050887,149.1848021332722,144.9361215781602,145.5453643798828,11132598
2020-01-20,145.88204328122222,149.649740748113,144.80784672715546,146.5874786376953,11681302
2020-01-21,146.7317759827008,149.58560442074267,145.9140996048506,148.73587036132812,8398840
2020-01-22,149.16876097744625,149.5695798646539,145.60948730191885,146.04237365722656,7460864
2020-01-23,147.34099923725574,151.28505253871836,146.53936159178647,150.38722229003906,11131352
2020-01-24,150.4674133439271,151.73400496772874,149.0084364788137,149.4573516845703,7871260
2020-01-27,149.58561602969147,151.2850842804119,148.46332309056194,149.98643493652344,8828966
2020-01-28,150.41932051951375,154.63593344001848,149.93833783385273,154.21908569335938,15217662
2020-01-29,155.18105069491486,156.12697743642357,152.84026242557152,153.60983276367188,14264654
2020-01-30,153.9304994386575,155.3574187573845,149.15273970437764,150.59568786621094,10891876
2020-01-31,150.70787522461592,151.54158032127947,146.2347333116816,146.52333068847656,13892950
2020-02-03,143.09233407433877,148.62363438309472,141.87384864520737,147.5975341796875,18802900
2020-02-04,149.1046573076876,154.26720761460453,148.14269177667026,153.43350219726562,15683820
2020-02-05,153.91443131647245,162.87674430425093,153.27312118598715,160.87265014648438,30234094
2020-02-06,161.38573087914602,163.53412426908534,157.826466591196,158.74032592773438,22467954
2020-02-07,158.66015652971706,158.9166865085155,155.8383952622608,157.56993103027344,9022030
2020-02-10,157.76230475382695,158.90062641249912,154.98864017411984,155.66201782226562,8848392
2020-02-11,157.3775080060083,158.38757932787712,153.93046592544036,154.23509216308594,7943310
2020-02-12,154.87642280373717,155.74219554111073,151.95845925755773,152.23101806640625,7549204
2020-02-13,153.1769252105185,153.43344534282238,150.06656723185134,150.38722229003906,8083000
2020-02-14,151.02854887494576,155.3573926325079,150.67582631535436,152.776123046875,23043576
2020-02-17,153.41742180153364,153.41742180153364,147.50133185944634,148.03041076660156,9025984
2020-02-18,148.0624987520693,151.50954122436977,146.21873184828067,150.94839477539062,11940592
2020-02-19,151.83019450841445,154.23510783220138,150.54757406906143,152.48753356933594,10786834
2020-02-20,152.26307573287525,153.91444753577107,150.88425293566377,151.26904296875,8752120
2020-02-24,151.02853217901816,152.5356148644776,148.46329171737878,148.99237060546875,12382886
2020-02-25,150.64377398753857,150.8842653315708,145.86601457655527,146.459228515625,11044046
2020-02-26,146.73178994589958,147.35706158016274,142.1143580152645,143.91001892089844,14491090
2020-02-27,143.2847267061548,144.18255703001333,140.6072547889679,142.3868865966797,12178324
2020-02-28,140.7355212978291,140.7355212978291,134.83546942061412,136.7113037109375,12199026
2020-03-02,138.52300844774805,141.68146325952506,130.34630308798515,132.22213745117188,15624380
2020-03-03,133.1039284636146,136.96781834460575,132.5908783677045,136.27841186523438,11415592
2020-03-04,135.34852621688458,137.46485193642084,129.99358187350228,134.25830078125,15457514
2020-03-05,134.24224262463898,137.60912084775734,133.7291925573263,134.16207885742188,11450828
2020-03-06,128.3261903125228,131.42051044121465,127.62074509373726,129.25608825683594,15762914
2020-03-09,132.7191457654488,145.70567749476547,130.121837462462,135.90966796875,79590744
2020-03-11,135.74936223502388,135.74936223502388,128.59874638562695,129.67294311523438,29496116
2020-03-12,125.47234911121222,125.87316802580928,105.99254986179577,110.40155792236328,35196480
2020-03-13,108.317273016087,127.20386347097568,88.32443828505825,120.58232879638672,50824080
2020-03-16,112.2292846400043,124.17368707669047,112.13309202455967,116.9268798828125,33314334
2020-03-17,117.039115596857,123.66064168651461,113.51190937339008,114.53800964355469,19649626
2020-03-18,116.70244481356666,117.37581279462967,105.2390232937132,106.63386535644531,20417518
2020-03-19,99.72373762932745,102.6096335735845,91.51496498631724,96.27669525146484,27434876
2020-03-20,97.79980699564457,103.57159888391213,95.747616281384,101.92022705078125,20390122
2020-03-23,96.39044444628243,100.78720156137602,88.71302597059199,91.09742736816406,18697444
2020-03-24,93.92150739586809,95.71402745641535,85.22945201065961,88.89905548095703,19533962
2020-03-25,85.4324008295338,93.6678696789868,85.4324008295338,92.58558654785156,14919242
2020-03-26,93.0083426878777,96.86395919320108,90.80996367889149,95.47728729248047,12626898
2020-03-27,98.08152079902956,102.81649076863789,92.73777310475205,94.2766342163086,12155778
2020-03-30,90.97907007857819,97.91241928530998,90.97907007857819,92.92378997802734,13666176
2020-03-31,96.05225044753178,111.50854980656355,94.69940184967922,107.17942810058594,33090992
2020-04-01,105.52218026957814,106.84120545866493,99.26525611897816,102.46136474609375,25195590
2020-04-03,101.80185310936263,110.25715652376151,97.11761295350257,107.26397705078125,28641760
2020-04-07,110.59536273630805,121.5196100339891,108.05877184786063,118.74627685546875,21185186
2020-04-08,118.37425732087571,123.17687417503197,115.07668872407989,115.77001953125,18356498
2020-04-09,116.73393659334839,120.62337682096758,114.7384867147663,116.64938354492188,15853988
2020-04-13,116.68320446681102,119.91312672276035,113.70694135100692,118.40808868408203,9908612
2020-04-15,119.89618161154026,125.25684511035868,118.74626261100141,119.67634582519531,12598234
2020-04-16,119.89619557036573,123.44742280164596,118.22204146133917,120.2005844116211,11831216
2020-04-17,123.78564893327888,123.78564893327888,119.79474962629143,121.79019927978516,8840986
2020-04-20,122.4835251862827,126.1193057135327,122.16222984416571,124.59735107421875,12420738
2020-04-21,124.03931173046738,124.95248870612932,119.42271773443466,120.14987182617188,10283406
2020-04-22,120.80934955690887,121.75633917750211,114.02819169598088,120.64024353027344,14252248
2020-04-23,120.69098487703852,122.73716386747869,119.2197602395864,120.11602020263672,8341956
2020-04-24,119.05069113669245,120.62337575930002,117.35963018304625,118.5264663696289,6912420
2020-04-27,119.4565239464874,123.65035213628778,119.15212478381733,120.2005844116211,9902396
2020-04-28,121.68873818265672,126.77883768229911,119.79475823261144,121.45199584960938,22200402
2020-04-29,121.75636592872921,123.44742656662822,120.08221176864316,122.01002502441406,11648158
2020-04-30,123.19377652245598,126.28841565290301,121.07995056977143,125.13849639892578,16016718
2020-05-04,122.43279470406415,122.43279470406415,115.51635231113856,117.66400146484375,14509120
2020-05-05,119.72708117051734,123.1768486548436,116.7677253506246,117.37650299072266,26356086
2020-05-06,108.65065606470756,117.17360659897243,105.6405699142798,116.27733612060547,41361302
2020-05-07,115.66855482709298,115.66855482709298,111.00123130474145,111.45780944824219,17100430
2020-05-08,112.6246309698867,113.74072678786938,108.63373225927927,109.83438110351562,16997368
2020-05-11,110.25714943124655,111.7283741949955,105.28542721483001,106.46916961669922,21372716
2020-05-12,105.0148675415039,108.16023625717611,104.37226655158773,105.69129180908203,16622240
2020-05-13,109.58072721593489,109.71601000006666,105.77584085427048,107.06104278564453,15241920
2020-05-14,106.0125963304235,106.99340944363414,103.91567699480206,104.74430084228516,9664168
2020-05-15,105.86039529661032,109.69910498586624,105.2177943223516,107.61910247802734,27767190
2020-05-18,108.41388403729721,108.73518965941322,98.70720300393991,99.45126342773438,20378694
2020-05-19,101.97096809763212,102.95178131521665,98.69030595730102,99.19762420654297,12045836
2020-05-20,99.43438024073222,105.31927006824736,98.77486236567096,104.47373962402344,17342228
2020-05-21,104.84576419539901,106.87503705079384,102.00478426212936,105.92804718017578,14931316
2020-05-22,105.18398925630254,109.58074764965279,103.91569356591303,106.60448455810547,17078040
2020-05-26,106.53681968043227,108.53226915937006,105.53908978025588,105.91112518310547,12212502
2020-05-27,107.14558938156982,112.08348811645865,105.77583450219343,111.42398071289062,18130652
2020-05-28,112.9290371700374,113.08123676926996,108.32934977006461,110.40936279296875,18552604
2020-05-29,110.93358188957943,117.41034230452027,110.25715760976492,115.93911743164062,26722320
2020-06-01,116.44645463815637,120.6402941143065,115.02596961166233,117.12287902832031,20423126
2020-06-02,117.69781192720914,117.69781192720914,114.07893829398499,115.53325653076172,12639442
2020-06-03,116.3449657141708,119.71018033359705,114.72155171649234,118.05293273925781,20167782
2020-06-04,115.66854390704272,121.5534326731181,114.65390755698094,120.82627868652344,32779676
2020-06-05,120.62336052958051,125.98402514009311,119.11832266370932,125.00321197509766,21970108
2020-06-08,128.38533716408946,134.7775448821728,127.37070069069794,133.28941345214844,29583292
2020-06-09,135.28486379320935,135.97819459158316,128.33460804439963,129.02793884277344,19643304
2020-06-10,129.99184034987417,129.99184034987417,126.13622395063253,128.16549682617188,14983264
2020-06-11,127.84419388315722,130.7189971847626,124.46207235185676,125.15540313720703,16965850
2020-06-12,120.14987231119443,127.47216366151318,120.14987231119443,126.45752716064453,15636964
2020-06-15,126.45753191632137,126.4744487181551,120.572642054254,122.09459686279297,13054104
2020-06-16,125.07082606323162,125.86562653462829,120.62333916855783,121.67179870605469,11469976
2020-06-17,121.67182562263685,123.95475772257514,120.65718913377539,123.3121566772461,10041494
2020-06-18,123.1430502465318,127.31997251144882,121.6718252775719,125.22305297851562,12301976
2020-06-19,125.81492465594248,130.04257669411257,125.47671249288886,128.70663452148438,13271548
2020-06-22,129.53525134908458,131.69980700969478,128.40223860067763,130.2624053955078,20792714
2020-06-23,130.54987467551717,132.8835361740868,129.28157926092342,132.5791473388672,8346306
2020-06-24,132.5791544014564,133.39086144575373,126.82954821567895,128.0301971435547,8117432
2020-06-25,127.84419723397409,129.97492972597388,124.225322972065,125.22305297851562,13394304
2020-06-26,127.30304760816364,134.25331328764622,126.1531283948529,133.13720703125,24376122
2020-06-29,132.88354728562925,133.79672418906117,127.96256479408538,129.65362548828125,12024496
2020-06-30,130.85425151084343,131.6490519620518,125.88254013441176,126.49131774902344,9018244
2020-07-01,127.5059535970644,129.67050883522523,126.52514063367738,128.57131958007812,10365588
2020-07-02,129.51834840591962,132.35932843310994,128.09785323161654,129.70436096191406,13185606
2020-07-03,130.88809582424662,132.0887447710709,129.63670680020326,130.34695434570312,6962106
2020-07-06,131.22631184521535,134.1856681046113,130.34695820671172,131.9703826904297,9926808
2020-07-07,131.98726754800884,132.32547963653673,127.7765229172711,128.46986389160156,9853948
2020-07-08,129.33232196291712,131.04029948510055,127.2184960602759,127.8949203491211,8446692
2020-07-09,129.0279248192679,129.12938432751918,126.18694505266791,127.42141723632812,5702054
2020-07-10,127.7934586498563,128.6897187529724,125.2568676100474,127.28614044189453,11766114
2020-07-13,127.84417489772454,129.94109406429527,126.98173816388497,128.50369262695312,10277456
2020-07-14,128.3514883188101,130.51604363328988,125.84872091389869,126.40676879882812,9482614
2020-07-15,127.7934621963212,129.31541686244313,124.52971703214286,125.00321197509766,9807552
2020-07-16,126.06854261517596,134.01652585181347,121.85779843145609,133.2217254638672,26616036
2020-07-17,136.80680849387153,151.3161070090374,132.5791568098829,150.09854125976562,107684344
2020-07-20,149.15155076476788,151.51903569754197,147.1561012428556,147.90016174316406,28745778
2020-07-21,147.79871754516134,162.68005295016616,147.25757601160518,156.9980926513672,98290940
2020-07-22,157.20099789909867,157.251737977023,151.41757858593604,152.3983917236328,25364622
2020-07-23,150.84260139299693,161.4624596061582,149.84487153772855,154.7489471435547,72915804
2020-07-24,152.87189320807607,156.761332968901,150.6058676536378,151.65432739257812,22294340
2020-07-27,153.54830885148428,157.80978380459706,150.16618751114322,154.79969787597656,40099526
2020-07-28,155.94961711297364,160.21109206733152,154.5629452987456,156.08489990234375,30188154
2020-07-29,156.93041951650955,158.16489165747507,151.11316707828004,153.48065185546875,20079062
2020-07-30,147.37595094366742,148.77952936456197,140.7469904433638,141.74472045898438,49057034
2020-07-31,142.421118234042,144.75477967384688,138.971350664651,139.95216369628906,22379048
2020-08-03,140.01982123331047,144.83934406561644,138.04127821681763,141.30502319335938,28463794
2020-08-04,141.3895902472055,143.06374457828375,132.24095539032848,138.17657470703125,51231218
2020-08-05,138.6331452328984,140.34112262323632,137.0097311935539,138.8191680908203,22069412
2020-08-06,139.34340968577513,143.2328495192373,137.39868976904404,138.51478576660156,25134282
2020-08-07,139.51248568818284,142.52257119389967,139.02207403416796,141.9645233154297,18237588
2020-08-10,142.38729530746747,143.5372143929361,139.85070453595677,140.40875244140625,16504844
2020-08-11,141.03445283493193,146.44584670869432,140.56095793526066,145.17755126953125,25534582
2020-08-12,145.43122648688546,146.81789838511338,142.20130453882447,142.6578826904297,18101040
2020-08-13,142.04912261327573,144.14604236137188,140.86537992483176,142.4380645751953,11681234
2020-08-14,144.07837933161298,144.07837933161298,138.21039632506807,139.76617431640625,28445040
2020-08-17,141.64323623525974,141.64323623525974,136.33331197511916,137.95672607421875,22849152
2020-08-18,138.66699738123822,139.1235859003135,135.62308768262568,136.06275939941406,27093554
2020-08-19,136.9421032872011,138.98829307446047,134.49006509555312,136.5362548828125,33242206
2020-08-20,136.53626408978658,141.99838884832636,135.31869815168506,139.49562072753906,36899472
2020-08-21,141.71089175398086,141.71089175398086,138.07511111828802,138.7008056640625,17126912
2020-08-24,139.8168848627091,140.7976979220069,138.193470855693,138.58241271972656,13081806
2020-08-25,138.6669682947562,141.87998341378105,138.1089203646822,139.6477813720703,25017896
2020-08-26,140.0198309931935,140.62860873851062,138.32877023240613,138.7008056640625,10814154
2020-08-27,139.20811492884408,141.52487008623265,138.49786739076228,139.66470336914062,15646796
2020-08-28,140.18892642384853,142.72551737241034,139.85071429737363,140.37493896484375,17487384
2020-08-31,141.20355900601595,144.21364478641215,136.36712985605243,137.9228973388672,37997902
2020-09-01,137.9736453245015,139.25884731566708,135.45396077698766,137.7368927001953,12040094
2020-09-02,138.2442223027276,140.52715441414878,137.44942165150513,140.0029296875,10307040
2020-09-03,140.69626350120487,141.57561721237067,138.7684499929343,139.81690979003906,8794738
2020-09-04,138.32878931507238,139.00521371270108,135.48780890931522,136.4178924560547,9733000
2020-09-07,139.0051800193903,139.0051800193903,133.9996448187908,135.3524932861328,16616944
2020-09-08,135.4539648154027,142.0321952002975,135.11575266854777,139.37722778320312,37280122
2020-09-09,137.31416295236042,138.49790573643247,134.94667738421626,137.29725646972656,13471164
2020-09-10,138.15966356904613,146.6149673370416,137.14502711688667,145.53268432617188,50834954
2020-09-11,145.76941533658663,147.46047583933125,142.84388273112128,145.00843811035156,25168858
2020-09-14,144.0445615745797,145.26212745454717,140.07056856505483,141.085205078125,12050202
2020-09-15,141.203549892522,143.90924665692964,139.49558293855534,140.15509033203125,16667382
2020-09-16,140.35803463096892,142.21820135499382,139.1404688927787,139.69851684570312,10001736
2020-09-17,139.681635614395,141.71090877102057,139.19122380631032,140.5609893798828,13708168
2020-09-18,142.0491274883066,143.029940828109,138.53172258621296,139.36033630371094,19110716
2020-09-21,139.85070502102897,140.59477577848529,134.96353598906816,135.77525329589844,11706332
2020-09-22,136.31640859524435,136.5700677182883,129.26469323175587,132.62989807128906,15913160
2020-09-23,134.23640312791693,134.33787296792613,128.94338493203904,131.10794067382812,11588706
2020-09-24,127.91181311271394,130.60059296276367,126.9479066179584,127.59050750732422,9254902
2020-09-25,128.18239558480695,129.02792589869088,123.5488853361569,127.08320617675781,26544582
2020-09-28,127.50597848199709,132.08874891160346,127.06630682269436,130.2624053955078,14260844
2020-09-29,133.25556994174383,133.25556994174383,127.8949059902106,130.7358856201172,17532748
2020-09-30,131.05722136858097,133.42470665781985,117.96840571236501,119.40580749511719,87189586
2020-10-01,121.07995778502323,122.28060686912939,117.52872997289266,119.4903564453125,32424524
2020-10-05,119.49035724773442,121.23215820537128,118.71247337413432,119.77783966064453,13176802
2020-10-06,120.64028363379073,121.89166245403138,118.44190455674011,119.06758880615234,13773544
2020-10-07,119.38886993831748,119.62562253418288,115.33032478460697,115.75308990478516,20549154
2020-10-08,116.64934091929467,116.68316419058908,114.18039693600113,115.0090103149414,19178934
2020-10-09,115.1612196880838,118.44188117633938,114.85683086332324,116.68317413330078,26861436
2020-10-12,117.35959982397003,118.30658958447381,115.1443146763196,115.53325653076172,9593558
2020-10-13,115.8038324229915,116.24351438930283,114.31570110017172,114.68773651123047,10558800
2020-10-14,114.23114352937952,114.62008540309445,111.10268141939652,112.59081268310547,16178274
2020-10-15,112.96284315459367,114.5524441778498,109.9189342073142,110.47698211669922,10821450
2020-10-16,111.23796943205761,116.14204540255606,110.76447450608565,114.9752197265625,26906266
2020-10-19,116.34495859548534,117.63016040489319,115.34722880454572,117.24121856689453,14750554
2020-10-20,117.0045063089713,118.28970844803163,115.55018776064883,116.12515258789062,10486228
2020-10-21,121.92547285004943,122.78790965287763,116.71700811297111,118.2220458984375,34108526
2020-10-22,117.93458310785626,118.64482037942015,116.34498184363558,118.1544189453125,11658856
2020-10-23,118.34043526464947,120.18369570485554,118.20515246202339,118.89848327636719,10095206
2020-10-26,118.89846374421089,119.6256280415259,115.85455473879206,117.05521392822266,10164184
2020-10-27,117.02138073027389,118.3404057898295,115.6854388737183,117.91764068603516,8717246
2020-10-28,117.78237804939457,118.23896650381889,115.82075176105769,116.83538818359375,7743220
2020-10-29,116.34498489388757,117.52872747274981,114.38335846319664,115.60091400146484,14722436
2020-10-30,116.6324642124141,121.57036376071268,116.17587573693771,119.87930297851562,33648648
2020-11-02,119.65946047469838,119.94694288073622,116.59864449399537,117.15669250488281,8690720
2020-11-03,117.86691975699362,120.57261662372518,117.86691975699362,118.6617202758789,13322292
2020-11-04,118.54333075017952,119.37195445174895,116.41259883387714,117.98528289794922,8101954
2020-11-05,119.96386250867049,124.715739435194,118.61101380971245,123.88711547851562,27315846
2020-11-06,124.46205691416566,125.15538761351844,122.19603164069521,122.5849838256836,11623324
2020-11-09,124.54662697356628,128.52061982336778,123.61654354063401,127.01557159423828,23414854
2020-11-10,127.16775213475567,130.1947546186567,125.86563345951852,129.46759033203125,16074814
2020-11-11,129.46761940101277,134.74373151509087,129.0617709746478,133.25559997558594,22991936
2020-11-12,133.59380967563058,133.89819857010187,130.92193554640127,133.47543334960938,13222638
2020-11-13,132.51152904512514,135.4201558804492,129.60291253121778,133.25559997558594,19115708
2020-11-14,134.4562083550864,140.34110680770348,133.678324699191,139.630859375,16811038
2020-11-17,140.35805320351062,140.35805320351062,132.61299642837128,133.47543334960938,44296492
2020-11-18,133.40774972197968,133.40774972197968,127.62432149557925,129.5521240234375,42174930
2020-11-19,129.5521417911857,133.76288659773314,129.21392968853658,129.77198791503906,33181436
2020-11-20,131.12484509957434,131.8689055823411,128.03019589613152,129.63670349121094,18928924
2020-11-23,130.54987931456802,133.77980095660863,129.53524294683822,133.40777587890625,18370378
2020-11-24,134.60844189421803,135.1157601425631,131.34469656081484,131.8181915283203,14237058
2020-11-25,132.2409306355916,133.05263760845818,128.92645619579716,129.21392822265625,14976356
2020-11-26,129.77200588550684,130.14403099280648,126.84646253533927,127.84419250488281,16774012
2020-11-27,128.65588181477787,129.8396241743381,125.47669011338466,126.15311431884766,27707056
2020-12-01,126.795727916531,129.01102360357686,125.47670264839162,128.2838592529297,9807172
2020-12-02,128.96028901003447,131.9027388514406,127.79346328227501,130.04257202148438,19302512
2020-12-03,130.8880643650519,134.54075040481382,129.41683987185985,133.2217254638672,37347498
2020-12-04,134.03345143066682,134.87898168274373,131.49686067443605,132.68060302734375,14825638
2020-12-07,132.6299042583408,136.97593283351463,132.3931619253057,133.59381103515625,20185302
2020-12-08,134.94662566027625,134.94662566027625,131.58141119256342,132.05491638183594,11461924
2020-12-09,132.62987964003673,134.87898815418993,132.2409377697029,133.64451599121094,16825160
2020-12-10,133.6276411852365,135.79219718315025,130.92194360749005,135.04812622070312,14788112
2020-12-11,135.62305269012762,137.78760807526325,132.57914377688286,134.40548706054688,29170228
2020-12-14,135.79215563535345,137.3141100571694,134.81134262779935,137.1280975341797,22254470
2020-12-15,138.0920070226763,138.41331267118764,134.30403740143294,134.8113555908203,17578662
2020-12-16,136.23183925302604,137.29721569946287,134.70988469687617,135.14956665039062,14206982
2020-12-17,136.13038849633932,136.1472949750397,133.35704477604642,133.7290802001953,12233988
2020-12-18,134.60842751604585,134.94663964548315,131.64907138346945,133.20484924316406,13147766
2020-12-21,132.91736455150956,132.91736455150956,120.96156392006154,124.24222564697266,25446600
2020-12-22,124.24224108881036,126.69427928923999,120.74174311081035,125.9840316772461,20183368
2020-12-23,126.15312252131278,127.57361757371123,124.93555680803053,126.62661743164062,11965506
2020-12-24,127.30304419714984,128.94337509875473,127.01556182117123,127.69198608398438,12131772
2020-12-28,128.52061545124712,130.04257010790664,128.01329723236063,129.45069885253906,9806128
2020-12-29,130.0425753212225,130.41461076093702,127.72581996448059,129.02793884277344,8034014
2020-12-30,129.19704518745732,129.9411160684122,128.11476214632583,129.48452758789062,6183434
2020-12-31,129.19702799953714,130.0594647646855,128.36840418877532,128.89263916015625,8594440
2021-01-01,128.89263239898622,129.87344541728183,128.65587980221198,129.18011474609375,5723498
2021-01-04,130.17785242148432,134.23639815759554,130.04256962789705,133.71217346191406,16477784
2021-01-05,133.4923241659405,133.50923064290262,131.56451100719218,132.5791473388672,9064136
2021-01-06,132.78207812798956,134.25330288936146,129.3830401866939,130.9895477294922,16144720
2021-01-07,132.24094611492256,133.5937946685279,131.09102690864108,132.6468048095703,13121606
2021-01-08,133.5937810185466,137.31411416083523,133.34012194066327,135.3355712890625,24755912
2021-01-11,136.6377015413523,136.89136064074836,133.71216865926726,135.87672424316406,13668006
2021-01-12,135.79215925271313,138.32875002331178,134.4224043651556,136.14727783203125,16662142
2021-01-13,137.31413590687626,143.74016689759213,136.85754743009485,139.30958557128906,42362294
2021-01-14,139.34338718359024,145.43120507025193,139.0051750787757,144.3151092529297,25200192
2021-01-15,145.22831468520738,145.26213796904122,139.10667188229849,140.2227783203125,17655902
2021-01-18,140.0198340046381,141.00064720270623,135.9612880914602,138.51478576660156,16787164
2021-01-19,139.68160169118087,141.37266224434288,138.07509416567697,139.83380126953125,11094214
2021-01-20,140.3580122596819,141.00061314309414,138.4132928127104,139.9690704345703,9874786
2021-01-21,140.35803592957234,143.06373300773276,137.00973785963185,138.09201049804688,17536476
2021-01-22,138.32874914681003,139.66469107275933,133.57687326189725,133.9488983154297,15404838
2021-01-25,135.28484570932923,136.24875229929114,130.11020448951325,130.9895477294922,12060426
2021-01-27,130.39768514315827,131.9872863138126,128.43605887936025,128.72354125976562,12066876
2021-01-28,127.50595521610782,131.8012527962504,127.25229615400681,129.9748992919922,16311766
2021-01-29,131.8689067175159,134.11801530570523,128.97719715004607,129.73817443847656,16517910
2021-02-01,131.22629785901717,134.57459566278652,128.72353032495798,132.9173583984375,27876736
2021-02-02,134.1856830260333,139.00520661297966,133.00194039064297,137.99057006835938,17753676
2021-02-03,136.9759354292464,141.03448166418704,136.0796751999804,140.32423400878906,17018506
2021-02-04,139.88458665845863,142.8946735760128,138.85303311789897,141.55873107910156,15198682
2021-02-05,142.21819891872175,142.8269766166806,139.71543125173594,140.3580322265625,7722568
2021-02-08,142.0490877855724,143.53721902190023,140.6962393304717,142.0659942626953,12645654
2021-02-09,145.7694232719981,148.1538145821041,140.91607730063123,141.82925415039062,45154044
2021-02-10,142.79315149353636,143.72323476036172,138.3456541604947,140.6285858154297,19160592
2021-02-11,140.3580396367602,143.01300702911212,140.12128700760186,142.7086181640625,11459318
2021-02-12,143.0637469570924,144.02765369945536,140.22276681229863,141.40650939941406,10941890
2021-02-15,142.99607837581584,143.70632588300134,141.03445223350798,141.71087646484375,11037552
2021-02-16,141.305003338913,142.9284275208562,140.76387226634554,141.35574340820312,10795324
2021-02-17,142.2525425507832,145.55828552170223,141.2150969710402,144.78460693359375,17178862
2021-02-18,146.06823091248344,152.75005671374637,144.432944112839,151.99395751953125,41510988
2021-02-19,153.68197028581486,156.42503090876392,148.93435793144758,151.22024536132812,48892610
2021-02-22,150.97405622716056,153.0665265347298,147.0001334670122,148.60025024414062,19380682
2021-02-23,150.51688482732624,155.686511099116,149.74319561240932,153.0665283203125,28795656
2021-02-24,154.73700415197655,156.49537919915812,153.36547376162886,154.2798309326172,11981366
2021-02-25,155.42276127234487,164.5135508942875,155.3875916279888,162.31558227539062,37621658
2021-02-26,159.99453327850065,164.00362582472917,154.8249068818715,158.20098876953125,36883078
2021-03-01,160.36382342720347,163.12447472695487,158.2889427705425,160.10006713867188,12185500
2021-03-02,166.869774482906,169.64800461972936,162.47383732582207,164.93556213378906,53200666
2021-03-03,168.80400870158326,168.80400870158326,162.57935658780443,164.00364685058594,17675284
2021-03-04,162.47386365766894,166.21920057605078,161.5067573263733,163.1420440673828,12556622
2021-03-05,162.82553299037514,166.8522162308852,161.10232755226573,162.4035186767578,17793026
2021-03-08,162.47386258105598,166.3247084221514,162.40352328270157,164.12673950195312,11349538
2021-03-09,156.91736805594152,159.66042839179207,153.80504258070525,156.81185913085938,399581906
2021-03-10,158.60544689790703,158.92195229515158,155.45795092043937,156.67123413085938,23491604
2021-03-12,160.71545757559628,163.1771823087017,158.60540780436307,160.90887451171875,52792772
2021-03-15,163.33545401586724,163.52887096819083,158.71091929406984,161.9639129638672,33839076
2021-03-16,163.37059687244266,163.73986201640707,158.97465991287564,159.60768127441406,30782874
2021-03-17,155.44033225276874,157.09320885696107,151.25540237703242,151.941162109375,57699598
2021-03-18,152.97862021656258,154.20948267807515,149.03985604681475,150.1300506591797,26361962
2021-03-19,149.81357499654962,154.17434357769451,147.4221888904521,152.25772094726562,26622950
2021-03-22,154.12157818143575,155.4403595121383,152.75004774395913,154.5084228515625,27343862
2021-03-23,155.40516139630375,155.5106703227947,153.01377598092682,153.50611877441406,17089478
2021-03-24,152.96104219787506,153.50613414304698,150.7454833069645,151.20266723632812,10317086
2021-03-25,151.7364066521343,152.00326631148835,147.69792830220013,149.06781005859375,20898974
2021-03-26,151.54069688800104,153.63999061779975,149.93953899702032,150.93582153320312,19204862
2021-03-30,152.60813740781956,154.3872017535823,149.9751243478001,153.2841796875,17153798
2021-03-31,153.17741414395397,153.40869029789783,151.3983501004702,152.2700958251953,10018670
2021-04-01,153.21301481417785,156.53986712106382,152.3056855349109,155.63253784179688,9156394
2021-04-05,154.45835348312025,155.49020853049214,149.83278663896374,152.30567932128906,11510442
2021-04-06,152.99951325853664,154.31602504162134,150.97137583238896,152.32347106933594,9190874
2021-04-07,152.64371576661193,153.53324790977402,152.1099964807147,152.35906982421875,7430944
2021-04-08,152.83937764424306,155.13437445377753,152.75042444788195,153.1951904296875,6708234
2021-04-09,152.99950358742873,153.80008238526992,151.0425331927058,151.43392944335938,8179184
2021-04-12,148.71198601300318,149.22790813388653,143.03676667346096,143.73060607910156,12368094
2021-04-13,144.10421011390125,146.772806597492,143.10793843677945,145.66978454589844,8064312
2021-04-15,145.52744810560733,148.16046088739813,143.49931062233088,144.0508270263672,14440358
2021-04-16,144.1042028562035,150.49104779534758,143.85512952019397,147.2353515625,22292626
2021-04-19,144.1041937311855,146.73720645728073,142.3251296110474,145.43849182128906,11256462
2021-04-20,146.55929873123281,147.46662793949562,144.49558871379386,145.20721435546875,7026888
2021-04-22,144.10420532731058,149.90395048225042,143.57048604832056,148.85430908203125,15611348
2021-04-23,148.4807026350185,151.20267971003003,148.01815025887822,150.52662658691406,47680532
2021-04-26,151.57626098102833,152.41242327786753,148.56963831533386,149.04998779296875,12888196
2021-04-27,148.5518795916576,150.5444339207642,148.2138530072516,149.56594848632812,10816330
2021-04-28,150.15303786957335,150.98920032325796,147.62676420764117,148.5518798828125,19805066
2021-04-29,150.15302636477335,150.50883922345764,148.37396207135185,149.28128051757812,13265608
2021-04-30,148.55187241409098,155.66812977524503,147.53780356841713,150.0818634033203,33702940
2021-05-03,149.08558122928326,152.6614959583094,147.8046528226685,148.0181427001953,16118782
2021-05-04,149.7616328347359,152.8038393482131,148.90768412971573,149.95733642578125,19987878
2021-05-05,150.17077634984577,153.5687948436967,149.79717728199003,151.14926147460938,13778662
2021-05-06,152.2878680954331,154.77855752690047,150.91798673641722,154.42274475097656,12787288
2021-05-07,154.79638045807656,159.04834848010202,152.28790413754734,157.678466796875,24054728
2021-05-10,159.75995688929765,161.89483381877602,158.33670560297875,161.43228149414062,19405820
2021-05-11,159.97345699526255,165.09715978231478,159.01275797207626,164.4744873046875,21695878
2021-05-12,165.0971622626252,166.52041366144093,158.87043739280637,159.8489227294922,15235594
2021-05-14,161.36112509426118,161.36112509426118,156.2374223015661,157.3582305908203,9799430
2021-05-17,158.33671853863964,158.8882241137264,155.8816120408734,157.8563690185547,6063462
2021-05-18,159.11953440879606,160.96975498745067,157.51837634686805,159.56430053710938,9934246
2021-05-19,160.11577710554877,161.64576796558336,157.3582276109532,158.85264587402344,16215214
2021-05-20,159.40417661384512,162.9089357936939,157.09139280136745,161.82369995117188,18799814
2021-05-21,164.74133997092605,166.52040411748033,163.33587495172983,164.04750061035156,23987738
2021-05-24,166.14681535658218,168.85098434123026,163.88740157777664,168.24610900878906,22941220
2021-05-25,169.65155605755325,170.4343486410768,166.87622027696247,168.797607421875,21199352
2021-05-26,170.30980243533347,171.03922522423997,166.69830451979408,168.0148162841797,25944614
2021-05-27,172.56922911039678,173.63666764097655,165.80878508339154,166.467041015625,102988808
2021-05-28,169.01109195842724,170.7545726300787,166.6983085947856,167.7657470703125,29313704
2021-05-31,168.45956691337543,168.45956691337543,166.62712238910134,167.94363403320312,13495562
2021-06-01,168.44180329965133,169.61599223568228,167.26762522216694,167.53448486328125,8869530
2021-06-02,167.2320385903187,169.17122295568882,166.87622574225418,168.88656616210938,12676710
2021-06-03,168.8331950790646,170.2208630038956,168.33505926740045,168.6197052001953,12184524
2021-06-04,168.9399219013544,171.7864244497078,168.6730622874463,170.16748046875,17759466
2021-06-07,171.07480968414436,172.71155092516886,170.34539770319407,171.28829956054688,12523390
2021-06-08,172.14225340762033,174.2415579206897,169.45587071916555,173.44097900390625,15198964
2021-06-09,175.05990908083103,175.73595127345845,171.3238744358133,172.58700561523438,18980362
2021-06-10,173.0139826428154,173.45874866503343,171.76863778060488,172.05328369140625,7388634
2021-06-11,172.81829983005423,174.17038427158374,171.39504847747745,172.0710906982422,7438508
2021-06-14,172.1956121372174,172.56921124081555,169.3668959806767,172.10665893554688,7237652
2021-06-15,172.56923909145388,173.3698180356926,171.07482071878954,171.46621704101562,6507360
2021-06-16,172.01773221381492,172.53365434779653,170.4521469365757,171.2349395751953,7994924
2021-06-17,170.06075906220482,171.82202618628176,169.4736591622992,169.68714904785156,6651076
2021-06-18,170.79015749163406,170.82574094615399,166.07563751920875,168.0681915283203,10583776
2021-06-21,167.83690541224317,169.29572923416725,166.69830008637814,169.02886962890625,5397088
2021-06-22,169.90064342382425,170.34540950608556,168.2283186111029,168.53076171875,5553420
2021-06-23,168.6553114979718,169.01112439142744,166.9296167930024,167.08973693847656,4927558
2021-06-24,167.0541371582118,167.40995001690874,165.48856275165463,165.84437561035156,8462210
2021-06-25,166.66272789499777,167.97923971332392,165.87994618180173,167.24981689453125,5904240
2021-06-28,167.5878534549995,167.94366630734558,166.0044819186409,166.2179718017578,4334320
2021-06-29,166.87620555069748,167.05411195320355,165.45295433064888,165.89772033691406,5921594
2021-06-30,166.1646186662091,167.46333353546675,165.8088057782729,166.55601501464844,5924634
2021-07-01,166.5559903668307,166.84063629163725,164.3855298999063,164.6523895263672,5757026
2021-07-02,164.7413427351875,165.66645827862774,164.0475033629708,164.6523895263672,4769492
2021-07-05,165.4351711926459,166.34248951933324,163.1401742130787,163.56715393066406,11190174
2021-07-06,163.6739114242012,164.74134997696774,162.81996275369727,162.98007202148438,7749392
2021-07-07,162.9800760496901,164.17205130144947,160.98753272211553,163.85182189941406,6000580
2021-07-08,163.7272757869406,165.59529319274935,162.44634739410535,163.033447265625,6426778
2021-07-09,162.28624639155373,163.14019507739235,161.2899638759531,162.57089233398438,7058662
2021-07-12,162.81997049297462,163.42484585316583,160.1335768256927,160.4716033935547,7393710
2021-07-13,161.0942592504354,161.89483812026089,160.0268207573348,160.20472717285156,7409874
2021-07-14,160.4715939642802,161.21880311453714,159.4753223363019,159.65322875976562,4936524
2021-07-15,159.86671051105478,160.38264349132845,158.35450588578988,159.06613159179688,6617550
2021-07-16,159.77772811231262,160.4893536883319,158.62133655128127,159.4041290283203,6726604
2021-07-19,158.69252917709778,163.31809617104906,158.40788324396544,161.50344848632812,14737948
2021-07-20,162.53528816737435,162.96226788516407,159.759952577377,161.4678497314453,7689016
2021-07-22,161.87706067963663,165.07937633416122,161.18322127773772,163.994140625,13532496
2021-07-23,165.38181421845223,165.73762708110687,163.42484347385178,164.15426635742188,6954808
2021-07-26,164.34994972629673,164.58122590213827,161.93042674149171,162.2506561279297,5177476
2021-07-27,162.25067716979447,163.81625170761805,160.91637883780604,161.28997802734375,4635256
2021-07-28,161.3967230312761,162.07276532524827,160.2225340231218,161.34335327148438,4411220
2021-07-29,160.82740254234324,161.5923979712226,159.58205761115252,159.79554748535156,5979220
2021-07-30,159.8311297522375,161.6101939264229,158.30112804731044,158.51461791992188,13531870
2021-08-02,159.42193810248085,163.63832241454026,158.8704325456847,162.89111328125,9965680
2021-08-03,163.92299401439732,165.4351987161591,162.42857561276682,164.88368225097656,7855132
2021-08-04,164.74135853191456,165.45298427071333,162.28625190476822,162.65985107421875,5192276
2021-08-05,162.28624535555608,163.17577749315666,160.52496737968832,161.3611297607422,7099910
2021-08-06,161.5390346679281,164.74135033315133,161.5390346679281,162.10833740234375,8118604
2021-08-09,162.78438968553067,163.31810899597505,160.36486648826843,161.0053253173828,4555246
2021-08-10,161.71694209346325,161.85926506331035,157.5361410602439,158.22998046875,7098198
2021-08-11,158.69253228081598,160.66728926959138,156.75334789046812,160.11578369140625,10635072
2021-08-12,160.82738572523664,162.03714707446971,157.30484117420264,159.45750427246094,12567714
2021-08-13,160.1157722480292,163.26471794061626,159.51088609834056,161.8592529296875,14232032
2021-08-16,163.1401972277411,166.37809644366519,161.9126385104168,165.09716796875,17964436
2021-08-17,165.7554002144494,167.14306800596174,164.02970590899068,165.4529571533203,14363500
2021-08-18,166.14680912336004,166.14680912336004,164.04750469136488,164.91925048828125,7947234
2021-08-20,164.31439035263665,165.6309024058336,161.18324122415174,161.96603393554688,12114818
2021-08-23,163.21134712290004,163.54936279142316,159.43972900730054,160.7206573486328,7925892
2021-08-24,161.18321339269684,163.40704359954972,161.12984363944156,162.39297485351562,7248688
2021-08-25,162.96225948777368,165.23945919536988,162.6953998925426,163.92295837402344,9704266
2021-08-26,163.88739109230158,167.7301652993444,163.1757654348088,166.0756378173828,14847298
2021-08-27,166.89400122187956,168.54853954495667,165.8621462010946,167.694580078125,12536762
2021-08-30,168.97552089268316,168.97552089268316,167.8013428269367,168.1393585205078,9029840
2021-08-31,168.29947181586937,169.31354057251562,166.64494429636548,167.81912231445312,18002472
2021-09-01,168.3884191932918,170.57666589224036,168.01482007098804,169.72271728515625,10439002
2021-09-02,170.07852017855646,171.34165128834738,169.72270737483564,170.71897888183594,8362628
2021-09-03,171.8576096853217,175.77155110672655,170.86133803056458,174.81085205078125,16372070
2021-09-06,176.46539477100933,176.66108750337477,174.34830388047058,174.63294982910156,13979558
2021-09-07,174.5973557159462,175.59362727194326,171.14596700669645,171.48399353027344,13420280
2021-09-08,172.21342955498005,175.41574539381233,171.46622035420978,174.1881866455078,13609662
2021-09-09,174.31269553003733,175.05990461167428,173.54770015110597,174.75746154785156,9084984
2021-09-13,175.77154238631772,177.63955979022091,174.88201028922097,177.23037719726562,21460684
2021-09-14,178.26222839835447,178.97385406062335,174.52619367144285,175.45130920410156,24182782
2021-09-15,175.77154303025125,176.1095695718048,173.67224944512142,174.33050537109375,22748506
2021-09-16,176.57040981692234,178.4067371523886,175.78340534939431,177.1959686279297,34750954
2021-09-17,177.9829680784384,178.3865575752149,174.3910240204423,176.06591796875,24016408
2021-09-20,173.9672629196383,175.0165981666218,169.08383943351814,169.66903686523438,14744276
2021-09-21,169.4672236591134,171.08158161217298,166.60173582911793,167.0053253173828,22963476
2021-09-22,167.28785222054154,170.11297879603922,167.28785222054154,169.56813049316406,9640070
2021-09-23,170.77890585402014,171.24303134666624,168.35736869248402,169.4874267578125,11769116
2021-09-24,169.9111956107658,170.81927207186845,166.2990643166384,167.408935546875,12674828
2021-09-27,168.88204084812617,170.5165734898606,168.11521090106578,169.749755859375,9778866
2021-09-28,171.24303291708432,173.64439555092648,170.7183714539033,173.38206481933594,18266942
2021-09-29,173.34171728540375,176.77222857044669,171.92915381509198,176.32827758789062,15251714
2021-09-30,177.4986670009413,177.7408231776636,173.94708413093042,174.431396484375,8934732
2021-10-01,174.31031907449187,176.6107843687198,173.13991187709925,174.77444458007812,5489980
2021-10-04,175.1578521618887,176.7722102463301,174.95605740133357,175.9044952392578,5362228
2021-10-05,175.9045230664447,179.79916009795602,175.84398709201662,179.13323974609375,18020292
2021-10-06,180.4045066654838,182.40227961894598,179.6578636264841,180.4852294921875,16248822
2021-10-07,182.22065507691693,182.4224498222956,180.80809185926643,181.2924041748047,7445114
2021-10-08,182.220679445731,182.42247421809617,179.435914050407,181.39332580566406,6019304
2021-10-11,181.61529126792277,183.69377491578507,181.4134964998473,183.39108276367188,11833332
2021-10-12,183.37091797959818,184.52115068220334,182.05925191724995,183.73414611816406,10923204
2021-10-13,184.44043343278742,185.81263550704654,182.94714709762013,185.10635375976562,14072722
2021-10-14,185.65118520230305,186.53908710163975,184.84400613620608,185.36866760253906,7894780
2021-10-18,189.68706219647382,189.68706219647382,186.07493129823055,186.66014099121094,8784646
2021-10-19,187.22518617917436,187.66913713894718,181.59511945495117,182.8462371826172,10805314
2021-10-20,182.4224694054538,182.78569752281336,176.10629566037204,178.02334594726562,13086926
2021-10-21,179.69824802506847,183.22965660501083,178.81034608405267,182.0390625,19775152
2021-10-22,182.01889299080318,182.82607211714821,178.58838170383683,180.50543212890625,7829992
2021-10-25,180.4045136677321,180.96953652686645,173.48295593104342,174.22959899902344,14550354
2021-10-26,173.9470800896532,176.34844261844876,172.75648609976477,173.96725463867188,9945226
2021-10-27,174.93588946793955,175.35965355450216,172.3327320316972,172.61524963378906,6737796
2021-10-28,173.13989847828384,173.94707749216863,169.1241779575774,169.83045959472656,7242482
2021-10-29,169.10402245339696,171.5255597677654,166.9246413337805,168.57936096191406,12075018
2021-11-01,172.73630344077466,172.73630344077466,169.46722607589382,170.1735076904297,11652400
2021-11-02,170.71838739292173,171.0816155410808,167.7318270507816,167.95379638671875,8099346
2021-11-03,168.70042506154454,170.13316297933667,167.16678976034234,167.4492950439453,10516486
2021-11-04,169.44706918059353,169.60850253170486,168.74078749247815,169.40670776367188,1975024
2021-11-08,171.12196739740156,174.6533759227017,170.09281898237285,174.24978637695312,11870418
2021-11-09,174.63318688781342,174.65336143679735,172.33272174121888,173.7452850341797,5867180
2021-11-10,174.35068104619566,175.15786012511322,173.60403793488183,174.04798889160156,6565108
2021-11-11,173.92548507121552,174.45630089701447,172.33301267171782,173.66006469726562,6633538
2021-11-12,174.7625525566623,175.57919999851586,174.08882090934333,174.6400604248047,4288924
2021-11-15,174.72168756744892,175.59958092386793,173.39463570324259,174.0887908935547,3839888
2021-11-16,173.9459010327791,174.1704740895983,170.7405574065142,171.4551239013672,5533442
2021-11-17,171.70009844832344,171.80217936297763,168.31101706622448,168.96432495117188,7538798
2021-11-18,168.84185064683263,169.71974411324572,165.37109918250837,165.49359130859375,9990796
2021-11-22,165.7794160018718,166.55522851065578,160.51204296101739,161.53285217285156,10565788
2021-11-23,161.2878584712029,163.86029274847544,160.8999459790673,162.34950256347656,6765412
2021-11-24,163.77865925423905,167.12690654063113,162.839507148955,164.6973876953125,8482816
2021-11-25,164.96279090379397,165.126117907528,162.51284846462872,163.37033081054688,6323818
2021-11-26,162.16576729293416,162.18619095611731,153.12139914246296,153.87680053710938,20046662
2021-11-29,154.7547087761891,155.1630325460471,149.85482353789286,150.03857421875,15037552
2021-11-30,151.07977294921875,154.9588482006176,150.26312552787164,151.07977294921875,18393470
2021-12-01,152.2026767019498,153.50931767683664,149.3648216757355,150.5693817138672,13057566
2021-12-02,151.07978334735094,155.14260953259898,150.6918708110925,154.69345092773438,12449776
2021-12-03,156.18381495196863,158.59292228516145,155.69382152848345,157.57211303710938,17313246
2021-12-06,158.16420695798766,159.001265660555,155.57134865486287,156.57174682617188,8919812
2021-12-07,157.57211834575628,158.73584341995195,157.30671042453116,158.34793090820312,7275406
2021-12-08,159.04207347344033,160.16496359424127,158.89915769312844,159.71580505371094,7187328
2021-12-09,160.98162768167163,163.94197467137897,160.18539143795059,160.7774658203125,12970082
2021-12-10,160.67541487221982,162.47203709522583,159.6546053749376,162.08413696289062,4565918
2021-12-13,162.9007495324222,163.53364630022497,159.67498224579938,160.205810546875,5199416
2021-12-14,160.45079591489014,160.45079591489014,158.87874724611237,159.9199676513672,6582798
2021-12-15,159.65458202034156,160.22623276298668,156.42882697301044,156.91880798339844,11115184
2021-12-16,157.8171198272879,160.06290031642138,156.98006117484954,159.67498779296875,7909366
2021-12-17,160.47121990980378,161.1041166832974,156.0204939108769,157.08213806152344,16049722
2021-12-20,155.51010428104914,155.51010428104914,146.58822775946723,146.99655151367188,22510560
2021-12-21,148.79315934161298,149.4056449144745,145.93489333492593,148.7115020751953,12855558
2021-12-22,149.4464917773381,152.63141202751638,149.11983776333847,152.08018493652344,10045244
2021-12-23,153.0397301390185,154.4484520022434,151.89642867107614,154.08096313476562,10693866
2021-12-24,154.836361863701,154.836361863701,151.20227073392755,151.95767211914062,6287570
2021-12-27,151.4676792820573,153.18263132032155,150.05895755325966,152.8763885498047,4632660
2021-12-28,153.4480481280397,155.73466343938182,153.12139413829837,155.3263397216797,6449486
2021-12-29,155.57131724066966,156.3267185173815,153.99926862936115,155.61215209960938,8260658
2021-12-30,156.79631182625354,157.32712768916147,153.52972199653993,154.32595825195312,12171414
2021-12-31,153.73386479600927,158.18459039483915,153.73386479600927,157.38836669921875,7780656
2022-01-03,156.79631101687715,158.0212821966965,156.79631101687715,157.65379333496094,6468384
2022-01-04,158.42957251670578,160.77743344962087,157.10252068505812,157.59251403808594,11799296
2022-01-05,157.1842036660636,161.90033712760552,156.57171815360104,161.1653594970703,13483996
2022-01-06,161.69620220371155,161.96161014441134,159.4912564840531,161.61453247070312,8237148
2022-01-07,162.5128249309349,164.5136084743068,161.28785388874192,161.77784729003906,11914426
2022-01-10,162.92114535456506,163.20697690978238,161.53284736004434,162.32907104492188,4179728
2022-01-11,162.839478715729,162.839478715729,159.30748137341968,159.71580505371094,6854016
2022-01-12,161.0837114924626,161.6757858854106,157.8375328543917,158.71543884277344,9246820
2022-01-13,159.32792268149052,162.32909209520588,158.12336270679236,161.08370971679688,8491424
2022-01-14,161.28787239371312,163.3090798296498,160.2670630747656,162.69659423828125,6915504
2022-01-17,163.73779727306706,165.1260953063644,162.75782292374248,163.55404663085938,9671610
2022-01-18,164.06448615432768,166.14693987801562,161.83912907967456,162.55369567871094,13220496
2022-01-19,161.6962079036773,163.94198856900616,160.47123663167974,161.02247619628906,10347976
2022-01-20,161.28787444692955,162.32909498109044,159.32792551402034,160.49163818359375,6495234
2022-01-21,160.79788505731892,161.7166134793451,155.16302238664562,155.857177734375,10310538
2022-01-24,155.73466291580067,156.73506100522792,151.12060990569947,152.3455810546875,10668074
2022-01-25,151.93726336338486,156.7146435572532,150.26313356783726,156.20423889160156,9905300
2022-01-27,157.20464183367363,157.30672276992925,153.12140438344832,156.06134033203125,11474790
2022-01-28,157.1841900154875,160.6753521489162,155.71422242102597,156.1837921142578,8089918
2022-01-31,159.24624654145632,163.2478139060265,158.40918792226125,162.1249237060547,13928184
2022-02-01,161.28787681676653,161.28787681676653,153.52972578001066,154.69345092773438,25515398
2022-02-02,157.20464419866917,157.4496409415788,154.89761749679522,156.0205078125,11701576
2022-02-03,156.79628955448138,157.1637783659148,153.7338620241204,153.95843505859375,10658294
2022-02-04,153.9992959121911,155.16302106236918,152.73348982710354,153.38681030273438,8957710
2022-02-07,154.34637675364428,154.5097037606441,151.1206216364531,152.08018493652344,8189026
2022-02-08,152.876423292863,154.55055331103193,151.34520909229136,154.1013946533203,6909612
2022-02-09,155.16300050838254,155.9796478794793,152.99888995939614,153.3663787841797,9292356
2022-02-10,154.23543324016887,154.56649430749945,152.49733106375783,152.97323608398438,12283058
2022-02-11,152.9732553027443,154.98034642716814,151.04893577013718,152.93186950683594,11262552
2022-02-14,151.04893139544046,151.40069170671617,149.2073708788138,149.68328857421875,10196386
2022-02-15,149.82808599478605,153.01460202852138,147.5727059291352,152.662841796875,11049572
2022-02-16,153.5319202767645,156.59427950308142,153.24223235664945,154.81480407714844,10889816
2022-02-17,155.58038469320337,156.11836206881034,153.5319080915272,154.3595733642578,5224320
2022-02-18,153.7181534013679,155.5804004536593,153.7181534013679,154.42166137695312,4420434
2022-02-21,154.35961930614408,154.35961930614408,151.06964381618016,152.600830078125,6207542
2022-02-22,148.9797474247303,150.82130768762056,144.5517332134941,147.03472900390625,14106162
2022-02-23,148.3590263533939,149.31083653355995,147.40721617322782,147.7796630859375,5636142
2022-02-24,144.42760145296847,145.66909945972753,137.01999920514035,137.82696533203125,14094970
2022-02-25,140.70309831214703,141.32384727528887,137.45450954587082,139.19261169433594,11679020
2022-02-28,138.7787776912771,145.37940069045274,137.39243582802183,144.75865173339844,19146282
2022-03-02,143.39302003410725,147.61411831621683,140.6203360957765,141.57215881347656,15469204
2022-03-03,143.76545617390045,146.49675411544612,142.0894390386544,143.35162353515625,12825706
2022-03-04,143.99306932658345,145.46217011821477,141.94459274693503,144.15859985351562,15557860
2022-03-07,143.59992087098973,143.59992087098973,137.30965991949762,139.87542724609375,19936000
2022-03-08,139.792692921065,141.94462819611545,137.68215607454846,141.36526489257812,12880560
2022-03-09,142.5653518606015,143.8689222182533,139.75129481458586,141.7997589111328,13563906
2022-03-10,145.6690796248209,146.49674484996194,142.97916764311256,144.42758178710938,18109208
2022-03-11,145.2552596877293,150.51093937767135,144.94488520121706,149.8074188232422,16557604
2022-03-14,148.89698753493178,149.39359178366485,145.81394176399013,148.8349151611328,16449824
2022-03-15,149.41427727993408,149.60050702914896,144.0551518947048,144.965576171875,12130866
2022-03-16,146.289851436005,148.02795373245763,144.90350944111668,147.44857788085938,9444984
2022-03-17,148.81421709708042,151.545514996024,148.09000999057406,150.7178497314453,22827672
2022-03-21,148.97974066894324,152.00071369195138,147.44855494928922,147.82101440429688,12369650
2022-03-22,148.5038362013854,152.99392259340215,147.61409860627055,152.4559326171875,14934378
2022-03-23,153.4905350022537,153.78022292334683,151.04892477150733,151.7110595703125,12475458
2022-03-24,151.46275361634557,152.20764735295447,149.31081873187682,150.05572509765625,9696758
2022-03-25,149.80743297440097,150.86270127655763,148.19348801791435,149.10391235351562,7259104
2022-03-28,148.97976609129822,150.15919176535525,147.44858011035802,148.85562133789062,11624382
2022-03-29,149.8074341311579,149.97296468171163,148.13141678439777,148.3383331298828,11417328
2022-03-30,149.18665697359526,149.97293641239344,148.64867962840944,149.00042724609375,8247132
2022-03-31,149.39357569110828,150.84198985985861,148.48313887622604,148.71075439453125,11007364
2022-04-01,149.62118249865986,155.18723643029426,149.62118249865986,154.93893432617188,12772330
2022-04-04,154.93895053665523,157.77370687786885,154.02852623184617,157.3391876220703,14714720
2022-04-05,157.6702566448011,158.08408933940686,155.82869610213675,157.2564239501953,6622344
2022-04-06,156.8425894885687,159.92564808031602,156.20115387082495,159.65664672851562,11686350
2022-04-07,159.26349313903376,160.2773755238609,157.04948600158326,157.58746337890625,6693770
2022-04-08,158.41513611167733,160.07046674034345,157.71162817199652,159.13934326171875,8380548
2022-04-11,159.38765964815667,161.4568231191938,159.24281567934975,160.71192932128906,4778320
2022-04-12,160.1325704301264,160.40155916284223,156.11838813547783,157.50473022460938,4891948
2022-04-13,157.25640772515047,158.89105175185634,156.3045976774295,156.8425750732422,6523924
2022-04-18,156.84257182035978,156.84257182035978,153.55259725425415,153.84228515625,5585346
2022-04-19,154.73203793859804,158.84967819385335,154.35959104903247,155.5390167236328,11592654
2022-04-20,157.17364227110394,162.3465506216428,155.7459271438577,161.37405395507812,17136378
2022-04-21,163.46389982407695,165.03645887198218,161.39473653516458,164.5812530517578,15955692
2022-04-22,163.4639078822158,164.39503140812715,162.01549350857593,162.80177307128906,8821478
2022-04-25,159.32557702324436,159.71872310912588,152.62148275657202,152.9939422607422,20815928
2022-04-26,154.5251035081177,155.35276877878695,152.76631480794552,154.29750061035156,6278956
2022-04-27,152.2904267564802,153.78022693536698,150.75924078361888,151.669677734375,6163612
2022-04-28,153.82161517757183,153.82161517757183,151.11100349373416,152.84910583496094,6573278
2022-04-29,153.11808425696137,154.23543749104525,149.45566268876482,150.05572509765625,6718850
2022-05-02,149.02113184441043,152.26972049951627,148.00723685430742,151.6489715576172,6400476
2022-05-04,151.64899933187962,153.69746363781775,148.77285698931863,150.40750122070312,5737094
2022-05-05,151.4834504879397,152.60080379792527,149.02115357026247,149.3936004638672,3695092
2022-05-06,147.73825150072523,148.89697783337672,146.0829209516975,147.86239624023438,4697742
2022-05-09,147.2002969116357,148.27625183173348,144.7586738705029,146.24847412109375,5048780
2022-05-10,146.28985162128674,148.15209867162844,145.42080047195975,146.2691650390625,5909904
2022-05-11,146.91061818272615,148.75217887077022,142.66883272815448,143.64134216308594,7774130
2022-05-12,142.77226871949702,143.3723311324501,139.1305463371607,140.6824188232422,7716626
2022-05-13,141.2824811638589,142.89642616699294,139.04778711112166,139.44093322753906,4515592
2022-05-16,140.35132624635807,140.5582425500175,138.09594611397165,139.08914184570312,3884304
2022-05-17,139.04775463885886,141.92389628201468,138.28216179730518,141.71697998046875,9596420
2022-05-18,139.23402063080542,143.68272227287918,136.9786273047829,137.35107421875,15314616
2022-05-19,136.48202204241025,136.5441070519459,134.08179738775505,135.17845153808594,10187938
2022-05-20,137.3924344280109,138.57185996022986,135.73710389273364,137.72349548339844,6393394
2022-05-23,137.72351319404768,139.1098552214539,135.32328866090506,137.433837890625,8792862
2022-05-24,137.43382066584817,138.44770304451322,135.9440206534016,136.6061553955078,5891438
2022-05-25,137.55796581841219,138.01318424430232,134.55767920440562,134.9715118408203,8163646
2022-05-26,134.49562752315728,134.7025438731929,129.19857401391394,134.2266387939453,16061314
2022-05-27,134.3300797546657,136.1509408758029,131.68155333945066,133.39895629882812,9751704
2022-05-30,134.28870846343364,136.89584936960674,133.25412673413138,136.21302795410156,7101016
2022-05-31,136.5647770654515,136.85446497756155,134.49561377658102,134.99221801757812,20841502
2022-06-01,135.73713506218846,137.33039359408832,134.12318994551526,134.9094696044922,13381064
2022-06-02,135.3232823310963,138.32356917177046,133.4817219082556,136.29579162597656,16113808
2022-06-03,136.81308947540535,137.39245271402783,135.3646750642635,135.7991943359375,9938986
2022-06-06,135.53022021392215,135.69575078147864,131.7229540142589,132.15748596191406,9345428
2022-06-07,131.4125691410663,133.5024318584633,131.18496620720202,132.52992248535156,7910152
2022-06-08,132.8402778805028,134.4542226560207,132.09538417770068,134.04039001464844,5381610
2022-06-09,133.66796229224826,138.44772493245407,132.2195478401651,137.7442169189453,13918892
2022-06-10,136.87516426247774,137.4752267236115,135.15776109915322,136.97862243652344,5453434
2022-06-13,135.69573745749932,135.69573745749932,131.30910838752553,131.57810974121094,7503680
2022-06-14,131.30909438165455,132.73682207134647,128.9709424423191,130.06759643554688,10098392
2022-06-15,131.12286109814366,131.12286109814366,127.46044008291452,129.9434356689453,9987308
2022-06-16,131.5988027786909,132.343696610675,128.4122858358399,128.97096252441406,8720718
2022-06-17,127.8743060546064,128.90888781880224,124.04635352708178,124.56364440917969,13905510
2022-06-20,125.80513445774369,126.01205079731234,121.66680766637053,122.5151596069336,7456818
2022-06-21,122.76346181237105,125.16369893028022,121.39781902208406,124.64640808105469,5603658
2022-06-22,125.45337552521282,127.21216443076106,122.80484887563324,126.59141540527344,13204868
2022-06-23,127.6466829124085,128.49503477309105,125.61889287223472,127.4190673828125,8697024
2022-06-24,127.54322464686128,128.47434808647577,126.38448567783908,127.27422332763672,6549900
2022-06-27,128.28813631572422,130.62628853241839,127.60531489020066,130.3572998046875,5569614
2022-06-28,129.11577857418928,132.21952325145344,129.11577857418928,131.84707641601562,6481036
2022-06-29,129.77791916095265,132.36437317552372,129.77791916095265,130.9366455078125,4503176
2022-06-30,130.7711226124868,131.49532977885343,127.10870098817004,127.62599182128906,9158568
2022-07-01,127.66738263386394,132.1160839736177,126.50865617378261,131.74363708496094,8833390
2022-07-04,130.8125116794193,131.78502099586066,129.38478389260416,130.9159698486328,4431040
2022-07-05,131.516004931508,132.98511834739958,129.17785309483426,129.5709991455078,6138608
2022-07-06,131.01944082760954,133.25413497527344,130.5642223127291,132.96444702148438,8353864
2022-07-07,134.45423548015052,136.56478467828552,133.70934170630105,136.3164825439453,9279814
2022-07-08,136.5647848899988,137.4959084233397,134.28870514183217,134.61976623535156,5034654
2022-07-11,135.05429272839686,135.05429272839686,130.56420578798387,130.729736328125,11830842
2022-07-12,130.35729408198247,130.56421042179514,127.4811519069179,127.72945404052734,10690702
2022-07-13,129.11582054838465,130.5228494003208,128.0812386529649,128.4950714111328,9645842
2022-07-14,128.70197648048136,129.40549715921406,125.86721981030188,126.69488525390625,11835382
2022-07-15,127.46047934597536,129.5917153546596,126.67419969402626,129.15719604492188,10024354
2022-07-18,129.73655953334196,130.87459952924846,128.14330101323833,130.68836975097656,7029760
2022-07-19,130.3159121049613,131.51602438519024,129.32271617060536,130.9987335205078,5009030
2022-07-20,132.17814364537452,132.77820602937894,130.874573345788,131.22633361816406,6723570
2022-07-21,131.5781178303345,134.08180072428888,130.77113897801013,133.5438232421875,7298344
2022-07-22,134.57837282327463,134.66113176961784,131.8263758021004,132.5505828857422,6293178
2022-07-25,132.5506102891423,132.79891243784425,130.5849049414406,131.24703979492188,6529228
2022-07-26,131.12289930464647,132.074709504962,130.00554591369146,131.7850341796875,4397264
2022-07-27,131.5987801618447,134.51629523640628,131.41255042126843,134.330078125,6514864
2022-07-28,133.19205552075027,136.10957097122287,133.19205552075027,134.93014526367188,6933530
2022-07-29,135.34394784796447,137.04066404720749,134.578367635249,136.68890380859375,9605766
2022-08-01,136.97861043322175,138.7167126565502,135.65434086981242,138.2821807861328,6221584
2022-08-02,138.8408583621034,141.3238543387729,137.51658878954473,138.69601440429688,7663472
2022-08-03,138.69603235048436,139.60646937806823,136.68894115047374,138.17874145507812,4079330
2022-08-04,139.42020044826612,139.77196068418587,136.44061330503857,138.19940185546875,5023836
2022-08-05,138.63395461644149,139.56507819222355,137.47522810713696,139.21331787109375,5115246
2022-08-08,136.3578454823722,136.56476178811175,132.50920724728394,134.76458740234375,18945812
2022-08-10,135.44741918748866,136.6682305376764,134.90944180252086,135.8612518310547,5743378
2022-08-11,136.54409279730177,137.226914168362,135.4060529691445,135.8819580078125,3377190
2022-08-12,135.88197493114336,138.40635702656022,135.65435935966127,138.17874145507812,5285940
2022-08-16,138.4063527367044,143.703406289815,137.82697684846917,143.1447296142578,10721280
2022-08-17,143.84823801525047,147.01405540165462,143.59993588845646,146.14500427246094,14146800
2022-08-18,146.31051749405677,146.31051749405677,142.95848338124068,143.62060546875,7118970
2022-08-19,144.2101933088151,144.547078664798,141.9151216607048,142.44151306152344,7463376
2022-08-22,141.9783059185003,142.104647583181,139.72534783758155,140.50440979003906,4227956
2022-08-23,139.3673905935427,141.0518430540715,139.21999843297596,140.52545166015625,3118316
2022-08-24,140.23064668746053,140.73598749173934,138.14613193399865,138.77780151367188,5188148
2022-08-25,138.9673301818859,141.07289579070235,138.25143273434725,138.8831024169922,6420988
2022-08-26,140.6096555243665,140.6096555243665,138.25141969464738,138.58831787109375,4127464
2022-08-29,136.8617398929471,137.99875025721323,136.04056431304932,137.36708068847656,3250026
2022-08-30,137.3881500910513,138.92521034938576,137.36709957640576,138.39881896972656,6339262
2022-09-01,137.07231344236894,140.23066167836822,136.52487155533646,139.53582763671875,6741662
2022-09-02,140.02009994068055,140.6938834429962,134.9667429503402,135.57736206054688,9679250
2022-09-05,135.59839365241893,136.9038465963612,135.28255888459498,136.75645446777344,4784578
2022-09-06,137.28287691397213,137.47238295822876,135.19836183255947,136.54592895507812,5099528
2022-09-07,136.16692747079304,138.12510087326862,135.5352578021653,137.6408233642578,5529460
2022-09-08,138.9673286366406,143.53640852723697,138.81993647539184,143.11529541015625,17335416
2022-09-09,143.81013813328707,143.83118864986633,141.51506636660696,142.5467987060547,6934262
2022-09-12,142.54679479922044,145.28403014987018,142.42046600050082,144.2733612060547,5406378
2022-09-13,144.4628315975246,145.53667762252275,143.1994924043627,143.62060546875,10351084
2022-09-14,141.36768148679846,143.51534814752716,141.22028932248207,141.5571746826172,6863114
2022-09-15,141.80984251769104,142.75734703339944,139.11472113216874,139.556884765625,4993238
2022-09-16,139.55687954752992,139.64110730854014,134.819357146126,135.3036346435547,11937446
2022-09-19,135.998467091187,136.73541494198008,134.35611588548184,135.1351776123047,5473706
2022-09-20,135.8300400796299,137.66188483470214,135.53526858828994,135.97743225097656,5591400
2022-09-21,136.2300976371832,136.44065420231024,134.04030421932106,134.77725219726562,4507332
2022-09-22,134.33507913651826,134.73514172276342,131.8926282927587,133.00857543945312,5353540
2022-09-23,132.86118787381466,133.40862978314993,130.96617885501223,131.36624145507812,5516760
2022-09-26,131.3872902942389,133.05069221895366,127.55515842371983,128.3973846435547,10934478
2022-09-27,129.28172632141903,131.38729189668643,128.56582888528715,130.81878662109375,6266672
2022-09-28,130.5450479345384,130.5450479345384,128.5237103973826,128.860595703125,4451088
2022-09-29,129.5133263213162,130.01866717232423,127.38671034697353,127.70254516601562,6532502
2022-09-30,127.84995756485107,130.08185216565107,126.69189637830596,128.35528564453125,11182546
2022-10-03,129.0080143934608,131.07146623132996,128.35528130864543,130.03973388671875,7084402
2022-10-04,130.96619461836323,132.31376189002623,130.65035974388164,131.15570068359375,4266520
2022-10-06,131.82945394063117,132.56640188310698,130.29239365945207,131.45045471191406,6973606
2022-10-07,130.629289189606,130.92406064976305,128.94483678407323,129.45016479492188,6436838
2022-10-10,128.8606195614424,129.11329001320604,127.21828090200836,128.2921142578125,4731232
2022-10-11,128.9448298225265,128.9448298225265,125.97597490724804,126.22864532470703,5305338
2022-10-12,126.77609958569865,130.2292323088843,126.06021499279116,127.38671875,14791710
2022-10-13,128.03944032973757,128.54478121954466,126.12338075431163,126.46026611328125,6058154
2022-10-14,127.59727304927516,128.43949927402286,125.11270825653993,125.42854309082031,5155460
2022-10-17,125.44960119258654,126.06022038299733,122.77553019702508,124.88109588623047,5344642
2022-10-18,125.51276743199303,125.61804571799583,123.82831485594828,124.5442123413086,6574926
2022-10-19,125.13374061028107,125.89175181335109,122.85973270377183,123.0281753540039,6029504
2022-10-20,123.00715847225833,125.91283675006598,121.30164243757382,125.11272430419922,10261122
2022-10-21,125.74437739874652,126.6076541349584,125.21798601048265,125.63909912109375,4378164
2022-10-24,126.33395302028131,127.0709010795663,126.14444695020919,126.64978790283203,785990
2022-10-25,127.04982616241162,128.43949423821886,125.21798162513716,127.42882537841797,5684662
2022-10-27,127.42881474846125,129.11326699139835,127.40775138461409,128.69215393066406,6769606
2022-10-28,129.0711539800538,129.91338010716672,127.21825907067556,127.72358703613281,4980844
2022-10-31,128.37632778595116,128.86060526815922,126.92348248797539,127.87098693847656,8168120
2022-11-01,127.87097195720388,128.77636242244864,127.26036576034116,128.16575622558594,6729148
2022-11-02,128.22895832070935,128.8185141794993,127.80784515709453,128.52374267578125,4907332
2022-11-03,128.52372704068873,129.57650982165325,127.80782960909194,128.4816131591797,4588148
2022-11-04,128.6711180840389,128.6711180840389,125.82860431619105,126.90245056152344,7678230
2022-11-07,127.3867037990961,130.6082162174642,127.17614726389098,130.4397735595703,7732442
2022-11-09,131.00828223221686,131.32411704335945,128.83955243264134,129.2185516357422,5580594
2022-11-10,128.8606114863569,129.68178719029123,128.1026130299192,128.65005493164062,2795742
2022-11-11,129.30277108726327,130.7766669244146,128.6290004142184,130.0818328857422,4580064
2022-11-14,130.3345122915959,130.54506885426406,129.30277999398078,129.55545043945312,2600014
2022-11-15,129.61860590950997,130.37661719371317,128.73427868830063,130.0818328857422,4035358
2022-11-16,130.081844590096,130.4187428082833,128.77639130374533,129.0501251220703,2926810
2022-11-17,129.28174122974636,129.61862662009665,128.25000883834852,128.52374267578125,3816246
2022-11-18,129.17646367710816,129.17646367710816,127.34461883464367,128.06051635742188,4065720
2022-11-21,128.71322845016525,130.94513579915252,128.1447231418688,130.67140197753906,7671706
2022-11-22,130.65033354265165,131.11356050259772,128.75532467579612,129.2185516357422,7471030
2022-11-23,128.90271254897235,130.86088574283468,128.90271254897235,130.60821533203125,5713460
2022-11-24,131.15566729925678,135.5984049289026,130.77665526526937,135.1772918701172,16914922
2022-11-25,135.17731206035452,137.3881559491921,133.2401891303406,136.63015747070312,8593556
2022-11-28,137.70398791082974,143.97857072242888,137.70398791082974,143.49429321289062,26418498
2022-11-29,143.81014424855468,144.16809300509564,141.57824963941144,142.77841186523438,10055668
2022-11-30,142.77839488359407,144.75763164222502,141.4097772753403,143.66273498535156,10029732
2022-12-01,144.0206796695341,144.75762759181973,141.93616469167114,142.58889770507812,4289334
2022-12-02,142.9678943408279,144.5891823108396,142.46255349127696,143.6416778564453,5595618
2022-12-05,143.5574519299948,143.93645114631946,142.12566997312848,142.50466918945312,4976546
2022-12-06,143.1363567823758,143.64169770174382,138.1672267644552,138.35671997070312,10051146
2022-12-07,139.28316922281994,141.91512631319824,139.1778909392048,140.79917907714844,14328596
2022-12-08,141.80986134294068,142.04146844809645,140.04118087161845,141.3887481689453,5220452
2022-12-09,143.17846177706164,143.17846177706164,141.00973176453257,142.52574157714844,10392346
2022-12-12,142.31518061836397,147.32642405544993,140.9044491300562,146.96847534179688,13477930
2022-12-13,146.9684855637262,146.9684855637262,145.32614689130762,145.768310546875,7750970
2022-12-14,145.99991300589403,147.72646638863725,145.57879991715635,146.86318969726562,9635850
2022-12-15,146.86318880552457,148.00019927875312,145.70512781852761,147.03163146972656,5908812
2022-12-16,147.03163971567164,147.81070153906822,143.5153426785886,143.9154052734375,9481326
2022-12-19,144.21019675347344,144.8418664495441,141.36768312115547,143.7259063720703,5444230
2022-12-20,143.8732929725397,144.06279901457125,140.7570584960758,143.2837371826172,5614312
2022-12-21,143.59955576418216,144.42073138489894,139.85165204031387,140.69387817382812,5170900
2022-12-22,140.6517852132047,141.45189758875776,136.7354382505039,138.08299255371094,6135896
2022-12-23,136.86175574917462,138.50409424789436,135.66158085925764,136.90386962890625,5802076
2022-12-26,136.01952955994892,138.29353770058793,135.66158085925764,136.90386962890625,3377562
2022-12-27,137.0301817764965,138.25140703230397,135.89318426992412,137.28285217285156,2819074
2022-12-28,137.2828698839155,137.5355403128679,135.66158188710196,136.48275756835938,9481554
2022-12-29,136.48278508869848,138.12512393102207,134.8193828764264,137.78823852539062,6195112
2022-12-30,138.12508901345026,140.23065439475286,137.93558298859256,139.17787170410156,4199128
2023-01-02,138.98838541900133,140.94657178280417,137.93560257882908,140.588623046875,4405586
2023-01-03,140.58860472615117,142.33622144282685,139.64110029346963,141.85194396972656,5264652
2023-01-04,142.56785064924145,143.51535522914696,140.71495537436357,141.62034606933594,5848474
2023-01-05,141.91511785614796,144.42074599741312,141.32556207330683,144.16807556152344,7428290
2023-01-06,144.0206890049074,145.93674858650763,143.28374103485305,145.15769958496094,7364410
2023-01-09,146.48419255057715,147.11586219257936,145.32613154023983,146.02096557617188,4519436
2023-01-10,146.54735680526164,146.96846989952965,144.526019093316,146.2736358642578,4762962
2023-01-11,146.90530731101381,150.7584896006483,145.64196801268437,148.44236755371094,14348024
2023-01-12,149.0529701614952,149.0529701614952,144.61021974416965,145.3050537109375,5863672
2023-01-13,145.45246491229614,147.87386528295266,144.04173343042584,147.43170166015625,5433700
2023-01-16,148.2317926074613,148.40023525606335,144.9050021050071,146.94740295410156,5698298
2023-01-17,147.6843729181823,147.9580938695984,145.4735290891757,146.71580505371094,3477566
2023-01-18,146.88424203871077,147.09479858569938,144.39967735451555,145.72618103027344,4099580
2023-01-19,145.68409189469006,147.34748104087762,144.86291615385818,147.24220275878906,3279112
2023-01-20,147.05269870115123,147.81069713566518,145.51562561509775,145.85252380371094,3993550
2023-01-23,146.12626412038102,147.38960357963504,145.68410045018354,147.22116088867188,3362750
2023-01-24,147.38956651310073,148.42129861923257,146.48417603193317,146.94740295410156,4752342
2023-01-25,146.8421412513154,147.60013968117732,145.57880196731105,146.02096557617188,3866394
2023-01-27,146.08412412188895,147.2000712078142,139.59898529389096,141.72560119628906,5251902
2023-01-30,141.87301929009575,142.862637774204,139.93589620763242,141.11502075195312,6395210
2023-01-31,144.4207750641417,148.02128773332944,143.7048774935951,144.54710388183594,17988324
2023-02-01,144.54709133618115,145.1577105552003,138.96734199836789,140.9465789794922,8358226
2023-02-02,140.86233860455118,141.4940082843922,138.75677300508104,139.89378356933594,9029328
2023-02-03,139.78851120940092,140.12539657904222,135.68265811655147,137.57766723632812,5653818
2023-02-06,136.46167660889665,140.9254774403734,136.46167660889665,140.54647827148438,6611800
2023-02-07,140.65178831724793,141.57824236287286,139.62005598695444,139.8727264404297,3480708
2023-02-08,139.72534108602676,141.4097937228751,138.56727989819356,140.73602294921875,2499180
2023-02-09,139.85166810567424,142.20990412068505,139.5358332693251,140.52545166015625,4275406
2023-02-10,140.69390831956315,141.40979297562853,139.6200620584346,140.65179443359375,2551682
2023-02-13,140.65179296925652,142.20991677442743,139.8306171811401,141.03079223632812,3587566
2023-02-14,140.2306916067581,140.9676396857726,139.1779086367374,139.45162963867188,2385346
2023-02-15,139.45162963867188,140.08329942068428,138.33568226072083,139.45162963867188,3529300
2023-02-16,139.45159856949604,140.29382475786846,136.35641475695698,137.1565399169922,7507670
2023-02-17,137.15654881011727,140.2306694564596,137.0933715608116,139.6832275390625,6702378
2023-02-20,140.16751737969426,140.42018784506985,137.26183915625904,137.34605407714844,3546252
2023-02-21,137.68294058885348,138.35671130400107,135.6615898893528,136.12481689453125,2962498
2023-02-22,135.80898601457872,136.0195425820432,133.15597840506769,134.94570922851562,8178548
2023-02-23,135.59841207671676,136.2932460900694,133.91395975278238,134.98779296875,5490782
2023-02-24,135.09308974659416,135.66159505407686,133.32442227496847,133.72447204589844,3794754
2023-02-27,133.99820467492555,135.24048071215407,132.50324533511605,134.94570922851562,3962002
2023-02-28,133.55601577056777,135.4510247017794,132.2505626032405,133.64024353027344,7852658
2023-03-01,133.4086318076006,135.17731205919657,132.88224040550094,133.02963256835938,6991434
2023-03-02,133.3665324367834,135.53526247016185,132.44007841701355,135.1983642578125,6768720
2023-03-03,135.89320364675567,136.3985316601696,134.86147140258848,135.3457489013672,4226202
2023-03-06,135.76686584183938,137.49343218534077,135.24047444756164,136.67225646972656,3629924
2023-03-08,136.41959111312352,137.89348693316995,135.93530077688408,137.32498168945312,4785062
2023-03-09,137.32497532427845,137.6618606412762,136.2511292800648,136.798583984375,3895532
2023-03-10,136.86174572533935,138.08297104000297,134.9877874510213,137.3039093017578,3517038
2023-03-13,137.28287145619834,137.53554188804455,135.28258421872306,135.85108947753906,3910894
2023-03-14,136.52485459682765,138.50407820139242,135.53523636887013,137.36708068847656,5894652
2023-03-15,138.5462013328689,140.39909628802306,137.851367331105,139.09364318847656,5511946
2023-03-16,141.07288944070038,148.54764701554345,140.7149407330431,147.76858520507812,36574630
2023-03-17,147.81069856509194,149.47410045586668,145.4735259932787,147.97914123535156,23389012
2023-03-20,149.43200068635215,152.02184393379014,147.60015595233642,151.45333862304688,18492346
2023-03-21,151.684959271824,152.27451510184153,149.8110006446525,150.9901123046875,10250562
2023-03-22,150.88481814983723,151.1796024595191,147.70541939464158,148.1475830078125,11934054
2023-03-23,147.38961261730782,148.08444679223282,146.33682967004134,146.6947784423828,5146176
2023-03-24,146.5052363013498,147.28429806079077,144.8628978782331,145.45245361328125,5875488
2023-03-27,144.90502088656913,146.0841324309619,144.31546511437276,145.22085571289062,4245926
2023-03-28,144.0206860416093,144.3996852767115,141.22028638329297,143.11529541015625,6854316
2023-03-29,143.17845980744787,144.18912871817113,141.62033613370818,143.11529541015625,5971840
2023-03-31,145.24189771143458,145.87356732704072,143.5785087678158,144.98922729492188,10137510
2023-04-03,142.33621351926348,142.33621351926348,138.60936038791206,138.94625854492188,18864744
2023-04-05,139.76745214082305,140.18856529150426,137.7040002727558,138.1461639404297,8249158
2023-04-06,138.67254449556447,140.4412247301584,138.56726621615655,139.80955505371094,4767830
2023-04-10,139.80956521628494,141.83090318730433,139.6411225272589,141.4097900390625,4930618
2023-04-11,141.5571800849458,142.96791168063658,141.13606694302933,142.79946899414062,2729894
2023-04-12,142.79943881838662,142.86260320605584,141.1149866066719,142.0414276123047,4260174
2023-04-13,142.7152249434412,142.7152249434412,139.24104191898527,139.91482543945312,8347294
2023-04-17,139.91483041517904,141.49400457336392,139.09365471238203,141.36767578125,2905562
2023-04-18,141.36769009594,142.35729572086012,140.1464516755344,140.98867797851562,5806422
2023-04-19,141.0518484825693,144.5681328481684,140.52545706839544,144.02069091796875,9852864
2023-04-20,144.8418505367372,145.28401413486796,143.7469539468998,144.736572265625,4865018
2023-04-21,144.77870105699478,146.9263807698119,144.2733729695609,145.7893829345703,6552688
2023-04-24,145.7893666182527,146.4631373260914,144.3365212203515,146.21047973632812,4245824
2023-04-25,145.389287583605,146.77895557565228,145.389287583605,146.3367919921875,3084392
2023-04-26,146.04202135955984,147.17903189672782,145.326136783606,146.96847534179688,2639794
2023-04-27,147.38960363530305,150.12683913138724,146.90532607934347,149.76889038085938,7271052
2023-04-28,149.91627379694734,150.88482885228538,148.4213273308054,150.59005737304688,6742936
2023-05-02,150.8848251429361,153.66417429392374,150.75849634798996,152.06394958496094,6425960
2023-05-03,152.9693544466261,154.88541417251864,151.53757228153958,151.9376220703125,8712958
2023-05-04,153.20093218446604,155.45388971539816,152.08498510132435,155.11700439453125,8282286
2023-05-05,154.59063182024713,155.66446515583635,153.30622906935804,153.8957977294922,3300230
2023-05-08,153.8957877599465,155.2644053369422,152.63244845810434,154.84329223632812,2400728
2023-05-09,154.0642215796499,155.8118382765354,153.57994411203362,154.56954956054688,4179678
2023-05-10,154.96962256524623,157.07518808923055,153.87472592250396,156.7172393798828,5561956
2023-05-11,157.1383515840441,157.8752995132148,156.4435175353821,156.88568115234375,3387368
2023-05-12,156.61197994321574,156.61197994321574,151.17962280812486,152.40084838867188,7791814
2023-05-15,152.44295273040856,153.22201458949476,150.0636661213233,150.33738708496094,4809530
2023-05-16,150.8637870323621,154.25374277279911,150.3373955912164,152.5692901611328,7572742
2023-05-17,154.4432394381988,155.60130053828073,153.26412782229286,153.60101318359375,7759756
2023-05-18,154.12740221219016,154.12740221219016,151.64283736975048,151.8955078125,3426890
2023-05-19,151.64283586873546,152.653504778377,150.59005307716046,151.72705078125,2315526
2023-05-22,152.42189777639464,152.75878312931596,150.99010289809786,152.27450561523438,3206888
2023-05-23,154.5485238641047,156.23297644028025,153.70629757601696,154.3800811767578,11943178
2023-05-24,154.35898916830496,155.43283519718275,152.37976546934445,152.99037170410156,3750960
2023-05-25,152.8640429248693,153.36938374450014,151.74809587048134,152.99037170410156,3352570
2023-05-26,153.70628333750233,154.54850954757083,152.90617100820765,153.4114990234375,2185592
2023-05-29,153.41151906689163,154.67485854705166,152.0218507792571,152.31663513183594,2341038
2023-05-30,152.8640463464133,153.28515942174778,151.60070712040988,151.76914978027344,2722688
2023-05-31,151.7691622673005,154.31690429350388,151.6849473561154,153.07461547851562,23214480
2023-06-01,153.83263480208487,155.34864477392549,153.32730671237397,153.5167999267578,3537282
2023-06-02,153.53783743511914,154.4642785358897,151.22171540616503,151.62176513671875,6932474
2023-06-05,151.6428549991297,152.44296745139383,149.4951752631072,150.253173828125,5858136
2023-06-06,150.35843038005268,151.1796060828822,149.3267109741424,149.97943115234375,4213074
2023-06-07,150.3373760487671,155.60128977596483,150.23209777422315,155.01173400878906,12830856
2023-06-08,154.801184853849,154.801184853849,151.72705137951706,152.06394958496094,7164382
2023-06-09,152.06395948636273,153.28518503865277,151.0953915404164,151.36912536621094,3085970
2023-06-12,151.8112747857303,156.86463206015128,151.6849459944106,156.50668334960938,9434298
2023-06-13,157.70686484168394,158.71753376839615,156.82252471155348,157.32786560058594,7974634
2023-06-14,157.28575795519882,159.39132365741034,156.1908612197782,157.3068084716797,6714368
2023-06-15,157.95952875445758,160.2124864435907,157.07518866089526,159.55975341796875,12210880
2023-06-16,158.7596580686681,159.47555556654834,157.6647613048204,158.67543029785156,4278588
2023-06-19,158.75963826144513,159.47553567000833,157.55946335949008,157.8121337890625,3034770
2023-06-20,157.91743080101492,157.9384813179137,156.44353478020545,156.84359741210938,2415876
2023-06-21,156.84358748520467,157.81214252560798,156.38036048056946,156.990966796875,2680298
2023-06-22,156.4014260185544,159.47555981633067,156.29614772790492,157.24365234375,4024128
2023-06-23,155.89608316505917,156.23296852268024,150.88482672381562,151.43228149414062,10934896
2023-06-26,152.37978595593145,152.80089907845644,149.7688794557356,150.88482666015625,5281280
2023-06-27,152.02184414075637,153.15885476379083,150.75850471576393,151.7481231689453,6784532
2023-06-28,151.83230916471248,154.46426579876552,151.26381681283763,153.8747100830078,7166772
2023-06-30,154.06423355996208,155.306509521201,152.12711068751156,153.5799560546875,8391660
2023-07-03,153.79051476703603,160.00193321443692,153.03250344908415,158.0437469482422,12429962
2023-07-04,158.04373840744037,159.32814104982972,157.1383478292211,158.61224365234375,5390328
2023-07-05,158.61224809822681,163.0128851768688,157.9174140466918,162.78126525878906,12565366
2023-07-06,162.78125083707977,167.2450519155967,162.12853072405576,165.62376403808594,13080534
2023-07-07,165.4974756862598,167.56092764744616,163.93935181788316,164.92897033691406,6527978
2023-07-10,165.07634688639322,165.56062441540672,161.74955573114718,162.63389587402344,7264538
2023-07-11,163.39190309072262,164.9710774118314,162.29700632448316,164.61312866210938,6249314
2023-07-12,164.44467719167488,165.39218173375238,162.1496054936571,162.63389587402344,3379704
2023-07-13,162.84444994814643,163.24449970453742,159.4544815941975,159.83348083496094,4556112
2023-07-14,160.022986881019,160.75993484691844,158.17009170845668,159.83348083496094,6358916
2023-07-17,160.02297032324412,161.62319488593602,159.6018572434461,160.75991821289062,3944706
2023-07-18,161.68637599622627,163.26555008323976,159.34919063663537,159.580810546875,4545860
2023-07-19,160.02298162977442,162.33910373231063,159.41236248038308,161.9390411376953,4894862
2023-07-20,162.52859295981463,163.85509654741648,161.39158254109824,163.37081909179688,5790108
2023-07-21,163.37083011470838,165.49744610090966,162.5496544400792,164.50782775878906,4677570
2023-07-24,164.40256543445867,165.0342351373457,163.24450431249912,164.04461669921875,2997768
2023-07-25,163.30766493631756,164.61311819570173,161.83376899699573,162.71810913085938,4256186
2023-07-26,163.34974883994624,166.33965405268225,161.60213226004257,163.0549774169922,12787834
2023-07-27,164.23411943288562,164.9289535217542,152.927229409351,159.7071533203125,16459384
2023-07-28,159.93873663148122,159.93873663148122,156.69617374817756,157.26467895507812,7259444
2023-07-31,157.36997490186516,159.37026218141102,156.50668531251296,158.97019958496094,10035348
2023-08-01,158.97019958496094,159.93875460083171,157.60158197264008,158.97019958496094,9122844
2023-08-02,159.0965379066476,159.4755500107646,154.7590777391262,155.432861328125,9528240
2023-08-03,155.58023888238392,156.54879386528677,153.41149615098306,154.96961975097656,6404888
2023-08-04,155.0327761141156,156.16978655805914,151.62175763363615,151.76914978027344,6557502
2023-08-07,152.864069128387,153.05357518107087,150.80061732199343,151.87445068359375,4002256
2023-08-08,152.65350113410088,153.22200639825004,150.0847086137118,150.69532775878906,6307980
2023-08-09,151.6007309990922,152.31662848046255,150.77955523230585,151.7481231689453,6443716
2023-08-10,152.379789439507,153.70629323551552,151.4112215247454,152.7166748046875,8137376
2023-08-11,152.99342750956376,153.93021409334324,151.97148677841975,152.24826049804688,5578802
2023-08-14,152.4398933361179,152.8231195193113,149.5869627601667,151.8224639892578,5111068
2023-08-16,151.90762973147173,153.93022606286485,150.80052177219375,152.39730834960938,3864088
2023-08-17,152.86570265492233,153.41925014075795,150.88568988520873,151.9927978515625,4778606
2023-08-18,151.99278669659273,152.58891771328385,149.9063086461515,150.26824951171875,4777304
2023-08-21,150.26826720212225,151.11988675327586,149.3101952070744,149.9063262939453,5180764
2023-08-22,149.92760998030204,151.0347178879335,147.54307287033004,147.71339416503906,8015338
2023-08-23,148.67147364514608,148.79922436870118,146.5850084405712,146.81919860839844,6414210
2023-08-24,147.94760198529505,150.24697202314687,147.3940415166663,149.565673828125,8741756
2023-08-25,149.58695709154935,150.80051745457587,148.60759988331438,149.13986206054688,5113762
2023-08-28,151.26890636179436,152.39729954571166,150.01276246225444,151.29019165039062,10985570
2023-08-29,151.58828193384971,152.69538996264032,151.07730499912074,151.92892456054688,6253738
2023-08-30,150.39601648681875,151.07730172545038,149.11858717235998,149.86375427246094,9709432
2023-08-31,149.4592233435151,149.88503309663054,144.392089880378,145.00950622558594,13575650
2023-09-01,145.22240959894935,146.86177973041114,145.00950472459542,146.563720703125,9980752
2023-09-04,146.75532830252283,148.50115088316824,145.96757766305916,146.77662658691406,6898572
2023-09-05,147.28758637217507,150.1405168262099,147.0108126402898,149.1185760498047,8363178
2023-09-06,149.0121115640994,150.67276681579412,148.20306272830368,150.37469482421875,6751054
2023-09-07,150.73665327169346,151.69472522045422,150.3747123810029,150.9921417236328,7249346
2023-09-08,151.05602104334278,155.20766644199705,150.7579489963353,154.12185668945312,10344130
2023-09-11,155.50573503571687,157.01735453916987,153.5895910481202,154.8883056640625,10452850
2023-09-12,155.42055614695775,155.63346101839193,147.7772660645975,148.35211181640625,18168222
2023-09-13,149.28888964364958,151.6521283793143,147.8411392022207,151.41793823242188,9713718
2023-09-14,152.43990474262304,154.24959634920447,151.6308687409704,152.75926208496094,10116738
2023-09-15,152.4186063873178,152.67408184354466,149.56567584241512,149.99148559570312,12383408
2023-09-18,149.99149005470807,153.7599090822725,149.31019183025685,153.4405517578125,10007488
2023-09-20,150.73664623274314,151.92890829320848,149.5443841722778,150.1192169189453,18292152
2023-09-21,150.31083375312005,152.65278725352277,149.79985688243227,151.26890563964844,9879542
2023-09-22,151.37537376336397,152.22699330633648,149.6082658106326,149.86375427246094,3982102
2023-09-25,150.48116764743892,150.52375122267608,148.20308281641945,149.8424530029297,4959752
2023-09-26,149.84244486661188,151.0985887971456,149.41663512672685,149.73599243164062,3788360
2023-09-27,149.73599823596845,150.39601115518406,147.58566416406677,148.60760498046875,5969046
2023-09-28,147.77727528008737,149.0334192977559,145.62694114237863,146.457275390625,9701978
2023-09-29,147.22372195317075,148.24566276041682,146.9043646387387,147.58566284179688,2669870
2023-10-03,148.39469576161048,148.69276778023837,145.13725381943837,145.35015869140625,10514554
2023-10-04,145.35015869140625,146.8830763685114,144.58369335551262,145.35015869140625,6049760
2023-10-05,147.1172610321772,148.07533292023047,145.96756956864064,146.670166015625,7115506
2023-10-06,146.90433899824646,148.6075777112696,146.47852931999068,147.84112548828125,3717076
2023-10-09,145.2011240790872,145.4778978163719,143.13594420219306,144.7753143310547,8740080
2023-10-10,144.796612169695,145.88243491809246,144.43468424824593,144.94564819335938,3572978
2023-10-11,145.71210673878144,147.03210661415392,145.41403470549443,145.8611297607422,4799512
2023-10-12,146.86177362381903,149.18244185565524,146.4998327535306,148.4798583984375,7703802
2023-10-13,147.79855819683593,149.28889223484416,147.77725991376974,148.05404663085938,3981804
2023-10-16,146.90437003809228,148.37341893634635,145.62694073341322,147.86244201660156,3262470
2023-10-17,148.56502456747157,152.312158300264,147.62825088028555,151.03472900390625,10443728
2023-10-18,151.16245760261512,151.80117221220365,148.54373030223863,149.1185760498047,9162228
2023-10-19,148.82051104732838,150.97084513640527,148.67147503246463,150.60891723632812,5743188
2023-10-20,149.28889435007184,150.2256679618552,146.71273767963368,147.50048828125,4400690
2023-10-23,147.13855186946614,147.88371892160865,145.47789646648496,145.9675750732422,7813800
2023-10-25,145.86112326393533,147.54307695815658,144.1365989908687,144.7540283203125,5429774
2023-10-26,143.7533787358302,144.32822451540895,141.13465128961894,142.64627075195312,7743878
2023-10-27,142.64627003140225,144.0301517555875,142.2204602701145,142.62498474121094,2996088
2023-10-30,143.92369013036523,148.5650136332661,143.54046396859943,147.71339416503906,21873188
2023-10-31,148.33083934898627,150.71537671410715,146.75533796631268,148.7140655517578,10673186
2023-11-01,149.2676170684668,152.75926255327215,149.2676170684668,151.9715118408203,13929780
2023-11-02,153.6960300916855,154.14312511860425,152.12052886359493,153.52569580078125,10130432
2023-11-03,153.7811855491506,154.8670081868227,153.37667409152073,153.9302215576172,5627900
2023-11-06,154.48377099933276,157.18766549146724,153.8663546630496,155.95281982421875,9072020
2023-11-07,156.18700860625637,159.10380794608233,155.9315331560847,158.7418670654297,10702176
2023-11-08,159.87027970951635,165.17160342867416,159.2741356493241,163.5961151123047,24020912
2023-11-09,163.9793488933761,166.34258797473976,162.999978602468,163.3193359375,12843896
2023-11-10,162.57415464097718,164.40514433225226,162.0206071730813,163.5322265625,4932486
2023-11-13,163.29804537713883,165.51226135978672,163.29804537713883,164.83096313476562,4838906
2023-11-15,165.2141972551204,167.51356750457973,164.85225633745472,167.15162658691406,11266250
2023-11-16,167.7690261390161,170.87743183153657,167.34321642800336,169.74903869628906,15416172
2023-11-17,170.3239172105221,173.3471693399456,165.74646193548932,166.17227172851562,16380696
2023-11-20,166.3425736809957,167.5135504754916,164.97999029875524,166.91741943359375,4506882
2023-11-21,166.91741125362435,167.42838811859988,164.61804135059745,165.21417236328125,4477214
2023-11-22,166.91741302926766,171.5161528842422,166.53418687380005,171.2180938720703,25730664
2023-11-23,171.8355182824845,176.07233046494306,170.60067261455677,175.1355438232422,16239092
2023-11-24,175.85941939602398,175.85941939602398,173.30456100286142,174.8374786376953,10975546
2023-11-28,176.30652371086444,181.35237190228622,175.9020122407658,180.75624084472656,23186856
2023-11-29,181.39493754913764,184.9930348181139,178.28653184534647,182.52333068847656,25208812
2023-11-30,185.01433743026732,186.82402887808925,182.69366908165796,185.5253143310547,32721308
2023-12-01,187.35628868346888,188.37822947735137,184.5459417542804,186.50466918945312,19278842
2023-12-04,189.4853243512684,197.91635156273318,189.05951463362507,196.5111846923828,41482794
2023-12-05,200.15188139203627,202.8770743729874,198.00154720627154,201.0673828125,38376064
2023-12-06,204.81449365830085,205.4532082954889,199.4067045322357,201.34414672851562,27408826
2023-12-07,203.111254216498,203.9628737310326,200.76930055152792,202.13189697265625,23850564
2023-12-08,203.06866971487128,203.3028728771087,198.3421788318432,200.32220458984375,18940478
2023-12-11,202.19577095157214,202.19577095157214,194.40344439967507,198.21444702148438,27693108
2023-12-12,198.66036428599776,201.31363385402236,198.66036428599776,199.5745086669922,19940320
2023-12-13,200.4440537266225,202.6068009657494,198.86101936866325,199.5522003173828,26664018
2023-12-14,200.64474617858056,200.64474617858056,197.12191397420042,198.7495574951172,12555568
2023-12-15,198.437392950589,202.20547922646298,197.1888035619818,200.22109985351562,22079148
2023-12-18,200.22112197833331,200.77853044709258,198.03608350251795,199.4407501220703,16831064
2023-12-19,199.4407403679806,201.33592906907376,198.4596960675023,200.55555725097656,12644672
2023-12-20,202.18319468703842,203.0527573315106,195.47200224560652,195.9625244140625,17347978
2023-12-21,193.9335453129008,200.86771460001896,192.84103291544045,200.46636962890625,18554414
2023-12-22,200.53327205693773,202.16090203065653,198.45970170874014,199.17318725585938,11559264
2023-12-26,199.77518465465909,203.56556204208005,198.21444102454456,201.38052368164062,22976450
2023-12-27,202.42847908973252,203.52099159960665,199.9089817481686,202.76292419433594,12398088
2023-12-28,203.34260024710198,209.96461527950154,202.78519180344216,207.71267700195312,45183336
2023-12-29,202.67368390953308,204.23442734998054,200.06501000877893,200.9568634033203,17088440
2024-01-01,204.8587565154077,204.8587565154077,200.97920176075573,201.58119201660156,7006288
2024-01-02,201.58120356768777,204.8587682543062,199.81980088096773,203.4541015625,9458818
2024-01-03,205.10400442448997,207.4897015374952,202.91895256574665,205.59451293945312,15058884
2024-01-04,203.6993329052515,204.01148707208225,201.11296321204173,201.84873962402344,17904916
2024-01-05,203.298012736567,204.97023813241822,201.22445596743248,202.04942321777344,8080468
2024-01-08,203.76624539443958,207.0437963056511,201.31364813055842,202.8966827392578,18232610
2024-01-09,205.12627953875233,206.7985046436878,203.1864956953066,205.10398864746094,12301290
2024-01-10,202.98585759566637,203.4094798337214,198.481994797633,201.2244415283203,15261992
2024-01-11,202.40614383237434,205.66141718776566,202.09400328066553,204.54660034179688,15751252
2024-01-12,204.68037706740358,205.6168259587139,202.94126547417267,204.34593200683594,11990812
2024-01-15,205.12627953875233,206.68702297002542,203.1864956953066,205.10398864746094,10408382
2024-01-16,205.57222600962456,213.95564323208518,205.34926264085055,210.85646057128906,42369500
2024-01-17,210.47741191264174,212.77393179971364,207.8687378780207,210.3213348388672,22429284
2024-01-18,208.2477914418962,214.44617052112255,205.5722309522787,211.01254272460938,19802302
2024-01-19,212.26111738940352,216.27445784424518,211.39155484741312,214.4684600830078,12973856
2024-01-23,217.83521500904686,217.83521500904686,205.1708981683175,206.4863739013672,18419550
2024-01-24,207.35594874684136,213.37596016207223,206.59786779185174,212.77395629882812,15161312
2024-01-25,212.79624094831541,217.76832126490007,210.03148977953813,211.54763793945312,21346674
2024-01-29,211.36927527487657,223.58766525891863,209.31800954415905,219.68580627441406,27869484
2024-01-30,221.55870885330864,230.92315701136081,219.90877443193213,224.83627319335938,44271876
2024-01-31,225.61664579286153,228.55975147146103,222.31677693861812,224.0113067626953,20707736
2024-02-01,224.9923505081307,229.78606337401,222.56205773198764,226.73147583007812,14008198
2024-02-02,230.70017430511436,255.24846165309333,230.09818412886918,248.98316955566406,77556082
2024-02-05,252.39452785178338,262.5616517988378,248.4034781958446,256.29638671875,45025890
2024-02-06,258.6152457159077,274.1112015732543,254.49042293373626,271.70318603515625,45260656
2024-02-07,275.0476036420124,276.47457463194144,267.2438858096593,268.4701843261719,28791718
2024-02-08,271.12345607121273,283.31954144016447,270.40998417896117,276.6975402832031,37522588
2024-02-09,277.812368506892,278.12452267899334,264.1224116779581,273.93280029296875,29524266
2024-02-12,274.1557603035404,275.8502765091528,260.3097401672102,263.2974548339844,17042236
2024-02-13,263.96637409234665,266.01762648071315,258.79360689399476,260.5550231933594,12659942
2024-02-14,259.52937350421547,280.64399463696157,259.52937350421547,278.10223388671875,47987362
2024-02-15,280.9338411632875,292.9515720342697,277.8569358255684,291.07867431640625,51245018
2024-02-16,296.9872321273559,306.7753302813017,290.6996754872195,291.9036560058594,55744810
2024-02-19,294.2670799712367,297.29937649744716,290.23142101727,290.989501953125,24997270
2024-02-20,290.9894998807991,296.09536669266106,284.1668259411118,293.2414245605469,20913510
2024-02-21,295.91699749600326,297.8121862929099,280.9338687179311,282.36083984375,17722264
2024-02-22,280.4879223239659,281.3128759145059,272.3943410234418,279.1055603027344,27653580
2024-02-23,277.3887134879658,280.71087302840743,274.3564172052862,275.5604248046875,12564690
2024-02-26,275.1367665781755,282.53913871430433,269.3843014143754,279.6629333496094,23264196
2024-02-27,279.6406458320765,282.1378518891214,274.8246425168436,278.72650146484375,14881202
2024-02-28,278.6373421336346,278.9494963281601,270.2762148724764,271.70318603515625,12645922
2024-02-29,271.56939132022126,272.8179807794012,265.0811625375395,269.2728576660156,20515464
2024-03-01,272.46124291982875,279.70755257195185,271.5693894241828,277.9461364746094,15763236
2024-03-04,278.79342765585477,286.84240057283176,276.85362983700634,285.59381103515625,14804172
2024-03-05,285.86136036086043,289.62944714124416,281.87031018775826,287.6673583984375,12317936
2024-03-06,286.7308883032216,291.1901556174241,278.81568882051215,284.6573181152344,18258188
2024-03-07,284.05532792351016,285.9059347458447,277.36642695199896,278.5704345703125,11968574
2024-03-11,275.1368295316604,284.8134463216781,272.9294864769026,279.32855224609375,15353008
2024-03-12,279.5960576920544,283.3195349737976,274.9807269567479,278.9048767089844,14074364
2024-03-13,280.0419874905244,280.0419874905244,264.969669403425,266.5527038574219,14910184
2024-03-14,266.55272187971235,273.7990317593365,264.167024590843,271.4579162597656,19372474
2024-03-15,262.3163955704578,267.55603458100245,249.27303888463393,261.51373291015625,57039318
2024-03-18,261.51375391402536,264.34537795388417,258.77129345242236,259.66314697265625,10980494
2024-03-19,258.63750480582075,259.0165316414979,248.11364480750152,248.69334411621094,21665634
2024-03-20,250.16490545448437,255.24848126504185,249.85275128765912,252.6844024658203,17528566
2024-03-21,255.96193931477185,262.9629943178682,255.3153401221903,262.11572265625,16625332
2024-03-22,262.6508815760414,269.54045598442406,260.66650189997875,264.34539794921875,21445540
2024-03-26,261.49147288370915,269.25058247211535,261.02322799415515,267.4891662597656,13567050
2024-03-27,269.78569579820334,272.79570149512546,264.568347146763,265.4156188964844,10893576
2024-03-28,267.9573916216194,272.57272253970274,266.4858115911965,268.62628173828125,12168632
2024-04-01,268.8938512593492,271.5471210725976,266.73111723975296,267.86822509765625,6260114
2024-04-02,269.7856811599891,276.6083549260479,267.5560474313942,274.6016845703125,18944588
2024-04-03,273.35310927635453,276.1847333713708,271.48021140393917,272.43896484375,12456516
2024-04-04,273.7990415695815,274.7354769160786,265.5271052848221,266.8871765136719,15187270
2024-04-05,264.6798168713293,265.0142619336426,258.7489965430813,263.2974548339844,17546990
2024-04-08,265.75004607082053,269.1613693005249,263.3643216821745,263.9663391113281,11628512
2024-04-09,266.307434841682,266.307434841682,260.1982335128491,261.2015686035156,9089852
2024-04-10,262.78462080239217,271.4356103914121,260.86714127577255,269.6741943359375,22286674
2024-04-12,269.6741597590106,273.2861549805173,267.1100813487348,268.09112548828125,13419366
2024-04-15,263.18598144742657,267.4668674931727,256.14034402258153,262.8961181640625,16619074
2024-04-16,260.8671763475008,267.556078305129,257.9909430622783,264.1224365234375,11546770
2024-04-18,269.56274662251764,275.4043767294378,261.1124284437623,262.9184265136719,25834400
2024-04-19,257.74565384980457,263.05219290418376,251.59187032589787,261.223876953125,20996084
2024-04-22,265.25952641364177,271.48021025557466,264.4345727817294,269.0945129394531,17525618
2024-04-23,271.2572443391782,271.7923618979237,263.87716185905884,264.4345703125,11440602
2024-04-24,266.6641768107337,267.04320363336456,263.98861650828485,264.5906066894531,9778936
2024-04-25,264.5906190992812,270.14241243069404,262.2272128313776,269.07220458984375,14346756
2024-04-26,268.58163289454814,274.1111345923067,267.1546620805584,271.77001953125,9905056
2024-04-29,274.2226461135499,278.4812409114281,270.7667139805418,275.939453125,15908852
2024-04-30,278.25827856231376,278.5035328195281,269.07219884281267,270.8335876464844,12520696
2024-05-02,275.5827246808217,284.07762361467724,274.0219810944416,283.0074157714844,31766132
2024-05-03,285.39311060983607,286.15119150333504,278.7487913665676,280.866943359375,8997336
2024-05-06,283.1634558990616,283.2526466829434,270.2984814273803,272.12677001953125,9472036
2024-05-07,277.5893824682343,280.2426518886813,268.4478847323326,269.4735107421875,19902238
2024-05-08,271.12347413336323,278.39207498658874,269.09451278847166,276.6083679199219,13939168
2024-05-09,278.7041929702428,278.7041929702428,263.1190490559056,264.0555114746094,19938848
2024-05-10,274.24494562035653,277.34414191267865,268.2472255125347,275.8725891113281,44164342
2024-05-13,278.6819377682387,278.6819377682387,263.8994545930645,270.6329650878906,22898652
2024-05-14,273.08555305422334,275.44895938982614,268.5148038589013,270.2093200683594,12813314
2024-05-15,271.5693827808108,280.04199078218255,270.6998202003863,278.72650146484375,18835012
2024-05-16,281.82570470328284,282.42769492612945,272.48353389032565,275.91717529296875,26886936
2024-05-17,276.34082195454494,280.7108988119079,275.7388044909449,280.17578125,10203386
2024-05-21,280.9338445248811,289.4064525343617,278.7042108381757,287.17681884765625,21247760
2024-05-22,289.8078112846748,290.1645472480928,281.40207555521334,285.6160888671875,14673810
2024-05-23,287.62271464610876,291.6806366325284,285.6606263259819,288.7152404785156,14982550
2024-05-24,288.5146253434103,295.80551727625516,286.1066098555146,291.6806945800781,16208524
2024-05-27,292.8846769881365,295.09201979156035,288.2916370158576,292.55023193359375,12493582
2024-05-28,293.39749239050917,293.86571000549833,286.55250087265165,288.2916259765625,8950082
2024-05-29,285.39310909170956,286.70859839737074,282.0040768081287,282.5168762207031,10753416
2024-05-30,282.73982145666145,283.96611989365425,278.03530016909394,279.03863525390625,9645688
2024-05-31,280.93383353385104,282.8959219882719,275.4043313202702,279.9527893066406,18484104
2024-06-03,296.54128102998277,306.3516692745837,290.61046085282476,297.0541076660156,33828234
2024-06-04,298.77093323298965,298.77093323298965,252.7067037466289,258.7267150878906,45748526
2024-06-05,268.4702236311403,268.4702236311403,238.21410123555606,259.1280517578125,47388174
2024-06-06,263.5649761086143,270.8781850285799,258.7489730912448,260.48809814453125,37934232
2024-06-07,260.8671772501474,268.4479328283568,259.1726608584606,267.4668884277344,21620630
2024-06-10,269.9194311400565,271.94839221975235,267.6675067061697,268.7154235839844,14828594
2024-06-11,270.3653786774666,273.21932071786114,264.70210360127624,270.7667236328125,27027544
2024-06-12,277.1434381706429,278.19135500652993,273.1078070646965,273.5091247558594,23479388
2024-06-13,276.02865942411034,277.1434763038523,273.57606228867803,276.1847229003906,12050324
2024-06-14,277.5001744868095,280.62166132517,275.69417683091336,279.4399719238281,14628644
2024-06-18,283.1634631998364,283.1634631998364,279.32850434889446,281.3351745605469,15884950
2024-06-19,282.80674757842536,282.80674757842536,274.24494861717903,274.6016845703125,19648006
2024-06-20,276.47458500966815,280.3987349663636,273.2639069661141,279.2616271972656,18076646
2024-06-21,283.6094077476748,284.5012612311581,272.1045032541825,274.3341369628906,30004484
2024-06-24,276.2070402173504,276.2070402173504,270.4991560357209,272.23828125,7557297
2024-06-25,272.2382952002635,273.30853034346313,262.91841474796496,264.2561950683594,15630568
2024-06-26,265.77235338497115,268.3141414027325,264.21160969898557,266.12908935546875,7973173
2024-06-27,266.4858309492759,273.7990409762421,264.0332336766874,271.8815612792969,12487595
2024-06-28,272.77340418181444,273.44229432094727,268.9384177204605,271.0788879394531,9077880
2024-07-01,272.6396058603353,273.665231866745,270.49913584340237,271.61395263671875,4793023
2024-07-02,271.1234581429452,274.913835436062,269.51813276450844,271.4801940917969,5553786
2024-07-03,272.46127736466684,274.2004027879219,270.2316433436794,273.44232177734375,4355165
2024-07-04,273.44230667429764,275.1368229932124,269.29519306776103,270.23162841796875,6607472
2024-07-05,270.2316175252209,273.97741320948404,269.33976400203534,273.48687744140625,7684768
2024-07-08,271.6585654457891,274.64627993718807,266.485799121986,267.110107421875,11488688
2024-07-09,268.6708407145139,269.4735033429168,264.34534621724555,267.7344055175781,18094862
2024-07-10,268.2695428736869,269.16139644336965,261.66983190147675,267.86822509765625,12134270
2024-07-11,269.3397897352844,274.6909113856543,267.1993465185789,273.44232177734375,19246022
2024-07-12,276.2070195989477,277.32183639226406,270.90048077587903,271.61395263671875,10426157
2024-07-15,272.9071519915211,275.58271230516345,271.25721768800025,274.4678955078125,8687357
2024-07-16,274.69088162425567,284.7242336316351,274.69088162425567,281.7811279296875,28132502
2024-07-18,284.05531820726804,284.501244923449,278.88257918645166,283.7431640625,19588548
2024-07-19,283.74320282306496,283.74320282306496,269.1613917685671,270.9450988769531,19823046
2024-07-22,271.61394979875456,282.8513084014112,267.64521838633976,274.913818359375,27102699
2024-07-23,277.76780895286794,278.52586272366807,264.07785102808725,272.9071960449219,24287234
2024-07-24,273.2639181586456,281.6919449660248,271.88155606386107,280.8892822265625,16934157
2024-07-25,279.10557106059684,291.7698747637165,277.18806421134275,290.8780212402344,30554549
2024-07-26,292.48337084729997,293.77654211246943,288.4254210276623,293.2414245605469,21839106
2024-07-29,297.3439890646578,302.29379294603484,295.24812763113124,301.3573303222656,20234464
2024-07-30,301.9369880468419,320.21998458543703,300.82217118473244,310.54339599609375,45785745
2024-07-31,313.93245419224615,315.80535211808524,308.715105404984,312.1933288574219,17224023
2024-08-01,313.0405855808249,313.8432483055389,307.3327284951577,311.3460693359375,16959971
2024-08-02,309.38399632976007,312.99601959920875,303.2747939645928,309.5623779296875,15120989
2024-08-05,305.013913585868,309.4285995378108,298.2358211738511,304.7463684082031,23868328
2024-08-06,305.9057608651054,311.8365813976195,297.3439615315613,298.5033874511719,13702018
2024-08-07,304.30041841844235,310.1420478285453,300.9113588623849,306.4854431152344,14250381
2024-08-08,306.7530447113315,306.7530447113315,296.8088556831869,301.71405029296875,15378854
2024-08-09,306.63830291381714,309.90581487540317,303.55488641928724,306.868408203125,11351617
2024-08-12,305.39572873374993,309.99783451990663,303.92307735339944,306.868408203125,12253716
2024-08-13,305.5338038409264,306.27012950570634,295.45518128123734,296.0994873046875,9757429
2024-08-14,296.09950337915245,301.39192513801277,295.1330442915107,299.1828918457031,8457477
2024-08-16,300.10331127966253,307.23657534803664,300.10331127966253,306.0400390625,8214443
2024-08-19,310.9182387383381,318.05150231826144,309.583644986476,316.4407653808594,17875728
2024-08-20,321.1809811321237,325.9211445785601,319.75431145354855,321.59515380859375,22888866
2024-08-21,321.5491378437233,327.30177009336404,320.44462121618244,323.2519226074219,14795459
2024-08-22,326.38136688307566,326.8415774883567,320.8128017057601,322.2394714355469,10244576
2024-08-23,321.96332989319325,329.5107950946591,321.73322458935615,324.17236328125,15872017
2024-08-26,327.1637301538933,327.57790284475453,321.2270021169805,323.2059020996094,6672007
2024-08-27,320.3065487988375,322.8377068712421,316.16465377126633,321.2729797363281,9683173
2024-08-28,320.7667941570692,327.4398479809968,319.06400928764106,320.44464111328125,7295981
2024-08-29,321.9633137171261,329.0965777776856,319.5242032368043,328.0841369628906,13054801
2024-08-30,331.3055840023072,336.41390983811135,326.51938307816687,329.1885986328125,20312502
2024-09-02,332.27201986430765,337.97864196739255,329.0505459875069,329.9249572753906,14344785
2024-09-03,330.89140816814927,331.07550363639797,325.36888118898685,327.11767578125,9289259
2024-09-04,327.117649935139,334.9872671120687,326.4273341172867,328.8204345703125,19416507
2024-09-05,330.8913940601813,335.3554421291456,327.43981484536715,331.99591064453125,15927510
2024-09-06,333.514619508256,336.18383530698827,323.11384334212636,324.1263122558594,19044553
2024-09-09,324.08029486794817,325.4148886916499,319.4781890847879,320.1224670410156,9200270
2024-09-10,321.22698152537606,323.52803440163234,317.2231439028853,318.4197082519531,8137710
2024-09-11,322.1013747009063,324.7245523607814,311.60855170531494,313.17327880859375,12194591
2024-09-12,316.1186350026962,318.6497930034517,313.31133382117196,316.9009704589844,15970391
2024-09-13,318.4657196558708,321.91729898740124,314.46188201349065,315.0601501464844,11006109
2024-09-16,317.453232555749,317.453232555749,312.9431747724216,313.54144287109375,4850244
2024-09-17,312.8971896942757,313.7255631340168,308.3871034653046,311.47052001953125,7237522
2024-09-18,312.02279257172563,312.8511660492435,307.83488726986906,309.35357666015625,4111826
2024-09-19,311.05629917329736,311.05629917329736,297.24998368560586,298.630615234375,12549677
2024-09-20,300.471505257132,306.5923004824672,298.6306628982928,304.843505859375,14642546
2024-09-23,306.5002434817081,312.4829809670868,304.9355162883839,311.19439697265625,6110287
2024-09-24,311.6085388649153,315.88851926839504,309.9057823738347,312.1607971191406,7068491
2024-09-25,313.8636108493138,314.5999365306526,308.47914152632273,312.75909423828125,6087353
2024-09-26,312.9431758460669,319.34011376441185,308.4791278669287,317.6373291015625,9517367
2024-09-27,319.3861116848678,341.0160068566096,318.78784360643255,338.0706481933594,40756678
2024-09-30,337.93256993041933,346.0783015283454,331.489622827498,340.509765625,23860696
2024-10-01,340.55580527622203,343.63922156341937,335.1713362506718,338.945068359375,9440793
2024-10-03,325.59898630203855,332.82429804697,319.3861434538724,321.08892822265625,20754875
2024-10-04,315.2442262805095,320.2605325036479,307.74279994448585,313.17327880859375,18185208
2024-10-07,314.78404322382227,315.9805795209343,306.3161571412556,308.3410949707031,7847806
2024-10-08,305.11958841177136,312.43694724277566,302.1282198979304,311.1023254394531,9565667
2024-10-09,317.54528890468777,322.1473945409876,310.87223573205307,311.88470458984375,13523561
2024-10-10,314.7840267117272,315.98056294607454,307.92687805213416,308.7552795410156,5706365
2024-10-11,308.75527229806204,312.39091882576815,307.4206504541936,310.7801818847656,4046559
2024-10-14,312.94316807478907,317.1771106724289,310.41201009771356,313.63348388671875,7967181
2024-10-15,316.8089820647432,323.5280454574093,316.5328388567413,320.99688720703125,17183945
2024-10-16,323.98826454472555,327.57790163068296,320.3525895450479,322.8377380371094,17073700
2024-10-17,321.3650133000656,322.69963509683987,314.64595067601397,315.4283142089844,11023063
2024-10-18,315.4283276365132,316.53281612211606,307.6967677921764,315.2442321777344,7328694
2024-10-21,315.29024453786286,318.0054980870958,303.9230661367933,305.2576599121094,8609636
2024-10-22,305.57978607829455,306.08600641600856,296.37557565424953,297.2039489746094,6372285
2024-10-23,296.3756100445677,299.91923708681844,291.35930354578124,297.342041015625,6639274
2024-10-24,297.2959956230133,299.50500049900245,294.53473250577173,295.8693542480469,5706821
2024-10-25,297.71023303056154,297.84829058564037,278.97965695819715,281.92498779296875,11583887
2024-10-28,282.8454191748228,290.392884134369,281.00457680313104,285.69873046875,13299872
2024-10-29,287.17138149920527,288.04579277463563,278.1972758273551,286.6651611328125,8437903
2024-10-30,284.41014214937474,289.840621446396,282.8914528333724,286.527099609375,6248318
2024-10-31,285.7907992276278,291.03721160848033,283.3056506074288,286.0209045410156,11375689
2024-11-01,287.12539639572105,288.8741910080946,286.98731074843425,288.0918273925781,710149
2024-11-04,288.0918298980736,288.55204048896513,274.3775599073122,279.30181884765625,14063318
2024-11-05,277.04678687919596,284.45616645547085,276.31046113971234,283.4437255859375,9542018
2024-11-06,286.9872674012398,293.6143100870897,282.7993629287094,291.7734680175781,10787602
2024-11-07,291.17525246141565,292.41782670017506,286.3430411577047,289.93267822265625,7387875
2024-11-08,289.9326249166161,290.02467263756836,282.385161222861,285.7447204589844,9304376
2024-11-11,283.48973748144584,289.0122648349805,279.85406240475817,287.6776428222656,5277147
2024-11-12,289.1042815562203,293.20013871721534,284.4561380122967,285.1464538574219,7192998
2024-11-13,283.44369317909155,284.4101241127976,277.96717631736203,281.51080322265625,7306795
2024-11-14,281.46478292220826,281.6488783920614,272.8128295305839,274.4696044921875,11061057
2024-11-18,274.4235429347949,275.8041745726581,265.35738956168905,266.185791015625,7940666
2024-11-19,269.36122622556337,274.1934369454598,263.7006421429178,264.6210632324219,9912544
2024-11-21,264.5750537619199,264.5750537619199,257.11963730931586,259.9269104003906,8273120
2024-11-22,260.11098762188175,264.16083451935697,258.6843181778596,263.10235595703125,6539977
2024-11-25,268.80897173814395,280.17617797134267,268.7629619186301,272.95086669921875,16903527
2024-11-26,274.2394915924571,277.0467648511867,270.0055487045013,270.46575927734375,5160007
2024-11-27,273.31903832860246,273.36504814487034,267.8885317359893,270.0975646972656,5995425
2024-11-28,271.0180132652198,274.9758128930075,266.4619174310483,267.7965393066406,13130411
2024-11-29,269.13112608283313,270.83391074867524,266.36986276169114,268.8550109863281,8125467
2024-12-02,269.3612505652079,272.3526193763981,267.38235066176406,270.74188232421875,5193026
2024-12-03,273.8252920768174,274.10140718615907,268.80898557459034,270.83392333984375,9198285
2024-12-04,270.7878951800577,275.7121255270002,269.5453210941193,270.2816467285156,9840659
2024-12-05,271.6162568960489,274.5155775795882,268.11864006006306,273.36505126953125,9287638
2024-12-06,274.1934433703906,279.7159700368195,272.8128117037834,276.448486328125,9586531
2024-12-09,277.00076589319883,279.9921347339935,275.29798108909523,279.30181884765625,11637358
2024-12-10,278.24332265947413,282.2931984854368,276.9087287482592,279.34783935546875,8649367
2024-12-11,279.3018054398408,284.36412169663197,278.0592312862782,282.9834899902344,10867782
2024-12-12,282.61528229824995,282.9834732026661,277.32286107102414,278.105224609375,7454904
2024-12-13,277.9671856644062,280.8665066520414,272.4446587969014,277.6910705566406,7726611
2024-12-16,277.00076549449955,277.6910813798432,272.26057394391967,274.239501953125,8696443
2024-12-17,275.9882702289543,275.9882702289543,268.85500676143255,269.6833801269531,8415828
2024-12-18,268.53285538160526,269.6833817542771,264.7591232614371,265.3573913574219,6535229
2024-12-19,259.6047524544084,272.306580117686,259.6047524544084,271.1100158691406,11822064
2024-12-20,270.1895937884685,275.3899953037536,264.16084701723787,266.0476989746094,9979749
2024-12-23,268.7629964397567,271.4322123619353,265.0813115570203,266.0937805175781,6819725
2024-12-24,266.8761178897375,271.93843410493906,264.48301733383744,268.7629699707031,7937629
2024-12-26,271.38616124031194,275.4820181956832,269.2691759014593,272.07647705078125,11310555
2024-12-27,271.57023737844247,273.7332326056117,269.22317478261357,270.1896057128906,3708404
2024-12-30,270.1896084537544,271.754335592862,266.69201943448525,269.9595031738281,8236910
2024-12-31,268.2567334662835,270.97195878333,267.65843729649,269.1771545410156,4161509
2025-01-01,269.0390905575177,272.35261231098883,267.19824825992526,271.80035400390625,3545200
2025-01-02,271.80033092308486,274.00936396382787,268.57885717586026,273.27301025390625,6846413
2025-01-03,272.44464235796687,275.34396317066097,270.9259531788435,272.81280517578125,4806469
2025-01-06,272.8128296135249,273.5951932271013,261.4916604397376,262.1819763183594,7361716
2025-01-07,264.25293300690106,267.3823594793882,258.3622429253325,260.29510498046875,8306436
2025-01-08,260.29509150158725,264.9892450117532,258.1781340798577,263.9767761230469,6037032
2025-01-09,264.1608428955078,264.9432064103894,256.8434842695881,257.7178955078125,6215902
2025-01-10,258.1781067560193,260.93936992988046,253.66804918985036,255.55490112304688,9073218
2025-01-13,249.66424616229648,252.83971048273585,243.22129787423722,244.18772888183594,10488655
2025-01-14,245.84450365562202,249.8943512439809,244.83203473627594,248.69781494140625,6710730
2025-01-15,252.10334157759556,253.94418383532027,244.14170443074087,245.75244140625,13448052
2025-01-16,246.07460114554462,247.54728060978445,242.53097408475563,245.660400390625,13754046
2025-01-17,247.4091864900726,253.29990414523624,245.98254498582037,251.8272247314453,9300647
2025-01-20,253.11581542466098,256.24524170665194,247.40919307765893,255.23277282714844,9623368
2025-01-21,256.38326040546,264.1608291545019,256.0150976202612,257.9019775390625,15304149
2025-01-22,259.5587584842658,260.9853999991904,252.24139927011052,255.5089111328125,6301894
2025-01-23,260.47916265390984,262.32000479280674,248.78980383630585,249.66421508789062,18806324
2025-01-24,252.19540575077062,257.1656745528712,242.07077267318493,242.80709838867188,18480516
2025-01-27,242.7150449801332,242.7150449801332,237.79078668681424,240.50601196289062,10083126
2025-01-28,241.38044371590942,242.89913297753742,234.06309846936293,237.51466369628906,13321189
2025-01-29,241.17526429931087,242.11387201614954,236.05984078492637,241.22218322753906,9435973
2025-01-30,243.94413195288507,244.88273963923248,240.75287154811053,241.3629608154297,9410974
2025-01-31,242.0668940546722,245.91519093940025,238.64098204710882,245.07044982910156,8790578
2025-02-01,245.68056018289775,245.96213102921902,232.77470458589738,239.95504760742188,11464565
2025-02-03,235.54359826724786,236.34142053704645,227.33078093350827,234.22955322265625,21517136
2025-02-04,235.262024665485,240.8936711141814,234.8396540462363,240.2366485595703,7000612
2025-02-05,244.27263504831413,249.3411105078302,244.27263504831413,245.21124267578125,10088345
2025-02-06,246.8538271869266,250.79599101786755,245.58670105240742,246.4314422607422,14058587
2025-02-07,246.0090853610994,248.6371754791074,244.0849223782418,248.07400512695312,6557480
2025-02-10,248.30865768650744,249.48191732147305,241.69148480291506,243.9441375732422,8052376
2025-02-11,243.56869750399335,243.803349428371,238.17170324330758,239.48574829101562,6819100
2025-02-12,239.48575715272096,241.03445418211317,233.76025857925563,239.90814208984375,6568833
2025-02-13,240.47130460105654,244.13186890839117,239.34496390155334,240.04891967773438,5514711
2025-02-14,240.6590061971224,242.7239545745371,232.2584702286979,235.5905303955078,5205573
2025-02-17,235.59052190319613,237.98397429291074,231.2260020270231,236.8107147216797,5899597
2025-02-18,236.76380464608542,237.98399758398713,231.6953285311309,237.2331085205078,5534272
2025-02-19,235.5905407927239,240.70596439105634,234.2295624453766,239.90814208984375,6887175
2025-02-20,238.40635216411047,243.70947985942672,237.65546315115876,242.7239532470703,8155780
2025-02-21,242.16076910125005,243.47481405748925,235.2619972759546,235.87210083007812,9845416
2025-02-24,235.8251823182125,237.93704962255472,233.47866309116563,235.5905303955078,6773845
2025-02-25,236.4352607816549,237.37386842957258,232.4931115248039,233.1970672607422,4172676
2025-02-27,233.19707343004077,234.08874785474885,227.23692330129566,229.72422790527344,7376510
2025-02-28,229.06719952910078,229.06719952910078,221.6521905111785,222.73159790039062,14066882
2025-03-03,224.32723741330892,228.68237651238536,219.64357989465313,227.52789306640625,6864635
2025-03-04,226.20446398954448,235.534227160968,221.60529181980885,234.57684326171875,7201075
2025-03-05,234.558060262594,241.15647129738306,234.558060262594,240.13339233398438,7802519
2025-03-06,244.03799452171262,249.62272162318806,243.09938685047527,248.76858520507812,12828381
2025-03-07,248.693488659018,249.4725490922036,244.03800247822443,245.2206573486328,7057204
2025-03-10,245.22066642183472,249.63210559728316,240.3398947340674,241.15647888183594,8487911
2025-03-11,240.27418504297472,248.70287799513554,238.7348690213995,248.33680725097656,12306539
2025-03-12,250.13894372651336,255.3012859047341,247.22925422452784,249.97000122070312,10648004
2025-03-13,249.96999009861386,250.29850849687205,245.92459351774363,248.17724609375,4545159
2025-03-17,245.07985485554724,247.50147888134765,242.45176462386138,245.370849609375,6482574
2025-03-18,245.370849609375,245.370849609375,245.370849609375,245.370849609375,0
2025-03-19,247.33251895723288,250.12955151184,246.8632151171677,248.97508239746094,4955027
2025-03-20,250.2328399642967,256.174214610398,248.49640984188233,255.42333984375,10789615
2025-03-21,255.48902254339677,268.30101167616596,254.41899603659073,262.49102783203125,26173451
2025-03-24,264.6873702453398,267.78476418421434,262.8101548535289,263.22314453125,11376607
2025-03-25,263.3451804041461,266.52704574685447,260.1632864174028,261.97479248046875,12143699
2025-03-26,260.9329413663683,265.9357078186867,255.4233187342318,256.2492980957031,9475308
2025-03-27,256.60596360130137,262.66936110438195,255.47022770154115,259.1120300292969,107524873
2025-03-28,259.98496513555847,266.874342944435,259.33732346258444,261.3741149902344,12687883
2025-04-01,258.11710728965846,269.3803992441163,258.11710728965846,267.12774658203125,20780255
2025-04-02,265.6729089683297,270.36594766159845,260.65138048176016,269.19268798828125,12058406
2025-04-03,265.625990039011,273.5102893148955,265.625990039011,269.19268798828125,6663148
2025-04-04,274.21421456103036,277.5462888483528,260.04123355795895,262.2939147949219,18852567
2025-04-07,245.91522045464836,261.96541805282345,245.91522045464836,256.8969421386719,15010047
2025-04-08,262.340847464303,269.84970893018647,258.21097938687376,268.3479309082031,18994276
2025-04-09,270.9760810883493,272.80634909686995,262.4347444498098,270.2721252441406,14519066
2025-04-11,278.2502737141368,278.2502737141368,268.9111153195946,275.1997985839844,14955235
2025-04-15,278.57873290365825,278.57873290365825,273.22868660335473,276.3260803222656,8516322
2025-04-16,275.9506709270397,282.0985400632086,274.58967826927557,280.4090576171875,9064723
2025-04-17,279.70508144515946,283.22486015462033,277.31164338033904,280.0335998535156,7510897
2025-04-21,281.4415317382558,286.79157857802767,279.705101720246,285.3836669921875,6455955
2025-04-22,286.27535658258967,289.5604836253407,284.069622696507,287.3078308105469,7096150
2025-04-23,287.3077964817316,287.82401921201233,279.9866399033729,282.0046691894531,7400827
2025-04-24,284.35119187652396,286.74462986624,281.8638587513297,283.4595031738281,5773985
2025-04-25,283.7880303457681,286.2284159786728,275.29361387777595,277.5462951660156,7773037
2025-04-28,275.1059195629171,291.86007255183597,275.1059195629171,290.9683837890625,14414879
2025-04-29,292.4232118114076,296.2245901091726,290.78064836823387,292.56402587890625,9522966
2025-04-30,299.41587059798314,302.6540787752306,290.0297931497705,291.01531982421875,21424437
2025-05-02,291.48461788953637,298.0079530436973,290.87452859636403,292.2824401855469,6850147
2025-05-05,297.53864653846716,305.84533056968866,296.6000388206802,301.3399963378906,16037327
2025-05-06,301.38693469149126,302.41940887828287,291.4846063853069,292.3293762207031,5444873
2025-05-07,288.15255303283965,298.0079335111615,288.15255303283965,297.44476318359375,7970668
2025-05-08,296.13075837788995,300.54222645793277,286.9324134738459,289.0442810058594,5918739
2025-05-09,283.97574947035946,288.481083637293,282.84943741165154,288.01177978515625,4955934
2025-05-12,295.66141780101606,296.5531065504102,288.293341819073,290.0766906738281,6844271
2025-05-13,290.07671677554123,291.5315759899885,285.80606292507963,288.0587158203125,7241358
2025-05-14,289.74821302987937,294.30043753164415,289.46661352900566,293.3149108886719,7733320
2025-05-15,294.72278197857105,300.5421604688811,294.2534781856116,297.5386047363281,7055032
2025-05-16,296.60003639990975,301.2930749505412,296.41230340027084,300.4483337402344,6861786
2025-05-19,298.9934462502403,299.93205387136055,296.740793688358,297.7263488769531,2956007
2025-05-20,297.53863536194444,300.02593999184177,292.610945028663,293.6903381347656,5016433
2025-05-21,293.12715421065843,297.3039696619433,290.35827886194664,296.459228515625,5232094
2025-05-22,295.5675763157625,299.3220073356999,289.7482254212809,293.8311462402344,4876801
2025-05-23,292.84560354038365,300.35446516962423,292.84560354038365,299.3219909667969,4257721
2025-05-26,299.4158403753544,304.06195970086077,299.4158403753544,303.12335205078125,5050848
2025-05-27,303.07638376444424,303.07638376444424,296.1306933574496,297.5386047363281,4716473
2025-05-28,297.5386361821022,302.7948449475643,294.4881612054718,301.9501037597656,7112876
2025-05-29,301.4807728757431,302.7478702217715,298.10177978359553,299.5566101074219,4000772
2025-05-30,298.0548693613692,302.6071225219886,297.5386465741382,298.8526916503906,9148638
2025-06-02,298.8526904355501,299.88516464984934,296.27151922181895,297.1632080078125,3086437
2025-06-03,295.7083434670911,301.2461517943344,290.0297783581454,290.7337341308594,7853488
2025-06-04,290.7337353693406,293.4556919732895,289.65434224205455,292.4232177734375,5925942
2025-06-05,292.00084678462406,296.0368482377794,289.3258092428665,290.7806396484375,5900170
2025-06-06,290.0297593110409,298.3364426123479,290.0297593110409,297.2570495605469,5825337
2025-06-09,298.2895032681188,301.71544414668324,295.6614132744038,300.7298889160156,3787426
2025-06-10,301.4808079501801,304.76593493562217,299.7912968855323,300.4483337402344,6489933
2025-06-11,300.6360354644074,313.964276289154,300.6360354644074,313.35418701171875,21739121
2025-06-12,310.2098167575745,310.67912056507464,298.24256966632163,299.0873107910156,13568848
2025-06-13,286.27534214769884,295.09824860311636,280.92526691880073,293.1271667480469,13958229
2025-06-16,290.9214615248648,297.39784878029445,289.56046893288305,296.9754638671875,6893567
2025-06-17,294.7228067197212,300.77683761472986,292.5640205484956,293.5964660644531,7219608
2025-06-18,292.84558337656296,297.39783615465245,290.68679726441263,296.459228515625,10011198
2025-06-19,297.53864998301066,297.53864998301066,291.06226238411165,294.20660400390625,5399948
2025-06-20,291.81312380940545,296.5061622387752,290.9683826209255,294.2535095214844,8522458
2025-06-23,290.96839588243944,296.1307383900311,289.27891342847784,294.20660400390625,6848410
2025-06-24,305.5168109078284,307.6755971924206,297.53864533880676,299.6505126953125,11172373
2025-06-25,302.70099109557054,303.1702949577342,297.1632112508461,299.9790344238281,6658747
2025-06-26,299.2750716643596,310.67914952067736,299.2750716643596,309.5058898925781,15528180
2025-06-27,309.74054284997885,313.6827066711377,307.30015708659647,312.5563659667969,9911738
2025-06-30,313.49496558808784,316.96782546688655,310.06905327977915,311.5708312988281,5840638
2025-07-01,311.19536900529056,314.9028808484521,310.5852797339438,311.6646728515625,3921773
2025-07-02,313.21340073738946,314.38666036160197,308.6142000952493,311.4300231933594,3799017
2025-07-03,312.55637963756715,314.94981793393447,310.25677920063765,311.1484680175781,5049883
2025-07-04,313.49495895817824,326.3538953790459,311.5238771401137,324.94598388671875,13743465
2025-07-07,324.57052703789526,329.96752124364764,322.3648218864232,328.98199462890625,8603937
2025-07-08,328.5126817441465,336.631632292731,327.2925032409956,333.7688903808594,12905482
2025-07-09,333.7689180455439,334.4728738504864,326.3069750555394,327.10479736328125,8039090
2025-07-10,330.20218206878167,331.18773735412975,326.6824031440404,329.4043884277344,6580919
2025-07-11,330.2021697018423,330.99999195704333,322.22400443789866,323.6788635253906,4803470
2025-07-14,324.61746228002414,326.82319599175776,321.80163932309586,323.2564697265625,5372218
2025-07-15,326.3069662074711,328.98200392252386,324.8990546357627,326.6824035644531,6270256
2025-07-16,328.55960966821806,330.10833526836876,326.07230502426813,326.49468994140625,8426412
2025-07-17,328.1372261376247,328.4187969629718,323.1156696960405,325.4621887207031,4026086
2025-07-18,326.16617394326556,329.87368579534206,321.09769812014815,322.4117431640625,5631392
2025-07-21,322.411727238773,323.5380678745126,318.6103777202082,321.5669860839844,5051058
2025-07-22,321.5670065032458,323.2095699923155,319.07970180574716,319.45513916015625,4447293
2025-07-23,320.86302022396876,323.8196284944597,316.1230345624861,323.30340576171875,5089227
2025-07-24,323.3034445958248,323.72580088860906,318.84505787088216,320.440673828125,3270996
2025-07-25,319.2204807139719,320.4406592518913,310.72606394326556,312.4624938964844,3514659
2025-07-28,311.94626661144935,317.5779126631895,310.67914052100116,312.9317932128906,5630809
2025-07-29,315.37218433327183,316.5923628745669,312.74409425477467,314.38665771484375,7809814
2025-07-30,313.49495466231286,322.4586462496853,309.74052406755465,316.3576965332031,11366010
2025-07-31,314.40457079754026,315.59549720207644,307.83066285957113,313.7376403808594,6867024
2025-08-01,313.4518549569677,313.7376656869692,301.5902153808861,302.82879638671875,4105518
2025-08-04,305.0200895176745,305.5917400530316,300.0181982151697,302.82879638671875,3536322
2025-08-05,302.01897329416573,302.97171453484134,294.9210394209904,300.2087707519531,6730701
2025-08-06,300.5898481476241,303.11460650875364,299.5418270141305,300.8280334472656,3601019
2025-08-07,298.49379654168627,299.2083524182546,292.6344441688962,295.6832275390625,5018154
2025-08-08,295.8261347867132,306.0681024162049,294.0159323695946,304.3531799316406,10028343
2025-08-11,307.0208394782108,314.40458348428103,302.20950823988034,305.78228759765625,7957794
2025-08-12,305.82993083248215,311.07000752898887,305.54412009735995,308.40234375,4392686
2025-08-13,309.64091692784035,310.8794689654091,305.8775772304209,307.2590637207031,2707971
2025-08-14,311.54636273249446,315.7384180673412,302.1618563886315,303.0193176269531,10549386
2025-08-18,305.8299244680222,305.87754989776664,297.6839988576604,299.1607360839844,8091527
2025-08-19,300.3040345578656,306.97322288430615,297.9221815841368,306.2586669921875,4343312
2025-08-20,304.8771847561484,307.2590377620558,303.92444355378547,304.8295593261719,3670375
2025-08-21,305.8775513884879,308.49758969498606,303.6862582531947,304.8295593261719,3790333
2025-08-22,305.0677441023286,305.2106494673666,299.8276674983404,301.4949645996094,3007303
2025-08-25,303.8768295472661,303.8768295472661,299.6371194072284,300.87567138671875,2841339
2025-08-26,302.3047615399702,303.25750270974675,296.3501292288665,297.35052490234375,10819770
2025-08-28,300.6851500314944,300.6851500314944,295.3497931149911,296.0167236328125,8888325
2025-08-29,296.0167102402554,297.54107293998504,292.49155607758235,293.6348571777344,4334416
2025-09-01,293.9206724280493,300.6374865373488,292.3010006905241,299.87530517578125,3672180
2025-09-02,300.9709436415428,302.30477552586814,297.96981463297226,300.06585693359375,3405312
2025-09-03,300.06586099243265,305.353563170707,299.20837062808124,299.9705810546875,6616690
2025-09-04,304.7342952650886,304.7342952650886,297.73164124786757,298.11273193359375,5225640
2025-09-05,298.2079990234375,301.4949678313136,296.77888720703123,297.73162841796875,6159420
2025-09-08,299.0654570925479,303.1146071956297,298.7319918572233,301.4949645996094,2002604
2025-09-09,302.78115923387793,305.0201069983841,298.73200889979336,299.1131286621094,6476251
2025-09-10,300.58984472557023,303.2098829917995,299.87528883478046,302.924072265625,5214899
2025-09-11,303.16227466114793,311.1652952742996,302.4953441619873,304.877197265625,7529271
2025-09-12,305.87755931746915,307.925976215932,302.0665944092292,302.9717102050781,4705998
2025-09-15,303.2575165449541,305.5441187170197,300.7804126508071,302.7335205078125,4653626
2025-09-16,304.2578904592964,305.9251874629832,301.54257238107874,303.2098693847656,5381837
2025-09-17,304.7343046360769,309.4027310993327,304.16265405223083,308.2594299316406,7035565
2025-09-18,309.54562037993526,310.7365469196206,305.8299353911881,310.3078308105469,5615664
2025-09-19,310.2125501838622,318.21557069771586,309.4503397549422,313.9758605957031,10022009
2025-09-22,313.45184670271817,316.5958809513579,307.21140363406676,310.02197265625,4768219
2025-09-23,313.16606287436633,319.35888104621745,311.4034857334606,314.78570556640625,7992615
2025-09-24,314.8333475639589,316.6911754964764,311.54637872706365,314.7380676269531,5489995
2025-09-25,313.54714043522495,316.7864547590435,311.5463780637811,314.0711364746094,5798602
2025-09-26,314.21402841257105,314.4045882780324,307.687774613143,309.0216064453125,5692665
2025-09-29,311.2128976187752,322.9792568929243,310.11725108745384,322.1217956542969,12616059
2025-09-30,323.69382119439325,326.1232996129513,321.2166882708444,323.5985412597656,6762730
2025-10-01,324.884761694287,331.26813960991797,322.59818854142173,323.6462097167969,9814406
2025-10-03,327.74298006327786,328.6004413472097,321.645442063218,325.40875244140625,5833883
2025-10-06,325.83748572819195,329.17207988038103,322.5505170051784,327.36187744140625,5914399
2025-10-07,327.3618897252734,329.88664814874153,324.9323821637305,325.7422180175781,5934834
2025-10-08,325.1229257708341,333.4594110470093,323.45562871559906,328.7909851074219,7955678
2025-10-09,330.839359128198,334.412138384442,326.885489233025,327.7429504394531,7028656
2025-10-10,329.17207935435005,330.88700185687964,321.26433915050853,322.6934509277344,5737637
2025-10-13,324.4083601274559,325.8374718460791,319.31118918262956,321.9788818359375,6785828
2025-10-14,322.16943808114746,324.2178258913223,315.02387892331325,316.73883056640625,4343927
2025-10-15,319.1206748171359,324.6465621166393,316.35770209203037,321.9312438964844,16271995
2025-10-16,322.9316348827738,322.9316348827738,317.7868092458449,320.0257568359375,6279302
2025-10-17,320.21633472268167,322.3123479933173,316.97702034053196,319.9781494140625,7824777
2025-10-20,320.3592362526765,323.9796412701485,319.6446803353843,321.74072265625,6134873
2025-10-21,323.36035121495365,324.17018703437174,321.7407086514708,323.0268859863281,404063
2025-10-23,323.9319869735165,324.0748923291697,314.4522010187095,315.64312744140625,8457356
2025-10-24,314.5475036985263,318.5966538285666,311.73693458288744,314.8333435058594,8260920
2025-10-27,316.9769997213459,327.2665927542194,315.5955133910777,326.79022216796875,11767585
2025-10-28,327.7429890420706,329.17210091289354,323.5509333693942,324.5513000488281,6156249
2025-10-29,325.742223647831,332.50669225666223,324.74185697748743,331.64923095703125,9756868
2025-10-30,333.4594174675753,342.7962695265259,328.98152223144064,340.70025634765625,14807100
2025-10-31,341.08135038919323,343.51082882467296,338.31840671787114,339.93804931640625,7532962
2025-11-03,344.8446913019111,352.03787578040834,339.4140547950486,349.94183349609375,20107281
2025-11-04,352.3713559390316,356.27760086592707,350.7516841893525,355.3248596191406,12649509
2025-11-06,362.0416777459972,362.0416777459972,349.89422671636174,350.5611572265625,11803637
2025-11-07,350.12346590255936,357.7581085256681,349.8803246067937,357.0773010253906,11711108
2025-11-10,356.25061565837456,359.65459380840673,353.67332385227417,355.1321716308594,6934285
2025-11-11,354.986288500456,364.56606140016515,350.17207901715193,363.88525390625,10689646
2025-11-12,364.9064558806496,368.6994540267611,363.3503457057408,365.14959716796875,9316462
2025-11-13,366.7543393017938,368.35906593017523,361.89151334892017,364.663330078125,9719258
2025-11-14,363.73937650732705,369.3316262798328,359.3142168203474,360.9675598144531,6848609
2025-11-17,362.37778683967076,371.08222726841984,361.79424180392033,363.9825134277344,9063998
2025-11-18,365.5386372746195,366.5598188650518,360.48128634977724,361.64837646484375,7729409
2025-11-19,361.64835448145095,362.66953600980906,354.84039847817627,355.6184387207031,7056032
2025-11-20,356.9314261093376,358.682031585969,353.33292302029776,355.034912109375,9025414
2025-11-21,355.03489707824457,357.7580973136764,353.4301705125494,354.5486145019531,7177944
2025-11-24,354.5486138397987,357.1745516190015,347.9837990721247,349.7830505371094,13807356
2025-11-25,349.10226865921743,349.10226865921743,343.9963016773754,346.0873107910156,4113590
2025-11-26,347.01123040042006,357.90397185061533,346.3304526099908,357.5635681152344,7651793
2025-11-27,358.82792089511037,358.82792089511037,351.58229871745846,354.69451904296875,5180488
2025-11-28,355.76433797131386,356.9314280824092,348.76188634574515,349.2481689453125,3459790
2025-12-01,351.5823250463453,351.5823250463453,342.73197565821266,344.2880859375,4470807
2025-12-02,345.9900499297351,351.24189577053596,344.5312022139386,348.9077453613281,9468149
2025-12-03,349.15089733517,351.0960276824411,346.03867690740265,348.5673522949219,6169622
2025-12-04,350.1234761784586,351.6795864530965,343.8018023030142,346.23321533203125,5798181
2025-12-05,346.2332037698485,351.6795747090365,343.6072659140672,350.41522216796875,3479044
2025-12-08,353.04115362338536,353.04115362338536,345.40651116956775,347.74066162109375,6762135
2025-12-09,347.7406781560741,348.9077682774986,343.266901944728,345.30926513671875,5612269
2025-12-10,345.3092622021885,350.07485542389355,343.0723741155251,345.4065246582031,8521964
2025-12-11,345.4065218158187,346.5736119177208,339.5225142795365,341.6621398925781,4491115
2025-12-12,342.8292307998406,356.5910223554553,342.8292307998406,355.034912109375,6101145
2025-12-15,355.0835590652579,359.31422360475386,351.1932982804954,356.9314270019531,6128925
2025-12-16,356.6882804042827,358.92516845015825,351.7768381086136,358.04986572265625,4332510
2025-12-17,359.84911135316025,362.6209280118121,355.95885068988287,358.244384765625,6872112
2025-12-18,357.9039833942719,359.0710734731258,351.5823097745361,353.3815612792969,3880069
2025-12-19,353.9651173973205,357.36909560679476,352.1658658362458,355.9102478027344,6515994
2025-12-22,355.9102468401638,360.52993154052757,354.54863181578895,359.7518615722656,3949754
2025-12-23,359.7518586384686,363.25309926625846,358.43888969300565,359.84912109375,3379297
2025-12-24,359.75186360549634,361.2593574823357,354.79177512100557,355.8616027832031,2339154
2025-12-26,355.42396331816667,358.0985176114396,351.77684382734,355.9588623046875,2997958
2025-12-29,355.9588416756121,361.7942325227533,354.7917516340508,361.40521240234375,4666863
2025-12-30,361.59971146268896,365.8303758078639,358.0985006614864,359.3628234863281,8567519
2025-12-31,359.3628318309784,375.4101572036743,358.876549243927,373.46502685546875,12051156
2026-01-01,375.7991630898796,377.5011520800333,368.74806584495695,371.0335998535156,6554899
2026-01-02,371.51988430762106,375.02112475548716,367.53236128867167,370.9849853515625,3614573
2026-01-05,369.5747719842653,374.8752641388048,364.1284009873777,367.5323791503906,5243413
2026-01-06,367.3865068062925,367.4351231944904,354.0137352150642,360.6271667480469,6881934
2026-01-07,361.356580347227,363.15583186425414,356.44513806592823,358.0985107421875,6613161
2026-01-08,356.1533754507647,356.4937495143967,342.53746313481486,344.8229675292969,7714421
2026-01-09,343.315515915975,349.7830685658606,342.5374756273927,344.4339599609375,5252007
2026-01-12,343.89904080649336,349.24814909774716,339.9601341656432,348.9077453613281,4474234
2026-01-13,350.12347372364377,350.26935256829506,342.39156847344617,345.35791015625,3681627
2026-01-14,344.77433960737926,348.66460013891526,341.5162404761513,347.1084899902344,7777436
2026-01-15,347.1084899902344,347.1084899902344,347.1084899902344,347.1084899902344,0
2026-01-16,348.1783364189808,357.6608469778776,348.1783364189808,353.2356872558594,6243090
2026-01-19,354.01372661656575,356.93142216560335,349.102284314486,351.33917236328125,4545354
2026-01-20,351.0960359454443,351.0960359454443,343.3155143732461,345.4551696777344,6408732
2026-01-21,344.28805818031475,348.90774257680204,336.0212545234428,342.2943115234375,6076732
2026-01-22,345.26064631776524,351.29056243544875,344.0935562045573,344.4339599609375,4615713
2026-01-23,346.23321408621155,351.9713428779779,338.6472173351082,339.5711364746094,5338663
2026-01-27,348.17833263870403,350.02620053507735,340.93271021305566,347.59478759765625,11887552
2026-01-28,350.60974507484536,355.86159107609944,347.59478710068703,352.40899658203125,12428097
2026-01-29,352.40900663781736,357.8067316330623,347.4489181749699,356.8828125,14186586
2026-01-30,356.639655219184,357.9039780521262,349.6371742112483,354.5,12639803
2026-02-02,353.0,367.6000061035156,351.0,366.70001220703125,12038292
2026-02-03,372.0,374.70001220703125,358.29998779296875,373.45001220703125,12411365
2026-02-04,373.0,383.20001220703125,370.3500061035156,382.45001220703125,8138573
2026-02-05,386.0,391.6499938964844,378.3500061035156,382.04998779296875,8446290
2026-02-06,382.5,386.8999938964844,381.3500061035156,386.3500061035156,7988984
2026-02-09,386.5,389.5,382.8999938964844,388.29998779296875,5171617
2026-02-10,386.0,388.0,381.8999938964844,386.3500061035156,3114005
2026-02-11,388.0,390.8999938964844,386.0,387.6000061035156,5156493
2026-02-12,387.04998779296875,389.5,373.54998779296875,377.70001220703125,6352805
2026-02-13,377.45001220703125,378.3999938964844,372.95001220703125,374.1000061035156,2696607
2026-02-16,372.6499938964844,375.29998779296875,369.04998779296875,374.3500061035156,1709180
2026-02-17,374.3500061035156,375.79998779296875,366.54998779296875,374.95001220703125,2646518
2026-02-18,377.0,381.3999938964844,375.75,380.8999938964844,2527223
2026-02-19,377.45001220703125,378.8500061035156,365.0,367.6499938964844,5506935
2026-02-20,364.8500061035156,367.8999938964844,362.29998779296875,366.29998779296875,6928709
2026-02-23,370.0,376.70001220703125,366.6499938964844,372.1000061035156,7760029
2026-02-24,370.0,376.0,369.0,374.45001220703125,7718539
2026-02-25,376.1000061035156,381.8999938964844,374.0,381.04998779296875,7003584
2026-02-26,380.0,387.0,378.54998779296875,386.0,4800186
2026-02-27,386.6499938964844,389.8999938964844,382.5,385.3999938964844,9020770
2026-03-02,368.0,376.95001220703125,367.1000061035156,374.79998779296875,14939455
2026-03-04,365.0,367.8500061035156,352.70001220703125,356.3999938964844,13534628
2026-03-05,356.6499938964844,362.5,351.1000061035156,360.3500061035156,12170764
2026-03-06,362.04998779296875,362.04998779296875,351.20001220703125,352.75,10536915
2026-03-09,341.3500061035156,341.45001220703125,322.79998779296875,331.1499938964844,34756111
2026-03-10,336.5,342.20001220703125,324.3500061035156,325.8999938964844,15916729
2026-03-11,326.0,328.8999938964844,322.75,325.04998779296875,13909498
2026-03-12,318.70001220703125,330.3500061035156,314.0,326.3500061035156,11176171
2026-03-13,323.6499938964844,325.3500061035156,318.1499938964844,319.29998779296875,7556076
2026-03-16,314.8999938964844,318.45001220703125,301.1000061035156,304.95001220703125,18589204
2026-03-17,305.29998779296875,305.8999938964844,298.1499938964844,300.04998779296875,16467622
2026-03-18,300.79998779296875,307.45001220703125,299.6000061035156,303.70001220703125,9223774
2026-03-19,298.0,298.0,284.3999938964844,286.0,15494502
2026-03-20,288.5,295.8500061035156,286.95001220703125,287.79998779296875,16601274
2026-03-23,280.04998779296875,281.0,270.0,271.29998779296875,14357554
2026-03-24,280.0,283.0,270.70001220703125,282.25,19542984
2026-03-25,288.20001220703125,289.75,281.79998779296875,284.54998779296875,18451485
2026-03-27,290.0,298.5,280.79998779296875,282.70001220703125,29524543
2026-03-30,274.95001220703125,285.25,273.1000061035156,281.0,14757987
2026-04-01,292.0,292.0,280.1000061035156,281.25,16919233
2026-04-02,275.29998779296875,281.1499938964844,266.6000061035156,278.1499938964844,13404373
2026-04-06,277.75,279.95001220703125,272.1499938964844,278.70001220703125,11923889
2026-04-07,273.20001220703125,278.25,271.0,277.45001220703125,14410706
2026-04-08,293.5,301.5,292.1499938964844,298.1000061035156,26646510
2026-04-09,296.0,299.70001220703125,293.0,297.3500061035156,17580272
2026-04-10,297.3999938964844,303.20001220703125,296.20001220703125,299.3500061035156,13853270
2026-04-13,284.25,294.0,284.25,292.95001220703125,13454302
2026-04-15,300.6000061035156,311.45001220703125,299.0,310.45001220703125,26146547
2026-04-16,314.8999938964844,314.8999938964844,307.25,307.95001220703125,14067180
2026-04-17,308.79998779296875,313.70001220703125,306.25,312.1000061035156,10758881
2026-04-20,312.1000061035156,319.0,307.0,316.04998779296875,14504057
2026-04-21,316.04998779296875,320.1000061035156,315.1000061035156,318.04998779296875,9935289
2026-04-22,317.0,317.0,313.0,314.3999938964844,7456858
2026-04-23,312.0,313.75,308.3999938964844,309.79998779296875,8518111
2026-04-24,309.0,310.75,300.1499938964844,308.1000061035156,10531252
2026-04-27,308.29998779296875,315.1000061035156,306.70001220703125,312.6499938964844,5296412
2026-04-28,308.70001220703125,313.1000061035156,305.1499938964844,307.75,14434171
2026-04-29,308.3999938964844,310.8999938964844,303.1499938964844,303.8999938964844,16918034
2026-04-30,300.04998779296875,302.3500061035156,295.54998779296875,300.45001220703125,13025294
2026-05-01,300.45001220703125,300.45001220703125,300.45001220703125,300.45001220703125,0
2026-05-04,302.5,305.8999938964844,300.1000061035156,301.70001220703125,9009471
2026-05-05,300.25,300.45001220703125,293.29998779296875,298.5,12433693
2026-05-06,304.70001220703125,316.6000061035156,301.8500061035156,314.04998779296875,16983058
2026-05-07,315.70001220703125,316.95001220703125,305.1000061035156,307.6000061035156,17998452
2026-05-08,306.0,306.3500061035156,301.3999938964844,302.75,11782486
2026-05-11,298.75,299.3999938964844,293.75,294.45001220703125,10388130
2026-05-12,286.0,293.70001220703125,286.0,287.8500061035156,10652991
2026-05-13,288.54998779296875,299.0,288.54998779296875,297.1000061035156,12403055
2026-05-14,301.1000061035156,301.1000061035156,291.1499938964844,295.0,11845204
2026-05-15,293.0,294.6499938964844,283.5,284.45001220703125,14828416
2026-05-18,282.0,282.5,276.6000061035156,280.79998779296875,8613476
2026-05-19,282.0,289.79998779296875,282.0,286.45001220703125,6955573
2026-05-20,281.8500061035156,294.75,280.04998779296875,293.75,10290169
2026-05-21,295.0,298.5,294.75,296.3999938964844,10786772
2026-05-22,297.0,297.70001220703125,291.6000061035156,295.6000061035156,5366953
2026-05-25,305.0,309.0,304.04998779296875,308.25,14530864
2026-05-26,308.25,308.29998779296875,302.1000061035156,304.6000061035156,8611871
2026-05-27,305.5,308.45001220703125,302.1499938964844,307.1499938964844,5948761
2026-05-28,307.1499938964844,307.1499938964844,307.1499938964844,307.1499938964844,0
2026-05-29,310.6000061035156,312.0,290.0,298.1000061035156,26387806
2026-06-01,298.75,300.3500061035156,295.6499938964844,296.8500061035156,7741307
2026-06-02,294.0,297.45001220703125,291.0,294.3999938964844,8495475
2026-06-03,294.0,294.25,290.1499938964844,292.1000061035156,6711789
2026-06-04,290.1000061035156,296.20001220703125,290.1000061035156,295.1499938964844,8514225
2026-06-05,295.0,295.8999938964844,291.75,295.0,5528678
2026-06-08,291.3999938964844,292.3999938964844,283.8999938964844,285.1499938964844,5454197
2026-06-09,288.75,290.1499938964844,285.25,289.1000061035156,5025923
2026-06-10,289.0,290.20001220703125,286.29998779296875,288.0,6874985
2026-06-11,285.0,287.3999938964844,280.25,286.3500061035156,12991146
2026-06-12,293.1000061035156,303.79998779296875,292.54998779296875,302.3500061035156,11278769
2026-06-15,315.0,316.75,308.75,310.6000061035156,15261091
2026-06-16,314.0,314.0,309.5,312.1000061035156,8875346
2026-06-17,316.0,319.5,315.29998779296875,317.95001220703125,14716072
2026-06-18,319.0,321.6000061035156,314.3999938964844,316.29998779296875,7174272
2026-06-19,315.0,315.0,305.1000061035156,306.6000061035156,11322845
2026-06-22,311.75,311.79998779296875,306.79998779296875,308.6000061035156,5440551
2026-06-23,309.04998779296875,313.3500061035156,307.5,308.54998779296875,6611723
2026-06-24,308.8500061035156,316.79998779296875,308.20001220703125,315.70001220703125,7690718
2026-06-25,319.95001220703125,320.8500061035156,309.0,309.75,9118712
2026-06-26,309.75,309.75,309.75,309.75,0
2026-06-29,308.70001220703125,309.0,299.75,300.79998779296875,11893768
2026-06-30,301.20001220703125,304.45001220703125,299.8999938964844,303.54998779296875,4259519
2026-07-01,305.20001220703125,306.5,301.1499938964844,304.20001220703125,4919350
2026-07-02,305.0,314.5,304.79998779296875,310.45001220703125,7323630
2026-07-03,313.6000061035156,313.6000061035156,306.70001220703125,308.1499938964844,3035350
2026-07-06,308.1499938964844,310.8999938964844,306.04998779296875,308.1499938964844,2818204
2026-07-07,309.5,315.8500061035156,307.75,313.95001220703125,6889552
2026-07-08,306.95001220703125,307.8500061035156,299.3999938964844,303.54998779296875,15951234
2026-07-09,303.54998779296875,309.1000061035156,299.75,308.20001220703125,5543009
2026-07-10,312.0,313.75,309.1000061035156,309.75,3799709
2026-07-13,304.79998779296875,309.1499938964844,302.1499938964844,307.54998779296875,5543349
2026-07-14,302.95001220703125,307.20001220703125,302.04998779296875,305.3500061035156,9995741
2026-07-15,306.0,311.1499938964844,306.0,309.6000061035156,9056446
2026-07-16,312.04998779296875,318.25,310.29998779296875,312.0,7899255
2026-07-17,311.6000061035156,316.0,310.3999938964844,315.54998779296875,5658733
2026-07-20,311.0,320.25,309.0,317.6000061035156,11702075
2026-07-21,317.6000061035156,321.8999938964844,317.0,319.3500061035156,6264859
2026-07-22,317.5,321.70001220703125,308.1000061035156,314.0,9784696
2026-07-23,305.3999938964844,317.0,305.1000061035156,309.8500061035156,11432842
2026-07-24,306.8999938964844,311.79998779296875,305.5,310.1499938964844,5796307
2026-07-27,315.20001220703125,318.54998779296875,313.20001220703125,316.25,5954256
2026-07-28,317.5,321.29998779296875,315.75,320.04998779296875,5455392
2026-07-29,320.0,320.04998779296875,315.79998779296875,317.3999938964844,5132678
2026-07-30,315.3999938964844,318.3500061035156,312.8500061035156,315.79998779296875,6601344
2026-07-31,316.04998779296875,320.3999938964844,314.3999938964844,319.75,5111067
2026-08-03,324.75,329.95001220703125,322.0,329.95001220703125,5844038
2026-08-04,328.54998779296875,328.54998779296875,320.6499938964844,324.0,5331584
2026-08-05,327.5,328.1499938964844,324.45001220703125,326.25,2974415
2026-08-06,326.5,327.0,322.70001220703125,323.70001220703125,3694266
2026-08-07,320.8999938964844,323.54998779296875,317.1000061035156,321.0,5431740
2026-08-10,320.20001220703125,320.95001220703125,316.25,318.5,3056257
2026-08-11,316.95001220703125,318.95001220703125,314.8999938964844,317.79998779296875,2733485
2026-08-12,317.0,318.5,311.5,317.0,6726295
2026-08-13,316.6499938964844,316.6499938964844,310.6499938964844,315.0,4751186
2026-08-14,314.8500061035156,319.45001220703125,314.04998779296875,319.45001220703125,8035947
2026-08-17,319.0,319.75,314.1499938964844,316.6499938964844,4738730
2026-08-18,315.29998779296875,317.1499938964844,310.29998779296875,310.29998779296875,5279469
2026-08-19,310.29998779296875,311.8500061035156,304.70001220703125,307.0,4757433
2026-08-20,307.5,311.0,304.79998779296875,308.70001220703125,5132147
2026-08-21,308.70001220703125,314.20001220703125,307.20001220703125,311.0,4998491
2026-08-24,311.1499938964844,316.1000061035156,310.0,311.8999938964844,4311364
2026-08-25,312.04998779296875,319.75,311.1000061035156,318.1000061035156,6592471
2026-08-26,320.25,326.3500061035156,318.0,318.0,3340608
2026-08-27,319.1499938964844,320.8500061035156,315.0,318.0,4497571
2026-08-28,318.0,319.8999938964844,316.0,319.25,4733069
2026-08-31,315.0,324.04998779296875,310.79998779296875,324.04998779296875,8129191
2026-09-01,317.3500061035156,319.70001220703125,313.0,317.6499938964844,6048491
2026-09-02,312.1000061035156,319.6000061035156,312.1000061035156,319.6000061035156,8277464
2026-09-03,318.3999938964844,321.95001220703125,317.20001220703125,320.04998779296875,4704414
2026-09-04,319.3999938964844,320.6499938964844,315.70001220703125,315.70001220703125,1834819
2026-09-07,314.8999938964844,316.70001220703125,311.20001220703125,312.8999938964844,2363459
2026-09-08,311.1000061035156,314.25,301.3999938964844,303.8500061035156,4641011
2026-09-09,300.1499938964844,306.5,298.6499938964844,303.54998779296875,4492551
2026-09-10,302.95001220703125,306.1000061035156,301.75,303.0,3231631
2026-09-11,299.3999938964844,306.45001220703125,296.0,304.5,4137678
2026-09-14,304.5,304.5,304.5,304.5,0
2026-09-15,304.20001220703125,308.1499938964844,298.6499938964844,298.6499938964844,3512731
2026-09-16,301.0,304.0,298.1000061035156,303.3500061035156,4428358
2026-09-17,304.54998779296875,308.0,303.1499938964844,307.0,3005596
2026-09-18,308.54998779296875,314.20001220703125,308.25,314.0,9439555
2026-09-21,313.0,315.95001220703125,310.8500061035156,312.75,3153498
2026-09-22,315.0,318.20001220703125,308.1499938964844,313.6000061035156,10959640
2026-09-23,314.6499938964844,315.8999938964844,312.54998779296875,315.75,2065484
2026-09-24,312.3999938964844,313.95001220703125,306.70001220703125,307.1000061035156,3225066
2026-09-25,308.1000061035156,309.3999938964844,305.79998779296875,308.5,1893466
2026-09-28,306.95001220703125,308.5,301.0,302.25,2813265
2026-09-29,302.25,303.45001220703125,296.5,299.3500061035156,4538466
2026-09-30,301.95001220703125,308.25,301.1000061035156,303.20001220703125,5525502
2026-10-01,302.0,305.04998779296875,297.1000061035156,300.6000061035156,5618518
