Date,Open,High,Low,Close,Volume
2019-10-03,388.1314124412303,397.5749991186325,383.8817984363993,394.83636474609375,2639852
2019-10-04,396.15845541884147,407.3018760100779,392.99484816350787,395.07244873046875,4182360
2019-10-07,396.5834317032501,396.5834317032501,382.9374375071762,385.534423828125,2564196
2019-10-09,385.5816351497834,403.24115388521886,384.82615973823584,399.79425048828125,4117690
2019-10-10,399.5581324291722,403.5244212872821,395.26128347513117,398.6609802246094,2381621
2019-10-11,399.0387342588607,418.3508800934743,367.8748989471572,416.7926940917969,17354782
2019-10-14,416.79270975080226,421.60894478928407,409.37948833877573,416.36773681640625,5861895
2019-10-15,415.5178311367465,423.5448801473427,411.1265689125049,421.703369140625,3153015
2019-10-16,421.4672432943789,422.9310164565351,414.5262304482771,421.9394226074219,2180925
2019-10-17,420.5229264363664,422.7894104197199,414.95121575296116,421.46728515625,1818421
2019-10-18,423.5448247333173,426.0473692158833,415.612218395196,419.4368591308594,2850227
2019-10-22,416.6982180262139,432.28013439433295,415.7066530578754,428.64434814453125,2333810
2019-10-23,428.4082935997949,431.3830175680499,423.167114647133,428.97491455078125,2262575
2019-10-24,429.6831188179026,430.62747732079913,418.87020243192404,421.9866027832031,1733751
2019-10-25,422.22276324954083,435.7743158036943,417.1704386474578,434.2633361816406,2647759
2019-10-27,436.2936976582648,438.08797333494294,433.9328010259149,435.39654541015625,179612
2019-10-29,438.08794544048055,451.7811450362202,436.2936698780497,446.72882080078125,3498572
2019-10-30,452.30055321482644,452.30055321482644,436.52975340812435,439.1267395019531,2640132
2019-10-31,439.12674067367203,446.3983132836099,434.54659578660915,440.8738098144531,3944718
2019-11-01,441.29877416919726,447.81487174079047,436.6714226681458,443.09307861328125,3649879
2019-11-04,445.17062033325607,451.87557188691693,441.06265482492233,442.24310302734375,2393325
2019-11-05,443.99022018684167,449.0425448039592,439.268426866085,441.8182067871094,1391429
2019-11-06,442.95136984556603,460.79976963705866,438.4184602976056,454.0948181152344,17751556
2019-11-07,455.18087678097083,460.2804078108747,443.8485727947226,445.59564208984375,5892783
2019-11-08,443.9430005379786,443.9430005379786,435.58542084565033,436.765869140625,4300075
2019-11-11,433.83829307486855,433.83829307486855,426.61395624818635,429.5414733886719,4109355
2019-11-13,426.8501172634038,429.6831932629396,421.183965264332,422.9782409667969,3001272
2019-11-14,420.4285016952943,432.70516470557556,418.02036973616885,426.28350830078125,2659601
2019-11-15,423.0726819684296,442.0070616760313,411.1737570241596,437.4741516113281,10693852
2019-11-18,437.2380737458657,445.73730196122807,432.18574898727,434.97161865234375,2847404
2019-11-19,435.53822251513907,450.93125703913046,433.9800076812575,445.83172607421875,5080106
2019-11-20,445.7372600969644,456.7862672670135,442.5736530166908,455.7474670410156,4080054
2019-11-21,455.74751057631954,464.9077725980649,450.08135842365795,458.48614501953125,5600894
2019-11-22,458.01394618569157,458.01394618569157,446.39834629477724,452.2061462402344,2778328
2019-11-25,451.6395291443818,458.3444813942805,449.420280529477,456.597412109375,1465490
2019-11-26,456.1252285709585,463.25512486034944,450.1757805956746,451.9228210449219,3880896
2019-11-27,448.5703183035565,448.5703183035565,438.70175977306377,441.9598083496094,3494515
2019-11-28,445.73727802754604,449.98689190704596,438.27685053633166,442.2903747558594,2933958
2019-11-29,443.51798765012893,447.059332215875,439.69334704693756,440.7321472167969,1307574
2019-12-02,443.4708176472421,443.4708176472421,430.01370719294584,438.1824035644531,2492362
2019-12-03,439.1267870778221,439.9294977213347,434.40499366838316,438.41851806640625,1067139
2019-12-04,437.23809119691236,445.59567170616117,436.2937324686253,443.8486022949219,1426757
2019-12-05,443.3763510523705,444.13182638470903,434.7826822542213,435.9159240722656,1483537
2019-12-06,437.238050504061,441.01548506565115,428.7388227404831,430.108154296875,2520045
2019-12-09,431.94964829866046,432.28017959584747,419.86186889512317,422.9782409667969,3761784
2019-12-10,425.52804375672787,429.63600994067326,424.48924340384474,427.8417053222656,2807906
2019-12-11,427.7944669146597,427.8889085432286,421.8450189688277,424.9141845703125,1806996
2019-12-12,427.0389943872687,437.3324979404066,427.0389943872687,435.39654541015625,2730092
2019-12-13,435.39656595143526,439.1267943343496,431.1941870393146,435.58544921875,1213599
2019-12-16,437.2852906671318,438.8907120075632,432.04411133611654,432.75238037109375,903737
2019-12-17,436.3409188317238,440.26003042970416,434.73552635911227,438.1352233886719,2434853
2019-12-18,438.1824142288375,443.1402971484526,435.82151760044934,441.7709655761719,1705929
2019-12-19,439.74058146581757,445.2650851042959,438.937870882528,441.58209228515625,1485123
2019-12-20,440.9210286086812,448.0509533956127,438.0879527827704,439.83502197265625,2248997
2019-12-23,441.0154961586729,442.90421348697555,438.65459949829454,441.8182067871094,866023
2019-12-24,441.2515956861521,453.2921689231739,439.598967986953,452.06451416015625,3262749
2019-12-26,452.06448822326905,455.700245897276,445.97336352502197,447.76763916015625,2887784
2019-12-27,448.14539653774335,456.5974181850129,446.49276886075523,454.3309631347656,2005404
2019-12-30,454.3309407380369,459.90265086759706,451.63951288999647,453.24493408203125,1809828
2019-12-31,453.2449126737108,457.35284944719825,450.41183692949227,451.59228515625,1640854
2020-01-01,454.2364922521967,454.2364922521967,448.05095487304317,449.4202575683594,1316812
2020-01-02,452.2061638599153,453.19772895526063,446.020597157042,447.1538391113281,1406381
2020-01-03,449.3258361556084,449.3258361556084,441.25158118974326,443.8013610839844,2252752
2020-01-06,443.65967070753476,443.8013475569824,435.53820958431464,440.7793884277344,1501855
2020-01-07,440.0710901958537,443.84852444646185,437.85184180971413,442.52642822265625,2365554
2020-01-08,441.7709684124664,443.94301061625197,435.9159620281964,438.89068603515625,1507276
2020-01-09,441.4877156849768,446.9649849079041,441.4877156849768,443.94305419921875,1700600
2020-01-10,443.94302533357086,450.4590945218659,443.61249402860904,447.1538391113281,1213600
2020-01-13,448.0981521738783,455.6058145126148,448.0981521738783,451.0728759765625,1229969
2020-01-14,453.85876084586425,458.2028162838813,452.5366645350429,457.3056640625,2160301
2020-01-15,457.0695495605469,459.76097725885,452.86714238078093,457.0695495605469,1413668
2020-01-16,457.06957359651545,460.32762237414056,452.347780480849,453.5282287597656,1694372
2020-01-17,453.29217388983807,456.0780435696855,450.0341248621888,453.5754699707031,2039387
2020-01-20,453.7171322643562,456.26688336890413,450.1285520445468,453.4338073730469,1206931
2020-01-21,452.3005951007589,452.8671872453441,445.9261740983216,447.05938720703125,1448808
2020-01-22,448.0981618012722,453.5754302280354,444.0846376966244,445.3595275878906,2380518
2020-01-23,438.65460524136046,449.37308198371716,433.7911638212146,439.2684326171875,5783749
2020-01-24,439.1267696254429,441.72375589742126,431.4302524378509,433.3189697265625,2713370
2020-01-27,432.0440570788098,440.5432844311798,428.927685244089,438.60736083984375,5849003
2020-01-28,439.1267408711596,441.9598166187155,433.4133829747367,438.84344482421875,3592413
2020-01-29,438.8434661137832,441.3932171185572,434.7355003166305,435.86871337890625,1737293
2020-01-30,435.34934845309033,435.34934845309033,421.5144996511896,425.90576171875,2766881
2020-01-31,428.691620279484,428.691620279484,417.5009645239312,422.03387451171875,2184609
2020-02-03,419.2952200087128,425.5751989588998,414.9511646681385,419.8146057128906,1690394
2020-02-04,421.8449921025892,427.275053974774,419.48409563642184,423.49761962890625,2030860
2020-02-05,424.5364223906306,433.6022712545653,413.1569121106,422.647705078125,3637403
2020-02-06,436.76592000347625,438.5129894473985,411.1265858147481,415.18731689453125,7118843
2020-02-07,415.51780520228294,421.0895154626785,412.9680253243625,418.5397644042969,6386193
2020-02-10,419.4841237918816,425.90575108305666,417.5009648632855,420.0035095214844,3557480
2020-02-11,422.2227598486476,426.8501114880394,418.6814148971429,425.52801513671875,1889638
2020-02-12,429.63596846565355,429.63596846565355,420.2395886082823,421.9394226074219,1683136
2020-02-13,421.9394514798062,423.9226104941977,415.9900032561719,418.7286376953125,2041017
2020-02-14,419.2952302957707,423.9225818031452,416.93433372879,422.2227478027344,1814780
2020-02-17,419.76745605140127,420.94790446549405,406.1686960849604,407.8685302734375,4581786
2020-02-18,408.9073109058065,413.2985730303789,404.2799591098105,411.7403869628906,2453801
2020-02-19,413.44020398425243,424.2059156119199,413.06246628949225,422.6004943847656,2359566
2020-02-20,423.0726656626506,423.8281410378043,410.3238241750484,411.5042724609375,3048500
2020-02-24,411.7403854019342,412.40144800723033,402.816184328136,406.21588134765625,2569563
2020-02-25,406.26304969399564,407.2074082206488,396.6305811943196,402.10784912109375,2438218
2020-02-26,383.4096295894728,401.35244476730526,383.22074632294266,398.708251953125,8068909
2020-02-27,388.2258571151947,400.40807826063144,386.24269813348644,397.7638854980469,5109022
2020-02-28,390.0200958362746,393.27814448427137,375.90192345433803,379.7265930175781,4200936
2020-03-02,384.35396046707723,388.36748462428875,372.69112568162564,379.5849609375,3460583
2020-03-03,379.6321672360459,405.318733362917,379.6321672360459,401.6357116699219,5476676
2020-03-04,401.9190306193896,424.7724917146563,396.6306166336994,422.74212646484375,9297945
2020-03-05,422.9310426010346,445.7372990669282,413.10971804651876,416.0844421386719,9637431
2020-03-06,401.3524348974131,413.77074564856633,399.510923962421,410.2294006347656,2916146
2020-03-09,401.35240889072344,408.57674648684895,399.9358709769915,402.43841552734375,2986596
2020-03-11,401.35245695035087,402.4384637170142,387.37595938907276,393.89202880859375,5314547
2020-03-12,389.54794982175724,389.54794982175724,369.0081488311555,372.78558349609375,5636464
2020-03-13,366.4111413151438,410.7487896593145,335.53060318679985,401.8717956542969,6096891
2020-03-16,392.85318465637124,400.31361196646685,370.8968468119947,374.34375,5394603
2020-03-17,374.91038405887815,398.51935030943724,369.00814249623835,379.3960876464844,2989674
2020-03-18,388.8868714953034,388.8868714953034,360.46169984720433,364.5224304199219,4200456
2020-03-19,357.65182842210436,372.8720824642434,346.2962928994072,357.5564270019531,2926091
2020-03-20,362.42309385699133,381.5080388546489,355.40939986740415,374.82830810546875,4718358
2020-03-23,353.07147041945996,388.2831869154081,353.07147041945996,358.0812683105469,5507004
2020-03-24,362.61392164247223,391.00277471842895,355.5047686354304,360.18060302734375,6649616
2020-03-25,360.705389657861,376.83215919131834,356.8884014075133,359.226318359375,6418955
2020-03-26,365.4766711426836,376.6413748339487,363.0910531848332,368.4825439453125,4291225
2020-03-27,375.0191549928413,392.1956048398417,374.0172070669585,388.9988708496094,6471291
2020-03-30,394.86749671191217,418.6282763119483,388.99888200351035,411.9962463378906,9020926
2020-03-31,425.5942339279684,426.16678804899493,400.78380773485816,403.50341796875,9434602
2020-04-01,405.4596132131006,411.18509618373884,391.6230293673916,394.81976318359375,6329668
2020-04-03,405.5550635739833,433.89621731226714,397.2054005004013,428.6478576660156,17906762
2020-04-07,457.084404646533,489.91053132529703,431.3197304806533,469.7281799316406,20843608
2020-04-08,474.2131585467848,505.7510169153386,467.58112884625643,489.2902526855469,19456188
2020-04-09,538.1954911066214,582.0908680408493,538.1954911066214,553.0817260742188,27207708
2020-04-13,577.3195913542465,577.3195913542465,556.3261516686375,565.7254638671875,15483858
2020-04-15,576.7947167828148,585.9077656587872,552.1273923546994,565.248291015625,16213806
2020-04-16,563.0057676671337,584.7625890742212,555.3717911563929,572.9776611328125,12716342
2020-04-17,586.862034111916,586.862034111916,567.7770899131546,570.6398315429688,8304173
2020-04-20,570.6398244055954,571.9757937798498,553.4633748415474,558.6163330078125,5856150
2020-04-21,551.5548433011722,581.8998905055496,543.9208662312599,565.0097045898438,14471856
2020-04-22,567.6817615204757,572.3098377870183,558.2346896296885,560.3340454101562,6182243
2020-04-23,563.0058154528696,576.2698740631306,552.5567975683975,559.8568115234375,6277840
2020-04-24,559.5706163891108,578.2738393823116,556.8986774678274,571.88037109375,11127889
2020-04-27,572.5483184950157,603.7045127901702,572.5483184950157,580.8502807617188,14089786
2020-04-28,588.5796517139228,592.8260633332048,566.1071421688914,571.2123413085938,8193422
2020-04-29,577.3195729125721,580.086913170692,563.1012659189961,568.9699096679688,6767183
2020-04-30,580.0869794024644,583.4745457999552,559.2843408637963,562.6242065429688,9099721
2020-05-04,562.051555630926,588.7227743760284,554.035856498054,583.8560791015625,16815950
2020-05-05,594.5437407403729,594.5437407403729,567.7771168788939,569.5902099609375,9257154
2020-05-06,570.1626410280847,578.2737413607018,563.0057877934225,564.6757202148438,6978135
2020-05-07,570.6398782837521,574.2660063300052,560.6202817587028,562.5764770507812,4620871
2020-05-08,570.6397929816276,573.6933954956058,562.5286922452667,564.8189086914062,5051303
2020-05-11,573.4548165698296,573.4548165698296,556.7554920234899,559.2365112304688,5853892
2020-05-12,560.1431296030612,566.6319991833271,540.2947986694002,544.0640869140625,8868938
2020-05-13,572.548373999709,577.3196104497066,542.8713065777771,544.11181640625,10438589
2020-05-14,544.8751821145514,551.4595114651769,540.199347272208,543.682373046875,8546002
2020-05-15,545.8294463866127,558.2346610772175,539.7222404726467,544.2072143554688,14388403
2020-05-18,544.4933513315398,577.3194736247726,544.397949922203,572.9776611328125,22898114
2020-05-19,572.5483682700907,580.9457326895256,563.1967565702055,567.7294311523438,10951060
2020-05-20,569.6855707644908,595.7842080376394,568.1587985620049,592.2535400390625,13440063
2020-05-21,592.2535416581803,598.1698276409567,584.2855426776163,588.3887939453125,7916771
2020-05-22,588.4842959663042,612.4835795720346,582.1862291146169,610.0979614257812,10874832
2020-05-26,610.718185510505,617.3025142450902,595.4979315824605,598.98095703125,8859302
2020-05-27,601.1758000542043,608.6189173587296,597.1679497386496,604.0862426757812,7710100
2020-05-28,604.9927161893779,608.4757417168562,597.406439408825,599.6011962890625,5488625
2020-05-29,604.0384925922542,621.1672419059157,602.1299981448853,618.495361328125,10580203
2020-06-01,619.3064275481821,622.7416941419997,605.5175439765886,613.1038208007812,7439123
2020-06-02,615.394091255911,628.5149912937995,606.9012672070614,608.4280395507812,6883363
2020-06-03,617.2547426756803,619.7835209079199,606.2331997953575,611.86328125,5044700
2020-06-04,613.5809160974718,634.3834922730915,613.1037925235236,630.3279418945312,10452388
2020-06-05,634.5744933632124,639.1071683158067,619.3065356281576,621.11962890625,6481383
2020-06-08,626.6541323530232,627.7037809499504,604.0861633354593,606.0423583984375,6263334
2020-06-09,609.6685808027929,624.3639532536602,607.9031884751752,610.7659301757812,8968365
2020-06-10,617.2071540751857,620.9764426325077,610.5274228444096,613.5333251953125,5425984
2020-06-11,616.1097162325434,617.3502259203709,603.8476050007121,605.9469604492188,3172467
2020-06-12,588.1025068388882,615.4894116897312,588.1025068388882,614.1534423828125,5579009
2020-06-15,613.5810099072955,623.6006064920958,607.8555261445525,614.2012939453125,4520180
2020-06-16,615.0123031585072,620.2606626113726,603.5136363693906,608.6188354492188,2927072
2020-06-17,610.7182218280828,614.3443496216614,605.946985720051,611.0521850585938,2648039
2020-06-18,612.2927135229735,615.2985571314573,607.282915932876,612.6743774414062,2161524
2020-06-19,619.1632946179176,619.1632946179176,602.6071284014843,607.0921020507812,4476020
2020-06-22,659.3848300260024,660.8162008581861,621.8352251587654,625.9384765625,29312493
2020-06-23,643.1626268725088,643.1626268725088,625.4136518612089,629.6123046875,8287482
2020-06-24,629.8032341476608,631.9502906277096,599.5535823135568,602.3209228515625,6955942
2020-06-25,603.0842223598427,612.626694232625,600.3646411731502,605.8515625,5816404
2020-06-26,609.7639526707903,614.2012253886845,602.7025001878809,605.8515625,3847728
2020-06-29,607.8554667869009,618.3521859935821,606.3286945629799,615.39404296875,6772032
2020-06-30,618.3045024060727,620.1652961473175,608.8097308485454,610.956787109375,4319880
2020-07-01,613.1992175933719,613.1992175933719,592.6352024115382,598.4083862304688,4809651
2020-07-02,601.1757654731249,624.5071223054888,597.358776485994,616.6345825195312,6169821
2020-07-03,623.0756793591014,623.0756793591014,606.424055180445,609.5730590820312,5379171
2020-07-06,610.7181431769791,614.7736933465137,600.4122861593917,605.565185546875,5604802
2020-07-07,608.7619947278208,613.1992091298729,606.1378150061059,607.426025390625,3781547
2020-07-08,614.0103762479438,618.3521893860021,603.5613576954419,605.3744506835938,6952585
2020-07-09,614.4874799621525,614.4874799621525,607.1397650664577,609.8116455078125,4354183
2020-07-10,610.7182277584708,617.397958374579,607.569223545117,609.6685791015625,4119561
2020-07-13,611.6724551345928,616.4436911340827,607.4737441579911,609.1436767578125,3450069
2020-07-14,610.6705594339966,614.5352492754789,602.3685964365623,603.3705444335938,5432821
2020-07-15,605.374421756003,614.0580476171759,604.1338538535858,609.0005493164062,4253913
2020-07-16,610.6705396492297,646.4071108315104,606.805849932957,643.6397705078125,16098128
2020-07-17,643.6397903529553,664.7763909017766,638.6299921330101,657.57177734375,15244102
2020-07-20,657.4763269388291,659.2416609782612,641.5880876134305,643.49658203125,5469496
2020-07-21,645.1665248473204,650.8920081913025,629.80316783802,631.9979248046875,4314750
2020-07-22,635.671765491454,646.7887098997259,627.4175043050677,631.4253540039062,5918154
2020-07-23,633.5723945611536,643.1625665834957,631.902462081152,640.729248046875,4620517
2020-07-24,642.2083848679728,649.8423626970126,628.0855375327749,635.5763549804688,4962702
2020-07-27,643.1148438827137,643.1148438827137,620.6423363545701,623.0279541015625,4465020
2020-07-28,621.2149952864941,635.2901430291604,614.7738259805282,632.2842407226562,4583066
2020-07-29,632.2841982840836,654.1841841029792,632.2841982840836,650.0809326171875,7288781
2020-07-30,650.0332434953611,666.9711323169721,649.842382395324,654.56591796875,7170665
2020-07-31,655.5677944065814,690.8749390835005,655.5677944065814,687.2011108398438,18897302
2020-08-03,690.8749550870963,700.6082879260749,668.927270049799,677.897216796875,12500683
2020-08-04,675.6070083085108,686.0083259425144,671.0266334600292,681.1893310546875,6970907
2020-08-05,687.8212895907055,696.5526737456046,683.2409152154389,689.1095581054688,5263136
2020-08-06,691.7815002760831,705.8566460892515,687.1533665377033,697.6500854492188,9663886
2020-08-07,704.2344440142662,705.8089752146012,691.3521066237613,695.312255859375,6159632
2020-08-10,725.2279175242863,777.2343931888569,716.9736554290959,759.1990966796875,56895213
2020-08-11,764.4473831638272,765.1630685399921,733.5775105689669,742.404296875,14861526
2020-08-12,742.404241595112,742.404241595112,721.0290833215463,727.231689453125,7841540
2020-08-13,730.9057128218465,747.0802158012531,719.5978476537936,725.4664916992188,13741253
2020-08-14,727.1364254386122,751.7082928336833,718.118777017914,736.488037109375,16276204
2020-08-17,743.3586036194444,745.2670981088396,730.4762658160265,736.3449096679688,6145819
2020-08-18,736.6789095019815,743.9789245836073,728.0906838730724,729.8560180664062,5520627
2020-08-19,734.7703231744624,737.3468021899629,722.0311467125787,723.6533203125,6296055
2020-08-20,723.6533111934467,736.4402464469449,723.6533111934467,727.8043212890625,8167570
2020-08-21,733.6729213445644,735.3428539102441,724.3213106252833,725.9435424804688,4700914
2020-08-24,728.0906898389435,731.9076790386234,715.9240367649637,717.3554077148438,4942344
2020-08-25,721.6494311221425,723.3193636900285,711.1527121240023,713.538330078125,3424047
2020-08-26,717.1167817549272,719.5023997913707,710.1507887370376,713.7769165039062,3730702
2020-08-27,716.4487874190137,729.0448621305272,715.6377005945842,721.6017456054688,6989194
2020-08-28,728.0906713720648,735.7246495778007,712.5364524264041,714.3494873046875,8205618
2020-08-31,717.5938925666612,721.1246188461662,672.9351353692826,680.903076171875,7649137
2020-09-01,680.9030832702387,707.0971807649137,677.5155173321035,702.8507690429688,6260037
2020-09-02,706.0953155874832,714.2541185192363,695.8371569046752,704.4730834960938,5583378
2020-09-03,708.7193328212123,711.8206358962241,701.3716185026603,704.806884765625,3560610
2020-09-04,700.1788332875949,715.6853491866387,684.2905952386024,691.4474487304688,7473315
2020-09-07,694.6919457948203,700.2265677803748,674.652755050739,683.9566650390625,4688730
2020-09-08,683.9567149185104,693.2129248714795,672.1717847042354,675.7979125976562,4818121
2020-09-09,676.704399342913,701.3239645145012,672.9351113982855,694.2625122070312,9082694
2020-09-10,695.6462305541762,702.2305597371314,686.3423200632253,693.546875,4571167
2020-09-11,692.5926184289968,698.0318392142569,687.2965580233337,692.7357788085938,2465429
2020-09-14,695.6462922917568,696.8391014349182,684.9110100033038,688.5848388671875,3104686
2020-09-15,689.9207155429647,719.5023783117501,689.5867523248836,708.4808349609375,14548327
2020-09-16,709.9121789335177,721.8879690182098,698.5089138418103,718.1663818359375,6773101
2020-09-17,716.6396366609229,727.1363557065556,712.5363854097917,717.1167602539062,7105767
2020-09-18,744.3127679869186,781.8146688792733,740.6389398009555,769.3617553710938,35527335
2020-09-21,769.3617665113175,774.8009869277362,727.1363300237196,732.9572143554688,12576400
2020-09-22,741.4977292698227,751.8990464038322,720.5997518273756,742.0703125,14483843
2020-09-23,748.0821481167366,748.1298488310185,726.9455480956958,732.2893676757812,6236391
2020-09-24,729.4743667641998,731.5737224918088,696.6005353318612,699.8927001953125,7123763
2020-09-25,717.5938721683958,741.4500514293132,706.5246282883802,734.86572265625,13365087
2020-09-28,736.7742897797458,742.4043719385429,721.0292099121547,739.3507690429688,9290917
2020-09-29,742.0226068599135,750.0383067173021,724.3213327710268,727.4703369140625,6582879
2020-09-30,727.4702622493113,758.5310523267614,726.2297526527248,739.2552490234375,14333215
2020-10-01,744.1219872694227,745.2670956077428,730.7148251749412,737.6331176757812,5852563
2020-10-05,740.4957579921053,748.1774355856382,727.1839991477178,743.0245361328125,6798052
2020-10-06,746.2213207496699,751.9468040290791,741.4500846834954,744.6467895507812,4789613
2020-10-07,744.3128329575968,754.4755891661845,735.7246079619322,738.2056274414062,6086371
2020-10-08,739.5415909697606,778.2840045673834,739.4461895453962,774.3239135742188,12019967
2020-10-09,775.802998447428,787.2539652141797,763.7317476837591,766.4036865234375,11673228
2020-10-12,768.1689566195444,782.244102097977,763.5408812338551,776.4232177734375,6612623
2020-10-13,772.9401428245098,791.1185382387104,742.8813594924455,751.1356201171875,13964602
2020-10-14,752.7101947104395,758.1971162197754,731.7167558921115,745.7442016601562,8675720
2020-10-15,744.9330584984389,751.9467517308588,727.9951716415572,733.1480712890625,6291141
2020-10-16,731.8598656064912,751.4696329511684,723.7010640972605,746.5552368164062,9099048
2020-10-19,747.1755576408347,748.2252062638412,727.279526816798,729.0448608398438,4351337
2020-10-20,729.9991614952887,739.2553716621212,721.6971985983847,729.3311767578125,6029701
2020-10-21,736.4880255400342,736.4880255400342,721.8880540724876,732.0030517578125,6932513
2020-10-22,729.9991394647277,734.6272152871583,709.9599474009901,722.84228515625,8429247
2020-10-23,726.4206798964428,739.2076156540681,720.4566349055033,722.8899536132812,8515845
2020-10-26,726.3729818528484,728.8063005695634,708.3376864369567,712.9658203125,4665147
2020-10-27,715.6854646231438,738.1579765637841,712.8227227646513,735.0089721679688,7003966
2020-10-28,736.1063760099887,744.312879331203,727.2795886589456,730.2377319335938,7050213
2020-10-29,731.0487963656365,739.2076569632858,722.3651696706112,727.4226684570312,6084020
2020-10-30,730.6670721759854,732.3847054392396,711.8683912152087,719.9794921875,4126276
2020-11-02,722.84228007845,727.4703558683693,710.341664604508,716.8782348632812,3265890
2020-11-03,721.5062728495838,735.2951563131055,716.40107370994,724.5598754882812,5390467
2020-11-04,723.1285104076566,747.9389373982356,722.55598538954,745.4102172851562,9035451
2020-11-05,750.0382756195357,759.6761487394797,742.6905607620153,757.1951293945312,6656549
2020-11-06,760.9167707580024,765.3062847550569,750.563153281761,753.8076171875,7765316
2020-11-09,758.7219456881007,767.2147692919914,717.8801760857592,728.281494140625,21178707
2020-11-10,734.579484452772,734.579484452772,674.1756482145579,684.4815063476562,22558440
2020-11-11,693.7377049530769,711.3912779126806,685.7220052851793,708.3853759765625,18892977
2020-11-12,708.4331073711812,724.1304263926795,699.9402844401611,705.8566284179688,10422659
2020-11-13,708.5284845610116,716.6395850576696,706.2860271325137,710.5801391601562,6955531
2020-11-14,715.2083099805145,715.590032175488,709.9599501340932,711.6298828125,631992
2020-11-17,713.204428119401,717.4985408056474,700.4174914899704,708.5762939453125,7313289
2020-11-18,713.1088372783146,717.5938102408438,699.9402391112486,708.9578857421875,7190828
2020-11-19,708.5762734906921,717.4985200934666,704.18675950185,708.1468505859375,5804230
2020-11-20,708.0515034742771,714.2064102675599,698.7475922089479,706.047607421875,5394676
2020-11-23,707.7174486177181,723.3670675186454,705.5703924497527,712.1546630859375,8690680
2020-11-24,714.0631994799415,717.59392592357,707.669731310554,714.2063598632812,5471533
2020-11-25,715.7808020543987,720.0272137466702,694.882823301539,698.1749877929688,6060158
2020-11-26,700.4173707357294,707.0971004293943,693.2605174925169,704.90234375,6088729
2020-11-27,707.0973017974101,714.7312807641838,701.3718175723299,711.48681640625,12777697
2020-12-01,718.5481553343161,725.2278858619924,712.011585186427,721.0291748046875,6241872
2020-12-02,723.3193570990163,726.1820986178778,716.7827872613325,723.6533203125,3983393
2020-12-03,725.2278861984072,729.8082611995557,721.4585980360872,727.279541015625,3765555
2020-12-04,728.0905753905331,735.3428304328912,722.3650924910007,731.85986328125,5423289
2020-12-07,731.8599008355575,746.6984331297381,730.9533543480886,737.7762451171875,6779545
2020-12-08,741.4500885408168,743.7880058739305,723.1285303028656,730.953369140625,4166424
2020-12-09,734.6748585525672,738.4918469160197,725.1800883499551,727.5180053710938,4045201
2020-12-10,728.0906125809161,732.575586063164,720.5520364144168,727.85205078125,3679209
2020-12-11,729.0448996216522,731.048795551309,718.5481798627018,721.2677612304688,3178041
2020-12-14,742.6905975052323,757.0043057633673,740.8298037831491,753.1873168945312,19785595
2020-12-15,753.1872850590826,761.4892471464221,743.5971125800118,745.8873291015625,8249684
2020-12-16,754.1893240510943,754.1893240510943,746.5076449978399,750.8017578125,3817724
2020-12-17,754.5710101403926,758.4834005538378,745.3625009149755,747.366455078125,3984988
2020-12-18,748.3683749510092,759.5807796761279,745.7441951217261,757.1474609375,6487014
2020-12-21,756.7179924114132,779.5245226676467,725.2278363589836,742.8814086914062,14465355
2020-12-22,746.221312248182,761.4892674859965,726.277522421736,758.6265258789062,6139589
2020-12-23,759.9146814050076,789.1623793414968,756.0022914550192,786.919921875,8520251
2020-12-24,790.880085316206,796.7010283113544,777.9977478294494,795.0787963867188,7294578
2020-12-28,799.2774299941274,800.6133993687899,787.444799680856,792.1683349609375,4810932
2020-12-29,792.1683251854286,797.512086132882,780.0970749789184,790.0689697265625,3311293
2020-12-30,792.0252314212663,792.0252314212663,778.7134704012623,786.10888671875,2715404
2020-12-31,786.2996257051386,795.2218129667585,779.0473709010234,782.4349365234375,4842886
2021-01-01,785.1545730251671,791.0232165163634,783.1029765207568,788.7807006835938,2474916
2021-01-04,792.9793712539191,798.9911165715795,788.7329598435655,794.1721801757812,3487801
2021-01-05,794.1722370054326,805.1460798718339,787.5402072767777,789.4010009765625,4559213
2021-01-06,791.0708990542288,796.2238570375185,777.9500005475996,787.0630493164062,3318460
2021-01-07,792.0251355116361,792.4545583782093,780.57416969701,788.7329711914062,2879675
2021-01-08,792.6931102877252,807.4839409472986,789.5441063764697,800.3270874023438,5072916
2021-01-11,800.6133189634601,820.652508115108,794.6492745730886,817.6466064453125,5332109
2021-01-12,820.6525893339955,825.0421031426847,802.5218925928956,804.5735473632812,4338010
2021-01-13,808.5813421087569,813.0186148884736,794.4107944772937,803.1898803710938,3596529
2021-01-14,803.1898387090547,808.7721612457987,791.0708882418668,802.4264526367188,3652930
2021-01-15,800.6134603672734,806.2435425632139,783.4370094893105,786.0134887695312,3137877
2021-01-18,784.391193671802,788.8284664221055,759.7716277087305,765.0676879882812,3742440
2021-01-19,765.7834340295277,787.6357198054291,765.7834340295277,784.8206787109375,3791378
2021-01-20,784.8683476863915,796.7010366506909,784.6774865916199,794.6970825195312,3056546
2021-01-21,796.7963917502547,800.8996429574495,771.9859651807857,775.5643920898438,3326213
2021-01-22,778.4749087010845,784.8683770379441,761.7278808152448,771.3180541992188,3883231
2021-01-25,775.8029665799693,817.7898430000414,771.2702924209842,798.5140380859375,10704200
2021-01-27,801.4722277057808,817.2650068454025,787.4447825475422,803.9532470703125,7410174
2021-01-28,797.2735319555536,810.0127087202703,787.9219210868265,803.3807373046875,4489853
2021-01-29,809.1539949369104,811.9212771108977,783.1984572014167,788.1128540039062,7185812
2021-02-01,777.711446241002,792.9794010138315,744.2650944652975,769.5049438476562,13856367
2021-02-02,770.0774749065715,788.5421345580245,764.8291154121649,784.0094604492188,8486828
2021-02-03,788.2082218398126,838.6879242353222,786.4905884528523,810.3944702148438,15674616
2021-02-04,808.7721597693802,817.312683404443,794.5061532383144,796.2715454101562,4639606
2021-02-05,801.1859676047713,815.785997120264,792.5023409289713,808.9154052734375,7381183
2021-02-08,813.0186362357997,819.936928621609,802.5696174666379,808.4859619140625,4244906
2021-02-09,809.2016550805613,817.6467198111783,800.613429967678,803.2376098632812,4200281
2021-02-10,808.8198817414676,827.3323002222686,802.5218736873449,823.8970336914062,5665209
2021-02-11,828.2865080287355,834.8708365163355,816.8355424799511,820.461669921875,5347864
2021-02-12,819.6983352014433,824.8035343646113,806.8159981522938,809.7264404296875,2473012
2021-02-15,811.205581997413,817.408189260575,803.4762023972944,805.6709594726562,2531913
2021-02-16,811.1101146627839,813.257170848656,802.7604517177258,809.5355834960938,2808115
2021-02-17,810.5852537905498,815.5950513316006,794.8878765133991,797.46435546875,2539649
2021-02-18,796.7963985672174,804.8597989198059,784.8683087683069,787.683349609375,4114251
2021-02-19,786.1088157582453,787.6833469033427,762.4434973270328,770.4114379882812,3834443
2021-02-22,774.2761716641197,780.0970560636919,750.085971126845,756.1931762695312,4090429
2021-02-23,758.6264690165273,766.4036064299094,752.3284612500429,754.7617797851562,3264477
2021-02-24,757.6723271060532,761.5847175887677,740.7344381814531,752.9487915039062,1587082
2021-02-25,758.6265291224017,776.7572260448239,754.2847159816104,772.129150390625,5478169
2021-02-26,768.1690329147818,782.4827416026349,744.31285176836,751.040283203125,7549015
2021-03-01,758.6265258113106,763.8748854238416,746.2213121816916,753.6644287109375,2748271
2021-03-02,756.3363392887728,777.711500766398,754.6187059049312,774.6578979492188,4275166
2021-03-03,780.5264642551954,780.7173253328067,770.6499713543928,775.3258056640625,3265559
2021-03-04,770.4591511150687,780.5741473311125,766.9284251082006,769.8388671875,3640996
2021-03-05,769.6002830366466,774.8486420654148,763.6362386857736,768.3120727539062,3832170
2021-03-08,770.9840386255743,781.5284585608057,769.3141060218119,772.2245483398438,2915298
2021-03-09,775.4212675114984,779.3337160582506,755.8591995056219,760.5350341796875,2783825
2021-03-10,769.1232632140283,777.4729264313022,764.3520270898719,775.23046875,2512573
2021-03-12,779.1428580840816,781.2422136245668,765.3062733416208,769.0755615234375,2082799
2021-03-15,770.9363959538481,771.8906432278385,753.8553464523685,768.6461791992188,2651062
2021-03-16,768.264401402875,771.5088651967334,750.9925502904505,756.050048828125,3671229
2021-03-17,758.4356234593481,758.4356234593481,734.7703057788905,736.8219604492188,3246092
2021-03-18,740.4958231958319,742.8337404717151,716.4964829485555,720.5997924804688,2894624
2021-03-19,716.6396358994069,732.1461526548868,704.3298239164678,725.84814453125,5262000
2021-03-22,727.136370320447,748.7023338596719,723.9873661919942,737.4899291992188,3563266
2021-03-23,739.5415379601565,743.740248698528,733.2435300952226,740.5911865234375,2118532
2021-03-24,742.2135402265061,762.157332145555,737.2992015642737,756.67041015625,6904173
2021-03-25,760.4396493052463,765.5925494587328,747.4618518879514,751.2311401367188,5292130
2021-03-26,754.8095017967178,762.4434790588843,745.5055920084523,751.4219360351562,2934548
2021-03-30,754.0938140847526,778.5702769025538,754.0938140847526,775.03955078125,4453933
2021-03-31,773.8945551936494,786.252069295638,768.1690714314276,777.8069458007812,3075406
2021-04-01,782.0055207989064,786.2996328716276,774.4669451964135,780.8604125976562,1910949
2021-04-05,787.2539384149131,789.1624328110704,769.2186430741752,782.244140625,2920638
2021-04-06,786.299672352575,806.3388630314635,784.2480176288767,797.893798828125,4569120
2021-04-07,797.8938079639096,806.2434708423824,792.2637262688032,802.3787231445312,2404472
2021-04-08,804.4303213377746,811.5394740230327,800.04080788731,803.47607421875,2459821
2021-04-09,802.4264660729874,851.4747355140021,798.3709156130068,842.64794921875,11189432
2021-04-12,849.2799826742407,896.9923412514453,838.9264241600374,861.1126708984375,30141861
2021-04-13,879.7682947010592,889.9309933250981,838.1153774778248,844.69970703125,11667200
2021-04-15,857.6773725430755,883.0603830332631,843.4591241948658,872.372802734375,13218002
2021-04-16,877.6688194998364,901.0478747624035,869.2237554877547,895.1315307617188,13746268
2021-04-19,902.0021414710188,911.306051420072,881.7243890179544,903.0040893554688,17805574
2021-04-20,920.943976885289,922.1367859208582,898.0420434023584,905.8668823242188,10205616
2021-04-22,914.9322560594901,919.0832665625671,895.8950116817454,901.1433715820312,8522208
2021-04-23,901.1433029787939,909.2544040253812,880.531587145693,892.7936401367188,7972589
2021-04-26,892.7936204989836,896.9923313042661,860.8740995589048,863.9754028320312,10255697
2021-04-27,871.2276763788199,877.4302830562157,859.7767102051662,870.6551513671875,5669049
2021-04-28,872.5158769443345,875.9989024132893,861.6374941475224,868.5557861328125,7251009
2021-04-29,870.2256829275144,875.4263414409662,862.6394065861141,865.0250244140625,4953091
2021-04-30,859.538163768656,878.8616695319813,859.538163768656,868.6989135742188,6459737
2021-05-03,877.0485510036626,882.1061076008024,864.9296585338751,868.5557861328125,6330144
2021-05-04,871.1323123359795,871.1323123359795,835.9205665440915,838.2584838867188,8347795
2021-05-05,844.5087956146174,857.868256788182,829.2408399876865,847.9918212890625,10491085
2021-05-06,865.502181646232,874.758390827247,840.5963538507058,843.8407592773438,17973153
2021-05-07,852.142694577985,854.528312423948,836.8747403638218,842.5048217773438,5479029
2021-05-10,851.6655589037225,864.9773179435152,837.351852031391,859.0609741210938,8379304
2021-05-11,858.774780504168,864.5002637122727,847.5623758882962,850.1388549804688,5864464
2021-05-12,848.6120239127066,865.2636492130296,843.8407879093263,857.4865112304688,5224240
2021-05-14,867.4107302513409,878.8616969873322,859.5858913332211,862.6871948242188,15048471
2021-05-17,854.0512908637535,863.5937633873708,830.19510955471,840.8826904296875,14122085
2021-05-18,846.4172376002501,847.7054479793674,838.2584359663826,843.9362182617188,5129966
2021-05-19,847.2283215486411,864.5002301684932,840.6917517700667,862.5917358398438,7242643
2021-05-20,864.5479723311698,885.4460095289411,863.5937251210912,881.915283203125,12378690
2021-05-21,887.449842061907,892.2210777719172,880.1021274199666,884.49169921875,6740711
2021-05-24,888.4040773778313,902.2406607526741,883.7760020977779,888.6426391601562,6420035
2021-05-25,896.6583878177228,896.9923510343555,887.4498792148411,892.7936401367188,3695242
2021-05-26,897.9465892187823,908.3956074049754,896.0857955840972,901.90673828125,5445187
2021-05-27,902.7178277325984,905.3420074643792,891.3145623405168,899.2348022460938,6249606
2021-05-28,897.1833338659513,904.0061671971788,888.4042469521615,891.6009521484375,2156991
2021-05-31,891.6009029348537,907.4891430904293,881.7244671036348,905.9146118164062,3183414
2021-06-01,908.4432767723911,914.168759609192,900.3798767953721,903.147216796875,2904962
2021-06-02,903.14729682757,916.5544586766042,903.14729682757,911.0198364257812,2449102
2021-06-03,911.3060979543937,915.7910715509672,902.7178729474937,904.8649291992188,2258695
2021-06-04,904.6263205204652,907.966185627872,893.6524780247001,903.0995483398438,3057699
2021-06-07,908.2047176351143,908.2047176351143,894.6543965666593,896.8014526367188,2028426
2021-06-08,896.8015209530472,911.3060902686763,889.2152439457404,910.11328125,2278534
2021-06-09,911.1152975714269,930.3911044087291,906.7257833502438,914.7891845703125,5498857
2021-06-10,916.9838492392518,930.3910106154933,916.0773027598703,929.6276245117188,4754350
2021-06-11,930.3910059080847,937.3569987140509,921.3256576453906,923.568115234375,3480545
2021-06-14,928.1962389175178,934.2079844724415,913.2145466191282,931.4884033203125,2377279
2021-06-15,930.3910558351768,934.0648843996281,922.9002383237093,925.3335571289062,1289684
2021-06-16,924.665479625645,926.717134275837,910.1609114339731,912.9759521484375,1684500
2021-06-17,911.3060958456365,915.8387701443452,900.3322528066576,907.44140625,2429291
2021-06-18,907.4414463468814,923.3773872866033,902.0976267288062,916.9362182617188,4978288
2021-06-21,914.1688042373139,918.653777660281,907.0119503419278,916.220458984375,1625660
2021-06-22,912.4511479171055,916.9361212268543,905.7237170737944,912.1171264648438,2344400
2021-06-23,912.2604260983587,921.8028991747015,910.5427925931438,913.9303588867188,1807471
2021-06-24,913.9779474267905,914.8367931953046,900.8093478462081,907.3936767578125,1769651
2021-06-25,907.4891127716211,917.031585040513,905.532917605024,913.3099975585938,2134441
2021-06-28,917.9858450151285,926.9080334133901,913.3100102413883,918.98779296875,1759671
2021-06-29,919.8943448770531,943.7505260201301,916.1250566079209,934.7805786132812,4300755
2021-06-30,946.8040675127419,951.3844423469301,924.8086815724038,927.432861328125,7195632
2021-07-01,932.4904555558998,935.1623362967928,922.9479827365446,933.3492431640625,2291137
2021-07-02,936.9275848666008,940.6968729343821,930.4864163020496,934.3988647460938,1421148
2021-07-05,934.4942500512104,938.8360630639063,928.5779058972851,930.104736328125,1286458
2021-07-06,930.3910683980472,930.3910683980472,920.6100340892472,924.760986328125,1157576
2021-07-07,923.7113092793355,924.6178557871746,917.0315787370263,921.0394287109375,1740439
2021-07-08,921.3256374294161,923.7112553409372,901.5727094734972,907.1550903320312,1662518
2021-07-09,908.4434184444582,921.4211582680404,906.4872231520065,915.8865356445312,1301555
2021-07-12,916.0773034421197,923.663580259775,912.1171543020641,915.9341430664062,1122802
2021-07-13,918.1766466214508,925.4766025899711,912.3080031777746,921.4688110351562,1317621
2021-07-14,917.1269736171804,933.6354970051815,917.1269736171804,932.4426879882812,1729994
2021-07-15,934.2080119051157,936.1165063114591,927.5759821945468,929.0550537109375,979315
2021-07-16,929.0550637861825,944.6093399606634,929.0550637861825,932.4426879882812,2087320
2021-07-19,927.6236746112609,938.5975173496063,926.8125877928685,929.436767578125,854347
2021-07-20,927.5283225738758,929.5322184922613,909.0636616715403,911.4492797851562,1520300
2021-07-22,914.2642336964826,915.0753787750774,903.3381496752254,906.439453125,1783069
2021-07-23,908.4433928541996,913.8826138927142,903.6244558326483,904.6264038085938,1056183
2021-07-26,904.6263127246118,916.0772787084677,903.6720655592904,907.0596313476562,1306026
2021-07-27,908.9205478458553,914.6460316118134,867.4107905426588,871.3231811523438,3366104
2021-07-28,879.4342218759313,879.4342218759313,846.0833278571915,849.1846313476562,5094903
2021-07-29,853.431021519659,858.7748411703012,832.1036183598953,842.6957397460938,4929314
2021-07-30,844.6041873227676,887.3545091804197,837.5904935843927,877.9551391601562,6280365
2021-08-02,885.827777952376,890.8852771138079,871.6095277907139,878.9094848632812,2981630
2021-08-03,882.6785466511385,887.0203592050607,876.475940647644,885.6844482421875,2014511
2021-08-04,885.684543657453,899.3779673971659,884.5871361031011,896.6583862304688,2517694
2021-08-05,901.0002164203718,909.3975801181631,889.3583889508164,902.1453247070312,4022548
2021-08-06,896.0380651620793,896.0380651620793,867.4106509396487,869.6054077148438,9727673
2021-08-09,875.1705352661705,882.7507005771381,861.0657611407115,881.4553833007812,3310964
2021-08-10,882.7507393975324,886.3968720431245,868.3580642986595,875.6503295898438,2552532
2021-08-11,875.9382151199125,876.9936545170578,854.9728502756406,873.0116577148438,2174054
2021-08-12,875.0746751966215,879.1046360715005,867.1107397557574,868.6459350585938,2127392
2021-08-13,869.317691391682,874.0672865177053,856.2203318871866,858.1873779296875,2919925
2021-08-16,859.7225935828876,864.6160804556015,850.1754392293047,852.286376953125,1954152
2021-08-17,854.9249197768744,869.6054369895467,853.8694803385308,868.0222778320312,3767678
2021-08-18,863.7525044467958,873.8273780012361,863.5605903805878,872.05224609375,2323095
2021-08-20,872.1002395305298,872.2441311524377,851.0869091045121,854.781005859375,2354874
2021-08-23,861.6415502705902,871.2366677568997,852.6701388464706,861.9773559570312,2081206
2021-08-24,866.4391012624196,882.3190088474073,861.3057368787479,880.4959716796875,2588128
2021-08-25,879.8722043777577,886.2049579956838,869.2696121010438,875.6503295898438,1697757
2021-08-26,875.650307532589,879.6323043018836,869.60539585612,874.4029541015625,1522032
2021-08-27,876.8018162104863,887.9801514059347,870.7569039618877,886.492919921875,1878603
2021-08-30,886.5888039963106,898.5827001542693,883.1825492002396,896.8555908203125,2016968
2021-08-31,897.1434329410181,911.2482665406875,892.6337162711992,909.4251708984375,2463088
2021-09-01,910.5766060179733,916.2377484904498,882.7507666349162,885.4853515625,4434153
2021-09-02,889.4673419584001,921.1312279180843,886.0131232792858,916.5735473632812,3688123
2021-09-03,917.3891358198237,924.0097901404904,892.9696092970719,902.9964599609375,3110583
2021-09-06,907.554177073942,919.2122684131123,904.4837862853091,911.7280883789062,1699875
2021-09-07,911.7280883598468,918.5405984474155,905.8270675954122,912.0159301757812,1113880
2021-09-08,909.6171118007225,914.5586205910417,901.9410180302522,913.2632446289062,1600457
2021-09-09,912.6396338472962,913.5511231680339,888.5078896604207,910.864501953125,3769007
2021-09-13,907.698117533115,915.2782838006733,904.3877902754105,911.9679565429688,865538
2021-09-14,916.1418140461392,919.548069071351,911.1523411959943,914.5586547851562,1373821
2021-09-15,916.333747685362,917.8689431040711,909.905007062109,914.3667602539062,2509424
2021-09-16,915.8539013492737,925.7368599705835,911.7280128254971,915.3741455078125,3574908
2021-09-17,921.1312868434866,923.5300662363082,909.6651096330095,915.4221801757812,2006356
2021-09-20,914.4147299612292,914.4147299612292,892.154044864283,900.1179809570312,2308294
2021-09-21,897.1434856699204,920.1717676550306,895.2244621711612,917.38916015625,2438464
2021-09-22,913.695055895787,934.804314209998,913.1193722764338,924.4895629882812,2267730
2021-09-23,926.3605275263858,930.7262937896206,920.6514215372588,928.9031982421875,1297533
2021-09-24,930.3425586569741,943.5838675055953,921.5630613839827,928.4715576171875,1803409
2021-09-27,925.928850202788,930.7743728874323,913.7430391142722,923.7219848632812,1217035
2021-09-28,921.6109792943105,937.4429221973361,912.3037041779244,931.6858520507812,1542732
2021-09-29,931.2061422282331,964.3092972069802,926.0727778527606,947.61376953125,4052980
2021-09-30,947.9976222631531,959.2718854833879,936.8192867936804,943.727783203125,2312926
2021-10-01,940.3215231978461,951.7397365479713,933.7008686395465,946.2705078125,1948517
2021-10-04,946.0785044060052,956.5851688807066,916.237714964416,918.732421875,4097873
2021-10-05,922.8583644000138,922.9543507107794,890.858671831247,896.711669921875,4986700
2021-10-06,897.6711892722453,900.5497244686059,874.259138146882,876.4660034179688,2615582
2021-10-07,882.7508376384868,884.909739143581,861.6415784775664,878.9607543945312,7008049
2021-10-08,885.629281994675,891.8181440529307,874.7388478355949,879.9681396484375,2075219
2021-10-11,885.4374146776429,885.7732789222503,873.155676219434,876.7538452148438,1449593
2021-10-12,876.513991607208,887.2605350178642,871.092726744758,878.8648071289062,1164581
2021-10-13,884.3340211802075,887.0206423472669,875.1226733109268,876.5139770507812,1821818
2021-10-14,880.3041068849085,883.2306061430428,873.0598045549178,874.4510498046875,913675
2021-10-18,874.4510183862877,878.8168437421322,863.0808274645034,867.1587524414062,1913667
2021-10-19,869.3176074299896,880.1600780173756,866.6789502330442,869.509521484375,1360282
2021-10-20,868.3580957247364,875.746347588996,863.5605371848208,869.2216796875,1941581
2021-10-21,877.4254906718807,880.7358177681342,865.09573011974,874.6428833007812,2723509
2021-10-22,874.6429401921727,877.9532675037475,853.3417672350294,860.058349609375,1360319
2021-10-25,859.6266450008343,876.0342733543991,853.9655019555479,865.335693359375,1901039
2021-10-26,872.1002368233173,877.1376734173741,863.5605589811466,870.7568969726562,1405411
2021-10-27,879.8242579534206,889.3714110044444,865.9113384152897,885.1495361328125,5111161
2021-10-28,885.0536504778117,890.954612527616,850.415241600733,855.6445922851562,2224983
2021-10-29,856.8439624289679,879.8722436140689,849.4077466296123,868.4060668945312,2783659
2021-11-01,879.8722510181811,881.3594824777778,865.6714892139925,872.43603515625,986133
2021-11-02,873.1556296451138,875.8902145101824,864.0402686762911,866.8228759765625,1038025
2021-11-03,872.7238428907923,877.6653515026808,867.1107229493969,875.6983642578125,1275433
2021-11-04,875.698391102106,877.2335864222482,872.0521997298601,873.8273315429688,96347
2021-11-08,880.7837963981025,880.7837963981025,862.3131957606034,876.7058715820312,860650
2021-11-09,876.0342333673444,887.548374441176,872.8198924098132,877.1376953125,843911
2021-11-10,873.1557152003123,887.0686359370206,873.1557152003123,875.5065307617188,1597922
2021-11-11,875.5065090395594,875.5065090395594,859.7225290205331,868.26220703125,1180372
2021-11-12,873.9232981458252,879.8722827627912,868.3581416579347,878.8648071289062,936613
2021-11-15,877.9532345736843,901.7970776827017,873.2516036624097,900.1659545898438,2615304
2021-11-16,904.963505960817,905.6831397538525,881.7912743994948,884.429931640625,1925000
2021-11-17,884.4299242600443,884.4299242600443,864.5200561522104,868.6939086914062,1996857
2021-11-18,868.6458927720811,870.2770743044041,854.924887767612,856.1722412109375,1009418
2021-11-22,856.8439989437114,872.1961870546851,847.248881374353,859.1468505859375,1443344
2021-11-23,855.5965874031548,881.359452905788,853.9654058140915,873.7313232421875,1820473
2021-11-24,874.1151757873275,878.337050775436,855.2607470881799,857.2757568359375,1392190
2021-11-25,857.8034668673614,865.9113525119508,848.208349788308,863.5125732421875,1325422
2021-11-26,855.8845162075266,936.5314703997168,854.5891987173225,927.56005859375,14458893
2021-11-29,934.5643770998623,957.5926574390787,917.2931668454502,925.9287719726562,8303735
2021-11-30,925.9288425458215,944.1595658705578,919.7879438950672,931.9737548828125,4771579
2021-12-01,941.0410278848752,946.7501337765217,884.5257696467376,890.5707397460938,3879683
2021-12-02,899.9740531709818,899.9740531709818,880.3520262678087,883.9501953125,2749084
2021-12-03,892.3458660685014,892.3458660685014,871.524450814114,875.1226196289062,2388529
2021-12-06,878.0491529050156,878.7208228228444,856.3642114250418,858.7150268554688,1573419
2021-12-07,861.9293578415774,861.9293578415774,848.2083520940224,853.2457885742188,2471419
2021-12-08,858.7629955873475,865.4795776757402,854.2532787580657,861.5935668945312,1663728
2021-12-09,863.5606402188723,865.4796638638031,854.0134858725506,858.2833251953125,1645541
2021-12-10,858.7629589602598,864.5200290761945,854.9249122163033,857.70751953125,947538
2021-12-13,858.9549489214942,866.4391290208441,850.6551486786045,855.2128295898438,1785608
2021-12-14,857.3237328696406,871.0927028035233,854.9249535387238,859.3386840820312,2651452
2021-12-15,859.9144482612706,865.3356545494784,855.5966453551468,859.4346923828125,1192775
2021-12-16,866.9188479056559,866.9188479056559,842.6911767273295,845.329833984375,2280037
2021-12-17,846.2893534665619,848.6881328131225,815.5849778305869,825.3720092773438,2824703
2021-12-20,829.0181934344663,862.0733865868602,826.2355857948113,857.6116333007812,8501360
2021-12-21,857.6115920357564,861.0658694805647,846.3373289522417,850.8470458984375,2301316
2021-12-22,853.0060033566934,857.6596122328892,845.2819449603487,853.6776733398438,1271710
2021-12-23,855.8844986066742,875.5544898863119,855.1648647793704,872.9158325195312,1970110
2021-12-24,873.3476319363592,875.9383254494171,865.2877095766125,871.5245361328125,1114033
2021-12-27,875.9383098064044,895.3684229614177,873.2996524643655,892.5858154296875,4596248
2021-12-28,894.2649755051717,898.3908644304419,885.6773333945582,895.5123291015625,1907169
2021-12-29,900.0220191073215,909.2333084572539,895.464338306938,897.6712036132812,2687014
2021-12-30,899.0624348488544,916.3336449099851,898.19885092022,914.1747436523438,1729705
2021-12-31,916.3336395327323,918.4925407777047,903.8599878951139,905.8749389648438,2039044
2022-01-03,908.7055292266158,909.5211492969281,888.3159059279913,892.8256225585938,2013140
2022-01-04,899.494240263414,899.494240263414,882.9906275787642,886.8286743164062,1238138
2022-01-05,888.987541643488,894.0729416637921,881.7912042853378,890.9545288085938,1407995
2022-01-06,890.9545898150225,898.0549999201618,882.079106465572,884.6697998046875,1384402
2022-01-07,888.8916524780859,889.1315304004338,876.369978080367,877.7133178710938,1546099
2022-01-10,877.7133715454798,880.6878345389118,871.860373307843,879.1046752929688,1637506
2022-01-11,880.3520386421602,884.429963616797,876.034235727839,878.8648071289062,1578147
2022-01-12,881.2155760345219,881.2155760345219,864.7119629444744,869.509521484375,2090537
2022-01-13,875.0746754462707,891.5303246217437,871.9082985308005,886.6367797851562,2739659
2022-01-14,888.5558301564134,895.2244484249949,879.200590743612,884.1900634765625,2321761
2022-01-17,878.528862061889,882.9426508844435,872.1961084623279,873.3475341796875,1058857
2022-01-18,873.3475929102141,877.5694094058468,862.0733300239585,865.62353515625,1830577
2022-01-19,863.6084739591292,865.0957053470473,849.2637626621002,859.3866577148438,1413292
2022-01-20,858.7630303680953,863.46466144597,844.4183177569778,846.6251831054688,1614683
2022-01-21,844.3702902154971,844.3702902154971,825.180056346963,832.3284301757812,1669132
2022-01-24,836.2144891143136,858.7630152120604,832.3284782443003,855.9804077148438,4992078
2022-01-25,855.3088296058577,872.1962136166387,845.4258113572799,868.9818725585938,2322693
2022-01-27,864.5201012673019,893.7852101337312,851.0869365417279,890.0430908203125,7859401
2022-01-28,889.035532471361,903.8599995914622,880.303999637616,894.5047607421875,2428175
2022-01-31,900.9814553881448,911.5360837260251,892.9695563936044,906.738525390625,2008278
2022-02-01,909.6171656342154,920.1717951932623,900.7896455629497,908.0819702148438,2033319
2022-02-02,907.2183324974504,919.6919848744647,906.4986987064689,913.2632446289062,1735750
2022-02-03,914.4146215698594,918.2526682501107,906.3067362450397,914.1747436523438,1116446
2022-02-04,912.7355764522607,918.9724029930645,901.9410689777924,907.7940673828125,1428601
2022-02-07,907.890054441324,908.6576521495682,889.5153804997307,895.5123291015625,949273
2022-02-08,895.5123018283624,912.4956714643049,893.4013642720168,909.6651000976562,1812035
2022-02-09,916.1417966096508,933.1251661013547,911.7760299103469,929.0472412109375,2513281
2022-02-10,929.7668651678578,937.7787646774194,924.0097947953014,935.5718994140625,2044733
2022-02-11,917.7729930927434,936.5314361786602,914.4147019523099,919.6920166015625,1292417
2022-02-14,908.6576267225701,923.9138869642944,900.8375825390294,916.23779296875,2346622
2022-02-15,879.4404176851224,900.7895525431263,875.3624930493238,884.5258178710938,8304774
2022-02-16,900.0219430909784,902.180844340397,882.8466608366922,895.3203125,2480569
2022-02-17,896.9516511664127,916.8135578531012,888.2201168981555,890.618896484375,2843010
2022-02-18,889.9470917294441,892.2019207734768,866.4870192158087,872.2920532226562,3643338
2022-02-21,866.5350316496929,876.7058912635333,859.7225217001928,870.5170288085938,1860041
2022-02-22,857.035881299361,880.8317602781824,854.6850658690533,876.4180297851562,1884736
2022-02-23,878.1931054825433,883.9981397005588,873.3955468620431,877.8572998046875,1399309
2022-02-24,863.3686254555499,871.9562669779156,852.1903491658107,859.5305786132812,2003438
2022-02-25,866.4391106847897,889.179550883991,854.8770058042777,886.2530517578125,2825642
2022-02-28,882.798694124806,892.2978830172522,874.1151252845486,887.5962524414062,1534018
2022-03-02,874.2111396608113,893.593288893462,874.2111396608113,885.7252807617188,3276260
2022-03-03,887.5482963755865,906.7385298107342,882.3189460517196,897.0474853515625,2622469
2022-03-04,891.386316091186,902.9004558038816,882.9905892173455,893.4972534179688,2453781
2022-03-07,884.5738936931743,907.6981031273942,879.9202266307376,903.0444946289062,2604231
2022-03-08,900.0219732860471,937.4429295314159,897.5272662952679,930.2945556640625,5826939
2022-03-09,930.2945751953854,947.5657861327761,921.179213867318,941.8087158203125,3501351
2022-03-10,942.2885008281864,952.6992384369696,935.5239547145786,947.0860595703125,4146797
2022-03-11,944.3994459858574,1011.0855130379448,941.6168384674564,1001.6822509765625,11106725
2022-03-14,1002.6897753005311,1015.163428007619,994.7738033902638,1006.1920166015625,5590771
2022-03-15,1002.6897270073397,1039.1511716257885,1002.6897270073397,1024.8065185546875,7945333
2022-03-16,1033.394278015066,1034.3537898795182,1006.6718960156537,1013.0526733398438,3379138
2022-03-17,1013.2444340128756,1023.2233798946434,1003.3614158829906,1006.048095703125,3712730
2022-03-21,1024.566662638732,1027.6370532950848,1006.6237231774772,1007.7752075195312,2039889
2022-03-22,1002.689716432998,1006.7676411170556,982.5399709353014,990.791748046875,2269544
2022-03-23,1002.5938535592279,1002.5938535592279,970.3062596637492,973.376708984375,2781735
2022-03-24,972.9447889856277,997.9880190043556,961.1907715644503,987.3374633789062,3344649
2022-03-25,991.463466009896,991.463466009896,965.2687502890664,972.465087890625,1680031
2022-03-28,980.6209422061686,1001.9700772003831,968.0513625565014,975.9193115234375,3847112
2022-03-29,978.89383839891,998.8516698492961,978.89383839891,996.7886962890625,3194089
2022-03-30,1000.7707374805408,1012.0930227806645,983.6913817826382,987.28955078125,3083750
2022-03-31,988.2970480758952,993.0946065617005,972.5610328168752,976.8308715820312,1976418
2022-04-01,981.5804808861955,984.3630882751859,965.268781790335,973.7604370117188,1285646
2022-04-04,976.7828958573295,987.9612304191926,962.8220125458317,986.1861572265625,1665075
2022-04-05,993.0946338598746,994.0541455834108,975.8234228362247,980.09326171875,1596381
2022-04-06,972.9447889856277,991.9910713404895,972.9447889856277,987.3374633789062,1487844
2022-04-07,994.0540966855324,1019.6251062855017,990.5039503342401,994.7257080078125,3496357
2022-04-08,996.4048949663357,996.4048949663357,964.3092749064291,970.6420288085938,3001682
2022-04-11,971.0259003325359,986.6659888590126,970.6420722032672,983.9793090820312,2094493
2022-04-12,980.1411939979789,989.9281664114127,971.98534461082,985.6583862304688,2746930
2022-04-13,989.2565671632292,991.943246786508,971.2177588346328,975.4395751953125,1890795
2022-04-18,975.4396236494651,993.0946633116974,969.2027972615174,986.234130859375,2092141
2022-04-19,992.8067285333013,996.8367480287635,940.6572900451418,959.799560546875,1813890
2022-04-20,961.334783015329,973.9043626944774,949.9645343814644,971.0737915039062,1796999
2022-04-21,974.9118154648393,978.7018982542007,956.3452881735358,958.120361328125,1526774
2022-04-22,957.5927028715179,958.1204226082066,920.1717455448754,927.8478393554688,2455188
2022-04-25,918.3486793748715,924.009822167835,907.9859641100784,914.5586547851562,1309361
2022-04-26,919.3562030572053,940.8971949084724,918.3007049980042,938.7863159179688,1806747
2022-04-27,926.1207371107058,940.5613769905794,924.9693113174379,938.16259765625,1033333
2022-04-28,947.9976297558451,950.4923369348854,938.3545481700055,941.4729614257812,1840948
2022-04-29,941.5688891773017,954.6182844013803,936.9632443892538,941.4729614257812,1972427
2022-05-02,939.3619946709546,949.6767458892515,932.4534984212588,937.0591430664062,1767117
2022-05-04,937.9227275024845,943.2000420817824,908.7055832552184,918.7804565429688,2086372
2022-05-05,921.0833256771366,928.0397859367768,905.7791013931384,910.0009765625,2161283
2022-05-06,899.8300634347266,908.033876783263,887.9321534549147,896.903564453125,1828238
2022-05-09,896.9036204425039,903.8600807240853,884.6698454645505,900.3098754882812,2047297
2022-05-10,892.3458910948052,901.5571800934308,881.3594702927303,888.6517944335938,1662201
2022-05-11,875.0747064863787,904.4357422915921,867.6384905047236,899.63818359375,5296875
2022-05-12,897.143439676915,899.0624630772935,878.4329615232253,883.4703979492188,2242769
2022-05-13,886.6847099939336,902.0368966996062,884.8616729610017,896.7595825195312,1734146
2022-05-16,888.5558299805638,906.7385890613024,888.5558299805638,895.6082763671875,1456551
2022-05-17,897.1434375624666,902.9484716221403,879.1046293542138,900.02197265625,2301253
2022-05-18,907.5061622188531,922.2826659558585,903.2363234030864,918.3486328125,2580102
2022-05-19,901.9409960521054,915.3261959509872,896.5677539692886,900.02197265625,1198917
2022-05-20,911.5361589000098,942.8162184008935,900.9815296916938,938.7863159179688,2594816
2022-05-23,939.1701423502519,947.7098208342322,927.3201949925489,930.7744140625,1220231
2022-05-24,937.4429836429056,938.1146535834847,922.8104293946412,931.1102294921875,1622192
2022-05-25,933.0293042237328,945.9827136136701,930.1987326812892,932.5015258789062,1950710
2022-05-26,932.7413724966472,937.7788093123984,921.3711813952465,925.4970703125,1630614
2022-05-27,930.8222900200681,938.2105419282307,921.1312451374304,927.22412109375,1249374
2022-05-30,929.1911502942776,951.8356029055653,928.8073221901082,946.8461303710938,2171285
2022-05-31,948.8611815549773,964.2133693697921,939.0741501102431,952.7471923828125,4874664
2022-06-01,954.2344487254106,958.2164459692013,940.6573338473773,943.727783203125,1285579
2022-06-02,937.9226833073574,966.0843281734116,937.9226833073574,947.1339721679688,2639988
2022-06-03,949.9645528650982,958.3123164205497,918.3966528743189,922.0427856445312,1057504
2022-06-06,922.0428290870082,940.0336744231512,921.6110370861508,936.5314331054688,1412548
2022-06-07,932.2136254611121,939.9857057449797,923.0502999961851,933.3650512695312,1759986
2022-06-08,932.6454226675801,936.5314335492385,918.1568186422542,923.9618530273438,1874689
2022-06-09,923.9138429038155,934.8522411874559,916.3336770191257,932.597412109375,1405851
2022-06-10,921.1312160547968,932.2615281565475,921.1312160547968,927.6558837890625,776457
2022-06-13,916.3336889642044,944.8791625209427,909.4251928948262,916.0938110351562,3016612
2022-06-14,916.3337760021816,931.4940508452386,912.3038146985959,925.6410522460938,1570434
2022-06-15,925.9288183151335,935.4280078560703,924.9693065863096,929.574951171875,1112618
2022-06-16,936.4834121827065,938.1625576451243,890.234936876468,902.8525390625,1898194
2022-06-17,894.4568085637688,906.3067545021785,873.9232349852073,877.7133178710938,2715476
2022-06-20,877.7133953696475,890.5708765683389,865.4796202497098,888.3639526367188,942685
2022-06-21,889.5633127461291,906.2108766112585,889.5633127461291,900.2139282226562,521963
2022-06-22,893.3053357998574,906.7384987442163,875.8422122594025,879.7762451171875,1698830
2022-06-23,879.8722484806767,899.3503247113525,877.3775414307381,895.5602416992188,615616
2022-06-24,895.2244482371614,905.2993214488336,892.3459130338264,895.8961181640625,722838
2022-06-27,898.1029491303202,908.0818942129023,892.8735986645819,894.6007080078125,846797
2022-06-28,897.1434280356676,909.4251659259337,884.5258259163257,906.83447265625,931109
2022-06-29,899.1104515959786,922.9543531376588,885.5333958044941,909.2813110351562,2455089
2022-06-30,905.7791127609856,905.7791127609856,874.4990524196082,880.064208984375,2433648
2022-07-01,874.3071273268023,917.3412063323992,874.3071273268023,910.864501953125,1793834
2022-07-04,906.3546841677296,911.5360705204761,890.906569977118,892.9695434570312,1004832
2022-07-05,897.1434984407842,911.2003691948751,892.5858175663525,899.4463500976562,1532205
2022-07-06,901.9410884215866,911.5362063835184,895.3684560432444,907.3143310546875,1390651
2022-07-07,911.8719657775442,911.8719657775442,895.5123021960601,897.3833618164062,1390277
2022-07-08,904.0998628968174,904.0998628968174,890.282871547956,897.5751953125,1072803
2022-07-11,900.0219776807979,911.5361181202112,889.5153128170441,909.185302734375,1037956
2022-07-12,903.7641186885597,908.9934107472465,896.1839526230212,897.8630981445312,672406
2022-07-13,902.372822049694,920.075825256679,894.4088863694312,914.75048828125,1511059
2022-07-14,914.7984887522335,929.4310423459314,906.8825171359708,912.6395874023438,1713101
2022-07-15,924.0097194404541,928.8072776930005,912.9753354595971,926.9362182617188,1046876
2022-07-18,932.3096021028539,935.9077711143702,921.1792308221944,928.1836547851562,846036
2022-07-19,919.4041284550312,934.5644016979165,916.7175073908656,921.7549438476562,1162631
2022-07-20,926.6004689012447,943.1520458780499,920.0277785575943,941.7607421875,1627220
2022-07-21,945.1189908257575,949.4367933219157,927.2240748327682,929.2870483398438,1681422
2022-07-22,934.0846728607212,936.9632080621409,928.3276024578815,932.7413330078125,977238
2022-07-25,936.4834945940516,940.1296276348038,916.3817111479157,920.9393920898438,1024751
2022-07-26,921.0833572484714,923.0503447110008,906.2588883363204,917.0054321289062,988405
2022-07-27,918.1568350600135,936.7233643621229,913.2632899003914,934.6124267578125,904733
2022-07-28,937.4429886728669,939.3140483159661,925.1612498687556,928.2796630859375,1043837
2022-07-29,934.2766379399723,944.111633748567,914.4147322527517,937.8268432617188,2941566
2022-08-01,949.9166183989389,989.2565995649555,948.2854367353631,963.8775024414062,4647912
2022-08-02,963.0139672751811,965.364724152844,951.835632241125,963.5416870117188,1184696
2022-08-03,969.1068846644529,987.0977302956,963.829569945983,970.8819580078125,4052763
2022-08-04,976.5909870829863,1004.5128124207615,973.9043660618119,1002.2099609375,2865077
2022-08-05,997.8921801107297,1003.6012279438592,990.2160864175702,992.3269653320312,1561405
2022-08-08,999.0762083109753,1002.2580269037242,987.4097362990993,992.66455078125,767289
2022-08-10,998.449616582082,1008.8144786091793,992.1824907052325,1001.1492309570312,1293683
2022-08-11,1003.2221888591328,1011.4176608488517,997.9192363951969,1001.1974487304688,838963
2022-08-12,1006.2111269472862,1006.2111269472862,985.722446468327,990.3505249023438,1140717
2022-08-16,990.350507510894,998.8834166329008,988.5185549255613,997.4854125976562,776409
2022-08-17,1002.4990344752982,1005.5843414819564,987.5060948876675,989.0006103515625,1102323
2022-08-18,991.6520888310507,997.0032969142053,971.2598030857588,995.219482421875,1201720
2022-08-19,992.182451968857,999.4618888157648,983.5530314417922,993.1947631835938,654004
2022-08-22,979.5999605812746,992.9537357171369,979.1178739865004,985.915283203125,993053
2022-08-23,974.0077368326097,1009.296509755329,974.0077368326097,1003.3668212890625,1868332
2022-08-24,1003.7043143592747,1016.0939166023264,989.289971909062,1000.18505859375,1562062
2022-08-25,1006.5485146336517,1006.5485146336517,983.9868981930547,989.0006103515625,1112617
2022-08-26,993.9660890563905,998.5940493961253,982.0103188758098,984.2279052734375,1264070
2022-08-29,964.1731488147283,987.3133043862817,955.7848306503483,980.8533325195312,1305557
2022-08-30,982.0103973418541,1004.861254943499,979.69635813863,1001.24560546875,1571042
2022-09-01,989.2416405104473,1006.8378002953554,982.8781213330967,986.34912109375,1528731
2022-09-02,987.3133114457748,994.2553110881106,975.7914304653633,979.2142333984375,1655229
2022-09-05,976.2253351086779,993.5321964399847,975.7432485234391,988.9042358398438,1275368
2022-09-06,988.2775099766696,1004.6684540445754,988.1811161980074,1003.5596313476562,1369910
2022-09-07,996.8104443933303,1023.8072941317992,995.9909207085117,1013.828125,2471263
2022-09-08,1020.5772038195563,1021.7824201679497,1006.5966941781925,1018.2150268554688,1755391
2022-09-09,1022.0235688084125,1027.7603521394649,1017.2027029178068,1020.384521484375,1092235
2022-09-12,1020.3845236215493,1030.2190429802147,1019.2274451872278,1026.6033935546875,936787
2022-09-13,1019.1793767647517,1024.9161604996893,1014.9369909429588,1020.9630737304688,1144685
2022-09-14,1002.7400735450777,1029.7369216789837,1002.7400735450777,1021.9752807617188,998799
2022-09-15,1022.0235897057861,1024.8678535606318,991.6521339739631,996.2802124023438,927244
2022-09-16,1001.2938800367604,1022.0236040818161,996.9551005854696,1006.11474609375,2850439
2022-09-19,1006.5484987938955,1006.5484987938955,978.6357335703356,999.1726684570312,2073673
2022-09-20,1004.1864549902202,1058.228413544943,1002.2581084611944,1053.16650390625,2491392
2022-09-21,1060.5904033623162,1062.3741000467708,1026.121215253041,1032.0509033203125,2283817
2022-09-22,1023.132338903585,1033.4008062620594,1013.3459581093873,1023.85546875,1634304
2022-09-23,1029.0139723138902,1053.8414352205032,1025.1572790468435,1029.83349609375,3268298
2022-09-26,1027.519207371937,1042.4638901569476,1013.2012606301957,1027.4710693359375,1219450
2022-09-27,1032.5811111393452,1065.314857766179,1030.7010207154008,1059.3369140625,2343041
2022-09-28,1061.5545721542176,1077.6562156794273,1048.682884941321,1057.842529296875,3450534
2022-09-29,1061.1207803911461,1081.4648098006444,1049.1167543600318,1075.87255859375,2093772
2022-09-30,1079.6329613397463,1087.587390391814,1065.4596621075596,1075.0048828125,1834565
2022-10-03,1076.7886014121734,1103.8818428949685,1075.0530426949758,1090.23876953125,2601710
2022-10-04,1098.0486175412711,1106.3887392018726,1092.408227900411,1103.640869140625,1911413
2022-10-06,1109.1847842742432,1109.1847842742432,1083.7305902868418,1093.80615234375,1561938
2022-10-07,1094.3365821349098,1106.0994480975905,1088.5997986729722,1089.997802734375,1182984
2022-10-10,1070.232106527666,1090.9618275099585,1070.232106527666,1078.7650146484375,1583891
2022-10-11,1081.609633353764,1086.767936866054,1064.2545143013929,1070.3287353515625,1538943
2022-10-12,1071.774839831504,1077.9938272081483,1059.819069345558,1068.7376708984375,1231143
2022-10-13,1068.6895637624166,1087.4426848154944,1061.6510525519018,1064.1097412109375,1438932
2022-10-14,1075.1494573177924,1079.8739292978541,1065.7970248303193,1069.171630859375,1131139
2022-10-17,1068.3038368180535,1073.1729582433281,1059.4334910279335,1068.448486328125,1076392
2022-10-18,1073.799555294138,1089.7084117538243,1070.5214608478548,1085.5142822265625,960283
2022-10-19,1090.9620138838118,1103.9783525381922,1079.0062422470692,1081.8023681640625,1300144
2022-10-20,1081.8023330805593,1101.0857971283413,1076.981467068614,1096.0721435546875,1633570
2022-10-21,1096.0720609791297,1106.870752953569,1091.9260694424365,1094.095458984375,1349759
2022-10-24,1104.556830454668,1108.799216212606,1100.6519994852931,1105.810302734375,129688
2022-10-25,1105.9065070688098,1123.1169727632366,1105.8101133015593,1114.4876708984375,2210622
2022-10-27,1128.0343473016214,1137.8207284656569,1114.8734777570396,1124.1295166015625,2359658
2022-10-28,1127.1185038397412,1129.8182359576492,1109.7633857310027,1113.8128662109375,1087865
2022-10-31,1119.4050737080272,1135.6513684218558,1117.524983066098,1125.5758056640625,1554670
2022-11-01,1125.6720730511845,1142.7861452538898,1121.9117744926166,1131.3607177734375,1491658
2022-11-02,1131.5054971694124,1136.181713613786,1114.776998121522,1117.7177734375,1479828
2022-11-03,1110.9202982990944,1133.867667214344,1109.8597313334315,1121.4298095703125,1992697
2022-11-04,1126.0095842709866,1133.1444890860446,1100.121558857415,1105.038818359375,1712836
2022-11-07,1105.0386837264311,1110.7273281303683,1076.4991856402398,1090.38330078125,2006468
2022-11-09,1100.2179120953879,1113.5716861272451,1084.694748566398,1088.9371337890625,2068940
2022-11-10,1089.5157616771676,1110.7275729664575,1078.9098560325226,1082.0916748046875,2028565
2022-11-11,1089.515743140294,1102.8695187535575,1076.6440541390396,1081.223876953125,1513809
2022-11-14,1084.2127036018253,1092.986655698526,1078.138365698077,1089.0335693359375,1501491
2022-11-15,1094.2883828105873,1094.2883828105873,1071.0518310291807,1078.6688232421875,1262746
2022-11-16,1080.7898405026579,1095.7345242597496,1077.222446942635,1081.0308837890625,1649021
2022-11-17,1084.6947980491432,1091.8778409663457,1076.4510705052023,1079.391845703125,1270387
2022-11-18,1083.7306582395631,1086.6714335279678,1060.0601595061848,1062.904541015625,1486381
2022-11-21,1065.362945891571,1068.4965082492827,1054.5642549991412,1064.880859375,1488424
2022-11-22,1067.7735356988028,1069.9429253428043,1057.890760653907,1064.5435791015625,1302811
2022-11-23,1069.1716123682309,1084.2609454622823,1059.2888377397742,1068.3038330078125,2192276
2022-11-24,1073.6552020323475,1077.608288937314,1053.2629136397723,1056.107177734375,2933085
2022-11-25,1053.8896407541977,1067.3398108034355,1039.8608725849188,1065.7489013671875,1454838
2022-11-28,1060.5904070406457,1070.2321380137423,1054.9017622271363,1062.2777099609375,673339
2022-11-29,1066.3755408183451,1085.5143549690551,1065.4113676349652,1080.9827880859375,1899345
2022-11-30,1080.98274313821,1107.8349416394344,1079.873920484044,1098.8199462890625,2680903
2022-12-01,1103.9783694970288,1104.1711570679508,1076.9815185398963,1084.5985107421875,1360439
2022-12-02,1084.5984660323645,1084.5984660323645,1059.626356387043,1074.4263916015625,2586376
2022-12-05,1074.426329776445,1082.3326202511846,1068.4485033051085,1075.3905029296875,1236554
2022-12-06,1075.0529937645788,1077.7527254913616,1063.8686094764548,1069.846435546875,1180968
2022-12-07,1071.1964237475286,1082.4290650516828,1063.8687309768493,1065.70068359375,1031921
2022-12-08,1069.4607023833569,1073.1246070603486,1063.6275260358982,1067.8216552734375,808315
2022-12-09,1075.0531257612868,1075.8726494478185,1061.6510946451467,1068.20751953125,994866
2022-12-12,1065.4114224551936,1070.2322886201493,1053.9377374432136,1057.5052490234375,1544297
2022-12-13,1057.6496299831806,1072.6425686963069,1049.2131153979287,1070.1357421875,1282727
2022-12-14,1074.088921430247,1078.9097873253556,1066.5201855143102,1072.83544921875,1013627
2022-12-15,1071.3893065911907,1078.042125793215,1059.963876709961,1062.326171875,710477
2022-12-16,1057.0230574442098,1068.3038360712499,1047.1884208261263,1050.3702392578125,1309491
2022-12-19,1051.286257278317,1061.072639097429,1045.5976116847062,1057.360595703125,779326
2022-12-20,1056.7339563097592,1058.083822494068,1049.4544006815872,1052.0577392578125,795748
2022-12-21,1056.8301341802226,1089.515626515057,1046.754572146526,1087.5872802734375,3224730
2022-12-22,1094.33662729429,1106.2441432677542,1077.0297647167333,1082.2362060546875,2070809
2022-12-23,1080.838140211955,1105.8583872799304,1073.3175422913903,1079.054443359375,2773210
2022-12-26,1086.6232257778656,1094.3366115864042,1054.8055093176442,1057.2159423828125,1279529
2022-12-27,1054.8536702952629,1065.3149253189242,1051.0451157762811,1056.589111328125,1209316
2022-12-28,1054.8053420430688,1063.627549201915,1045.2600050793485,1046.899169921875,872940
2022-12-29,1047.0920324024241,1058.6621101085282,1031.6652621276185,1048.5865478515625,1625961
2022-12-30,1055.7213902707206,1055.769646009125,1035.0399223660233,1037.402099609375,1185711
2023-01-02,1041.5481571650644,1043.2354603588055,1025.73569226719,1032.581298828125,895053
2023-01-03,1031.7134926315384,1042.2228854666948,1028.1942372092833,1037.3538818359375,952230
2023-01-04,1040.29473127763,1043.1872511674019,1025.8321318287715,1028.676513671875,1369415
2023-01-05,1036.4861005165794,1054.034004162839,1029.158408368589,1049.3577880859375,1605744
2023-01-06,1049.3577972284822,1053.9376195729922,1035.0398498592394,1037.7877197265625,824772
2023-01-09,1042.994372075089,1057.6497578186356,1038.3181555363003,1048.4901123046875,893437
2023-01-10,1047.5740639898786,1051.1897130832629,1036.341423933716,1040.053466796875,594426
2023-01-11,1040.0535727209055,1045.1154819671726,1005.6326369250585,1010.0678100585938,2168577
2023-01-12,1015.0815628051489,1025.976649033224,1005.7772681537213,1023.1323852539062,1188988
2023-01-13,1025.8802004068134,1032.243719463939,1015.5153393594701,1029.495849609375,1089004
2023-01-16,1032.1473896237696,1036.196869902703,1013.3460126058683,1021.6378784179688,825308
2023-01-17,1024.7232651587383,1032.7258316407608,1015.6117583241261,1030.7974853515625,762941
2023-01-18,1030.604710171445,1033.593623416194,1021.3968094512368,1025.3017578125,1299797
2023-01-19,1025.3982187948047,1031.2796518935468,1020.6256084377179,1026.6998291015625,376954
2023-01-20,1028.7727846053622,1028.7727846053622,1012.8156713736238,1015.7081909179688,954230
2023-01-23,1015.6600913211188,1026.121347196421,1013.0567530145156,1024.4822998046875,750581
2023-01-24,1026.8445500143487,1036.3898890890803,1017.2510728934578,1024.0966796875,712627
2023-01-25,1026.748036466987,1029.9779930602983,983.4566374177433,998.1602783203125,2226483
2023-01-27,986.5901310916845,1034.5094873994396,986.5901310916845,1009.7302856445312,2947920
2023-01-30,1019.1310495698214,1019.1310495698214,991.6521139853938,997.3407592773438,2118395
2023-01-31,1005.6326915193482,1005.6326915193482,971.4045414244903,981.4801635742188,2705095
2023-02-01,982.4924444269917,998.7869942772842,978.7321455850906,995.074951171875,1598213
2023-02-02,989.3380403586418,995.7980710470745,980.8533284539328,988.5667724609375,1291262
2023-02-03,985.3849541621374,990.9772054817462,974.296962994951,985.6741943359375,1617105
2023-02-06,983.4566949126624,996.5694273054457,973.9596121335286,992.9056396484375,979035
2023-02-07,992.9056078766001,997.7746119156891,984.7100768327784,994.3518676757812,965322
2023-02-08,997.9192280071666,1003.8970545647701,982.6371068471171,1001.872314453125,746863
2023-02-09,988.5668594530559,1007.1753321674106,983.4566942570668,984.9029541015625,1331902
2023-02-10,984.4208497096046,999.7029715844185,978.6840073270108,996.1837158203125,1106858
2023-02-13,998.8834133866678,1003.318586470429,982.4924693446086,985.3367919921875,1042379
2023-02-14,989.9165370344874,995.4605327086388,981.1425848113013,991.5074462890625,759416
2023-02-15,990.0611355346405,996.4246545281386,979.6962745909333,993.8696899414062,662924
2023-02-16,994.7856568060653,1000.8117390498627,991.5074445260558,998.4013061523438,667265
2023-02-17,998.4012985805928,998.6423418685166,984.5654373931472,989.0006103515625,1509783
2023-02-20,962.2448399967178,962.2448399967178,921.0264362794235,929.4629516601562,5829572
2023-02-21,935.0551217516216,944.0219203982509,928.9808425941284,931.3430786132812,2042234
2023-02-22,931.9697699708579,937.94765544194,924.6902742493413,928.0648803710938,1602953
2023-02-23,930.4270722668844,932.7893082096888,921.7495140799393,925.8954467773438,1216409
2023-02-24,926.6668028564621,931.3912748916733,920.7853701051222,927.3417358398438,1585383
2023-02-27,931.005517967125,933.8980372551526,914.662831068533,916.1572875976562,1377270
2023-02-28,912.0114144809965,912.0114144809965,870.7447562041096,873.9265747070312,5380673
2023-03-01,875.2764101506953,877.6386462359911,863.8991782778885,867.3701782226562,3496231
2023-03-02,869.6360298201795,870.6483999108485,852.8111957044802,854.6913452148438,1887367
2023-03-03,859.0782914352393,860.0424646018332,845.5798671029235,847.1707763671875,1892639
2023-03-06,853.2932966092335,853.82358010862,837.9147220362446,849.3402099609375,4090356
2023-03-08,852.0397901534567,852.136183925196,839.89117364303,845.8208618164062,2933956
2023-03-09,845.8208888296977,864.7186588737422,845.5798455441948,850.15966796875,6176157
2023-03-10,847.6528513365056,852.9075479436785,840.0840567733695,849.62939453125,1718841
2023-03-13,850.9792181720479,857.2463437908156,840.903655602182,843.4586791992188,1697362
2023-03-14,841.7231662104107,852.0398307618339,823.2592267111995,840.8071899414062,2444217
2023-03-15,843.6515269773023,851.7506051756686,841.3374878210662,846.495849609375,1286900
2023-03-16,849.4365920075,858.1141508361806,845.3388558939565,851.798828125,2023997
2023-03-17,855.5590878283908,856.5715167936057,838.830705910819,842.735595703125,2205087
2023-03-20,842.7355752751927,845.4835042094377,830.9244535529801,835.64892578125,997827
2023-03-21,835.7453556522615,841.1447611246571,829.7674697731823,831.4547729492188,888443
2023-03-22,833.0456434656261,834.9739898625373,821.4755650841591,832.4671630859375,1622488
2023-03-23,836.9022627041405,839.6983882732951,830.3940941865679,837.9628295898438,1865868
2023-03-24,837.962827420593,847.5081647610386,835.1185638212638,845.8208618164062,3166046
2023-03-27,849.4847801400917,859.415752260838,844.6639141738596,857.439208984375,3986238
2023-03-28,859.8496055237534,862.2118415167788,854.643105809971,857.6320190429688,3623017
2023-03-29,861.9225663326243,864.4775897735832,853.6306422498592,855.896484375,3049688
2023-03-31,856.9570774992908,870.3591077227863,854.9323374389162,868.2379150390625,2320879
2023-04-03,877.3975457356286,877.3975457356286,855.26976069711,859.5121459960938,2623264
2023-04-05,857.1499730034843,865.2007956672256,854.5466935992482,863.6581420898438,1612376
2023-04-06,866.7917184032461,867.5148483129262,857.1499862741778,861.3441162109375,1512783
2023-04-10,864.8151375521311,872.0946332239436,862.1636613317156,869.53955078125,919722
2023-04-11,872.5767233726527,875.6138924132787,869.6842038476605,874.6497192382812,1778775
2023-04-12,876.4334432225445,887.9071278998263,875.6621164283447,885.0628051757812,3449942
2023-04-13,888.8712779503115,889.9800417979468,879.6151801156414,882.9415893554688,1068355
2023-04-17,882.2183998049461,884.5806357052627,868.8163699734446,873.9747314453125,2604979
2023-04-18,872.5767507596954,892.3423014675117,864.8633651176208,891.1370849609375,1949777
2023-04-19,892.7761127618222,892.7761127618222,876.4333665984631,879.2294921875,1538261
2023-04-20,879.3259342159845,880.9650403805967,866.7434860717307,871.612548828125,4446158
2023-04-21,870.6484477006311,885.641330019249,870.6484477006311,882.2667236328125,3481218
2023-04-24,883.1826277317796,884.3396473107272,868.8646796316256,870.6483764648438,1784945
2023-04-25,872.1910588934006,879.3259641595184,864.1884330506764,877.0601806640625,2440358
2023-04-26,879.1813208277954,881.447163187663,867.8040886828827,878.4581909179688,1400796
2023-04-27,878.5545785476411,884.4360111730356,870.6483470154614,881.2060546875,2457652
2023-04-28,885.9304530073681,886.0751025156056,872.7213282640841,875.5173950195312,2695819
2023-05-02,877.7832640452312,888.0034759511045,873.6372723990482,884.8217163085938,1857324
2023-05-03,887.9553168493367,891.3781199263057,884.146820954486,887.6660766601562,2566561
2023-05-04,887.6660020365696,901.8875554855823,887.6660020365696,900.0556030273438,3393228
2023-05-05,901.5019367508665,901.694783159436,887.8588625109206,891.6673583984375,2262141
2023-05-08,893.9813602680131,901.4055053244144,886.7018647241131,899.86279296875,3877794
2023-05-09,901.5019135548021,909.2152989114206,895.8132683149117,905.5514526367188,2657968
2023-05-10,909.6974061351834,912.7827721175229,899.7664340329177,910.565185546875,1618668
2023-05-11,912.5416909978545,913.0719744614825,901.5018966435968,909.7937622070312,1537103
2023-05-12,914.8556743978957,918.8570165297225,880.2900903374991,903.8641357421875,3850078
2023-05-15,906.3228044159875,906.3228044159875,864.7187074611243,889.739013671875,5487301
2023-05-16,894.1742519685433,908.8778933137501,885.4966931418641,889.0640869140625,2964696
2023-05-17,891.8120125548689,898.6094218409477,884.1468238499452,890.8478393554688,1866976
2023-05-18,895.7168385217332,896.3435745961422,878.8920056194213,881.736328125,1881606
2023-05-19,884.1467748790288,888.9676406090126,880.2900822950418,883.4236450195312,1168086
2023-05-22,883.4235722000126,897.693321814835,882.6522455164865,891.8118896484375,1402783
2023-05-23,893.2100796452817,898.8986662392967,886.5572609988905,897.0667724609375,1577827
2023-05-24,890.4138985900229,906.2263616928891,890.4138985900229,904.3944091796875,1034319
2023-05-25,907.7208220560054,913.0719712583133,901.5018934810167,911.5775146484375,2178211
2023-05-26,912.011416631976,918.6159792461858,906.8048580226059,917.26611328125,1130476
2023-05-29,917.8928645833333,924.8349232280254,911.2400461220742,921.9906005859375,1744868
2023-05-30,923.2922192185845,927.052518182735,916.9286997314415,925.4616088867188,1337311
2023-05-31,925.7990739909693,930.4270933592302,908.5403509996373,918.9052124023438,3561991
2023-06-01,915.9644813666105,931.8733381482411,912.8309186671985,930.18603515625,1132919
2023-06-02,931.2948988042112,934.9105482319399,920.4479505210253,931.2466430664062,1098485
2023-06-05,935.2480179383754,941.9008366569097,924.7867621018519,939.8760375976562,1469770
2023-06-06,938.0440697813086,940.0206129451105,929.511102198371,937.2244873046875,2079735
2023-06-07,938.0923261253046,942.8649952320237,924.1600116242913,926.0401611328125,1614117
2023-06-08,930.3307185890626,935.103328718809,928.4987660201475,930.8128051757812,1481632
2023-06-09,931.3912785185469,936.2121443493882,924.7867158696781,934.5248413085938,717024
2023-06-12,938.3815357988879,938.3815357988879,920.9300249966742,925.5580444335938,1239721
2023-06-13,928.4987942836021,948.6017820223202,922.7137550668818,946.3359985351562,2158120
2023-06-14,946.3360258149958,946.7217186466136,937.7548605234417,943.6363525390625,1831109
2023-06-15,946.7698688806577,964.1731830652941,945.4681997744431,962.4376831054688,1804458
2023-06-16,964.1731727658648,971.0670344905249,958.1470904360781,970.0064086914062,1572197
2023-06-19,970.1992756356709,981.0944209488935,963.4018663934562,975.0201416015625,1015057
2023-06-20,977.5268652878435,982.2995338605082,966.6799180083581,974.9236450195312,1413571
2023-06-21,974.007746845783,977.141309644236,966.3425583844904,972.7543334960938,1140198
2023-06-22,967.1620157049457,970.9223143445703,954.6277653708053,962.5339965820312,2852669
2023-06-23,964.125018583249,964.125018583249,950.3373533716588,953.9530029296875,1776614
2023-06-26,953.9046908305459,988.2774874707412,953.9046908305459,985.28857421875,2313439
2023-06-27,987.313289571464,989.3380296142099,968.9940000188685,973.0917358398438,1651238
2023-06-28,970.9223801329151,982.010371564423,968.0780575177494,973.718505859375,1653212
2023-06-30,973.7184619053619,984.854649722884,968.993990056252,978.5875244140625,1963457
2023-07-03,983.9386796812452,993.0019306473835,963.2089573753689,965.9086303710938,1454455
2023-07-04,971.8383318265135,979.5999138625239,960.798537562997,975.5985717773438,1112255
2023-07-05,980.5640667770992,982.2995666300221,969.3796820818563,974.586181640625,748219
2023-07-06,975.7432632726437,986.8794517903024,975.164782900997,984.661865234375,1236819
2023-07-07,973.2846227001066,991.8931531969528,962.2930249721974,984.0833740234375,1914093
2023-07-10,987.31335492066,989.2417013169894,976.7074497408482,980.27490234375,1142988
2023-07-11,982.4442660000493,996.4729738918242,981.5282897163783,990.9772338867188,814514
2023-07-12,988.2774929132166,995.8944844467609,983.4084302056287,985.5778198242188,1163653
2023-07-13,991.0253333685771,998.883367958989,981.5764484143323,984.1315307617188,1419223
2023-07-14,989.3863637722742,997.7264855848304,982.8299388602599,993.9661865234375,787233
2023-07-17,999.076125255456,1001.7758570307427,988.6631263298767,995.6533813476562,1047614
2023-07-18,995.6533866574523,998.111957472463,982.9744867078605,993.8696899414062,780402
2023-07-19,993.0983006559363,1004.6683779451317,986.0598487413671,998.6905517578125,1069988
2023-07-20,1001.7276627278029,1019.9988148232486,990.2058404844778,1018.6972045898438,1280545
2023-07-21,1019.5234319924655,1032.256515944726,1015.7812828542243,1019.5719604492188,879139
2023-07-24,1019.5719604492188,1023.5085793689234,1008.9286850759188,1019.5719604492188,936947
2023-07-25,1028.3685719087018,1032.013545580401,1020.0094560185692,1025.2095947265625,599999
2023-07-26,1030.312522848912,1051.7450147706547,1012.9624724916114,1038.574462890625,1854416
2023-07-27,1083.7720415884178,1185.248120154435,1077.502735086455,1138.6409912109375,14590950
2023-07-28,1138.6409828696023,1157.0603186682424,1123.332095398775,1144.813232421875,4454009
2023-07-31,1148.7012740854252,1151.5686057232795,1132.7605665536003,1142.0916748046875,2221571
2023-08-01,1142.091747648902,1154.0473087231828,1135.3849723792196,1145.347900390625,1362536
2023-08-02,1151.8117033901547,1151.8117033901547,1121.2425710434757,1135.5794677734375,1861901
2023-08-03,1133.3924678348044,1145.9310824224924,1117.7919329620006,1133.197998046875,2574025
2023-08-04,1138.2036834105058,1204.0075551359878,1138.2036834105058,1175.868408203125,8359856
2023-08-07,1161.531529734069,1194.0932922830993,1141.3140297057214,1189.379150390625,2468250
2023-08-08,1190.691288895606,1233.4589760069584,1189.7679431117467,1230.9803466796875,5064238
2023-08-09,1234.4309993499483,1236.0348113864861,1217.1781251464351,1230.5916748046875,2105178
2023-08-10,1230.5430271809712,1242.1097665696032,1213.144330317548,1223.6904296875,2102129
2023-08-11,1223.0586618833988,1223.5446583128762,1210.1311093987115,1215.1854248046875,1286301
2023-08-14,1215.1854571538477,1216.9350918071316,1197.1550603311366,1200.994384765625,830936
2023-08-16,1197.058008009372,1211.1032591805256,1191.7120465924436,1208.721923828125,1665083
2023-08-17,1200.4112067825845,1210.9573058001367,1191.7119179673007,1206.2431640625,1855386
2023-08-18,1204.2992526402247,1221.7951255599373,1196.5233091203522,1201.7720947265625,1292509
2023-08-21,1202.7925521679947,1210.4227912623412,1195.84289793782,1199.244873046875,1101408
2023-08-22,1199.2449014521007,1205.5142082695488,1183.9360130987482,1186.8033447265625,1379445
2023-08-23,1216.9837775955866,1224.6138982537416,1190.739968870979,1196.18310546875,2562635
2023-08-24,1200.6055080238448,1204.9309473509845,1182.9152858035577,1186.3172607421875,848018
2023-08-25,1183.8387890056651,1185.7342464859028,1171.2515275190628,1175.5283203125,887533
2023-08-28,1178.0554729049902,1202.3552970160667,1177.0834799405472,1194.482177734375,1666004
2023-08-29,1197.4952114886155,1210.7629378461988,1192.926892476805,1195.3082275390625,1209087
2023-08-30,1200.1195918318388,1221.6007299443731,1196.6690882114447,1201.529052734375,1282450
2023-08-31,1205.4170665798306,1230.6402358768441,1188.94171507906,1222.3782958984375,3103295
2023-09-01,1229.4737576968034,1233.3617290272375,1204.9309386734385,1210.5198974609375,1167597
2023-09-04,1215.2828328512542,1220.2399731659807,1198.029957988674,1204.1534423828125,1126182
2023-09-05,1219.8511445613262,1230.5430669439354,1200.5084612479457,1204.2506103515625,2179947
2023-09-06,1211.248901577031,1231.514928565434,1207.7982795336432,1221.552001953125,2721714
2023-09-07,1223.7390747905126,1225.6830606122608,1210.131174038275,1214.310791015625,849621
2023-09-08,1214.505098392342,1226.6550093406447,1204.2991731957677,1209.7423095703125,787710
2023-09-11,1209.742424610624,1217.6641910325318,1201.8693052977255,1212.4154052734375,1162138
2023-09-12,1212.9985519012698,1224.6139388198526,1200.362643578257,1205.076904296875,1132283
2023-09-13,1207.2151656936812,1214.991108789937,1189.038946166774,1194.09326171875,1627384
2023-09-14,1195.5513155395136,1209.4022149268617,1190.6913508421985,1199.1962890625,1713142
2023-09-15,1200.2168692337843,1207.166523483059,1193.8989154424614,1200.897216796875,1938487
2023-09-18,1206.1946104640724,1222.3783169007197,1202.4039328594477,1205.805908203125,1864030
2023-09-20,1208.4302366954973,1217.5183470597938,1201.3832877986204,1204.9796142578125,1701959
2023-09-21,1197.4953001817596,1205.5142419240483,1170.2794979049015,1172.6123046875,1895731
2023-09-22,1173.584248672351,1175.2365891382149,1135.822348318665,1152.6864013671875,2796199
2023-09-25,1152.783600854342,1163.6213456213377,1144.0356645915351,1146.31982421875,1267600
2023-09-26,1147.9236235238975,1151.8115951531063,1128.9697618315047,1131.0595703125,1056359
2023-09-27,1153.7554531977976,1155.69943879712,1137.328751153231,1147.4375,2165043
2023-09-28,1147.437599741524,1151.8115677202084,1126.4425771741344,1131.4483642578125,1303811
2023-09-29,1137.1344377706796,1165.6137565544827,1132.3716491640732,1152.9293212890625,1878381
2023-10-03,1150.839683954731,1152.492024553869,1138.1551281532504,1149.67333984375,1581125
2023-10-04,1145.1048304118733,1151.8116052614128,1128.775420616776,1134.3643798828125,999123
2023-10-05,1137.3288687184083,1140.0990247534994,1122.8947978816896,1128.5809326171875,1446743
2023-10-06,1132.3718424409192,1148.6040780436397,1127.9492268403183,1130.4278564453125,928951
2023-10-09,1126.5397603905576,1134.1698808527265,1119.3956363737686,1127.0257568359375,822110
2023-10-10,1127.609054979977,1131.0110304781977,1118.2779459151548,1122.7005615234375,822199
2023-10-11,1118.7638706232747,1142.0917011141164,1114.389902406242,1139.1270751953125,1465239
2023-10-12,1146.0282542257034,1153.1237310687318,1120.1731486604017,1125.4705810546875,2533930
2023-10-13,1123.6237614737208,1136.454019939994,1117.7918042342378,1135.044677734375,940547
2023-10-16,1133.6352622184718,1137.3287637070741,1126.3453161405466,1131.7884521484375,802207
2023-10-17,1135.287706047614,1145.056282143289,1128.1435819701612,1140.6336669921875,877856
2023-10-18,1151.8115855881201,1185.2966935060194,1143.2094721602257,1176.694580078125,7367540
2023-10-19,1176.5975048681435,1190.6914031090257,1156.3314749210342,1189.0390625,2157683
2023-10-20,1187.629609434261,1187.629609434261,1164.6905986327556,1166.5859375,692067
2023-10-23,1166.3915014812806,1176.3057817832798,1145.4450066399208,1150.645263671875,957929
2023-10-25,1151.325535207866,1155.4565048360919,1121.728400273284,1125.0330810546875,1433911
2023-10-26,1122.4574852642368,1122.6518363900323,1100.2959989554256,1118.6180419921875,2016469
2023-10-27,1119.73582872046,1164.3503268763363,1117.0628482265524,1141.3626708984375,1775011
2023-10-30,1152.7836025538977,1178.4442393595923,1144.521662737955,1160.02490234375,2853500
2023-10-31,1166.3428323866178,1172.3206124493106,1157.7407189556584,1166.3914794921875,1720955
2023-11-01,1166.39145421436,1174.8477447968244,1153.3181974589638,1167.6064453125,1051902
2023-11-02,1171.73746362638,1177.9095949305326,1161.1913641875792,1174.6534423828125,1556467
2023-11-03,1180.9713608581058,1185.5883270836828,1170.2794390725592,1172.5635986328125,772013
2023-11-06,1178.006830052525,1182.9154420012921,1163.71858088418,1170.376708984375,1262938
2023-11-07,1171.25146585734,1183.4013773288893,1167.1204959570134,1182.3807373046875,1210644
2023-11-08,1187.775299342768,1207.6039778247753,1185.8313135827962,1206.2431640625,1107006
2023-11-09,1207.215293813175,1210.1312727837383,1197.4953639112978,1203.47314453125,751433
2023-11-10,1203.1814241116404,1207.215218499564,1195.5513033449786,1205.368408203125,576673
2023-11-13,1208.1872434831055,1208.1872434831055,1196.1831542149982,1205.805908203125,689808
2023-11-15,1224.711038164385,1224.711038164385,1203.03554931406,1206.97216796875,1323010
2023-11-16,1206.2918747655096,1211.3948376544754,1198.1271104128684,1200.2169189453125,1251094
2023-11-17,1201.38335109088,1220.9203867108463,1200.8973545896297,1214.4080810546875,992848
2023-11-20,1206.7292265855463,1220.8231241171534,1206.243230118939,1212.17236328125,848916
2023-11-21,1212.0265435297856,1219.8511341215963,1207.3610486300101,1218.150146484375,594738
2023-11-22,1221.7464931781162,1247.60160061451,1218.8791614311958,1235.8890380859375,1735497
2023-11-23,1234.4309974019718,1234.4309974019718,1131.934392361746,1137.863525390625,7643376
2023-11-24,1156.720230261047,1171.2514770594075,1145.0076680298607,1165.079345703125,5331201
2023-11-28,1166.3915247188534,1169.0645052963341,1154.727609471665,1158.9072265625,1691543
2023-11-29,1165.1765655995705,1173.001156420395,1158.3726148515436,1167.898193359375,2173427
2023-11-30,1166.391485709326,1183.547184208596,1164.5446754599907,1178.3470458984375,3219799
2023-12-01,1179.464830336458,1183.7416231650345,1169.79354767708,1171.931884765625,1078680
2023-12-04,1178.3469987131418,1184.9564790099405,1172.4663944142471,1182.4293212890625,2097408
2023-12-05,1188.3584531407973,1194.579231207731,1181.9433239614327,1190.1566162109375,2132150
2023-12-06,1190.6913077466438,1195.4054496021208,1167.3634780438524,1171.44580078125,1416770
2023-12-07,1172.2235705505084,1190.691437748236,1163.4756334568478,1188.5531005859375,1269290
2023-12-08,1190.6913249170136,1196.7176335498793,1170.2794736327219,1184.95654296875,1453955
2023-12-11,1183.4986185408543,1184.8107853222737,1161.5802482212214,1168.627197265625,1565455
2023-12-12,1176.694613720425,1180.2424116343448,1161.7258989140169,1165.079345703125,899911
2023-12-13,1165.0792723641907,1183.838663483935,1161.725825786174,1182.4293212890625,1809563
2023-12-14,1184.9079761838511,1188.3099512878514,1167.4606326738792,1170.9112548828125,1809248
2023-12-15,1180.9713701576256,1183.4985279601779,1169.161632725754,1173.2926025390625,1976112
2023-12-18,1171.834677102145,1184.8107592578083,1158.7127722736464,1182.7210693359375,1995091
2023-12-19,1185.296694166847,1205.4170183830215,1178.2497456434971,1202.452392578125,1738507
2023-12-20,1204.2992644379601,1213.0472009835144,1196.523320841912,1201.57763671875,2484819
2023-12-21,1201.577591167917,1201.577591167917,1172.0776299990255,1187.6295166015625,1580136
2023-12-22,1195.5998954457039,1207.701159401247,1187.4351314828368,1200.994384765625,1969524
2023-12-26,1205.2712021124407,1214.9911311617345,1197.3494362069705,1210.08251953125,820163
2023-12-27,1212.0751467699195,1215.3312992558865,1202.0635724354472,1205.0281982421875,2528609
2023-12-28,1205.0282702943339,1228.4047484067353,1205.0282702943339,1225.48876953125,2592699
2023-12-29,1228.59900192856,1232.0981525708464,1207.2638056452165,1211.394775390625,1794218
2024-01-01,1217.3724770295821,1221.6007411244104,1211.7835177770621,1215.963134765625,343584
2024-01-02,1219.9483084628696,1249.010920937151,1217.0323296591253,1245.6575927734375,2589484
2024-01-03,1254.8428136438956,1270.3946997928517,1238.3675817154353,1263.736572265625,2357093
2024-01-04,1267.4788414443508,1271.3668133506217,1250.6147870311975,1260.334716796875,1248143
2024-01-05,1263.590749064363,1265.0973854949914,1240.4087425137466,1250.857666015625,1013196
2024-01-08,1260.3347291624193,1260.6749029772582,1230.7374715446513,1236.132080078125,740848
2024-01-09,1248.0388754212483,1258.7307972511812,1237.735774479063,1253.239013671875,1133466
2024-01-10,1259.7027839416003,1294.208531495556,1258.0504434911559,1291.972900390625,3625567
2024-01-11,1302.324836563125,1302.470659247817,1285.9954248619586,1288.5225830078125,1097204
2024-01-12,1287.1129365649974,1288.5223974453838,1263.9795769902817,1271.36669921875,2051301
2024-01-15,1279.142592419584,1290.5635084233302,1270.0058358862927,1276.3724365234375,762036
2024-01-16,1276.3724482819168,1277.587439357338,1261.8897309326,1265.8748779296875,1030845
2024-01-17,1262.95892724989,1276.1294782590091,1246.1920500386627,1257.7587890625,2073596
2024-01-18,1249.0595135271737,1290.028919010418,1232.3898116963828,1285.89794921875,1723297
2024-01-19,1293.674035640063,1293.674035640063,1279.7259598230492,1290.758056640625,1135846
2024-01-23,1346.2101348162205,1385.0898499011655,1330.3666034585158,1369.5379638671875,7556815
2024-01-24,1369.5380574563744,1383.1946057737894,1355.7843335749014,1377.6541748046875,1808713
2024-01-25,1373.7662053777574,1373.8633809419816,1315.592451337426,1331.2901611328125,1801468
2024-01-29,1326.7703154141338,1326.7703154141338,1288.1822445436324,1299.40869140625,2480508
2024-01-30,1307.330416936253,1314.1343670615718,1277.3444604713927,1280.2117919921875,1908926
2024-01-31,1280.2118908472298,1315.0092859214253,1275.2547505320133,1313.1624755859375,1723379
2024-02-01,1321.6186175926082,1355.7841896619623,1314.1829672849417,1348.785888671875,2784507
2024-02-02,1348.1542122343087,1365.358439868559,1346.2102263478857,1353.64599609375,1161705
2024-02-05,1361.421956885075,1406.4738066433185,1355.2498253477938,1393.74072265625,2369316
2024-02-06,1404.383783799984,1405.4044237081646,1372.9884873172448,1385.527099609375,979752
2024-02-07,1395.7818534155083,1404.0437933556418,1381.0561367330915,1398.454833984375,890299
2024-02-08,1407.4457674124687,1416.8740514048463,1377.945805617234,1380.42431640625,1447767
2024-02-09,1388.1030169587352,1407.0083497849412,1377.3625667578315,1399.4267578125,1215784
2024-02-12,1399.6698575535809,1412.0627677506698,1385.0899632040644,1394.56689453125,453460
2024-02-13,1398.6978615944145,1422.5603360891587,1389.9499250034835,1416.9227294921875,981536
2024-02-14,1414.0553157536456,1414.0553157536456,1370.947335797547,1385.4300537109375,1113254
2024-02-15,1385.4301390304088,1397.6772265715786,1372.4540567706993,1382.51416015625,1402161
2024-02-16,1389.9498212792955,1408.417686037552,1385.9646741933352,1400.35009765625,857301
2024-02-19,1404.4811553257334,1432.3287768689843,1398.6491976685704,1429.1697998046875,888909
2024-02-20,1433.689540971401,1437.5775126079336,1395.7818175152079,1410.9935302734375,1550412
2024-02-21,1411.3337000587537,1421.5396255757075,1393.3031841848774,1406.765380859375,1074054
2024-02-22,1414.7843962629977,1415.2217456331286,1380.7646427622012,1412.597412109375,1582836
2024-02-23,1415.3675168869413,1440.8336839789054,1409.1467384567845,1425.3304443359375,1308103
2024-02-26,1432.2316359481774,1439.7159343286428,1420.616367460634,1428.683837890625,898290
2024-02-27,1432.1828710741229,1449.2413936918504,1428.5378977499481,1445.790771484375,1231196
2024-02-28,1449.6787951756507,1452.1087774791747,1428.8295944720082,1435.633544921875,1083605
2024-02-29,1434.6128559987656,1448.2694035397135,1410.7505017823355,1438.8896484375,4923680
2024-03-01,1452.1573574188649,1452.1573574188649,1419.1095996195065,1429.704345703125,1982189
2024-03-04,1441.4653933360146,1453.420952824946,1428.58648810223,1430.2874755859375,1147249
2024-03-05,1424.1153916164026,1438.257816827076,1412.1113032807702,1432.182861328125,1306046
2024-03-06,1434.661531426212,1448.172256570345,1407.5915526834588,1443.6524658203125,1158132
2024-03-07,1443.6524895339205,1448.706805275198,1434.1755585304156,1441.611328125,1569074
2024-03-11,1451.1855110871675,1476.4573284269306,1446.860189810764,1461.974609375,2183994
2024-03-12,1469.653280503795,1471.5972663245673,1419.1096491637174,1424.6986083984375,1855916
2024-03-13,1428.8295645377548,1437.5775006471697,1408.4177136157869,1430.0445556640625,1720173
2024-03-14,1426.0108371547349,1459.3987713491883,1413.6179270079936,1454.7332763671875,1748907
2024-03-15,1452.9349752454664,1454.2956703289037,1424.9901805078323,1446.3740234375,1537072
2024-03-18,1447.2974609505386,1453.9555887363683,1429.80158835342,1446.7628173828125,996530
2024-03-19,1441.0281991185714,1445.159169166493,1391.0190905240167,1395.490234375,1647925
2024-03-20,1395.5874518611677,1404.4325635118762,1375.953124110251,1377.7027587890625,1728210
2024-03-21,1387.0338996861242,1414.346877063873,1380.4243003559698,1408.1260986328125,1699939
2024-03-22,1412.305726117484,1447.8806435956533,1410.41038736615,1439.7645263671875,1746930
2024-03-26,1431.7454741327847,1439.7644151793534,1419.1095670291008,1431.0164794921875,1635695
2024-03-27,1442.4375226637362,1454.1014379413407,1417.1657062289269,1422.3658447265625,1642266
2024-03-28,1430.7736039443485,1471.7916584446602,1420.2275043031798,1455.0247802734375,2110407
2024-04-01,1467.7092192590972,1467.7092192590972,1451.9629823806151,1456.6771240234375,563831
2024-04-02,1460.8080605448113,1460.8080605448113,1441.7570246426849,1447.6861572265625,614238
2024-04-03,1451.5254955807895,1459.4959081239008,1425.9135077706899,1430.2874755859375,1465540
2024-04-04,1437.577578773424,1439.715915811344,1404.6269939069414,1418.67236328125,1474799
2024-04-05,1398.6977687679732,1432.7175199193834,1397.2397794329129,1408.8065185546875,1211684
2024-04-08,1416.3394756262687,1431.5997166704763,1408.806530663709,1421.490966796875,1039235
2024-04-09,1426.6426256841046,1428.8296097807076,1406.5709479116508,1409.681396484375,1225255
2024-04-10,1412.4515476683287,1414.5413561947344,1366.6220573628832,1383.0972900390625,2493253
2024-04-12,1383.1459775788446,1384.944140818696,1349.1262240895546,1357.6798095703125,2190583
2024-04-15,1351.0215279453948,1359.8181114378042,1337.0249246502076,1342.7110595703125,1125072
2024-04-16,1346.2101480626307,1352.9654511645208,1333.1368911972697,1336.6845703125,1433760
2024-04-18,1337.4621879224962,1344.8979571016332,1304.8032512500322,1309.5660400390625,2974196
2024-04-19,1309.2744393700364,1319.6747159638326,1297.6105245426866,1308.0594482421875,1173025
2024-04-22,1312.4333974596293,1323.805666792431,1310.2464134609,1316.904541015625,974434
2024-04-23,1331.387271842175,1331.387271842175,1306.8444511712387,1308.9827880859375,1031497
2024-04-24,1315.5437236400176,1362.6368501412758,1314.3287325329388,1359.0404052734375,4415480
2024-04-25,1367.5939259122938,1370.947253749785,1345.3352661454742,1366.8162841796875,2027213
2024-04-26,1373.5231624386438,1377.5083096539943,1362.0050701431085,1369.683837890625,695034
2024-04-29,1379.2579622268677,1380.3271307153523,1353.4029741211984,1368.5660400390625,1082487
2024-04-30,1375.4187028255844,1379.209380496123,1355.97884338083,1360.7901611328125,1327606
2024-05-02,1360.7900593567465,1386.0618747448004,1358.991896222892,1380.278564453125,1540210
2024-05-03,1388.0059008433498,1393.8378584099185,1375.564343907411,1384.846923828125,804513
2024-05-06,1390.9219127355937,1391.7480830135605,1365.6987431203736,1383.5347900390625,929301
2024-05-07,1383.5347251041674,1388.832038977346,1339.1632252478937,1348.3485107421875,1085239
2024-05-08,1336.5388794528767,1358.991891626019,1336.5388794528767,1345.9671630859375,1497782
2024-05-09,1348.9803415058987,1353.2084869500652,1315.106412194813,1320.7440185546875,1152636
2024-05-10,1332.942382763877,1357.7768477589582,1280.3575928497082,1302.0330810546875,5080539
2024-05-13,1332.6022711730702,1386.013233778825,1331.1929289230843,1375.02978515625,7910590
2024-05-14,1370.5100468001408,1370.5100468001408,1312.2876459043632,1319.3345947265625,3721994
2024-05-15,1355.9300986680826,1388.4432137884573,1347.862510118642,1367.3023681640625,7893092
2024-05-16,1369.537982026776,1385.9646855982724,1348.4457837741081,1381.299072265625,3226214
2024-05-17,1377.41122332472,1380.1328511196268,1357.2910161709337,1359.8668212890625,3443452
2024-05-21,1370.5100969740815,1405.4531970214432,1357.2910162229268,1401.905517578125,2939271
2024-05-22,1410.3130832133552,1452.9350677792906,1396.9968276378445,1440.78515625,4216347
2024-05-23,1440.493464404022,1462.4119515557802,1421.7339541478868,1447.4432373046875,4389470
2024-05-24,1447.4432997659824,1452.0602661972819,1437.6261948739368,1444.81884765625,758326
2024-05-27,1449.241393099917,1450.7480295338842,1433.8838580397437,1437.2373046875,1393334
2024-05-28,1441.416867832534,1452.886431865134,1433.8839226263426,1438.014892578125,784496
2024-05-29,1433.9325746361185,1455.6565929618243,1431.3567696329628,1451.7200927734375,1607691
2024-05-30,1453.1779253581446,1454.6359146005423,1413.27757229728,1425.524658203125,1732140
2024-05-31,1425.8649507781952,1431.4539100064396,1399.6697893342327,1406.6680908203125,3270743
2024-06-03,1440.493440595963,1441.4654334708591,1405.5503442040392,1411.673828125,1335614
2024-06-04,1419.1096274917143,1435.584859610565,1378.8205694320777,1421.5882568359375,2049577
2024-06-05,1448.2694768186677,1471.5973073177604,1425.7678165861216,1455.0247802734375,1834280
2024-06-06,1457.9893821142941,1458.9613750357037,1422.997636943551,1435.633544921875,1605122
2024-06-07,1442.4375,1461.294186466145,1437.869180715309,1455.31640625,1591055
2024-06-10,1464.6961684884614,1497.695280968502,1459.933379405909,1491.2801513671875,2751606
2024-06-11,1501.7291079282643,1503.1384502453384,1484.2332348261875,1487.3922119140625,1699446
2024-06-12,1499.2503476964605,1505.6169484250834,1489.093069714156,1497.7923583984375,1578793
2024-06-13,1506.5890621273104,1507.5610550706183,1477.8180947356918,1501.291748046875,1525789
2024-06-14,1501.7290433806568,1523.1128873640707,1492.7867560845477,1520.9259033203125,1845043
2024-06-18,1526.0289663509798,1532.7842700471622,1519.808187598615,1530.694580078125,2068897
2024-06-19,1533.2216759102114,1537.6928196707404,1509.8938455232976,1516.1146240234375,1881544
2024-06-20,1514.3649826939638,1515.4827982921022,1496.869109979913,1501.583251953125,1705002
2024-06-21,1506.4918495688953,1519.1277575216031,1490.5511419597988,1498.375732421875,2613883
2024-06-24,1485.2052455180096,1485.2052455180096,1453.178124889717,1462.2662353515625,1283529
2024-06-25,1469.2644935372366,1475.2909209116783,1453.6154310489517,1457.69775390625,1199626
2024-06-26,1461.5856843592387,1464.9876595280684,1433.6895354354253,1437.6746826171875,1930909
2024-06-27,1439.5214919664315,1444.5758076106517,1424.2612508221118,1439.42431640625,2792582
2024-06-28,1444.6731094419388,1450.4077726891542,1434.7101821154845,1439.3271484375,2087765
2024-07-01,1443.3608173833647,1451.8657553054393,1430.9679078397703,1437.6746826171875,1313651
2024-07-02,1438.5493915918635,1450.942300201861,1437.820396967746,1446.9571533203125,1191962
2024-07-03,1452.1573851819187,1457.9893425521273,1433.3006992879493,1442.1944580078125,1061247
2024-07-04,1436.3624637725484,1447.2487364569447,1425.9135404191024,1439.2784423828125,1498413
2024-07-05,1445.3534000571262,1473.5411933332907,1444.3814071855343,1467.612060546875,2188675
2024-07-08,1473.541371249214,1481.949134333935,1441.6599537510372,1445.4022216796875,1524489
2024-07-09,1454.9761882078153,1472.56923587644,1445.6450801464184,1469.701904296875,1791406
2024-07-10,1469.750411639313,1474.7561987067902,1450.4563766816332,1470.819580078125,671042
2024-07-11,1474.5132108285607,1476.457196604208,1453.1293672964393,1463.8212890625,1314312
2024-07-12,1463.8699469270673,1472.56923587644,1460.322149130139,1469.701904296875,1192685
2024-07-15,1474.1244695676635,1489.0445374713665,1470.8683169478688,1474.7076416015625,1825510
2024-07-16,1474.7076252613404,1481.7545740006194,1461.002548684901,1468.09814453125,963199
2024-07-18,1455.0734910828676,1470.6253787631122,1443.9927473803962,1464.4532470703125,2169744
2024-07-19,1459.544570366809,1463.8213630196062,1438.7438977861677,1443.8955078125,868261
2024-07-22,1433.7380420583606,1464.8418119828573,1429.461249963449,1448.269287109375,1328847
2024-07-23,1448.2693528382877,1461.877252797842,1433.8352826829116,1455.9481201171875,1241630
2024-07-24,1453.4695913816433,1468.9729496698899,1443.4094883747816,1461.391357421875,2266300
2024-07-25,1456.0454529105066,1466.4457301135594,1448.0751581055022,1458.0380859375,2200932
2024-07-26,1462.6064103965155,1555.188740079365,1458.9614367869544,1530.888916015625,4687416
2024-07-29,1543.5246262399296,1544.4966190776122,1485.9826977097089,1510.42822265625,3983153
2024-07-30,1510.4770779837584,1520.2456548096918,1483.261274776844,1486.080078125,2988651
2024-07-31,1487.2463354711717,1505.1796759433264,1480.8798530689803,1501.0487060546875,1645138
2024-08-01,1502.652387515373,1509.018988518506,1492.543756201069,1502.8953857421875,1529481
2024-08-02,1498.778518564061,1510.9334500365703,1493.5832279617493,1498.58251953125,1353707
2024-08-05,1442.905107204811,1497.7491766978533,1442.905107204811,1485.104248046875,1719770
2024-08-06,1483.0946397515404,1511.8644953155474,1475.9388808044705,1501.62109375,1775016
2024-08-07,1501.8171611918447,1526.1270231603692,1501.8171611918447,1522.84326171875,1359682
2024-08-08,1514.4622650751921,1558.2297583501331,1514.4622650751921,1538.9190673828125,3541556
2024-08-09,1543.6732050915864,1549.946609623547,1530.6360395049685,1543.6241455078125,956684
2024-08-12,1543.575216339854,1561.513555518617,1539.9974561477102,1554.89697265625,1731555
2024-08-13,1568.3751500005164,1574.9426730781324,1548.7704606255102,1552.1522216796875,2281463
2024-08-14,1565.4343596929118,1565.4343596929118,1524.2645142908439,1532.890625,896638
2024-08-16,1536.0272787381643,1549.2113833314613,1529.165638054586,1544.9473876953125,909870
2024-08-19,1547.251018762664,1553.6225426836415,1538.673967330579,1544.359375,742635
2024-08-20,1545.3396975849237,1547.7902838481411,1527.401358275159,1531.95947265625,1413845
2024-08-21,1534.70416827839,1564.6013205171278,1530.1460539236007,1563.0819091796875,1074905
2024-08-22,1567.394980276154,1567.394980276154,1544.898646152089,1554.4559326171875,906819
2024-08-23,1548.8195122065106,1554.455860372692,1537.4486967017574,1543.42822265625,770573
2024-08-26,1538.9681342062017,1564.4542306962408,1535.5863731118816,1562.4447021484375,658120
2024-08-27,1555.1419891078192,1587.7838448733144,1555.1419891078192,1566.4637451171875,1570234
2024-08-28,1572.2960507665266,1597.7821463525177,1563.6699397821042,1586.21533203125,1433847
2024-08-29,1589.9402325727674,1609.8390392034871,1577.197185086056,1586.5584716796875,2749546
2024-08-30,1583.0786838269785,1630.8160550985635,1583.0786838269785,1622.1900634765625,3296701
2024-09-02,1636.0113663683153,1648.362297030123,1609.5450350969286,1614.1031494140625,1306971
2024-09-03,1610.8193341533445,1627.0421426534217,1610.8193341533445,1620.5235595703125,1264708
2024-09-04,1602.7323414790917,1625.2286736280023,1598.566345180588,1619.249267578125,1019049
2024-09-05,1618.4649873009898,1627.1400377740692,1591.3125423948495,1595.5765380859375,1081756
2024-09-06,1595.5765315218794,1599.693468105127,1576.265961863166,1579.2066650390625,913336
2024-09-09,1579.2067216992614,1604.447758197994,1578.1774276877602,1588.1268310546875,1003511
2024-09-10,1600.7227881188487,1611.8484247171357,1592.1947966330301,1599.7425537109375,1248269
2024-09-11,1594.9393798427016,1619.6413586958517,1592.1457357140025,1596.1646728515625,1243738
2024-09-12,1602.683313921901,1627.189174991043,1598.3213185146035,1624.4935302734375,1728200
2024-09-13,1626.1109037895123,1636.207246524228,1611.0152697851806,1626.89501953125,747149
2024-09-16,1628.365424438527,1638.8049452879297,1621.45484334373,1626.60107421875,683436
2024-09-17,1627.1891672129577,1649.7345592888,1623.9543457042837,1638.7559814453125,958137
2024-09-18,1639.9322414411274,1639.9322414411274,1605.6730951389452,1618.9552001953125,1084127
2024-09-19,1627.189232767528,1635.0311085880944,1600.4778432537237,1605.3299560546875,2048750
2024-09-20,1613.3679303420572,1619.9354533964474,1577.9814900768188,1606.26123046875,2504382
2024-09-23,1614.2990355790143,1631.9432551929374,1605.6239848670066,1625.375732421875,1129445
2024-09-24,1592.8809930964358,1626.7970813871684,1592.8319335105607,1605.1829833984375,1476260
2024-09-25,1605.6240201576484,1616.406599047596,1586.2643898779697,1610.72119140625,759761
2024-09-26,1610.721307666874,1619.7884769333366,1570.6298117174065,1589.744384765625,2613098
2024-09-27,1597.9292331129448,1645.8627222648117,1597.7821740120517,1639.442138671875,3866952
2024-09-30,1641.8926854266228,1645.7156236704643,1613.7600048885913,1621.40576171875,1313437
2024-10-01,1627.1892460514762,1634.099947037779,1618.9063125113948,1631.943359375,945740
2024-10-03,1628.414549365246,1644.8334771015097,1607.9276245568499,1623.8074951171875,1533472
2024-10-04,1612.5837621190149,1623.660459901407,1546.1239343972584,1591.2147216796875,2371220
2024-10-07,1590.920553051803,1612.3386524007542,1580.1870334127088,1592.5379638671875,1553239
2024-10-08,1592.5379386019215,1620.523560626899,1591.7537031712893,1608.2706298828125,1239808
2024-10-09,1598.2723332013236,1668.408158703437,1598.2723332013236,1647.2840576171875,1671718
2024-10-10,1660.468136688538,1660.5171962751701,1582.1964379975097,1586.901611328125,2288313
2024-10-11,1570.4335712030934,1581.902385936922,1542.6439487816453,1564.2091064453125,1894245
2024-10-14,1568.3751241551606,1574.2074712851022,1539.9973846154885,1566.855712890625,2301224
2024-10-15,1570.237563797063,1573.2272070263268,1537.0075925520916,1540.6834716796875,2206500
2024-10-16,1530.5381498309953,1541.9088459330706,1519.755570488806,1531.322265625,2519123
2024-10-17,1531.3221779251771,1547.496046012173,1521.4708937030662,1527.891357421875,1498368
2024-10-18,1518.4322595266622,1531.1753076862615,1505.9832099146902,1521.02978515625,1879293
2024-10-21,1521.3238246000822,1530.3909930134525,1487.1626788876995,1493.6322021484375,1297970
2024-10-22,1492.8970599752504,1496.523879559324,1471.8220194043588,1480.4970703125,1757792
2024-10-23,1475.0077188151063,1484.1728865572497,1453.001504317324,1456.2362060546875,1925211
2024-10-24,1466.4306524000726,1478.1934651198592,1452.756430476328,1462.8038330078125,1178365
2024-10-25,1462.804012684398,1476.9683535446097,1449.5708467492047,1459.47119140625,1175088
2024-10-28,1467.2149882327828,1483.290737657793,1442.6110075499994,1473.439453125,928896
2024-10-29,1480.1540190134078,1487.1627192601088,1421.3399520327425,1448.345458984375,3475282
2024-10-30,1411.5376289000528,1411.5376289000528,1375.2689537130377,1390.217529296875,5064434
2024-10-31,1529.2148514853711,1534.9981392030652,1488.0450032419565,1521.078857421875,17447689
2024-11-01,1534.164838511136,1542.3497718356514,1521.078733177028,1528.724609375,538362
2024-11-04,1552.6913022320316,1571.2666964001453,1532.1063796645615,1553.2794189453125,4190449
2024-11-05,1552.2992887940122,1578.1284432474,1546.4669415378542,1569.5513916015625,2238168
2024-11-06,1578.3734147617513,1580.4809426956426,1549.7506175690883,1562.542724609375,2074821
2024-11-07,1568.375150182147,1570.3356191198748,1527.744479310752,1544.99658203125,1512145
2024-11-08,1543.96723527108,1566.169569164453,1537.6937109529988,1561.121337890625,1718495
2024-11-11,1558.6708287478382,1568.1301154479472,1513.9721602183806,1522.108154296875,1725382
2024-11-12,1520.392735594087,1526.176023290657,1491.8678165464594,1495.004638671875,2782808
2024-11-13,1486.5256446169594,1495.7398730057027,1471.5280086480182,1475.841064453125,1552443
2024-11-14,1467.4109227351694,1487.0156110816647,1460.7943404182272,1470.1065673828125,1469143
2024-11-18,1467.9010114944788,1475.3998285731832,1431.9753968642954,1436.2884521484375,1760344
2024-11-19,1436.0435275569232,1456.4813927377459,1428.0545925335475,1442.464111328125,1116002
2024-11-21,1440.9446243083098,1448.8844993270752,1425.1138141981796,1436.5335693359375,1363706
2024-11-22,1437.0236033809495,1466.5776939167745,1431.1912566736175,1457.118408203125,704859
2024-11-25,1466.3327887375146,1477.703484821885,1458.0987951393395,1473.5865478515625,2453548
2024-11-26,1485.05519905713,1485.05519905713,1460.598397272302,1463.1959228515625,873585
2024-11-27,1457.7066383249178,1472.3121556782648,1439.474301340567,1461.6766357421875,1676606
2024-11-28,1455.7461775413033,1475.2528672928267,1444.7675994151582,1463.2449951171875,4358321
2024-11-29,1460.5493482301715,1517.1088288187586,1460.5493482301715,1503.5816650390625,3256635
2024-12-02,1501.7191587649272,1517.8930269892232,1474.5667126998765,1477.8994140625,5328936
2024-12-03,1487.0647382875622,1518.775299198504,1478.6836857753112,1503.5816650390625,1951182
2024-12-04,1499.7586719049093,1506.3752542809605,1462.7548223203275,1471.184814453125,2971135
2024-12-05,1477.2132817062616,1477.2132817062616,1441.0426074131371,1468.63623046875,4084059
2024-12-06,1483.33974448273,1483.33974448273,1446.8260121305202,1448.1983642578125,3768932
2024-12-09,1450.7470570168907,1455.4031708823165,1438.2981267555017,1439.9644775390625,2144057
2024-12-10,1447.757233226207,1449.7667617258219,1423.594549590131,1426.4371337890625,3397465
2024-12-11,1427.3193556144934,1438.8861699623899,1419.3794805182376,1425.35888671875,2448702
2024-12-12,1431.1423320057393,1432.465624614102,1410.1652903311358,1416.8309326171875,2651833
2024-12-13,1416.5367718026046,1420.8498272898705,1395.6578499294587,1418.693359375,1318852
2024-12-16,1419.379498996351,1428.7407859584052,1407.7146849833148,1419.820556640625,2076469
2024-12-17,1440.9446089278047,1453.6876564897514,1419.3794515152797,1422.173095703125,3500888
2024-12-18,1426.2411376946304,1453.638642957781,1424.4766678056058,1443.2972412109375,2499842
2024-12-19,1421.3399123521328,1480.2030372749664,1421.2419128414062,1476.772216796875,3426222
2024-12-20,1476.7723134151283,1476.8212533449325,1440.0135201734806,1442.9542236328125,2196991
2024-12-23,1444.8165339789678,1461.5295793794837,1429.9660776408718,1446.8751220703125,760728
2024-12-24,1446.8259912200365,1458.1966864607223,1432.4165932355281,1446.5809326171875,909994
2024-12-26,1446.5809833164435,1465.401436811845,1437.2687560818129,1461.0885009765625,1254464
2024-12-27,1459.17694726789,1482.849632662827,1454.6678928254075,1476.8211669921875,1446303
2024-12-30,1479.1738040836508,1496.5239062088974,1465.5485211218188,1491.3287353515625,1501086
2024-12-31,1487.897985333337,1505.5911464285352,1484.663163590209,1498.778564453125,1664122
2025-01-01,1501.670109078493,1517.2558606743276,1488.6820026915514,1498.87646484375,1578715
2025-01-02,1504.561860167742,1512.9427928033663,1497.0630427987446,1507.5025634765625,1448048
2025-01-03,1508.5807777120813,1508.5807777120813,1475.3508068251253,1481.3792724609375,1581838
2025-01-06,1470.351622899159,1479.4187912403706,1450.256817386204,1461.921630859375,981443
2025-01-07,1460.5492304218353,1480.1539180785044,1458.5397020740197,1467.8519287109375,1045516
2025-01-08,1475.1548838021547,1483.0947591097695,1458.1478396103594,1465.3525390625,1277871
2025-01-09,1460.6472593354463,1469.7634871423388,1451.7271502035792,1458.7847900390625,995821
2025-01-10,1453.7857136971159,1468.0971129800785,1436.1905528820648,1439.7684326171875,930723
2025-01-13,1431.142343047785,1435.0142213868546,1407.9597736278681,1410.75341796875,873093
2025-01-14,1407.6167659137022,1423.251458591304,1406.0973545498766,1419.134521484375,1028726
2025-01-15,1426.1920316527448,1426.2410912371024,1401.5881714673758,1418.59521484375,1126634
2025-01-16,1423.0554405135765,1425.5550863606154,1402.568515458093,1414.968505859375,1080833
2025-01-17,1414.968469839417,1420.996935814229,1405.6562422928464,1413.792236328125,658778
2025-01-20,1413.792239923125,1420.898939910947,1400.6570739451615,1416.8798828125,738447
2025-01-21,1421.8300551727039,1435.8474555272473,1396.8340769535353,1399.7747802734375,820225
2025-01-22,1402.8135906226257,1412.4688766648164,1392.1290104765708,1410.9495849609375,808605
2025-01-23,1404.234827310814,1429.377743760874,1404.234827310814,1422.4671630859375,1070838
2025-01-24,1416.683841961068,1422.320190060896,1380.1701086187054,1383.5029296875,1615412
2025-01-27,1380.2681851760528,1386.9338276857043,1356.8405565306264,1368.50537109375,1448841
2025-01-28,1367.4760784037883,1443.8853037429255,1339.098220089684,1392.52099609375,5627159
2025-01-29,1411.5376204950912,1426.2411373752486,1382.718703478478,1395.8048095703125,3775947
2025-01-30,1402.715545968275,1440.7486917932497,1397.8143735504962,1428.6427001953125,1773294
2025-01-31,1431.14224194659,1461.5295087276477,1423.3983661579775,1450.1588134765625,2083385
2025-02-01,1450.158863687741,1457.118504324486,1399.0396133852153,1411.0474853515625,1306859
2025-02-03,1406.6365086422393,1410.8515648586747,1378.3567672257814,1392.47216796875,1757831
2025-02-04,1397.7163614549606,1434.3280951547763,1395.363774784093,1420.4088134765625,1750660
2025-02-05,1429.03486575153,1429.1819248604918,1401.0492421038234,1408.4010009765625,2516488
2025-02-06,1415.4094114580041,1446.1398555684607,1409.7241237427947,1442.4149169921875,2918537
2025-02-07,1444.3754395277476,1452.5603731259725,1426.2411024858316,1443.150146484375,1445335
2025-02-10,1447.0220585576026,1448.3944107298537,1403.2546857484115,1430.0150146484375,1282801
2025-02-11,1436.0434888344078,1438.9841922245123,1414.87044835716,1424.427734375,1938792
2025-02-12,1424.427661790014,1433.396830604294,1406.7834423484885,1420.5556640625,1791670
2025-02-13,1420.5556723103632,1463.4899877303646,1418.4972039617378,1443.0521240234375,1879916
2025-02-14,1448.7865466960259,1450.8940747380839,1410.1163447165757,1430.6031494140625,1703559
2025-02-17,1428.6425820297277,1451.43303188736,1422.614236180499,1445.502685546875,1113888
2025-02-18,1445.5027213057615,1454.5208301686487,1437.121669094229,1452.805419921875,967394
2025-02-19,1426.1920982049974,1444.8656127731158,1398.1574162170245,1435.2103271484375,1210464
2025-02-20,1433.1027788011947,1453.687702436506,1432.6126615717826,1450.452880859375,1652209
2025-02-21,1459.5690385681805,1472.3120859163243,1439.6212922277823,1446.5809326171875,1413123
2025-02-24,1431.142351632597,1459.5691517677649,1428.789764931284,1447.561279296875,1403090
2025-02-25,1441.9248426916681,1453.0995390954263,1425.8489741509566,1434.426025390625,992994
2025-02-27,1423.3004369594494,1435.3573686892653,1407.6166855879953,1412.6649169921875,1260808
2025-02-28,1411.5376748445826,1420.0656671004228,1372.3282949877887,1379.6800537109375,3340343
2025-03-03,1372.3281861820453,1390.0704052290373,1368.4072485072395,1379.72900390625,854264
2025-03-04,1374.7297080111787,1377.229353633451,1361.839721174719,1374.0926513671875,1456530
2025-03-05,1367.5250629858247,1403.5977387597788,1365.564594077621,1391.6878662109375,2187830
2025-03-06,1396.7849914316482,1435.504251091383,1391.6878203014767,1432.857666015625,1525159
2025-03-07,1436.9746833805782,1442.0229148675287,1422.8594026408912,1429.6229248046875,678497
2025-03-10,1429.5249569703628,1452.9035258283168,1428.2016643288807,1433.8380126953125,905854
2025-03-11,1419.3794776986426,1430.1620566038118,1409.5771332393979,1417.1739501953125,1231247
2025-03-12,1413.4980006926523,1428.2015166499268,1409.3320045047578,1425.554931640625,1254797
2025-03-13,1427.6134712884227,1436.729579843001,1417.075950992428,1433.0047607421875,804032
2025-03-17,1430.9952224986582,1467.3618962707249,1426.9272256434383,1463.097900390625,1329884
2025-03-18,1463.097900390625,1463.097900390625,1463.097900390625,1463.097900390625,0
2025-03-19,1485.055124009479,1485.055124009479,1466.9207875116736,1469.5184326171875,1015731
2025-03-20,1470.008642892111,1487.6038037180228,1465.8915863347268,1482.16357421875,984355
2025-03-21,1483.9770610862709,1498.680578859784,1480.1541225336507,1493.7303466796875,2846648
2025-03-24,1494.9066260713887,1504.6599111831476,1485.2512208175785,1493.9263916015625,826040
2025-03-25,1499.758778650619,1503.6797166340193,1475.301975842172,1481.330322265625,1092805
2025-03-26,1477.2132400233854,1482.4574701291244,1443.1991542242754,1447.02197265625,1375794
2025-03-27,1435.7493825043512,1459.5691280241708,1433.494915014479,1453.5897216796875,1848444
2025-03-28,1445.845829980815,1449.4237096949848,1406.0972747240944,1413.694091796875,1495932
2025-04-01,1410.1163247442585,1437.0237127023108,1400.7550378251037,1415.70361328125,1080262
2025-04-02,1412.5177959077803,1435.0631875149136,1400.1668661762465,1423.6434326171875,1054143
2025-04-03,1452.7074327821601,1493.1911628137955,1450.7469639120088,1466.1365966796875,3488899
2025-04-04,1466.136671956532,1466.136671956532,1362.574994299568,1387.27685546875,2768438
2025-04-07,1309.593197561732,1373.6514935858106,1308.6129631324193,1357.33056640625,1604721
2025-04-08,1367.2311328576232,1409.1850977979543,1355.3212597128356,1404.2349853515625,1324180
2025-04-09,1388.5021079894573,1394.8736319583463,1368.4563612118857,1387.619873046875,1701314
2025-04-11,1431.1423171006231,1459.0789993179983,1419.9186803534956,1434.132080078125,2311803
2025-04-15,1452.9033505651546,1456.530289566644,1433.20066345334,1452.5113525390625,1720323
2025-04-16,1438.101958316091,1469.3714616516577,1435.4553731260935,1466.8228759765625,1023697
2025-04-17,1468.391115001807,1491.9167403422898,1456.6283023315657,1485.2510986328125,1211601
2025-04-21,1494.8574598242774,1494.8574598242774,1475.252771826582,1481.232177734375,570266
2025-04-22,1484.9572160953612,1504.3657867226839,1472.9982838187013,1497.9942626953125,954974
2025-04-23,1502.6995038232037,1508.5809108831772,1486.0355171532792,1503.3856201171875,819016
2025-04-24,1503.3855646275738,1525.2448412566673,1494.759573052516,1521.02978515625,1590469
2025-04-25,1525.244778612264,1535.7332391882978,1483.5848151861578,1495.73974609375,1353813
2025-04-28,1495.7397511348481,1534.0668936845352,1495.7397511348481,1524.362548828125,1207247
2025-04-29,1524.2645368597703,1529.7538257298186,1500.7389105674008,1511.0313720703125,1385331
2025-04-30,1511.5215505174306,1539.7523510749306,1507.600612643196,1519.46142578125,2315010
2025-05-02,1507.110455658775,1521.8139722993485,1483.5848290338577,1484.5650634765625,1578868
2025-05-05,1501.7192287915989,1518.3832150118712,1498.0924090654926,1512.40380859375,786898
2025-05-06,1499.7587039709358,1501.6211733518164,1465.4504983245417,1481.5263671875,1788719
2025-05-07,1470.3516721965616,1487.7998932363043,1469.7635554591882,1478.977783203125,1424662
2025-05-08,1470.351644262753,1478.8796359364678,1448.6884873021197,1457.41259765625,2773328
2025-05-09,1440.8466044863635,1457.020472490415,1434.7690792600247,1450.7469482421875,1042380
2025-05-12,1448.7865576001732,1486.9177027026174,1433.2988049942098,1481.722412109375,1706217
2025-05-13,1485.0551496672317,1509.4630107120788,1467.5089295779428,1490.0543212890625,4042184
2025-05-14,1465.450515630275,1476.13509516069,1445.4537087430122,1465.2545166015625,3417567
2025-05-15,1465.4505383624376,1482.9967593753397,1445.845848886017,1472.5081787109375,3918531
2025-05-16,1479.8598878374573,1480.3500050579978,1462.5097860933276,1470.253662109375,1660861
2025-05-19,1470.2536695463893,1481.8203642151423,1459.569090153052,1462.11767578125,1857648
2025-05-20,1465.8426905433375,1468.1952772673196,1422.5162539873884,1425.653076171875,3573210
2025-05-21,1430.1619785897701,1461.5294791482845,1425.8489233314706,1453.0994873046875,2001251
2025-05-22,1453.6876422283315,1460.2551649674333,1431.2402501194645,1439.4742431640625,1804507
2025-05-23,1439.474379708923,1459.5691871886866,1432.122620874863,1454.864013671875,915286
2025-05-26,1456.7264831746768,1464.3723602251123,1449.2767248210027,1454.864013671875,885022
2025-05-27,1456.3342316739665,1462.4117568797535,1446.63000663037,1451.237060546875,881728
2025-05-28,1455.6481110647824,1456.6283454830077,1436.0434227002736,1439.4742431640625,1090511
2025-05-29,1445.8459045200068,1450.2569598219322,1434.083090381539,1447.7083740234375,1384536
2025-05-30,1446.8259542297526,1459.5690012521013,1428.2995003965266,1436.7294921875,7040777
2025-06-02,1438.9841570962442,1445.6497991474382,1429.1818127018557,1441.140625,962897
2025-06-03,1443.2971830871013,1450.158824023049,1431.5343700540484,1444.081298828125,870331
2025-06-04,1444.081361912649,1458.588879816849,1436.925722132795,1442.80712890625,1297075
2025-06-05,1446.8261097066134,1469.1755039797279,1445.8458752149422,1460.3533935546875,1570159
2025-06-06,1460.3533474215549,1476.1350983074024,1454.667939686454,1474.4686279296875,861882
2025-06-09,1481.8203386492337,1481.8203386492337,1467.4109404040669,1476.8211669921875,689631
2025-06-10,1479.0757630636679,1483.2906993401116,1475.2528248352478,1480.938232421875,929786
2025-06-11,1482.6046931251556,1497.7003284775728,1479.565990082323,1491.622802734375,1046396
2025-06-12,1496.817938243211,1507.5025172021224,1464.960320042226,1473.0963134765625,1199034
2025-06-13,1450.7469921572335,1480.6441430091224,1450.7469921572335,1475.4488525390625,874315
2025-06-16,1472.2141325975858,1510.5412753541716,1470.1556642005742,1496.8179931640625,2679763
2025-06-17,1496.8181038676682,1503.0916286929228,1465.9407166562526,1473.7825927734375,1334810
2025-06-18,1473.7825479621608,1482.9967760511954,1466.3327898088564,1468.4892578125,1075494
2025-06-19,1472.7043071188375,1479.9580662044875,1450.9430298618872,1454.66796875,1124204
2025-06-20,1454.6679835533507,1478.389610354753,1451.8252796000759,1470.0576171875,1917041
2025-06-23,1470.0574770581547,1475.1547677161657,1452.805375605507,1469.4693603515625,657381
2025-06-24,1476.919282284283,1488.2900982795788,1470.5477579954681,1472.704345703125,1351552
2025-06-25,1480.0560532186796,1487.9959285104512,1470.3517080142797,1480.154052734375,1032762
2025-06-26,1481.134323867737,1492.3090210567498,1473.292447897557,1483.8790283203125,1440423
2025-06-27,1488.039972826681,1494.67765269335,1478.1329157506045,1488.436279296875,1851991
2025-06-30,1495.371156354221,1500.6218238222434,1486.25659166614,1491.9036865234375,1053681
2025-07-01,1491.9037057383366,1503.593960185521,1482.2937880935158,1501.612548828125,1112637
2025-07-02,1501.6125345597056,1510.8261456583487,1479.420824316341,1483.6807861328125,1273704
2025-07-03,1490.0213439790539,1499.1357878684546,1484.8697228130015,1494.6776123046875,869963
2025-07-04,1494.380503230632,1506.8633708732,1489.9223275771612,1499.2349853515625,1118483
2025-07-07,1501.9098187686195,1505.08002858697,1492.4981147591857,1496.4609375,1061434
2025-07-08,1491.5073741686663,1496.460902478758,1463.3713091801944,1474.46728515625,2197699
2025-07-09,1472.1885974524073,1487.7426277995094,1472.1885974524073,1477.8355712890625,1364142
2025-07-10,1475.1607969444922,1477.0431619739497,1449.6005413430794,1464.06494140625,2178068
2025-07-11,1466.2443477746212,1476.646756998698,1456.3372913707387,1471.1978759765625,920651
2025-07-14,1475.0616350891796,1478.62815116615,1462.2815082889363,1470.2071533203125,1554680
2025-07-15,1470.009104830324,1478.5291493084403,1455.7429191571473,1477.0430908203125,1203850
2025-07-16,1471.1979400077123,1471.1979400077123,1454.5540361504957,1462.08349609375,1569604
2025-07-17,1461.2908243624474,1475.1607033733453,1458.3187074315408,1468.6220703125,1349535
2025-07-18,1467.3341519169137,1470.9998354780168,1456.337343105107,1468.5230712890625,1001794
2025-07-21,1467.3340819544724,1468.7210940213045,1454.851215224476,1460.2010498046875,1198993
2025-07-22,1461.2908847805147,1465.6500139798918,1440.9814182462771,1450.7894287109375,1908949
2025-07-23,1451.6810714237602,1462.7769265901368,1448.8080007841133,1459.8048095703125,1268156
2025-07-24,1456.8327414412338,1476.1515027184212,1456.6346486742314,1474.071044921875,1389152
2025-07-25,1471.197949457713,1539.2593819775161,1455.346658419785,1518.2564697265625,5226395
2025-07-28,1526.8754998239056,1562.342810477919,1506.367941237588,1557.3892822265625,3843168
2025-07-29,1548.8692716042851,1564.7205623543646,1545.1045416768409,1559.3707275390625,1303888
2025-07-30,1559.6680332708995,1565.2159610086808,1536.78263483195,1544.906494140625,1390012
2025-07-31,1525.686722470164,1550.1571039952232,1522.3182990256125,1540.1510009765625,2457841
2025-08-01,1529.6495444944974,1535.296518402334,1480.1142613178622,1488.83251953125,2109707
2025-08-04,1495.9656135715184,1505.179224996294,1491.0120850497583,1501.0181884765625,549494
2025-08-05,1499.4329703129372,1503.197700079498,1477.2411400240305,1485.8603515625,1156528
2025-08-06,1484.8697155058642,1484.8697155058642,1461.2908720436724,1472.882080078125,1157300
2025-08-07,1462.3806726648593,1485.8604705263551,1450.4922041585087,1477.1422119140625,1882304
2025-08-08,1469.2164543677395,1479.9161235830168,1464.5601862649453,1471.990478515625,920270
2025-08-11,1474.1700609426769,1499.9284087817289,1466.4425082166601,1490.81396484375,898160
2025-08-12,1490.0213675998784,1510.7271408447668,1487.1482968927544,1507.457763671875,910349
2025-08-13,1507.457748900013,1553.2284241932123,1506.268950450113,1546.4915771484375,1859765
2025-08-14,1547.9775645848736,1560.1632923475845,1537.575155350863,1549.463623046875,2535958
2025-08-18,1551.6431714899998,1558.1819256585368,1543.0240805380201,1550.6524658203125,1783835
2025-08-19,1550.6524580943073,1554.1199279209366,1531.730004084709,1534.5040283203125,898746
2025-08-20,1524.8940873002114,1542.4296498573974,1519.1480670946955,1531.72998046875,936556
2025-08-21,1525.7858305862749,1581.1663036285875,1524.3988184134846,1577.99609375,1698280
2025-08-22,1575.22206940442,1587.110537852755,1570.2685408842801,1577.99609375,1574526
2025-08-25,1579.1848386410643,1592.8566252670878,1577.2034273002348,1586.31787109375,1298471
2025-08-26,1589.09184944631,1589.1908958233405,1558.3799745505273,1565.1168212890625,2332380
2025-08-28,1579.1848016092918,1579.1848016092918,1554.1199003612692,1565.6121826171875,1903230
2025-08-29,1563.8288478471995,1581.562502934865,1553.2283459066643,1574.6275634765625,1342344
2025-09-01,1574.6276230920246,1583.1476677047874,1568.2870825886598,1572.447998046875,783524
2025-09-02,1572.2498430557844,1578.1940768669592,1548.7701678759418,1554.615234375,1161872
2025-09-03,1555.4079065583635,1581.5625605118455,1554.4172008853964,1563.7298583984375,1160380
2025-09-04,1584.1384104616839,1584.1384104616839,1559.0735079381136,1563.135498046875,614470
2025-09-05,1563.1353998938082,1570.8628312884082,1535.5937348556472,1538.962158203125,701865
2025-09-08,1540.051921704549,1550.3552845766308,1524.5969378643,1526.87548828125,588546
2025-09-09,1526.875470257356,1540.7453490925773,1518.8507788326986,1537.1788330078125,788242
2025-09-10,1540.5473664490094,1556.3986576793527,1539.457614364074,1549.265625,718311
2025-09-11,1548.968313964083,1555.9032536492437,1539.6556564854316,1546.29345703125,732911
2025-09-12,1547.5812673006515,1563.6307713467058,1547.5812673006515,1559.965087890625,785508
2025-09-15,1553.42652168449,1565.116897199019,1531.7300428896285,1533.90966796875,758979
2025-09-16,1541.5380148407432,1545.698930259715,1535.5937808503547,1544.5101318359375,471395
2025-09-17,1541.5379760701169,1547.9775627310783,1534.702082965947,1545.1044921875,785651
2025-09-18,1545.5008216658027,1565.3149347640822,1541.9343054952622,1563.5316162109375,874860
2025-09-19,1566.3056738756682,1570.1694501995134,1543.0240904878892,1561.154052734375,1464121
2025-09-22,1560.3614047568954,1568.4851427438698,1525.6867068734089,1527.8662109375,1257495
2025-09-23,1527.8662477568835,1536.2872460172355,1503.3958658922784,1512.9066162109375,1487350
2025-09-24,1512.8075598827108,1528.163497785908,1506.1698802601454,1523.705322265625,943785
2025-09-25,1523.7053544211415,1530.4422015015962,1491.4083730464397,1495.6683349609375,2502680
2025-09-26,1481.6993813937765,1490.9129925334573,1461.4889614632118,1485.464111328125,2653841
2025-09-29,1492.8944053841876,1513.1048253351041,1471.4951869979382,1474.1700439453125,1778220
2025-09-30,1474.26908212632,1492.5971370062334,1474.26908212632,1489.327880859375,1040806
2025-10-01,1491.0119770097954,1503.2967510407461,1484.473344022018,1498.9376220703125,1000285
2025-10-03,1507.8540770295306,1523.5072754807486,1495.4702557661474,1503.593994140625,1070489
2025-10-06,1496.956285419128,1505.8726365566345,1483.879018791753,1499.0367431640625,772031
2025-10-07,1500.8200902856458,1507.8540765739715,1492.2008781274826,1499.2349853515625,834623
2025-10-08,1497.946920403474,1505.1791199146412,1476.944009311798,1480.7086181640625,1068066
2025-10-09,1495.965579737183,1502.6032594319147,1485.3650773146708,1499.0367431640625,878167
2025-10-10,1498.9376941201629,1554.4172122105324,1492.8944136581838,1547.2841796875,1495524
2025-10-13,1544.5101608547295,1552.3367599429398,1535.6928560828408,1549.0673828125,671620
2025-10-14,1548.472938656898,1551.5441020000337,1522.8136380070393,1537.8724365234375,1056222
2025-10-15,1535.5937996079526,1550.2562920043165,1531.6309768992871,1544.212890625,1638237
2025-10-16,1544.5101135804582,1557.3892870740733,1540.6463373452239,1554.8134765625,989785
2025-10-17,1550.7516485624512,1567.395431417317,1543.9157551864564,1562.937255859375,1222051
2025-10-20,1575.221977542071,1631.692199378485,1563.2344634095607,1623.8656005859375,3372906
2025-10-21,1631.3949893309418,1653.4877742940728,1626.837767405598,1648.137939453125,709223
2025-10-23,1649.5248807586509,1657.4505258313652,1622.8748750145,1629.809814453125,2150725
2025-10-24,1609.9957442629445,1609.9957442629445,1566.4046952125452,1569.674072265625,2941997
2025-10-27,1570.26853773329,1578.9867962855433,1560.5595734789968,1569.27783203125,1213749
2025-10-28,1571.0610753421004,1575.1229443385603,1547.581278768079,1553.5255126953125,1489133
2025-10-29,1560.361382869592,1573.2405561885157,1557.0920058835663,1566.4046630859375,898965
2025-10-30,1572.2498863591238,1578.4913804070611,1490.021316373108,1525.7857666015625,4053965
2025-10-31,1496.0645726751077,1515.1852400279126,1486.0584698320547,1487.346435546875,3365093
2025-11-03,1488.9316153540897,1500.820083711268,1476.4487477662033,1497.45166015625,1505905
2025-11-04,1497.4516189723877,1509.8354398371941,1484.176138818165,1489.327880859375,1590643
2025-11-06,1496.7581667207974,1498.838624429681,1484.0770858373398,1487.5445556640625,1596245
2025-11-07,1486.0584705222523,1495.9655269924006,1477.736518900178,1491.7054443359375,1037508
2025-11-10,1495.9656016116028,1502.6032814033922,1489.922321050521,1497.45166015625,1143959
2025-11-11,1497.2535520758543,1503.3958789565984,1492.101809945655,1500.820068359375,850772
2025-11-12,1500.820070007104,1513.8973367062886,1500.0274570828947,1505.17919921875,1179131
2025-11-13,1505.8726330976783,1520.6341719119048,1501.315411158349,1511.6187744140625,1217362
2025-11-14,1512.7084863983762,1520.138778799047,1507.8540045094549,1517.860107421875,810970
2025-11-17,1523.2100017210357,1524.1016610311449,1512.3122391070965,1521.32763671875,912322
2025-11-18,1515.7796436207805,1520.7331718679072,1498.045988308917,1500.4237060546875,747913
2025-11-19,1497.3526052450177,1515.3834004430685,1491.408371100286,1512.6094970703125,1171078
2025-11-20,1512.7085100697961,1520.5351090414592,1505.2782175528534,1514.987060546875,896750
2025-11-21,1506.962391666454,1512.807579388899,1493.6869113143978,1497.7489013671875,1126820
2025-11-24,1500.9191249279265,1510.628089093841,1486.0585395326007,1490.0213623046875,2801854
2025-11-25,1486.256569901509,1508.547447058692,1486.256569901509,1493.48876953125,908386
2025-11-26,1491.0120143683755,1511.3214803448218,1491.0120143683755,1509.6373291015625,1087736
2025-11-27,1509.6374007546171,1517.2657863042741,1505.9717170868464,1511.0242919921875,810411
2025-11-28,1511.0242256728654,1521.5258024273003,1506.467003819747,1517.067626953125,991042
2025-12-01,1517.761029907668,1522.0211125042922,1503.3957982277325,1508.9437255859375,1010599
2025-12-02,1505.8725737559125,1517.2656886231448,1499.1357270253372,1502.504150390625,1760512
2025-12-03,1502.6032217015718,1508.6466229582893,1481.204003696041,1493.984130859375,1034323
2025-12-04,1489.1296260737809,1511.5195493923843,1489.1296260737809,1506.86328125,726473
2025-12-05,1510.8261987861356,1513.7983158985019,1499.5321295719932,1506.665283203125,813485
2025-12-08,1501.0181353452854,1506.3679701465699,1480.411529985625,1483.6807861328125,1263559
2025-12-09,1483.6807893092111,1488.4362249062563,1472.683980543764,1476.745849609375,1646840
2025-12-10,1478.1328428577897,1491.7054620083907,1470.999810489076,1477.0430908203125,1316274
2025-12-11,1478.132888822951,1499.3340147666775,1478.132888822951,1498.2442626953125,606130
2025-12-12,1505.872563390443,1510.5288314950492,1496.1635998048114,1503.2967529296875,1054050
2025-12-15,1491.0120138881693,1501.4144232873891,1484.0770742886896,1493.984130859375,855508
2025-12-16,1486.058537909239,1494.875842754651,1482.1947615235242,1485.6622314453125,789492
2025-12-17,1483.6807502649347,1491.3092562954546,1477.1421171928803,1482.9873046875,1000116
2025-12-18,1480.9068809482199,1496.9562643960346,1479.8170079647844,1484.96875,974170
2025-12-19,1481.600293947184,1505.9716286574605,1481.600293947184,1502.99951171875,769045
2025-12-22,1498.9376694261114,1508.3493732328186,1494.1822338652646,1498.838623046875,757496
2025-12-23,1506.2689274186662,1507.8540323062139,1484.374356261554,1486.751953125,826988
2025-12-24,1488.5352711236783,1493.9841523158116,1476.3495429924253,1482.3929443359375,1022767
2025-12-26,1482.3928892665888,1496.8571673430413,1480.1142179329556,1492.002685546875,951555
2025-12-29,1492.002725746737,1500.4237238668215,1478.1328464901271,1480.1142578125,1077645
2025-12-30,1480.114232294284,1484.7705004472828,1462.182484323116,1478.628173828125,1993298
2025-12-31,1478.6282249121002,1499.5320905377775,1476.2505070969505,1497.2535400390625,883966
2026-01-01,1497.947004291777,1497.947004291777,1485.0678303130778,1486.9501953125,228078
2026-01-02,1486.9501569374058,1503.6931068647646,1484.671485533373,1497.5506591796875,964611
2026-01-05,1496.9563020744563,1510.8261817760065,1493.191572066877,1505.674560546875,1532549
2026-01-06,1505.674503415856,1525.3894492092538,1505.674503415856,1516.572265625,1614326
2026-01-07,1501.9097531259156,1501.9097531259156,1441.4767089697937,1454.2568359375,5076416
2026-01-08,1454.2568578724054,1455.6438699791406,1444.4488476824733,1447.024658203125,2651011
2026-01-09,1451.0865648252839,1454.6532020309885,1442.5665201426887,1452.0772705078125,1804271
2026-01-12,1450.3931107419046,1453.8605806104815,1430.7770899682257,1451.5819091796875,2380033
2026-01-13,1446.4303196247893,1455.7429773766476,1423.2477820957067,1434.839111328125,1909873
2026-01-14,1430.3808471268583,1436.3250809490742,1412.4489783479096,1421.167236328125,1775529
2026-01-15,1421.167236328125,1421.167236328125,1421.167236328125,1421.167236328125,0
2026-01-16,1366.1831748239042,1396.3996989951363,1354.492799065322,1384.51123046875,4333315
2026-01-19,1383.5204123421559,1385.1055171630608,1359.1490780304744,1379.3594970703125,1653550
2026-01-20,1379.3595783734963,1382.9260946646887,1362.6166280519017,1365.5887451171875,2040403
2026-01-21,1365.5887418097955,1385.4028555303794,1351.1244629809198,1356.8704833984375,2306655
2026-01-22,1368.3626347033285,1371.6320118165202,1353.9974023657774,1357.6630859375,1536604
2026-01-23,1359.446269966509,1373.01901018666,1290.8894860793428,1302.7779541015625,6590032
2026-01-27,1287.9173354347154,1311.1989180368043,1269.7873738000662,1300.7965087890625,4109525
2026-01-28,1300.7965749371938,1322.2948401014582,1297.9235042402806,1316.053466796875,1535898
2026-01-29,1312.6850380835526,1315.2608486881131,1294.8523356793985,1308.6231689453125,2099306
2026-01-30,1306.7408074785217,1317.5395237062453,1302.1835854834121,1311.6943359375,2157826
2026-02-02,1317.6385546003598,1320.6106716408117,1281.0814908156506,1299.4095458984375,1832963
2026-02-03,1352.3132235697205,1368.4617741741934,1307.3351624960758,1310.5054931640625,2711571
2026-02-04,1310.505485329356,1322.6910922920579,1303.5705457627657,1314.369140625,1590247
2026-02-05,1323.4837696187842,1323.4837696187842,1308.7222304926922,1320.907958984375,999810
2026-02-06,1315.6571384515978,1323.2855237866927,1304.2640231713317,1317.6385498046875,1457970
2026-02-09,1325.5641634296437,1339.4340425686685,1315.657106901769,1330.0223388671875,1936551
2026-02-10,1337.1554377818002,1345.3783434837273,1324.5735237391336,1329.6260986328125,1053439
2026-02-11,1329.6260849241198,1339.8304019250854,1322.5920986987155,1337.3536376953125,830695
2026-02-12,1337.353616955081,1337.4526633355852,1309.3165979345601,1317.6385498046875,1613374
2026-02-13,1315.657163854206,1323.681855802009,1303.5706027412925,1319.1246337890625,1236946
2026-02-16,1318.6292643499887,1345.3783177966075,1315.1617944587604,1343.793212890625,1616868
2026-02-17,1337.4527044536906,1343.396938695707,1327.6446937672124,1331.409423828125,1413727
2026-02-18,1338.2452222381214,1340.325679887746,1325.6631880923749,1337.2545166015625,1119159
2026-02-19,1337.2546014296925,1344.3876340910988,1311.3970859266472,1316.548828125,587384
2026-02-20,1316.5488149391888,1330.4186945919305,1311.9915929547242,1328.6353759765625,1551722
2026-02-23,1323.4836776333511,1323.4836776333511,1296.6355792002503,1314.1710205078125,2435610
2026-02-24,1313.6756950426404,1326.0595156972656,1304.2639913451253,1314.369140625,2109672
2026-02-25,1314.36915316106,1336.4619377939252,1314.36915316106,1333.5888671875,1018377
2026-02-26,1340.2266276325915,1352.2141415952244,1330.8149241265642,1345.477294921875,2013877
2026-02-27,1340.4247470268788,1344.2885232564563,1326.0595150742627,1335.6693115234375,2609711
2026-03-02,1300.7965061843029,1341.910790271621,1300.7965061843029,1339.0377197265625,1899674
2026-03-04,1335.669327128013,1336.3628936538983,1298.8151248208962,1300.99462890625,1938762
2026-03-05,1302.6789063087733,1319.7189954145035,1302.6789063087733,1314.072021484375,1184085
2026-03-06,1313.7747700755817,1320.313403336689,1302.777961281572,1308.9202880859375,695774
2026-03-09,1296.8337673201652,1317.4404943501274,1280.6852159608984,1312.68505859375,1674811
2026-03-10,1310.7035479207677,1327.8428036866226,1305.254666958134,1321.10595703125,1050270
2026-03-11,1312.6850129608465,1325.663233052781,1312.5859665809805,1317.1431884765625,1268130
2026-03-12,1312.7840691290232,1329.229759189136,1306.7407886831431,1311.9915771484375,1405268
2026-03-13,1311.9915841947477,1315.1617940056205,1288.9080934096514,1302.480712890625,1346347
2026-03-16,1302.480683230643,1315.5580705081386,1279.5954066647132,1287.9173583984375,1496780
2026-03-17,1287.917343763763,1290.493154264141,1263.7441017398166,1269.985595703125,2034284
2026-03-18,1270.0846089207848,1277.5149010946584,1252.8463068902493,1256.7100830078125,2226496
2026-03-19,1242.245818425375,1251.7565683228315,1223.917764199833,1227.682373046875,1080395
2026-03-20,1238.3821156308195,1252.2519953258845,1236.4007042458102,1244.72265625,1151621
2026-03-23,1240.3634761803044,1241.0569217623358,1206.4813912595828,1210.4442138671875,1295463
2026-03-24,1223.521512714823,1228.475041106381,1205.2925040467394,1208.0665283203125,853054
2026-03-25,1211.3357217776274,1241.2551042749446,1207.670159331968,1232.8341064453125,1466775
2026-03-27,1215.1004646591573,1237.5894342610206,1215.1004646591573,1230.753662109375,2220695
2026-03-30,1219.7567167164232,1223.521446464458,1203.7073339711064,1212.82177734375,2089130
2026-04-01,1243.335591890955,1245.317003192773,1182.902547185498,1184.784912109375,2180444
2026-04-02,1178.939787007579,1185.4784204626549,1154.8655900414417,1181.3175048828125,3128666
2026-04-06,1179.2369479347979,1194.7909777954828,1159.1255754732294,1189.7384033203125,2188849
2026-04-07,1183.8932413718048,1199.15013243521,1174.382491402327,1191.2244873046875,2046737
2026-04-08,1208.6608679169929,1211.6329848053135,1193.3049306606706,1204.5989990234375,2476674
2026-04-09,1203.9054550087053,1219.7567453758286,1201.82499733517,1213.02001953125,2545266
2026-04-10,1214.010762740837,1227.4843357826162,1209.4535408064378,1218.0726318359375,2086385
2026-04-13,1210.9396041355187,1210.9396041355187,1192.017028850519,1199.8436279296875,1611654
2026-04-15,1208.6608856872708,1217.2799764158235,1204.7971094884979,1215.5958251953125,1297882
2026-04-16,1219.558707338385,1224.016882954163,1211.4349690350464,1219.0633544921875,1778133
2026-04-17,1219.0633829511223,1232.9332629684452,1213.020102273583,1229.2677001953125,2291092
2026-04-20,1233.4285698542026,1234.4192755328004,1214.6051619608454,1218.0726318359375,1158618
2026-04-21,1217.1809016257946,1224.9084538429552,1211.9302343965785,1221.044677734375,1428292
2026-04-22,1214.6051316331236,1229.2676236845602,1210.642309017681,1224.8094482421875,1172238
2026-04-23,1222.6298569590485,1296.2393374451415,1216.1902700313683,1293.7625732421875,5274028
2026-04-24,1282.9638671875,1291.7811720062869,1242.4439803223813,1282.9638671875,4427307
2026-04-27,1291.087639520107,1308.4249895340358,1286.9267238910666,1304.95751953125,1721187
2026-04-28,1303.7686372823384,1313.6756937966418,1284.2517843234598,1294.35693359375,1501522
2026-04-29,1299.8058322298427,1309.7128888779362,1295.6449168119436,1305.353759765625,986556
2026-04-30,1305.6510058903045,1317.4404273627322,1292.8708787636522,1297.4281005859375,1370336
2026-05-01,1297.4281005859375,1297.4281005859375,1297.4281005859375,1297.4281005859375,0
2026-05-04,1307.7314562851122,1324.9697587596565,1301.3909159462773,1322.592041015625,1088765
2026-05-05,1326.5548654682048,1326.9511719153898,1304.1649419633593,1321.3040771484375,1051020
2026-05-06,1327.5456289676317,1359.2482111519334,1320.709735496991,1351.7188720703125,1854812
2026-05-07,1357.2668132740955,1366.6785174537333,1347.4588026260587,1349.638427734375,1248019
2026-05-08,1342.4062364970478,1353.997444924971,1328.8336166499407,1334.4805908203125,1044824
2026-05-11,1334.4805350288657,1337.4526520333843,1288.0164150044075,1292.7718505859375,1428197
2026-05-12,1292.474547178215,1296.8336761591768,1277.0195634600298,1280.2889404296875,1398439
2026-05-13,1267.2116377667153,1343.991329582386,1262.852508495836,1315.2608642578125,6015153
2026-05-14,1349.5392286146077,1428.5975902349185,1349.5392286146077,1423.3468017578125,9166941
2026-05-15,1423.3467726277952,1431.0743251461865,1411.9536575435577,1418.78955078125,1138894
2026-05-18,1408.7834206221974,1428.696579806712,1398.6782714646072,1412.9443359375,2013605
2026-05-19,1406.8020488554848,1413.340682078508,1395.6070264304333,1396.6968994140625,1379218
2026-05-20,1379.3595214230581,1408.8824771578481,1379.3595214230581,1386.4925537109375,1316586
2026-05-21,1393.4275834144944,1402.7402412910137,1384.709324777805,1388.870361328125,1145360
2026-05-22,1395.9042763521215,1396.498675561573,1379.062280115084,1386.1953125,917323
2026-05-25,1392.9321899814283,1406.802069540276,1385.501897360617,1400.7587890625,668915
2026-05-26,1400.7588010813718,1409.3778922211661,1396.4987182345865,1404.3253173828125,1132793
2026-05-27,1404.4242775666798,1418.6904628325926,1402.8391727450776,1405.0186767578125,937447
2026-05-28,1405.0186767578125,1405.0186767578125,1405.0186767578125,1405.0186767578125,0
2026-05-29,1397.8856943526666,1415.9164890947511,1369.8486756380544,1387.9786376953125,9540984
2026-06-01,1396.8950276126673,1400.4615439215488,1373.1180909724517,1377.378173828125,714608
2026-06-02,1367.173792257983,1372.028274113295,1345.576360788594,1366.4803466796875,2290839
2026-06-03,1362.2202422090963,1372.028252140151,1352.6104459656287,1362.4183349609375,1520395
2026-06-04,1352.31321897514,1391.8423987938709,1341.4154567709447,1385.699951171875,1548692
2026-06-05,1394.0,1406.0999755859375,1382.0,1401.300048828125,1050391
2026-06-08,1397.0,1405.0,1383.0,1387.9000244140625,669481
2026-06-09,1383.0999755859375,1398.800048828125,1373.5999755859375,1376.5,1419845
2026-06-10,1374.0,1391.4000244140625,1371.0999755859375,1377.0,962642
2026-06-11,1376.0999755859375,1391.0,1373.9000244140625,1383.300048828125,654474
2026-06-12,1393.9000244140625,1396.0999755859375,1382.199951171875,1389.4000244140625,805612
2026-06-15,1396.699951171875,1397.9000244140625,1374.5,1381.300048828125,1687655
2026-06-16,1382.5999755859375,1392.300048828125,1366.0,1373.199951171875,613961
2026-06-17,1380.0,1381.699951171875,1341.0999755859375,1350.800048828125,2014168
2026-06-18,1353.199951171875,1365.0,1348.699951171875,1355.5,908719
2026-06-19,1355.0,1362.300048828125,1346.5999755859375,1351.800048828125,1476650
2026-06-22,1372.0,1418.199951171875,1370.5999755859375,1415.699951171875,3368853
2026-06-23,1422.800048828125,1461.0,1418.800048828125,1433.0999755859375,4958067
2026-06-24,1445.699951171875,1451.9000244140625,1425.699951171875,1437.9000244140625,2145293
2026-06-25,1448.0,1453.0,1431.0,1440.0999755859375,1217683
2026-06-26,1440.0999755859375,1440.0999755859375,1440.0999755859375,1440.0999755859375,0
2026-06-29,1443.699951171875,1490.0999755859375,1441.5,1454.0999755859375,4162869
2026-06-30,1455.699951171875,1480.800048828125,1448.699951171875,1465.4000244140625,2818077
2026-07-01,1468.0,1472.0999755859375,1446.0,1456.699951171875,753439
2026-07-02,1465.4000244140625,1468.199951171875,1452.699951171875,1456.0,731416
2026-07-03,1452.0,1471.0,1452.0,1458.199951171875,1261674
2026-07-06,1458.199951171875,1474.699951171875,1453.4000244140625,1472.300048828125,769917
2026-07-07,1472.300048828125,1482.0,1449.199951171875,1451.800048828125,1164880
2026-07-08,1453.300048828125,1471.9000244140625,1428.9000244140625,1431.800048828125,1163676
2026-07-09,1430.0,1454.800048828125,1426.4000244140625,1441.300048828125,947375
2026-07-10,1441.300048828125,1454.5,1435.0,1439.4000244140625,745842
2026-07-13,1439.4000244140625,1443.0,1420.0,1426.699951171875,844670
2026-07-14,1426.699951171875,1454.5,1425.300048828125,1438.0999755859375,1221695
2026-07-15,1447.0,1453.0,1433.0,1438.0,924453
2026-07-16,1439.9000244140625,1444.0,1426.5999755859375,1429.5,568731
2026-07-17,1429.5,1434.0,1404.0,1418.699951171875,607055
2026-07-20,1425.699951171875,1466.5999755859375,1419.5,1441.5999755859375,1494196
2026-07-21,1442.0999755859375,1443.9000244140625,1414.0,1432.5,1341452
2026-07-22,1423.0,1423.0,1395.699951171875,1415.0999755859375,1722239
2026-07-23,1409.0999755859375,1426.9000244140625,1366.0999755859375,1393.0,4248433
2026-07-24,1390.0999755859375,1444.800048828125,1390.0999755859375,1410.5999755859375,2917791
2026-07-27,1412.5999755859375,1418.0999755859375,1392.800048828125,1409.4000244140625,1162030
2026-07-28,1426.699951171875,1447.800048828125,1426.699951171875,1444.5999755859375,1621735
2026-07-29,1451.0,1491.199951171875,1442.0,1474.300048828125,2192262
2026-07-30,1478.800048828125,1483.800048828125,1464.0999755859375,1466.4000244140625,833068
2026-07-31,1473.4000244140625,1478.800048828125,1462.300048828125,1473.199951171875,1223370
2026-08-03,1475.0,1480.5999755859375,1454.300048828125,1474.4000244140625,811745
2026-08-04,1469.5999755859375,1469.5999755859375,1449.300048828125,1460.0,947279
2026-08-05,1460.0,1463.0,1443.5,1458.800048828125,973585
2026-08-06,1461.0,1488.0999755859375,1461.0,1477.0,1462279
2026-08-07,1477.0,1477.0,1462.0999755859375,1463.800048828125,765193
2026-08-10,1463.800048828125,1483.699951171875,1462.0,1467.699951171875,662981
2026-08-11,1466.0999755859375,1469.800048828125,1457.199951171875,1463.0,958909
2026-08-12,1460.0,1468.800048828125,1456.0999755859375,1463.0,621021
2026-08-13,1458.0999755859375,1464.4000244140625,1456.199951171875,1458.800048828125,440742
2026-08-14,1457.5,1474.300048828125,1449.199951171875,1450.0,784917
2026-08-17,1445.4000244140625,1449.0,1423.699951171875,1431.5,756514
2026-08-18,1431.5,1437.5999755859375,1428.4000244140625,1431.0999755859375,589396
2026-08-19,1429.0,1435.0999755859375,1415.4000244140625,1422.0,433654
2026-08-20,1430.0,1439.4000244140625,1427.5,1438.0,327752
2026-08-21,1433.4000244140625,1443.5999755859375,1408.5999755859375,1432.199951171875,728275
2026-08-24,1428.0,1442.300048828125,1410.300048828125,1437.9000244140625,1220646
2026-08-25,1435.9000244140625,1435.9000244140625,1411.0999755859375,1422.0,799235
2026-08-26,1413.5,1419.4000244140625,1401.0999755859375,1402.699951171875,915493
2026-08-27,1405.0,1420.0,1402.0999755859375,1420.0,533212
2026-08-28,1420.0,1423.9000244140625,1409.0999755859375,1423.5,377976
2026-08-31,1418.0,1426.0999755859375,1409.199951171875,1409.199951171875,977929
2026-09-01,1420.9000244140625,1425.699951171875,1406.5,1423.0,880100
2026-09-02,1414.0,1417.0,1401.199951171875,1412.800048828125,578260
2026-09-03,1414.0,1415.4000244140625,1389.4000244140625,1394.699951171875,549749
2026-09-04,1397.699951171875,1399.0999755859375,1375.5,1385.0,1326180
2026-09-07,1380.0,1395.699951171875,1376.800048828125,1395.0,606497
2026-09-08,1393.4000244140625,1398.4000244140625,1377.199951171875,1384.0,728795
2026-09-09,1380.0,1388.699951171875,1363.0999755859375,1363.0999755859375,818773
2026-09-10,1366.800048828125,1380.0,1363.0999755859375,1373.300048828125,826221
2026-09-11,1373.0,1373.0,1347.699951171875,1366.0,1681155
2026-09-14,1366.0,1366.0,1366.0,1366.0,0
2026-09-15,1355.0,1362.699951171875,1347.699951171875,1351.0,1225305
2026-09-16,1351.0,1363.699951171875,1344.300048828125,1358.0,911572
2026-09-17,1362.5,1385.0,1351.5999755859375,1376.300048828125,730653
2026-09-18,1371.699951171875,1394.5,1371.699951171875,1394.5,1386584
2026-09-21,1383.199951171875,1405.199951171875,1378.300048828125,1386.0999755859375,895131
2026-09-22,1386.300048828125,1388.699951171875,1364.5,1384.0999755859375,767139
2026-09-23,1382.4000244140625,1387.0,1371.800048828125,1383.0,651221
2026-09-24,1375.0,1419.0,1364.5999755859375,1399.0,1580784
2026-09-25,1402.9000244140625,1421.0,1388.4000244140625,1399.699951171875,1166527
2026-09-28,1399.699951171875,1405.0,1380.5,1383.699951171875,711020
2026-09-29,1390.0,1401.800048828125,1376.199951171875,1379.300048828125,1479526
2026-09-30,1383.0,1384.0,1346.0,1346.0,1063964
2026-10-01,1349.0999755859375,1359.4000244140625,1333.4000244140625,1344.0,921789
