Date,Open,High,Low,Close,Volume
2019-10-03,103.60904514869374,103.60904514869374,99.44857830982133,100.25382995605469,12270678
2019-10-04,100.76384067830722,101.64962257677772,97.78440736789724,99.74385833740234,12238072
2019-10-07,100.3611932035454,101.03223622869807,98.24069888235158,98.99226379394531,6160378
2019-10-09,99.20703577928319,100.22701824333193,98.2407318603999,99.5022964477539,5808768
2019-10-10,99.31436589955459,99.79751359221845,98.61647952791776,99.07279205322266,4047661
2019-10-11,99.44855342565661,102.13272490813047,99.44855342565661,101.488525390625,7104915
2019-10-14,101.78380600428027,102.42800564907841,100.89802432517027,102.0522232055664,6340044
2019-10-15,101.46168475237016,103.44797006426053,100.95169379534232,102.61587524414062,5459056
2019-10-16,103.23326176263818,105.32691274755314,102.72327069620437,104.4411392211914,7396404
2019-10-17,104.14587441052022,107.34003747709036,103.55535328934731,107.0447769165039,6611768
2019-10-18,106.72268747563538,110.85631099301858,106.15900967975509,110.56105041503906,12709671
2019-10-22,110.58788832174295,112.70838260030331,109.13843705484366,112.09102630615234,9795154
2019-10-23,112.41312203688383,113.6478428166288,110.88314888516243,112.09102630615234,7137614
2019-10-24,112.73522349478775,112.73522349478775,109.72894759168294,110.15841674804688,8470734
2019-10-25,110.90998815788618,111.09787527936352,108.97738107892422,110.50736236572266,5368529
2019-10-27,110.96368900419601,112.09104472561758,108.19899461841867,108.89688110351562,755584
2019-10-29,109.51423028484432,112.97681092762048,107.15216192782717,112.60102844238281,6925785
2019-10-30,113.13784640225497,113.24521164074201,110.37315260186114,110.72209167480469,4487164
2019-10-31,111.12472995693204,112.19839884540482,110.58789551269567,111.41999053955078,6655719
2019-11-01,110.05107291903205,111.66157642516423,108.36004751417104,111.17842864990234,7118433
2019-11-04,110.58790048998456,115.74151466318277,110.48053523459375,115.4194107055664,8489492
2019-11-05,116.49306948165498,116.78833005180957,112.52049803858137,113.35258483886719,12681517
2019-11-06,113.48677862460224,115.3388636903343,113.35257003673424,114.02361297607422,4344694
2019-11-07,114.61415837904987,114.74836699541878,113.21838549223564,114.07732391357422,3529240
2019-11-08,114.13100205529081,115.95623582409274,111.71524714228887,112.33260345458984,6324778
2019-11-11,112.17155295850775,113.16469993455422,110.45368441393092,112.65470886230469,3485203
2019-11-13,115.90255644510808,115.95624316759651,110.69526383003718,111.25894165039062,12228149
2019-11-14,111.92998476383376,111.92998476383376,108.30635216356576,108.62845611572266,4889669
2019-11-15,108.95055663693618,109.78265172349602,107.6353137924741,107.9842529296875,4544919
2019-11-18,108.44055574291524,108.44055574291524,106.42742661402448,107.52793884277344,5894876
2019-11-19,107.87688224492922,108.06477758101965,106.42743085268954,107.15216064453125,3836452
2019-11-20,107.3132009187817,109.51422539196226,107.07162705988225,109.00423431396484,4456738
2019-11-21,108.97739370887753,109.32633282594918,105.1121872944376,105.54165649414062,4650473
2019-11-22,105.7295203268535,107.01792764190313,105.3805812867136,106.83003234863281,4335573
2019-11-25,106.88373798119962,108.25265922059538,106.53479068784038,107.74266815185547,3884393
2019-11-26,107.90371603790938,108.49423716345026,105.32690924050652,106.15900421142578,8027053
2019-11-27,106.02479659502778,108.27949949192457,105.32691021965798,107.90371704101562,4378518
2019-11-28,107.66213846281197,110.77577956049834,107.25951267064845,110.50736236572266,7855291
2019-11-29,110.8026285653074,112.09103617600952,109.43370725413678,110.18527221679688,5422867
2019-12-02,110.15841509764866,110.80261472682173,108.57475528676072,110.50736236572266,3284647
2019-12-03,110.85633201135028,110.96369728057833,109.5142456673872,110.37318420410156,2619997
2019-12-04,109.83633244015348,110.05106294493199,107.98424702280334,108.84318542480469,5343182
2019-12-05,108.70898161176014,109.03108557459483,105.031662167081,105.43428802490234,6745934
2019-12-06,105.43429608115426,105.75640006860097,102.48170623152328,103.07222747802734,5644775
2019-12-09,103.04539038242693,103.93117230606809,102.53539919748242,102.88433837890625,3992473
2019-12-10,103.0721984451196,103.31377227193687,100.14645278379399,100.49539184570312,4431410
2019-12-11,101.08593912070847,101.64961699031197,99.31438361257366,100.46857452392578,8520046
2019-12-12,101.08593219173788,102.4548617265285,99.98541989155547,102.07907104492188,8081188
2019-12-13,102.9111539515987,105.70269122341661,102.69642346586001,105.35375213623047,5851149
2019-12-16,105.75636250286597,105.91741443938203,103.07219086573738,103.39429473876953,3154315
2019-12-17,103.85062478867441,105.48797153216988,103.099059820239,105.32691955566406,3652710
2019-12-18,105.13902211252025,106.56163001753738,104.5753443456754,106.15900421142578,3623918
2019-12-19,105.97112262215268,106.34691330970058,104.81693177166713,105.70270538330078,2015809
2019-12-20,105.67584686228892,108.81632294806576,105.30005625777623,107.79634094238281,5806708
2019-12-23,107.6889776353133,108.62843778051662,105.38058821166806,105.89057922363281,6665480
2019-12-24,106.18585866953043,107.20584087505279,105.97111996895887,106.80321502685547,3113553
2019-12-26,106.50795532253105,108.11845872876756,104.7900866608342,105.91744232177734,8630191
2019-12-27,106.56163174865873,110.31947266674744,106.10531921774214,109.24580383300781,5046833
2019-12-30,109.27265229083919,110.72210364573095,108.01108807575284,110.48052978515625,4696784
2019-12-31,110.05103680346176,114.05045089290897,109.7557762859446,113.4599380493164,10534842
2020-01-01,113.45996296443276,114.13100601912791,111.87629480219739,113.78205871582031,6447592
2020-01-02,114.07730182910302,114.2383537758561,111.82259914888685,113.32573699951172,5958343
2020-01-03,112.73523131488048,114.13100412202303,111.50051047647644,113.72837829589844,6452638
2020-01-06,112.70839587357165,112.70839587357165,109.21897180199701,110.42684936523438,6853058
2020-01-07,110.85631858156313,111.76893554660924,109.70212774215835,110.42684936523438,5243225
2020-01-08,108.97738882939248,109.80948383066418,106.40058193799503,107.47425079345703,7295998
2020-01-09,109.1115857037631,109.35315953197741,105.94426619730339,106.29320526123047,10321169
2020-01-10,106.91059049990253,110.88317083001387,106.80322523507672,110.21212768554688,13533598
2020-01-13,110.21210669405802,113.8088956250517,110.0510547317717,113.56732177734375,9863555
2020-01-14,113.35259735816507,114.61416166477655,112.60103236153105,114.31890106201172,5417581
2020-01-15,114.1310061557447,115.20467504454213,113.43311973973765,114.05047607421875,4863227
2020-01-16,114.0504645621692,114.1846731597221,111.17840548940268,112.86943054199219,6937929
2020-01-17,112.73520444209126,113.03046494915645,110.64155392188614,111.60784912109375,5985342
2020-01-20,111.6615724131402,112.62787612038889,107.6353137924741,107.9842529296875,8110607
2020-01-21,107.98424557091785,110.18527007680044,107.98424557091785,108.52108001708984,6347967
2020-01-22,106.88374654708562,107.0447903353727,102.50854068970473,103.0185317993164,19096395
2020-01-23,103.09904754800517,104.79007262141819,101.91801351328475,102.40116119384766,16369722
2020-01-24,103.60904275427009,105.3805979733312,103.15273022203931,104.11903381347656,10626281
2020-01-27,104.11903176500287,104.68270953153821,103.07220630797609,103.79693603515625,7195361
2020-01-28,104.09219222969907,104.2800875559267,101.1396028780512,101.54222869873047,10274562
2020-01-29,102.53535909828345,103.60902777994087,100.92485607579732,102.56220245361328,10602818
2020-01-30,102.75008704620087,103.26008621067423,100.65643644472725,100.89801025390625,10859103
2020-01-31,101.35433603721782,101.70327511953529,96.6301916938944,97.54280853271484,35281395
2020-02-03,93.89232019421756,96.33491801199197,92.41602580002268,95.90544891357422,15284598
2020-02-04,97.03282216738349,98.24069962174926,96.49598774322092,97.97228240966797,10043759
2020-02-05,98.77755656435232,98.77755656435232,95.82496655835267,96.22759246826172,9468632
2020-02-06,96.73756401711468,97.48913714461985,95.69073850208463,96.60335540771484,6917941
2020-02-07,96.79127569314507,99.87807450521063,95.61024126420908,99.34123992919922,13470302
2020-02-10,99.26068987938014,99.31437660277001,95.36863998548779,96.01284790039062,19665611
2020-02-11,96.6301967298974,97.4354483693132,94.61706763135787,96.28125762939453,16397703
2020-02-12,97.16703460969195,98.45543400197232,95.66389652440247,96.79125213623047,14669421
2020-02-13,96.79125144809021,97.1401905585143,94.40233982152246,95.44916534423828,11781999
2020-02-14,95.55652519084184,96.03967288433067,93.51655279005212,93.81181335449219,15392705
2020-02-17,93.81181251362472,94.05338635820384,89.54398062125055,90.10765838623047,15997350
2020-02-18,90.24186820242494,93.38234460710822,88.57767824369347,92.25499725341797,27643844
2020-02-19,94.67076016788447,95.85179433997776,93.54340452685136,95.42232513427734,21092109
2020-02-20,95.42231927077368,96.76440533646671,94.05338984547815,96.28125762939453,16776977
2020-02-24,95.95915236055248,96.03967424679526,93.0334064163795,93.8655014038086,9952676
2020-02-25,94.53654450223357,95.93230907735465,93.51655419083873,93.99971008300781,13534936
2020-02-26,93.51656462150902,95.42232866061461,92.68446954061005,93.30183410644531,10925243
2020-02-27,93.27499527161608,93.70446451403328,91.0471353517783,93.462890625,11500515
2020-02-28,92.09396489097362,92.22817352293615,89.51715751900417,90.4029312133789,14694382
2020-03-02,92.68445745837471,93.94602159638914,90.34923269355885,90.91291046142578,11962711
2020-03-03,91.98659102553373,96.44231063704925,91.74500895742645,95.66390228271484,17015816
2020-03-04,95.6907437562768,96.5228388185332,93.46288399448943,95.61022186279297,9858330
2020-03-05,96.63018568435263,96.73755091904677,92.44287599974221,95.10020446777344,12349902
2020-03-06,89.49030043148124,92.8723590766059,89.38293518066406,90.59081268310547,10629291
2020-03-09,89.00715295321572,89.49030067895093,84.25616482056408,84.79299926757812,23967899
2020-03-11,84.8735217435266,91.20816109745647,84.30984398638732,90.18817901611328,28399797
2020-03-12,86.4303463690747,87.50401526806941,80.57885414613094,82.96776580810547,33250878
2020-03-13,78.51204236259515,86.72561150958623,66.37958398587871,82.7261962890625,43328010
2020-03-16,81.03516548469231,81.24990419783114,76.82101960846649,77.25048065185547,23542677
2020-03-17,77.94836757463995,83.42407782320971,76.39155080495397,78.32415008544922,18989633
2020-03-18,81.3841031663627,81.51831177436037,76.76732377466561,77.86783599853516,18737193
2020-03-19,74.9123169856192,78.13120560609502,71.4008021269183,72.30794525146484,28547877
2020-03-20,72.86392282890588,79.47727664681499,71.78120679636008,77.72151947021484,24022133
2020-03-23,71.69341693940434,78.92128744375972,70.2595503866648,74.82451629638672,17884315
2020-03-24,75.64387052586132,79.00907172913949,73.41990968373331,74.82451629638672,9991023
2020-03-25,73.7418006988893,75.64387095501145,72.39571842389279,72.86392211914062,8339454
2020-03-26,73.74179095718972,74.32704326637376,69.7620734686899,72.1323471069336,28364001
2020-03-27,73.68328210278102,77.8093090704815,73.15655402080687,77.07774353027344,18332679
2020-03-30,74.6489599911752,78.86277630843406,74.44411803905543,77.9263687133789,12357349
2020-03-31,79.06758732410677,83.31066639296003,78.5701193094551,81.96458435058594,14997503
2020-04-01,81.20378177523895,82.66691297839641,80.20885434314071,81.61345672607422,8833033
2020-04-03,81.1159907841798,81.87681180286896,77.1362724538154,80.61852264404297,10936160
2020-04-07,82.11092555524753,83.33995041745251,80.26737486657373,82.02313232421875,8203204
2020-04-08,81.93533762082882,83.92519224809458,80.17958038609677,80.3844223022461,7070293
2020-04-09,81.46712658902383,82.78394439681057,80.76482554425272,82.40353393554688,5078557
2020-04-13,82.40353906424444,85.85652462525351,80.96967248146076,85.38832092285156,10691543
2020-04-15,86.26620236263109,88.72426964879209,85.44685255407285,85.94432067871094,10487965
2020-04-16,84.62749020098703,88.08047536409397,84.51043259119344,86.26618957519531,9736774
2020-04-17,88.66574145405232,89.22172946590038,86.79293549981736,87.0562973022461,7093925
2020-04-20,87.72934723307843,87.72934723307843,83.69110850660577,84.3934097290039,7139688
2020-04-21,82.52059491932822,82.87174995916749,80.64778887742055,81.35009002685547,6501336
2020-04-22,80.88188538024662,82.69617151540854,79.00907935926098,82.34501647949219,5604252
2020-04-23,82.40352389158362,84.71526864187675,81.9938490762549,82.46204376220703,7553183
2020-04-24,82.28649295019801,84.15929888825978,79.47727957798378,80.17958068847656,11701166
2020-04-27,81.35008019426945,81.75975507106979,80.47220163102195,80.82335662841797,4238903
2020-04-28,81.11598652327334,81.67197451935762,78.68718369581023,79.24317169189453,7064210
2020-04-29,79.30169799709991,82.43280182221899,79.21391371163561,81.84754943847656,7399346
2020-04-30,82.81320673367793,87.46596108567007,82.72542245411361,86.90997314453125,13145052
2020-05-04,84.68601226876505,84.68601226876505,82.14016993417748,83.28141021728516,8356099
2020-05-05,84.21783305669163,86.17843254752782,80.38443624036914,80.76484680175781,11879416
2020-05-06,81.55493668726359,81.55493668726359,77.9263641658596,78.27751922607422,10427774
2020-05-07,76.08282162534331,77.83857904746661,76.08282162534331,76.551025390625,10860354
2020-05-08,77.75078387581563,77.95561685493982,75.23419680330873,75.49755859375,7096898
2020-05-11,76.17060180448462,76.69733436077847,74.94157703361945,75.17567443847656,6657844
2020-05-12,75.02935528243067,75.52682339047327,73.33212690836096,74.23926544189453,8128169
2020-05-13,77.54595132703557,77.54595132703557,75.20494147565336,76.43397521972656,11135898
2020-05-14,75.99505009924985,76.93144885695499,74.94159368286671,75.29273986816406,5663178
2020-05-15,75.90723661933264,76.58028225632347,74.76599619342682,75.84871673583984,6296826
2020-05-18,74.32705942565015,74.32705942565015,70.8448092149853,71.2252197265625,24334121
2020-05-19,72.04457774618912,72.65909462217434,71.28375221867435,72.33720397949219,9537927
2020-05-20,71.98603402963758,73.24432738740742,71.31299298105178,72.1323471069336,8087994
2020-05-21,72.51277158026542,73.88811379551409,71.86899484814066,72.86392211914062,6187181
2020-05-22,72.57130418896426,73.77107350394347,71.34227493040135,73.27360534667969,7128048
2020-05-26,73.6540115539507,74.91230507121807,73.1565479211114,74.4733657836914,6182999
2020-05-27,74.47337732173028,76.87291603739642,73.74181172917889,76.551025390625,6084254
2020-05-28,76.58027521900924,78.59939408394928,75.67313227092245,78.36528778076172,7882781
2020-05-29,78.13118921794334,83.36919599744242,77.39962377582778,82.69615936279297,16208002
2020-06-01,83.16435628359517,87.64153285395435,82.84246572913501,86.9392318725586,21204876
2020-06-02,87.29039521488211,87.29039521488211,83.69109638979589,83.9251937866211,16679738
2020-06-03,84.86160994119282,84.92013876152579,82.57912883211358,82.9302749633789,11560484
2020-06-04,82.5205967541047,83.45700426100058,81.55493376844143,82.08165740966797,6295232
2020-06-05,82.52060094449635,85.30055026709464,82.22797470001233,84.7738265991211,11872471
2020-06-08,86.61735147981653,87.17333944988847,84.71528126150976,85.85652160644531,11258686
2020-06-09,86.58809497613788,86.58809497613788,84.07150774853866,84.4519271850586,6957064
2020-06-10,84.27635131654505,84.71529064631872,82.05239025964308,82.34501647949219,8914993
2020-06-11,82.4327911562291,83.63255124346983,80.47219235227702,80.58924102783203,9259185
2020-06-12,77.89711077073353,79.33097759953559,77.6630044142439,78.80424499511719,8424817
2020-06-15,78.83350249923356,79.00908001865707,76.37544401803518,77.31185150146484,8217803
2020-06-16,78.7164587600811,79.0090850008249,75.81946076276635,76.755859375,7130557
2020-06-17,76.75585263812386,78.3652968209535,75.55609230057281,75.76092529296875,9071758
2020-06-18,75.4975643048147,81.75976358901032,75.00009616171658,80.5307388305664,34586616
2020-06-19,81.93534920558686,81.93534920558686,79.12613544677501,80.3259048461914,17468335
2020-06-22,80.32589823178617,84.2470878348301,80.23811393696363,84.0715103149414,19716275
2020-06-23,84.83234044911079,85.8857966402874,83.80814866634756,84.18856811523438,10955603
2020-06-24,85.27128539384132,85.7102247581853,82.37428737521992,82.84249114990234,10639459
2020-06-25,82.14017811787105,84.07150389851498,80.96967331493875,82.16943359375,33546602
2020-06-26,82.4620652329043,83.69109892913588,81.70124420501607,83.16437530517578,8095985
2020-06-29,82.25722433861695,82.43280183982571,78.51160372371974,78.9212875366211,14575190
2020-06-30,79.79916925175706,80.26736403307588,77.45815962419096,77.75078582763672,9576074
2020-07-01,77.75078428683544,78.80423145416941,76.90216116946561,78.3360366821289,8412734
2020-07-02,78.45308958918288,79.00907760852756,77.72152405577059,78.18972778320312,7744251
2020-07-03,78.65793492432077,79.5358137021826,77.86784938239198,79.15540313720703,9092987
2020-07-06,79.76991548207221,80.47221667793993,79.15539858684637,79.50655364990234,9489759
2020-07-07,79.8869535406936,80.0040022360233,77.60447272591384,77.75078582763672,9903888
2020-07-08,77.80930571018006,78.68718432051735,77.01922031902231,77.75078582763672,12308795
2020-07-09,78.1311880009277,79.18464400721334,75.55608125688909,76.31690216064453,19347175
2020-07-10,75.79018321363363,77.3996272587108,75.02935333354863,76.78511047363281,17079028
2020-07-13,77.13626474841904,77.51667521976316,76.25838618663182,76.37543487548828,7748516
2020-07-14,76.31690566469942,76.31690566469942,74.91230354532163,75.0586166381836,7234601
2020-07-15,75.40976817487717,75.76091422349691,74.64893834083796,74.91230010986328,7037060
2020-07-16,74.76599277411978,74.9123058715251,72.92244685378844,73.82958984375,11776854
2020-07-17,74.09296090322242,77.28258950480384,74.09296090322242,76.43397521972656,11331564
2020-07-20,78.13121115892453,78.77499250087124,77.0777548403957,77.83858489990234,16601999
2020-07-21,78.1311997569141,78.71645218955015,77.25332110796,77.89710235595703,10375549
2020-07-22,78.24824688395621,80.00400414655915,77.6922588701806,78.48235321044922,14123342
2020-07-23,78.95054288008289,79.33096228710852,77.9556156152144,78.1019287109375,5534003
2020-07-24,77.78003941107484,77.78003941107484,76.08281104448724,77.01921844482422,8426361
2020-07-27,77.01921485178863,77.13626353880959,75.70239702975742,76.05354309082031,5361430
2020-07-28,76.1413355503671,76.52174601198175,75.23419260700642,76.3461685180664,5274135
2020-07-29,76.08280940364766,77.54594035371781,75.90723190359071,76.78511047363281,5729989
2020-07-30,76.84365344191215,77.07775086495798,75.08789597833568,75.26347351074219,5755341
2020-07-31,75.46828999871394,76.0828067624592,74.64894026721515,75.64386749267578,5309957
2020-08-03,76.02427900333956,76.02427900333956,74.97083188551821,75.14640045166016,4101202
2020-08-04,75.84871014824986,77.07773475777358,75.2049289740405,75.35124206542969,8225015
2020-08-05,75.58534936209828,76.14134632656015,75.02936132787997,75.17567443847656,6357451
2020-08-06,75.49756670583305,76.78512032096906,75.08789177332302,75.40978240966797,7904721
2020-08-07,75.79018744613853,76.28765556904054,75.23419944011123,75.9365005493164,6553466
2020-08-10,76.25838425642102,76.75584340403019,75.49755440274797,75.64386749267578,7123506
2020-08-11,76.17059000708474,76.66805807816206,75.90722823484941,76.1413345336914,5667893
2020-08-12,76.08280554955176,76.19985423357956,75.20492702398,75.32197570800781,10656110
2020-08-13,75.35124354696387,76.17059330275616,75.08788176333368,75.46829223632812,7332156
2020-08-14,75.70241889594884,78.57015274238096,75.55610576235037,77.1655502319336,23946105
2020-08-17,78.13119877085965,80.17958225923425,77.45816205391961,79.59432983398438,23263111
2020-08-18,79.9747314453125,81.08671628778337,79.38947908514119,79.9747314453125,14886444
2020-08-19,80.47219851017302,80.76482468657365,78.68717704808074,79.06759643554688,7439983
2020-08-20,78.48234260894883,81.35007551172579,78.04340335259059,81.05744934082031,16864753
2020-08-21,81.64270782470703,82.98879009818802,81.35008163178694,81.64270782470703,18104009
2020-08-24,82.3449989632477,82.75467379784264,81.20375873464694,81.81827545166016,7621483
2020-08-25,82.43279862433805,82.52058290639685,81.4671268704795,82.19869232177734,8785149
2020-08-26,82.25722644659561,84.24708103064118,81.90607143517914,83.07657623291016,20083642
2020-08-27,83.51552184661779,83.83741247638036,81.93534203625306,82.25723266601562,9356533
2020-08-28,82.5791179719714,83.33993895477796,81.14524243458287,81.37934875488281,9056278
2020-08-31,81.49639524611796,83.19362360374251,78.36529138987915,78.628662109375,18667357
2020-09-01,79.06760050085549,79.24316907152907,76.4924846579835,78.1019287109375,10566870
2020-09-02,79.30169379271803,80.4721984981456,78.86275452818269,79.7698974609375,16748685
2020-09-03,80.47219529788654,80.79408586512645,78.33602786753029,79.41873931884766,17375778
2020-09-04,78.4823496654035,79.85768743417258,76.87290558071602,77.51667785644531,9952446
2020-09-07,77.83856923552828,78.30677294179058,76.52175133492725,77.22405242919922,8781574
2020-09-08,77.31184103446223,77.63372269120927,75.70239702975742,76.05354309082031,7292289
2020-09-09,75.46828757985544,75.4975519829515,73.01022953390077,74.29778289794922,13115790
2020-09-10,74.9123128064973,75.08789032568625,73.4491816969954,74.12222290039062,12007280
2020-09-11,74.26852871320621,74.32705305881092,72.95171084405405,73.21507263183594,12588367
2020-09-14,73.74180565150391,74.23926932041432,72.62982514944896,73.12728881835938,12397073
2020-09-15,73.53697250595894,73.59549685894565,72.45425634777817,72.62982940673828,11537811
2020-09-16,72.92245220283122,72.92245220283122,72.04457355400471,72.48351287841797,8007948
2020-09-17,72.48352090414906,73.68329030977166,72.30794783401647,72.74688720703125,13049746
2020-09-18,73.30285795943284,73.30285795943284,71.92751580890683,72.366455078125,14611915
2020-09-21,72.36645038169794,72.65907654218591,70.87405517716098,71.1959457397461,9573596
2020-09-22,71.40078539046608,71.40078539046608,69.55723962875362,69.9669189453125,10042777
2020-09-23,70.08398051879378,71.69342474782661,69.61577677520822,70.84481048583984,9281239
2020-09-24,70.84477923455941,70.87403916492514,67.42105035826037,67.71367645263672,15979042
2020-09-25,67.88928139116375,68.82568437939685,66.66025219003771,68.5330581665039,15988801
2020-09-28,69.00126403465643,70.9911232371087,69.00126403465643,70.23029327392578,9441818
2020-09-29,70.90334918879033,71.1374511079668,68.56233892727103,68.85496520996094,12065137
2020-09-30,68.47452696438494,68.53305130808239,67.09918479444931,67.88927459716797,14036702
2020-10-01,68.53305322941252,70.05470853381212,68.09411394169409,68.62084197998047,9963165
2020-10-05,69.03052562161639,69.9376687173886,68.79642821055948,69.29389190673828,8141288
2020-10-06,69.84987386863877,69.84987386863877,68.064856706714,68.35748291015625,11221801
2020-10-07,68.53305163147547,68.5915759754491,66.86508327006058,66.98213195800781,11939558
2020-10-08,67.12845478411225,67.30403230661304,65.92868993076314,66.3091049194336,11663333
2020-10-09,66.33836321806521,67.8307587269483,65.72385083479469,67.2455062866211,15958362
2020-10-12,67.47961363048199,67.59666234199503,66.01648241095829,66.25057983398438,7949842
2020-10-13,66.30909532081839,67.09918512745821,65.7531028901302,66.6309814453125,9702168
2020-10-14,66.2505688898861,66.68950818323373,64.14366117484178,64.69965362548828,19663164
2020-10-15,64.87522544855753,65.95794145884338,64.1144000334124,64.72891235351562,15481671
2020-10-16,65.13860199391641,65.98721629323515,64.14367011130884,65.16786193847656,12231039
2020-10-19,65.84089499252293,67.50886343930922,65.10932949260601,67.12844848632812,18111350
2020-10-20,67.36256085958945,67.97707776153965,66.19205587692022,66.51394653320312,16554127
2020-10-21,66.51394218658923,68.41601265912848,66.45541783430471,67.36255645751953,20421726
2020-10-22,67.30402833338319,68.29895566182803,66.7773002620976,67.77223205566406,13653932
2020-10-23,68.35748506846967,69.17683489188082,68.00633004115443,68.88420867919922,11876035
2020-10-26,69.00125148096377,69.00125148096377,66.83581515324506,67.04065704345703,11243128
2020-10-27,66.83584256331783,67.39183519100709,66.04575247673078,66.68952941894531,10985477
2020-10-28,66.68952002555802,66.71878443635968,65.78238133729486,65.95795440673828,9366165
2020-10-29,65.54827004767115,65.81163184663549,64.69965583756688,64.87522888183594,11414157
2020-10-30,65.31417515038217,67.42108316198379,64.99228896902642,66.83583068847656,17773808
2020-11-02,67.06989993803275,68.0648313379842,66.45538781891435,67.71367645263672,12785804
2020-11-03,67.6551795771926,68.6208469734683,67.6551795771926,68.1819076538086,12319486
2020-11-04,68.18190855280359,68.18190855280359,66.5431999517519,67.18698120117188,7382741
2020-11-05,68.0941257621834,70.58144882436332,67.45034892146714,70.14250946044922,14904921
2020-11-06,70.37660932928353,71.63490302944273,69.23536880188449,71.28375244140625,18908916
2020-11-09,71.92753499876794,71.92753499876794,70.6107168397938,71.2544937133789,14950332
2020-11-10,71.54711699676227,73.39066323571555,70.81555138329846,73.03951263427734,15808417
2020-11-11,73.74181098003561,73.85885968760591,72.30794421925037,73.65402221679688,16757799
2020-11-12,73.77106194573088,74.03442372233103,70.81553573440358,71.45931243896484,35738360
2020-11-13,71.69342923706358,73.94665040577544,70.93259922237651,73.68328857421875,23377931
2020-11-14,74.53191036457044,74.61969913893488,74.06371100983104,74.3855972290039,3308333
2020-11-17,75.08787833995221,75.67313069033338,74.44409718243607,75.32197570800781,20369194
2020-11-18,75.3512428239075,75.40977163314928,73.65401005368456,75.0586166381836,18943803
2020-11-19,75.6802315172687,77.26532245219084,75.12078737891623,75.86671447753906,29186699
2020-11-20,76.64369868517427,76.76801746424675,74.68564708880928,75.49372863769531,17573909
2020-11-23,75.36941372935495,76.73693933921379,74.43700861105366,76.30181884765625,17269543
2020-11-24,76.9234421673943,77.4518042560119,76.3329206699615,76.61264038085938,18199200
2020-11-25,77.04774475097656,78.78823628583214,76.6126242384916,77.04774475097656,22813211
2020-11-26,77.45180478058852,77.91800746354846,76.6748003089886,77.73152923583984,13694237
2020-11-27,77.98017135498564,79.19230124582857,77.70045162611531,78.0423355102539,25297333
2020-12-01,78.32205158762326,78.94365517165201,77.51396503140228,78.57069396972656,8927107
2020-12-02,78.94364367652261,81.52329438064706,78.57068252890471,80.6530532836914,21081119
2020-12-03,81.64762597262006,83.29487150315599,80.34225478942471,82.95298767089844,25834042
2020-12-04,83.41917283721017,83.88537537857115,81.49220802386706,82.85973358154297,19371235
2020-12-07,82.85974995408114,85.28399985420802,82.67326700370594,85.03536224365234,14127211
2020-12-08,85.43941657323204,85.59481747987121,82.67328233203853,83.45028686523438,21479953
2020-12-09,84.16510864360065,85.47047976488551,83.54350515440147,83.72998809814453,18755465
2020-12-10,84.04078243981685,84.1961832984278,82.54893799111804,83.82322692871094,11912807
2020-12-11,83.72998933845653,87.45961032889929,83.60567053575843,85.93668365478516,30559578
2020-12-14,86.80692440648838,89.63522220975219,86.46505007168447,89.10686492919922,35605748
2020-12-15,89.29334377681481,89.72847383811819,87.52177939761735,88.95146942138672,18775793
2020-12-16,89.72847333322903,90.75411536357657,89.2001065388578,90.44331359863281,16119571
2020-12-17,90.28791754648027,90.28791754648027,88.57850774783779,89.16902923583984,12374964
2020-12-18,89.16900559306889,89.29332437575131,86.68259199975967,88.0811996459961,13628707
2020-12-21,87.8947451739842,87.95690932790053,80.40442938805869,82.64219665527344,20132655
2020-12-22,82.36246158276097,84.60023791784407,80.68413407390688,84.2272720336914,17257059
2020-12-23,84.22728287805725,84.97320525748455,83.35704168287833,83.94756317138672,10091831
2020-12-24,84.75563795763931,86.46504752089638,84.2894353494783,84.69347381591797,14518171
2020-12-28,86.9623363767229,86.9623363767229,85.28400862066242,85.56372833251953,15223089
2020-12-29,86.3407312809388,86.77586136385085,83.66784354257994,83.97864532470703,21146540
2020-12-30,85.00428424804669,85.00428424804669,83.41919332120933,84.28944396972656,14180071
2020-12-31,84.2894284559325,84.97318653436488,83.76106174926221,84.19618225097656,15237166
2021-01-01,84.16509815638547,84.69346485033535,83.94754265322372,84.13402557373047,6995084
2021-01-04,85.06644113409673,85.62588047937834,84.41375557465719,85.31507873535156,11669647
2021-01-05,85.00428164858155,85.00428164858155,83.54350957765557,84.00971221923828,12371842
2021-01-06,84.16511880604915,85.3461712690827,83.17055879419307,83.97864532470703,14133415
2021-01-07,84.84888458251953,85.47048813257462,84.22728103246445,84.84888458251953,17298525
2021-01-08,85.22184918125237,87.61501712079833,85.22184918125237,86.8380126953125,27964099
2021-01-11,87.33527746498636,88.88928596080463,87.21095868230393,88.0811996459961,24790683
2021-01-12,88.5785063949572,91.71760623786726,88.08122165505465,91.15815734863281,28433070
2021-01-13,92.30812656610588,92.49460952685926,89.20010883660737,90.62979888916016,21154236
2021-01-14,91.12708475888438,92.12164475377199,90.03927853999893,91.15815734863281,14755992
2021-01-15,91.25138710742982,91.74867175760342,88.48525368979112,89.04469299316406,10647008
2021-01-18,89.07579569232198,89.44875215264265,84.91105356677404,86.21641540527344,17085592
2021-01-19,87.55286496110207,88.20554110923824,86.77586051339941,87.08666229248047,8951075
2021-01-20,87.33531315672103,88.23663655566068,86.18534260588557,87.95691680908203,11820498
2021-01-21,88.26770336071064,88.36094009846275,84.87996593856825,85.37725067138672,10828875
2021-01-22,85.37722902263303,85.65694864987938,82.36244880086191,82.79756927490234,14810848
2021-01-25,83.8543105662369,84.2272764700341,81.33682391281519,81.95842742919922,10157077
2021-01-27,82.0516641473615,82.39354797829223,80.00037064669408,80.28009033203125,11638766
2021-01-28,79.56524876171115,80.77737370133198,79.44092995750432,79.68956756591797,11970139
2021-01-29,80.3422664664481,80.59090411609064,77.85585203034911,78.25989532470703,15268785
2021-02-01,78.57068334992698,80.65305412647335,78.2287995279374,80.18685150146484,12808349
2021-02-02,81.43007120768229,82.58004165610919,80.59090255775799,81.5854721069336,15485139
2021-02-03,81.58545780703018,85.78128135139173,81.58545780703018,85.31507873535156,25483402
2021-02-04,85.71912046208762,89.66630655500974,85.03536229022657,89.26226806640625,30751754
2021-02-05,89.57306781284444,89.69738661540154,86.6204511987593,87.5528564453125,19930467
2021-02-08,87.67718953351638,88.51634870119233,87.21098683427924,87.98799133300781,11810439
2021-02-09,87.95691197393613,89.16903713242364,86.21641994601943,86.55830383300781,8579689
2021-02-10,86.96233343320766,87.36638143436306,85.03536810625795,85.9677734375,8709612
2021-02-11,85.96775643618102,86.71367865667466,84.53806664736742,85.2529067993164,14150298
2021-02-12,84.84885950674385,85.15966118991874,82.5178468829322,83.20161437988281,16453706
2021-02-15,83.6056696237373,83.82323463977312,82.05166089467154,82.20706176757812,10557047
2021-02-16,82.23814218429344,84.16510727860938,82.23814218429344,83.13946533203125,11735144
2021-02-17,82.8597589955654,84.38268586746048,82.611111872961,84.04080200195312,8950258
2021-02-18,83.91648012492256,87.77042027812067,83.32595864324921,86.99341583251953,22069738
2021-02-19,86.99342446875737,89.01363622787605,85.3150965966271,86.55830383300781,22944780
2021-02-22,86.30964665150937,86.6515209762277,83.97863361070428,84.69347381591797,20401387
2021-02-23,85.53264897706005,86.15425250309997,84.66239834965391,85.09751892089844,19178437
2021-02-24,86.99341800356379,90.13251793911658,86.71369829315009,89.75955200195312,38775957
2021-02-25,91.31353631827055,98.02685498320565,90.59869619713064,97.03229522705078,85580477
2021-02-26,97.06337149986823,101.32135877614483,93.55131592521349,94.60803985595703,94115857
2021-03-01,96.65933632722593,97.65390563967179,95.54044822195331,95.94449615478516,22306110
2021-03-02,95.94449662671194,97.06337525257211,94.79452644634725,95.35396575927734,17565134
2021-03-03,96.34855636482632,97.77824651754607,95.60263395446934,96.28639221191406,17610904
2021-03-04,95.72694124056713,96.28638060969459,94.29725126012073,94.51481628417969,17162557
2021-03-05,94.48370985479409,94.91883030582669,93.05402024290312,93.92427062988281,17323282
2021-03-08,95.66477286677059,96.97014398359325,94.70129504973859,95.19857025146484,18727656
2021-03-09,96.31746021077551,96.31746021077551,92.3081195418018,94.29724884033203,14621175
2021-03-10,95.13639500423545,95.26071377776188,92.86753707649181,93.83102416992188,10788943
2021-03-12,94.48373585444352,95.1053393798017,92.61892527836898,93.55133056640625,14835735
2021-03-15,94.1621373944122,94.90155236430093,93.06909984203153,94.45146942138672,15783310
2021-03-16,94.51577211097549,95.19088673108277,92.97266138860917,93.67991638183594,11857531
2021-03-17,93.26197633591732,93.5191581389065,89.69352240701522,89.91856384277344,15554810
2021-03-18,90.97946830052054,91.14020941059213,87.57175480483106,88.11827850341797,14401450
2021-03-19,87.44316369881548,90.01502145466299,85.83575260141077,87.63605499267578,33294812
2021-03-22,88.47192066455801,88.47192066455801,86.99310032664118,87.21813201904297,11414253
2021-03-23,87.18598661969232,87.8610914688671,86.22153990846058,86.96094512939453,8887103
2021-03-24,86.09293089894592,86.89663641447328,84.90345262248046,85.06419372558594,10865477
2021-03-25,84.87130397245461,85.57856876323514,81.68863203565927,82.3637466430664,18629600
2021-03-26,83.0067114510469,83.84255735747014,82.74951979372864,83.32819366455078,9505615
2021-03-30,84.22834557422227,86.44657103366163,83.68182185035118,85.48212432861328,20582346
2021-03-31,85.51428455539039,85.51428455539039,83.58539091880264,83.81043243408203,14900610
2021-04-01,84.5176849727245,85.12849931019609,83.97117101219101,84.96775817871094,6226087
2021-04-05,84.80701431320017,84.9356150629305,82.33160685464745,83.45679473876953,9012457
2021-04-06,84.131906965808,84.77487145217762,83.1353100497632,83.77827453613281,6689423
2021-04-07,83.77827717259792,84.6784235574988,83.42464473179409,84.38909149169922,5657926
2021-04-08,84.42123906811784,85.99650009840268,84.35693869510236,84.64627075195312,9330363
2021-04-09,84.64627047440102,84.83916178195554,82.91026832812923,83.26390075683594,10149401
2021-04-12,82.29944254637503,82.49233382701472,79.47039822775758,80.17765808105469,11334755
2021-04-13,80.24196183233067,82.58877804842061,80.24196183233067,82.26729583740234,7809483
2021-04-15,82.26731374734908,84.09976667342944,81.62434918533641,82.460205078125,8924391
2021-04-16,82.84597996619486,83.5532350315303,81.7207871828198,82.20301055908203,10358366
2021-04-19,80.75634496995568,81.0135317661724,79.34182494890884,80.1133804321289,7131534
2021-04-20,80.37055448355923,81.17426002839483,79.75974023165593,80.049072265625,7738871
2021-04-22,80.14552318857203,80.69204201395512,79.72759529665684,80.4027099609375,8514980
2021-04-23,80.33840977389909,81.81723003933598,79.88833660029466,81.10997009277344,8992991
2021-04-26,82.13870209542424,82.29944319541528,81.33499659546901,81.62432861328125,4967884
2021-04-27,81.65648408777574,82.23515306633404,81.39929733003544,81.97796630859375,3982954
2021-04-28,82.29945130107004,83.23174781066814,81.97796906942523,82.62093353271484,6206074
2021-04-29,83.42464939343186,83.61754071836332,82.07442483520224,82.33161163330078,8345584
2021-04-30,81.9136673165051,86.54301404010027,81.65648056984494,85.54641723632812,27396950
2021-05-03,85.51427435511128,85.80360640391538,84.35693634903568,84.9999008178711,10262391
2021-05-04,85.22495526947438,87.31459011103404,85.03206393731212,85.38569641113281,9926789
2021-05-05,85.51427702444546,86.47872375780386,85.19279477999265,85.6107177734375,4877341
2021-05-06,86.28583808627519,87.08954374991572,85.99650600953663,86.54302978515625,7632817
2021-05-07,87.05737124962496,88.72908252590537,86.80018942751612,87.98967742919922,12644960
2021-05-10,88.15043330281969,95.48022438150024,88.15043330281969,94.54792785644531,45098431
2021-05-11,94.16213005183675,100.78466502694299,93.32627440842103,100.10955047607422,66582000
2021-05-12,100.23817176167498,102.68143907090852,97.60202293162513,98.69506072998047,42959024
2021-05-14,100.27031309855396,100.27031309855396,93.93711857886176,94.38719177246094,23140309
2021-05-17,94.51576001750101,95.8981294539582,92.58686695591935,95.25516510009766,17076463
2021-05-18,95.86600930560672,96.31608248606986,93.93711583717085,94.16214752197266,10295029
2021-05-19,94.16212665439252,98.05206291584847,93.29413067247154,97.63414001464844,23999878
2021-05-20,97.9877868796783,97.9877868796783,93.9049681493599,94.29074096679688,22983457
2021-05-21,94.5157953348532,96.18750720389572,94.41935457008044,94.6443862915039,13009821
2021-05-24,95.223055328737,96.28394292915475,93.64778430691712,95.73741912841797,14192862
2021-05-25,96.31608526429609,96.4446762037291,94.58008305480094,94.80511474609375,10434892
2021-05-26,95.0301456220505,95.15873654710457,93.35843416377139,93.67991638183594,9948786
2021-05-27,93.71208437745989,94.06571684671675,92.65119678054985,92.9405288696289,24064196
2021-05-28,93.6156235236511,95.67310770651913,93.06909984203153,94.45146942138672,16465504
2021-05-31,94.54793544221839,95.41593166517573,93.2620063911467,94.96585845947266,11767444
2021-06-01,95.5123875522727,96.05890154291274,94.45149013951152,94.90157318115234,9307143
2021-06-02,94.83726543066727,96.38037633366979,94.5157831749701,95.86601257324219,10714318
2021-06-03,96.44466894980324,96.70185080932576,95.54452263061538,95.83385467529297,9282774
2021-06-04,95.8017004828395,99.273704495458,95.28732697445118,98.43785858154297,29422387
2021-06-07,100.30246230468751,102.1349150595978,99.94882986644134,100.46320343017578,31071589
2021-06-08,101.20261376982597,101.26691414759709,98.24498279869799,100.3024673461914,12874065
2021-06-09,100.94541392393825,103.77445344714472,99.7880760059507,100.55963134765625,30443113
2021-06-10,101.00972977899218,102.07061731015531,100.14172375468782,100.62394714355469,11459484
2021-06-11,100.94541795386807,106.08913351839638,100.72037647357642,104.57816314697266,61728565
2021-06-14,105.44617118838146,105.44617118838146,100.01312347651776,102.45639038085938,30836595
2021-06-15,103.58157999176473,104.06380334403391,100.78468062425976,101.04186248779297,30153988
2021-06-16,101.13831806581007,102.10276481822874,99.5630569990315,100.01313018798828,14098443
2021-06-17,99.6595020890953,99.91668397659407,97.3448258581658,97.8270492553711,15784276
2021-06-18,98.3735588312851,98.88793234290146,93.29414370486289,94.12998962402344,24823176
2021-06-21,93.87280314817266,95.1587319584216,92.26539213536148,94.83724975585938,15038290
2021-06-22,95.73741663015842,96.12319928071277,95.03016151862256,95.60882568359375,12494441
2021-06-23,96.34825359627297,96.83047706810444,95.25520587809898,95.4480972290039,7983220
2021-06-24,95.44806868164703,95.86600145208602,93.87280777364461,94.12998962402344,12929173
2021-06-25,94.35503933690175,95.96245056921695,94.35503933690175,95.6409683227539,7400514
2021-06-28,94.5800957186091,95.80172452308248,94.5157953348532,94.6443862915039,8217659
2021-06-29,94.58009037567999,95.09445417322586,92.55474613211601,92.90837860107422,21576435
2021-06-30,93.61563608356724,94.77296434673794,93.29415383027319,94.29074096679688,12919448
2021-07-01,94.25859785489698,94.70867103427615,93.55133299383006,93.64777374267578,5668038
2021-07-02,94.51576238659251,95.57664967271118,93.90494819728607,94.93368530273438,20805994
2021-07-05,95.15873498016967,96.76614604402388,94.90155313429642,96.38036346435547,10401054
2021-07-06,96.47681095109841,96.89473389008603,94.4514671884414,94.83724975585938,9579038
2021-07-07,94.83724984195702,95.64095534909224,94.22643561870589,94.86940002441406,6067804
2021-07-08,94.51577743139023,95.25518265021726,93.42273979061403,94.03355407714844,12349670
2021-07-09,94.03354395732698,94.83724946123576,93.64776139110748,94.3228759765625,4963821
2021-07-12,94.38718128526098,95.06229590607879,93.93710814166867,94.12998962402344,4010172
2021-07-13,94.51578048239202,95.48022722200827,94.29073898547107,95.2230453491211,5717442
2021-07-14,95.12657419149704,96.05887054242335,94.67650110596614,95.25516510009766,7216739
2021-07-15,95.15873166279927,95.41591349970679,93.64776139110748,94.3228759765625,7257500
2021-07-16,94.35505162355923,95.19090753537792,93.4227549495872,93.58349609375,10819800
2021-07-19,93.22983782584699,94.12998405982225,92.58687342704805,92.87620544433594,5158738
2021-07-20,92.90836282582961,93.26199523474331,91.1080604075172,91.8796157836914,6271740
2021-07-22,92.58689121305689,93.48703761995093,92.10466782132221,93.0369644165039,4772582
2021-07-23,93.03694921648236,93.2298405038344,92.16895313968585,92.65117645263672,3419739
2021-07-26,92.58688354492188,93.55133024851482,92.10466019312541,92.58688354492188,4423596
2021-07-27,92.90837311205286,93.39059650190781,91.36526218886102,91.59029388427734,4245486
2021-07-28,92.23325120735029,92.77977493088598,90.69014040456359,92.61903381347656,8834228
2021-07-29,92.61903834088706,93.0048111550115,91.23665877707698,91.39739990234375,8237916
2021-07-30,91.49384583420289,93.16554756586925,90.81873118007299,92.13681030273438,9526451
2021-08-02,92.77976703088926,93.16553979330861,92.00821169519217,92.52257537841797,6164197
2021-08-03,92.52257815260357,93.06910184599086,91.94391408619477,92.74761962890625,5648929
2021-08-04,92.68333196705981,94.74082628714909,92.68333196705981,93.0369644165039,8839351
2021-08-05,93.22984824821859,93.80851234748454,91.4295457681501,93.51918029785156,6237158
2021-08-06,93.61561346646442,95.44805598101485,93.39057201918367,93.93709564208984,10812438
2021-08-09,94.83725902297734,95.06230051110434,91.5259959373662,92.10466003417969,12986298
2021-08-10,92.39399692335698,92.7476293614304,90.49725360569379,91.42955017089844,14022502
2021-08-11,91.87961104854116,92.81191729968191,90.75442332144145,92.55472564697266,8356558
2021-08-12,92.61904635563415,94.32289850656015,92.39400483644293,92.84407806396484,7685737
2021-08-13,93.26200327840836,94.06570890850347,92.0725150215237,92.4261474609375,9455100
2021-08-16,92.45828703331637,92.6833186973916,91.14020798911511,91.30094909667969,5259207
2021-08-17,91.36526692669531,91.65459901343988,88.21473472975312,89.5328140258789,13714266
2021-08-18,89.5328191750306,90.1757837651565,88.72911343737324,88.95415496826172,7654460
2021-08-20,88.40760252251629,88.76123489477793,86.80019156756144,87.18597412109375,8877297
2021-08-23,87.63606202997128,87.70035259251483,85.35353612619491,86.12509155273438,7768805
2021-08-24,86.3822911838264,88.02184293701136,86.15724966706823,87.57176971435547,7452062
2021-08-25,87.76464159595167,89.4684933509437,87.76464159595167,89.2756118774414,7817617
2021-08-26,89.27562680632573,89.62924944078573,87.66821551928969,88.2790298461914,6845692
2021-08-27,88.66480034410817,89.56495652776562,88.11828640735939,89.08273315429688,4418540
2021-08-30,89.11487448497643,92.55472832067902,89.11487448497643,92.32969665527344,11333690
2021-08-31,92.32970471399265,93.9692563152605,92.10466321808633,93.77637481689453,14301855
2021-09-01,94.25858988746354,94.2907302604557,92.52257806810522,92.71546936035156,8415876
2021-09-02,94.75824723091871,94.75824723091871,93.04495087535358,93.30854034423828,7787657
2021-09-03,93.50621731502497,96.96574981692203,93.40737755122042,96.43859100341797,12734022
2021-09-06,97.39407892153137,97.42702886110284,95.08772392026667,96.43859100341797,9712271
2021-09-07,96.86692853320014,97.59178712242009,95.91144043280059,96.99871826171875,9475870
2021-09-08,97.09755111397527,98.7449475695574,96.40564259164877,98.2836685180664,7873034
2021-09-09,98.28366476437265,99.46979217807268,97.52586644571105,97.95418548583984,9519564
2021-09-13,98.58021449849447,102.73164579950001,98.38252489965832,101.87500762939453,35672746
2021-09-14,102.36923187198725,102.46807164904115,101.05131455174235,101.94090270996094,8804432
2021-09-15,102.46806749074548,106.91603826606723,101.64436919901924,106.12528991699219,24591822
2021-09-16,106.85014003867666,107.41025890770575,103.81893631103766,106.94898986816406,18440504
2021-09-17,107.21255568053365,107.60793483842198,102.4021561824708,103.25880432128906,17317065
2021-09-20,102.73165506165107,103.81894292582294,100.68888916926633,101.6114273071289,12541523
2021-09-21,102.59985767449554,104.11546454916812,101.11720074262448,103.06112670898438,13645046
2021-09-22,103.62126107909475,107.08079443785626,102.13860392533982,106.81721496582031,18861877
2021-09-23,107.90447825155346,112.0229697878723,107.4761591537407,110.2767333984375,31399318
2021-09-24,110.77093527657425,111.66052327809453,107.34434280359272,109.45301818847656,17259638
2021-09-27,110.0460829579379,111.46283988423478,108.95880532193425,110.07903289794922,9099672
2021-09-28,111.0345234576669,116.17440251891482,110.80388392703702,115.02122497558594,41551332
2021-09-29,114.98829397368208,129.81486482988748,113.86806618664004,122.3686294555664,100988643
2021-09-30,123.62063251918184,126.19056693612593,121.3142775099054,121.97323608398438,48957916
2021-10-01,122.17090905444674,125.13622247863145,120.19403343832359,124.34547424316406,25492957
2021-10-04,126.84955143015301,127.40967035453664,124.08192686447752,125.16920471191406,23341448
2021-10-05,125.8611259776282,131.06689627620366,125.46574669081184,130.44088745117188,42359592
2021-10-06,131.79171963263704,134.2957643166392,126.32236125690056,127.08016967773438,41926821
2021-10-07,128.33219857589967,128.46398829644596,124.70792595886527,125.66341400146484,16517664
2021-10-08,125.92700207115513,126.32237122831586,121.31429151990272,124.18075561523438,28978175
2021-10-11,126.52005021098753,131.59402938034196,126.28941068082634,129.71600341796875,34952223
2021-10-12,131.26456099522494,132.45068857554034,126.0258417416522,127.376708984375,25216411
2021-10-13,127.83799236891953,128.20042167785508,124.77383832637163,125.235107421875,17378156
2021-10-14,125.20214159342434,126.38826915634422,120.12816207667301,121.1166000366211,29542941
2021-10-18,121.77558500088341,123.7195113980188,120.85303667255754,122.10506439208984,15468914
2021-10-19,123.42293626040492,124.51021382686376,120.98479167916648,121.57785034179688,17403803
2021-10-20,120.39173882495267,120.8530078516561,116.89925610006547,118.94203186035156,15921230
2021-10-21,119.93045898673272,120.58941755259389,117.88768341059918,120.19403839111328,15586097
2021-10-22,120.85300977548604,121.44607858061195,115.51545085881777,115.91082000732422,13603152
2021-10-25,116.1414734003645,116.80043211469281,113.99985757879749,114.72471618652344,11744666
2021-10-26,113.99985591100896,115.97673202507269,113.17615753014907,115.35072326660156,11602891
2021-10-27,115.77903265529773,116.40504136106546,113.86805659455176,114.39522552490234,9535881
2021-10-28,113.9998305546091,113.9998305546091,109.35417070888732,109.74954986572266,24509136
2021-10-29,108.72815184003184,111.69346507203271,107.60792440781324,108.36572265625,14826816
2021-11-01,108.72818417639894,113.30794507466491,107.93743575700746,112.51719665527344,13585170
2021-11-02,112.97846082561405,114.49406776237159,110.93569500208108,111.49580383300781,14278962
2021-11-03,110.83683511486073,112.7478210982525,110.2767263347453,111.85822296142578,8974463
2021-11-04,112.81370168692803,112.9454913858736,111.85821380093581,112.48422241210938,973260
2021-11-08,112.68192707045198,114.79059270055428,111.03453047585472,113.14319610595703,8761953
2021-11-09,113.37383540720022,113.60446489700104,111.75938875895115,112.35244750976562,5723308
2021-11-10,111.95706958022937,112.58308833588316,109.68366426968379,109.84840393066406,9212143
2021-11-11,109.32123824996137,110.47441591105763,108.85996919650512,110.04609680175781,6453205
2021-11-12,111.26517292428672,111.26517292428672,109.1894471279861,110.01314544677734,7027513
2021-11-15,108.23396021883252,110.44147575819785,105.10390657475669,105.26864624023438,19400018
2021-11-16,106.09232492998274,106.52064395897855,104.51082845609581,104.80735778808594,8505431
2021-11-17,104.8073828731772,104.93917260172607,102.59986721406473,102.86345672607422,7477627
2021-11-18,102.83049007242144,103.950717665441,100.82066436014246,101.08424377441406,12981172
2021-11-22,100.29349252529731,100.75476151415367,98.25072698753056,99.20621490478516,11522286
2021-11-23,98.84378037776347,103.29175049476282,98.84378037776347,102.9293212890625,13305061
2021-11-24,104.31314788404082,106.52065315036661,102.53396168366936,104.84031677246094,18809310
2021-11-25,106.42179259634523,107.27844061584236,102.7975210218567,104.47786712646484,22402592
2021-11-26,103.950705692106,105.03798321937839,102.36920927881727,102.73162841796875,11829847
2021-11-29,102.73164106443875,103.22586001129443,100.09580668120839,101.64436340332031,18176163
2021-11-30,104.44493582374172,104.44493582374172,99.73338595838868,100.16170501708984,56643275
2021-12-01,101.21605495326072,102.96229139332704,100.52414634411531,102.50102233886719,16283427
2021-12-02,103.39059274706189,105.13683894213584,102.23741528150552,104.97209930419922,15647910
2021-12-03,104.77442724380134,105.89465495806729,104.28020824736832,105.26864624023438,20414051
2021-12-06,106.14149904682645,106.45573161691146,103.41813589915326,103.73236846923828,24185368
2021-12-07,104.81472778881486,105.40827579274738,104.15133493853503,105.19878387451172,7866368
2021-12-08,105.61777634335492,105.96692601721725,104.77981925712582,105.37336730957031,7313306
2021-12-09,105.96694034278049,107.18896436650283,105.19880669435918,106.59540557861328,9423435
2021-12-10,106.59540013716965,107.36353374637956,105.37337617582875,105.65270233154297,7419042
2021-12-13,106.70016340312827,106.70016340312827,103.31340663993635,104.04662322998047,9888293
2021-12-14,104.04660269042489,104.57032720061159,102.47542915986477,103.97676849365234,8474759
2021-12-15,104.15136543054368,105.16390822258748,103.31340816747701,103.41815948486328,5410912
2021-12-16,103.4181456376405,104.81474444082158,103.03407883572505,104.5703353881836,7539061
2021-12-17,104.11644524557462,104.32592654230434,101.95171283427246,102.26594543457031,8758284
2021-12-20,101.497839203083,101.70732053431834,97.16837366733172,98.25074005126953,8858645
2021-12-21,99.01884833446582,101.95170342524754,98.73952220593279,101.00899505615234,8097050
2021-12-22,101.56766444117895,104.32594545183794,100.86936491163465,101.49784088134766,6798820
2021-12-23,102.12628485824978,103.31339167940763,101.95171001233824,103.1388168334961,4857807
2021-12-24,103.34831476655516,103.45305541808847,101.53273200181802,101.88188171386719,4568316
2021-12-27,101.2534243469672,102.30087356434962,100.62495907861953,101.98664093017578,3534825
2021-12-28,102.12630390370757,104.22120244532208,102.12630390370757,103.94188690185547,4907497
2021-12-29,104.2211973070083,104.2211973070083,102.16121597368955,102.47544860839844,4216568
2021-12-30,102.47543642799047,104.04661006998691,100.48527888604703,102.09136962890625,24782255
2021-12-31,101.91680672026851,103.0340901475582,101.4978334264382,101.98664093017578,5320232
2022-01-03,102.82459484378704,108.89979797686131,102.6500199798757,108.44590759277344,29486720
2022-01-04,108.93471153109681,109.38860190039487,106.3859228631238,106.83981323242188,13744440
2022-01-05,106.83981343772186,107.74760483326612,106.21134820899323,107.32862091064453,8454060
2022-01-06,107.88727136235487,108.41099598061872,106.874739231419,107.99201202392578,12446900
2022-01-07,108.23640939638096,109.94724083321854,108.20149229456723,109.59809112548828,11679683
2022-01-10,110.19166391005248,112.42622019278107,109.66793928182524,112.21672821044922,14655298
2022-01-11,112.18178477051185,112.18178477051185,110.40112997669605,110.71536254882812,7670386
2022-01-12,112.00723856341469,112.25164765709849,110.68047373965854,111.27403259277344,6334581
2022-01-13,111.27403244624631,116.23195263051622,111.02962335288434,115.04484558105469,20271714
2022-01-14,115.0448455810547,116.02246064409242,113.9973963041407,115.04484558105469,10211720
2022-01-17,115.63839030535065,115.98754002166488,113.15942518847896,114.31161499023438,8384625
2022-01-18,114.5210929506009,115.56854197149055,111.93738749678027,112.28653717041016,6574122
2022-01-19,112.4261845112579,115.11464101165117,112.28652678576248,114.45124816894531,11503199
2022-01-20,114.87025143580996,117.48887418890594,114.41636108735463,115.25431823730469,17462235
2022-01-21,114.03228269763892,114.03228269763892,109.98214445339413,110.85501861572266,14466758
2022-01-24,110.47095239845241,112.00720880069188,108.0967389272825,109.1441879272461,10854431
2022-01-25,108.23640040844128,112.8451804298495,107.74759298925014,112.53093719482422,7267866
2022-01-27,110.9597761605741,112.6357012007346,110.33131093001629,112.11197662353516,9269062
2022-01-28,112.14687541257562,115.21938816831658,112.14687541257562,112.88008117675781,10310726
2022-01-31,114.10211291873257,114.10211291873257,111.1343405930382,111.58824157714844,5811200
2022-02-01,113.12450291957107,114.13703491960065,110.75028921914286,113.85771942138672,7248713
2022-02-02,113.82279261625501,114.94007582426238,113.299068110352,114.41635131835938,5369074
2022-02-03,113.89261433040257,114.62582003414927,112.14686616871768,112.63567352294922,4654885
2022-02-04,112.63569324861757,113.68314232906621,111.72790191452148,112.00721740722656,6402287
2022-02-07,112.181804416875,113.82281241624612,111.48350495419865,112.39129638671875,5871041
2022-02-08,113.01976077158382,113.4736511139584,110.57571290143702,111.69298553466797,14158927
2022-02-09,112.07704728866895,118.25700088722802,111.72789760864194,117.7332763671875,35079516
2022-02-10,118.01260259730826,118.9203939790975,115.2194049026974,117.3492202758789,17724098
2022-02-11,117.2793853596299,118.22209383792094,115.35906195623994,116.26685333251953,10097767
2022-02-14,115.98752168485285,116.09226232110686,112.5309315156417,112.88008117675781,9478670
2022-02-15,113.6482148638047,115.11464770477333,111.6231510883738,114.27667999267578,16850616
2022-02-16,115.39396613396406,115.91769063986708,113.68313487905468,114.41635131835938,10653203
2022-02-17,115.00990917052327,115.56855082215439,113.61331036904708,113.85771942138672,6906440
2022-02-18,113.82280327937183,117.48887516413687,113.5434877788044,116.82549285888672,23740696
2022-02-21,117.43733032160173,117.68926892982026,115.0619593685019,116.03369903564453,14870901
2022-02-22,114.8100181206477,115.63779755697374,111.93077001730856,115.09793853759766,11654816
2022-02-23,115.42188208413013,116.82551357310635,113.87427937908521,114.09022521972656,7627472
2022-02-24,110.85105763753255,112.8665336094525,107.25199732462565,107.97180938720703,12115340
2022-02-25,109.5913677541872,118.69698439259669,109.5913677541872,117.65325927734375,17079977
2022-02-28,116.93349530623878,122.3320870653769,115.56585645397568,122.0441665649414,20872239
2022-03-02,123.08787625650717,133.6331197412385,123.08787625650717,133.0212860107422,72648396
2022-03-03,136.47635299538533,142.3428161183853,134.49687009108416,136.0084686279297,74050073
2022-03-04,136.0084678601687,137.4840845771916,129.92605898525173,130.2859649658203,36095156
2022-03-07,133.84903873543496,138.2039035169043,130.78983774612848,135.82852172851562,41642776
2022-03-08,136.04446789620056,137.9879580980258,134.3169234909024,136.15243530273438,22940456
2022-03-09,136.7642643317762,137.1961558756809,133.59709628800258,134.35289001464844,13870658
2022-03-10,132.44543249735858,132.44543249735858,127.44274036874306,128.8103790283203,30890343
2022-03-11,130.28597716025834,131.3656952030229,129.02630611036633,130.82583618164062,14663558
2022-03-14,130.2859733871837,131.11375280261345,128.01856995642595,129.81809997558594,8306420
2022-03-15,129.49416616211232,129.566151750913,123.44775014045322,124.45548248291016,14074860
2022-03-16,124.52748471145189,127.98258474984895,124.45549911303227,127.33474731445312,11846738
2022-03-17,128.84634663283776,129.5661586252,126.32700465957,127.08280944824219,20052773
2022-03-21,128.01859413895963,134.13699735986145,127.76665549530254,131.2217559814453,20271556
2022-03-22,132.19348916679925,133.74109178820942,129.92608542125325,131.97755432128906,12372751
2022-03-23,131.43769867827837,132.62538429349223,129.0623164643892,131.76161193847656,13731315
2022-03-24,132.22945908987003,135.6845588052091,131.9415386900331,134.89276123046875,16323203
2022-03-25,134.8927781586297,135.97249626870453,132.87731313992518,133.95703125,10044811
2022-03-28,133.95703462214252,139.42759992749083,133.52514297385622,137.6640625,19132062
2022-03-29,138.20389679939515,138.34785699520273,133.52511904316563,133.88502502441406,10622472
2022-03-30,135.28864734119813,135.28864734119813,131.00576864004222,131.65359497070312,10298319
2022-03-31,132.55339868746535,133.09325778228282,130.7538683714071,131.76161193847656,9435203
2022-04-01,132.30147477849593,134.7848244882629,131.94156870509602,133.99302673339844,13505929
2022-04-04,133.52513721938456,136.04447943107107,132.87731075833506,135.14471435546875,9490374
2022-04-05,135.32465588140664,136.00847508411547,134.49687647551588,135.25267028808594,7637664
2022-04-06,135.82852964415312,141.8029717681319,135.5406092217643,139.5355682373047,46157039
2022-04-07,140.36337036292798,141.83898747882037,136.6923239754359,137.30416870117188,21712301
2022-04-08,140.1473808484763,143.0986141606331,138.45582939974219,140.03941345214844,20151959
2022-04-11,140.00342491455777,142.52276675106654,139.17564556165982,141.37106323242188,12393619
2022-04-12,140.90319165875835,140.90319165875835,132.6613468848612,133.88502502441406,18907630
2022-04-13,135.32465746636402,137.7000392887953,133.66908765173253,134.31692504882812,14216953
2022-04-18,134.316920128542,137.41210286193103,132.87729616567856,136.36837768554688,13052104
2022-04-19,137.80801631046361,146.30180079174403,137.23216446735879,142.34283447265625,59341710
2022-04-20,143.92640881207572,147.95736045051632,141.8749511792208,143.3145751953125,38356653
2022-04-21,144.8261960460321,149.6489350433073,144.68223581902382,148.9291229248047,43683145
2022-04-22,148.31726795672307,150.44071120527303,144.86216808641723,145.50999450683594,24007670
2022-04-25,143.71046736676294,145.54599023958,134.4248965750435,135.64857482910156,26465084
2022-04-26,138.34785493192933,138.419840520489,135.6485601128225,137.77200317382812,20819291
2022-04-27,137.34014955997344,138.05996165307238,134.31694096565,134.9647674560547,12214126
2022-04-28,136.04449446849847,138.56383695865586,134.71283761603064,136.9442596435547,12706800
2022-04-29,138.56381148599152,138.92371748985124,130.93379981078166,131.6176300048828,21654415
2022-05-02,131.50964117128456,135.97247306808737,128.73837175168978,135.0727081298828,21289439
2022-05-04,135.86451340061262,137.26814458739727,134.24493641967817,134.85678100585938,18239949
2022-05-05,136.40439414522294,138.16793160898348,132.94929383825595,133.77708435058594,12651103
2022-05-06,132.80531087300307,136.00847200089044,131.76158569427022,134.89276123046875,14257553
2022-05-09,133.84906271171957,133.84906271171957,130.68189374884162,131.76161193847656,10549451
2022-05-10,131.00576451108122,132.33742090636272,121.50424972125481,122.40401458740234,19965511
2022-05-11,123.5917395286603,125.03136377706278,118.94895352425459,122.26009368896484,20641617
2022-05-12,120.82046552485122,122.51201737182524,118.51705801529008,120.24461364746094,10406343
2022-05-13,122.36804697355436,124.99535652989664,120.92842289151254,121.43228912353516,11590435
2022-05-16,122.00814387891933,124.38352586794434,120.820458376137,123.59172821044922,7437937
2022-05-17,124.81538375820642,133.16520650544467,124.6354307764423,132.84129333496094,28092052
2022-05-18,134.13699386436798,134.96477341459294,130.86184649948157,133.56114196777344,15425248
2022-05-19,130.35798753174893,132.0855323351177,130.07005607554612,130.42996215820312,9396007
2022-05-20,132.80531955285633,134.49688221696775,132.1215003209564,133.8490447998047,6365038
2022-05-23,133.84903177626052,134.42488354099942,131.29369712135966,132.66134643554688,7794071
2022-05-24,132.04952289809478,134.4249049411363,130.42994573012928,131.2577362060547,8572565
2022-05-25,132.58936451288577,133.56111507922236,129.60214918941412,130.0700225830078,7926434
2022-05-26,132.4094142955569,133.8850310821325,127.94658212284438,131.90554809570312,23140556
2022-05-27,132.80530922771987,135.79252452699225,129.92606133118394,130.89781188964844,16408080
2022-05-30,132.4454285131834,135.25269135458922,131.40170314822282,134.7488250732422,10577525
2022-05-31,133.88501722922214,140.5432774946539,133.3091654960607,138.85171508789062,21380248
2022-06-01,140.00342986129016,142.0189055984016,139.06767209226066,141.119140625,30867456
2022-06-02,141.4430697419825,143.38656010663064,139.85948540721216,142.666748046875,17646759
2022-06-03,143.96241473667513,144.68222681035851,141.22712665998617,141.802978515625,25335178
2022-06-06,141.44307187566807,141.65901769354443,139.06768984594947,140.25538635253906,22020642
2022-06-07,139.39159430904357,143.92641226522582,139.35561249454565,142.19886779785156,12961285
2022-06-08,142.52278211004392,145.36603743524424,141.4430640637557,142.27084350585938,13059792
2022-06-09,141.76697351131588,144.25032275505365,141.44306030273438,143.06263732910156,10562238
2022-06-10,142.05491097423456,143.45854226035308,141.26311333413688,142.8826904296875,6741014
2022-06-13,141.55103675838325,142.09089580167756,136.44037773860668,137.5200958251953,8516696
2022-06-14,136.11645917167542,140.00343973758692,136.11645917167542,138.34786987304688,6727598
2022-06-15,138.31184551938782,139.53553447712284,136.15240992356001,136.8002471923828,5805589
2022-06-16,137.8799873212804,138.77975229860087,128.91833034386036,129.49417114257812,14490962
2022-06-17,129.56615080011528,133.05724314561297,129.13425923739808,131.47364807128906,15215695
2022-06-20,130.93379350829784,130.93379350829784,125.7871422942212,127.29875183105469,23276003
2022-06-21,128.1265612494636,133.6331197412385,128.1265612494636,133.0212860107422,7564329
2022-06-22,132.98526212446237,132.98526212446237,128.8463432762044,129.09828186035156,6560404
2022-06-23,129.78210865386026,131.0057868841078,125.85913536418745,127.51469421386719,9304799
2022-06-24,128.59440804212724,129.85407902876113,125.82313846160831,127.08280944824219,8171322
2022-06-27,129.56614666089004,131.58162225008445,127.7306240531691,131.04176330566406,7063839
2022-06-28,130.39396003497166,134.56887249213568,130.10603958280635,134.1729736328125,9844211
2022-06-29,133.8850191432119,136.94421984944123,132.19345671226645,135.864501953125,16856241
2022-06-30,135.3966523351495,136.04447879316135,131.4016932215154,133.5971221923828,8693744
2022-07-01,133.16521908706727,133.99299848800854,127.11880272190312,131.90554809570312,17248729
2022-07-04,131.905535420045,133.66907244179322,128.91832032096895,131.04176330566406,8780396
2022-07-05,131.72561075510058,133.30919513579215,130.82584565431435,131.3297119140625,5313753
2022-07-06,131.36569250591896,131.6176311041087,128.12653844412918,130.7898406982422,9367397
2022-07-07,132.40940830460374,134.31691659529574,130.60987839836162,133.88502502441406,6322630
2022-07-08,134.6408626886733,138.13194496994683,134.6408626886733,136.62034606933594,14647592
2022-07-11,136.00850950834123,139.8595090730515,135.18072989293657,139.17568969726562,9048841
2022-07-12,138.7797466454119,140.57927652674906,138.27588047532927,139.571533203125,6942704
2022-07-13,139.5715328099427,141.1911096985837,138.92370644786982,139.24761962890625,7842930
2022-07-14,139.6435426076253,140.6872679201139,136.9802401257184,138.20391845703125,6795141
2022-07-15,138.9237342187113,139.57156071028467,136.33240628549606,139.21165466308594,5610793
2022-07-18,140.00342948294394,141.73097383382284,139.53555609142313,140.79522705078125,7600779
2022-07-19,140.3273464869191,143.67447885990725,139.643527287102,142.70272827148438,9913955
2022-07-20,143.6744811947037,144.25032201435414,142.0908859902862,142.41481018066406,5519522
2022-07-21,142.41482234435787,143.56651506548477,141.29911143993763,142.95468139648438,6167419
2022-07-22,142.95467225887063,143.85443728823546,141.65900841989327,141.8749542236328,4844223
2022-07-25,142.16287303335167,145.18608130116644,140.0754225821952,144.6102294921875,10207034
2022-07-26,145.00613631675495,146.33779301219852,143.63849780532126,145.61798095703125,12853314
2022-07-27,145.68996535828768,147.34553539306708,145.25808468625462,146.44577026367188,7343180
2022-07-28,146.84166500049872,147.5614770838345,144.9341673730432,146.01388549804688,5096403
2022-07-29,146.55372997932136,152.9240596929565,146.30179138183593,152.06028747558594,12477455
2022-08-01,152.96006163474956,153.82383390375963,151.01657128361188,153.1400146484375,7849924
2022-08-02,153.31995245637793,156.37915338567186,152.34820188545382,154.9395294189453,12615631
2022-08-03,154.7236075377387,154.7236075377387,150.29676754932845,152.67214965820312,9949919
2022-08-04,152.70813026876627,153.64388818104078,148.38925773530926,149.10906982421875,8058280
2022-08-05,149.360980644213,151.34046352022062,148.1013097231172,150.0447998046875,31999040
2022-08-08,150.80061419815488,155.58735961106095,149.03707699252945,155.04750061035156,16358151
2022-08-10,155.37140842750583,158.6825366929183,155.08347706738846,158.2506561279297,14267910
2022-08-11,164.9280660497537,165.5118844398436,159.08990441967393,159.52777099609375,28800337
2022-08-12,159.81966878272655,162.19142185826928,158.90745606136394,161.75355529785156,8861089
2022-08-16,163.76042677332885,163.76042677332885,160.87783673949897,162.665771484375,7844356
2022-08-17,163.10368228451463,163.10368228451463,160.65894702205827,161.60765075683594,6119157
2022-08-18,161.60758956580233,162.48331147577852,160.98729164996462,161.82652282714844,4233196
2022-08-19,161.7535705997564,161.7535705997564,157.41143986238626,158.4696044921875,8783707
2022-08-22,157.33846056529478,161.24272447864342,156.2073145210874,159.308837890625,10390480
2022-08-23,158.36012774793426,163.24958568634165,158.06822413251646,162.62928771972656,9344364
2022-08-24,162.55633070562402,164.92808412781608,162.00900299281048,163.21311950683594,10825973
2022-08-25,163.24958320741646,165.76728804224356,163.24958320741646,164.12530517578125,13077805
2022-08-26,166.1686858614339,169.30670020437287,165.29296377711404,167.8106689453125,12673156
2022-08-29,161.57107996928727,169.0147431735441,161.57107996928727,168.28497314453125,8757016
2022-08-30,169.16072613053993,171.8608735084745,168.4674467022797,171.35003662109375,12991363
2022-09-01,171.02165746731762,172.80959229968613,167.51875814416934,168.0660858154297,9682321
2022-09-02,168.57692615591316,169.63509078132495,166.5335672481534,167.33631896972656,4599518
2022-09-05,167.84716412513842,169.56212873449434,166.752508706931,169.01480102539062,4909470
2022-09-06,169.81753540039062,171.24058516460022,168.57692819916713,169.81753540039062,5307321
2022-09-07,169.99996738630375,174.6340126519937,169.5621119436258,174.3056182861328,12751679
2022-09-08,175.50975588066768,175.50975588066768,171.53251000151437,172.55418395996094,7677716
2022-09-09,173.3204358786012,173.68532100676666,170.2918937689919,173.39341735839844,8436280
2022-09-12,174.05021014944782,174.45158602676977,166.38762228123315,168.9418182373047,19053188
2022-09-13,169.81752650618063,171.71493351602345,168.32149534096723,168.7958526611328,9884429
2022-09-14,167.95659885514183,170.6202666360134,167.51874343781856,169.2701873779297,7705022
2022-09-15,170.1094533412269,171.45952165114772,169.4891441613913,170.9486846923828,5386854
2022-09-16,170.6567620635642,170.76622313705244,167.51874804379293,168.6134033203125,8750965
2022-09-19,168.5404308836018,169.78103803642094,166.89844788079148,167.774169921875,4011597
2022-09-20,168.57690210409964,170.620260720322,166.8984285573667,167.7376708984375,6890375
2022-09-21,167.7377099626367,169.8175486618518,165.767321220186,168.9783172607422,5673523
2022-09-22,167.8106651885119,168.7958594709476,164.56318983351355,165.6943359375,7677219
2022-09-23,164.19828913956317,165.6213387516909,161.27920844374873,162.62928771972656,5495315
2022-09-26,161.27923966339182,162.0819914642972,155.0761919840306,157.2655029296875,7832594
2022-09-27,157.6303612102881,160.33050868912318,155.2586080902259,156.09783935546875,5795048
2022-09-28,154.4923600614438,155.73296726228094,152.44900112955366,153.8355712890625,6134706
2022-09-29,154.5653286360588,157.01005209395422,153.72608623540654,156.09783935546875,8962595
2022-09-30,155.44106548835026,157.6303762698763,151.6827531008947,154.89373779296875,12875386
2022-10-03,155.44105553482322,159.0899066037158,154.93021861226023,156.86410522460938,11397506
2022-10-04,159.30884320705644,163.4685312849944,159.16289138834827,162.92120361328125,10862095
2022-10-06,164.19830485635958,170.83921852915867,163.94288081686338,170.40135192871094,12795784
2022-10-07,170.03644811257678,170.4378239296239,166.24164548907748,167.62820434570312,14641624
2022-10-10,165.6578215481845,169.30667224307845,165.36591794675644,167.7376708984375,10850668
2022-10-11,168.5404549416756,168.5404549416756,163.46855339165086,164.52671813964844,19154740
2022-10-12,164.59967211525296,170.0364579203895,164.59967211525296,169.37966918945312,9256951
2022-10-13,169.45263811588075,171.9338634757056,168.64989757758616,171.1676025390625,7231841
2022-10-14,174.37858169341519,174.37858169341519,171.75141573555717,172.48118591308594,6241886
2022-10-17,172.48121669827844,174.0867091483151,169.96350022810395,173.68533325195312,5623812
2022-10-18,174.05022000876133,176.71387720252963,172.8461034439973,176.38548278808594,6674374
2022-10-19,176.60441294178503,177.33418324319734,172.95556143472334,173.83128356933594,13886387
2022-10-20,172.95553772479172,176.9692738323291,170.4743234942961,175.87461853027344,10755972
2022-10-21,175.87459467842214,176.1300186684254,173.72177510342348,174.1961212158203,3285505
2022-10-24,175.80163873659674,176.38545713035617,175.14485000324842,175.50973510742188,730136
2022-10-25,175.5097743689605,175.8381688090965,173.64885769430697,175.1083984375,6976548
2022-10-27,175.83812647906524,176.31248378765684,174.41507682410943,175.8016357421875,6422639
2022-10-28,176.60437580125813,180.83704488638656,175.54621131382822,178.35581970214844,14076967
2022-10-31,179.52347499118875,180.61813032650088,177.73554017059425,179.4869842529297,8365329
2022-11-01,180.25326074708872,180.25326074708872,177.51662217299324,179.26806640625,8813106
2022-11-02,179.2680454887585,182.15064669211787,176.7138497843,179.3775177001953,14974441
2022-11-03,178.06392614597257,180.69110328097855,175.87461557860405,179.66941833496094,6754654
2022-11-04,180.03431323561836,181.49385369336218,179.15859118805406,179.55996704101562,5511411
2022-11-07,180.47218321398907,183.4277549234689,180.07080735349498,182.11416625976562,10513106
2022-11-09,186.45629863179724,192.22147914511336,185.7630191222836,186.67523193359375,40391668
2022-11-10,188.2442220638579,190.10512706732217,183.9750621649963,185.06971740722656,20832572
2022-11-11,188.8645161815201,188.9374976546521,184.19399142171542,184.81430053710938,20165337
2022-11-14,185.76301613794985,187.0036233143189,179.70592094107718,180.39920043945312,18762693
2022-11-15,182.10840584501088,185.56567824311165,179.15614587390507,180.3603515625,20225373
2022-11-16,181.29263588012014,182.9629939277943,179.0007332664387,182.49684143066406,9764275
2022-11-17,182.38033102315438,182.38033102315438,179.46690720489312,180.55458068847656,5737884
2022-11-18,180.5934207188046,181.4480297429109,177.29154053755505,178.3403778076172,6413585
2022-11-21,177.9130715853014,179.00074501029795,176.1261693687346,178.26268005371094,6430876
2022-11-22,177.56346392273244,179.2338220875759,176.86423512798885,177.9907684326172,5885877
2022-11-23,178.6899754258069,179.54458439800447,177.91306248917294,179.1561279296875,5693274
2022-11-24,179.27265118822226,180.08841210195726,176.63115207729473,177.52459716796875,8198891
2022-11-25,178.41806642907625,181.5257184416341,176.98078448611923,179.7776641845703,10046363
2022-11-28,179.11729253356242,180.8264987436477,177.446922489245,178.57345581054688,8146840
2022-11-29,178.84537220445472,179.69998125579477,175.8542642342679,176.51463317871094,6628470
2022-11-30,176.5146187786648,177.79653225109652,176.0096301061846,176.553466796875,12154948
2022-12-01,177.44694001129596,179.0007661474886,174.7277442729589,175.66004943847656,22435771
2022-12-02,175.660066377711,177.13619660753898,175.03853349234782,176.04852294921875,6325649
2022-12-05,176.0484621690536,180.08840674700568,175.97076613967485,179.66110229492188,8732711
2022-12-06,180.2438176048687,180.63227410832747,178.30153508757485,179.97189331054688,7394839
2022-12-07,180.36034447615873,180.36034447615873,177.6799970525697,178.49575805664062,4519547
2022-12-08,178.4180781488237,179.66114377740075,177.91308940551252,179.00076293945312,3135706
2022-12-09,179.1172889949434,180.5157347227498,176.9807783108576,177.79653930664062,4197165
2022-12-12,177.40809244855592,181.56456998309085,177.21386419400517,180.55458068847656,7881379
2022-12-13,181.3315235403015,182.14728471457838,179.54463278824738,179.8942413330078,4878457
2022-12-14,180.04959109862102,181.17611259862213,179.73883063474202,180.3603515625,4730078
2022-12-15,180.16610999389758,180.70995854762094,176.90307794531196,177.29153442382812,5221433
2022-12-16,177.13615621957496,178.61228611283767,173.48466765091112,174.5334930419922,7757065
2022-12-19,174.5335194079685,177.01965075813882,174.41698718738363,176.59234619140625,4073907
2022-12-20,176.2815704091515,176.2815704091515,173.5235385012117,175.66004943847656,3784271
2022-12-21,175.97080210172516,176.90309537104878,172.513541473326,173.9119873046875,3675466
2022-12-22,174.10619413711706,175.38809574283889,170.2216294473532,173.0185089111328,4755089
2022-12-23,170.9208822751624,173.1739255268883,166.4147839169575,167.07516479492188,6561011
2022-12-26,167.07515329644528,172.1639361303671,166.45362048726932,171.50355529785156,3116608
2022-12-27,172.47468303098518,173.17389997704808,170.64893277051337,171.89199829101562,2961726
2022-12-28,171.89200441493105,174.22274345784538,171.34816767586807,173.406982421875,3015714
2022-12-29,171.54238986310747,174.30043333730575,171.27046557581627,172.2027587890625,4784105
2022-12-30,172.66891008040815,175.93194223066246,172.66891008040815,174.84426879882812,4102247
2023-01-02,176.16503213748783,176.51464063516747,174.1450534879465,174.6112060546875,4210225
2023-01-03,174.8054181023841,175.38810282939204,173.25159216369622,174.106201171875,3643132
2023-01-04,174.30044851514137,174.41698073141282,168.00744803192885,168.7066650390625,9550461
2023-01-05,168.434756010922,170.06626634569005,167.19169035654883,169.48358154296875,8815728
2023-01-06,170.1439500984539,170.84316706928655,164.70555899941658,166.45361328125,12237065
2023-01-09,167.30820881683118,169.13394713967182,166.25937159059762,166.9974365234375,6967190
2023-01-10,167.03627642463235,168.82317849686916,166.41474372279993,168.3958740234375,5400260
2023-01-11,168.82321147600035,169.75550478349467,164.86095010070883,165.79324340820312,7637956
2023-01-12,167.42476731951078,168.59013692962338,165.32710439225863,166.18170166015625,7161675
2023-01-13,166.41473917950466,167.58010851809328,165.90975054134958,167.1139678955078,3671193
2023-01-16,167.42473740605584,167.73549783799515,165.05515058457917,166.0651397705078,3987352
2023-01-17,166.06515411448115,167.15282757496774,164.00633940186307,165.56016540527344,5871758
2023-01-18,166.1428480604229,168.86204353208444,165.63784750283486,168.4735870361328,6441530
2023-01-19,168.39588361539893,174.65003529709404,167.15281814092813,173.98965454101562,12938871
2023-01-20,174.6888795890435,178.1072917887818,173.0573576704521,176.35923767089844,13444947
2023-01-23,177.52461940230907,179.00074935128106,176.51463013760386,178.76768493652344,8736715
2023-01-24,178.84540655050625,180.24385260546498,176.51466707715974,176.825439453125,4252051
2023-01-25,176.98078134311714,177.1361615700353,173.83428136533072,175.69886779785156,3855827
2023-01-27,176.35925070287172,176.86423941012026,170.37702298390082,172.7854461669922,6171667
2023-01-30,172.7854757825874,176.20390067560032,171.50357385692857,175.46583557128906,6172517
2023-01-31,174.8054207550742,177.40808398377249,173.95081173392666,174.6888885498047,7424552
2023-02-01,177.13617313017417,177.13617313017417,166.37592278365526,171.4258575439453,24008324
2023-02-02,171.69775580468468,172.2415924792698,168.5901041159121,169.0950927734375,6806578
2023-02-03,169.36703669289264,171.4646994552946,166.7255371927941,170.06625366210938,8776614
2023-02-06,170.2993350946704,171.19279219878746,167.5412914463342,170.610107421875,5742881
2023-02-07,170.61010572702685,171.81431143688164,168.59012711189595,170.6877899169922,4907167
2023-02-08,170.9265794156599,172.83681339630965,170.44901484801173,171.52352905273438,6316867
2023-02-09,171.92147985857653,172.55822850926901,169.69286565363794,170.7673797607422,4383159
2023-02-10,170.32961466182772,170.647982915357,167.9020172575132,168.33978271484375,4954439
2023-02-13,168.3397880528804,170.09083779275784,166.46934110541565,169.573486328125,6142208
2023-02-14,169.57347231293636,170.56838823574756,168.0214059023448,168.53875732421875,6758731
2023-02-15,167.94181885917578,170.17043310241488,167.38466833460865,169.45408630371094,9612884
2023-02-16,169.9316523452182,172.3194507388278,169.6132840840585,171.4837188720703,13093683
2023-02-17,171.0061547919016,173.7123212617019,170.48879122166605,173.11537170410156,7243093
2023-02-20,173.39395366478632,174.26947239886238,171.88167415961337,173.7521209716797,8479587
2023-02-21,174.1500960169452,174.4684642733774,169.81226476196156,170.36941528320312,4655766
2023-02-22,170.76737847987695,171.80209351136995,168.41937923396955,168.6183624267578,6003852
2023-02-23,169.49387777040835,171.88167603572043,169.09591139285632,171.0459442138672,6219715
2023-02-24,171.92147034968812,172.9561853317126,170.88675536766365,172.7572021484375,5154174
2023-02-27,172.7174266345525,173.5133594761864,171.20515909343666,172.67762756347656,4841279
2023-02-28,172.39905304671908,172.67762224572937,168.73775722996723,171.4439239501953,6054079
2023-03-01,171.44392595953386,174.30928899274554,170.7275912737165,174.1103057861328,4510175
2023-03-02,174.1102824413076,178.64709651478432,172.995981491671,177.3736114501953,11354939
2023-03-03,178.20936561275332,180.23899687024428,177.01546630187295,177.45323181152344,7089438
2023-03-06,177.45319790364636,179.48282877331408,176.4980810664408,179.00526428222656,4771341
2023-03-08,178.96548461914062,179.20425472939698,177.21442284412734,178.96548461914062,4271464
2023-03-09,178.96548876488697,180.63694030025076,178.0103597218559,178.92568969726562,4263468
2023-03-10,177.45322215058482,179.32366916045493,176.25932290470294,178.56753540039062,3670173
2023-03-13,178.44810969325007,179.68180781265193,174.58784336830973,175.741943359375,3877606
2023-03-14,175.74195004409805,177.33381551162617,174.18988364225208,175.94093322753906,5723922
2023-03-15,176.65726879012573,177.6521847127385,174.7868341425956,175.02560424804688,2992144
2023-03-16,173.95112087712877,177.05525402850995,172.20007109570938,175.78176879882812,4988245
2023-03-17,176.69709943250936,179.8410318808051,175.18483181787755,176.41851806640625,15720256
2023-03-20,175.10520128208975,176.3786985130383,171.68268810076407,172.7572021484375,4244575
2023-03-21,173.63272086786614,174.2694694833404,171.8816712840392,172.7572021484375,3998751
2023-03-22,172.63779390529095,172.63779390529095,169.61325942900947,170.289794921875,9675449
2023-03-23,169.65307483901864,170.92657220235634,169.05612522713614,169.81227111816406,4730918
2023-03-24,169.73266544440187,170.2500168937472,165.55401834670852,165.9121856689453,6611089
2023-03-27,165.9519888850994,167.30507221679912,165.23565422272034,165.8723907470703,4002212
2023-03-28,166.66832162021157,168.14080214192794,165.91218789756152,166.27035522460938,6157526
2023-03-29,167.10608291159795,171.04594770068405,165.87238468704345,169.49388122558594,16734166
2023-03-31,168.89692534425978,170.56838895966445,168.06119353655745,170.051025390625,5139018
2023-04-03,170.40921058306648,175.7817567701019,170.17042832353755,175.22459411621094,7754066
2023-04-05,175.34401238389688,178.48794476798412,175.34401238389688,177.09506225585938,6491910
2023-04-06,177.05523201366557,177.6123824914366,175.34398151516106,176.45828247070312,4589598
2023-04-10,176.25932812969725,178.64712669224446,176.02054584444824,176.7368927001953,3498235
2023-04-11,177.29404127384865,178.52773961294153,176.69709163992997,178.0103759765625,3995959
2023-04-12,178.28895295153035,181.47268425423624,178.01037160455513,181.23390197753906,5136012
2023-04-13,181.39306759087785,182.78594989357867,178.64710205169024,179.4828338623047,3478451
2023-04-17,179.4828557939468,183.02475451033197,179.40325765179244,182.74618530273438,6265943
2023-04-18,182.7461794985772,184.97478166846128,182.4675981548562,184.8155975341797,8004952
2023-04-19,185.92991408541025,186.7258469160071,182.2686182066763,183.38291931152344,7424582
2023-04-20,182.98491374862158,184.25841086311434,182.34817733634378,182.7063446044922,2589165
2023-04-21,183.06452527589687,183.42269257026888,181.0348944144963,183.1043243408203,2459508
2023-04-24,182.70641289298504,184.65644621061108,182.70641289298504,184.29827880859375,2587030
2023-04-25,183.9798385997593,184.8951684910082,182.9849227255556,183.2635040283203,2570946
2023-04-26,183.0645380030519,183.58188944811587,181.47267245519927,182.8655548095703,3439487
2023-04-27,182.86554723778718,185.05436227545383,182.38798273521743,184.45741271972656,3349374
2023-04-28,185.0543721175389,186.8452208799667,184.33803747055595,185.5319366455078,4771074
2023-05-02,185.6115414359838,188.99425610762256,185.53195543657532,187.9197540283203,3773537
2023-05-03,187.87993719493176,190.18813742409128,186.725837080352,188.5564727783203,4523385
2023-05-04,188.51667980683465,189.4319976264534,186.36765163039038,188.99423217773438,7248108
2023-05-05,189.31261672310458,189.43200178220604,187.84013622101102,188.95443725585938,3043479
2023-05-08,185.05438069108257,185.77071537125317,183.06454864064082,185.3329620361328,9711437
2023-05-09,186.88500000863425,190.06873080215453,185.85028507174633,188.1186981201172,7318928
2023-05-10,188.59627659068397,188.83505886228588,186.6860427078104,188.2779083251953,3650159
2023-05-11,188.27788354237956,189.5513685816775,187.60133588605586,187.95950317382812,2675726
2023-05-12,187.95950306181388,188.83503389359694,186.44723578324587,187.083984375,2348435
2023-05-15,186.72582262028413,190.7054862554567,186.12887307500827,189.19320678710938,4217892
2023-05-16,190.02894911176367,192.37694835765842,188.99423408027624,191.77999877929688,6016484
2023-05-17,191.7800149082991,193.968830213041,191.6208307696758,192.29737854003906,4968232
2023-05-18,192.61572383783246,193.3320584486629,190.18812654228728,190.7054901123047,3512113
2023-05-19,191.023811980166,192.29730891802052,188.07886397446515,190.9442138671875,3810543
2023-05-22,190.54627090752027,191.97895210166814,188.99420467426359,189.98912048339844,2891415
2023-05-23,190.18813924436512,191.1830552397269,188.4768885903311,190.4667205810547,3213453
2023-05-24,189.67079278234974,192.21777536859156,189.43201050817717,191.81980895996094,2422138
2023-05-25,192.0187765419815,192.77491022786785,189.35239696309966,191.06365966796875,3810138
2023-05-26,190.86465978798867,192.9738765396814,190.3075093389537,192.21774291992188,2646742
2023-05-29,192.2575623186546,197.11274491089802,191.66061274333998,195.87905883789062,8069985
2023-05-30,195.99844710749764,196.71478175162827,193.6504478351024,194.44638061523438,4657906
2023-05-31,197.31174738861117,197.31174738861117,190.4667322095966,192.018798828125,15727646
2023-06-01,183.38291131346608,184.57681050729065,182.38799531861227,183.34312438964844,35509867
2023-06-02,181.8706498737598,185.77071584457408,181.55228160286634,183.7808837890625,36400588
2023-06-05,183.46249323833692,184.01964371722514,182.62676144751978,182.82574462890625,19807347
2023-06-06,182.9053573997991,183.58189298368356,180.47775996357717,181.31349182128906,13495524
2023-06-07,182.0696374896613,184.25845280374466,181.55228600068466,183.6217041015625,21853324
2023-06-08,184.17882965687028,184.17882965687028,181.19408190652146,181.55226135253906,8538256
2023-06-09,182.2288221817273,182.62678860367689,180.9553369184714,181.19410705566406,5137982
2023-06-12,181.67165089902917,182.46758365214652,180.39815363605348,182.2686004638672,4261576
2023-06-13,183.064537380768,183.30331964112827,181.47267183832656,182.2288055419922,5574798
2023-06-14,182.98493924565784,182.98493924565784,181.11450452027128,182.2288055419922,7034468
2023-06-15,182.42777817819373,182.78594547552282,181.3930632064889,181.95022583007812,6363240
2023-06-16,181.87063184204462,182.8257487050001,181.472665470399,181.91043090820312,8518319
2023-06-19,181.87062608798226,182.10940833240895,180.35835878156232,180.79611206054688,8210198
2023-06-20,181.27368353748216,181.27368353748216,179.48283485269914,180.87571716308594,5024593
2023-06-21,181.31348961571885,182.10942239529183,180.23897550530717,181.83084106445312,4705567
2023-06-22,181.7910324135967,182.7461614147122,180.358363201863,180.63693237304688,6566989
2023-06-23,180.75632219947022,181.11448948779767,178.92567454861194,179.8011932373047,3881707
2023-06-26,179.8808085185267,180.23897584100754,177.69199337062426,178.52772521972656,6145625
2023-06-27,180.15938316821004,180.51755047740735,178.20933821097034,179.20425415039062,6282912
2023-06-28,179.2042535326338,181.19408540461495,178.40832078384133,180.87571716308594,19512531
2023-06-30,181.39307713732768,184.13905496600194,180.47775929108326,183.8604736328125,7850296
2023-07-03,184.2584378174523,186.04928656513812,182.94515359380418,184.37782287597656,7860203
2023-07-04,184.85539022641,185.2931556893095,183.3033237170123,184.49722290039062,3662791
2023-07-05,184.49721339395745,185.33294520825433,183.14413015150865,184.1788330078125,4859892
2023-07-06,184.17885058456653,187.8401464323378,183.86048231300862,186.72584533691406,7254947
2023-07-07,184.65641015207666,187.7207562992266,184.41762788236863,186.24827575683594,6393850
2023-07-10,187.04421719637784,187.52178175784647,185.3329664502293,186.04930114746094,6223180
2023-07-11,186.08909162535417,187.68095723011345,185.85030935564612,186.24827575683594,10775084
2023-07-12,187.04421494634883,188.8748628833286,185.96970076845582,186.566650390625,11313272
2023-07-13,187.04421717100317,187.2829994517051,182.2686201368499,182.98495483398438,20205328
2023-07-14,183.06452152948737,184.7359850623095,182.86553835391183,183.90025329589844,7390502
2023-07-17,183.8604577093243,185.17374183497455,182.82574274776712,183.2237091064453,4963515
2023-07-18,182.82576150654202,185.01457670385471,181.1145108466313,181.67166137695312,6168942
2023-07-19,182.42777817819373,182.9849286568134,181.63184545303147,181.95022583007812,5247533
2023-07-20,181.99002390026325,183.62168851580626,181.2736892617177,182.8655548095703,3195629
2023-07-21,182.74616497372557,183.46249959354316,181.9104331539584,182.2686004638672,3903407
2023-07-24,182.26859704170428,184.65639525622444,181.9104297385202,183.82066345214844,3456895
2023-07-25,184.89518132842755,184.9349803951528,182.1492157539646,183.0247344970703,11024983
2023-07-26,183.50227769979918,184.01962907224342,182.18898152018375,183.4624786376953,7574284
2023-07-27,183.8604617900408,184.57679639357255,181.5920486372407,182.3083953857422,7837850
2023-07-28,182.74616427262026,183.0247334481606,180.557349209945,180.75633239746094,8817344
2023-07-31,181.87064074533976,183.0247408506159,180.55735651260667,182.46759033203125,19422170
2023-08-01,183.06453550241125,192.05857815391505,182.22880367221057,191.3024444580078,22409256
2023-08-02,191.9391685059894,193.5310339288712,184.89517129671887,186.68601989746094,25003960
2023-08-03,186.68602157447918,187.12378699869802,182.62675985167803,183.1043243408203,13949266
2023-08-04,185.29316737927834,188.23811645507814,183.462519420277,186.04930114746094,6725977
2023-08-07,186.84523341493406,187.840149460807,184.8952003940174,185.4125518798828,6744074
2023-08-08,185.45231895156843,187.36255257205184,182.50737039291934,183.2635040283203,13828141
2023-08-09,185.65133086865703,187.60136385500346,183.54211374678715,186.84523010253906,35271302
2023-08-10,186.84519930486437,188.47686375121694,186.6064170684522,186.96458435058594,10749822
2023-08-11,186.24824978631847,187.52174695053733,186.04926661346985,186.96458435058594,6132454
2023-08-14,187.84014973054113,187.99933386911513,183.6217032609881,186.16868591308594,6092872
2023-08-16,186.24824481369774,186.8849933788067,184.73597759841164,185.4921112060547,4576249
2023-08-17,186.00948841287527,186.16867254001457,183.9400704701234,184.8951873779297,5602132
2023-08-18,185.0571769878003,185.42161972256974,183.84235963339458,184.20680236816406,6904019
2023-08-21,184.20679689043018,186.9198938443617,183.8423541664981,186.3529815673828,4955953
2023-08-22,186.59593221832586,187.9322386621331,186.02901995023822,186.87939453125,4280368
2023-08-23,187.28433206152522,187.48680160969985,186.51495025001378,187.00086975097656,2524601
2023-08-24,187.77026960671742,188.41816229428872,185.05717263590938,185.66458129882812,6378317
2023-08-25,185.46210006911016,186.35297099507895,184.2472828197492,184.4092559814453,3890957
2023-08-28,185.057171514577,186.31248521522147,184.24729330225935,185.82655334472656,3360861
2023-08-29,185.82653676005938,186.59591852154307,185.25962453358503,186.23147583007812,3112560
2023-08-30,186.35295340141556,186.8793692166688,185.05714351466443,185.25961303710938,4086281
2023-08-31,185.46209495974446,186.6364157968896,184.97616313028314,186.31246948242188,10403460
2023-09-01,186.83889564160103,192.14360024857206,186.79839926061825,191.86013793945312,14869577
2023-09-04,193.35840555139123,201.6191600918778,192.87247372522629,200.68780517578125,24785966
2023-09-05,201.9431444907177,207.24783708711095,200.4448648006187,206.8024139404297,19654487
2023-09-06,207.28833165047,208.78659896965095,204.53475059625126,207.16685485839844,13346191
2023-09-07,207.32880930656935,222.51402483195284,206.35695798449683,221.9066162109375,72255521
2023-09-08,222.39255781039884,230.3698629929162,219.39599859567986,228.46664428710938,41855413
2023-09-11,230.00537118103625,230.1673566807509,224.53869422514896,225.91549682617188,14505153
2023-09-12,226.76587838325253,226.80636240389896,217.85721887533904,219.27450561523438,17547706
2023-09-13,219.88190501825108,227.98068605023084,217.85720976025613,226.48240661621094,17607568
2023-09-14,227.8187203977642,228.54763052658146,224.09330057079814,224.78167724609375,12033796
2023-09-15,225.55105149614812,230.12685783115302,224.7816574127367,226.19894409179688,13288180
2023-09-18,226.1989716404842,228.99306131998696,222.27108213827012,227.7782440185547,8754852
2023-09-20,226.36096175244543,233.24492660001533,226.03701540860533,230.2483673095703,18615797
2023-09-21,230.734283570252,232.27304713601205,225.63206103233176,227.13034057617188,11071899
2023-09-22,226.76587670640217,231.70613824918118,226.11798408773438,229.47897338867188,8691024
2023-09-25,230.24837226889474,234.05480985868786,227.697260772363,233.28541564941406,9118957
2023-09-26,233.60939264198424,235.9985186659537,231.74665782536496,232.2325897216797,11256196
2023-09-27,233.24493720109152,237.6182748305074,230.41036331149493,236.1199951171875,12805340
2023-09-28,236.11997287220214,238.22566107777195,234.05479340483828,235.0266571044922,12432497
2023-09-29,237.13230725592464,240.93874436401765,235.99848281378604,239.07603454589844,8640829
2023-10-03,240.57431018286846,240.614818922309,234.9456715044213,236.4034423828125,9348540
2023-10-04,235.51257035027174,236.07949497570146,231.5441721188273,233.20443725585938,6338888
2023-10-05,233.89277854708797,235.31006518059996,229.92438091635788,234.33822631835938,8687014
2023-10-06,235.63406757111377,235.6745515941141,232.43503885742524,233.0829315185547,3741467
2023-10-09,231.66564469625334,234.01431120276936,229.23601014373668,233.0829315185547,4647845
2023-10-10,233.4474072185117,246.1219969778172,233.08295211721725,245.5955810546875,23283411
2023-10-11,246.6483717950163,247.0128268355714,242.51801315149228,244.4617156982422,12321154
2023-10-12,245.0285877978552,250.33330371733373,244.50217202208668,248.79454040527344,15375295
2023-10-13,247.012812080501,251.75060374711572,246.56738902689065,249.40196228027344,9516879
2023-10-16,249.32098702517732,254.01827028847765,248.26813062787272,252.68197631835938,10535107
2023-10-17,253.49183923985655,257.82469191437616,252.7629539103854,257.0552978515625,7760527
2023-10-18,257.01486432153763,258.9585671537861,255.3141150749994,256.69091796875,9662837
2023-10-19,255.35461565979622,255.6785867491149,250.13091550410672,254.94967651367188,8977527
2023-10-20,253.08694369282045,256.4884421022607,250.73830179845544,253.00595092773438,6009115
2023-10-23,253.12738533735833,253.37036359193556,247.01281568768982,247.9036865234375,8086150
2023-10-25,247.90373254297504,253.24893383419823,247.01286154185078,251.30520629882812,7253336
2023-10-26,250.37386766857605,250.37386766857605,245.31212837107321,247.21534729003906,8329092
2023-10-27,247.82273453042203,256.8528717115471,247.82273453042203,254.2612762451172,10503070
2023-10-30,255.11161691846863,255.75950955141874,252.64149845038656,254.74716186523438,6229982
2023-10-31,256.5289222031429,256.56940622730576,251.66965295856875,254.5042266845703,7446586
2023-11-01,253.65383762057115,255.75950096472488,247.70122848255178,248.34912109375,9593653
2023-11-02,250.21188265661473,253.32989399009188,248.87556383881423,250.13088989257812,7071960
2023-11-03,251.5481518805475,254.86865715347588,251.30517361246837,252.68197631835938,4658440
2023-11-06,253.65384087155286,258.79654723820823,253.49185535891777,256.3669128417969,10340818
2023-11-07,256.32645265128565,258.1891626421638,254.0182948170086,254.5042266845703,6826885
2023-11-08,255.9214734817721,257.6627064120414,254.74714037863922,257.0552978515625,6424833
2023-11-09,257.9057429230852,262.8054965315316,255.67857769824172,262.0361022949219,15503280
2023-11-10,262.76493754472966,264.1417153707428,260.41627147794253,261.91455078125,8445203
2023-11-13,269.6894550173003,283.4573851533186,267.50277387419425,282.93096923828125,42178783
2023-11-15,290.74627019232605,290.74627019232605,282.3235419599422,283.94329833984375,35092206
2023-11-16,285.88701073692806,287.10182806300566,279.2865082083441,280.0558776855469,17617280
2023-11-17,281.8375773612871,282.28300042780603,277.221262328645,279.61041259765625,13542916
2023-11-20,281.8376013771567,285.401060359511,278.5576046956134,281.6351318359375,19032608
2023-11-21,283.752711836455,286.7172924078806,278.54352543076817,283.0751037597656,15148068
2023-11-22,284.4302820071001,286.2090352827191,279.51755948309295,281.3386535644531,7599447
2023-11-23,281.6351296319514,284.64205075154416,279.5175722662976,283.2868347167969,6186567
2023-11-24,284.04911442421803,285.82786755716097,281.2962901955709,281.8891906738281,7054445
2023-11-28,283.58326133382394,290.105348112783,282.3127269625271,289.6394958496094,10791886
2023-11-29,290.5288617304585,292.2229075714524,286.378454589841,289.9783020019531,14149513
2023-11-30,292.2229195177018,292.2229195177018,286.33609963995593,289.80889892578125,11959336
2023-12-01,291.20649322796703,297.3897765560468,290.06303287228786,293.6205139160156,15105221
2023-12-04,297.3897685488975,304.9282677768973,297.00859787454056,300.4390563964844,22705896
2023-12-05,301.2861012330124,301.92136850366194,296.45805963643954,301.1590270996094,15782945
2023-12-06,301.3707730673631,307.0458375071311,295.99219769651063,298.2791442871094,14817158
2023-12-07,299.67671300818796,299.67671300818796,295.10279419248224,298.1097412109375,8507659
2023-12-08,298.1521072605057,303.57304949542385,293.832284627538,297.3050842285156,13444251
2023-12-11,297.3050465193521,303.74242591579963,297.3050465193521,299.5496520996094,11420609
2023-12-12,299.9732133500921,300.3543840690429,292.3500057638174,294.34051513671875,8789103
2023-12-13,295.9497839919165,296.28858796824886,291.1217691687356,292.3923034667969,8091533
2023-12-14,295.7804127344398,297.4744585671706,292.90051413952693,294.4251708984375,13142466
2023-12-15,296.4580078125,300.142562507987,295.1451326889651,296.4580078125,14331890
2023-12-18,297.3050305943883,297.5167863141849,289.9359212058328,294.4674987792969,7959685
2023-12-19,293.4934636497775,313.18674800723005,293.4934636497775,310.8150939941406,28937243
2023-12-20,312.55148700725897,314.9231410676778,296.45805000688523,298.2791442871094,23224408
2023-12-21,297.38974262765083,302.2177576038426,293.1546281665595,301.11663818359375,10028664
2023-12-22,304.0812738763819,311.1962623014426,301.87900878433896,307.6811218261719,13916380
2023-12-26,308.1469934351882,314.9231782350745,307.0458737448442,310.05279541015625,11910267
2023-12-27,310.8574273197929,312.720888177422,306.96111652144356,309.6716003417969,7890042
2023-12-28,310.6880643092642,323.98633738605474,309.8410412049869,322.6734619140625,28310022
2023-12-29,323.13924744788636,323.30866237333976,316.9983312119829,318.4806213378906,8859317
2024-01-01,320.0052795765659,327.6284865888629,319.7088422053602,323.39337158203125,11124690
2024-01-02,328.1366565187494,335.2940101502489,325.4685396330196,332.5835266113281,28363847
2024-01-03,334.40464125206415,334.40464125206415,325.1297557105315,325.72265625,12903439
2024-01-04,328.47549957954857,330.1695455306532,325.17211514471256,325.89208984375,11039940
2024-01-05,327.6284650664924,329.06841441385916,323.98627673951387,325.46856689453125,8369460
2024-01-08,327.3320238010645,329.19545874992457,321.2334483251313,322.20751953125,9424716
2024-01-09,324.96031933415424,328.6025331894086,323.6474442235578,326.4002685546875,9473743
2024-01-10,326.82383602822284,326.82383602822284,318.35360586472916,323.6051330566406,9670366
2024-01-11,326.5273549370946,329.4072278652951,324.6638940634467,325.55328369140625,9163771
2024-01-12,326.78146873388164,326.78146873388164,321.4875748919701,322.80047607421875,7471050
2024-01-15,323.9862485244019,328.56016686316434,323.0545181954294,325.8073425292969,7490747
2024-01-16,326.4426381719042,327.7555392474698,319.36999140399774,323.4780578613281,10165133
2024-01-17,323.39335984200903,326.4003068971539,319.4970748564417,321.572265625,10996538
2024-01-18,322.54633671067137,324.0286269085129,311.7044530318095,318.1841735839844,12493835
2024-01-19,322.4193169441942,326.0191648858323,321.10644156393937,324.62158203125,15893456
2024-01-23,341.7737850905404,342.87490466569386,316.4901430311246,317.8877258300781,16406737
2024-01-24,321.6993041315589,328.47548769072046,316.9983371270261,324.07098388671875,22938994
2024-01-25,327.6284542382257,331.7788872143718,326.4002865169704,329.8307189941406,13440949
2024-01-29,332.7953105444436,351.2604262895063,331.6094835890388,349.65106201171875,27149058
2024-01-30,352.14973618271216,352.19207698392995,340.16436849146993,340.9690246582031,14159072
2024-01-31,343.08664115202123,346.5594404734643,339.1479895401178,344.01837158203125,23750822
2024-02-01,346.262980490984,348.8887568730693,340.9267461089151,344.4842529296875,8862155
2024-02-02,347.9569941571645,358.2059763338254,346.9829229998853,355.5802001953125,25177075
2024-02-05,358.5024359127394,381.16029807615524,353.29325034218266,372.9018249511719,31418925
2024-02-06,376.75583239412896,382.00738550568406,370.3608188744132,380.0168762207031,13386526
2024-02-07,384.5484239101671,390.0964139595437,379.29687121757314,383.4049377441406,14430152
2024-02-08,385.2260505283097,396.914983451963,381.1603504630072,388.9529724121094,18790158
2024-02-09,391.49400273847067,392.84921872695907,369.00552877339453,386.411865234375,17472069
2024-02-12,387.08948793505004,387.470658601974,364.26220910559033,366.5915222167969,19472346
2024-02-13,375.9087564931854,387.8094438683459,367.60794232862577,383.15081787109375,35665854
2024-02-14,382.55787809604703,396.40670733626604,375.2311353631749,395.0091247558594,18592696
2024-02-15,397.2537878499402,407.62981962214013,396.0255941576762,403.9029235839844,18501875
2024-02-16,408.60386430650055,413.00839396884936,404.45345703760785,406.5710144042969,14513583
2024-02-19,408.94262709935674,412.8813040837031,385.776572521881,390.4775390625,19798448
2024-02-20,392.36248083994593,392.36248083994593,377.840046813213,382.5523376464844,27899165
2024-02-21,386.36500477462704,386.36500477462704,369.2722309571939,370.9429626464844,19032050
2024-02-22,375.2697178760752,383.8375196540678,366.6590875479351,381.39569091796875,22083710
2024-02-23,383.83754170901875,385.20839530163676,378.39698203801277,380.3247375488281,9625544
2024-02-26,380.3247721744549,383.194991425685,377.4545529232248,378.95391845703125,7570244
2024-02-27,378.9538667152633,381.52420727940984,372.74221035190914,378.1827697753906,8343526
2024-02-28,377.24034635231993,379.4251517516964,368.71539826512293,372.0140075683594,8893614
2024-02-29,380.41039914922555,380.41039914922555,368.11559836176565,374.1559143066406,11711699
2024-03-01,375.2697385347474,384.5229545056283,375.2697385347474,382.4238586425781,8411615
2024-03-04,387.1361445593397,392.40533764108767,383.88036406110285,390.1777038574219,11977226
2024-03-05,390.691788886593,395.6182752596147,388.5926668428232,394.6758117675781,9605493
2024-03-06,396.2180144941238,398.3599649970721,380.8816279755284,395.48974609375,14061966
2024-03-07,395.48980509834485,398.7455598898218,390.73465858424754,392.9194641113281,9680802
2024-03-11,394.97566157558515,396.56071013232037,387.6073468244134,388.89251708984375,7824738
2024-03-12,388.89254935077156,390.5204265926541,382.7237472530811,384.95135498046875,8409613
2024-03-13,384.9513533086034,385.4654266845595,351.27990016606304,357.3201904296875,17803423
2024-03-14,358.99094718939324,367.4302384087784,353.1648515839656,366.4449462890625,20478918
2024-03-15,366.4448773322839,366.74472946461464,343.7402035606008,355.7779541015625,25435001
2024-03-18,356.4205697661052,362.8464213844845,354.3214477786918,361.4327392578125,9803914
2024-03-19,357.2773937601546,363.78892942736167,354.70705279785136,359.0337829589844,8373676
2024-03-20,359.6763351372975,362.24667586332924,353.59321633650876,359.4193115234375,6950340
2024-03-21,363.2748048478345,371.4570453001692,362.54653644836725,370.171875,9911230
2024-03-22,369.18660771731567,373.727558770057,366.9589738185047,370.08624267578125,9172888
2024-03-26,371.6712378463226,377.79723715334495,369.18658051210537,373.5133361816406,9389403
2024-03-27,376.8118979838361,376.8118979838361,365.03117096908977,367.9442443847656,17985246
2024-03-28,368.4154797020849,375.65528272706604,368.4154797020849,371.92828369140625,10332853
2024-04-01,374.15593180795884,380.2390504406893,372.52802847562646,378.73968505859375,7256592
2024-04-02,378.73968792747485,384.094564332664,373.5990065784933,379.7250061035156,11530800
2024-04-03,379.7249727553189,382.9807268650042,377.7543627231577,381.695556640625,6972648
2024-04-04,385.55108789368336,388.5498185773009,379.168064979812,384.5657958984375,14743020
2024-04-05,384.48015181359557,384.5658350712267,380.41044547127893,382.9379577636719,4820138
2024-04-08,384.6943399850604,385.9366818312835,380.8816573371554,383.323486328125,3980972
2024-04-09,384.4372766568739,385.8081040253641,374.62713315162244,376.8547668457031,8005012
2024-04-10,379.16811526712263,392.9194549138877,378.78257981621107,390.99169921875,15825331
2024-04-12,389.8350171922609,397.074820827432,387.7358951024823,390.3490905761719,11259294
2024-04-15,384.651448114104,390.520371061058,377.9257188941003,386.4078369140625,7680715
2024-04-16,384.6943589214555,391.03452798165756,382.42389633091244,388.2928466796875,4996845
2024-04-18,389.7921754429189,391.3771979482721,372.82791122928137,375.7838134765625,10945138
2024-04-19,373.5561469470854,375.78378057568216,366.74473426763376,372.9563903808594,7628287
2024-04-22,377.7543577335134,380.83877146065345,375.26970056190373,379.5107727050781,6396926
2024-04-23,381.9097448794211,381.9097448794211,376.34067400624957,377.7972106933594,5390120
2024-04-24,378.3112807527933,384.4372800015262,377.9685739076892,380.2818908691406,6538090
2024-04-25,379.55362426329845,388.97820635561516,378.48264902553524,387.65020751953125,10858594
2024-04-26,388.97825270992485,394.504496054085,387.43605864250594,390.52044677734375,7209435
2024-04-29,393.0050949532142,393.0050949532142,386.02231528571775,388.33563232421875,5305655
2024-04-30,391.0344424602207,392.7480027042592,387.307443700066,389.2351989746094,6021793
2024-05-02,392.019759506353,393.7333198602601,385.0370062935528,388.89251708984375,14980896
2024-05-03,392.31971787087156,407.65608093915023,385.03708488036693,406.6279602050781,51071947
2024-05-06,410.39774726476435,412.49686937444454,380.4532665202098,394.63299560546875,36408390
2024-05-07,396.6892648663437,402.25833661932694,387.99295035836474,390.6918029785156,13728379
2024-05-08,391.2915629607382,403.88621734439704,389.92070928818003,397.9316101074219,16978094
2024-05-09,398.70267806345595,400.7161167969858,378.1399529146045,379.9820251464844,15601338
2024-05-10,383.1521474328271,386.5364138132441,377.19751409400783,385.03704833984375,9190621
2024-05-13,386.62205670330974,387.0932753441503,372.44235516550975,380.410400390625,11107909
2024-05-14,382.72378673926175,386.1080533800193,381.3529329716115,384.4373474121094,6592194
2024-05-15,385.55107335314176,402.6866766132814,385.12268327163827,400.8446044921875,23543942
2024-05-16,401.53001133796636,406.97057050994397,392.27679619353495,401.2301330566406,17232651
2024-05-17,401.8727931127958,405.8568424635162,399.9450374192963,402.90093994140625,10625019
2024-05-21,402.42968143178945,423.16374715212237,402.42968143178945,420.37921142578125,27356982
2024-05-22,423.6778210936376,434.687452209871,421.19316367149935,429.8466491699219,28346931
2024-05-23,431.30317755834557,431.6458844328974,421.6215710812503,426.0768127441406,14378840
2024-05-24,424.9201575851443,433.0167149191986,419.09403644192463,429.24688720703125,12190536
2024-05-27,430.9176419713253,430.96047052555656,420.46491234675324,423.635009765625,8811105
2024-05-28,424.96301950365205,425.1343860186472,414.7673393860613,417.80889892578125,8165238
2024-05-29,413.05373216929354,421.45016751849806,413.05373216929354,416.7807312011719,8014727
2024-05-30,416.3951972933126,418.06592922267714,410.8261257245749,413.0965881347656,7725080
2024-05-31,415.0243124586092,422.4783104563388,410.3977047327469,420.8504333496094,11223848
2024-06-03,441.24183259390674,451.86592870394577,433.1452487021295,438.9713439941406,24416215
2024-06-04,438.9712912120136,439.0141720547043,351.96527698694484,378.61114501953125,48046493
2024-06-05,387.26468796396756,396.5607592650409,364.2173035777847,394.59014892578125,18966089
2024-06-06,402.6867211791019,415.02435166245164,398.10294157035105,405.2142333984375,21757857
2024-06-07,405.2570820176084,412.36834805092826,400.6304736256377,410.5262756347656,8317343
2024-06-10,415.5383899240504,418.1087304802817,407.3989781626515,409.2839050292969,10958537
2024-06-11,412.9680612583595,414.2532315734789,407.14196628856115,408.12725830078125,11169021
2024-06-12,412.11127806514935,423.5064443179794,410.69759595812263,418.70849609375,15412796
2024-06-13,423.16375269736466,423.16375269736466,414.2532434856792,418.0230712890625,7438571
2024-06-14,418.02309305772064,421.878604314724,415.7526305468572,417.20916748046875,5974636
2024-06-18,421.5358739584367,422.3069709375257,415.70977884214443,419.00836181640625,6946544
2024-06-19,419.30822553267865,420.85044558403683,408.2557661588002,409.49810791015625,8962510
2024-06-20,412.1541254011075,417.5946851730631,404.0147130933046,413.953369140625,7864157
2024-06-21,413.953389472975,421.0218268243035,410.39775651955733,411.4259033203125,10340882
2024-06-24,411.25448567155615,411.29731422173785,404.4002442436969,405.8567810058594,11124175
2024-06-25,407.74168084584653,409.4980958961248,398.65980574381865,402.0440979003906,7951999
2024-06-26,402.9008623535156,404.2717158120533,398.44559514998195,401.6156921386719,6655899
2024-06-27,401.6157164780028,401.8299115267911,395.40406006314305,400.1591796875,14857335
2024-06-28,402.6866762825687,407.8273572563888,400.9731159579621,405.3855285644531,8302706
2024-07-01,405.55693968715053,408.0844257559816,403.75769591893584,406.79925537109375,8579861
2024-07-02,409.5409349895335,415.5383963805936,405.55691229484347,410.4833984375,14629287
2024-07-03,412.88240993780437,417.8088965267466,410.7404592469599,415.49560546875,7244652
2024-07-04,418.7513233582939,422.2212727145918,415.79542120525736,419.4367370605469,7796954
2024-07-05,419.39395284410165,422.64970749426,417.16631885600725,421.1075134277344,5754517
2024-07-08,422.13564148593423,424.9630058645965,417.4233500902583,422.6496887207031,7477292
2024-07-09,425.7768811622242,425.7768811622242,420.76471234775363,423.0780029296875,6444684
2024-07-10,423.0780433636316,424.0205067930932,411.72570595345246,420.4648742675781,5981477
2024-07-11,421.53585231164027,433.53077493839425,418.5799502055905,428.43292236328125,20146927
2024-07-12,431.8172443623973,435.75843872682253,424.5346122650156,425.1343688964844,8198389
2024-07-15,428.39009674394146,431.4745106698691,422.0070738437141,426.46234130859375,7106020
2024-07-16,426.67655262678653,444.15489015789996,426.67655262678653,439.0570373535156,23169665
2024-07-18,441.5417047025159,441.9272662945265,429.4611234443132,432.88824462890625,12540956
2024-07-19,432.9310526085834,433.87351611892495,417.03778932915355,418.1087646484375,9971704
2024-07-22,418.10872632480266,424.9629677399634,414.2960440788771,420.8504333496094,7281653
2024-07-23,423.2494454197815,424.79163941803336,398.01725648408967,417.2519836425781,11311831
2024-07-24,416.9948851370492,427.8759767191538,415.6240317476512,423.0780029296875,6823248
2024-07-25,420.67907955772,431.4316606436807,414.6816181383635,423.2494201660156,10281157
2024-07-26,426.8907508126199,438.41445539766454,426.8907508126199,436.82940673828125,20437968
2024-07-29,440.81343094548413,441.8415776863158,434.8159692999673,438.8000183105469,7259754
2024-07-30,438.8000349437626,450.3236877073504,436.9151078964068,444.96881103515625,13197520
2024-07-31,448.481650404511,450.15238241812006,437.38633526089257,447.4106750488281,11972565
2024-08-01,458.37739444950563,464.58905072942883,452.3799332137177,463.0040283203125,34763894
2024-08-02,457.5206376794864,460.2623448434247,447.4962986423727,449.3812255859375,10985150
2024-08-05,441.2418254979791,441.2418254979791,426.29099978692574,434.2162170410156,11835031
2024-08-06,435.3300255098777,443.1267305710786,426.6765402473768,428.0473937988281,7142269
2024-08-07,434.9873044435583,456.49246587592364,434.9873044435583,455.378662109375,18293730
2024-08-08,457.5206183854047,458.377398569647,446.596671036315,448.4815979003906,13624148
2024-08-09,454.0935466898796,455.2501791460364,447.11076651668947,453.92218017578125,6468264
2024-08-12,453.2367949082504,454.52196540420954,448.3531365648615,448.9100646972656,5238736
2024-08-13,449.80959049182815,454.00783425390324,445.52568963000124,447.0250549316406,5201294
2024-08-14,448.0104028195408,452.29430396605113,427.5761629744572,432.4169921875,14766889
2024-08-16,439.33983097015243,446.30591367891645,434.83998375890553,443.3204345703125,7313429
2024-08-19,444.61847893809147,452.96915873301737,444.056031028865,451.7143859863281,10737456
2024-08-20,453.74792561776803,457.2959053992094,450.8922706442929,453.9642639160156,8191127
2024-08-21,455.6084310971935,463.18027112017626,453.79121061846337,460.54095458984375,9067794
2024-08-22,462.0985881991229,463.3533608465773,455.8680348734945,457.6419982910156,8531700
2024-08-23,457.7285675760197,468.2858867613129,457.64200056926734,466.2955322265625,12566904
2024-08-26,469.0214440866447,470.3627310109526,462.70437615957263,465.64654541015625,7193307
2024-08-27,466.5118709767534,468.7618209000421,458.63717828765726,459.84869384765625,7865530
2024-08-28,462.0120966376051,463.4398977337005,454.6998515020699,455.4786376953125,6066259
2024-08-29,455.4786249472777,458.63718517954607,446.60875485654117,456.5170593261719,9147836
2024-08-30,458.63717376363843,464.6946458699506,451.7143484992816,454.26715087890625,30921282
2024-09-02,456.04112036576333,457.7718267049123,447.9500893570281,450.71917724609375,6370038
2024-09-03,450.848997242611,453.0988943362294,448.46927604795235,449.6374816894531,5526155
2024-09-04,447.2577280689516,447.2577280689516,433.1524831193508,435.8350830078125,16783593
2024-09-05,439.16671323104646,439.16671323104646,428.4795967997867,430.08050537109375,10830621
2024-09-06,431.8112000357803,431.8112000357803,416.27810121458776,422.76824951171875,13110103
2024-09-09,422.292360721859,422.72503732095925,413.68208583637016,419.2203674316406,10189742
2024-09-10,421.68658719274777,425.753757635997,416.92714478015023,424.9749450683594,9809547
2024-09-11,426.48935844022066,427.09508987566284,417.0570132107523,418.7877197265625,8134497
2024-09-12,421.4269928582155,430.296862831104,417.31656530980376,428.91229248046875,12058489
2024-09-13,430.0805445568468,430.8161000656529,423.59039549411773,424.2394104003906,8093877
2024-09-16,426.18646481528964,428.2633072809159,421.72990097252216,426.8354797363281,5244657
2024-09-17,426.835464305741,428.1767511973377,421.98948112214435,422.72503662109375,5063902
2024-09-18,423.8499876040481,427.13834561540284,420.69145369972784,421.5135498046875,6527832
2024-09-19,423.157723548996,425.4076471972111,412.124470020878,413.5955810546875,10014450
2024-09-20,416.1916519142607,430.94591411317515,415.6291511806984,424.8451843261719,12982128
2024-09-23,427.0518180971918,434.83999715063607,424.45575841271045,433.1958312988281,6123879
2024-09-24,437.003371336181,438.4311988519192,434.0178921963322,436.3976135253906,7306001
2024-09-25,438.30137380440607,438.7340503826927,434.4072845998259,437.262939453125,5059851
2024-09-26,437.8686708481362,439.1234434129709,432.71980931330825,438.3446044921875,6877039
2024-09-27,438.34462221273594,448.1231021248545,436.91679481437984,446.6087341308594,15443031
2024-09-30,443.92619232565005,444.31561182968017,434.8399837107976,441.4599304199219,8881502
2024-10-01,443.0608407079646,446.52225352599555,437.99851917989747,440.0321044921875,4743517
2024-10-03,432.24394306422965,441.24361147195805,432.24394306422965,434.710205078125,11285134
2024-10-04,432.3304433734273,436.7004662615219,427.5277174974948,430.25360107421875,7170285
2024-10-07,431.03245147846815,433.15255105835627,411.3456653893765,415.75897216796875,8940891
2024-10-08,416.06182385046907,426.40280554790144,412.2975584138204,425.6239929199219,6049075
2024-10-09,425.75378171662766,429.2151945761124,420.2587835204987,421.3837585449219,6874313
2024-10-10,422.8980929015808,427.44119691687746,420.60488593850243,422.3788757324219,4700891
2024-10-11,421.8596812378838,427.39793638679726,421.8164241416631,426.57586669921875,4364566
2024-10-14,428.30659316779827,434.7967424142536,426.5758867020769,431.20550537109375,5369297
2024-10-15,431.20552082388303,432.1141575960399,424.0663563969414,427.8739318847656,4279311
2024-10-16,428.34982544499337,432.1573741672522,426.53257847959065,428.99884033203125,8000451
2024-10-17,428.99887577389535,430.2969056552082,421.6001160138063,423.9365539550781,4334990
2024-10-18,422.2923856722392,427.2681668558773,418.2684983445595,425.9268798828125,4573163
2024-10-21,425.7537555828653,428.13347677768826,417.4031028536378,420.04241943359375,4737527
2024-10-22,419.6963346261683,421.8597177943444,404.2930570321487,405.2882080078125,8671135
2024-10-23,405.28816576501885,411.9513693834105,397.1538511822055,410.2639465332031,10686743
2024-10-24,410.2639498805745,418.6578599216037,409.3553131921417,412.98980712890625,5045880
2024-10-25,413.72534683070677,414.5474164791784,397.1970963626767,399.01434326171875,10330954
2024-10-28,391.1396382542356,396.331757346106,376.64497245609743,382.1832275390625,21378247
2024-10-29,384.38993020739997,386.46677275808827,379.71700145774406,385.5581359863281,7680865
2024-10-30,387.67818905977936,394.4279326809099,385.08212975803974,388.67333984375,7818123
2024-10-31,391.13966526458853,393.30304836892805,383.5245673007074,391.18292236328125,8475238
2024-11-01,393.43282919019117,397.67305461103973,391.4425273830023,393.0001525878906,3095957
2024-11-04,396.33175575417795,396.4615534492567,376.8613092378701,383.6110534667969,15720990
2024-11-05,385.0017605352581,391.41695559190595,383.1175702870919,390.2056884765625,10186343
2024-11-06,392.807645248391,393.79460463470593,386.88594369312517,391.01318359375,9130749
2024-11-07,392.8076964550191,395.09565179173256,389.98142445678747,390.6094970703125,5861077
2024-11-08,390.60949007785763,391.19268470493915,377.9585285136597,380.47076416015625,9934413
2024-11-11,379.5286568428368,381.9960417277489,374.4593079191892,378.2276611328125,7201246
2024-11-12,379.08005566942984,381.1436757891875,370.3769049772747,371.4984436035156,6564348
2024-11-13,371.45362794309193,372.7994744211466,364.00662171704937,365.0832824707031,7170870
2024-11-14,365.35245289502166,370.8704177477034,361.22518505889735,367.640380859375,8776485
2024-11-18,371.40873585304524,375.4911254278718,368.7618937893795,370.8703918457031,7352509
2024-11-19,373.2031879934164,378.6314237558748,368.4927259680175,369.8834228515625,6291292
2024-11-21,370.6012239269912,371.3638756921965,362.61587414256496,364.2757568359375,14141967
2024-11-22,365.53186358817675,373.0237470877289,364.634632687184,371.4984436035156,8155453
2024-11-25,377.7342004190072,383.5213505465981,372.9788877083004,374.5490417480469,10903727
2024-11-26,375.4463379413686,376.8370350945474,367.5955663768989,369.2105712890625,5798977
2024-11-27,376.83699033394197,377.7342212633085,370.2872155020923,374.2798767089844,9219932
2024-11-28,376.83697072179507,381.23339657061996,371.00496998443396,372.5302734375,7788912
2024-11-29,372.62000458476155,375.0425391153054,368.76192243155623,373.6069641113281,7057742
2024-12-02,375.40139582835826,379.8875502416544,373.9658209398408,378.3622741699219,6404844
2024-12-03,381.32312497103504,381.77174041217745,376.2537759623887,378.7211608886719,7928558
2024-12-04,378.72115700378595,382.1306233689687,372.35081232864763,373.83123779296875,6836472
2024-12-05,375.1770899832919,377.95851120970326,369.6591255036148,375.4013977050781,9500273
2024-12-06,376.83699033394197,378.18283672799174,373.6069535119595,374.2798767089844,4252732
2024-12-09,375.0425062686349,377.6893483060705,370.1077364493108,371.4535827636719,6662023
2024-12-10,372.7994393624807,374.324742846694,369.2105157585098,371.4984436035156,6035289
2024-12-11,373.24808349322217,376.52297105722397,372.84431860422467,374.1004638671875,5353413
2024-12-12,373.69666247656073,374.907929643924,365.26269765923485,367.0571594238281,9409378
2024-12-13,367.0571893798208,368.9862304579273,360.68684411935993,368.13385009765625,9439175
2024-12-16,368.3132832095108,370.42178129367215,364.7243596215984,368.2684326171875,5434635
2024-12-17,368.26843344670027,368.7170488961998,360.68682139763234,361.49432373046875,5070262
2024-12-18,362.0327131793226,363.1991025418715,354.00248467300395,355.1240234375,7176597
2024-12-19,350.7724163550434,353.95757496174303,347.22834349859204,351.6696472167969,5745829
2024-12-20,352.61172693062827,353.2397994832843,341.39634121400525,342.7421875,7923854
2024-12-23,346.33114794701453,348.66395390167725,343.10111103912124,343.5946044921875,5163415
2024-12-24,345.2993268272337,347.00406010780284,342.20386918467045,344.98529052734375,4242999
2024-12-26,346.6900191832976,350.1892142664868,345.4787519749167,346.8694763183594,4190081
2024-12-27,347.6769786939985,348.52935901364503,340.54398198504094,341.3963623046875,5909271
2024-12-30,341.39634331734885,343.0113479179675,337.08964612815714,339.06353759765625,22328728
2024-12-31,339.063601220905,345.1647886619762,337.44859631724034,344.6712951660156,7686615
2025-01-01,344.13288898749,348.2601564627725,343.1908075271955,346.69000244140625,3584876
2025-01-02,348.48444732676484,353.4640948396323,344.5814877575747,352.5668640136719,7538972
2025-01-03,352.61172119996064,358.26426455674806,349.47141325034266,353.1949157714844,7122319
2025-01-06,353.55376066963373,353.55376066963373,338.3905667031485,339.8261413574219,8774141
2025-01-07,341.44120319474285,344.76096843013494,337.80742905386023,340.7682800292969,6542121
2025-01-08,340.9925940851894,342.78705589304474,337.35881987680796,341.26177978515625,7407778
2025-01-09,342.33845883531836,342.33845883531836,332.6932260998464,333.9493713378906,6247612
2025-01-10,333.23154169952386,334.846573704285,327.22011126218973,330.62957763671875,4893721
2025-01-13,328.4762524986127,332.33433458677524,324.1246769648288,325.6051025390625,8661589
2025-01-14,327.48931946751225,335.5643985776701,325.69485744303273,331.30255126953125,5698113
2025-01-15,333.68018763010446,342.2487597033301,331.34738166425655,336.10272216796875,11117714
2025-01-16,339.5570981675513,342.29364188804766,336.2821829652715,339.9159851074219,6923722
2025-01-17,340.94777294102784,349.29201011574213,339.64677706543677,347.81158447265625,8380692
2025-01-20,349.56117919946445,350.81729703740183,343.32541322287204,347.2732238769531,14597375
2025-01-21,348.1255902158186,349.6060157288756,341.84497389749197,342.33843994140625,20854879
2025-01-22,342.2935699577631,344.4469185257958,336.14753314674124,340.2299499511719,10653690
2025-01-23,338.7046369396864,348.3050177339453,337.53824781798176,346.1516418457031,5844752
2025-01-24,346.3760191920374,351.93886238623327,342.4730862178558,343.684326171875,5351964
2025-01-27,341.7552552912644,343.6394457179391,334.44282869807256,337.134521484375,6645109
2025-01-28,337.35884596868675,338.79442100226356,329.95669043878866,332.55865478515625,10866038
2025-01-29,334.2184888422848,345.4338743739051,332.6931854574595,340.4542541503906,6680927
2025-01-30,342.4730882974905,347.5424380399827,341.3066715528801,345.4787902832031,6300164
2025-01-31,345.52428209496895,361.4120368785866,341.10848531743676,360.4560241699219,10339434
2025-02-01,360.4560367018042,363.68823056431063,345.1145703918488,350.8050231933594,7015540
2025-02-03,349.6214175300802,349.7579828392201,333.68814980409996,340.5166931152344,7689700
2025-02-04,343.70336941466707,346.61689253446764,341.3361353530061,342.8384094238281,4649921
2025-02-05,344.1586046775232,350.62296497854925,344.06755187052545,348.57440185546875,5914200
2025-02-06,348.5288824636597,350.2132622451919,343.4302583909595,345.6153869628906,4652107
2025-02-07,345.5242904995895,348.71094403515883,342.33763696402013,344.3861999511719,3006598
2025-02-10,343.24811861807837,345.84297069521836,335.96433891265497,337.3300476074219,3380494
2025-02-11,336.87481638448816,337.3300526228456,325.49391042555277,326.859619140625,6803431
2025-02-12,327.67905188972657,329.40894410743897,320.0766008486732,328.0887756347656,4565992
2025-02-13,329.59100976520324,334.6441204858362,326.49540915322035,329.2723388671875,3712240
2025-02-14,331.3209153620701,332.3224406031624,319.1205902230368,322.4893493652344,4464446
2025-02-17,322.48933293663976,329.5910064927608,317.9824834740241,327.8611145019531,6017586
2025-02-18,327.99769930762875,329.9096970050197,322.1251409053737,328.7716064453125,3843725
2025-02-19,327.77009068345393,332.59558368212777,325.94914573521254,329.8641662597656,3097726
2025-02-20,327.7700347333903,336.3740092593058,327.7700347333903,335.00830078125,4624287
2025-02-21,334.64412862012426,337.96737519896556,332.5955656643301,336.82928466796875,5235241
2025-02-24,335.0993859084961,335.5091096395897,328.81713133935614,332.1403503417969,4533486
2025-02-25,331.41199086069713,332.6866468069244,326.5864977123313,328.817138671875,4525493
2025-02-27,326.8595938968871,334.87173995902447,324.2647419815702,331.275390625,6196610
2025-02-28,333.96129849684235,342.11003840331637,332.5955897607014,336.28302001953125,21899478
2025-03-03,336.87482982861803,337.78530234166834,320.8505080418492,328.0887756347656,12675744
2025-03-04,324.2192294754154,333.68813694487216,321.0325760530223,331.275390625,5535218
2025-03-05,329.63655359354135,335.8732957015091,329.63655359354135,335.281494140625,5730797
2025-03-06,336.92029559785965,349.75796180793367,335.1448911149698,348.34674072265625,11247215
2025-03-07,348.34678257929056,354.72009005225306,345.43325947748434,346.57135009765625,8321771
2025-03-10,346.6168592742639,351.9886409621106,340.5621954902081,341.563720703125,5541001
2025-03-11,337.7852710513328,345.9795229097209,335.0538537652034,345.11456298828125,5340552
2025-03-12,345.5698471750948,348.57442327818444,340.3346299832538,346.6169128417969,3951912
2025-03-13,347.3452244869247,348.7109331022075,343.56676954172485,344.43170166015625,3918004
2025-03-17,346.1616411476082,352.398355283635,345.1145755880339,351.2147521972656,5456361
2025-03-18,351.2147521972656,351.2147521972656,351.2147521972656,351.2147521972656,0
2025-03-19,355.1297656152737,362.4135451661915,353.99167506044273,360.4105224609375,5827114
2025-03-20,362.09491629526406,362.4590997300655,356.9507245565644,360.9112854003906,7025398
2025-03-21,360.9112478037845,374.29520297547896,359.72764481762357,369.1054992675781,16564019
2025-03-24,371.4272573920738,374.93255419345127,368.7868649855192,369.6518249511719,5260300
2025-03-25,371.47273714411546,371.7003552428557,361.5485935961223,362.6411437988281,5636291
2025-03-26,362.82328814392054,366.4196656022987,357.95225475353766,359.45452880859375,5025274
2025-03-27,358.0433078724123,363.8703262705319,356.9507297666457,361.3210144042969,7697174
2025-03-28,361.45756232766803,365.9188717716068,358.27090875550977,362.5501403808594,6923988
2025-04-01,362.1859427568236,366.51068705266874,359.6821434276501,362.04937744140625,4332950
2025-04-02,365.64572317697247,365.64572317697247,356.44994633512675,361.91278076171875,4197123
2025-04-03,359.6366248303106,364.18898716993476,357.99778550221174,361.5030822753906,4970602
2025-04-04,360.5471080304071,360.5471080304071,348.34678215413805,350.5774230957031,6718760
2025-04-07,326.7230625534097,345.4332613355079,324.1282103683775,343.703369140625,10202400
2025-04-08,350.5319121715514,350.9871484211249,342.9294612465918,348.57440185546875,3577328
2025-04-09,348.0736406805984,348.43785192467317,339.69730998979816,341.0630187988281,5781453
2025-04-11,355.0387665153535,357.6335909414466,347.9370642635698,356.99627685546875,6185984
2025-04-15,363.27852970825427,363.27852970825427,358.2709309278147,359.8642578125,4371156
2025-04-16,359.86424414933884,364.2800411906072,357.36044485418216,363.5061340332031,4992290
2025-04-17,361.36653525693464,363.7792818620009,353.5364660792907,363.1419677734375,8364450
2025-04-21,363.5061659033081,369.6518556211474,360.22845916337707,364.6442565917969,8987570
2025-04-22,367.375646766312,369.4697223623381,358.9992888113775,362.9143371582031,7558174
2025-04-23,364.1889866848663,365.6457481886887,358.7261518845933,363.2330017089844,7429142
2025-04-24,363.1874387780086,365.3725670048423,361.32098145174524,364.0523986816406,5762303
2025-04-25,364.46214355651324,367.8309030401066,354.76561664484126,357.9522705078125,7337588
2025-04-28,357.9522265292755,363.0963901475405,356.495465099528,361.5941162109375,3458518
2025-04-29,361.5941547111012,364.5076778808089,353.6730604813483,354.2648620605469,6274213
2025-04-30,354.26483516792626,355.4029257282284,348.8020004784761,350.8050231933594,4559122
2025-05-02,350.9871743810224,355.94926098254757,347.2542313013391,349.1662292480469,5045851
2025-05-05,351.39685695315023,353.17226157840634,347.5728615080511,351.07818603515625,6395704
2025-05-06,351.8975975707281,352.9446353181896,343.6122928211651,344.3861999511719,5982166
2025-05-07,337.1479282844353,352.6259595287675,337.1479282844353,348.98406982421875,9162368
2025-05-08,355.0842275628708,359.59107694994896,348.0280666305317,350.94158935546875,14258083
2025-05-09,345.160094509759,348.9385494358039,343.29360940708693,348.1646423339844,3809943
2025-05-12,356.85972203515405,360.63817750708483,352.8081081308396,360.0918884277344,6743279
2025-05-13,360.09183373847094,363.82477613076895,358.771637645998,359.7731628417969,6307140
2025-05-14,361.22990853584446,367.8763456442676,360.95677794223144,367.01141357421875,6822756
2025-05-15,367.603248815516,370.015995232083,363.8247937346189,368.42266845703125,10511989
2025-05-16,369.6518432753444,372.3832608364923,367.46671478350936,368.55926513671875,4702603
2025-05-19,369.6063133841372,370.9720221004938,365.144976015707,366.64727783203125,5446656
2025-05-20,369.19660865285874,379.89466081480964,367.8308998662267,371.5638427734375,18755291
2025-05-21,374.79596263687836,376.52585466164567,368.0584723488612,369.05999755859375,7393102
2025-05-22,368.7413681775692,370.24364226861684,357.99780362631515,363.1419677734375,7936875
2025-05-23,364.3710844329701,366.9203961706102,363.2785063823163,365.5546875,4178408
2025-05-26,366.5106847320636,369.46972028416957,365.78231786417274,366.64727783203125,6067873
2025-05-27,366.4651874524725,367.4211724794864,362.6411917735846,364.14349365234375,6553758
2025-05-28,365.09945212442034,365.87335926331303,361.002326103074,362.5501403808594,6002200
2025-05-29,364.18897967523225,365.2815577284236,361.45756232766803,362.5501403808594,7724668
2025-05-30,363.2330147429392,368.5137441251932,360.8657806874607,361.730712890625,6565658
2025-06-02,363.2330086739815,365.4636495889501,360.0918674894273,363.9158630371094,6119571
2025-06-03,363.915849507803,364.6442163538948,355.5394918506765,357.6791076660156,7360608
2025-06-04,357.6791340319862,359.63664438739136,354.7200983503178,359.2724609375,3861957
2025-06-05,359.2724016305851,362.1858965341866,357.4059166067008,359.5455322265625,6097293
2025-06-06,362.2314764385181,364.7352757219765,360.5926093271874,363.2330017089844,7633919
2025-06-09,365.0084039839449,369.833924697517,364.1889843262936,365.0994567871094,9626374
2025-06-10,366.9204075110747,368.2861162238951,363.1419522960213,363.7792663574219,6362912
2025-06-11,364.2800377413256,372.83847333028586,362.73222344117323,366.1009826660156,11946342
2025-06-12,366.00992415756485,366.3285950715013,356.4499634519568,357.54254150390625,11262656
2025-06-13,355.084271262568,357.2238871721307,351.44238130090065,356.1768493652344,5253032
2025-06-16,355.99474193783794,359.27244844370927,351.6244851202863,359.0448303222656,3706240
2025-06-17,358.7261702005862,360.4105499070884,355.17533295619154,356.26788330078125,3248476
2025-06-18,356.2678557333472,358.17985342020194,353.3543605878001,355.4029235839844,4118145
2025-06-19,355.4029478963729,356.44998572007665,349.16620567981965,349.84906005859375,4416367
2025-06-20,349.8035602525285,356.72312931376183,349.75801995437337,354.2193298339844,6531957
2025-06-23,352.3528445492884,357.90673215223865,350.2587689904223,357.3604431152344,3359491
2025-06-24,359.1358763922497,360.00080856626437,355.7216046346307,357.49700927734375,4606984
2025-06-25,358.5895794865098,360.0008006678644,355.9947274505674,356.6775817871094,4672204
2025-06-26,356.9051609046397,359.3634473617697,355.67601767607465,358.8626708984375,5569101
2025-06-27,359.63657795237924,362.0948644095093,356.9962136966465,358.8626708984375,16253653
2025-06-30,360.0918461892309,361.821738249745,355.8126146525892,356.85968017578125,4870935
2025-07-01,357.3604583250857,358.63511427540413,354.17380455658173,354.8566589355469,5997283
2025-07-02,355.08428065476573,356.63209504358116,350.9416418279599,352.2618103027344,7752338
2025-07-03,353.17228028170285,354.17380559754514,350.9871518196752,351.85211181640625,3851213
2025-07-04,352.99017821786094,353.172256035704,349.0751300311473,351.5334167480469,3990767
2025-07-07,351.89762319491604,351.89762319491604,349.62144193233576,349.84906005859375,2810768
2025-07-08,350.48639966076036,350.9871484211249,348.0736253096886,348.57440185546875,5231160
2025-07-09,348.75650227568093,353.3999178792028,348.57442443530636,352.7626037597656,4497121
2025-07-10,353.30882092988844,354.0372155566457,348.30122248576447,349.66693115234375,4668066
2025-07-11,349.6669554851285,349.8945736120646,346.52584200465935,346.8445129394531,4677164
2025-07-14,347.8004836541144,351.3513207311965,347.345247418965,349.48486328125,5109504
2025-07-15,349.53039024985145,352.58047870861014,349.1206942925177,351.85211181640625,4586811
2025-07-16,352.03418964674927,353.2633330895823,350.48640305446196,351.85211181640625,5205724
2025-07-17,352.39838674458895,353.4454523976417,350.440876333719,351.3513488769531,3749218
2025-07-18,352.3528581420427,354.4014212707755,349.71249344431465,353.71856689453125,5172481
2025-07-21,354.17376573828955,354.53794914340574,350.8960595214182,352.17071533203125,4396850
2025-07-22,352.17075859937694,356.67760867445867,350.9871554409798,354.2648620605469,5043629
2025-07-23,354.5379465482438,357.31490403593006,354.037197843051,355.76708984375,3670943
2025-07-24,355.1752893891691,355.76709089307315,349.5303493855938,351.0326232910156,4022204
2025-07-25,351.0325988304633,351.3512697058715,345.97948846831406,346.7078552246094,4616856
2025-07-28,347.0721164995444,349.4848629867197,343.2481210133465,344.4772644042969,4521716
2025-07-29,343.2025859021191,349.84902337782546,343.2025859021191,349.302734375,4872086
2025-07-30,349.6214006387725,349.66691314448235,345.11455115699835,345.8884582519531,5107774
2025-07-31,344.15858501584097,345.06905746297286,341.1540370544715,342.65631103515625,6461803
2025-08-01,341.4271821911703,347.02658242202244,337.51216161621096,339.1510009765625,13769152
2025-08-04,339.1054896341736,344.84145520057143,337.05692653397216,341.154052734375,19756930
2025-08-05,342.33763844285244,346.61687003755367,340.9719297788517,345.5242919921875,6846687
2025-08-06,345.524306398261,349.26593533699617,345.10855731883527,348.1573181152344,5808208
2025-08-07,346.4481735041964,351.29844793325515,345.15477262858565,350.6517333984375,3468573
2025-08-08,350.1436296868432,353.00760696688627,349.3583415012471,350.79034423828125,4172600
2025-08-11,349.2197279986213,355.40961276191996,347.8801172353035,353.3771057128906,5740719
2025-08-12,352.4994704779309,357.02641600681716,352.1761413921753,356.0101623535156,4860757
2025-08-13,356.5644598211875,358.4583651636437,355.7791716813799,356.7030334472656,4216888
2025-08-14,356.7030467516848,357.3959431019429,353.4233204440482,355.1786804199219,4034887
2025-08-18,357.2110938163967,358.9664252756528,354.8090479381424,358.2735290527344,3520271
2025-08-19,358.9203214834956,358.9203214834956,354.99390870021415,356.0101623535156,5219052
2025-08-20,356.61064648556027,357.3959346360561,354.34717385072366,355.4096374511719,4904231
2025-08-21,356.72059313853345,357.28240870494943,353.255911403874,354.0986633300781,6212604
2025-08-22,354.0986557696517,354.8945992405202,350.25942088049374,350.6340026855469,4699261
2025-08-25,351.14900689376026,356.5332916661313,350.9617159927852,355.83099365234375,4349832
2025-08-26,354.89462213839846,355.6905656606214,347.7779960319164,348.76123046875,6381642
2025-08-28,348.80802640867205,351.9917718068848,345.20289075597776,350.4935302734375,4372269
2025-08-29,348.94848228031566,354.8946114325626,348.94848228031566,350.96173095703125,4578400
2025-09-01,351.4299240932104,354.52005258269344,351.2426617637927,353.86456298828125,2829114
2025-09-02,356.90785792418245,360.5129935752511,354.94141769845595,355.9246520996094,7511709
2025-09-03,356.720596406745,368.2850812878484,355.8310074574692,365.0076904296875,8111851
2025-09-04,366.88051165833673,367.16144804095467,361.168510040678,366.55279541015625,5515006
2025-09-05,367.44232277631977,368.2382662572267,364.25857742927195,367.6764221191406,4535470
2025-09-08,368.9405597509835,370.71970901923834,361.7302886500913,362.4325866699219,4607020
2025-09-09,363.9776886902037,364.63314973844496,362.1517022900415,363.275390625,4376579
2025-09-10,363.79037577270253,367.67641911647723,363.3689855284343,366.97412109375,4285507
2025-09-11,368.6128169585111,369.4087604339509,365.6631709745445,368.3319091796875,3442373
2025-09-12,368.51920595659345,371.0006820666871,368.19148970952364,369.2683410644531,4276055
2025-09-15,369.26829955966326,375.16759141600863,369.2214625463588,369.6428527832031,4618798
2025-09-16,369.8769921047522,371.7497870014852,368.98740309817117,370.6260986328125,2581384
2025-09-17,376.4317230739915,376.8531132991087,372.2179351291334,374.3248291015625,5970395
2025-09-18,375.0271492343359,375.2612485784273,365.7568209236347,368.1446228027344,5899621
2025-09-19,368.9405537691104,370.06424201325206,366.5995604076313,369.40875244140625,5272435
2025-09-22,369.4087784232147,371.7029635094539,368.3319271165114,369.5960693359375,3399517
2025-09-23,369.6428553007497,370.5792526542665,367.16140802924616,368.98736572265625,4720322
2025-09-24,369.4087584243779,370.43880123542715,366.8336656850444,367.86370849609375,5139791
2025-09-25,367.11455948055743,370.0642339127174,366.74000626623535,367.53594970703125,4563970
2025-09-26,367.53595412270414,367.95734435424066,363.3689745497897,364.3990173339844,4698693
2025-09-29,365.0076844379181,366.6932168546804,361.0748326186329,363.60308837890625,6606409
2025-09-30,364.9140635012332,366.5059218711182,362.4794246440554,365.1481628417969,5362610
2025-10-01,365.0077105142473,369.78334317137717,363.22856109437834,363.7904052734375,4976933
2025-10-03,363.79039753891476,364.3522417060286,357.23561560127666,358.96795654296875,7431240
2025-10-06,359.10837939671086,359.67022351525486,355.78418027490875,357.6101379394531,7022052
2025-10-07,359.5766270422066,364.21180593080567,359.3893361183223,360.23211669921875,7895734
2025-10-08,360.98123109074265,361.82398311338096,356.8610878649458,357.7974853515625,3642904
2025-10-09,358.64021173077055,361.7303117850245,356.34602662196465,358.96795654296875,4628511
2025-10-10,359.57660110533163,362.1048855124858,358.5933952673165,360.0447998046875,5061600
2025-10-13,358.87429664798526,359.8575024684435,356.43965773949304,357.28240966796875,4750043
2025-10-14,357.75059527594533,360.6534327692756,355.92463759378705,356.7205810546875,4288494
2025-10-15,357.00153755381575,360.88758136203575,357.00153755381575,359.81072998046875,6135157
2025-10-16,360.51302323453723,363.27540718086357,360.0448245030638,362.9476623535156,3513302
2025-10-17,362.94762935507424,364.72677865760016,360.74708980190104,364.0712890625,4093872
2025-10-20,365.19499177330175,367.0677866029084,363.74358721098906,365.7568359375,4007425
2025-10-21,368.0978007871679,368.1446092236276,365.75680743260256,366.2250061035156,678084
2025-10-23,366.693216309925,369.3151175188867,365.616365048265,367.6764221191406,4311356
2025-10-24,367.6764151430486,370.29834487884324,365.9440743237267,368.98736572265625,4070949
2025-10-27,370.3451532979369,372.87343758294145,368.56600404165715,371.4688415527344,5438773
2025-10-28,371.70294289590055,372.8734395940529,364.5863172558182,366.50592041015625,7672258
2025-10-29,368.2382668300449,373.9034595044905,355.8778100792436,357.70379638671875,26856509
2025-10-30,358.5934025490022,364.2117870553613,355.1755291130353,363.0412902832031,15154040
2025-10-31,365.14815032554253,369.12783897871185,363.0880647685646,363.9308166503906,13103909
2025-11-03,365.7099834711926,366.0377282678442,362.6666920016472,363.8371887207031,14152223
2025-11-04,365.4722210411979,367.3957590466779,362.10602953160793,363.1158752441406,10536699
2025-11-06,364.2219297654581,364.2219297654581,358.1146907834311,358.88409423828125,6648689
2025-11-07,357.7780764965301,362.34647935502073,357.29719198511003,361.6251525878906,4650451
2025-11-10,361.7213424144334,367.7804756361436,361.7213424144334,366.7706298828125,4451727
2025-11-11,366.8667964646536,368.35752667298595,364.1257489469149,368.1651611328125,3299015
2025-11-12,369.5597137411692,372.7816455476661,368.0689836303772,371.72369384765625,4326520
2025-11-13,371.72372223175233,372.5893084702699,368.11708844554516,368.5498962402344,3480764
2025-11-14,368.54992114584746,372.5412569354683,367.68430549797307,372.15655517578125,3760163
2025-11-17,372.2046156960829,374.3205193086016,371.3871061480251,373.0221252441406,3847261
2025-11-18,373.02210284938093,373.02210284938093,368.30944074173124,369.2712097167969,4462641
2025-11-19,368.45368398519093,369.1750106847113,363.9814643183362,364.5585021972656,5332643
2025-11-20,366.4339836006498,366.67442584710693,363.1158688591975,365.1355895996094,3971851
2025-11-21,363.54869280354865,365.80885589088587,363.1158850003427,363.7410583496094,3088629
2025-11-24,363.6929187697978,363.7410248273103,357.77804565931154,358.3070068359375,5543493
2025-11-25,358.35511632145926,359.1245197404313,355.46980947402534,355.902587890625,4902920
2025-11-26,357.63379366888284,363.260147955412,357.1048031303336,362.92352294921875,4102285
2025-11-27,362.92352006647656,364.2219140224176,361.72130887594955,363.59674072265625,3330267
2025-11-28,364.51042599424306,364.70279152139085,360.5671674945822,361.7693786621094,4689402
2025-12-01,362.49072488858104,365.4722146148214,361.43277313399767,365.1355895996094,4217206
2025-12-02,364.99136359412097,365.37606535356014,362.3464986405404,364.46240234375,3695491
2025-12-03,364.4623655487425,364.79896120998086,357.97042495445123,360.90380859375,4650434
2025-12-04,360.6633497601989,365.2317521904948,359.5092153006229,364.5585021972656,3135061
2025-12-05,364.4142887011124,366.0973845456618,362.10604884161717,365.4241638183594,3154258
2025-12-08,366.33779101709183,366.33779101709183,361.1923212105932,362.92352294921875,3911363
2025-12-09,360.75955816158086,366.6263549381182,359.07646240975475,364.8470764160156,4242651
2025-12-10,364.02952742433473,368.2613046999151,363.7890852001443,367.53997802734375,4752336
2025-12-11,367.7323923996179,370.617699473211,365.9531138340632,369.3193054199219,2695140
2025-12-12,369.8482274109504,371.00236185830596,367.6361706295203,368.6941223144531,1410201
2025-12-15,369.319297920296,370.2810669252967,365.56840467096515,369.7521057128906,1870236
2025-12-16,369.31928703709104,369.5116525727668,363.8852981891392,367.01104736328125,5109787
2025-12-17,366.28972570571744,370.7619456389727,366.24161964570203,370.0406188964844,3651138
2025-12-18,369.70396341106937,371.7236839937555,368.2132333397946,370.5695495605469,2379619
2025-12-19,370.2810565223368,372.54121949076205,368.83840305536665,370.8581237792969,3611941
2025-12-22,370.8581019209402,372.15649583485805,369.3673424824204,371.4832458496094,3112021
2025-12-23,372.6373947527992,385.62127569399973,371.6756257941917,385.09228515625,18487395
2025-12-24,388.3623209145254,396.6335404073621,386.39070615179304,386.9677734375,17624423
2025-12-26,388.3622729339133,392.78641577659994,385.2846300418088,386.7753601074219,5435637
2025-12-29,388.5546650839521,389.99731854342224,383.7458202190517,385.3327331542969,6105510
2025-12-30,384.7075955951633,384.899961133305,380.3796351447177,382.7840576171875,4418163
2025-12-31,383.16875183953204,388.55466394257127,382.3512423447284,383.7458190917969,4644679
2026-01-01,383.74580416654663,387.40051437064653,383.02447746698545,385.140380859375,3161157
2026-01-02,386.0059990476141,413.07979088005806,385.6693740230577,411.54095458984375,35090129
2026-01-05,414.474345661825,420.004517189957,407.30915515894486,411.108154296875,17258568
2026-01-06,410.6753424821993,414.8109372352361,408.46328563306037,410.7234191894531,6308113
2026-01-07,410.6272863180242,415.9170158183808,407.4534310072939,415.1475830078125,8920605
2026-01-08,415.14759496019286,417.407758045589,407.26110654312026,408.9922790527344,5991259
2026-01-09,407.5015183683881,411.97373814329626,401.25002015483534,402.3560485839844,7306605
2026-01-12,402.88500702655847,416.5902145552727,399.75925794106223,415.772705078125,14407896
2026-01-13,417.4077129284174,419.1388852509109,409.32885983868425,412.502685546875,7104004
2026-01-14,411.63713315534943,425.10189919314126,411.0600658835576,415.67657470703125,17125550
2026-01-15,415.67657470703125,415.67657470703125,415.67657470703125,415.67657470703125,0
2026-01-16,415.6765955389238,417.02306634001,411.63715378480276,414.5224609375,6410141
2026-01-19,414.5224350494904,416.30171355270556,411.97375309395215,413.7049255371094,7105031
2026-01-20,413.6568361790586,414.4743456664417,397.7395422569594,399.4226379394531,6768420
2026-01-21,399.08604401652553,403.606340544335,395.81600605279414,398.2204284667969,7312100
2026-01-22,401.2019101462056,410.5310806672249,401.2019101462056,407.0206298828125,11497522
2026-01-23,407.7900565647403,409.52122902679355,399.51883728311356,402.4041442871094,6520896
2026-01-27,404.9047310328992,410.6272680693136,402.8850103523494,406.7320861816406,8749844
2026-01-28,407.30914633936817,428.9008707959308,405.4817912224211,427.073486328125,17496873
2026-01-29,428.9489550566974,443.90445060588655,425.63084041288823,438.3262023925781,16915601
2026-01-30,436.5950513200679,436.5950513200679,420.2930549539359,423.8996887207031,10191610
2026-02-02,402.9812130618405,409.2327115938261,397.2105990323153,407.3091735839844,9618062
2026-02-03,420.2930314381519,420.2930314381519,403.894882569753,412.98358154296875,13955805
2026-02-04,415.00330683120103,424.5248136785932,412.069923239366,418.2733154296875,11476290
2026-02-05,420.29303962493873,421.0624430601096,411.3485999499235,415.3399353027344,5252658
2026-02-06,414.0896208782096,417.6001011213123,410.7234294621953,416.25360107421875,4738027
2026-02-09,417.4077356155608,418.177139056075,413.3682941757114,415.1956787109375,4512635
2026-02-10,415.4841803592711,417.1672759973005,412.310354610759,414.4743347167969,5103221
2026-02-11,409.90595585074357,411.5890515855939,404.23149532113143,407.0687255859375,5715603
2026-02-12,407.5496008942892,409.6655043678895,400.24015085468574,403.1254577636719,5987886
2026-02-13,396.5373322371901,401.63472535845267,392.49792019768,393.3154296875,8190851
2026-02-16,392.4017612795858,407.64580616025177,391.0552905179163,406.347412109375,9719418
2026-02-17,406.10696586997364,408.36712892142333,402.50033207006265,405.4337158203125,4564907
2026-02-18,407.7725137178407,408.1135590524194,402.55902256335366,407.333984375,4872345
2026-02-19,407.33395822930726,409.1367580113489,404.0207214546411,405.5311584472656,3824366
2026-02-20,405.3850039549284,414.642594189476,404.4592330359269,412.7423400878906,8843227
2026-02-23,415.12982177734375,416.59154650191186,408.25972746741985,415.12982177734375,6515765
2026-02-24,413.1808519994873,420.97671713155313,411.3293399783948,419.9535217285156,8950772
2026-02-25,419.9535348771403,428.43152063038593,417.61475147320164,427.4083251953125,8935314
2026-02-26,427.55448258871854,428.33405721413175,418.54051344012447,422.4384460449219,8650353
2026-02-27,421.7562961584512,423.3154751489378,414.5938687845787,419.6611633300781,8147373
2026-03-02,407.23650333529827,418.63796811098797,405.38499129398826,415.3734436035156,7498197
2026-03-04,415.12981104208257,426.7261542760015,415.12981104208257,424.04632568359375,18921256
2026-03-05,428.91873986870775,446.80051109134706,428.7725733482938,437.9327087402344,30106255
2026-03-06,439.6380413367691,440.0765706240426,427.40829041856983,429.2110900878906,10553695
2026-03-09,427.79810214341273,435.78887585576075,423.70526102462657,426.4825439453125,15824576
2026-03-10,433.4500985814608,433.54755284543836,422.68207153642504,432.23199462890625,10860312
2026-03-11,435.5939625813165,442.3178902841275,433.79116282867665,435.350341796875,9975869
2026-03-12,435.3503358037143,461.90500094227326,433.6449903361004,458.1045227050781,27328045
2026-03-13,460.93051689850444,463.8539662657254,450.50353559320376,455.0836181640625,20216953
2026-03-16,455.083645150105,458.78666933929156,444.36433016798264,448.5545959472656,12312203
2026-03-17,448.55457995520084,453.6219042070883,446.3132806162115,450.454833984375,9193238
2026-03-18,450.45484171219164,451.03953755726565,437.7378483414447,443.5847473144531,9539041
2026-03-19,439.3944477613891,448.2622504018954,439.1508269731272,442.6102600097656,10192726
2026-03-20,445.0464703473446,460.3458380912666,444.55922876813304,456.20428466796875,23878653
2026-03-23,454.1091472158584,454.1091472158584,439.1508249381209,443.6334533691406,10163783
2026-03-24,451.1857237929352,451.1857237929352,427.79812687926255,430.81903076171875,20320746
2026-03-25,432.2320080757556,435.0092911217551,427.6032129120453,432.3782043457031,8630612
2026-03-27,434.6194659159683,437.0556736845556,429.79576263861975,433.6936950683594,17184280
2026-03-30,433.69373013800725,448.16481140135926,431.7935057681705,438.9559631347656,19114688
2026-04-01,452.1601682582007,452.9884848590329,435.3990466772215,437.9327087402344,14960312
2026-04-02,436.95823181169686,441.73319322570217,429.25982099252116,437.8840026855469,6701003
2026-04-06,437.83527794076815,449.6752722894202,435.9837658589643,447.82373046875,12403745
2026-04-07,446.3619959640154,451.9652740890945,443.6821672954993,451.1856994628906,11316785
2026-04-08,452.16018668266554,452.16018668266554,435.5939729464472,437.78656005859375,20653569
2026-04-09,437.7865680184791,444.5592380057974,436.4222975161113,442.5128173828125,9468415
2026-04-10,443.38985576314366,447.8724844285225,416.59156777745915,423.0231628417969,29605732
2026-04-13,423.90019587781944,428.2853703179348,420.48950464661857,423.9976501464844,18702296
2026-04-15,427.7981065375825,427.7981065375825,420.3920285859696,424.67974853515625,10149319
2026-04-16,425.3618923564097,425.80042166675634,419.51499349240413,421.70758056640625,11776638
2026-04-17,421.75628734991335,428.918744313061,419.5149880433694,427.5544738769531,10733309
2026-04-20,427.4083197857799,432.37818984794853,422.2435411961278,430.4779357910156,8090840
2026-04-21,431.0138769942993,433.93732638762856,430.6240896896284,431.8421936035156,5336558
2026-04-22,432.4756058612528,436.3248261617997,431.20878967414046,432.8166809082031,6991939
2026-04-23,432.91413176862653,439.9791344817893,431.3549528082935,439.15081787109375,8989280
2026-04-24,441.19724859271133,450.21121777986224,439.54061533303997,444.36431884765625,16441909
2026-04-27,446.8005120208909,448.8956447881559,439.15081355542105,440.95361328125,6922067
2026-04-28,444.55921233761296,461.80754576089777,444.55921233761296,455.0836181640625,26732373
2026-04-29,457.86093575270064,473.3065003626175,452.2089153705519,467.65447998046875,18063862
2026-04-30,472.08836639563526,478.7148398145708,466.1927255886965,469.1649169921875,16935052
2026-05-01,469.1649169921875,469.1649169921875,469.1649169921875,469.1649169921875,0
2026-05-04,469.31107723777467,474.57328014582816,463.46417850907864,467.70318603515625,7757497
2026-05-05,467.70319804108254,467.7519103028595,459.17647050952,460.5407409667969,6946902
2026-05-06,461.758853452309,465.3157110550086,456.1068332548133,458.2019958496094,8596697
2026-05-07,458.20198671934503,460.7843611060744,444.46176842572856,454.7425537109375,24264105
2026-05-08,449.43162616779625,451.5267589248918,443.29236467765355,444.75408935546875,15767759
2026-05-11,444.3643296074446,453.86554060234056,441.2947135414822,452.5987243652344,6258261
2026-05-12,453.1346901798445,457.0326229985958,449.8701654963667,451.23443603515625,6464174
2026-05-13,451.4293171298253,461.51522363300836,447.77500533438683,450.454833984375,12091924
2026-05-14,452.16016926653634,457.8121594868221,439.93041796317056,442.46405029296875,11408675
2026-05-15,445.3388036079673,456.54535993508244,443.63345807992806,450.4061279296875,7859575
2026-05-18,450.21123103655486,456.5453717329566,445.3875273799022,450.3086853027344,7735499
2026-05-19,450.3086825167521,451.4293322237166,442.41536282691277,445.29010009765625,7319865
2026-05-20,444.3643363621158,448.31098140136413,441.14855371819993,446.9954528808594,3756072
2026-05-21,446.99542860901926,453.3782812861203,445.582416159223,448.4571533203125,7425043
2026-05-22,448.26227805321173,451.0395611584889,444.36434520057514,444.9002990722656,9201635
2026-05-25,448.26225980400517,450.7471800008504,444.36432711005733,446.31329345703125,8441223
2026-05-26,446.3132756162649,463.51289699300514,443.3898262126649,446.4594421386719,17073323
2026-05-27,418.0532948110823,456.3504728597674,417.4685989404961,451.23443603515625,117042535
2026-05-28,451.23443603515625,451.23443603515625,451.23443603515625,451.23443603515625,0
2026-05-29,447.1903034447566,461.90500468960346,444.2668540479869,446.2158203125,97895486
2026-06-01,444.90026862272566,464.82846086346666,444.90026862272566,460.5407409667969,47716517
2026-06-02,457.8609344371012,462.8308046719781,451.4780516760305,460.10223388671875,24933269
2026-06-03,459.85859525382983,466.33890229183896,454.304059109336,460.2483825683594,15291450
2026-06-04,460.9305289643912,472.0883729035786,460.78436243997686,469.35980224609375,16059802
2026-06-05,470.96769728168346,471.26006007173,457.13005431325735,460.2483825683594,9592529
2026-06-08,453.1346551884511,458.5917666610743,452.11145979808776,453.0372009277344,10074583
2026-06-09,453.03720924246437,455.6195836350959,446.703068784868,454.9861755371094,10972434
2026-06-10,453.32958585120934,455.4734309973617,438.7123381957172,439.4919128417969,8127902
2026-06-11,439.491930145799,440.4664133611999,433.69374311861674,434.8144226074219,6034733
2026-06-12,441.7819538059967,441.7819538059967,428.4315223986873,432.18328857421875,9946830
2026-06-15,436.86076093009837,438.1276068007943,429.94195472551246,432.7192077636719,10056872
2026-06-16,434.570790833106,441.87941476411106,432.2807493869511,439.4432067871094,7262608
2026-06-17,439.3944477812171,449.7726874138692,437.1531484246528,444.1206970214844,9064734
2026-06-18,444.36430210349835,445.8260267814704,438.85847843091,440.46636962890625,5364436
2026-06-19,440.7586933030188,443.1949010478705,436.5684278774196,439.7842102050781,6128782
2026-06-22,440.46638770836233,442.70768707770367,436.27612202172736,437.5429382324219,3738644
2026-06-23,437.7865582003207,439.9791453031604,432.18328004861934,433.0115966796875,3512212
2026-06-24,433.0115979539708,435.78888090684734,429.6496191575099,430.4779357910156,4169224
2026-06-25,431.2574959194143,431.5498587008069,420.9767108260374,424.2899475097656,7046971
2026-06-26,424.2899475097656,424.2899475097656,424.2899475097656,424.2899475097656,0
2026-06-29,424.5335833508713,436.471002078998,424.1437960340526,433.49884033203125,21400224
2026-06-30,434.22968403440655,435.44778793388656,426.77489411736184,427.8468017578125,4363382
2026-07-01,427.7981086191328,427.7981086191328,422.1461181684583,423.65655517578125,3391210
2026-07-02,427.21341149605803,428.7725905001956,421.7562998510096,427.7006530761719,4941315
2026-07-03,430.67283804511,434.0835290543271,426.62870920023164,427.5057678222656,4283263
2026-07-06,427.50578421754716,429.2598420511539,420.2458726096711,421.31781005859375,5464728
2026-07-07,421.3177837864981,423.26675003069255,413.6193730697032,418.0045471191406,5315215
2026-07-08,417.0787943191283,420.9767269763164,415.56835731001433,418.10198974609375,3686631
2026-07-09,421.415247713231,424.6797424560483,417.90710244543556,418.9302978515625,2855525
2026-07-10,419.1739282117408,421.56142386572225,415.8606913927063,418.3456115722656,4872051
2026-07-13,418.0532645933536,420.8792597349063,414.1553320563527,419.22265625,5650932
2026-07-14,418.9790491651914,425.3619020076753,417.1275073584866,419.6124572753906,6155516
2026-07-15,419.5637082383756,421.9024915889187,415.7145176400994,416.6402587890625,5624520
2026-07-16,416.6402523187647,419.5149894614917,414.9836488331998,416.44537353515625,4570655
2026-07-17,416.4941111351129,418.73544032445704,413.86302435483975,416.73773193359375,4142036
2026-07-20,417.22495027471075,422.4384410193781,417.22495027471075,418.44305419921875,5363624
2026-07-21,418.9790638621173,422.14613426307403,418.1994594585615,420.2458801269531,4612497
2026-07-22,420.29456202342186,420.6843790664675,416.44537150369905,417.46856689453125,5625202
2026-07-23,417.9071026408695,419.5149938821919,413.66809501275367,416.15301513671875,6064005
2026-07-24,416.1043227785877,417.9558348947003,413.9117355976701,416.4941101074219,5403125
2026-07-27,418.54051906295683,420.00224380939324,414.8862071968658,416.591552734375,5241433
2026-07-28,412.10892552030344,412.7910756329879,396.41974057835654,399.68426513671875,14222229
2026-07-29,402.510272096928,402.94880143054917,395.8837982615734,399.5868225097656,9914444
2026-07-30,402.4128289341855,407.62628999878183,399.63554600721363,406.55438232421875,23225454
2026-07-31,407.8381341442665,409.91189339595996,405.0237487409794,408.9737548828125,5938134
2026-08-03,410.75126564101083,410.8006286621094,407.4431295512365,410.8006286621094,5371911
2026-08-04,409.81313574176164,412.3806457519531,407.8381326779459,412.3806457519531,4057342
2026-08-05,412.3806440010577,412.3806440010577,406.5543910147696,410.306884765625,5429514
2026-08-06,409.31938194415324,410.5537588498956,406.99874733412673,410.4056396484375,4753639
2026-08-07,409.81312218378423,410.05999755859375,407.34436843568915,410.05999755859375,3493763
2026-08-10,409.81313478047537,409.9612539826831,405.2212586951059,405.8631286621094,6284552
2026-08-11,405.86310684473176,408.2824975166374,404.134979260843,407.443115234375,10739893
2026-08-12,407.443129759797,408.5293874499116,403.098129135493,404.1843566894531,4089147
2026-08-13,404.1843404272088,405.3693542480469,401.61686070898185,405.3693542480469,4423109
2026-08-14,404.67810733710866,405.2706142712087,400.53061907071793,402.0118713378906,5000302
2026-08-17,402.01186816354345,403.3450012207031,400.2343473752791,403.3450012207031,4866733
2026-08-18,403.8387577654821,407.5418884572936,401.6662423718241,401.8143615722656,7352659
2026-08-19,401.8637580108829,402.5056279754732,392.3343441772275,395.0006103515625,6030203
2026-08-20,395.0499695819172,398.4074988466057,390.8530881372113,397.4693603515625,5070984
2026-08-21,397.5187170315459,400.8268530859488,396.6793648649181,400.1356201171875,10327739
2026-08-24,400.9256162334618,405.81376080111494,399.5431201357498,401.8143615722656,8002459
2026-08-25,402.9005979028079,402.9005979028079,396.0868438184469,398.9505920410156,8450049
2026-08-26,399.93810036811686,400.3330949338423,396.38308900428063,398.45684814453125,5118183
2026-08-27,398.4568656921387,399.8887549591251,393.42060188292527,395.0006103515625,4430005
2026-08-28,395.98809814453125,401.27123715199457,392.5318429238184,395.98809814453125,38504284
2026-08-31,397.02496764479713,400.5306160658315,394.6549700623321,396.7287292480469,7827528
2026-09-01,396.72871611730085,402.1106111906528,394.4080816323834,396.5805969238281,6128444
2026-09-02,403.0981191174421,417.1206221535703,401.4193545347908,412.62750244140625,34130970
2026-09-03,416.7256277481623,423.14438741726906,411.5906079584154,414.79998779296875,15286175
2026-09-04,418.0,418.0,412.54998779296875,415.3500061035156,6126850
2026-09-07,416.6000061035156,420.29998779296875,413.29998779296875,418.8500061035156,13592701
2026-09-08,418.1000061035156,423.6000061035156,416.04998779296875,420.25,5273145
2026-09-09,420.8500061035156,435.3500061035156,419.79998779296875,431.0,22791556
2026-09-10,433.0,436.29998779296875,430.0,432.0,8811171
2026-09-11,432.0,434.29998779296875,424.20001220703125,426.3999938964844,3868222
2026-09-14,426.3999938964844,426.3999938964844,426.3999938964844,426.3999938964844,0
2026-09-15,426.3999938964844,427.0,418.0,419.25,6128458
2026-09-16,419.25,423.45001220703125,417.6000061035156,422.25,7049685
2026-09-17,421.1000061035156,422.79998779296875,416.54998779296875,418.0,3329425
2026-09-18,418.0,419.95001220703125,409.6499938964844,409.8999938964844,7700870
2026-09-21,411.70001220703125,415.3999938964844,410.45001220703125,414.70001220703125,3442984
2026-09-22,424.70001220703125,428.75,419.6499938964844,428.0,16676174
2026-09-23,428.25,429.3999938964844,421.54998779296875,424.54998779296875,7956161
2026-09-24,422.0,423.8500061035156,418.79998779296875,422.0,3565762
2026-09-25,424.0,426.6499938964844,421.3500061035156,426.1000061035156,4798343
2026-09-28,426.3999938964844,429.29998779296875,421.20001220703125,422.5,5492668
2026-09-29,420.54998779296875,426.0,420.54998779296875,425.0,7457218
2026-09-30,425.1000061035156,432.8999938964844,423.95001220703125,425.0,7436925
2026-10-01,421.20001220703125,426.3500061035156,416.29998779296875,420.3999938964844,7514836
