Date,Open,High,Low,Close,Volume
2019-10-03,404.4019064760951,407.0447587705219,400.27534514800794,402.1299743652344,1637904
2019-10-04,403.1499354664716,404.3554328669145,393.4131342648662,394.75775146484375,2334293
2019-10-07,394.2477718483092,402.4081567970672,390.86307943008643,401.1098937988281,1546043
2019-10-09,401.341715507615,413.35044993831156,399.90438931216346,411.54217529296875,1488325
2019-10-10,411.1712637970743,411.2176465039837,404.7264446857639,407.4620056152344,571364
2019-10-11,409.3166928176179,414.509660669328,408.01845792953986,413.21142578125,846266
2019-10-14,414.3704930155405,423.6436380833633,411.7276410113324,421.9281005859375,2030424
2019-10-15,425.26644496380663,425.68371951859444,414.8805110095007,417.2915344238281,2746832
2019-10-16,419.1462159976742,424.7101038206522,417.2915867233482,422.9482116699219,927864
2019-10-17,422.8090605803692,429.90301089558363,421.37170611558383,428.79022216796875,1122519
2019-10-18,428.88299629235956,433.7050434623237,427.49202441249247,432.5922546386719,918558
2019-10-22,432.12855894461103,445.1109620030328,431.85037591311624,438.24884033203125,1981127
2019-10-23,439.5470593669267,443.34905435888186,434.30773826430897,437.4606018066406,1432436
2019-10-24,437.7388320529581,444.18367964311193,430.55214412553823,435.6523742675781,1429210
2019-10-25,437.83155482313737,438.43430361483956,429.3466324338377,431.7112731933594,649773
2019-10-27,434.5859414112076,436.5796619568189,433.05587812268703,435.1886901855469,153353
2019-10-29,435.1886587813961,435.7450531096329,425.359148279907,431.98944091796875,1134661
2019-10-30,431.98948164983386,433.7977280128625,423.7363879508834,426.8892517089844,1796647
2019-10-31,428.4192792077889,431.20122257926806,424.8491128878457,428.3729248046875,1885493
2019-11-01,428.8829768826306,437.64611064896303,427.49200506571395,430.1348571777344,1818491
2019-11-04,430.4593893669989,433.93681863816903,424.71002831890763,426.9355773925781,1679706
2019-11-05,425.6836648288631,448.2637761726945,422.1135270214253,446.36279296875,8858287
2019-11-06,449.2839052510984,452.2513231690059,439.08344506995894,441.9117431640625,3883468
2019-11-07,443.7663746739965,445.8528324495392,437.69247558050796,442.9781799316406,1456741
2019-11-08,442.97811355741345,449.09836614245313,437.32148988696446,439.22247314453125,1561299
2019-11-11,439.91795092226073,445.66731159026557,437.7851390966986,442.74627685546875,1100336
2019-11-13,445.4899542959955,447.0245173555644,430.0977762052044,431.4463195800781,1734670
2019-11-14,432.9343382504979,435.9569732651362,423.16890204935885,430.1907043457031,1593020
2019-11-15,432.0043432851349,433.95743641246327,427.865646619668,429.4002380371094,594085
2019-11-18,429.4002125303372,430.4697546800081,420.56481744438474,423.2619323730469,1318573
2019-11-19,424.00594379815334,424.70347497188885,417.21665172684106,421.9598693847656,1811882
2019-11-20,425.959041347023,437.9565719879159,423.63393740953927,436.00347900390625,2389925
2019-11-21,437.11952846282645,440.74668483099487,430.05120700690446,431.77178955078125,2168444
2019-11-22,431.63227044935377,432.3762923042767,425.0754607745611,431.3532409667969,1117561
2019-11-25,431.2602583413683,437.7705488932731,431.2137392364289,436.74749755859375,1229982
2019-11-26,437.3985420510994,443.583341240581,426.88908359026794,430.3767395019531,6724984
2019-11-27,432.5623482196671,437.5380763915803,430.4697546468396,436.468505859375,1173971
2019-11-28,434.3294587408889,438.74715666170096,431.8183348854849,433.6319274902344,893025
2019-11-29,434.0968984442683,434.23639900184605,425.3079943428591,426.9820861816406,3751777
2019-12-02,426.7960867619773,426.9821064359824,417.8211909522695,422.0063781738281,3468701
2019-12-03,421.86683160338646,422.98286437785725,418.23967541678155,419.4952087402344,2600811
2019-12-04,421.2158727171235,426.65662224130216,414.9380913544449,425.7730712890625,3264668
2019-12-05,424.19201486387965,434.18996289888094,423.72699402504236,433.492431640625,2047971
2019-12-06,435.9569577941489,438.8400921515504,428.6561262644333,431.3532409667969,1614204
2019-12-09,431.39976803158413,435.72445545617364,429.21416476632686,432.7948303222656,1721369
2019-12-10,431.21378548705786,432.37633749601827,423.1689312615756,424.9360046386719,1963909
2019-12-11,426.424071264022,427.028592624187,417.0306454789564,419.8207702636719,2047964
2019-12-12,421.40191707566953,428.14471967475095,420.09986431926774,425.68011474609375,974325
2019-12-13,427.8191223144531,430.4232273581033,425.6335189478452,427.8191223144531,855397
2019-12-16,428.7491271773412,429.6791686679645,424.0989197242247,427.35406494140625,903982
2019-12-17,426.889094511136,430.05123027543584,424.4709806739831,428.3771667480469,1011059
2019-12-18,426.4241109315313,431.7253598686789,425.2150680987318,430.42327880859375,1178799
2019-12-19,431.1672776438721,433.39937173594603,426.4240599590799,427.8191223144531,1348905
2019-12-20,427.72615803681373,429.6327604884604,425.68008339391446,427.6331481933594,1603344
2019-12-23,425.9591118736019,430.51631066908783,424.9825794112196,428.7492370605469,1339055
2019-12-24,427.354178521093,428.7492411277995,422.84347041621766,425.68011474609375,748881
2019-12-26,425.67998491959423,428.93513000913526,424.7499434654397,425.58697509765625,744378
2019-12-27,427.72615803681373,428.6561997061186,424.005991359594,427.6331481933594,1081584
2019-12-30,427.3540787441905,433.07382841973885,426.28453667195214,430.2372131347656,1349981
2019-12-31,430.23720988019954,434.14336720786264,425.49399248418086,426.3310241699219,1167751
2020-01-01,427.5401667325243,428.5631898626643,425.5405544374233,427.6331481933594,495678
2020-01-02,427.6330845896522,429.8652069700863,425.9590211869417,427.7726135253906,502422
2020-01-03,426.8891257417308,428.47020793085903,421.8203872965428,423.72698974609375,1376230
2020-01-06,422.2388489586967,424.51746202969144,414.5195157162421,416.6585998535156,1415568
2020-01-07,418.7977202790723,424.09896874138644,417.72817811776105,421.77386474609375,966767
2020-01-08,418.3327306304993,425.9125929256697,415.3566143244832,424.7035217285156,1291151
2020-01-09,427.02860279017983,431.5393103093768,425.72655020283884,428.4701843261719,1811623
2020-01-10,430.6092451820174,436.1894945796245,427.72611065006384,434.1899108886719,1037751
2020-01-13,436.88705359835194,445.9084687191565,436.6545431919664,445.2109375,2755979
2020-01-14,447.30343756376567,449.81453239773714,444.1412739924791,448.8844909667969,1804874
2020-01-15,448.23350792478703,457.6734233815834,446.65242603709686,456.2318420410156,1346372
2020-01-16,457.34797891771126,459.81258360037805,451.39571806637866,453.4883117675781,2012701
2020-01-17,453.86030396916743,457.53397966786645,452.65126123377195,455.3948669433594,1015739
2020-01-20,455.39484720934536,458.2314910158004,450.6516295452434,452.04669189453125,1406615
2020-01-21,451.442225488052,454.1858597952314,446.8385362047588,452.9302978515625,788507
2020-01-22,454.97635468759495,459.4405429420827,452.2327206590844,452.7442321777344,1140015
2020-01-23,452.6512262243408,457.580435004473,448.97755080977504,455.5343322753906,798731
2020-01-24,455.7668933730859,466.7878924604955,455.7204026442308,465.48583984375,2564212
2020-01-27,465.3928776887849,470.46161648855787,457.25501252202537,458.69659423828125,1640739
2020-01-28,458.743068763715,464.27682823464266,452.69779771056926,454.23236083984375,1372031
2020-01-29,456.5574250898258,460.83562221374234,454.5113505575998,457.2084655761719,830287
2020-01-30,457.58043560296994,461.4866214062853,439.1191054412458,445.25738525390625,7747030
2020-01-31,450.0936954794015,468.22950876685655,446.4665101158141,461.06817626953125,7462427
2020-02-03,450.9772327110767,465.85790050691423,450.04719097383685,462.2307434082031,3688146
2020-02-04,463.34676574332565,477.11137093980864,463.25375590092665,468.136474609375,3128490
2020-02-05,469.6710271907057,477.11136029471686,468.2759647337036,475.3907775878906,1728547
2020-02-06,478.4133614118114,481.76148804347446,469.9499498600195,473.9956359863281,1730852
2020-02-07,476.92534241081285,481.48256916028305,470.97308158170335,477.7159118652344,1439486
2020-02-10,477.6694246296704,481.2966101952102,472.972725100621,476.9718933105469,1094750
2020-02-11,478.83188713721995,480.83149925025344,472.2751053186723,473.29815673828125,1212549
2020-02-12,475.5301740581095,486.64418055229123,475.5301740581095,483.528564453125,2805428
2020-02-13,482.50556744105234,482.50556744105234,474.92573412919506,476.83233642578125,1632953
2020-02-14,478.9713948209361,480.78498718349846,468.22942634838654,470.69403076171875,1260687
2020-02-17,471.0195867874176,474.3212231642393,465.25331742727593,465.90435791015625,1336491
2020-02-18,464.09075246290865,471.71710483839195,461.30062769860257,469.2524719238281,2041114
2020-02-19,464.0907941370208,474.7862733606195,454.65087684662933,472.5076599121094,3634077
2020-02-20,473.3912251063774,480.8315587033343,467.8574656405927,470.7406005859375,2543540
2020-02-24,468.3224308810154,477.483374593627,463.62573220867836,465.9508361816406,3415189
2020-02-25,468.2759002883812,473.8561493484215,464.18372332087455,465.2532653808594,2111814
2020-02-26,465.9508302519872,471.53107971608284,462.4631743369274,466.8343811035156,2775398
2020-02-27,467.6249099633138,472.6471573613496,466.3228573863709,470.92657470703125,3265481
2020-02-28,465.95084443140325,469.62452012677363,457.5804699805397,461.3936462402344,4192788
2020-03-02,468.55491987191624,477.7623538902896,459.16152295638875,464.3232421875,3441005
2020-03-03,467.8109629428294,477.1113797011362,465.2998390650388,471.15911865234375,3579242
2020-03-04,475.25125748552733,480.73852563029936,471.1590801230364,478.4134216308594,3354621
2020-03-05,483.62163129722944,488.2718392904721,478.5528932315482,481.7150573730469,3594544
2020-03-06,475.2512643258252,477.3438579554399,461.4866598040734,465.5323181152344,2903801
2020-03-09,457.58051458138937,460.32414893853314,444.6529406792928,449.3496398925781,2176031
2020-03-11,446.23393822691145,459.7660602301962,443.1183216435239,453.86029052734375,2848963
2020-03-12,444.0948533252463,444.5598741140685,420.0997919750649,423.40142822265625,2856276
2020-03-13,395.26768101153107,439.6771675251795,373.5977230291222,419.0767517089844,4078543
2020-03-16,408.6602187093632,423.1223806847677,396.56967952634886,401.3128967285156,3101283
2020-03-17,401.3129378792141,419.35573867976325,394.7096370487107,400.2898864746094,2506801
2020-03-18,404.5680987758074,406.6606923901651,383.2701516662022,385.5487365722656,2896377
2020-03-19,372.435211945374,398.47637967314313,363.1812856319222,389.5479736328125,3097171
2020-03-20,389.68738881275806,421.02979874095877,385.9672228097723,413.2639465332031,4011074
2020-03-23,379.45699621953423,398.05782936755065,359.0425704865387,368.3429870605469,2662357
2020-03-24,364.71585682307835,390.2455135302364,363.64631451573274,373.13275146484375,4911904
2020-03-25,375.41129321919504,383.2236371295018,363.6927631624261,376.8528747558594,4409305
2020-03-26,385.96727787796266,403.5915781847145,372.5281649216947,396.1512451171875,5838526
2020-03-27,410.6133303450636,414.42650624676156,388.75735466418257,393.4075622558594,3674758
2020-03-30,385.9672712794714,404.47509379201165,375.8298233247992,397.6392822265625,3175357
2020-03-31,405.4051033750837,423.68041403915265,400.33639398957786,418.565185546875,3302637
2020-04-01,419.35571330771234,422.9828695385713,400.19685242809504,404.4285583496094,2154766
2020-04-03,413.4035021382993,422.4714079782282,394.3841395620165,397.8717956542969,4235746
2020-04-07,415.5890971581984,454.79034515953686,404.0100678148933,444.141357421875,4522049
2020-04-08,441.1187300340021,481.2035580079271,437.11956241179246,454.1393127441406,5642395
2020-04-09,465.9508361099498,478.04137676749343,445.72243154829033,451.39569091796875,5377864
2020-04-13,451.90726899427966,458.4640801922597,439.67722597370346,446.2340087890625,2769922
2020-04-15,446.41999044872944,470.6010732647023,446.41999044872944,467.67144775390625,4343214
2020-04-16,462.92826114415885,473.39123038147034,457.7200218917286,468.2760009765625,3438673
2020-04-17,478.9714147247904,478.9714147247904,453.11627009851827,455.8133850097656,3429703
2020-04-20,457.9525331091593,464.9743650612172,448.74512584096715,458.3710632324219,3233932
2020-04-21,452.46533195246707,467.81102152536675,450.1402274717247,463.3468322753906,4518995
2020-04-22,463.6257050701673,469.4849553860121,460.8820711896248,467.5318908691406,2801897
2020-04-23,470.69406032635044,480.04099545359077,462.2771668008684,464.09075927734375,4322555
2020-04-24,464.0908078520774,468.5085059228136,459.90562020611674,464.1372985839844,2376828
2020-04-27,466.88088792220066,469.34549251060514,453.1627741834508,457.34796142578125,4482196
2020-04-28,459.44052123561545,459.8125321754775,448.6520336839241,453.4417419433594,2010508
2020-04-29,455.7204088289826,456.3249302253953,442.1883141647613,444.79241943359375,2503008
2020-04-30,451.07022897602013,460.69616634306345,444.792447438725,455.06939697265625,4295419
2020-05-04,446.41996875,449.02407388132815,433.12038520070314,435.9570007324219,3267221
2020-05-05,438.0496436356181,442.2813220459289,418.51876780473066,420.8438720703125,3676031
2020-05-06,423.1224151255733,426.2845507235344,412.1014170659214,423.8199462890625,4087839
2020-05-07,424.56399527243417,424.56399527243417,409.2183086963221,410.9853820800781,3356812
2020-05-08,415.7285611617225,420.37876878098115,410.7528333325928,415.54254150390625,3238325
2020-05-11,418.5187749230312,422.8899823697201,412.4735037296985,415.31011962890625,2890780
2020-05-12,415.7286460104817,420.1463441504141,408.47433199690414,412.1479797363281,2465770
2020-05-13,425.95904630933506,426.51707693735534,411.4969110027526,412.9849548339844,2202274
2020-05-14,414.33350937836576,428.74915336347163,413.86848860465267,426.5170593261719,3710845
2020-05-15,430.6092591529533,431.2137805141176,410.473864266493,412.845458984375,4049485
2020-05-18,414.79853115350636,414.79853115350636,400.010876190252,405.59112548828125,3056578
2020-05-19,409.6368241603475,415.86808569998846,403.1730238437165,406.52117919921875,3631044
2020-05-20,407.1722090779251,413.82202935387187,404.80061430466117,408.8927917480469,2543929
2020-05-21,409.21828752807613,417.96067253965276,408.38125579829193,409.3577880859375,2934438
2020-05-22,408.8463163014901,412.89200316822905,399.82490091508913,401.4989929199219,3326987
2020-05-26,401.4990336561062,405.68422151889,397.49983711320647,402.80108642578125,3334407
2020-05-27,401.7780221365733,404.4286467091374,394.4306982416185,398.94140625,5829539
2020-05-28,399.87138949191126,419.68126383338216,391.73352565026676,417.0306396484375,10807910
2020-05-29,412.7060046874528,437.1195993309359,409.4973494669755,433.8179626464844,7711038
2020-06-01,437.11955879873966,440.7932345289251,429.67922588301644,436.4220275878906,6224484
2020-06-02,436.42199292265025,443.5368050316536,426.9355578555689,428.6096496582031,3195295
2020-06-03,431.6322845732641,437.6775545858235,425.1219937905078,430.93475341796875,3870392
2020-06-04,432.46931747901505,436.6080136982583,425.9590266782557,430.1907043457031,2631670
2020-06-05,431.5393298291141,433.8644339769003,425.49405904487,430.46978759765625,2549236
2020-06-08,436.65453156051143,436.65453156051143,424.9825208239216,426.05206298828125,2555231
2020-06-09,428.09815889389927,442.56032353880835,426.6101149643324,433.9109191894531,5028353
2020-06-10,435.25950255223813,440.7467427412233,426.79611765942076,429.58624267578125,3751933
2020-06-11,429.5862668851088,432.4694019076842,416.6586925906291,418.6117858886719,3476454
2020-06-12,401.1734963858587,425.0290605173662,400.8479761115642,423.77349853515625,2789834
2020-06-15,424.0989640033843,428.23766042181495,420.2857878171814,421.9133605957031,1990031
2020-06-16,423.72698925786267,425.9590835826453,414.6125638896232,417.1236877441406,3353195
2020-06-17,415.26366141380976,425.40111130147443,407.35830615733187,409.68341064453125,4824055
2020-06-18,409.21832275390625,412.5199592321688,405.96317700472747,409.21832275390625,3947046
2020-06-19,411.9154615802938,418.05374245188443,410.61340888210674,412.0549621582031,4482029
2020-06-22,413.86854272818755,417.58870940439596,410.194866782384,412.4734802246094,3082797
2020-06-23,410.613343188661,427.81911181604545,410.613343188661,426.5170593261719,5596513
2020-06-24,428.70269179305274,432.3298483981564,419.2627467386215,423.2154235839844,3473535
2020-06-25,422.7969170436784,433.1668752073304,421.07633440712584,427.0285949707031,3845591
2020-06-26,429.772256742816,432.42288115021825,423.2154460105453,428.1446838378906,3102744
2020-06-29,427.81910693227763,436.18948076356133,426.05203368886305,431.3067626953125,5083680
2020-06-30,435.7244693727179,439.6306552644311,430.14422003176526,433.3528747558594,4999118
2020-07-01,437.956595613678,438.0496054527181,432.98086724252164,433.9574279785156,2383843
2020-07-02,436.654535133375,438.5146183501306,431.4462964499359,432.5158386230469,2370799
2020-07-03,434.4224041158107,437.81705002203955,432.19031012148315,434.3758850097656,2323284
2020-07-06,437.11953170795607,437.2125415401618,431.5392823670034,433.3528747558594,1892579
2020-07-07,433.399429734829,448.1870870041929,432.5158787718065,445.0714416503906,5373286
2020-07-08,450.0471186293589,450.0471186293589,438.0960785504165,440.1421813964844,2670696
2020-07-09,433.3993946932895,443.6298525079379,433.3993946932895,439.9561767578125,1944218
2020-07-10,440.28171680087155,444.93192510756137,439.0726739941798,440.979248046875,2126443
2020-07-13,441.7232774822013,452.0002260001452,441.3977572396283,450.60516357421875,3108357
2020-07-14,452.000270135777,453.30232285059054,442.5603524751033,445.90850830078125,3209743
2020-07-15,450.97720120122784,452.79079381517806,443.95539792873006,446.094482421875,2305139
2020-07-16,447.3499888449536,454.7903212997553,441.3047187254272,453.5347595214844,3164943
2020-07-17,455.67391626792283,460.6961354848379,449.6751362921568,456.4179382324219,5791083
2020-07-20,459.44055733947886,467.81093186590664,453.2092671723134,465.90435791015625,3529535
2020-07-21,464.18376507348887,467.53192048719734,456.13891096483144,457.25494384765625,3328043
2020-07-22,458.5105237274572,460.5566266671179,444.9319102488629,447.3965148925781,3073060
2020-07-23,449.16365427912535,452.79081126418464,443.3043744885337,445.90850830078125,2331308
2020-07-24,445.4898989729007,449.02404548226997,437.2590256431204,438.51458740234375,2141706
2020-07-27,439.90973490470947,441.0257963251693,430.5628269431863,433.7714538574219,3751567
2020-07-28,433.77141927210675,443.6298664247357,433.3994082891548,441.86279296875,3183237
2020-07-29,443.39737774160324,457.25499330965164,443.2113580497019,455.3484191894531,6554407
2020-07-30,459.3475098333739,462.9281754303528,447.11746928808054,457.4874267578125,8628513
2020-07-31,461.300644651541,478.97143547488633,459.48705213504525,477.62286376953125,8509912
2020-08-03,478.83192585542054,482.3661295749505,471.8101226767804,474.7397766113281,4310402
2020-08-04,478.9714119618308,480.0874732068273,470.1825077096788,471.4845886230469,2173942
2020-08-05,472.50759911719194,475.39073360477255,465.95081752896243,467.8573913574219,2597217
2020-08-06,468.69449680005226,473.9492264003925,466.229863742862,471.3450927734375,2349815
2020-08-07,472.36808904365586,477.76234696587517,470.64750653068404,476.46026611328125,2754108
2020-08-10,478.9713742649947,491.06191380954795,470.92652093687246,472.97259521484375,5418102
2020-08-11,474.32120083973143,487.89978505963853,474.32120083973143,477.2508544921875,5206538
2020-08-12,477.94837192995755,483.15658186767456,466.8808548557702,468.3689270019531,4289689
2020-08-13,474.80671344418056,475.1799101226346,462.53769112410794,464.49700927734375,3607000
2020-08-14,466.0364190240846,467.99573699087364,456.00660620224494,463.7972106933594,4703261
2020-08-17,469.81512161026217,469.81512161026217,458.10590865405993,462.35107421875,2880081
2020-08-18,460.9049311739578,465.66326712968174,459.7386737570196,463.7039489746094,3279512
2020-08-19,463.7039273195057,471.07466815572286,459.97190375959013,461.0915222167969,3390431
2020-08-20,459.785308466392,463.56399954661913,457.49946103391306,459.5987243652344,1638348
2020-08-21,463.2374138488698,465.10342558642816,458.1058815705842,458.99224853515625,1911355
2020-08-24,459.3187729360443,462.257764169971,453.95398924750003,457.6393737792969,2692195
2020-08-25,459.9252544039354,460.9048991769218,453.72074259809017,458.99224853515625,2055713
2020-08-26,462.77097362732434,468.3690095986226,459.1788948511246,462.7243347167969,4093077
2020-08-27,465.33671644345793,465.8965257067281,458.10592034834656,460.11187744140625,1859971
2020-08-28,462.0245325967649,462.4443681674873,455.3068787344022,456.33319091796875,1854626
2020-08-31,458.47914652373015,462.21117055481153,439.3525233644381,442.8046569824219,4785569
2020-09-01,446.3500195812735,458.10589968742016,441.91824152930764,454.9336853027344,3914565
2020-09-02,456.05333580616656,461.6513719828695,454.93374565467656,456.7064514160156,2111745
2020-09-03,458.7589963142765,463.9838063923927,452.27459414768236,461.5580139160156,2149283
2020-09-04,459.9719103285289,462.7709280384388,449.055729870648,451.38824462890625,2578717
2020-09-07,454.2805865890962,458.05927773075797,446.3500360973904,455.2135925292969,2630952
2020-09-08,451.76143015547154,457.5460491648727,449.242303048213,453.81402587890625,2088168
2020-09-09,452.50784912595515,460.90490199633365,449.7554704069881,459.3654479980469,2157196
2020-09-10,464.07708768190594,464.17039395822167,456.7996536985258,462.30438232421875,2500434
2020-09-11,458.7590198420461,477.4191381439706,458.7590198420461,474.20025634765625,5351472
2020-09-14,476.7659983345465,480.2181314338327,464.8701735228724,470.42156982421875,4233220
2020-09-15,470.1416701962135,473.96700010426963,466.0830888117282,471.86773681640625,2657472
2020-09-16,473.033987335325,478.63202268840575,470.5148600372066,475.4598083496094,2763452
2020-09-17,475.5531256579053,476.7193830501671,467.57590801098604,468.8821105957031,2087520
2020-09-18,470.14167731871623,475.73971283782714,465.33670252609556,474.3868713378906,3067745
2020-09-21,475.832990552176,477.6523633758719,454.6071071500936,457.82598876953125,2405043
2020-09-22,459.225477907864,461.46468619058425,447.8427954671754,459.1321716308594,1843708
2020-09-23,461.8845544720679,462.7242825515626,451.9014085325529,453.2076110839844,2096287
2020-09-24,451.5748012027302,457.8725902690906,446.7231597179329,453.720703125,2732039
2020-09-25,458.47910586596385,462.77093881572597,455.54014289673023,459.5987243652344,2817278
2020-09-28,461.7912797355572,470.8414198452828,459.08553985798324,469.53521728515625,2319660
2020-09-29,469.3485950494122,476.11288765786105,463.00416647485764,463.8905334472656,2520348
2020-09-30,463.9371638239581,479.5650119769019,463.050796867843,476.34613037109375,4019124
2020-10-01,481.1977602217555,482.7372426305933,476.2061733013785,479.3783874511719,3703107
2020-10-05,480.8245855636322,486.7025685078823,476.4394747553537,485.1630859375,2820656
2020-10-06,489.12832324731596,499.1581362657397,487.02906005741335,491.5074768066406,8742072
2020-10-07,491.69405942323783,495.70597299704275,486.5625274937733,488.9416809082031,2420627
2020-10-08,491.36757537854083,491.6941046619964,481.85090389907657,487.0757141113281,2229377
2020-10-09,489.4549278066875,489.4549278066875,481.4310989362175,484.3233947753906,1704989
2020-10-12,485.16306509911493,486.4692961297691,478.39877236455993,480.96453857421875,1945978
2020-10-13,481.3377306896634,489.36155805277144,478.4453784476823,479.7982482910156,3197252
2020-10-14,479.4250608607727,483.7635610916502,472.3342387707771,482.3174133300781,3519347
2020-10-15,483.4836658292923,490.4345711312578,480.73128705179664,482.923828125,3824212
2020-10-16,485.90949035421124,489.2216501078148,476.5794307969254,477.4191589355469,2531683
2020-10-19,480.40472671093454,487.02904535395277,476.0195879018496,484.5099182128906,2434568
2020-10-20,486.28266916317824,494.4464704976411,483.9967934002969,492.6737365722656,5066334
2020-10-21,494.8663582291664,497.29215082055816,474.06030931924204,481.29107666015625,5603035
2020-10-22,481.29111571766407,481.4310893942103,471.2613298283678,473.1739807128906,4991374
2020-10-23,477.69904090807233,486.0028165460725,475.6464164524378,484.37005615234375,4275575
2020-10-26,485.11640994892093,486.8424480173378,475.55309985134073,479.0985107421875,2134741
2020-10-27,480.49802213200974,491.13431180815275,477.93225599441166,488.148681640625,3284285
2020-10-28,488.1020328992163,490.76107679158207,480.8712375662605,482.5039978027344,1863446
2020-10-29,480.9645042841454,487.44890617730454,475.08657895758597,484.9297790527344,2966915
2020-10-30,485.6295435806758,488.89506404663615,474.0136093910996,477.18585205078125,3022547
2020-11-02,480.498029996142,482.1774291971878,470.2816041827202,472.334228515625,3217501
2020-11-03,476.2529163587784,488.4286330719109,475.4131881939419,480.8713073730469,9690523
2020-11-04,488.89509028717544,494.4931256721431,482.690578290372,483.7169189453125,7074924
2020-11-05,486.096125703643,490.43462637946476,481.4310957064871,484.7432556152344,3293074
2020-11-06,486.00272088077924,493.4667669257371,483.9500968291854,491.8806457519531,4929181
2020-11-09,494.49309002879545,500.0444861079727,489.0350287003365,492.20721435546875,5212222
2020-11-10,492.3472021306132,494.3998264052552,477.5123862257752,480.4980163574219,4847614
2020-11-11,483.821536423496,486.1152065052706,473.3362568629303,477.4554748535156,4915653
2020-11-12,479.7959154000212,488.64289541448744,477.97033902555535,484.8513488769531,5297239
2020-11-13,486.8173021514832,488.6896763905274,479.88949461088896,482.5108642578125,3104681
2020-11-14,486.8172802362709,488.6896543910258,482.60443838807237,484.149169921875,438259
2020-11-17,488.87694422443934,488.87694422443934,476.98735591679866,479.0001525878906,3016364
2020-11-18,480.26398399801656,481.3406220229535,472.2595956927815,473.1489562988281,3492271
2020-11-19,472.77451533717385,477.4554511325914,468.14037747164457,474.927734375,5496008
2020-11-20,478.43840965100964,481.01292419551106,473.6638782609739,475.95751953125,4801287
2020-11-23,475.5830729408473,478.7661035417728,472.8681359156509,476.6128845214844,3182272
2020-11-24,477.455408974908,478.62564282043473,474.17875420743314,475.4894104003906,2495047
2020-11-25,476.3319805766093,477.9235100597214,468.1403435285729,469.3105773925781,3897557
2020-11-26,469.77866784551134,472.77447794570753,462.52321793644353,471.9319152832031,4957778
2020-11-27,474.64683876838916,474.74046318829295,464.9572969966589,467.9062805175781,7150001
2020-12-01,470.9489602049401,474.646911078291,468.65531870376196,473.7107238769531,2177754
2020-12-02,475.11492570715757,476.98729979861434,465.51900848844156,470.4339904785156,3467739
2020-12-03,468.5616766034903,474.60009525252036,468.5616766034903,469.49786376953125,3471978
2020-12-04,470.8084525522218,474.4595762620083,469.5914208390133,470.2467346191406,3038914
2020-12-07,470.5276458812329,473.24258277859076,467.15736658064645,470.0127258300781,3544985
2020-12-08,470.90211805712204,474.4596176601045,467.2041675309938,470.52764892578125,4020487
2020-12-09,477.45542832149187,477.45542832149187,469.0297442922891,470.1063537597656,4619524
2020-12-10,469.9659333905241,484.0087401651414,469.9659333905241,481.5746765136719,9250804
2020-12-11,484.3363616322208,486.3491867047418,476.3319735485908,481.0129089355469,4988627
2020-12-14,484.0087426685912,485.8343189867993,479.7023047582318,480.82568359375,3013023
2020-12-15,481.1534064189663,484.19601471494923,478.57889170698076,481.05975341796875,3113626
2020-12-16,482.51085550561817,486.3959976969665,479.60864120354626,480.8725280761719,3925836
2020-12-17,482.32358371850944,484.38320667421186,477.92349311776405,478.85968017578125,2926337
2020-12-18,480.40442134469635,480.63846811391033,470.94889758425785,476.8468933105469,3666563
2020-12-21,476.5192105303823,482.0895349302657,462.6636535579564,471.46380615234375,5009242
2020-12-22,472.68084253725743,476.4255907903871,461.1189265916873,472.07232666015625,4879416
2020-12-23,472.7744977371289,479.79590116886845,470.2467810736372,477.5958557128906,3046867
2020-12-24,482.13641408158367,482.83855449044034,475.8639483343975,481.7151184082031,2894330
2020-12-28,481.71504911769557,493.27699380465026,481.2001576533298,491.5450134277344,5556022
2020-12-29,493.83859299746365,499.7365590781857,491.07683019623965,495.1960754394531,6040679
2020-12-30,496.179205354035,506.0091707431244,490.8897249313927,505.1197814941406,6666770
2020-12-31,505.26016682082934,505.3537626705352,498.19196595833375,499.92388916015625,3337284
2021-01-01,499.9238656710159,504.0899093130052,498.33233631853096,500.1111145019531,2285766
2021-01-04,502.7324807694597,509.2857905746482,498.4260428964666,508.67724609375,3026253
2021-01-05,507.4134181973779,507.78791590088684,501.3282019274831,504.5112609863281,2126666
2021-01-06,504.6049492188848,507.13266632949586,495.8047658383388,500.0176086425781,4825471
2021-01-07,503.1068331796869,504.8855539003663,499.3620858010225,501.0472106933594,1850927
2021-01-08,502.73242563734334,507.8346562827697,499.9238646002632,505.63458251953125,3665938
2021-01-11,508.3495660417143,513.9666883184184,505.5410049033623,511.626220703125,2812154
2021-01-12,513.9667308758014,515.7923071949558,503.90271929672156,506.47723388671875,3857637
2021-01-13,506.61768325017596,510.643276441337,499.54942477624917,501.889892578125,2933547
2021-01-14,502.2643213579013,517.1965153128217,501.094087617552,513.9198608398438,6273001
2021-01-15,513.4986448953729,517.2901913740096,504.65166501833494,506.2431945800781,2546799
2021-01-18,506.6645573719262,510.0348086573253,499.1750592796297,503.2006530761719,2572902
2021-01-19,504.6516107496798,512.5156047147838,504.604812825905,506.8516845703125,2174161
2021-01-20,509.28573760639574,510.0814737152774,502.3579308195922,503.3409729003906,1606896
2021-01-21,505.54099902182367,511.15812123317727,501.2345615159147,502.77923583984375,2903743
2021-01-22,502.7324642318188,506.0091190266258,497.39618642363956,498.94091796875,2153095
2021-01-25,503.668591692205,506.75799727637974,491.49816103793233,498.6131591796875,3036463
2021-01-27,499.8302733548233,503.2005237742058,492.10673043177735,493.8386535644531,1786873
2021-01-28,493.18338615462284,500.8601323210678,487.8003099661254,494.2132263183594,2380469
2021-01-29,496.1792222587172,498.05159668233495,478.71933647251444,481.7151184082031,6467932
2021-02-01,482.2767867976709,501.7962641418349,482.2767867976709,491.6854553222656,5219141
2021-02-02,496.1791802644965,501.4218053507827,490.9365551782103,492.8089294433594,2246578
2021-02-03,493.7919073230833,495.3834368533793,489.62586321564953,491.2641906738281,2680479
2021-02-04,491.2641245172932,496.08551038678746,490.6087821942087,492.5279541015625,2515981
2021-02-05,493.37057897241476,494.8216574825043,484.75764662111254,488.4555969238281,2592937
2021-02-08,489.43858577124115,492.90248933709745,484.2895569177672,485.31939697265625,2667420
2021-02-09,489.67264470698194,498.0983284947946,485.88109843053127,491.638671875,4281247
2021-02-10,493.74510783069877,495.1025334366267,489.0641722507351,491.17059326171875,1871619
2021-02-11,491.2174151852025,503.2005994272173,490.5152748139087,501.60906982421875,4491181
2021-02-12,504.885669141359,509.707055348003,498.09831296830447,499.92388916015625,4218265
2021-02-15,503.2005788269698,506.3367828342255,492.71527161683537,493.6514587402344,2574672
2021-02-16,496.17921188730384,498.75372666596434,487.19183769793057,489.25140380859375,3119109
2021-02-17,489.81311753840015,492.43443007269883,485.8811201667884,486.8641052246094,2436843
2021-02-18,488.6896815550357,494.3068043315304,484.8513371805621,486.8641052246094,3416920
2021-02-19,482.1363201668021,482.1363201668021,475.442588620266,480.68524169921875,13849233
2021-02-22,481.90229163313353,484.2895572204442,465.3317691571689,468.42120361328125,3810112
2021-02-23,469.9659266242791,473.24258149118145,466.9233185335841,468.1403503417969,3011786
2021-02-24,470.43404113029135,473.94474292977117,466.26799690017623,471.5106506347656,1464678
2021-02-25,475.5830245405577,477.97029010575767,472.82126129675555,476.5660095214844,4492656
2021-02-26,476.0511012320403,480.87248725698885,469.02969855900136,470.9956970214844,5709953
2021-03-01,471.83826920539616,475.44259503141404,470.7148333268426,473.5702209472656,1751572
2021-03-02,475.0213149255802,479.79587470989645,472.58722282277563,478.6256408691406,1420334
2021-03-03,481.38741778132925,486.8172915279995,479.37459266215046,485.03851318359375,3130922
2021-03-04,482.27681611601935,493.8387041533364,482.27681611601935,490.7492980957031,4314919
2021-03-05,491.91956959244914,495.1494268206241,489.29825689289095,490.93658447265625,3785627
2021-03-08,491.4982686983008,497.06859383828106,488.45566036826375,494.9153747558594,1684546
2021-03-09,497.1153916210659,497.25584255392727,485.8811454827367,492.2004089355469,1424487
2021-03-10,492.71525664513155,500.29840639843746,491.6386757701322,497.25579833984375,2158157
2021-03-12,499.8303474227671,500.25158593237074,488.8769462261497,490.04718017578125,1757943
2021-03-15,489.71939312290243,496.1791062299484,488.0342679637703,492.5279541015625,3007071
2021-03-16,492.52798668708874,496.88127934815236,491.6386546972639,495.3365478515625,1684209
2021-03-17,493.8386390901058,499.4557610513203,491.7322183546504,493.88543701171875,2054354
2021-03-18,495.10243118331584,496.13227108241153,486.4427021488735,488.5959777832031,1333801
2021-03-19,483.07250913928215,493.13651974635053,483.07250913928215,491.3109436035156,1899152
2021-03-22,491.5918161657333,500.57924647851314,490.2811885290931,499.455810546875,1720620
2021-03-23,499.7366932663932,502.68570566877366,497.349427442734,499.2218017578125,1557222
2021-03-24,497.86424820410963,501.60899630213277,494.07270218292547,495.28973388671875,1431667
2021-03-25,494.3067800405414,495.5238118209096,482.13634795620993,484.33636474609375,1569877
2021-03-26,484.57032937940465,497.11525702679063,484.57032937940465,495.9918212890625,1757265
2021-03-30,498.51958108214194,506.6644194687311,498.05148757877845,503.6686096191406,2643994
2021-03-31,503.6685962659358,508.16228235102534,502.4047666964889,506.0090637207031,1560926
2021-04-01,505.96234708979586,509.23900205291187,502.54524120070084,504.2772216796875,823482
2021-04-05,503.85594946681215,506.5708579925588,500.0175477616572,502.7325134277344,1359678
2021-04-06,502.73235345285786,512.7963623906944,500.2514353701965,512.0474243164062,1825976
2021-04-07,513.0304371460924,521.9242129725301,512.421892786052,517.8986206054688,3109165
2021-04-08,518.1327771211897,525.8563209227406,513.2645926303286,523.4690551757812,2009731
2021-04-09,524.2646946086084,530.2094589145613,521.6433825636287,524.7327880859375,2203711
2021-04-12,520.520148698034,525.622381008124,514.4349311323195,519.3499145507812,2061407
2021-04-13,519.7711067468407,529.601071625888,518.9285154725054,524.4988403320312,3181848
2021-04-15,528.9457295501813,540.179975133548,524.9669342394056,535.5458374023438,5336354
2021-04-16,544.7673314498818,544.7673314498818,534.5628685461957,538.3076171875,3675431
2021-04-19,528.9457490547968,537.3714335530149,526.7457320697274,532.8777465820312,1876054
2021-04-20,537.3713649220123,539.1969410915366,529.6946197093476,532.6904296875,2321346
2021-04-22,536.107554894869,536.6692442874481,528.0563117125109,530.0223388671875,2545878
2021-04-23,530.0223894636075,530.7713277719823,520.6136626873054,524.218017578125,2408395
2021-04-26,525.1074526208821,526.6989252373713,505.1198205019914,506.7581481933594,3121274
2021-04-27,509.5198266243387,509.5198266243387,500.53245336545996,504.2303466796875,2463374
2021-04-28,507.4134746454605,510.87737879712165,501.9368022494242,506.7113342285156,2614846
2021-04-29,509.70712061273605,512.1411844199891,505.7283251052793,507.3198547363281,1796174
2021-04-30,505.3538121316071,510.4560435270687,501.5154676728172,503.7154846191406,1960727
2021-05-03,504.3708273937337,513.4050562532983,504.2303764650099,507.7879333496094,1725231
2021-05-04,510.22198096811263,510.8773233809078,501.18775239392255,503.24737548828125,1772835
2021-05-05,504.4175948136666,507.8347005628598,502.7792673991844,506.430419921875,1136917
2021-05-06,508.2091218557914,512.4219636190845,504.60482453665895,510.45599365234375,2142388
2021-05-07,513.0305255714026,513.0305255714026,498.3323768231349,500.485595703125,8776663
2021-05-10,500.8600448980564,501.56218514791345,486.16189757298406,489.3917541503906,6409447
2021-05-11,489.3918085380219,493.18335488055254,487.19179170010295,491.9195251464844,2458535
2021-05-12,493.3706441088792,498.61326946339153,491.4982697479347,495.4302673339844,3997812
2021-05-14,498.0515764182973,504.0899951168484,495.85155941619075,500.8601379394531,3274059
2021-05-17,502.8260095843991,504.8388344694733,498.2387276165732,500.2514953613281,2002740
2021-05-18,502.7324498347534,504.6048239495942,495.6642489792941,497.20892333984375,2056620
2021-05-19,496.1791894898604,504.74532476831695,494.35361311933195,503.7154846191406,2402429
2021-05-20,502.7325058463548,506.477254493255,499.5494466403577,501.60906982421875,2586717
2021-05-21,503.6686469310375,505.54102108319745,501.2813813150984,502.4984130859375,1582534
2021-05-24,503.668690756124,503.8091416858867,498.0515678108884,499.2218017578125,2142262
2021-05-25,501.234572264121,502.4984019326477,495.52379694259287,496.69403076171875,2341520
2021-05-26,498.9410015147283,498.9410015147283,495.00900367449526,498.2388610839844,1533553
2021-05-27,498.98770434533947,499.73664256732405,490.9365184634391,493.5578308105469,7104429
2021-05-28,496.17915221435396,498.89411760146805,494.3535759809721,496.55364990234375,1322812
2021-05-31,498.33236335387386,509.56660813573234,495.75784892469795,505.9623107910156,2775615
2021-06-01,509.9410895154484,510.22193419795167,500.8600638456957,502.77923583984375,1855968
2021-06-02,503.9963636791387,505.77514224144255,495.94517649681484,498.28564453125,4073182
2021-06-03,500.6728251842719,507.22613456401456,499.9238869689374,506.2899475097656,2070792
2021-06-04,507.4134084385691,510.2219697398896,504.9324897662723,509.33258056640625,1964169
2021-06-07,510.3624530968986,514.9029379664711,507.78793840706624,513.4986572265625,2061081
2021-06-08,516.6348144130671,524.9669022355752,516.6348144130671,520.84765625,3966396
2021-06-09,523.3285381871837,525.6690057103822,518.8816498931066,522.9540405273438,2452001
2021-06-10,524.732909093862,527.8691132590759,520.5668647568438,524.218017578125,2602822
2021-06-11,524.96695130481,530.0691827678492,523.9839662123765,529.1329956054688,1036563
2021-06-14,528.8989431115334,534.9373616718382,524.4988520677276,532.1755981445312,1628291
2021-06-15,532.7371643770822,539.2436750088107,532.7371643770822,538.1202392578125,1774944
2021-06-16,539.2437333837929,545.5161979605925,538.5883910297413,543.5501708984375,2232810
2021-06-17,540.8354013401658,543.9248079261367,533.813996762806,536.62255859375,1512920
2021-06-18,538.0734819262531,544.7672418781144,535.1244699999768,540.2734985351562,3901362
2021-06-21,539.2438101224311,542.660916150346,533.6266871003224,535.2650146484375,2238942
2021-06-22,537.6054780948803,541.1161799544464,528.9925447713457,530.490478515625,2681016
2021-06-23,531.0054241348655,533.6267370290464,524.4989112640758,530.3032836914062,1172122
2021-06-24,530.3032352875485,539.9459517361754,525.5286464236286,538.494873046875,1362412
2021-06-25,538.5416569392846,538.7757037263074,527.0265664458324,528.4308471679688,1190963
2021-06-28,532.1756141078654,532.316007900722,528.2904144532087,530.8649291992188,794690
2021-06-29,529.0393308844358,534.0947643054212,525.7158779596807,531.145751953125,1761569
2021-06-30,532.2691720476387,536.9033096883585,527.5414385516827,532.4564208984375,1346860
2021-07-01,535.8733914710041,553.7077400571161,533.5329242775429,552.1162109375,5398923
2021-07-02,553.8015727001255,554.2228684031614,546.5929192337061,552.7717895507812,2477693
2021-07-05,555.5333595681857,555.7674063059309,549.0736467502908,550.1970825195312,1196198
2021-07-06,551.0865673369715,557.4526282820815,550.4780228569342,554.0355224609375,1428646
2021-07-07,553.0994181643302,557.967603312574,550.5717011507867,556.4697265625,1255033
2021-07-08,556.282375021499,560.7760615827448,553.2865649338935,558.0610961914062,1845925
2021-07-09,557.9675763528726,566.3932612306844,554.5504701851825,557.5930786132812,2686530
2021-07-12,558.9036133346093,561.8526251053157,553.941833890523,555.29931640625,1038327
2021-07-13,556.28242122419,557.3590021726842,548.2311773737744,551.5546875,934799
2021-07-14,550.9460662668914,550.9460662668914,544.3927570674551,547.9502563476562,1290445
2021-07-15,547.9502771639432,551.8354763359052,544.907669205761,547.154541015625,1233095
2021-07-16,547.5290494210428,551.2737981414133,541.7715325476717,543.2694091796875,2229326
2021-07-19,541.865178121445,552.3504869284938,539.2438652047668,551.22705078125,1953706
2021-07-20,553.2865344224473,554.6440170432571,545.7970381866105,550.6652221679688,1877572
2021-07-22,553.0057741652456,557.4058653035956,547.2482001988483,550.8993530273438,1191908
2021-07-23,553.192923944946,556.1886766477926,548.277942170168,552.4907836914062,666936
2021-07-26,555.1588702072765,560.7759919968948,552.490760213335,557.35888671875,1527942
2021-07-27,559.2313460150696,560.5888287495101,550.2439726358882,551.1333618164062,1585300
2021-07-28,548.7459552418702,564.9419766215761,548.7459552418702,552.44384765625,2559515
2021-07-29,553.6673494513043,558.4192414296889,547.8333178693867,550.0916137695312,2365089
2021-07-30,552.538044577532,568.0170251449658,549.6680952313488,565.2411499023438,3145307
2021-08-02,570.1343454042237,573.051332498203,558.9838047213497,563.6886596679688,5788412
2021-08-03,567.1231912824685,583.2137712206317,562.6065423026602,577.9913940429688,13194079
2021-08-04,578.6970244192527,579.543921086444,552.1146001268236,553.3848876953125,5849144
2021-08-05,558.4191377390111,561.2420501642493,551.2677251356939,554.7493286132812,3160815
2021-08-06,555.172837854145,561.3361858387763,549.6210865026809,550.6561889648438,2452586
2021-08-09,556.0667333147098,558.9366829105339,545.0573629224357,547.4097900390625,2261395
2021-08-10,550.1385716962491,551.0795424457973,539.7407989679045,545.5748291015625,2070287
2021-08-11,547.6450041910597,548.0214154830112,536.9650086114564,541.1522827148438,2320928
2021-08-12,541.9991908652205,550.2797225725345,540.1642862846854,541.4346313476562,2474432
2021-08-13,545.4808542073782,556.5842995849962,542.7990526240426,553.5731811523438,5318962
2021-08-16,553.4790670541306,557.6663988351784,548.5860071335458,553.6201782226562,1315500
2021-08-17,554.2318233184589,562.512355202461,553.6201693011288,561.3831787109375,4557665
2021-08-18,563.0298015218974,565.2881541994822,559.0777704845655,562.1359252929688,1992466
2021-08-20,559.5483170318558,579.6380209203805,555.4550595351319,575.5918579101562,4420438
2021-08-23,578.461817877866,585.2368193419118,570.0871545159856,573.8981323242188,3188046
2021-08-24,572.110284771715,574.4627119294935,554.4200440316819,557.8545532226562,2295973
2021-08-25,557.9957650692562,566.27629781991,557.195962746549,564.6766357421875,1533202
2021-08-26,564.5354965854156,573.2394773124184,563.5945256960099,569.7578735351562,1793401
2021-08-27,572.1102508983573,576.4386936394708,569.3343755300713,572.8159790039062,1477611
2021-08-30,573.9921970004053,581.0965151653437,573.9921970004053,580.34375,1299450
2021-08-31,579.6380755669247,587.0246741738731,573.9922501555586,584.8134155273438,3026655
2021-09-01,585.28383311502,590.6473781203796,579.3086915537269,589.282958984375,2467985
2021-09-02,589.5182697368283,605.891186394381,587.5892908753877,603.0211791992188,3017389
2021-09-03,605.2324265083897,605.9851916575293,596.5754837125365,603.3975219726562,1676263
2021-09-06,603.3976434737235,607.3026960301426,596.3403610939139,597.328369140625,1420648
2021-09-07,599.3984456316431,612.901354675698,597.8929152089437,600.3394165039062,2457494
2021-09-08,601.2804437898291,604.6208792133107,596.5755889870917,602.8330688476562,1262769
2021-09-09,597.5165723887199,601.421624929224,590.1770102300922,600.6217651367188,2195875
2021-09-13,604.4796932419838,610.9253205513528,599.3984277107612,602.4095458984375,2328010
2021-09-14,602.4095377258956,603.1152658494187,597.2812352084997,601.4685668945312,1422838
2021-09-15,602.5978496348084,605.985322252113,598.7398340865492,599.5867309570312,1157146
2021-09-16,604.2914532218101,607.5378139359046,600.3864014678227,602.5977172851562,1115690
2021-09-17,603.1623163660362,617.1828050391975,602.5506623390777,615.347900390625,2959141
2021-09-20,616.1948513314309,619.5353444083504,605.0443676837459,607.5379638671875,2804783
2021-09-21,609.7021403979996,613.6542298865118,606.926264600574,612.8543701171875,785138
2021-09-22,615.394901776138,615.394901776138,609.3256286437207,610.12548828125,877503
2021-09-23,611.7251937294383,612.5720905602794,604.7150060736358,609.4198608398438,1480529
2021-09-24,610.6901067623655,620.0527785913313,610.6901067623655,613.4189453125,2416462
2021-09-27,615.3949361063524,615.6301788189312,594.6935773994107,595.82275390625,1468310
2021-09-28,596.5754634667035,596.9047802606825,584.3428435533484,589.3770141601562,1906140
2021-09-29,589.9886813409614,591.2119318732309,583.6371285514056,586.365966796875,1827330
2021-09-30,587.1657963349627,589.8005031653901,579.7321038251091,580.6260375976562,1705501
2021-10-01,580.5790276115555,583.5901458862772,573.0512606409033,581.4729614257812,1563570
2021-10-04,583.3079014361083,588.5302786018015,577.0974588498372,587.3540649414062,2158448
2021-10-05,589.4242088415116,589.4242088415116,577.7561464292999,579.8262939453125,3156201
2021-10-06,580.3907974797077,586.8835191910631,577.7560906375278,578.6500244140625,2026192
2021-10-07,581.0966137502519,582.8374445122662,578.1325896402986,578.8383178710938,1228502
2021-10-08,579.6851482577254,584.2488918718215,570.2284015988597,571.1693725585938,3407806
2021-10-11,573.992211487184,574.9331823256875,571.1692989716732,572.721923828125,1426583
2021-10-12,574.9331886683996,584.9074566936536,573.9922178195151,580.3908081054688,2801156
2021-10-13,584.7661591749044,588.1065931374684,579.731932278277,586.9774169921875,1499629
2021-10-14,589.0477892763257,590.8356569770838,576.2976449405917,578.8853149414062,2722324
2021-10-18,594.6935847446998,594.6935847446998,576.4387270501848,577.8972778320312,1464144
2021-10-19,578.6971104277998,583.6842447710413,568.4405045220917,569.5226440429688,1524974
2021-10-20,571.169415213917,571.969217616497,556.1609157988513,557.66650390625,2784702
2021-10-21,563.1710099748939,563.6414953633441,550.7031471809635,552.7262573242188,1925145
2021-10-22,556.9607406637072,561.7596696425029,550.4680179913973,555.8786010742188,1407275
2021-10-25,557.0547895799032,558.2310032403337,542.5167772505202,546.9863891601562,1462238
2021-10-26,547.6451013655036,549.4800062328293,540.5407820696468,547.033447265625,1949684
2021-10-27,549.5270134069984,562.6535691349455,548.9153593403865,556.7254638671875,3252371
2021-10-28,558.9366659611277,559.2659827745481,551.8323477708093,554.8905029296875,1105554
2021-10-29,555.0787391999081,558.7484911336181,548.0684947317706,551.2677612304688,1980982
2021-11-01,553.2908057162152,565.3352199324216,552.3498349581944,561.8065795898438,3104045
2021-11-02,564.4412944965461,569.1932428400186,553.9965419023885,562.74755859375,6908391
2021-11-03,572.1103621212744,576.1565258932355,565.2883224413742,574.5098266601562,7257690
2021-11-04,579.6380234035029,579.7791919990053,575.6388974303457,576.3916625976562,276957
2021-11-08,588.106759422403,588.106759422403,568.8168577133482,570.9810791015625,2428555
2021-11-09,570.2283961404169,573.4277203458115,564.723739051589,567.5936889648438,876256
2021-11-10,565.7117233388079,571.0752690194781,562.7006049362996,569.5226440429688,1801639
2021-11-11,571.3651619679318,571.3651619679318,562.1998751581413,565.9793701171875,2031771
2021-11-12,568.8139310702422,570.9871289073388,565.6013376272228,569.2391357421875,2304135
2021-11-15,570.70361328125,573.5382338770178,565.1288363747052,570.70361328125,1665604
2021-11-16,572.404504567171,578.1682690278795,571.223412383073,576.3729858398438,1793708
2021-11-17,574.4832153320312,578.0737238937536,572.6407000645444,574.4832153320312,1022417
2021-11-18,574.4831782597536,576.3729255566607,568.294267396485,575.1918334960938,841689
2021-11-22,577.3177849588974,582.6090541914625,570.2784649175226,573.3493041992188,3998703
2021-11-23,573.963504520623,579.6799785121913,566.168296985618,577.8374633789062,1508700
2021-11-24,576.420250841648,577.8375615433341,568.8140282767031,569.711669921875,1845329
2021-11-25,570.0422924704836,573.4911045484965,561.3022107333009,572.971435546875,1518710
2021-11-26,569.7587774029602,578.6406122582076,566.7351703668861,568.8139038085938,1952921
2021-11-29,566.9242323042955,568.8139797453099,556.7668398088435,565.0344848632812,1125420
2021-11-30,562.1998810791636,569.2864342020101,559.4124919834071,562.1526489257812,5219689
2021-12-01,562.2943998587198,565.2235433689034,542.6410354948573,544.341796875,3306382
2021-12-02,545.1921953909937,550.8614383240023,543.3969120606657,546.65673828125,1931467
2021-12-03,548.0266897977687,551.8534163562205,546.1841747376229,549.30224609375,1202147
2021-12-06,550.8613845631296,550.8613845631296,534.7985311539131,536.02685546875,1525444
2021-12-07,538.5308119103377,542.971730123568,535.9324090661678,540.8457641601562,889360
2021-12-08,543.6803381905811,545.0503588892899,540.8929493022711,542.4047241210938,1406874
2021-12-09,543.7748141204453,548.9243873173741,539.9953193220408,547.79052734375,1444157
2021-12-10,549.916479017184,551.4755436496129,543.7748001278168,545.947998046875,1258379
2021-12-13,550.8142153021106,551.0032016037827,542.4048150771382,546.9874877929688,1626598
2021-12-14,546.1369926334341,548.4047125568648,541.5543783067048,547.4598388671875,1167762
2021-12-15,545.7117578818225,546.1841947006399,540.278734465423,541.696044921875,929113
2021-12-16,542.5937036550239,544.1527682748713,537.6331168997973,538.814208984375,884563
2021-12-17,539.0505171696028,540.4678279071215,530.5938849016371,533.6174926757812,1884521
2021-12-20,531.0190364733709,532.5781011967035,520.0585242691731,527.4285278320312,1332911
2021-12-21,528.184344301613,533.664599667242,526.2945970948094,528.27880859375,641150
2021-12-22,529.2237310403465,534.089853615174,527.2395193582787,532.9559936523438,912026
2021-12-23,534.7984630866736,539.5228311351424,531.6803917087858,538.0582885742188,926683
2021-12-24,542.2630282499674,542.2630282499674,531.1607625052633,532.6253051757812,418659
2021-12-27,532.9087449152319,533.2867174479154,527.4757213633478,530.4993286132812,571197
2021-12-28,530.9718380071813,534.0899099811496,529.7907457692752,531.4442749023438,394545
2021-12-29,532.3890999159429,538.8614617184722,530.0741478076357,535.3654174804688,1354842
2021-12-30,535.3654657496666,540.9874763280104,530.782850941477,540.0426025390625,917276
2021-12-31,541.4126868948505,549.2078957375774,540.2788268018044,548.0740356445312,1024258
2022-01-03,548.0267754387357,552.6566798856492,546.6566969660355,549.1134033203125,1161811
2022-01-04,550.8613550857581,550.8613550857581,539.0504340933534,542.4047241210938,3062561
2022-01-05,543.302483947492,551.3339119710636,542.0269272707818,550.3890380859375,1001768
2022-01-06,550.3889861060283,551.2866277462279,542.7355314275256,550.4362182617188,1246823
2022-01-07,550.9085818834508,558.2785849770079,550.4361450483443,555.11328125,1492507
2022-01-10,556.5305357106964,558.6565012545828,553.7431471301664,556.625,813368
2022-01-11,557.8533857360858,558.2313005664836,551.806171744654,555.1604614257812,815198
2022-01-12,557.5700565446856,557.8535648466435,548.5937546359879,550.3890380859375,1287352
2022-01-13,550.3889937439754,552.6094241269232,545.7118568553087,548.688232421875,1421440
2022-01-14,544.8141760329718,551.9952510674165,539.5701383041344,544.0582885742188,2009075
2022-01-17,544.0582404172334,546.5621786776418,537.5386467832354,538.2000122070312,1486008
2022-01-18,538.2000652969277,539.806362207121,531.5859490424406,532.8143310546875,1185072
2022-01-19,532.814258006379,538.1999915102405,529.1292278158861,537.2078857421875,1103105
2022-01-20,537.585872576282,537.633104724493,525.5859657346208,528.9874877929688,1007594
2022-01-21,524.5938312195029,527.948120945998,517.6962655135046,521.14501953125,2389963
2022-01-24,521.5703227632196,523.7907530618484,511.17671125888006,515.9955444335938,2431761
2022-01-25,514.1057045213635,516.042741544663,507.06644231271883,512.8773803710938,1847960
2022-01-27,511.1767208643792,512.1215946552561,497.99571994754314,499.8854675292969,2183776
2022-01-28,503.8538967051304,512.5939783638692,501.8223951973263,504.51531982421875,1426419
2022-01-31,508.43650611177344,511.64909970443864,505.7908713316149,507.16094970703125,1749168
2022-02-01,511.31835350735946,520.0111441815254,508.3419787051031,516.326171875,1500268
2022-02-02,520.1530252447619,531.7277292579288,514.9562193612993,526.7199096679688,1157446
2022-02-03,519.6332845452442,528.3733659623787,518.4049603126142,525.7749633789062,1798123
2022-02-04,529.1292546545475,538.8142097620637,525.3497599784436,537.6331176757812,2712529
2022-02-07,538.5780327509019,539.2866880571531,528.7513227693455,535.4599609375,2481096
2022-02-08,535.4598870929439,538.4834941834039,530.3103143769192,531.2551879882812,820398
2022-02-09,533.286769249257,542.7827389325872,531.0190491739017,539.0504760742188,1381438
2022-02-10,539.0504863246002,539.6646773439223,529.4599944812927,533.4757080078125,2044201
2022-02-11,531.019061992394,532.6725911000215,524.9246146044629,529.9324340820312,1053326
2022-02-14,520.7198109307312,529.0347446359821,516.1371971001954,522.6095581054688,1256655
2022-02-15,522.0427691545071,532.8143534324187,520.530994158195,531.4442749023438,1349136
2022-02-16,531.4442782159791,535.4599918498985,525.3498306962799,530.8773193359375,1053001
2022-02-17,531.1134323097489,533.9480531354629,522.656859649442,523.8379516601562,1222505
2022-02-18,520.6254140457742,524.1214583057742,515.4286086424135,517.601806640625,1383430
2022-02-21,515.3812854434888,524.3103519568613,511.8380096580636,523.0819702148438,1157096
2022-02-22,512.971910399999,521.4284831466634,512.310487333143,519.7277221679688,1465489
2022-02-23,519.7278034140438,520.625445025778,510.79873479193003,513.3026733398438,940986
2022-02-24,502.6727560774695,509.8065402358207,497.3814869764361,504.279052734375,3036292
2022-02-25,506.45234328633416,516.75149049973,504.04292669472864,514.814453125,1284779
2022-02-28,512.8774133986652,538.6724528974747,497.90118888915373,532.2945556640625,7992990
2022-03-02,531.9166458358495,538.577993697479,527.9009327249472,534.08984375,1871881
2022-03-03,535.0819204773562,539.286619628359,529.1292281942724,531.869384765625,2166986
2022-03-04,526.2946307630556,530.2631116853174,507.39715748610564,509.3341369628906,2103625
2022-03-07,491.334301226192,497.9484168196215,474.3265754145161,478.058837890625,3178030
2022-03-08,478.1060251665433,493.97988956682536,477.16115159902046,492.7987976074219,2161459
2022-03-09,491.3342787368577,503.6648678518252,488.02722109151347,498.98773193359375,2952144
2022-03-10,509.2397772405349,516.8460002623941,502.24768762398594,515.61767578125,1658773
2022-03-11,515.4286817754738,519.2554093086299,511.03499533374327,517.3656616210938,1238386
2022-03-14,516.2791431051531,518.1688909823015,502.9091538061168,510.798828125,3049209
2022-03-15,510.09006432505464,527.9482010391491,510.042832172264,525.9639892578125,2726150
2022-03-16,532.4363304545103,534.7985147067486,528.5623713490451,533.5701904296875,1685983
2022-03-17,534.9876118049804,539.2395443398071,525.0192037296582,529.3656005859375,1988370
2022-03-21,523.9325693952138,530.0270174894615,516.9404795758322,519.2554321289062,1119604
2022-03-22,518.7356980570247,518.7356980570247,502.0114208478585,504.5625915527344,2369464
2022-03-23,508.8144876408618,508.8144876408618,493.3185358868435,494.0271911621094,3708515
2022-03-24,492.1847270520675,501.5389419591476,491.0036349422963,494.8775939941406,2528645
2022-03-25,497.00358390743133,498.0902117693517,489.1611434521207,491.1453552246094,1185395
2022-03-28,493.3658867402131,495.25563437469367,483.9643807245683,486.75177001953125,2529886
2022-03-29,487.55483100136354,494.16894692580064,485.33440086636534,487.3658447265625,2072288
2022-03-30,489.7280574024263,500.40511933732296,489.68082524861387,498.6098937988281,3274773
2022-03-31,501.6335074584266,509.28696192565116,498.60989986094245,506.6413269042969,2884367
2022-04-01,509.2868664656128,514.9561080218162,506.6884640856862,512.5466918945312,1488872
2022-04-04,512.9718984527194,515.9009835327795,505.12940146773815,514.6254272460938,2818537
2022-04-05,517.7908958608725,522.5152653486542,516.1845987009216,518.6885375976562,2471895
2022-04-06,518.6884203049484,518.6884203049484,508.9089430743899,511.60186767578125,1813477
2022-04-07,510.7042862411977,525.3498300649508,510.7042862411977,520.2002563476562,2078365
2022-04-08,520.2002215709834,527.2395424078437,519.86953883302,526.2474365234375,974621
2022-04-11,527.7591806981245,527.7591806981245,518.9718670370615,521.9482421875,1472046
2022-04-12,521.5702869286117,526.2001911670171,517.8852563984103,523.2238159179688,1373926
2022-04-13,523.271101501595,526.9561324080827,520.6254663825753,525.25537109375,1405005
2022-04-18,519.6805725655059,532.7670511882665,518.8774529306575,531.6804809570312,1332556
2022-04-19,536.1685247977412,538.2944903539016,515.9009749615778,518.735595703125,3225494
2022-04-20,519.6805386799082,525.633231497957,512.4522317555183,519.9639892578125,1341149
2022-04-21,521.9955402538159,531.9639472697942,520.436475421851,530.8773193359375,1293680
2022-04-22,527.1922624673726,533.5701595796579,523.5072321787368,528.9874877929688,1804787
2022-04-25,524.924526348493,529.0347611844214,515.4757901792447,520.9088134765625,1262104
2022-04-26,523.6490590085303,530.5466260499649,523.4600727189323,529.0348510742188,1950606
2022-04-27,524.5938599401452,530.3103339659433,519.3970548856905,528.9874877929688,1704589
2022-04-28,532.9087112446756,545.0503139557172,529.1764489846582,540.7039184570312,2316486
2022-04-29,543.30234559405,543.396809890297,523.5544633555578,526.0111694335938,3244210
2022-05-02,521.5702877535897,528.6096084249467,518.9718850519188,526.483642578125,1089778
2022-05-04,527.0505377823159,533.8536399494022,502.9562584571659,508.3892822265625,3409715
2022-05-05,510.7042839689408,513.4916731861314,494.7358938349141,499.8854675292969,3769187
2022-05-06,489.63356801378904,497.8539808241815,480.3265562040419,482.6414794921875,3569229
2022-05-09,482.6414527919338,485.0981589041225,474.3738082875234,476.7359924316406,1443702
2022-05-10,477.9171533060017,480.65731037586295,471.82273463796287,474.8463134765625,2305275
2022-05-11,474.8462844949467,481.8383732095863,466.95661186751573,479.1454772949219,1809222
2022-05-12,479.05095924153517,479.14545237727316,468.18491184256544,470.8778076171875,2176908
2022-05-13,474.3266090253302,484.20055096643466,470.8778257028549,473.1927490234375,2733902
2022-05-16,476.7832706221647,478.0588558730734,468.0904211239974,469.4132385253906,895516
2022-05-17,471.9171539875524,475.88560599925233,467.0510316428735,474.1848449707031,2052078
2022-05-18,476.4525869933576,486.8461982118543,474.3266210623015,481.6966247558594,3035188
2022-05-19,471.53920595328174,475.12974329541777,462.37394841298175,464.97235107421875,2053355
2022-05-20,470.2636423237345,479.3816675736009,469.46049392825006,475.6021728515625,2149292
2022-05-23,477.1612325726422,484.86197652296136,476.2163588447755,478.3895568847656,1572782
2022-05-24,480.5627387442862,480.5627387442862,470.736058662019,474.4682922363281,2089081
2022-05-25,477.01952187967834,477.16124717614423,466.2479668193874,467.1928405761719,1054477
2022-05-26,469.8856671676932,473.8541481378454,461.3818040904437,470.4053649902344,2070365
2022-05-27,473.57069923241005,473.712424517144,468.37389400028576,470.2636413574219,1089096
2022-05-30,473.7596894328821,482.3580462695776,472.4368719584501,481.9801025390625,1594338
2022-05-31,481.69658551485367,497.2397689231329,476.3108228960798,490.3894348144531,5516299
2022-06-01,490.7201704352367,497.94847785946854,486.9879651721354,489.0194091796875,1596876
2022-06-02,489.0193942084659,496.0114829756292,483.82258862140355,492.9406433105469,1883760
2022-06-03,492.75161295743266,494.12169129649806,484.3895041470691,485.6178283691406,2117973
2022-06-06,480.940748916719,484.86199813031794,477.491965423366,480.56280517578125,3537326
2022-06-07,479.9013239652587,479.9013239652587,469.31875632252184,473.617919921875,1213684
2022-06-08,470.54713664560495,473.42899010501355,464.4526893055492,467.5235290527344,1415492
2022-06-09,467.7125209151042,471.01957914379693,461.7598276375612,470.2164306640625,1191289
2022-06-10,469.12978152269864,476.9249893727737,463.93297628931526,474.56280517578125,1775867
2022-06-13,473.14548207414094,478.86195614472877,467.1455286062994,470.35809326171875,2658015
2022-06-14,471.8699059077559,475.8383868632323,464.9250786533001,468.3266296386719,1325521
2022-06-15,471.0195601816125,473.38174453558247,466.05897303827555,468.9408264160156,1213910
2022-06-16,470.8305581756596,474.1848771474333,465.539288467677,469.60223388671875,1778349
2022-06-17,465.8227365778233,467.6652518367269,455.6653442487937,457.88580322265625,4334329
2022-06-20,459.6810663163808,475.3659758878556,457.8858120094321,473.1927490234375,3139895
2022-06-21,473.995883474709,482.31078929440685,470.45260711737495,478.0115966796875,1819682
2022-06-22,477.6336437161681,484.153295155573,467.85419539231697,471.4447326660156,1766236
2022-06-23,472.4368541671764,480.94071754218555,471.53921261015586,477.3029479980469,1065402
2022-06-24,479.05095043622026,486.32648922546844,478.43678831809683,481.64935302734375,1581131
2022-06-27,488.9721539977198,490.3894645890175,484.0115669281777,487.2713928222656,664059
2022-06-28,487.2714227597103,487.2714227597103,479.4762140286433,483.8698425292969,1358007
2022-06-29,479.05096514578474,484.6257430352134,470.6415949960758,473.5707092285156,1698999
2022-06-30,470.26366696699495,475.1769930619645,467.7124963618273,468.6101379394531,1706703
2022-07-01,464.92509426713207,484.43675931236345,464.92509426713207,483.0666809082031,1704654
2022-07-04,483.72809523074045,497.85396837489236,483.0666721162342,496.0586853027344,2119912
2022-07-05,498.8933483412112,503.4287308829368,497.0036008096157,501.44451904296875,1891633
2022-07-06,501.3500600338034,514.7200485673235,492.3737581312985,513.019287109375,2355807
2022-07-07,512.216102991989,521.8538280214159,508.4366075036275,513.586181640625,1624706
2022-07-08,514.9562082031516,518.2160342662477,510.79874051825817,513.9168701171875,759628
2022-07-11,509.38141670562965,516.8459424156716,509.38141670562965,515.3341674804688,767902
2022-07-12,509.3342312599118,514.9562421347536,509.3342312599118,513.49169921875,383407
2022-07-13,512.1216129712861,517.9326100612169,510.27909747907484,515.2396850585938,1655868
2022-07-14,515.8065590694458,521.570265383193,514.0585081791696,518.9718627929688,1608306
2022-07-15,519.9168042698676,524.404954783783,513.4444418601134,518.1215209960938,848018
2022-07-18,519.6805601077042,523.0820825238388,512.2633242725555,519.7750244140625,1156564
2022-07-19,521.2396224367601,522.893151483973,515.0506532950646,519.160888671875,986838
2022-07-20,521.5703081266794,529.1292980995298,519.8695469168914,527.4757690429688,2544134
2022-07-21,529.9918418113701,545.5630467679222,529.8019370538082,543.0469970703125,3414847
2022-07-22,545.7055245078451,548.6963652648499,538.9168201613991,547.1771850585938,2036934
2022-07-25,541.1954539289378,546.7023434489344,535.6411027136666,539.2015991210938,1440874
2022-07-26,537.0178574035374,539.3915220100785,528.1403749553922,530.039306640625,1549359
2022-07-27,527.8079978709623,540.4833415949832,527.8079978709623,539.0591430664062,1151735
2022-07-28,539.7713261488693,548.6963281608486,539.3440549337902,543.7590942382812,1914336
2022-07-29,544.2338642953205,555.6749167754627,542.1924894344073,554.5830078125,2161611
2022-08-01,554.5830552426046,555.9597925025365,547.3671369813679,551.4498291015625,993023
2022-08-02,551.4498744142156,560.6597067589272,545.942982872791,549.0287475585938,1291098
2022-08-03,548.791308499301,550.073064326721,537.0179077664002,541.0056762695312,1793491
2022-08-04,543.0944901602484,546.8923537278026,537.5875995774546,544.8984985351562,2687696
2022-08-05,544.8984829213567,553.1113278803781,544.0439404628238,549.8831787109375,1455945
2022-08-08,550.6901666067242,557.8111601404319,548.3639637955544,556.8616943359375,1395495
2022-08-10,559.1879391870962,561.5616038767852,551.5922121800913,555.3900756835938,1222405
2022-08-11,558.2859417927618,560.1848735675671,551.6396805809433,553.2537841796875,1222897
2022-08-12,552.589037976336,556.9090953256843,544.2812130926712,552.209228515625,1418557
2022-08-16,552.8264713622318,558.1909764029131,548.4114321375441,550.3103637695312,1076292
2022-08-17,550.69020800785,556.3870032631036,547.0822492696823,555.3900756835938,1524111
2022-08-18,556.1496186175095,565.9291052292458,554.1557635236551,564.5523681640625,1777307
2022-08-19,567.5906200332657,571.5783878174994,556.434397347459,557.5263061523438,2461951
2022-08-22,554.9628066893778,561.9888773795369,551.971965987978,554.677978515625,1333644
2022-08-23,549.93058772428,562.0362763391109,549.7406829793792,558.3807983398438,1186601
2022-08-24,555.4375413112693,558.7606719003111,549.9306507824455,557.431396484375,1383496
2022-08-25,558.7606838632715,559.7576114711684,548.7912918827034,550.4053955078125,1563845
2022-08-26,551.6871370308727,553.1113358484125,539.1067141426037,543.094482421875,2359504
2022-08-29,536.400719765206,551.4497296401579,535.3562726060359,544.0913696289062,2612374
2022-08-30,545.990294366877,556.3869564226118,545.990294366877,554.1082153320312,1784269
2022-09-01,536.49567675699,545.5156024968323,536.49567675699,540.8157348632812,3042496
2022-09-02,542.3823019868029,543.5691341574523,537.8723397383349,541.860107421875,1659835
2022-09-05,543.2369789465863,545.040929522527,539.3441336917176,541.29052734375,686752
2022-09-06,542.6672141770662,544.0439512984348,539.6764314142292,542.14501953125,562408
2022-09-07,541.1480137564342,545.657976051881,540.2934714043494,543.4266967773438,485140
2022-09-08,544.8509280435636,544.8984476943635,538.584476922099,541.5753173828125,853719
2022-09-09,548.648839430813,548.648839430813,540.7208224574542,545.8479614257812,965576
2022-09-12,545.8479134976639,549.3608906092401,539.8187708762307,541.5753173828125,835551
2022-09-13,543.9964895944149,544.8984937739873,541.0056488807794,542.14501953125,827907
2022-09-14,538.7269775109527,542.1450315875771,536.4482361593365,538.34716796875,867842
2022-09-15,541.0530476424527,541.0530476424527,531.8907377021447,534.9765014648438,1225198
2022-09-16,531.9381628106017,534.4067504706393,516.5093450583978,518.7880859375,1946975
2022-09-19,521.3992339879352,522.9658179879774,512.9964258119236,520.4497680664062,685828
2022-09-20,522.9657419205414,532.2230333089389,520.7345205098088,528.6625366210938,812820
2022-09-21,528.6624995407417,539.9611647513331,526.6686447157142,533.125,1660482
2022-09-22,533.504902705737,550.6902120034565,530.6565050574433,546.56005859375,2626545
2022-09-23,546.6074286902862,547.6992795020001,538.8692598622964,539.8187255859375,1156625
2022-09-26,536.0209737983837,538.1572721193902,527.0485092599962,528.0929565429688,1442609
2022-09-27,530.7513993983817,536.8754655969836,528.8999294382284,532.1755981445312,1734629
2022-09-28,529.8494084865715,539.7713382557504,527.8555533725417,535.5462036132812,1551538
2022-09-29,538.2522786877438,548.9337707929801,535.4038807930141,546.655029296875,2309452
2022-09-30,546.6549527000186,546.6549527000186,539.3915159058835,543.9964599609375,1598546
2022-10-03,542.7146069618801,548.6487679807548,526.9534984760656,528.994873046875,1606325
2022-10-04,539.4864786365189,539.4864786365189,524.2950258509825,525.8141479492188,2948474
2022-10-06,529.327132114075,529.327132114075,516.9840779123118,518.7880859375,2675443
2022-10-07,510.71770573605033,516.9841571883173,507.25213219074107,512.85400390625,3803118
2022-10-10,507.01483323939465,510.6227923726602,499.94130009935833,502.3624267578125,3601832
2022-10-11,504.8784312206901,504.8784312206901,490.8738108906381,492.72528076171875,6628877
2022-10-12,492.7253683129843,511.6197060230579,492.7253683129843,506.635009765625,3197008
2022-10-13,507.9642483693249,511.33484067021396,502.5048195317106,503.2169189453125,2075101
2022-10-14,507.9642614935287,507.9642614935287,500.3685342188591,504.4986877441406,1518166
2022-10-17,504.49865099952495,507.4894915764115,500.3684977750587,503.16943359375,757924
2022-10-18,504.6885925161674,506.5400626295281,501.9826378548864,504.4986877441406,1247608
2022-10-19,505.6380126845714,508.91368136560976,498.5170190087466,499.5139465332031,2677154
2022-10-20,498.46957865301295,510.33790195427514,495.62118106071,508.8662414550781,2273116
2022-10-21,508.9136668257737,512.7115300110406,505.54307483900794,510.76513671875,1238126
2022-10-24,513.0438027839276,513.6609787113094,507.48945124065597,509.7206726074219,164839
2022-10-25,508.91375204645254,510.81268395707366,503.9290557810722,505.2583312988281,1231137
2022-10-27,514.1357438357604,523.4404973233308,508.9136818023408,521.30419921875,5098267
2022-10-28,524.5798008241325,526.2413658041185,518.6456401813256,523.2030639648438,2012341
2022-10-31,525.3868875462778,530.2766596924256,522.3961049881402,526.668701171875,1517302
2022-11-01,528.7574376799415,536.448086177572,526.8109867588473,535.3087158203125,1354247
2022-11-02,537.3502547700718,537.7775260288088,530.2767220001424,533.8372192382812,936356
2022-11-03,536.2214175636752,536.5551915161947,528.8301930441226,530.1654052734375,807402
2022-11-04,531.595997853811,534.4571172002586,528.4964518951595,531.6913452148438,620438
2022-11-07,531.6913411991071,537.1751532383804,522.2973560330702,527.9718627929688,1295002
2022-11-09,529.3071482997279,534.4094551841707,523.5849088586498,528.4965209960938,883098
2022-11-10,525.4922844910325,530.1177377585099,522.6311649747473,528.258056640625,927378
2022-11-11,530.9283731386813,533.5987394600966,524.7292814380726,527.4949951171875,1331351
2022-11-14,529.7362324702476,541.7052361697505,524.8246212176074,527.5903930664062,2173335
2022-11-15,529.4977891754005,530.2607426307876,516.9088534278541,525.2537841796875,1939642
2022-11-16,523.6325361867026,525.4922754823309,519.007082998521,524.5862426757812,2344384
2022-11-17,522.8695342903875,528.1625931734279,520.3899209319096,526.3505859375,2201076
2022-11-18,526.3505963021473,526.398269981207,517.8625858831971,523.1079711914062,1143913
2022-11-21,522.1065596073239,526.3982382370514,519.0070139302985,525.3014526367188,1022010
2022-11-22,523.0603059364748,523.4894854741644,515.5260018158555,521.1528930664062,1710541
2022-11-23,520.8190883569066,526.9228331468923,518.8163280215556,525.873779296875,1450395
2022-11-24,527.3996622118498,531.2144879783008,525.0153961078179,527.9718627929688,1285517
2022-11-25,529.307227657135,531.6914944483833,522.3451802686175,530.7854614257812,815285
2022-11-28,530.7852700234251,536.8413404151464,529.8792373275404,532.7403564453125,1384789
2022-11-29,533.9325689352216,570.6025960649084,532.2635825346083,565.643310546875,11072058
2022-11-30,567.8844480395219,571.1747465326863,558.5858112860134,561.1130981445312,6800183
2022-12-01,562.2100291747637,564.2127897098547,558.9674035173846,559.635009765625,2181957
2022-12-02,557.8229646444672,565.500290458437,549.8118066240307,563.7836303710938,3556471
2022-12-05,563.6405603008864,565.0711200986044,555.8678287827678,559.9210815429688,3137533
2022-12-06,558.7765956086565,566.5492677394603,555.2001966562448,565.1663818359375,1040850
2022-12-07,573.1775569195271,582.476194490185,570.6502116292951,574.3696899414062,6182504
2022-12-08,577.4693420543722,578.8999019438545,571.0794962394249,576.4202880859375,1825451
2022-12-09,578.7090635798918,581.3317563235636,566.5016326330898,571.03173828125,1253564
2022-12-12,572.2238325133344,575.8479051439951,562.972868912445,574.5604248046875,1989220
2022-12-13,575.2757408410008,576.849321553786,565.5479234334422,566.6923828125,1713097
2022-12-14,568.4090929599463,570.459585287193,558.2520951122978,559.9210815429688,1470878
2022-12-15,558.5382136003814,562.6868134325176,555.3432620220669,559.7303466796875,993549
2022-12-16,557.9182747943281,560.7317204715401,552.1960360784889,552.9113159179688,1749583
2022-12-19,551.2423172947452,562.4960415422294,547.4751652491632,561.78076171875,2060993
2022-12-20,549.4302872381687,555.4386847107265,543.1835213520269,552.6729125976562,8300358
2022-12-21,555.3909180997744,559.4441704409445,548.0474251317044,550.5270385742188,2308329
2022-12-22,550.6700712752801,556.106150917409,547.8566258931859,551.0038452148438,818353
2022-12-23,545.8061418260407,548.8580138403169,536.8890105844193,539.6547241210938,1890316
2022-12-26,534.3140291269568,541.276074446437,531.4529098277495,539.8931884765625,2149944
2022-12-27,541.7052977877071,550.5747566905454,539.9409640277066,546.95068359375,756651
2022-12-28,548.3811609151102,548.3811609151102,541.705216347448,542.802001953125,1041815
2022-12-29,542.1821002534654,543.5649862056225,533.8371690710242,534.9816284179688,1761390
2022-12-30,537.413643925396,541.9437500631876,534.1710183534409,535.4585571289062,699061
2023-01-02,535.4585466731496,537.3659597465531,532.263594849422,535.5538940429688,564453
2023-01-03,538.1765293094733,542.0390287270088,531.4529105886342,534.88623046875,904153
2023-01-04,536.459901639473,538.3673146230799,531.9774694860715,533.9325561523438,1223101
2023-01-05,535.1246484956695,547.5705638331442,535.0293011376036,546.2353515625,2641778
2023-01-06,546.6168161774262,547.3797696132574,523.1079314352762,527.2565307617188,2789534
2023-01-09,530.2607933271041,530.2607933271041,520.4376284019978,524.109375,3024289
2023-01-10,524.7293244978488,529.4978569665503,522.1543053228249,528.9255981445312,1156889
2023-01-11,528.9255700544757,529.4978288461034,519.8653588451102,522.9649047851562,1862522
2023-01-12,522.440391222578,523.8709509237403,516.8135579904465,519.7223510742188,1973109
2023-01-13,520.2468111460947,524.4431423475264,513.6185404070766,518.5301513671875,3143762
2023-01-16,519.9607545083815,528.1626064788463,517.9102624109549,527.4473266601562,1120373
2023-01-17,527.4474879180335,533.3604812022571,524.5863677685355,530.7854614257812,1228285
2023-01-18,530.6900155693672,534.0279884577598,528.3534229055668,531.7867431640625,676706
2023-01-19,530.7376939566783,534.8386204711115,526.2552615391976,529.2594604492188,1182667
2023-01-20,528.4010478248655,542.1821176913096,525.5876021509457,539.7978515625,2511076
2023-01-23,541.7052927773266,541.7052927773266,534.6478413833494,538.27197265625,704349
2023-01-24,539.4641116337308,543.1358584199716,535.2677796983478,540.7039184570312,611251
2023-01-25,539.4640844709176,541.1807444636376,534.6955521524602,537.2228393554688,854326
2023-01-27,538.2242138852752,541.2284124984104,530.4992148938164,536.0307006835938,1373950
2023-01-30,536.9366784165225,537.6042845076314,526.1121345600004,532.2158203125,2094290
2023-01-31,533.5034486063656,533.7895489193863,527.828883191346,531.9298095703125,2302382
2023-02-01,534.0756245065569,542.4205561394718,527.9718797997754,535.9353637695312,2239694
2023-02-02,531.6913246527536,534.981623415847,521.2005541214884,528.7825317382812,1698846
2023-02-03,535.9830138832391,536.0306875628347,503.7954218573328,508.9931335449219,4206140
2023-02-06,508.99317614158423,521.1529341467757,505.7028770394308,519.4839477539062,2259398
2023-02-07,519.2454797347765,520.6283657062712,508.3255294214166,510.8528747558594,2293797
2023-02-08,510.85294120891456,512.1404217786967,504.701522266295,509.23162841796875,1629050
2023-02-09,509.2316626740932,511.80668219650823,506.08444246208927,508.5640563964844,1095213
2023-02-10,508.56392303104883,509.231529133585,505.75047759082884,507.7532958984375,913857
2023-02-13,507.3718121850814,510.7097846336675,504.5106929434362,509.7084045410156,1379183
2023-02-14,510.232979540555,513.4278730444821,505.03526745284296,505.4644470214844,1728878
2023-02-15,505.2736985402936,511.6635438141947,499.7422124112545,510.08990478515625,1530576
2023-02-16,511.04357187333744,514.0000967589634,508.3255318069985,510.8051452636719,1400865
2023-02-17,509.18393340607156,511.8066263314061,505.9413079599892,509.7561340332031,1510520
2023-02-20,510.1852364794673,511.4250431239048,505.1306043385345,510.23291015625,1462577
2023-02-21,511.47276510570634,512.9987303741917,507.99177143716946,510.37603759765625,2460231
2023-02-22,510.7097789547535,510.7097789547535,505.08288789157234,508.5162658691406,922754
2023-02-23,506.41813000267774,517.957954878965,505.51209722421356,514.7630615234375,2803998
2023-02-24,515.8598116040309,516.1935855579576,509.27921420406346,510.1375732421875,1375098
2023-02-27,509.27923049771954,509.3269041770031,499.074560117358,501.84033203125,1746670
2023-02-28,502.1264145465372,510.23291886495235,498.07316238732966,507.9440002441406,2330523
2023-03-01,510.9959145088354,511.6158469976083,501.6496027534524,502.84173583984375,1767693
2023-03-02,504.4152913768381,506.2272984427067,501.1249929606276,505.5596923828125,1215381
2023-03-03,506.942690131598,511.90197568796657,505.36910929606023,510.042236328125,970153
2023-03-06,511.2820217416828,514.1431411878245,508.42090229554105,512.140380859375,1070128
2023-03-08,512.5695200526916,512.5695200526916,505.7028222807881,507.2287292480469,1455390
2023-03-09,506.41813107381773,508.468623249962,501.64959876615467,502.26953125,1585845
2023-03-10,500.69588944730447,506.4181281838451,499.78985667209434,505.416748046875,909401
2023-03-13,503.0801403103321,505.321327130236,495.9273421068677,499.31298828125,1409053
2023-03-14,498.45477874560066,504.0816127707915,497.9301935468729,502.12652587890625,838398
2023-03-15,501.8880125152193,504.6060525770589,494.5921349876816,497.6916809082031,3297110
2023-03-16,496.40424277695456,512.8556802176894,496.40424277695456,509.7561340332031,2094724
2023-03-17,511.28204105561394,514.2862398713976,507.7056416128365,511.32977294921875,1400977
2023-03-20,507.3718380980758,512.9987295112081,504.51071871030473,512.2357177734375,870716
2023-03-21,513.0463006343927,514.8583076253202,506.5611096270933,507.6578369140625,1645563
2023-03-22,507.5149402403345,516.908926036671,506.60890741808686,515.1445922851562,784791
2023-03-23,515.9074323352611,519.2454043704338,511.7587750229216,514.42919921875,1927951
2023-03-24,511.37742333268267,515.0014962943105,510.23296392121506,511.56817626953125,639799
2023-03-27,509.4700272442445,520.7237523752646,509.4700272442445,516.3843994140625,1319154
2023-03-28,514.0478478818181,517.6242475655971,507.3719018054309,509.08856201171875,1173081
2023-03-29,508.3255294214166,512.6172083752559,504.7014566134321,510.8528747558594,1804819
2023-03-31,512.0927044828787,522.6311494121293,512.0927044828787,519.6746826171875,1361128
2023-04-03,522.1543474510019,524.4909401911103,517.9103415695199,522.2496948242188,2436530
2023-04-05,529.3070429816473,529.3547166589112,516.7657807514781,522.6787719726562,1737173
2023-04-06,522.4404289926543,522.678855626752,500.69593160488216,501.5542907714844,3766812
2023-04-10,503.4616494075947,503.5569967670733,497.0718046627549,498.9792175292969,1618940
2023-04-11,499.45607274258055,502.2695183739013,495.64124699424633,497.6916809082031,3509174
2023-04-12,497.8347261429957,497.8347261429957,491.5879610488337,493.6861267089844,2122535
2023-04-13,494.97366775711356,503.36627321781407,490.3958882521519,502.74639892578125,8617033
2023-04-17,505.41677289988985,505.41677289988985,497.40561499094883,499.8375549316406,1555572
2023-04-18,500.3621046997516,500.5527994191663,495.21206666388576,496.78570556640625,2893384
2023-04-19,495.92733242501413,496.5949385528948,493.49539272523845,495.9750061035156,1138035
2023-04-20,495.9749752604409,501.88796626741487,494.7828423239387,500.98193359375,2688238
2023-04-21,501.077446413728,503.8908341784065,499.456133631108,500.8390197753906,1242615
2023-04-24,502.0310869411295,503.0801407279936,496.6426223395311,500.55279541015625,2399145
2023-04-25,498.31158869031594,504.2245799492348,496.1180756356124,502.03106689453125,965836
2023-04-26,501.84031037505963,510.18524122628526,501.64955745653657,508.9454345703125,2552760
2023-04-27,509.8991075753028,510.0898022717249,503.6046109337882,505.8458557128906,1298338
2023-04-28,506.41809813133244,509.99449712943505,504.27225873247085,508.23016357421875,2032847
2023-05-02,510.2329587105625,512.2834508939028,507.4195129972432,511.6158447265625,1099379
2023-05-03,513.9524194710432,516.4320329103099,511.1389738548154,513.04638671875,2882258
2023-05-04,514.4292125979988,515.8120401951304,503.74769016571906,505.8458557128906,4124229
2023-05-05,493.54312722989823,502.6033392273553,480.3342860231692,481.6217956542969,6512813
2023-05-08,484.482880346158,491.1588255477783,482.62314111235355,490.1097717285156,2707182
2023-05-09,491.96944628484164,494.6398708980802,490.7296395484791,493.9245910644531,1447224
2023-05-10,494.92599996525735,494.92599996525735,485.5319851164794,490.4912414550781,2751302
2023-05-11,490.7773120236039,496.8810565394147,488.72687809801465,496.11810302734375,1959951
2023-05-12,496.78569666526545,498.21625629297154,493.20929759600006,494.35369873046875,1542764
2023-05-15,494.02001834089026,509.23165023867983,489.8714179185982,508.373291015625,3666778
2023-05-16,510.2329705876671,511.0435978178351,505.4644381522683,506.1797180175781,1530503
2023-05-17,505.46443157277093,505.84593744648663,495.54586095239915,499.69451904296875,2511945
2023-05-18,503.03250790629846,503.03250790629846,497.83479581003485,499.2176818847656,1579098
2023-05-19,501.506518850987,501.5542507416989,493.06623996141536,495.0690002441406,1402249
2023-05-22,494.8783182297999,500.88665744191144,491.540345533113,498.0732116699219,1305271
2023-05-23,498.78847060700116,502.1264431636446,495.9273512727354,501.4111633300781,1500934
2023-05-24,502.4125470683437,504.03385967801205,498.0731943554244,502.31719970703125,2304274
2023-05-25,502.3171841123126,508.85004981920326,501.2203984431579,505.60748291015625,2297300
2023-05-26,505.0352078572164,518.5301765775907,504.03382778830246,517.0042114257812,2184804
2023-05-29,520.6760442475107,524.5385437001053,517.2903980164616,522.9649047851562,2215580
2023-05-30,524.5385236263428,527.3042954893114,521.3913041265087,524.4431762695312,2023557
2023-05-31,523.1080609591069,532.168273500787,520.7714681880108,529.6886596679688,4905059
2023-06-01,529.7361937664812,537.7950239140348,527.6380281940982,531.1190795898438,1385234
2023-06-02,531.6913737455725,534.0756399955527,530.1177347367355,531.4052734375,1166828
2023-06-05,532.6927879337625,536.9367937715737,526.0168420076506,526.6844482421875,1570130
2023-06-06,527.9242094268537,528.6871629675774,516.4797316871277,522.154296875,2685928
2023-06-07,523.5372586229621,532.3590448231162,520.9145654283217,530.7377319335938,2718117
2023-06-08,533.1218569546363,534.0755633177037,525.7783063170945,526.541259765625,1650679
2023-06-09,529.9270444997123,530.7376717477318,521.2959540338679,524.4909057617188,2146305
2023-06-12,523.5848364453988,529.9746812461285,521.3436495914575,527.9718627929688,1007065
2023-06-13,527.971837010391,536.8413530519597,525.7783239437224,534.5047607421875,2644392
2023-06-14,535.0292921006927,537.4135581082716,531.9297462908402,536.3167724609375,1577846
2023-06-15,536.3168199312513,544.0895510877837,535.5538663832195,542.7066650390625,2246105
2023-06-16,546.4738909808881,546.4738909808881,539.0826647067138,544.4711303710938,2022971
2023-06-19,544.6616828007086,546.4737481814924,540.4177360361028,542.802001953125,1114637
2023-06-20,541.0853725314482,546.3784903017139,537.0321198087638,545.615478515625,1068183
2023-06-21,545.520047321352,548.8580196388776,538.6533497690897,540.8468627929688,1632121
2023-06-22,540.8469135140404,542.7066527644218,534.1232945715441,536.6029663085938,1815315
2023-06-23,534.0756144740488,539.5594265869521,530.2607886563771,537.2705078125,1536193
2023-06-26,534.2187264204391,543.6127122875223,534.2187264204391,543.1835327148438,825926
2023-06-27,542.6589075925983,545.2339263531507,537.9380495665217,544.184814453125,1900084
2023-06-28,544.5663605588486,549.2395452555483,542.3728474559646,547.5228271484375,2195767
2023-06-30,546.4737601032383,551.242292041312,542.9450348271401,546.4260864257812,1993618
2023-07-03,548.3335476587993,556.8215003329036,546.5691557600167,555.2955932617188,1375594
2023-07-04,556.964517374249,558.9672774576727,550.6700786466746,552.81591796875,730709
2023-07-05,552.3868858229691,568.266066116655,549.9072136857416,565.0234985351562,1607408
2023-07-06,565.023423070424,569.4581233343571,559.6349581044557,564.5465698242188,1116191
2023-07-07,568.409079752638,568.647506380051,544.2326430168082,545.7108764648438,3008774
2023-07-10,545.7585645580248,549.4780433277234,539.7978987153203,546.187744140625,1999303
2023-07-11,549.0964368282749,555.4386074067947,546.4737443379965,554.7233276367188,1212325
2023-07-12,556.9169219522628,558.728929375301,552.0529838796724,556.3923950195312,1388783
2023-07-13,556.964576894945,558.5858895312557,549.8117783903011,550.9562377929688,793507
2023-07-14,550.9085373759448,560.7793755494725,550.0978519923203,559.3488159179688,1133717
2023-07-17,561.3993379657055,567.2169241604246,554.0081128085079,555.2955932617188,1721733
2023-07-18,555.2479205584311,555.2479205584311,546.5214830413526,550.2886352539062,1492660
2023-07-19,550.2885575040843,554.151056534417,547.0936645528548,547.9519653320312,607767
2023-07-20,547.9520251545201,553.1497369105175,543.6603461612489,551.7191772460938,1538931
2023-07-21,548.0779785657754,553.1084145578563,540.4604495098262,541.5623779296875,3010552
2023-07-24,541.5625307328878,548.0302359761565,535.8613566367501,541.6583251953125,2410138
2023-07-25,543.2393346460143,545.7784726860496,539.5503121795292,544.5807495117188,594176
2023-07-26,546.5929362464469,551.9587124458085,544.437034624504,550.95263671875,1273253
2023-07-27,552.6773308254926,554.7374379328461,548.078085857469,549.8027954101562,2005022
2023-07-28,548.3175780983997,558.4742455360291,546.1616767428359,557.3723754882812,1812535
2023-07-31,550.9526431426109,555.6956384627014,548.6529913260291,551.5275268554688,1156926
2023-08-01,551.7191355819886,554.1145816886162,543.7662662044986,544.9639892578125,1334010
2023-08-02,544.3411427112858,545.107732241372,538.2567330735757,541.99365234375,1868482
2023-08-03,533.4658290538347,538.4962656996049,522.8300721100907,531.8369140625,5441318
2023-08-04,540.412699211964,568.9185109168504,540.2210518065082,545.8743286132812,7508691
2023-08-07,542.3769591112313,544.0537715817084,534.7594279059768,541.6583251953125,1988682
2023-08-08,541.2750850413578,543.3830310604407,535.1906161733251,538.879638671875,1956590
2023-08-09,538.783769295507,548.9883939113098,537.5381489178808,548.2218627929688,1130663
2023-08-10,548.5092956667102,555.2165451868278,545.2035681352801,547.6469116210938,1310628
2023-08-11,547.5990339939198,547.8385786282129,538.4963378907838,539.5982666015625,1198557
2023-08-14,539.454504953373,544.0058529081306,532.7472553358355,541.2271118164062,1300882
2023-08-16,538.592036033745,542.6642940884751,536.1007956756425,541.7061157226562,641032
2023-08-17,540.1731408938691,541.7062031335311,533.13055216172,537.7297973632812,2172788
2023-08-18,537.4423776037338,544.1975247540456,534.9510782586194,541.8499755859375,1108955
2023-08-21,539.9334794736968,544.7722682587142,538.5441092230816,544.0057373046875,1138890
2023-08-22,542.3290722528817,553.7793178953726,541.610438323218,550.713134765625,1750504
2023-08-23,551.5754095482564,551.7191012161611,542.0894201638514,543.5745849609375,1933561
2023-08-24,547.0720539712197,547.0720539712197,540.4605985934344,541.2750854492188,740364
2023-08-25,537.7777310211612,544.8682759456971,533.7533692662241,534.7115478515625,2083408
2023-08-28,534.8073231599461,536.4361797324913,528.6270604852062,530.974609375,1481763
2023-08-29,530.399617022482,530.7350145364666,523.2611765770636,527.141845703125,2642866
2023-08-30,530.7830170250196,532.6035211720906,528.9145571646075,531.6932983398438,845829
2023-08-31,531.693212714578,534.1365559158296,523.6444908347946,529.9684448242188,4736298
2023-09-01,528.4354011201747,532.6993068057816,527.3814282462358,530.2080078125,924117
2023-09-04,530.9746406734066,536.5799615212686,528.0042522254406,534.5678100585938,944485
2023-09-05,536.5799684320075,539.3587095187034,534.6636114018931,536.4362182617188,992447
2023-09-06,536.3404149097298,539.4544950320284,535.3343391821174,538.0651245117188,635877
2023-09-07,538.0651344309229,544.9640314486338,538.0651344309229,542.3290405273438,1352944
2023-09-08,542.3290226646975,545.1077636650195,539.9814736792632,543.3829956054688,695069
2023-09-11,543.5267794822457,547.359493661054,543.2393376153506,545.8743286132812,690033
2023-09-12,547.1199606751047,548.9884205735757,538.1610144844019,542.0416259765625,1086960
2023-09-13,540.0294129292223,542.9998015542535,536.7716409153346,541.8499755859375,1206619
2023-09-14,540.5084508292043,545.5868434996407,539.5982280699493,543.7183837890625,998731
2023-09-15,544.2933192169977,545.3952479538376,537.0590827867692,541.8499755859375,2463912
2023-09-18,547.1198835514226,552.4856593666046,539.6940007186319,541.99365234375,1469701
2023-09-20,541.3707871169111,541.754081863649,531.0703694859255,537.6818237304688,2487342
2023-09-21,536.3403990662815,537.9214169362366,530.3996808504083,536.7236938476562,2150267
2023-09-22,536.0530155875207,541.2751005188313,534.2324529016248,537.8256225585938,956641
2023-09-25,537.8255350680557,539.4544500774143,529.6810185038319,531.1182861328125,1426546
2023-09-26,531.0703890437584,534.6156608926618,529.9205632437668,532.22021484375,1290222
2023-09-27,531.8369127234673,538.5441615676073,530.5433952679821,537.5380859375,1375349
2023-09-28,537.538050359218,538.3524785576453,522.7341832651116,524.3630981445312,2182058
2023-09-29,525.9442755098444,529.7769900452191,523.8841680540473,528.5313110351562,838408
2023-10-03,531.980630211114,532.2680720188415,523.26117215961,530.447509765625,1924677
2023-10-04,528.9144545016328,533.896993668089,527.5729814051604,532.1243286132812,1096308
2023-10-05,532.124456026678,534.6636526806485,524.554880262862,527.7168579101562,1509964
2023-10-06,527.9563588891568,528.8187429409895,522.9738189417823,524.2673950195312,1061490
2023-10-09,520.4346739722524,522.3989281943373,517.5121827707155,519.0932006835938,1076708
2023-10-10,522.1593169461543,522.5905089112471,519.0931344508541,521.1052856445312,814992
2023-10-11,521.6802580821103,523.8361595503216,520.3866821116414,521.009521484375,1039964
2023-10-12,522.638417273209,523.357051069492,516.2665075531398,518.37451171875,903301
2023-10-13,519.2369442896057,519.7639307597142,514.0627570788212,516.314453125,1607850
2023-10-16,515.5000332485014,516.410314520455,512.194305725393,514.4939575195312,1807237
2023-10-17,514.6377197760004,520.2909970969748,513.5837466739935,517.656005859375,2040439
2023-10-18,515.6437921179074,518.1829300974339,511.04448845201915,511.6673278808594,1251181
2023-10-19,503.0436645475921,506.2535388235825,498.7318617086127,503.66650390625,4093512
2023-10-20,501.12734122688806,504.2414212631928,494.42009191792397,502.85205078125,7600488
2023-10-23,502.85208384589856,504.00190978527,496.9593209408069,499.5463562011719,1535943
2023-10-25,495.6657194395688,503.04370548317,494.7075409529342,496.24066162109375,2014418
2023-10-26,496.2406813230689,496.2406813230689,483.0178001377583,487.1858825683594,2400780
2023-10-27,489.53332824333756,503.85807747224004,487.76069239298755,502.6124572753906,2125985
2023-10-30,502.5646389924215,502.7562863949396,499.88175080489714,501.5585632324219,1711768
2023-10-31,502.6603949810797,508.84065772317734,500.40869900091144,506.7806091308594,1687120
2023-11-01,508.3136748618948,509.75094255707455,494.61173453102924,495.47406005859375,2712123
2023-11-02,498.0133309854439,511.1882868316196,495.71367893562444,508.21795654296875,1919439
2023-11-03,511.7630800172812,515.3562491574959,509.17604502238316,513.1045532226562,1337219
2023-11-06,514.4460117682671,516.9851494654539,511.0444316264062,515.4520874023438,478913
2023-11-07,516.4582456211457,517.3206297211511,510.5654240637915,513.6795043945312,823342
2023-11-08,516.1707674300278,517.2247403824722,511.09243309834955,516.69775390625,776461
2023-11-09,517.4163931867029,517.4163931867029,510.70914364539374,512.4817504882812,1366713
2023-11-10,513.0115245703012,515.2748579088681,507.2808858889291,513.6856689453125,1361649
2023-11-13,515.7563786116499,516.0453060023675,506.5584941674164,510.5554504394531,979880
2023-11-15,503.76541211421005,508.05135473099045,497.6495567607612,506.6066589355469,3398705
2023-11-16,512.6262084937564,515.6600930819079,506.79928072721236,515.1785278320312,1612231
2023-11-17,516.0452856971357,522.5945610299217,512.0483295823702,520.7646484375,1512369
2023-11-20,520.7647199202711,525.3395902065217,517.3937628672443,523.1725463867188,1910044
2023-11-21,525.5321306031227,525.5321306031227,519.3680724784191,520.9090576171875,1379849
2023-11-22,520.7646614806021,521.9685745787241,517.730776959407,521.0535888671875,680568
2023-11-23,521.0536707279963,522.0168013578078,515.5156696065804,520.4276123046875,800753
2023-11-24,522.0167272796663,522.1130168150519,516.2379443208508,517.5381469726562,440877
2023-11-28,516.7195438508107,517.5381813103634,511.47047055798964,514.1190795898438,2251292
2023-11-29,514.1190337472248,516.2860773073305,512.385410656104,514.8895263671875,1815670
2023-11-30,514.8895294065204,520.4757332000671,513.3485441574987,518.2123413085938,3167951
2023-12-01,520.0904964718827,524.328294401509,517.8753079660969,521.1981201171875,1584387
2023-12-04,524.8097860704311,528.6623077261955,521.7277569888565,526.8323364257812,2125643
2023-12-05,528.7104741281263,532.1295754805855,526.6397201394783,531.6480102539062,1748869
2023-12-06,534.2966839339775,534.4411770334686,529.0476105682875,529.7699584960938,1028497
2023-12-07,529.7698790171668,530.6367199144161,517.6344591645737,525.6765747070312,1150700
2023-12-08,528.6623099076013,535.741294965352,525.6765703411747,527.3139038085938,2453675
2023-12-11,527.7955427594233,531.0220065963041,524.9542958726404,530.203369140625,1278433
2023-12-12,530.2033016017226,533.1889824201581,526.5434177254677,528.7586059570312,1418773
2023-12-13,527.3621215820312,529.0957448173233,523.0761788719873,527.3621215820312,1628806
2023-12-14,528.4697824144026,529.4329130334248,524.5209116055153,527.265869140625,2078199
2023-12-15,527.7473398545654,527.7954846199214,517.4418323212641,519.801513671875,2655593
2023-12-18,519.8015288617135,523.027992437467,517.4899922089098,520.572021484375,2700975
2023-12-19,521.4870884981515,531.1665395193721,519.801609904935,527.9882202148438,2155547
2023-12-20,529.7218499236875,531.0702563283339,512.6744259055413,515.2267456054688,3685894
2023-12-21,513.5893733821798,514.3117213053615,507.617952126913,510.6999816894531,6150231
2023-12-22,512.3372925397919,513.0114956616363,507.0882194419751,509.78497314453125,3869597
2023-12-26,510.459132555344,515.0821469045422,509.49600211656036,511.0369873046875,1655240
2023-12-27,511.4223397705713,516.2861374596351,510.5073539594027,514.6488037109375,3308899
2023-12-28,514.8414175288982,525.6284913156105,514.6487796642596,523.076171875,3512802
2023-12-29,524.6653248955408,539.3530646011984,523.605904889716,536.6563110351562,4120332
2024-01-01,539.353126993743,542.2425187454952,534.537474074156,536.8971557617188,1417550
2024-01-02,538.8233885242548,541.6164317994783,531.0219959348967,536.3192138671875,1201767
2024-01-03,536.4637440523669,541.9536002278214,526.4471623011927,530.78125,2733401
2024-01-04,534.2004494450082,546.3840171454034,530.5887094337551,545.3727416992188,3064476
2024-01-05,549.9475131967546,550.5735715330609,543.6871649729737,548.0693969726562,2834989
2024-01-08,551.3922532844801,551.3922532844801,530.6849459558928,532.8519897460938,2152367
2024-01-09,534.5374691370541,535.5005997120758,526.061931833828,527.6510620117188,2107464
2024-01-10,528.6141904856967,531.0702204701004,522.3056970013434,527.1694946289062,1758621
2024-01-11,529.3364736519187,535.5005320673404,528.228908901447,531.6480102539062,2089001
2024-01-12,531.6480497785712,532.5630355342488,527.7955276787266,529.432861328125,1029614
2024-01-15,530.6849263271607,536.9452748228532,528.036317348214,533.7188110351562,1524201
2024-01-16,535.6450660348338,541.1830665643586,532.5630365918729,538.1973266601562,2027207
2024-01-17,537.2823387592916,537.2823387592916,525.9655551136694,529.1920776367188,2075918
2024-01-18,526.0619222789412,529.6736618696725,515.6119204588643,519.560791015625,1520695
2024-01-19,523.2207109464749,523.8949141395427,519.6571158843975,522.3057250976562,1965102
2024-01-23,524.3282911307657,524.3282911307657,503.3319982652014,505.4508972167969,2256565
2024-01-24,506.3659134276668,517.586408442182,502.94681155140677,516.8158569335938,914551
2024-01-25,516.8157743049272,517.7307599864674,509.54415118762245,512.0001220703125,924085
2024-01-29,496.01216853083326,516.1897626775459,496.01216853083326,514.5524291992188,1316110
2024-01-30,514.5524856778922,517.8752977635206,513.5893551478447,516.1898193359375,1603876
2024-01-31,516.1898091012335,525.4839832610194,514.3116928479145,519.7052001953125,3475918
2024-02-01,526.8324654392846,554.2816889585162,526.8324654392846,533.9596557617188,11117689
2024-02-02,534.0559044577122,538.3899920502455,519.8497284599642,524.569091796875,3318354
2024-02-05,522.9799180448805,524.7135413753566,512.674408823679,513.9746704101562,1417520
2024-02-06,514.5525330849609,517.5864180480594,511.6631412286112,513.0596923828125,1247440
2024-02-07,513.4930600378007,518.5976400347078,511.0852337388048,517.5863647460938,1784199
2024-02-08,519.8015502612366,521.0536081727096,512.3854335450674,514.2635498046875,1488521
2024-02-09,515.1784971437855,520.0904388860042,509.15893187890117,519.3199462890625,1786915
2024-02-12,519.3199584059453,523.7021902640647,515.6600743964658,516.7676391601562,1454041
2024-02-13,516.575120551694,519.9942815190263,511.5668880062562,518.8866577148438,725665
2024-02-14,513.8782804382839,525.1469193504998,513.5893530374215,524.23193359375,828939
2024-02-15,525.8211596922959,527.1695072533616,520.9573619482566,524.1356811523438,1006711
2024-02-16,525.0024764389894,527.6510856388987,521.0536644185104,524.4246215820312,839405
2024-02-19,524.9061157524749,529.9144060450589,520.3312459362836,527.4584350585938,1353397
2024-02-20,530.877571608037,530.877571608037,522.9798893307914,527.3621215820312,1057848
2024-02-21,527.4102610721294,529.5773047907536,524.2800868118943,526.158203125,1636393
2024-02-22,526.3508328211383,526.3508328211383,518.7902817007654,521.6314697265625,1264327
2024-02-23,522.1129960388732,524.4726774101226,514.5524454825375,515.563720703125,1160683
2024-02-26,514.4561793635237,517.297367306661,507.42527969558114,509.73681640625,1180365
2024-02-27,508.43660347101167,518.3568356495621,506.6066320466493,515.8526611328125,2954271
2024-02-28,515.6119187527881,521.4870504051655,512.289165368169,516.478759765625,2697005
2024-02-29,516.5269499025462,519.4644865943245,512.6744273468161,518.3087768554688,2453976
2024-03-01,518.3086536271011,524.8579286577801,518.3086536271011,521.1498413085938,762406
2024-03-04,518.1641933209385,519.8015268783587,512.1927726446628,517.489990234375,2030164
2024-03-05,515.4192722673141,517.0084022032694,513.3966630968034,515.0339965820312,1464768
2024-03-06,515.0822192841259,516.2379877300388,508.77372578058396,511.9039001464844,1082367
2024-03-07,511.903885450724,517.923451366184,510.94075490425035,515.515625,894981
2024-03-11,515.5155935720165,518.5494781223796,512.0001437777751,513.7338256835938,984138
2024-03-12,510.98884262065343,512.6743208887918,506.4621178006898,509.4960021972656,1011782
2024-03-13,510.0257535712879,511.80758029880866,496.7827089612162,500.77972412109375,2666699
2024-03-14,497.93847630029137,511.229665651536,497.1198388763955,510.1221008300781,2047715
2024-03-15,509.4478892508075,510.7962366786417,504.92116414811875,507.1363525390625,1710825
2024-03-18,507.13635170507695,507.13635170507695,501.8872787367025,504.29510498046875,1247334
2024-03-19,503.95804100688997,510.45917197066734,497.50505481180596,499.2386779785156,2071489
2024-03-20,499.2387114902474,501.9836689078811,493.1228558351286,501.0205383300781,925067
2024-03-21,502.9949294924268,506.26959687476074,499.38318993168656,504.63226318359375,973386
2024-03-22,504.68038754512446,507.9068512416467,499.86473499221296,501.5983581542969,1072318
2024-03-26,493.7006890314373,502.9949222138463,493.7006890314373,501.8872985839844,1961179
2024-03-27,504.68044771358916,505.0657234776835,499.96108413516055,502.4171142578125,2638465
2024-03-28,502.75416220895573,506.60668452473317,498.6608572484422,503.8617858886719,2312982
2024-04-01,504.1987923540595,511.036995059261,504.1987923540595,509.6405029296875,847682
2024-04-02,509.6404995032051,512.9151077518527,508.1958038328207,512.0001220703125,1175093
2024-04-03,511.3260127087518,512.7707084778086,509.1107655016744,511.42230224609375,1176084
2024-04-04,511.4223313295437,512.3373171256104,483.780472286029,487.3922119140625,10445923
2024-04-05,491.1965913084566,491.1965913084566,485.4178078812983,489.17401123046875,7615006
2024-04-08,489.3184603293846,491.0521129412225,483.6841701700432,484.5028076171875,3602540
2024-04-09,487.8255835323107,489.7518444741954,483.9730616485412,484.5990905761719,2217268
2024-04-10,486.3809256847994,488.2590420062895,483.73231668354555,487.5848388671875,1978008
2024-04-12,488.30718758452764,488.9332165619229,480.69846213772837,482.1431579589844,4166549
2024-04-15,477.61640393190845,478.6758533489898,471.1634472867946,476.9422302246094,3600795
2024-04-16,476.94225412370906,486.9588058393587,474.1973262122195,485.32147216796875,2928056
2024-04-18,487.10328816073644,489.2221871820685,482.52841793085315,485.2733459472656,2604037
2024-04-19,483.1062977652495,487.15142850684447,477.76090548871053,485.6104431152344,2183936
2024-04-22,488.69243858648866,489.2703227989856,484.74359742557345,487.488525390625,1208372
2024-04-23,488.40351538496543,491.6300086561647,486.5735731899667,488.45166015625,1904186
2024-04-24,491.1002612289425,491.48550757019535,488.9332174929321,490.6668701171875,1855798
2024-04-25,490.7149714612897,491.43731930936815,485.5622175998483,487.7774353027344,1022931
2024-04-26,488.6442390754672,492.68936932496797,486.6698040199889,490.2333984375,1372205
2024-04-29,493.50810526947674,493.8933222091655,487.34404638623585,488.01824951171875,1373441
2024-04-30,490.2334542135955,493.508121626005,486.52539568536395,489.029541015625,2092290
2024-05-02,489.27034740542484,516.286149122322,489.27034740542484,505.9324951171875,7092006
2024-05-03,516.4787406544759,518.1642190622061,504.68039180036436,512.1446533203125,7008370
2024-05-06,515.2748660486416,515.7564313440142,504.9212121981315,511.2297058105469,3172072
2024-05-07,513.8783152874173,545.9987557816851,511.71127145675507,537.8602905273438,14721222
2024-05-08,537.8602569294738,541.2312137888234,533.6706038476744,536.0784301757812,4085815
2024-05-09,536.0784021367376,544.1205769228701,530.1551849502962,532.4185180664062,5305923
2024-05-10,530.6367416188799,531.5998720841887,520.427523415715,530.4922485351562,2521438
2024-05-13,530.4922343989033,532.8037709679754,523.6540317913583,529.9625244140625,3067643
2024-05-14,529.9624939754541,541.9534790172771,529.9624939754541,534.1039428710938,2872594
2024-05-15,534.103978098576,534.5373985570723,522.9798331828653,525.7247314453125,2436198
2024-05-16,527.4584464895413,529.1439248794022,514.9858946476064,522.0648803710938,3864351
2024-05-17,523.1725388733546,523.9430315745875,515.2748564198608,516.0453491210938,1642503
2024-05-21,518.2605642613834,521.0536665795302,513.9264764617385,519.4644775390625,1388390
2024-05-22,522.9799044502341,535.404312434529,518.9347442610573,533.5743408203125,4319988
2024-05-23,535.5006150385957,541.2793986541201,531.3110204312711,539.3049926757812,2924910
2024-05-24,538.3899733265091,544.0724670419168,533.6224653835584,537.5231323242188,2805803
2024-05-27,539.2086633460411,549.9475934572553,539.1605185711804,546.4803466796875,3169943
2024-05-28,548.984390162219,557.5562752067505,543.7353171308966,549.7548828125,4429603
2024-05-29,549.7548542266704,549.7548542266704,532.6592885798424,534.9708251953125,2620387
2024-05-30,534.9708561948971,536.8489724556943,529.0957247838091,530.8294067382812,1591522
2024-05-31,531.6962105126833,534.0558921266548,520.6202091430591,525.00244140625,11192196
2024-06-03,539.3530967892348,540.5088651821762,522.9798777795615,524.7135009765625,2836670
2024-06-04,528.2289470228594,562.9016458460379,516.9603081483621,556.882080078125,17458506
2024-06-05,563.4313990264473,610.0469434170959,562.9498337281341,578.119140625,21568184
2024-06-06,578.1191160276048,582.9829135766615,560.5901281578497,575.1815795898438,7598586
2024-06-07,577.3486039214478,592.1326339394647,576.0965459981823,590.4953002929688,5429725
2024-06-10,581.9234423257659,604.3162257761543,581.9234423257659,596.9963989257812,5180578
2024-06-11,596.9964588583074,599.9821988889892,585.5833851453098,590.8324584960938,3728825
2024-06-12,591.5066379760787,600.0303196449064,589.1951011922496,596.6593627929688,4528718
2024-06-13,589.4358183295881,591.8917891489982,566.4651812762584,587.1724853515625,7963596
2024-06-14,588.4245387834073,595.9850890270025,583.6570314723385,586.2093505859375,1975440
2024-06-18,585.6796183331658,591.1213290308397,575.9520240496001,578.0709228515625,4304663
2024-06-19,579.8046238656796,580.8640440166197,572.0995790302553,576.4818115234375,1703051
2024-06-20,576.433664157596,582.5977235121426,573.0627070572591,578.6007080078125,2886298
2024-06-21,578.8414328503112,581.6345348255804,566.8504463196592,568.1988525390625,3868601
2024-06-24,568.9693979038303,580.2380376006598,567.1394262629134,577.6375732421875,1774168
2024-06-25,581.5382371413983,581.6827302434949,570.6548732565094,571.4735107421875,1791877
2024-06-26,569.5954162824696,580.7677068641023,568.535937433549,579.6119384765625,2230523
2024-06-27,579.8045043803648,583.6570260041547,573.1107363020672,577.2040405273438,2405121
2024-06-28,579.611910246875,587.1725197745465,575.6149540316983,578.552490234375,1710529
2024-07-01,578.552533439455,590.6398100912056,578.552533439455,588.4246215820312,2469588
2024-07-02,594.0589006973768,594.0589006973768,579.8045805731412,580.5750732421875,3919339
2024-07-03,584.6202389050311,590.687949561743,582.6939778213242,587.220703125,1786017
2024-07-04,587.3170381484272,590.9769227339355,582.742167720335,583.6090087890625,2277423
2024-07-05,581.7308336076703,585.5352109155457,581.0084857182568,584.0905151367188,879215
2024-07-08,587.8949631224626,609.6616919596989,587.8949631224626,600.4638061523438,7279634
2024-07-09,599.1153067788471,610.046873060721,595.2627848366507,606.96484375,2665679
2024-07-10,606.7722731696628,613.7549699640756,596.7075467228198,608.4096069335938,2882570
2024-07-11,612.3583829121693,612.3583829121693,600.8008164824279,606.1461791992188,1588742
2024-07-12,610.5284492719268,610.5284492719268,602.9196947854663,606.772216796875,1630043
2024-07-15,609.5653054752988,615.3922331335132,606.9166966502178,609.083740234375,1091279
2024-07-16,610.6247129766957,624.7827425266522,606.7721911282624,617.3184814453125,2960104
2024-07-18,617.3184725190753,626.9979217663387,615.6811390002027,621.0746459960938,3161993
2024-07-19,623.8797310441438,626.0077047247895,610.9668951092592,612.1759643554688,2176993
2024-07-22,607.6782530399659,618.8983929514162,606.6626465970776,615.80322265625,1365836
2024-07-23,618.9467425140954,640.6615786092434,611.4021033057448,630.940673828125,7195533
2024-07-24,628.7160461578412,628.7160461578412,597.8122225432267,613.3850708007812,8340915
2024-07-25,605.0183091444142,615.6097685698478,604.5346813992948,610.5316772460938,1831371
2024-07-26,610.5315924262685,614.448964810186,604.6312993335723,611.7406616210938,1469979
2024-07-29,615.0293309549867,622.0903427016068,610.3865167782915,620.107421875,2240896
2024-07-30,620.05902879016,627.6036086943488,611.7890073752496,613.1431884765625,3020230
2024-07-31,616.0933466090017,619.76890536805,609.3709096868849,614.88427734375,2769613
2024-08-01,617.9795425020524,634.3744754655216,615.8999196299307,622.4288940429688,6852547
2024-08-02,622.4288962542377,628.7160568224623,604.5346700215983,607.0011596679688,4123973
2024-08-05,594.8620764314188,619.0434616522082,593.9431719857118,613.2399291992188,4771981
2024-08-06,617.108953885693,621.9452309537627,606.4691443359396,608.5487670898438,1854542
2024-08-07,610.5315992694303,620.3008548584845,610.5315992694303,618.3179931640625,1788865
2024-08-08,618.0761382082177,620.7844412475108,613.8686012575819,616.576904296875,1528269
2024-08-09,620.5911288067599,621.1715175508054,601.7296458388403,603.5191040039062,2679620
2024-08-12,606.3724353490478,606.7109511252371,595.58751399819,600.036865234375,1139283
2024-08-13,600.278737318752,603.8092434944691,582.9648993589665,586.01171875,2691122
2024-08-14,589.929096635662,589.929096635662,578.999063301889,584.6091918945312,2012408
2024-08-16,586.4952691920533,598.2474455363,584.6091684523691,597.3768920898438,1259712
2024-08-19,597.7638793093371,604.4379656541253,594.7170009700666,600.955810546875,2332398
2024-08-20,604.921511849863,604.9698628094349,596.8448943576169,602.69677734375,1340039
2024-08-21,604.4379140120957,615.1260742145276,597.7154772755705,613.5784301757812,2105395
2024-08-22,616.1417155700427,626.491360590232,611.4021402971769,624.9921264648438,3452342
2024-08-23,626.6848342438709,629.8767654448516,619.8656360423269,622.1870727539062,3461642
2024-08-26,624.8470428463914,633.9392680132812,619.9140634911873,633.1170654296875,2940223
2024-08-27,633.552354577627,633.552354577627,620.6395172249179,622.3322143554688,1428673
2024-08-28,624.7986726236769,628.2324176797359,617.1089799533049,623.2994384765625,1149783
2024-08-29,622.9124442354824,626.6847637080627,617.6892417406145,623.0575561523438,1071747
2024-08-30,622.912541792532,624.4117760097146,615.2711997304408,616.286865234375,3304453
2024-09-02,616.9155310321413,623.5412664673439,613.6752488008814,615.80322265625,745420
2024-09-03,615.8031950852615,627.2651483526295,614.4490138643143,617.3024291992188,1775357
2024-09-04,617.1573386969206,630.2152874968693,613.4334287649041,628.764404296875,3104663
2024-09-05,633.5522963294756,633.5522963294756,621.6067155782027,623.686279296875,2131132
2024-09-06,622.9125126801384,632.294902395837,622.2837730200964,623.2994384765625,1910995
2024-09-09,623.8797627189678,643.1281697105135,622.9608582378781,640.66162109375,6213572
2024-09-10,647.4323984530357,647.9644361688024,640.6616104430652,643.4666748046875,4126339
2024-09-11,646.1266122281022,649.512006154447,640.3230797829395,642.160888671875,3134456
2024-09-12,642.209300669474,647.5775568841229,641.2903961376751,642.9830932617188,2222824
2024-09-13,643.8536186951039,645.8364805750318,629.9251164968906,639.2591552734375,2559794
2024-09-16,638.3886256711468,645.9815576800236,636.6959285576248,639.6943969726562,806885
2024-09-17,639.6943506851233,649.9956445595178,634.9064835683063,638.53369140625,1793296
2024-09-18,638.3885917238794,640.6132674331755,629.2480159896064,632.9719848632812,1465661
2024-09-19,633.5523029591536,644.9659051593449,632.9719733191689,642.9346923828125,1768324
2024-09-20,647.0454652572539,648.0127205879213,640.4197308202342,645.6912841796875,1798471
2024-09-23,646.1266116887058,649.5120056122245,634.8097116227693,639.4041748046875,1684518
2024-09-24,638.3885229147306,644.1920549412282,631.037405962466,634.3743896484375,1881683
2024-09-25,629.6833084325472,632.5367238648664,601.7780118501333,606.4691772460938,7092888
2024-09-26,606.5174298603393,607.8232599497794,600.2786213083359,605.260009765625,2581456
2024-09-27,607.4364277868285,614.0137530956741,601.6328950372729,612.272705078125,4628215
2024-09-30,612.2727304943526,614.9810340825861,602.9386913200473,604.7281494140625,2475507
2024-10-01,605.5019284742907,609.1291365122756,593.8948627527388,598.7311401367188,1095384
2024-10-03,561.3466520102373,576.2907598602945,552.3028375666435,561.2015991210938,18729275
2024-10-04,565.6026132951403,565.8444271528979,552.3512020827038,553.7053833007812,4745480
2024-10-07,556.1718556551846,562.1204999868261,543.5975354403718,550.7552490234375,4723935
2024-10-08,552.7864724744182,553.8988398219407,546.2091474263967,548.7723388671875,3261216
2024-10-09,549.1592699231641,553.2217545330833,544.7582695276625,546.5476684570312,3580212
2024-10-10,548.4338072837136,557.5260315834739,545.725503993333,552.9799194335938,2379978
2024-10-11,555.6882820513972,556.1235588316015,550.561839733611,552.1577758789062,1276108
2024-10-14,552.1577440263602,556.316989645498,547.4665787593993,548.7239990234375,1902352
2024-10-15,549.4010294097526,554.1406041583773,548.723938869009,552.3027954101562,1687923
2024-10-16,554.1406259470986,560.3793758640087,551.819189440865,559.36376953125,2647660
2024-10-17,559.073616683007,560.137573999777,553.2700843298962,553.8020629882812,1838328
2024-10-18,552.7865823176653,553.3669120702889,546.4510698657009,552.6898803710938,2159572
2024-10-21,552.3029081715245,556.171930295318,547.5633324552405,549.5946044921875,1511359
2024-10-22,547.07964068435,553.0282851183597,537.7940122882519,540.79248046875,1510177
2024-10-23,539.7284880575056,544.468062911353,537.8423283080529,540.4055786132812,1233395
2024-10-24,537.6005239482288,539.7284975739371,517.7234378610212,523.28515625,3076408
2024-10-25,527.4444095262758,527.4444095262758,518.7874610401833,521.060546875,1506493
2024-10-28,522.3179249237833,540.2121501295054,519.512860601225,535.5693359375,1750115
2024-10-29,535.5693159347445,535.8594807415478,515.4020058314566,518.3037719726562,5088807
2024-10-30,521.3507159306831,533.8283355295603,518.4489494227201,528.750244140625,5828617
2024-10-31,520.4317722333457,530.9748800335452,515.5471441198279,522.3179321289062,3001455
2024-11-01,523.9622803239869,527.2993233780875,522.6564500663372,524.784423828125,159703
2024-11-04,527.2026066972354,527.5411815494748,514.2414182168675,517.433349609375,2308784
2024-11-05,517.5300107466488,519.2710587292523,511.38796232461846,517.3365478515625,2117262
2024-11-06,518.448934180888,525.6066483047374,517.8201945080107,521.9310302734375,2368331
2024-11-07,523.6236613889209,526.3320236048122,514.8700122573214,516.9979858398438,1695158
2024-11-08,517.581400250755,520.1579070786541,513.9354336123532,516.7550048828125,1458407
2024-11-11,515.2966104267546,516.6577950212472,505.91429934920393,508.24774169921875,1589666
2024-11-12,508.2962814982649,509.60886491527174,495.36526677564126,496.3375244140625,4775306
2024-11-13,497.16398529968376,499.9349257037901,493.2263237767062,496.6778564453125,2253481
2024-11-14,496.677859103979,499.6918639514047,488.70533398123393,494.004150390625,2083472
2024-11-18,494.9764269910672,495.4625558665896,485.156617771325,494.39306640625,3329177
2024-11-19,496.8236891103171,500.2265910905248,492.10823328926784,494.10137939453125,2126926
2024-11-21,494.39303849843014,495.268064490786,488.4622606176513,491.7193298339844,1771693
2024-11-22,492.59434629124945,500.8099058622215,490.4067665172294,498.7681884765625,1050913
2024-11-25,502.02522837120614,513.4979164467862,500.90716764648386,507.0323791503906,4146364
2024-11-26,509.46304953426926,515.1993938669314,504.99068772168357,510.77557373046875,894410
2024-11-27,505.52537243862713,514.5187556202308,505.0392436179999,512.8659057617188,1722809
2024-11-28,515.1507000113933,519.5258595034509,509.4630164084779,511.40753173828125,1554564
2024-11-29,503.8726381080272,514.9564014963718,503.8726381080272,512.5257568359375,2225080
2024-12-02,508.0047210498932,513.3521391662078,506.25466880748115,509.36590576171875,1510906
2024-12-03,509.36586728048496,514.3729591696163,506.54629602267556,508.05328369140625,3691025
2024-12-04,509.46301623187287,512.6228536417079,505.5739855736143,508.2962951660156,2515588
2024-12-05,510.43531078752443,512.6714917092606,502.3169824384268,508.63665771484375,2760858
2024-12-06,510.4352451701183,511.2616404017309,505.81702152334105,509.2685241699219,1663402
2024-12-09,504.60174341258954,506.3031943778536,489.2400837088715,492.788818359375,6086175
2024-12-10,493.8583050523924,497.50427138655925,490.35817143740223,492.88604736328125,3425754
2024-12-11,492.9346690309109,497.066764382748,491.08738527839756,494.2472229003906,3602452
2024-12-12,495.85142959781666,497.7959450080042,491.7193343511682,492.5943603515625,3491848
2024-12-13,492.59435162257074,500.0321170005474,485.6427150885266,498.57373046875,2205228
2024-12-16,499.7890587605267,501.68497314369404,494.92777026107234,495.8028259277344,1041908
2024-12-17,494.87919265727976,496.1431158585542,490.1151356366162,491.3790588378906,2821249
2024-12-18,493.8583338924775,494.83059163836606,488.5109162900904,491.3790588378906,2300294
2024-12-19,489.0456121361553,491.3790246296528,485.6427102624445,489.9692687988281,1583630
2024-12-20,490.0178787893141,494.19857501377936,486.12884800527195,488.60809326171875,3228278
2024-12-23,488.7539549551034,496.82368195208994,487.0038733022128,495.36529541015625,1777848
2024-12-24,497.79594234413054,501.63637212707965,493.6638471195943,495.8028259277344,3207041
2024-12-26,496.2889419852393,497.3098006754308,490.0664691295691,491.573486328125,2088931
2024-12-27,492.44854377625234,495.5597804029429,490.06650045229065,493.08050537109375,1299653
2024-12-30,492.93466635000465,495.65697611038166,489.1428671584256,491.23321533203125,4298784
2024-12-31,491.28181188014617,494.8791772966554,488.3650387330146,492.9346618652344,812765
2025-01-01,492.8374239476517,498.28207302119534,492.44852680045943,496.77508544921875,1065540
2025-01-02,496.77507663092246,501.1988372347405,493.66384016671094,499.10845947265625,1720007
2025-01-03,500.71272902136076,514.3243371889317,499.789072313038,510.3381042480469,3814344
2025-01-06,507.810178155452,508.0046415612717,487.1983329894115,490.84429931640625,5026479
2025-01-07,493.90691242177866,498.52513650446264,489.1428556180421,494.73333740234375,2248836
2025-01-08,495.65697612536576,500.56686576614266,491.2818163647305,499.4974060058594,1666424
2025-01-09,499.74047218007985,516.1716515196489,497.35842887815625,506.692138671875,4084746
2025-01-10,504.60174733308554,508.4421771243283,499.78905983985226,503.53228759765625,2316135
2025-01-13,501.63637942274846,505.1364834565,495.3653052988673,496.58062744140625,2857732
2025-01-14,497.9904085313947,506.4004020772402,495.99726243292594,498.2820739746094,2539143
2025-01-15,498.7681778797701,502.1224786637154,496.04586830942975,501.1988220214844,1959656
2025-01-16,503.6294826195858,509.1713633121582,500.56684716419323,507.9074401855469,2718298
2025-01-17,507.0323553630359,517.0951981229358,501.6849383841352,511.45611572265625,2943339
2025-01-20,513.9840416932192,514.3243081414303,506.4976457554839,507.12957763671875,1536752
2025-01-21,507.56713146675617,514.22713246189,505.08788614616117,506.7893371582031,2258554
2025-01-22,506.7893128848557,510.0463523580035,503.33781000840816,506.06011962890625,1532395
2025-01-23,503.7267114081117,512.088163578098,500.85859854834456,510.04638671875,698448
2025-01-24,510.0950569682469,512.3798389650104,504.2128500530948,507.17828369140625,1031251
2025-01-27,502.7544598802763,518.1647808563914,502.7544598802763,509.31719970703125,3023866
2025-01-28,510.4353072623881,513.6437458967998,508.19912635609523,510.77557373046875,2683319
2025-01-29,510.4352863563271,512.8659305770715,501.19883831749826,503.7266845703125,2201858
2025-01-30,506.78936087032446,525.0191939951562,504.60178089534463,518.8939819335938,3384404
2025-01-31,523.0746194417227,527.7414443267264,508.4907545873996,515.1506958007812,4302619
2025-02-01,518.6508835865375,536.394586668094,508.19911327822325,524.1441040039062,4921220
2025-02-03,525.4080800121916,531.241626158847,515.5882417268482,519.7203369140625,3792769
2025-02-04,521.6648792266457,527.6928890910922,519.8176251233158,526.0400390625,3275638
2025-02-05,526.9637114703376,527.935969240578,515.9286095148701,516.7550048828125,2811816
2025-02-06,516.7549742723252,521.8107262464741,510.095032677448,511.6020202636719,1225984
2025-02-07,514.9563555873884,515.1507596693633,505.7199067011788,512.47705078125,2097013
2025-02-10,512.4770220621456,520.5954096544257,509.12278039128057,513.4492797851562,1678247
2025-02-11,515.1993855497864,517.4355664199794,501.39331416499743,503.33782958984375,1177152
2025-02-12,503.92109778616975,512.7200171205185,501.3446507739329,511.1644287109375,2113562
2025-02-13,510.97001174671436,514.129849206041,502.94888588842394,505.4281311035156,1484585
2025-02-14,506.10873854632774,510.2894348266042,502.94890099211045,505.476806640625,1191521
2025-02-17,503.726660522291,507.81015448657473,500.4696211587452,506.10870361328125,974964
2025-02-18,505.5740076855835,505.96293450517896,499.74046144305754,500.85858154296875,1603493
2025-02-19,500.7127207934171,500.7127207934171,489.7262205356505,490.4554138183594,2715980
2025-02-20,490.99012691927817,496.7750719662119,486.27467125130903,496.19171142578125,2052520
2025-02-21,496.77508993524395,497.40705151400704,489.5317581107072,494.53887939453125,2057493
2025-02-24,489.62896829190174,492.9346384339951,488.6567106224067,491.67071533203125,736767
2025-02-25,491.13597296660373,498.1848709876101,490.16371526314776,496.77508544921875,1483864
2025-02-27,495.99723766903475,500.71269323857814,487.58721487213,489.2886657714844,1181893
2025-02-28,486.42051953342275,490.4554127591248,477.2327019937044,479.6147155761719,5530947
2025-03-03,479.3230491835997,482.7745521724239,471.5449875335616,478.10772705078125,2166131
2025-03-04,472.5172170997866,475.67705445693537,466.6836712096658,470.2810363769531,2477085
2025-03-05,469.6004817985209,477.37854360884836,469.21158464219474,474.17010498046875,1767699
2025-03-06,476.3090275463676,483.94125620524085,475.1423361426163,481.2675476074219,1219415
2025-03-07,481.267554840237,485.25381728926527,478.15631837491003,482.04534912109375,1913893
2025-03-10,481.26754930829605,487.489992496476,478.35077628218517,479.663330078125,2526521
2025-03-11,476.40626205629906,486.6149676717912,475.96873423296955,483.7467956542969,1830398
2025-03-12,482.434264474933,487.0038576906037,478.107706004177,486.0802307128906,1450825
2025-03-13,486.6149624157713,490.0178642508466,485.0593442141184,487.052490234375,1288721
2025-03-17,484.57324034904946,488.55950292401263,476.50351316415754,481.0245056152344,1646821
2025-03-18,481.0245056152344,481.0245056152344,481.0245056152344,481.0245056152344,0
2025-03-19,487.68445690668096,488.3164184627863,479.1772022296289,481.705078125,2652053
2025-03-20,483.2120703198389,485.88577895842957,479.32303957279794,485.1565856933594,3651974
2025-03-21,486.1288330783578,493.809662706806,484.08708604523883,492.74017333984375,2013377
2025-03-24,493.3721537666907,494.92774226175226,488.2678011310298,493.12908935546875,2299229
2025-03-25,493.12910652734524,497.79593151693666,491.0387287812859,495.1222229003906,2782397
2025-03-26,494.87917012339636,496.77508450993093,491.0387403336264,494.73333740234375,2517374
2025-03-27,493.5180216423087,500.66412177558215,489.872055214205,498.6223449707031,1649107
2025-03-28,498.768191790416,505.03926571931873,489.82340923105784,492.4485168457031,1759182
2025-04-01,491.81653846868846,498.33064692485425,482.7745245159347,483.69818115234375,1974802
2025-04-02,482.385662290889,483.79544785457597,471.0102647589168,481.99676513671875,2835760
2025-04-03,460.80152928185817,470.32964247023995,445.4884711549201,452.48870849609375,12356973
2025-04-04,453.947123767797,454.2874199041626,445.7801648497775,448.94000244140625,3850303
2025-04-07,422.9321152893812,441.55084500528665,421.279265269295,438.87713623046875,4571485
2025-04-08,442.2800035295838,451.1761551829814,440.4327199100669,446.2662658691406,1640063
2025-04-09,447.0440791676052,455.45413202020126,445.342628190413,452.3428955078125,2429984
2025-04-11,450.1553219072025,452.29430074792805,443.2522861986254,448.5024719238281,2170343
2025-04-15,454.67630826706426,461.2876784412126,449.7664187418459,460.6070861816406,2374405
2025-04-16,461.6279707501358,468.3365730043106,460.65571299398897,467.99627685546875,1382224
2025-04-17,467.1212329064466,467.21843494157434,462.98913760118745,466.00311279296875,844403
2025-04-21,467.947629110898,468.4823886598608,461.62795392626197,462.3571472167969,2586539
2025-04-22,462.79468039042087,472.2741932765692,462.3085515244645,470.9616394042969,1525955
2025-04-23,472.5172370331994,473.8297908480372,468.67680729181296,472.7117004394531,1107728
2025-04-24,472.71169531526607,480.7814221811708,471.0102443773145,478.0591125488281,3251494
2025-04-25,475.43402544924163,479.37165734991936,466.68370596244574,471.1560974121094,1369564
2025-04-28,469.6004871926803,474.3159431535466,466.87817739617583,468.82269287109375,1312796
2025-04-29,468.8712670546508,473.440890027555,467.94761038854784,470.232421875,1470658
2025-04-30,470.18382547985567,476.84379659991794,468.96850336564546,474.21868896484375,2195362
2025-05-02,471.8366563708477,474.21869963668547,463.378032068161,466.100341796875,1697677
2025-05-05,467.6559358921232,471.9338636750338,465.95448498191274,468.48236083984375,3248925
2025-05-06,468.62821418005666,472.7603094295696,466.1003382108704,467.2670593261719,702529
2025-05-07,460.1695479650945,472.2741679465671,460.1695479650945,468.7254333496094,1520898
2025-05-08,456.9124961391631,465.32251890790405,448.30800997133906,455.6971740722656,7843512
2025-05-09,453.41239570489586,454.33602274049866,445.87739834084965,449.9122619628906,2037837
2025-05-12,455.0652284582759,463.32941934125114,454.04436968817146,461.87103271484375,2902701
2025-05-13,461.77380729206396,465.9059025243003,458.61396976153026,460.6070861816406,2449180
2025-05-14,460.6070715334095,461.3848658016561,454.0443322556248,455.94024658203125,3541267
2025-05-15,456.3777582296101,459.3917630323723,454.14157738904953,455.9888610839844,2739793
2025-05-16,458.1278489771796,464.1558290313038,454.33602013701415,463.4266357421875,2431240
2025-05-19,464.3502507881162,471.0588225119921,461.919606709107,470.0379638671875,1640651
2025-05-20,471.39915906737633,472.9061466572954,461.8224146401226,462.4543762207031,1843098
2025-05-21,464.54473244404244,471.4477682748803,464.0586035780814,468.3851623535156,1927887
2025-05-22,468.6282086958435,469.69769809386224,461.8224048351155,463.8155212402344,1958254
2025-05-23,464.690589478515,471.01026466308633,464.690589478515,468.5796203613281,1495455
2025-05-26,468.628191685723,472.07969450714484,466.4406119527502,466.975341796875,2584471
2025-05-27,467.94764340642274,472.1283695357789,467.0726173652395,470.66998291015625,1713846
2025-05-28,470.5727341470095,473.29504388113253,469.1629485916185,471.2533264160156,1568432
2025-05-29,471.25330925119215,471.3991419689672,466.6350852723014,468.7254333496094,1599536
2025-05-30,468.62819271867477,472.6630560786395,465.4197543049556,469.5518493652344,6304976
2025-06-02,471.01025390625,476.6007356726196,468.19068284384247,471.01025390625,1851827
2025-06-03,471.010249493271,473.29503132657703,469.1629361466704,472.17694091796875,1460542
2025-06-04,473.4895002717947,479.71194362249065,470.9616243156197,478.2049560546875,2318406
2025-06-05,480.58695318571574,480.63558387166125,473.48948408121487,475.142333984375,1792668
2025-06-06,473.87839624468575,474.1214606692748,467.21842507675484,467.8990173339844,3468649
2025-06-09,470.2324425025098,472.51725408918884,467.99626160462446,472.12835693359375,1389266
2025-06-10,472.66307972062157,477.7674326974554,471.05886043352103,475.96875,1496169
2025-06-11,476.40625878203684,480.0036240330565,471.8852665461523,473.00335693359375,2168242
2025-06-12,473.58672499683865,474.26728757477343,458.37089813831574,459.82928466796875,3727720
2025-06-13,455.0166141227894,457.00973058550244,451.3706476634722,453.5582275390625,3850751
2025-06-16,454.62769027439623,460.80153238386475,452.3914798414108,458.61395263671875,1942798
2025-06-17,458.61398767826176,461.1904647542393,456.13471263949157,458.9542541503906,1521179
2025-06-18,458.9056612247764,460.99600946777514,455.0652312169086,457.1556091308594,2812394
2025-06-19,455.9888510122144,457.6417009333038,451.1275626218923,452.1970520019531,1349010
2025-06-20,452.1970914498836,455.5999936199651,451.0303702660462,453.9471435546875,2804520
2025-06-23,452.7318043326411,455.3569120621199,450.2525589988731,454.5304870605469,1567027
2025-06-24,455.01664155438084,462.3085749126241,455.01664155438084,461.919677734375,2587207
2025-06-25,462.79466261061947,468.14207993070016,462.1627010433454,466.9267578125,2954897
2025-06-26,468.6282321985015,469.89215539621637,465.5169955520395,468.1907043457031,1414934
2025-06-27,469.3088092323543,474.7534286802597,468.2393198154619,472.8575439453125,2780971
2025-06-30,473.8784035695088,474.2186997033836,466.10034186243126,471.7880554199219,3254231
2025-07-01,473.48951182818706,475.6284906904525,467.36430003226036,469.0171203613281,1617894
2025-07-02,471.3505222753168,474.8506559382967,466.1003366163221,474.02423095703125,2358163
2025-07-03,475.9201668608779,479.274467954325,473.9756513680857,477.9619140625,2976302
2025-07-04,479.323029577518,483.60095737586585,477.9618747786277,481.3647766113281,2857925
2025-07-07,487.976144276454,503.3378340721072,482.28843067393893,498.525146484375,10017201
2025-07-08,498.2820560973898,500.1293694079738,496.33754075652195,498.8653869628906,1995221
2025-07-09,496.82370075135833,508.92832137581405,496.82370075135833,507.6643981933594,3433335
2025-07-10,509.1713633121582,509.8519555624565,503.48362022955763,507.9074401855469,2272923
2025-07-11,507.032339953591,521.0328731732476,504.21276916819374,516.1229248046875,4512466
2025-07-14,518.6994896976208,521.6162628355643,509.9977713010424,511.6020202636719,1428794
2025-07-15,511.8936929141774,514.2271351941368,508.63665326772366,512.3798217773438,1243559
2025-07-16,512.3798101095118,515.6368496817968,510.53249673478547,513.303466796875,2301562
2025-07-17,515.2965769402558,516.9494268856141,511.94227603330245,514.0326538085938,1537940
2025-07-18,513.0506105897957,513.9835311209413,509.02433775460804,513.1978759765625,1616139
2025-07-21,510.7428934796111,512.7560600233538,504.1634806583734,505.2927551269531,1172175
2025-07-22,506.1765800387424,507.2076775604044,501.8066277509519,505.78375244140625,1471884
2025-07-23,508.4352061036822,509.17171292082907,501.65934937963937,504.6053466796875,1898497
2025-07-24,507.6005107556671,507.6005107556671,501.80663328498235,503.3287353515625,3715595
2025-07-25,502.7886600297674,504.7526782330087,499.20433280256,502.1503601074219,2132786
2025-07-28,497.8785684519801,514.5236331716651,497.8785684519801,512.6087036132812,2759206
2025-07-29,515.2110742176109,516.1439348693617,505.39098367643527,508.97528076171875,2646055
2025-07-30,509.71176504414404,513.836214876723,508.2878399911369,512.6087036132812,1616247
2025-07-31,508.97527925065936,522.1833129767434,507.8460048040224,519.4827880859375,3024718
2025-08-01,523.4108229894721,537.84636799367,522.3306370106656,524.7365112304688,8042006
2025-08-04,524.7365497030623,529.1555907464805,518.6972295726388,520.1211547851562,2602888
2025-08-05,520.1211499611859,520.1211499611859,511.6267471705663,515.2601928710938,2027038
2025-08-06,514.720102047584,514.720102047584,502.7886673151751,504.752685546875,931299
2025-08-07,504.507167751087,510.3501337981016,502.8868287849385,507.8951110839844,957305
2025-08-08,508.68068163003636,510.4482859108338,496.89657317528645,498.12408447265625,510393
2025-08-11,498.56602090317955,502.34673187876353,490.31712067289766,500.87371826171875,1123741
2025-08-12,500.8246263568838,501.75754696202284,492.2320469831138,493.85235595703125,839972
2025-08-13,494.3433519387535,495.86548395403463,489.67880893084885,494.4415588378906,864573
2025-08-14,494.9325702862359,496.4055838882783,490.4153225795983,491.8883361816406,1202134
2025-08-18,504.65449545573875,520.2684040285111,502.78865420942714,509.7608947753906,4810046
2025-08-19,510.4974049140364,513.3452552691269,504.7526756735175,512.6578369140625,645927
2025-08-20,512.6086998484959,526.749653474318,511.72486777047965,525.3748168945312,12345218
2025-08-21,526.3077722605717,526.7987767948315,505.4891680205377,506.4220886230469,6041694
2025-08-22,506.71666048566686,510.49737128384055,505.29273540192594,506.6675720214844,1596318
2025-08-25,506.6184904705765,511.08661963950107,504.2125563220554,509.2698669433594,1204983
2025-08-26,509.2698437270361,517.3223295192237,507.796830226163,513.0015258789062,3045617
2025-08-28,517.0768741041226,517.0768741041226,503.0341561112723,504.6053466796875,2068611
2025-08-29,506.17659913580763,519.0408942833818,500.5300468492556,511.72491455078125,3745766
2025-09-01,512.1668099664043,515.1128371274847,510.6937963858642,514.2290649414062,4327053
2025-09-02,515.5547699212102,537.8954766177959,514.2290816305297,534.8021240234375,8973936
2025-09-03,536.0787695457109,539.3684759201428,531.5124034442919,533.721923828125,2220814
2025-09-04,554.8351079025783,566.6192163890048,541.4306605244382,542.7564086914062,8712233
2025-09-05,543.8365585982855,545.8496650104752,532.5925438423513,536.8643188476562,1489345
2025-09-08,538.0918678785199,541.7253133302969,532.9363203953038,536.3733520507812,782235
2025-09-09,536.4224531938573,537.5517875964646,529.5483897204349,534.4584350585938,1937685
2025-09-10,537.0607819144176,539.0738885113434,533.918340917299,537.6499633789062,874891
2025-09-11,537.4044486509334,538.5337830249387,533.2309102191994,534.3110961914062,891836
2025-09-12,534.3111263790557,534.3111263790557,524.0982677195783,529.1555786132812,2746427
2025-09-15,526.8478375230447,532.8380685508072,526.8478375230447,531.168701171875,837561
2025-09-16,530.8741257970287,532.5435533497655,524.8838939198299,526.0623168945312,1405923
2025-09-17,527.8789414687042,529.7938710623687,522.6252171392084,525.5221557617188,822210
2025-09-18,526.356898503529,529.3029259205264,522.8216895779647,526.6514892578125,2012300
2025-09-19,527.2897860769806,533.0345152047178,523.1162474981918,525.8167724609375,2411369
2025-09-22,526.3568757996213,527.0933826221021,508.6807120600818,512.6578369140625,2892697
2025-09-23,512.608743789821,512.608743789821,503.42698279447063,505.73468017578125,3466804
2025-09-24,505.7346700441497,511.5776359864441,502.1994314054732,508.4842834472656,1781081
2025-09-25,508.48429721527083,512.4614220611322,496.0618881618292,497.1911926269531,2356326
2025-09-26,498.8606080383942,498.8606080383942,484.1304719742684,490.759033203125,3168298
2025-09-29,488.7950233499563,492.67397123336855,481.72454593186325,483.9831848144531,17685374
2025-09-30,486.09447448580084,491.1518150448244,480.69342476929194,482.4610290527344,2645097
2025-10-01,482.46102085247134,487.0764752464554,474.9486578227203,486.1435546875,2443402
2025-10-03,486.1435998988595,488.8441249623627,481.92097269607046,487.22381591796875,3035129
2025-10-06,486.5854956420206,488.7950160561368,482.9520500847253,484.47418212890625,2681852
2025-10-07,484.4741673570215,493.7541348322348,481.08622417126156,483.3939514160156,4534081
2025-10-08,476.2743769605788,484.32686295021375,470.5296181726046,471.5116271972656,3627391
2025-10-09,471.80627880108307,477.747421802163,470.52964900424985,476.6672058105469,3052079
2025-10-10,476.66717475423184,482.019135928042,476.66717475423184,480.88983154296875,1613675
2025-10-13,479.80965880847043,480.79166792188585,473.8684856911834,478.9749450683594,1990140
2025-10-14,478.9749204341906,480.93893856000994,475.83247944546434,478.5821228027344,1611549
2025-10-15,477.30550054607943,485.50528234403504,477.30550054607943,484.27777099609375,2084672
2025-10-16,485.0142598999325,492.96853913465736,485.0142598999325,491.74102783203125,1236003
2025-10-17,491.59374491656536,502.4449331191172,490.6117358496,499.2043151855469,3436032
2025-10-20,501.90483353536433,501.90483353536433,494.4415587306284,495.47265625,824259
2025-10-21,497.0438959203602,498.7133233641701,494.392489353093,497.2893981933594,128942
2025-10-23,497.8785984590234,505.7346710185346,496.20917105271184,502.1994323730469,3693389
2025-10-24,503.1814685435182,503.1814685435182,489.43331167419603,499.3025207519531,3786598
2025-10-27,499.3515984398208,501.0210258005843,495.61997606328043,497.92767333984375,3258720
2025-10-28,498.9588078265325,499.05701472593444,491.9865375285284,494.3433532714844,2826407
2025-10-29,494.3433622820181,499.744412193652,492.77214176856234,498.9096984863281,1880484
2025-10-30,502.29761305133803,502.29761305133803,490.61171172283446,492.526611328125,1744704
2025-10-31,493.8523484260803,493.9014668600188,477.9438196949332,478.77850341796875,4980727
2025-11-03,479.3186279804075,495.3744820984391,476.8636053314283,494.2451477050781,4523334
2025-11-04,493.26313858946463,510.59562246411986,492.91945939347715,507.7477722167969,5322219
2025-11-06,507.74775323084503,515.0637324378248,501.85569909428267,514.2781372070312,3911239
2025-11-07,515.3147015579292,515.3147015579292,505.93636886674085,512.0076293945312,1754801
2025-11-10,513.340318026963,514.3275109462456,506.2325169574333,508.8486022949219,1005698
2025-11-11,509.0953848123817,514.969194551523,506.0844585521916,513.2909545898438,1478112
2025-11-12,513.2909606291294,518.177577536951,509.44088421606426,515.61083984375,2517903
2025-11-13,515.3146953647996,521.8301444231952,510.37873084981106,515.5121459960938,1859578
2025-11-14,515.3147272600446,520.2506920805431,510.9217065191056,518.2763061523438,1789377
2025-11-17,522.2250550451538,523.1135527751647,516.6473909418642,517.535888671875,1856462
2025-11-18,517.4865760190813,517.5359236177532,505.9364060164015,514.179443359375,1958068
2025-11-19,514.1794165321161,516.8448495095856,509.983846554786,510.92169189453125,2419687
2025-11-20,512.4024651304331,520.2506607734406,510.0825859057928,518.3256225585938,2956054
2025-11-21,518.3256282798526,518.3256282798526,507.71330443725975,509.0460510253906,2659623
2025-11-24,510.3293927434081,511.21783022054007,504.8504539538644,505.8376770019531,5926288
2025-11-25,504.85046380532265,508.84861329085726,502.48120677319343,507.81207275390625,2050235
2025-11-26,507.5652759658124,513.3896781799629,507.26906988000303,510.5762023925781,914828
2025-11-27,510.6255300823419,513.8339070234102,508.15754781998163,512.501220703125,1262843
2025-11-28,513.7845775385599,513.7845775385599,506.8742269603775,510.7736511230469,999605
2025-12-01,510.8229900456997,512.6986204472735,507.5652654505669,508.6511535644531,1619957
2025-12-02,506.5286791776375,511.217845696007,500.50682627649024,501.4446716308594,2434279
2025-12-03,498.68050278651276,502.530549189882,494.38620751375043,499.5196228027344,1388012
2025-12-04,498.6805116725351,503.715201732841,496.1138039823068,501.5927429199219,1371715
2025-12-05,496.8048307123973,504.258125113523,495.91636312097137,503.5671081542969,1205977
2025-12-08,501.5927195022894,504.3568475770336,494.3368456476653,497.9894714355469,1140189
2025-12-09,493.9419831201964,499.47026949276307,491.6220737348552,497.1503601074219,1423785
2025-12-10,498.532434803023,499.4702801469119,491.7208095409629,496.1138000488281,1311806
2025-12-11,493.6952038084486,496.9035809186167,490.28937605619024,495.3240661621094,1116224
2025-12-12,496.064438790986,497.24908233730105,487.6732990303425,488.6604919433594,1506050
2025-12-15,487.1797105372186,493.4977392584531,486.7848393909047,490.83233642578125,993514
2025-12-16,490.63488578925563,498.03883275790633,488.2656287846348,490.83233642578125,1484940
2025-12-17,490.63488649270295,492.21440120696053,485.99506766833457,487.8213806152344,551891
2025-12-18,487.7226411595713,487.7226411595713,483.2802731007793,486.2418518066406,683973
2025-12-19,486.68611706319024,488.6605029336292,485.1066023414916,487.62396240234375,1241449
2025-12-22,489.0553766707596,491.12848787104014,486.73546723536793,487.3771667480469,998215
2025-12-23,487.82139094952896,489.15410745937737,485.1559880565701,486.8341979980469,993407
2025-12-24,486.83419425171513,488.70985481974975,482.78669715643764,484.2674865722656,850597
2025-12-26,484.4155836476694,486.6367677440484,481.55270004427985,481.9476013183594,518698
2025-12-29,482.0956625967432,484.95851600429654,479.7264056431382,483.0334777832031,982019
2025-12-30,483.13219892003355,490.9803945206173,480.7629419869237,489.3021545410156,2216264
2025-12-31,488.6604949774163,503.3696634473487,488.56176966015425,497.1503601074219,2391679
2026-01-01,498.5324314039697,499.4208990187481,491.4740079549838,493.547119140625,698247
2026-01-02,495.027888861048,519.6089557752279,492.6092542194962,515.906982421875,5340608
2026-01-05,517.2890915118626,527.1610207391882,513.2416246300487,514.5249633789062,3290459
2026-01-06,510.7736202223512,515.9563828424422,494.83043110868283,513.685791015625,2899294
2026-01-07,517.0916441427034,520.2506735660957,512.1063319021104,514.2288208007812,2870097
2026-01-08,513.3403073248413,519.8557563548829,508.4043428313333,512.79736328125,3203359
2026-01-09,512.0569689482394,518.8192162074598,509.4902312578221,515.7095947265625,1522552
2026-01-12,515.6108834119229,519.214161904351,512.8467551078505,517.2891235351562,1894623
2026-01-13,518.2763060009702,522.3731809021781,510.1319640495263,515.3640747070312,1288670
2026-01-14,511.4646448831271,516.9929615723935,504.5543243383894,507.1703796386719,798936
2026-01-15,507.1703796386719,507.1703796386719,507.1703796386719,507.1703796386719,0
2026-01-16,507.17037122673014,513.6364729113832,505.442783587515,507.9601135253906,660633
2026-01-19,504.25812827148036,511.16847866743814,503.66583662464495,506.18316650390625,581267
2026-01-20,506.18318458506457,509.88515814370714,497.39717336456704,498.63116455078125,807821
2026-01-21,494.682370377317,511.7608256979989,494.682370377317,509.5889892578125,4341920
2026-01-22,514.3275001295407,522.7679873612022,512.5012173686656,518.6217651367188,4249013
2026-01-23,518.6218006475066,526.1738509396827,511.267261252726,512.3531494140625,2352107
2026-01-27,513.8339051168477,514.3275015674883,505.5414606446967,506.8248596191406,1475952
2026-01-28,507.36780968036504,511.36592892726765,495.76829295276775,509.1447448730469,2775407
2026-01-29,509.1940860907733,510.576180253035,492.95478095156284,503.9126281738281,1887628
2026-01-30,505.5908772496127,513.2416223670563,494.92917565506843,500.1119384765625,2737132
2026-02-02,494.5836693528659,496.55805525846614,487.52524576569255,492.6092834472656,2469560
2026-02-03,502.4811972085531,503.46839013037743,489.25281808145536,494.0900573730469,1860653
2026-02-04,493.5964538721216,499.71706195083055,490.4374245166453,494.7810974121094,1059709
2026-02-05,495.1265891418571,501.39527011002707,492.9547828282597,497.84136962890625,1537272
2026-02-06,495.5708576394272,502.481208243961,492.16502993364037,501.7901611328125,950728
2026-02-09,503.9619961841164,509.39155735750063,501.04976495860615,507.81207275390625,1265939
2026-02-10,509.39156347826395,513.9820348086736,503.4684057634004,513.044189453125,1143420
2026-02-11,513.0441920996823,516.3019168089671,510.3787590635488,515.6602172851562,1282937
2026-02-12,513.9820054667229,516.1537816354106,509.4902295865947,512.8960571289062,911264
2026-02-13,510.6255378912839,512.3037779060487,503.56711453833714,505.88702392578125,1746636
2026-02-16,506.33128457558087,509.3422110010922,501.5433626498558,507.6639709472656,667469
2026-02-17,504.5543231880253,512.4024890709793,504.5543231880253,510.1813049316406,963143
2026-02-18,518.2763025390493,518.5724483755192,497.0516539588787,504.06072998046875,4359136
2026-02-19,504.06073082954754,507.7133267013611,493.6458270373191,495.225341796875,923005
2026-02-20,494.7317237051915,504.60365286273986,493.9913290183753,503.1722412109375,1277646
2026-02-23,502.48120666515564,509.34220965165196,500.80296661577535,507.7626647949219,1044529
2026-02-24,507.8614127713351,513.0935232278215,506.18317274663866,511.415283203125,1517098
2026-02-25,514.5743068717828,517.0422891589376,509.8851405261886,512.0076293945312,3015805
2026-02-26,512.0076305340957,518.2762814560315,510.7736393877719,517.7333374023438,714000
2026-02-27,516.3512433106285,518.7698780085565,505.44277362584376,511.8595275878906,2414657
2026-03-02,494.38622141947616,507.17038227895483,494.38622141947616,501.0991516113281,2107282
2026-03-04,492.6092811382142,498.4830912305374,479.7757728119682,481.1578369140625,1732747
2026-03-05,487.6733111672758,487.6733111672758,475.82699591624885,481.65142822265625,972511
2026-03-06,479.775772320761,479.92384523748774,471.3846322698835,472.4705505371094,1190560
2026-03-09,466.4980160770034,466.99161255158566,458.25497905286994,460.72296142578125,858312
2026-03-10,466.4979916307065,477.2584183141023,465.16530532056265,474.7410583496094,1029742
2026-03-11,478.78855693994035,478.78855693994035,463.980663426334,465.8069763183594,861166
2026-03-12,465.2640087914788,465.2640087914788,450.65356570008953,453.4670715332031,1756738
2026-03-13,448.97532482029993,456.52737470678863,446.2605443093166,447.6919860839844,1711951
2026-03-16,449.172781433288,455.540187858147,443.4470745118662,452.9734802246094,2534686
2026-03-17,454.40489534571805,454.7997966206005,446.1124807277245,446.80352783203125,1315801
2026-03-18,446.4086644272875,449.96253494897474,444.23682788471143,446.0631408691406,2602680
2026-03-19,442.95346788611363,442.95346788611363,423.3083050035235,424.6903991699219,3248941
2026-03-20,428.1455998835704,429.23148804092114,423.5057809091616,425.18402099609375,1933160
2026-03-23,423.45641835090936,423.45641835090936,410.7216054832932,412.0049743652344,3382496
2026-03-24,416.6941293564851,420.7416262741747,411.6594395382243,416.0030822753906,2473037
2026-03-25,419.5570058446473,433.5257801315391,415.70695934577344,425.48016357421875,2329148
2026-03-27,424.4929663747351,424.4929663747351,413.14024750657353,414.2261657714844,1692776
2026-03-30,412.15305763892616,412.15305763892616,402.77472459085476,405.193359375,2504445
2026-04-01,414.62102383437855,415.5588691532701,406.92093115672054,409.6357116699219,979365
2026-04-02,407.16773598718385,414.62103055721985,398.1842742997633,411.90625,1150474
2026-04-06,418.0762122087718,418.4217357648704,403.12024511732386,408.4017333984375,2859076
2026-04-07,408.20427693267436,410.8697098968354,403.26831227810754,408.9446716308594,2064376
2026-04-08,419.55698369329195,425.1346175688084,417.48387257204837,421.7781677246094,1650777
2026-04-09,421.630103095269,427.8494064544091,417.53325849350296,423.900634765625,1797506
2026-04-10,419.55698837110106,432.19304561723004,419.31019014264746,430.1199645996094,2166631
2026-04-13,424.5423218366844,426.86223132589754,417.23709993326423,419.3102111816406,1187970
2026-04-15,424.6903981647986,431.79816897769564,422.765359956683,427.7013244628906,4079260
2026-04-16,429.92250587046726,435.7469379269472,420.93904449857297,422.0743103027344,3639152
2026-04-17,421.53139141341416,438.41239695438094,418.76726319254607,437.17840576171875,4983325
2026-04-20,438.2643053901799,441.57137754442124,430.95905373903895,436.0431213378906,1662485
2026-04-21,435.99375912879054,449.61703987692,433.427051440586,446.2112121582031,3053842
2026-04-22,446.21119092858356,459.0446986322818,444.97719980322796,454.1087341308594,2380888
2026-04-23,453.02281591519915,455.39207285053465,446.9022380094773,454.1087341308594,1370343
2026-04-24,454.1087341767442,456.57671642770475,442.3611446875192,445.3227233886719,1509926
2026-04-27,446.655461035162,451.5420480480199,445.2240192109505,446.2112121582031,677273
2026-04-28,446.3592735387898,447.2971188651364,443.24962186066045,444.3848876953125,533943
2026-04-29,443.2989702750765,452.381157222547,443.2989702750765,450.15997314453125,1078626
2026-04-30,450.1599698957744,450.1599698957744,434.7104067788655,435.8456726074219,1448773
2026-05-01,435.8456726074219,435.8456726074219,435.8456726074219,435.8456726074219,0
2026-05-04,439.300866003486,445.12529842627447,437.3264800888636,439.9425354003906,1046716
2026-05-05,441.0777997643489,456.2805953562311,440.1399845341602,454.6517028808594,2742900
2026-05-06,459.04472584251425,462.0063047189176,452.72669693153483,460.2787170410156,2906897
2026-05-07,463.3390129866019,468.4230506085335,455.1946712215431,463.9806823730469,2831472
2026-05-08,478.7885770148641,484.21813819750685,463.0922152576625,481.4540100097656,11860370
2026-05-11,478.7885714267298,478.7885714267298,465.1653210327054,467.3865051269531,2033029
2026-05-12,466.6954599290819,470.1506352008995,463.53643048701076,467.1890563964844,2195129
2026-05-13,474.6423330752345,474.6423330752345,455.68824751895966,457.1690368652344,2495630
2026-05-14,461.0190966823141,463.88195014385894,451.98628743005304,458.79791259765625,1901251
2026-05-15,459.34085691660255,465.46146511515315,454.6023429173447,461.71014404296875,932763
2026-05-18,460.82164105843685,460.82164105843685,448.0868584695859,450.5054931640625,1177536
2026-05-19,450.5054990176945,456.32993127141975,445.71760728836347,447.0009460449219,1222771
2026-05-20,444.0393564377972,447.1983857832077,439.8437865932528,445.1252746582031,854233
2026-05-21,447.1983972415415,448.2843154897713,437.91878972589456,441.1271667480469,2589322
2026-05-22,442.2624196498973,448.82724641622815,439.9918880282822,445.2733459472656,970954
2026-05-25,447.5932648079148,449.91317419995426,440.5348414409865,441.4726867675781,879387
2026-05-26,441.47268257123966,443.34834307985705,439.49829674601364,441.8675537109375,1154362
2026-05-27,435.1052982131477,441.275254228649,434.6610493293363,439.7451171875,1295057
2026-05-28,439.7451171875,439.7451171875,439.7451171875,439.7451171875,0
2026-05-29,439.7451075991412,449.1727881345672,434.4636193396839,437.7213439941406,13072946
2026-06-01,435.3520668327764,436.33925972808885,418.0761911648091,419.162109375,3233902
2026-06-02,416.1511739606495,421.383314645778,414.3248911135853,420.05059814453125,2753289
2026-06-03,419.3595383589609,419.3595383589609,410.6722527552183,412.4985656738281,3353591
2026-06-04,412.15303313397675,423.4564038179264,409.2901797674952,419.2114562988281,2919945
2026-06-05,419.75443561741713,421.48202320265176,415.2133422251673,418.7178649902344,1864100
2026-06-08,415.60822823702256,418.7178799763939,412.7947223293104,414.3742370605469,647231
2026-06-09,416.59541611146255,421.53138075733295,414.96655380367275,420.6922607421875,915087
2026-06-10,421.53139320270327,433.130910462965,421.2352473659025,422.41986083984375,2288936
2026-06-11,422.2717603279601,424.8878154712139,414.62101540091936,416.29925537109375,1689034
2026-06-12,415.6082206369399,423.55511161742646,415.1639717708374,420.9390563964844,2569834
2026-06-15,426.96094144614284,431.8969060871387,422.51857326924653,423.6538391113281,684074
2026-06-16,424.4929554821118,431.84755478476416,424.1474319348604,429.8731689453125,1685284
2026-06-17,429.4289254141854,430.3173930276259,422.2717766572823,423.5057678222656,1137052
2026-06-18,423.99936754510117,426.319276978437,421.23523936500163,423.2096252441406,1585207
2026-06-19,422.2224247149349,422.2224247149349,416.0030912313997,418.0762023925781,1915071
2026-06-22,420.0506012161643,420.7416483334901,416.10182940684666,416.84222412109375,1244814
2026-06-23,416.8422187370375,419.853145152057,413.8806399183019,414.423583984375,1553970
2026-06-24,415.3120682064916,419.6063332524227,412.1036912573441,418.66851806640625,2440919
2026-06-25,420.0505840203508,425.92439389694704,417.38515110748233,418.4710693359375,1810833
2026-06-26,418.4710693359375,418.4710693359375,418.4710693359375,418.4710693359375,0
2026-06-29,419.90251682819815,425.2827001953803,418.8165985849522,420.84033203125,1842565
2026-06-30,421.33394068392397,421.383318407663,416.2005553995638,416.7928771972656,1799370
2026-07-01,417.4838755265142,441.27523067789576,417.23707729906573,439.0540466308594,8597999
2026-07-02,439.05405395303,445.22400974213946,436.9315951869238,441.2752380371094,3035247
2026-07-03,443.15089541932525,444.3355389731023,436.4873432144878,438.6591796875,2061060
2026-07-06,442.0649824856577,444.92786608717137,432.68664964042466,443.9900207519531,3812533
2026-07-07,446.1124713977012,450.15996836669655,441.02843392066154,447.6919860839844,1548269
2026-07-08,446.2112192560995,447.00096157576894,429.5770118049437,430.9590759277344,1952606
2026-07-09,431.89691421588896,443.6938819805953,431.4033177424994,437.47454833984375,1477623
2026-07-10,438.8566088944237,441.27524364518746,435.4014336086112,437.820068359375,1705250
2026-07-13,436.33926522098125,437.0796599017861,432.78536472777074,433.2789611816406,774683
2026-07-14,432.2917839069497,434.80914398876394,426.56607688569386,428.885986328125,1427118
2026-07-15,428.4417391609527,431.99563979685195,424.54231496812446,425.77630615234375,1001738
2026-07-16,428.0468568060843,428.2442773143505,423.25896511125677,423.95001220703125,1622560
2026-07-17,426.5,428.6499938964844,422.3500061035156,427.20001220703125,2117096
2026-07-20,427.20001220703125,430.95001220703125,424.1000061035156,426.5,1048161
2026-07-21,426.5,427.8999938964844,422.3999938964844,426.1000061035156,1008135
2026-07-22,426.8999938964844,427.6000061035156,421.54998779296875,426.5,897737
2026-07-23,425.8999938964844,426.70001220703125,420.5,423.1499938964844,2558937
2026-07-24,420.75,424.79998779296875,419.3999938964844,423.20001220703125,641619
2026-07-27,425.6000061035156,429.04998779296875,424.5,427.3500061035156,853775
2026-07-28,427.3500061035156,438.0,422.5,424.6000061035156,4458851
2026-07-29,427.3999938964844,435.29998779296875,427.0,433.70001220703125,2039461
2026-07-30,433.0,433.0,415.54998779296875,426.1000061035156,5673826
2026-07-31,429.0,429.75,420.25,421.45001220703125,2509913
2026-08-03,423.79998779296875,426.20001220703125,421.3999938964844,425.79998779296875,1969475
2026-08-04,420.79998779296875,420.79998779296875,405.3500061035156,409.6499938964844,6370534
2026-08-05,412.0,414.04998779296875,406.8999938964844,414.0,3045910
2026-08-06,415.0,415.20001220703125,411.04998779296875,411.29998779296875,1596570
2026-08-07,410.95001220703125,413.45001220703125,408.5,410.0,1749544
2026-08-10,411.45001220703125,414.20001220703125,409.25,414.20001220703125,1346084
2026-08-11,414.0,414.0,411.04998779296875,412.6499938964844,1132096
2026-08-12,412.6499938964844,413.1000061035156,405.04998779296875,411.25,1677000
2026-08-13,408.8999938964844,411.25,406.6000061035156,410.0,730919
2026-08-14,408.0,410.45001220703125,405.25,405.25,1463543
2026-08-17,405.6499938964844,408.0,402.45001220703125,406.79998779296875,1337661
2026-08-18,406.79998779296875,406.79998779296875,402.1000061035156,403.5,1853755
2026-08-19,403.5,403.5,398.0,399.75,927611
2026-08-20,402.1000061035156,402.1000061035156,398.70001220703125,400.0,913960
2026-08-21,400.04998779296875,400.75,397.6499938964844,400.5,672540
2026-08-24,400.5,400.54998779296875,395.6499938964844,398.45001220703125,827894
2026-08-25,397.8999938964844,398.1000061035156,392.1499938964844,395.04998779296875,3323557
2026-08-26,395.6000061035156,397.5,392.20001220703125,392.20001220703125,1276848
2026-08-27,393.5,394.79998779296875,386.04998779296875,386.20001220703125,1282102
2026-08-28,387.70001220703125,387.70001220703125,383.1000061035156,386.0,1925866
2026-08-31,385.8999938964844,387.3999938964844,381.0,381.0,3273736
2026-09-01,384.0,386.79998779296875,381.0,384.0,1394674
2026-09-02,383.70001220703125,383.70001220703125,377.6000061035156,379.0,1597939
2026-09-03,379.8999938964844,381.54998779296875,377.45001220703125,380.70001220703125,2062074
2026-09-04,380.45001220703125,383.25,377.3500061035156,380.8999938964844,1702061
2026-09-07,380.8999938964844,381.79998779296875,373.79998779296875,375.5,2530210
2026-09-08,375.25,377.95001220703125,373.75,375.0,2107745
2026-09-09,374.70001220703125,374.70001220703125,368.04998779296875,371.54998779296875,2451979
2026-09-10,370.45001220703125,377.75,369.0,376.45001220703125,2119982
2026-09-11,372.3500061035156,377.0,372.1000061035156,376.0,863561
2026-09-14,376.0,376.0,376.0,376.0,0
2026-09-15,379.0,390.95001220703125,376.75,384.8999938964844,9936721
2026-09-16,386.8500061035156,389.45001220703125,382.0,382.0,1792878
2026-09-17,382.3999938964844,386.3999938964844,381.29998779296875,384.54998779296875,1528427
2026-09-18,384.6000061035156,395.25,382.95001220703125,395.25,2455500
2026-09-21,390.0,392.79998779296875,386.79998779296875,386.79998779296875,2097526
2026-09-22,388.29998779296875,390.1000061035156,385.20001220703125,388.1000061035156,1352500
2026-09-23,388.29998779296875,395.45001220703125,387.3999938964844,387.3999938964844,1480659
2026-09-24,387.20001220703125,388.8999938964844,383.45001220703125,385.70001220703125,836163
2026-09-25,384.79998779296875,386.0,381.54998779296875,385.6000061035156,690022
2026-09-28,386.5,386.5,381.8500061035156,385.75,2851715
2026-09-29,383.8500061035156,384.45001220703125,378.0,380.3999938964844,6185956
2026-09-30,379.95001220703125,384.6499938964844,379.1499938964844,380.1000061035156,1957070
2026-10-01,379.70001220703125,383.8500061035156,373.20001220703125,374.25,2455226
