Date,Open,High,Low,Close,Volume
2019-12-30,1000.635498046875,1000.635498046875,1000.635498046875,1000.635498046875,0
2019-12-31,1000.4822998046875,1000.4822998046875,1000.4822998046875,1000.4822998046875,0
2020-01-01,1001.1737060546875,1001.1737060546875,1001.1737060546875,1001.1737060546875,0
2020-01-02,1001.1865844726562,1001.1865844726562,1001.1865844726562,1001.1865844726562,0
2020-01-03,1001.2841796875,1001.2841796875,1001.2841796875,1001.2841796875,0
2020-01-06,1001.2332153320312,1001.2332153320312,1001.2332153320312,1001.2332153320312,0
2020-01-07,1001.5465087890625,1001.5465087890625,1001.5465087890625,1001.5465087890625,0
2020-01-08,1001.6524047851562,1001.6524047851562,1001.6524047851562,1001.6524047851562,0
2020-01-09,1001.9603881835938,1001.9603881835938,1001.9603881835938,1001.9603881835938,0
2020-01-10,1001.1569213867188,1001.1569213867188,1001.1569213867188,1001.1569213867188,0
2020-01-13,1000.810791015625,1000.810791015625,1000.810791015625,1000.810791015625,0
2020-01-14,997.6328125,997.6328125,997.6328125,997.6328125,0
2020-01-15,998.5311889648438,998.5311889648438,998.5311889648438,998.5311889648438,0
2020-01-16,1000.951171875,1000.951171875,1000.951171875,1000.951171875,0
2020-01-17,1001.05810546875,1001.05810546875,1001.05810546875,1001.05810546875,0
2020-01-20,1001.4229736328125,1001.4229736328125,1001.4229736328125,1001.4229736328125,0
2020-01-21,1002.0839233398438,1002.0839233398438,1002.0839233398438,1002.0839233398438,0
2020-01-22,1003.7086181640625,1003.7086181640625,1003.7086181640625,1003.7086181640625,0
2020-01-23,1004.8104248046875,1004.8104248046875,1004.8104248046875,1004.8104248046875,0
2020-01-24,1004.2581176757812,1004.2581176757812,1004.2581176757812,1004.2581176757812,0
2020-01-27,1003.2789916992188,1003.2789916992188,1003.2789916992188,1003.2789916992188,0
2020-01-28,1002.5159301757812,1002.5159301757812,1002.5159301757812,1002.5159301757812,0
2020-01-29,1000.7033081054688,1000.7033081054688,1000.7033081054688,1000.7033081054688,0
2020-01-30,999.422607421875,999.422607421875,999.422607421875,999.422607421875,0
2020-01-31,1000.751708984375,1000.751708984375,1000.751708984375,1000.751708984375,0
2020-02-03,1005.4627075195312,1005.4627075195312,1005.4627075195312,1005.4627075195312,0
2020-02-04,1006.8887939453125,1006.8887939453125,1006.8887939453125,1006.8887939453125,0
2020-02-05,1006.6350708007812,1006.6350708007812,1006.6350708007812,1006.6350708007812,0
2020-02-06,1012.3676147460938,1012.3676147460938,1012.3676147460938,1012.3676147460938,0
2020-02-07,1022.7304077148438,1022.7304077148438,1022.7304077148438,1022.7304077148438,0
2020-02-10,1023.4276733398438,1023.4276733398438,1023.4276733398438,1023.4276733398438,0
2020-02-11,1023.6776123046875,1023.6776123046875,1023.6776123046875,1023.6776123046875,0
2020-02-12,1022.8496704101562,1022.8496704101562,1022.8496704101562,1022.8496704101562,0
2020-02-13,1025.584228515625,1025.584228515625,1025.584228515625,1025.584228515625,0
2020-02-14,1028.175048828125,1028.175048828125,1028.175048828125,1028.175048828125,0
2020-02-17,1030.5999755859375,1030.5999755859375,1030.5999755859375,1030.5999755859375,0
2020-02-18,1029.649658203125,1029.649658203125,1029.649658203125,1029.649658203125,0
2020-02-20,1028.9207763671875,1028.9207763671875,1028.9207763671875,1028.9207763671875,0
2020-02-24,1032.2984619140625,1032.2984619140625,1032.2984619140625,1032.2984619140625,0
2020-02-25,1032.9326171875,1032.9326171875,1032.9326171875,1032.9326171875,0
2020-02-26,1034.8935546875,1034.8935546875,1034.8935546875,1034.8935546875,0
2020-02-27,1032.4979248046875,1032.4979248046875,1032.4979248046875,1032.4979248046875,0
2020-02-28,1031.023681640625,1031.023681640625,1031.023681640625,1031.023681640625,0
2020-03-02,1033.4058837890625,1033.4058837890625,1033.4058837890625,1033.4058837890625,0
2020-03-03,1032.891845703125,1032.891845703125,1032.891845703125,1032.891845703125,0
2020-03-04,1039.73095703125,1039.73095703125,1039.73095703125,1039.73095703125,0
2020-03-05,1038.1590576171875,1038.1590576171875,1038.1590576171875,1038.1590576171875,0
2020-03-06,1040.5196533203125,1040.5196533203125,1040.5196533203125,1040.5196533203125,0
2020-03-09,1044.1053466796875,1044.1053466796875,1044.1053466796875,1044.1053466796875,0
2020-03-11,1040.4959716796875,1040.4959716796875,1040.4959716796875,1040.4959716796875,0
2020-03-12,1026.908935546875,1026.908935546875,1026.908935546875,1026.908935546875,0
2020-03-13,1017.465576171875,1017.465576171875,1017.465576171875,1017.465576171875,0
2020-03-16,1019.3795166015625,1019.3795166015625,1019.3795166015625,1019.3795166015625,0
2020-03-17,1018.0,1029.0,1018.0,1028.989990234375,52191
2020-03-18,1022.9500122070312,1023.97998046875,1012.0,1015.8099975585938,113678
2020-03-19,1001.0,1006.0,996.4000244140625,1000.8599853515625,39397
2020-03-20,1000.8599853515625,1001.97998046875,996.4000244140625,1000.9199829101562,53749
2020-03-23,1000.0,1003.5,991.0999755859375,999.25,36262
2020-03-24,1033.0,1033.0,996.5,998.760009765625,30279
2020-03-25,998.0,1008.5,995.0599975585938,1005.8400268554688,23968
2020-03-26,1001.2000122070312,1009.0,1001.2000122070312,1005.02001953125,17744
2020-03-27,1011.0,1028.0,1011.0,1023.989990234375,14615
2020-03-30,1031.0,1043.25,1031.0,1040.6300048828125,9112
2020-03-31,1041.0,1045.0,1038.0,1041.3800048828125,49271
2020-04-01,1040.0,1041.0,1039.75,1040.969970703125,6043
2020-04-03,1040.0,1042.0,1037.0,1040.800048828125,2537
2020-04-07,1075.0,1075.0,1038.0,1040.1700439453125,251400
2020-04-08,1040.0,1040.0,1033.0,1034.1300048828125,11974
2020-04-09,1034.0,1035.0,1029.0,1030.0,44540
2020-04-13,1035.0,1035.0,1027.0,1027.9300537109375,23413
2020-04-15,1028.0,1030.0,1025.550048828125,1028.8199462890625,266326
2020-04-16,1029.0,1032.47998046875,1029.0,1030.199951171875,15641
2020-04-17,1031.050048828125,1036.949951171875,1030.0,1031.469970703125,24760
2020-04-20,1030.0,1050.0,1030.0,1040.4300537109375,12570
2020-04-21,1040.050048828125,1043.0,1037.0,1037.3900146484375,22702
2020-04-22,1040.1500244140625,1044.0,1039.949951171875,1041.989990234375,35114
2020-04-23,1041.5,1049.0,1041.4000244140625,1046.7099609375,40257
2020-04-24,1045.050048828125,1051.800048828125,1045.050048828125,1050.739990234375,45186
2020-04-27,1052.0,1052.0,1045.050048828125,1050.3299560546875,12353
2020-04-28,1050.0,1052.8900146484375,1047.25,1048.0400390625,89372
2020-04-29,1048.0400390625,1052.0,1046.050048828125,1049.0699462890625,65076
2020-04-30,1049.5,1053.0,1048.5999755859375,1051.6199951171875,32709
2020-05-04,1051.6199951171875,1051.97998046875,1047.06005859375,1049.7099609375,27699
2020-05-05,1050.0,1054.97998046875,1049.4000244140625,1052.2099609375,25511
2020-05-06,1053.0,1059.8900146484375,1053.0,1059.8399658203125,41909
2020-05-07,1059.97998046875,1067.4000244140625,1059.0,1067.1300048828125,39621
2020-05-08,1067.0,1068.0,1064.25,1065.3499755859375,12782
2020-05-11,1066.0,1066.0,1048.1099853515625,1049.68994140625,93038
2020-05-12,1048.0,1052.75,1048.0,1051.72998046875,51692
2020-05-13,1052.0,1060.0,1051.0,1056.3900146484375,30052
2020-05-14,1053.0,1060.25,1053.0,1057.75,22038
2020-05-15,1057.75,1063.0,1056.0,1060.97998046875,33621
2020-05-18,1064.949951171875,1065.949951171875,1061.050048828125,1061.530029296875,25561
2020-05-19,1064.8499755859375,1066.989990234375,1062.1099853515625,1065.0,30775
2020-05-20,1062.510009765625,1066.0,1062.25,1065.510009765625,36757
2020-05-21,1065.510009765625,1066.800048828125,1063.81005859375,1066.6199951171875,27320
2020-05-22,1069.0,1072.0,1049.9000244140625,1066.0,73720
2020-05-26,1074.0,1074.0,1057.0,1067.4000244140625,52180
2020-05-27,1068.989990234375,1069.0,1066.550048828125,1067.27001953125,42343
2020-05-28,1072.0,1169.0,1067.300048828125,1068.780029296875,84223
2020-05-29,1077.0,1077.0,1067.3499755859375,1069.469970703125,95542
2020-06-01,1067.3599853515625,1071.0,1066.0,1069.3499755859375,56570
2020-06-02,1069.3499755859375,1069.989990234375,1066.0,1067.300048828125,15352
2020-06-03,1057.0,1075.949951171875,1057.0,1064.4100341796875,21872
2020-06-04,1069.0,1069.489990234375,1064.199951171875,1068.93994140625,21741
2020-06-05,1069.0,1069.989990234375,1066.5,1067.8800048828125,11780
2020-06-08,1079.449951171875,1079.449951171875,1068.0,1068.300048828125,22350
2020-06-09,1084.449951171875,1084.449951171875,1068.18994140625,1069.06005859375,20426
2020-06-10,1070.0,1072.6800537109375,1068.2099609375,1072.3900146484375,21675
2020-06-11,1073.0,1075.0,1068.5999755859375,1071.1400146484375,15184
2020-06-12,1071.1400146484375,1075.0,1070.0,1071.1600341796875,21388
2020-06-15,1082.199951171875,1082.199951171875,1071.0,1073.0,98662
2020-06-16,1071.5,1076.0,1071.5,1073.0699462890625,19336
2020-06-17,1073.199951171875,1074.97998046875,1073.199951171875,1074.52001953125,9956
2020-06-18,1075.0,1076.0,1073.5,1075.050048828125,12671
2020-06-19,1073.5,1076.949951171875,1073.5,1074.989990234375,25000
2020-06-22,1075.949951171875,1078.0,1075.949951171875,1077.949951171875,35284
2020-06-23,1077.949951171875,1082.97998046875,1077.0,1082.02001953125,5889
2020-06-24,1082.0,1083.989990234375,1080.0,1081.5899658203125,18604
2020-06-25,1078.699951171875,1085.949951171875,1078.5899658203125,1085.8599853515625,8708
2020-06-26,1086.0,1087.97998046875,1083.1700439453125,1085.97998046875,32162
2020-06-29,1085.8800048828125,1090.0,1085.8800048828125,1089.6400146484375,14623
2020-06-30,1090.93994140625,1093.989990234375,1089.030029296875,1090.219970703125,15759
2020-07-01,1088.010009765625,1092.93994140625,1085.0,1091.010009765625,54916
2020-07-02,1150.0,1150.0,1091.010009765625,1092.010009765625,80964
2020-07-03,1093.3499755859375,1094.489990234375,1092.5,1094.4000244140625,54025
2020-07-06,1100.0,1100.050048828125,1090.0,1090.260009765625,42571
2020-07-07,1092.06005859375,1095.0,1091.510009765625,1093.5,17686
2020-07-08,1093.06005859375,1097.0,1093.0,1096.260009765625,26165
2020-07-09,1097.1500244140625,1099.8399658203125,1097.0999755859375,1099.6500244140625,14853
2020-07-10,1099.6500244140625,1101.0,1081.0,1100.97998046875,29096
2020-07-13,1111.0,1115.93994140625,1103.0,1104.219970703125,16308
2020-07-14,1104.0,1107.8900146484375,1104.0,1107.1400146484375,24268
2020-07-15,1110.010009765625,1110.010009765625,1104.31005859375,1105.8699951171875,19879
2020-07-16,1105.510009765625,1110.0,1105.5,1109.8699951171875,19929
2020-07-17,1108.550048828125,1112.97998046875,1107.010009765625,1111.3900146484375,70783
2020-07-20,1119.0,1119.0,1110.5,1112.25,31301
2020-07-21,1112.25,1113.989990234375,1110.5,1112.1300048828125,14251
2020-07-22,1110.5,1111.8499755859375,1110.199951171875,1110.93994140625,6609
2020-07-23,1111.0,1114.93994140625,1010.9500122070312,1106.550048828125,27720
2020-07-24,1104.0,1108.989990234375,1104.0,1106.1700439453125,22726
2020-07-27,1105.0,1108.8599853515625,1105.0,1107.1800537109375,13765
2020-07-28,1107.550048828125,1109.989990234375,1106.0,1106.1500244140625,12365
2020-07-29,1109.989990234375,1121.0,1103.199951171875,1107.989990234375,4355
2020-07-30,1107.010009765625,1110.949951171875,1105.0999755859375,1107.550048828125,102857
2020-07-31,1110.0,1110.0,1107.1099853515625,1109.969970703125,303901
2020-08-03,1190.0,1190.0,1108.0999755859375,1109.5400390625,10155
2020-08-04,1110.949951171875,1110.97998046875,1107.5,1108.2099609375,36318
2020-08-05,1107.949951171875,1112.8900146484375,1107.949951171875,1111.7900390625,20114
2020-08-06,1112.0,1113.969970703125,1110.1500244140625,1112.18994140625,12793
2020-08-07,1109.199951171875,1111.93994140625,1108.0,1108.56005859375,83225
2020-08-10,1110.0,1110.050048828125,1103.300048828125,1105.31005859375,22172
2020-08-11,1105.050048828125,1106.0,1102.1600341796875,1104.0400390625,26362
2020-08-12,1102.0,1104.0,1100.1099853515625,1101.7099609375,14656
2020-08-13,1101.25,1105.5,1099.0,1104.43994140625,18502
2020-08-14,1102.0,1103.989990234375,1099.010009765625,1102.3399658203125,12054
2020-08-17,1106.0,1106.0,1100.0,1102.010009765625,8387
2020-08-18,1102.010009765625,1103.5,1101.5,1102.280029296875,12291
2020-08-19,1101.0,1101.5999755859375,1098.4000244140625,1099.8499755859375,8379
2020-08-20,1097.0,1098.800048828125,1096.0,1097.06005859375,22265
2020-08-21,1097.0,1097.989990234375,1092.5,1093.1300048828125,35725
2020-08-24,1095.0,1095.0,1082.1500244140625,1083.969970703125,34633
2020-08-25,1081.010009765625,1086.800048828125,1080.0,1084.2099609375,31819
2020-08-26,1084.0,1086.5,1082.0,1082.300048828125,29306
2020-08-27,1084.9100341796875,1084.93994140625,1080.0,1082.050048828125,35488
2020-08-28,1095.0,1095.0,1077.5,1078.4200439453125,59091
2020-08-31,1078.0,1084.0,1076.1099853515625,1076.93994140625,57192
2020-09-01,1076.949951171875,1096.0400390625,1076.949951171875,1095.0,87662
2020-09-02,1098.0,1099.75,1095.0,1095.27001953125,62927
2020-09-03,1099.989990234375,1103.800048828125,1096.02001953125,1102.47998046875,11193
2020-09-04,1101.0,1106.0,1101.0,1105.050048828125,12981
2020-09-07,1105.0,1111.0,1105.0,1108.489990234375,40900
2020-09-08,1108.8900146484375,1109.97998046875,1101.050048828125,1102.8699951171875,8654
2020-09-09,1101.989990234375,1104.0,1097.25,1098.52001953125,19126
2020-09-10,1100.0,1101.0,1098.699951171875,1100.18994140625,13555
2020-09-11,1102.9200439453125,1103.3399658203125,1099.199951171875,1100.1500244140625,6645
2020-09-14,1100.0,1102.25,1098.6199951171875,1099.97998046875,7399
2020-09-15,1102.0,1103.260009765625,1099.800048828125,1100.3299560546875,12918
2020-09-16,1098.1700439453125,1102.3800048828125,1098.1199951171875,1099.989990234375,16119
2020-09-17,1100.0,1101.5,1099.0999755859375,1099.8199462890625,6339
2020-09-18,1100.5,1101.0,1099.6600341796875,1100.6199951171875,12111
2020-09-21,1103.0,1103.0999755859375,1100.0,1100.31005859375,10305
2020-09-22,1100.010009765625,1102.9100341796875,1099.0,1100.1300048828125,2957
2020-09-23,1099.1600341796875,1102.989990234375,1099.0999755859375,1101.22998046875,6125
2020-09-24,1098.550048828125,1102.9200439453125,1098.550048828125,1100.5899658203125,3416
2020-09-25,1097.56005859375,1100.989990234375,1097.510009765625,1099.989990234375,5555
2020-09-28,1101.9000244140625,1101.949951171875,1097.0,1101.4100341796875,16283
2020-09-29,1097.050048828125,1099.9200439453125,1096.949951171875,1097.989990234375,27012
2020-09-30,1098.0999755859375,1101.5,1097.0,1101.1400146484375,10445
2020-10-01,1100.0,1101.8900146484375,1097.050048828125,1101.5400390625,8879
2020-10-05,1102.0,1102.0,1100.0,1101.9599609375,6591
2020-10-06,1103.0,1103.0,1101.800048828125,1102.1099853515625,21801
2020-10-07,1099.02001953125,1102.989990234375,1099.02001953125,1100.5899658203125,9275
2020-10-08,1102.0,1102.969970703125,1098.1600341796875,1101.1099853515625,6323
2020-10-09,1100.050048828125,1108.5,1100.0,1106.3800048828125,21940
2020-10-12,1108.050048828125,1112.0,1108.0,1110.5400390625,15454
2020-10-13,1110.050048828125,1113.989990234375,1110.0,1112.6600341796875,2478
2020-10-14,1114.93994140625,1115.0,1111.02001953125,1114.8699951171875,16808
2020-10-15,1114.949951171875,1115.0,1111.1700439453125,1113.1099853515625,4456
2020-10-16,1114.989990234375,1116.699951171875,1114.199951171875,1116.5400390625,17136
2020-10-19,1115.949951171875,1119.9000244140625,1115.550048828125,1119.8299560546875,40035
2020-10-20,1119.989990234375,1119.989990234375,1117.300048828125,1119.97998046875,18181
2020-10-21,1119.699951171875,1120.0,1117.0999755859375,1119.52001953125,21754
2020-10-22,1119.949951171875,1120.0,1117.760009765625,1119.9599609375,20404
2020-10-23,1117.050048828125,1119.989990234375,1117.050048828125,1119.8199462890625,15103
2020-10-26,1120.050048828125,1123.949951171875,1117.1600341796875,1122.260009765625,206329
2020-10-27,1123.0,1126.0,1123.0,1124.9599609375,12258
2020-10-28,1123.0,1125.989990234375,1122.5,1124.8900146484375,9779
2020-10-29,1124.0,1125.989990234375,1122.050048828125,1123.7099609375,7496
2020-10-30,1149.0,1149.0,1122.449951171875,1125.18994140625,14534
2020-11-02,1127.0,1127.0,1123.800048828125,1126.0,16647
2020-11-03,1127.0,1127.0,1125.5,1126.469970703125,13318
2020-11-04,1123.010009765625,1125.5699462890625,1123.0,1124.75,5680
2020-11-05,1127.0,1127.0,1119.6500244140625,1120.56005859375,59294
2020-11-06,1123.010009765625,1126.949951171875,1120.0999755859375,1123.800048828125,60031
2020-11-09,1123.010009765625,1128.0,1120.0,1120.1500244140625,102985
2020-11-10,1122.010009765625,1124.93994140625,1120.0,1123.3299560546875,3270
2020-11-11,1120.550048828125,1123.77001953125,1120.5,1123.3599853515625,7918
2020-11-12,1122.510009765625,1122.969970703125,1120.760009765625,1121.81005859375,5768
2020-11-13,1121.1500244140625,1122.9000244140625,1120.010009765625,1122.0400390625,13658
2020-11-14,1123.550048828125,1125.5,1120.550048828125,1123.239990234375,957
2020-11-17,1126.0,1126.0,1122.0,1124.989990234375,6798
2020-11-18,1125.8499755859375,1127.300048828125,1124.6500244140625,1126.22998046875,2684
2020-11-19,1128.0,1128.0,1122.5,1124.989990234375,8194
2020-11-20,1126.199951171875,1126.989990234375,1123.1500244140625,1126.6500244140625,10923
2020-11-23,1123.06005859375,1127.8900146484375,1123.06005859375,1126.030029296875,4332
2020-11-24,1125.0,1127.989990234375,1125.0,1127.52001953125,3632
2020-11-25,1127.300048828125,1128.0,1125.0,1127.010009765625,2067
2020-11-26,1127.0,1130.0,1126.4599609375,1129.7099609375,95199
2020-11-27,1130.0,1133.4000244140625,1127.510009765625,1131.8599853515625,2417
2020-12-01,1131.0,1133.3800048828125,1129.5,1131.68994140625,26251
2020-12-02,1200.0,1200.0,1125.0,1129.4599609375,31403
2020-12-03,1130.949951171875,1130.949951171875,1127.75,1130.2900390625,10615
2020-12-04,1126.0,1132.9300537109375,1126.0,1131.550048828125,15855
2020-12-07,1130.0,1132.989990234375,1130.0,1132.550048828125,17820
2020-12-08,1130.0,1133.47998046875,1129.5999755859375,1133.3299560546875,10266
2020-12-09,1132.449951171875,1133.449951171875,1130.8499755859375,1132.4599609375,10253
2020-12-10,1132.4599609375,1133.989990234375,1131.510009765625,1133.8299560546875,6356
2020-12-11,1134.989990234375,1134.989990234375,1130.1099853515625,1133.510009765625,12780
2020-12-14,1134.050048828125,1134.050048828125,1130.050048828125,1132.8499755859375,7353
2020-12-15,1131.5,1132.97998046875,1131.0,1131.239990234375,12254
2020-12-16,1131.0,1133.97998046875,1131.0,1132.18994140625,13076
2020-12-17,1133.0,1134.4599609375,1131.510009765625,1133.72998046875,4251
2020-12-18,1131.06005859375,1134.97998046875,1131.050048828125,1134.0799560546875,6648
2020-12-21,1133.0,1134.989990234375,1132.050048828125,1132.469970703125,6908
2020-12-22,1132.050048828125,1133.0,1129.0,1129.300048828125,14121
2020-12-23,1133.9300537109375,1133.9300537109375,1131.06005859375,1133.47998046875,3119
2020-12-24,1132.050048828125,1133.9300537109375,1131.0,1133.050048828125,6944
2020-12-28,1133.0,1135.97998046875,1131.02001953125,1135.9100341796875,5431
2020-12-29,1134.1099853515625,1135.199951171875,1134.0,1135.18994140625,3351
2020-12-30,1135.949951171875,1136.989990234375,1132.550048828125,1135.0899658203125,1329
2020-12-31,1135.0,1138.989990234375,1135.0,1138.949951171875,6643
2021-01-01,1138.93994140625,1138.93994140625,1136.9000244140625,1136.9100341796875,10610
2021-01-04,1134.5,1138.7900390625,1134.5,1138.0,9695
2021-01-05,1138.97998046875,1138.97998046875,1134.989990234375,1135.9100341796875,11348
2021-01-06,1137.5999755859375,1138.47998046875,1137.010009765625,1138.0699462890625,2638
2021-01-07,1139.0,1139.0,1135.0699462890625,1137.52001953125,6168
2021-01-08,1137.0999755859375,1138.9300537109375,1136.02001953125,1137.0,28246
2021-01-11,1136.8900146484375,1138.989990234375,1135.0,1138.77001953125,11244
2021-01-12,1135.0,1138.489990234375,1134.1199951171875,1138.0400390625,5038
2021-01-13,1137.5,1140.989990234375,1137.5,1139.1500244140625,44107
2021-01-14,1128.0,1139.97998046875,1128.0,1135.739990234375,30065
2021-01-15,1135.5,1137.97998046875,1135.5,1137.56005859375,22413
2021-01-18,1133.949951171875,1137.97998046875,1133.010009765625,1136.8299560546875,23246
2021-01-19,1136.0,1137.7900390625,1135.0,1135.9300537109375,15076
2021-01-20,1135.9300537109375,1136.4100341796875,1134.5999755859375,1135.47998046875,19750
2021-01-21,1137.97998046875,1137.97998046875,1134.0999755859375,1135.93994140625,15468
2021-01-22,1137.97998046875,1137.97998046875,1132.0799560546875,1135.75,8815
2021-01-25,1135.75,1136.9000244140625,1133.56005859375,1136.1600341796875,3032
2021-01-27,1136.2099609375,1136.949951171875,1133.010009765625,1135.0799560546875,10963
2021-01-28,1134.010009765625,1135.989990234375,1133.010009765625,1134.449951171875,19380
2021-01-29,1134.0,1136.9300537109375,1134.0,1135.010009765625,10718
2021-02-01,1135.5,1135.989990234375,1132.050048828125,1133.6099853515625,13733
2021-02-02,1131.9300537109375,1131.9300537109375,1124.0699462890625,1125.780029296875,14349
2021-02-03,1123.949951171875,1123.949951171875,1115.0400390625,1118.969970703125,15170
2021-02-04,1118.010009765625,1120.0,1118.010009765625,1119.5400390625,8277
2021-02-05,1122.989990234375,1122.989990234375,1119.0699462890625,1119.93994140625,21223
2021-02-08,1121.9300537109375,1121.9300537109375,1117.0400390625,1117.68994140625,22203
2021-02-09,1117.68994140625,1119.5,1117.0699462890625,1117.3599853515625,13206
2021-02-10,1119.5,1119.5,1115.260009765625,1115.969970703125,9097
2021-02-11,1116.0999755859375,1118.0,1115.050048828125,1116.6199951171875,14543
2021-02-12,1117.5899658203125,1122.47998046875,1117.0,1117.0400390625,96471
2021-02-15,895.0,1122.9000244140625,895.0,1121.260009765625,8198
2021-02-16,1121.260009765625,1122.5,1117.0,1117.52001953125,42693
2021-02-17,1120.0,1122.9599609375,1118.0699462890625,1119.9300537109375,5098
2021-02-18,1121.8900146484375,1121.8900146484375,1117.0699462890625,1117.739990234375,10880
2021-02-19,1118.0,1119.949951171875,1117.5,1118.0999755859375,9600
2021-02-22,1118.0899658203125,1119.97998046875,1117.199951171875,1118.800048828125,14620
2021-02-23,1114.97998046875,1114.97998046875,1112.0,1113.0999755859375,18833
2021-02-24,1114.5,1115.0,1111.0,1114.0999755859375,101176
2021-02-25,1111.550048828125,1116.0,1111.550048828125,1114.1400146484375,35635
2021-02-26,1114.18994140625,1115.0,1112.0,1113.969970703125,22661
2021-03-01,1117.949951171875,1118.0,1110.0,1111.719970703125,15772
2021-03-02,1111.550048828125,1114.9100341796875,1111.5,1112.0899658203125,8443
2021-03-03,1114.9100341796875,1114.97998046875,1109.010009765625,1109.8299560546875,25276
2021-03-04,1109.0899658203125,1113.989990234375,1108.0999755859375,1109.0400390625,25414
2021-03-05,1108.0,1112.93994140625,1108.0,1108.3699951171875,23152
2021-03-08,1110.0,1112.93994140625,1107.699951171875,1108.3199462890625,30589
2021-03-09,1108.3199462890625,1110.9000244140625,1107.0699462890625,1108.1700439453125,19339
2021-03-10,1107.0,1111.0,1064.1600341796875,1109.739990234375,7935
2021-03-12,1111.9300537109375,1111.989990234375,1107.0,1109.0400390625,34740
2021-03-15,1110.0,1111.6300048828125,1107.25,1110.2099609375,13551
2021-03-16,1111.97998046875,1111.97998046875,1107.010009765625,1109.47998046875,6446
2021-03-17,1110.1300048828125,1111.989990234375,1109.010009765625,1109.739990234375,10338
2021-03-18,1112.93994140625,1112.93994140625,1108.0,1109.9100341796875,5370
2021-03-19,1108.0999755859375,1112.989990234375,1108.0799560546875,1109.449951171875,4556
2021-03-22,1112.989990234375,1118.989990234375,1112.989990234375,1117.239990234375,14817
2021-03-23,1117.2900390625,1122.989990234375,1117.2900390625,1119.9200439453125,9245
2021-03-24,1124.0,1125.989990234375,1120.4599609375,1125.969970703125,23941
2021-03-25,1124.0899658203125,1128.989990234375,1124.0899658203125,1128.9100341796875,25944
2021-03-26,1129.949951171875,1132.97998046875,1127.1800537109375,1131.72998046875,24919
2021-03-30,1129.72998046875,1134.989990234375,1128.010009765625,1132.52001953125,17807
2021-03-31,1133.93994140625,1134.0,1130.0,1131.18994140625,7282
2021-04-01,1135.0,1137.0,1134.0,1136.75,27765
2021-04-05,1137.989990234375,1137.989990234375,1133.02001953125,1136.93994140625,7886
2021-04-06,1137.0,1141.0,1135.0799560546875,1138.9100341796875,12626
2021-04-07,1142.989990234375,1147.8900146484375,1138.0899658203125,1147.1600341796875,27798
2021-04-08,1145.489990234375,1147.989990234375,1143.9200439453125,1146.550048828125,10520
2021-04-09,1143.1500244140625,1146.550048828125,1143.1500244140625,1145.27001953125,12658
2021-04-12,1147.9300537109375,1147.989990234375,1142.0,1143.6700439453125,15384
2021-04-13,1143.6400146484375,1146.0,1143.6400146484375,1145.18994140625,11382
2021-04-15,1147.0,1147.5,1145.050048828125,1146.469970703125,12726
2021-04-16,1146.4200439453125,1147.989990234375,1145.199951171875,1147.1600341796875,10578
2021-04-19,1147.93994140625,1147.989990234375,1143.1300048828125,1146.489990234375,14041
2021-04-20,1147.489990234375,1147.489990234375,1144.949951171875,1146.6600341796875,26888
2021-04-22,1143.25,1147.989990234375,1142.550048828125,1145.02001953125,11809
2021-04-23,1147.4000244140625,1147.489990234375,1146.0,1146.4000244140625,7777
2021-04-26,1145.0,1148.489990234375,1145.0,1147.8399658203125,2781
2021-04-27,1148.989990234375,1148.989990234375,1146.010009765625,1147.010009765625,3772
2021-04-28,1143.0799560546875,1147.93994140625,1143.0799560546875,1145.8800048828125,10466
2021-04-29,1144.260009765625,1147.93994140625,1144.25,1146.8499755859375,1908
2021-04-30,1145.1500244140625,1147.949951171875,1142.31005859375,1146.9599609375,28001
2021-05-03,1148.0,1150.989990234375,1144.0799560546875,1150.5899658203125,9469
2021-05-04,1150.989990234375,1150.989990234375,1148.010009765625,1149.97998046875,132699
2021-05-05,1149.8499755859375,1150.0,1147.5,1149.8800048828125,17482
2021-05-06,1149.1099853515625,1153.449951171875,1149.1099853515625,1152.5999755859375,89221
2021-05-07,1152.949951171875,1156.699951171875,1152.4599609375,1155.4000244140625,12409
2021-05-10,1152.989990234375,1152.989990234375,1150.449951171875,1151.800048828125,24701
2021-05-11,1152.489990234375,1152.489990234375,1147.5799560546875,1152.260009765625,8003
2021-05-12,1153.43994140625,1153.47998046875,1151.0,1152.989990234375,11014
2021-05-14,1153.489990234375,1155.0,1150.949951171875,1153.989990234375,54853
2021-05-17,1154.9300537109375,1155.97998046875,1152.4000244140625,1155.449951171875,14074
2021-05-18,1153.0999755859375,1156.989990234375,1153.0999755859375,1156.6400146484375,2319
2021-05-19,1155.93994140625,1156.989990234375,1155.1600341796875,1156.0799560546875,7808
2021-05-20,1156.93994140625,1157.9599609375,1156.6500244140625,1157.3699951171875,5281
2021-05-21,1156.010009765625,1157.3699951171875,1155.449951171875,1155.9599609375,20997
2021-05-24,1155.9599609375,1157.989990234375,1155.9599609375,1157.6600341796875,14134
2021-05-25,1156.4000244140625,1157.989990234375,1156.4000244140625,1157.3699951171875,19729
2021-05-26,1157.3699951171875,1159.0999755859375,1155.0999755859375,1158.8399658203125,8558
2021-05-27,1156.300048828125,1159.489990234375,1156.300048828125,1159.0999755859375,3394
2021-05-28,1159.4000244140625,1159.989990234375,1159.0,1159.969970703125,11717
2021-05-31,1158.989990234375,1159.97998046875,1156.300048828125,1159.4200439453125,6285
2021-06-01,1158.93994140625,1158.989990234375,1154.010009765625,1158.050048828125,18315
2021-06-02,1158.0999755859375,1158.989990234375,1157.1800537109375,1158.739990234375,7593
2021-06-03,1159.0,1159.969970703125,1158.0,1159.219970703125,45563
2021-06-04,1159.22998046875,1159.989990234375,1157.0,1158.1099853515625,21834
2021-06-07,1159.0,1160.489990234375,1106.0,1156.550048828125,17163
2021-06-08,1160.0,1160.489990234375,1157.030029296875,1160.050048828125,12830
2021-06-09,1162.989990234375,1162.989990234375,1160.0,1162.800048828125,11454
2021-06-10,1162.0,1165.0,1162.0,1162.1700439453125,5434
2021-06-11,1166.4000244140625,1166.5,1163.199951171875,1166.1800537109375,4946
2021-06-14,1166.550048828125,1166.989990234375,1160.0,1164.6600341796875,14445
2021-06-15,1162.5799560546875,1165.5,1162.5799560546875,1165.22998046875,4659
2021-06-16,1164.9000244140625,1165.489990234375,1162.2099609375,1163.760009765625,6580
2021-06-17,1163.760009765625,1164.989990234375,1160.0,1162.719970703125,7429
2021-06-18,1162.6700439453125,1162.989990234375,1160.0,1161.6600341796875,17393
2021-06-21,1157.0999755859375,1161.969970703125,1157.010009765625,1160.1199951171875,23705
2021-06-22,1158.0999755859375,1162.8900146484375,1158.0999755859375,1160.260009765625,6666
2021-06-23,1161.93994140625,1161.989990234375,1158.260009765625,1161.6600341796875,2749
2021-06-24,1161.6600341796875,1161.989990234375,1158.510009765625,1160.8499755859375,5200
2021-06-25,1159.449951171875,1161.97998046875,1158.5,1160.8399658203125,16733
2021-06-28,1160.7900390625,1161.489990234375,1158.510009765625,1160.8699951171875,18677
2021-06-29,1160.93994140625,1160.989990234375,1159.1099853515625,1160.9200439453125,21554
2021-06-30,1161.489990234375,1161.489990234375,1158.0,1161.0799560546875,14951
2021-07-01,1160.93994140625,1160.989990234375,1159.1500244140625,1160.4300537109375,15639
2021-07-02,1158.0,1159.989990234375,1155.0,1159.47998046875,20417
2021-07-05,1165.0,1175.0,1155.0799560546875,1158.75,25985
2021-07-06,1160.489990234375,1160.489990234375,1155.5799560546875,1160.219970703125,30914
2021-07-07,1158.489990234375,1158.489990234375,1153.5799560546875,1156.949951171875,11789
2021-07-08,1155.949951171875,1159.989990234375,1154.1099853515625,1158.4000244140625,17078
2021-07-09,1158.0,1160.989990234375,1158.0,1159.8399658203125,37526
2021-07-12,1162.0,1162.0,1158.6500244140625,1160.510009765625,2273
2021-07-13,1158.0,1158.489990234375,1157.0,1157.3199462890625,7597
2021-07-14,1157.8499755859375,1159.4000244140625,1155.0,1158.3800048828125,7375
2021-07-15,1166.1800537109375,1200.0,1158.68994140625,1159.25,5715
2021-07-16,1166.1800537109375,1166.18994140625,1157.0899658203125,1160.3199462890625,7107
2021-07-19,1166.1800537109375,1166.1800537109375,1157.0400390625,1159.1500244140625,10054
2021-07-20,1166.1800537109375,1166.1800537109375,1157.050048828125,1158.949951171875,6234
2021-07-22,1166.1800537109375,1166.1800537109375,1157.1199951171875,1159.1700439453125,6717
2021-07-23,1160.0,1160.0,1157.0400390625,1159.5,15784
2021-07-26,1160.9000244140625,1162.989990234375,1157.0,1157.3499755859375,35891
2021-07-27,1157.3800048828125,1160.47998046875,1157.3800048828125,1158.7099609375,2052
2021-07-28,1159.949951171875,1162.5,1157.6500244140625,1161.1500244140625,43816
2021-07-29,1158.0799560546875,1162.530029296875,1158.0799560546875,1162.1300048828125,2758
2021-07-30,1161.989990234375,1161.989990234375,1158.0799560546875,1160.719970703125,5400
2021-08-02,1180.0,1180.0,1158.5,1160.97998046875,7936
2021-08-03,1162.989990234375,1163.0,1160.1500244140625,1160.489990234375,13180
2021-08-04,1163.02001953125,1164.989990234375,1159.56005859375,1161.010009765625,5099
2021-08-05,1100.0,1165.0,1100.0,1162.0799560546875,9462
2021-08-06,1162.0999755859375,1165.0,1160.0999755859375,1163.25,11016
2021-08-09,1173.25,1173.25,1159.0999755859375,1164.9300537109375,2725
2021-08-10,1163.0,1164.0,1162.0,1162.5,15076
2021-08-11,1120.0,1165.0,1120.0,1162.9200439453125,10918
2021-08-12,1165.0,1165.0,1160.1199951171875,1163.77001953125,4715
2021-08-13,1160.0,1165.0,1160.0,1162.6700439453125,6804
2021-08-16,1160.0,1165.0,1160.0,1163.010009765625,5442
2021-08-17,1164.989990234375,1164.989990234375,1158.0,1159.97998046875,24273
2021-08-18,1164.0,1165.0,1160.050048828125,1161.8699951171875,8141
2021-08-20,1166.0,1166.0,1161.0,1161.75,8620
2021-08-23,1166.5,1166.5,1161.5799560546875,1163.8399658203125,4115
2021-08-24,1163.8399658203125,1166.489990234375,1161.5799560546875,1163.4100341796875,5771
2021-08-25,1163.5,1165.0,1163.5,1164.8699951171875,6453
2021-08-26,1165.0,1168.0,1164.0,1166.8900146484375,8509
2021-08-27,1177.5,1177.5,1165.06005859375,1166.989990234375,20977
2021-08-30,1173.9000244140625,1173.9000244140625,1165.510009765625,1165.8399658203125,14132
2021-08-31,1171.0,1171.0,1166.06005859375,1167.97998046875,5449
2021-09-01,1171.0,1171.0,1167.0,1169.3199462890625,8131
2021-09-02,1166.9000244140625,1172.0,1166.9000244140625,1169.449951171875,3170
2021-09-03,1174.0,1175.97998046875,1170.0699462890625,1173.949951171875,4505
2021-09-06,1176.0,1176.0,1171.0899658203125,1174.3299560546875,5999
2021-09-07,1175.0,1177.0,1173.300048828125,1174.3199462890625,8055
2021-09-08,1176.5,1177.0,1173.06005859375,1176.1199951171875,8405
2021-09-09,1177.5,1177.5,1173.1600341796875,1177.3199462890625,13724
2021-09-13,1177.5,1180.0,1172.5899658203125,1178.68994140625,9275
2021-09-14,1169.0,1180.0,1169.0,1178.0899658203125,6542
2021-09-15,1179.0,1180.489990234375,1177.5,1179.5899658203125,10300
2021-09-16,1182.489990234375,1182.489990234375,1177.0699462890625,1181.8199462890625,9014
2021-09-17,1182.969970703125,1182.969970703125,1177.699951171875,1181.6099853515625,9604
2021-09-20,1198.0,1198.0,1175.050048828125,1184.3900146484375,7772
2021-09-21,1181.0999755859375,1185.0,1180.1099853515625,1184.8199462890625,6167
2021-09-22,1184.9000244140625,1186.969970703125,1182.3499755859375,1185.43994140625,5872
2021-09-23,1187.0,1187.0,1184.0,1186.1099853515625,10269
2021-09-24,1186.4000244140625,1186.989990234375,1183.1500244140625,1183.5699462890625,19980
2021-09-27,1205.0,1205.0,1183.280029296875,1185.050048828125,11095
2021-09-28,1199.0,1199.0,1181.02001953125,1181.239990234375,7115
2021-09-29,1185.0,1185.0,1180.949951171875,1182.1600341796875,6907
2021-09-30,1184.0,1186.0,1181.010009765625,1185.800048828125,27209
2021-10-01,1208.0,1208.0,1181.1500244140625,1184.3399658203125,9093
2021-10-04,1212.0,1212.0,1180.050048828125,1184.22998046875,15652
2021-10-05,1179.0,1185.0,1179.0,1183.97998046875,7434
2021-10-06,1185.0,1185.0,1181.260009765625,1182.6400146484375,11105
2021-10-07,1179.0,1184.9000244140625,1179.0,1181.7099609375,9179
2021-10-08,1183.5,1183.5,1181.0999755859375,1183.0799560546875,6218
2021-10-11,1215.0,1215.0,1181.02001953125,1182.4300537109375,22736
2021-10-12,1184.0,1184.0,1181.199951171875,1183.280029296875,10793
2021-10-13,1218.0,1218.0,1181.3199462890625,1182.449951171875,12339
2021-10-14,1182.449951171875,1184.989990234375,1181.5,1184.0799560546875,18127
2021-10-18,1180.300048828125,1185.0,1180.0799560546875,1182.9200439453125,16235
2021-10-19,1155.0,1184.0,1155.0,1182.8399658203125,16402
2021-10-20,1182.5,1182.7900390625,1177.5,1179.81005859375,34975
2021-10-21,1155.0,1183.9300537109375,1155.0,1183.56005859375,4811
2021-10-22,1183.5,1183.5,1180.1099853515625,1181.0400390625,20274
2021-10-25,1191.0400390625,1191.0400390625,1180.010009765625,1182.8499755859375,44827
2021-10-26,1175.0,1185.0,1175.0,1184.010009765625,17711
2021-10-27,1185.0,1185.0,1181.0,1184.050048828125,6222
2021-10-28,1178.0,1188.050048828125,1178.0,1184.0699462890625,7373
2021-10-29,1155.0,1185.0,1155.0,1183.9300537109375,10562
2021-11-01,1186.0,1186.0,1178.219970703125,1182.93994140625,33980
2021-11-02,1184.0,1184.0,1179.510009765625,1182.4300537109375,31798
2021-11-03,1247.9000244140625,1247.9000244140625,1180.0,1182.93994140625,16543
2021-11-04,1155.0,1185.0,1155.0,1183.77001953125,3422
2021-11-08,1175.0,1185.989990234375,1175.0,1183.22998046875,24468
2021-11-09,1155.0,1244.949951171875,1155.0,1184.31005859375,36694
2021-11-10,1235.0,1235.0,1182.5,1183.6700439453125,4066
2021-11-11,1227.9000244140625,1227.9000244140625,1180.06005859375,1181.030029296875,9512
2021-11-12,1235.0,1235.0,1180.050048828125,1182.5699462890625,9700
2021-11-15,1180.0999755859375,1235.0,1180.0999755859375,1182.47998046875,32635
2021-11-16,1235.0,1235.0,1175.050048828125,1182.56005859375,8494
2021-11-17,1205.9100341796875,1205.9100341796875,1180.1500244140625,1184.93994140625,22153
2021-11-18,1225.0,1225.0,1182.1400146484375,1183.1099853515625,8924
2021-11-22,1225.0,1225.0,1175.050048828125,1184.239990234375,9232
2021-11-23,1188.0,1188.0,1183.300048828125,1184.199951171875,6673
2021-11-24,1195.0,1195.0,1183.550048828125,1184.699951171875,8267
2021-11-25,1225.0,1225.0,1184.0899658203125,1187.510009765625,4561
2021-11-26,1195.0,1195.0,1185.0799560546875,1186.6800537109375,15125
2021-11-29,1195.0,1195.0,1180.0,1189.75,27299
2021-11-30,1215.0,1215.0,1188.0899658203125,1191.239990234375,6949
2021-12-01,1215.0,1215.0,1189.260009765625,1191.300048828125,9091
2021-12-02,1215.0,1215.0,1191.5,1192.8399658203125,3477
2021-12-03,1210.0,1210.0,1185.0,1195.6800537109375,8191
2021-12-06,1210.0,1210.0,1192.1400146484375,1195.3399658203125,9826
2021-12-07,1210.0,1210.0,1185.0,1197.0400390625,9287
2021-12-08,1210.0,1210.0,1194.0,1196.06005859375,2721
2021-12-09,1209.0,1209.0,1194.0999755859375,1196.4000244140625,3212
2021-12-10,1209.0,1209.0,1194.0999755859375,1195.8900146484375,12449
2021-12-13,1209.0,1235.0,1187.510009765625,1193.3900146484375,20392
2021-12-14,1209.0,1209.0,1193.0899658203125,1196.1700439453125,9087
2021-12-15,1209.0,1209.0,1194.0899658203125,1196.1300048828125,14964
2021-12-16,1193.0,1209.0,1193.0,1195.6300048828125,4806
2021-12-17,1193.0,1208.5,1193.0,1196.06005859375,4509
2021-12-20,1207.0,1207.0,1190.0,1195.8399658203125,9546
2021-12-21,1208.4000244140625,1208.4000244140625,1194.0899658203125,1195.8900146484375,7270
2021-12-22,1194.0,1196.989990234375,1194.0,1194.9100341796875,7141
2021-12-23,1208.0,1208.0,1193.050048828125,1193.530029296875,6603
2021-12-24,1207.9000244140625,1207.9000244140625,1193.0,1194.6600341796875,4995
2021-12-27,1210.0,1210.0,1193.0,1193.7900390625,11353
2021-12-28,1207.5,1207.5,1190.0,1195.75,11347
2021-12-29,1207.5,1207.5,1193.0,1193.530029296875,6694
2021-12-30,1193.0,1207.300048828125,1193.0,1194.25,4033
2021-12-31,1206.0,1206.0,1190.0,1192.5,14905
2022-01-03,1198.0,1198.0,1191.0899658203125,1194.43994140625,15222
2022-01-04,1205.0,1205.0,1193.010009765625,1193.43994140625,5208
2022-01-05,1204.0,1204.0,1190.0,1192.3499755859375,18468
2022-01-06,1204.0,1204.0,1192.0,1192.030029296875,3654
2022-01-07,1207.5,1207.5,1190.0,1190.9300537109375,16397
2022-01-10,1210.0,1210.0,1187.5999755859375,1191.5799560546875,35691
2022-01-11,1199.9000244140625,1199.9000244140625,1155.0,1189.010009765625,10812
2022-01-12,1210.0,1210.0,1185.0,1192.8800048828125,33587
2022-01-13,1210.0,1210.0,1188.010009765625,1190.8399658203125,9682
2022-01-14,1210.0,1210.0,1185.5,1192.469970703125,4357
2022-01-17,1202.0,1202.0,1155.0,1190.8599853515625,9061
2022-01-18,1210.0,1210.0,1189.25,1191.77001953125,6853
2022-01-19,1200.0,1200.0,1155.0,1191.4100341796875,5468
2022-01-20,1195.0,1195.0,1188.0400390625,1189.93994140625,4803
2022-01-21,1197.0,1197.0,1186.050048828125,1189.8900146484375,15103
2022-01-24,1195.0,1195.0,1186.0,1188.1800537109375,11411
2022-01-25,1195.0,1195.0,1186.030029296875,1186.8199462890625,16694
2022-01-27,1198.0,1198.0,1184.530029296875,1186.8199462890625,21426
2022-01-28,1195.0,1195.0,1180.0,1187.969970703125,3658
2022-01-31,1195.0,1195.0,1180.0,1187.8199462890625,23082
2022-02-01,1210.0,1210.0,1185.199951171875,1187.97998046875,5097
2022-02-02,1192.0,1192.0,1185.0,1186.8499755859375,11759
2022-02-03,1210.0,1210.0,1181.31005859375,1185.6400146484375,13219
2022-02-04,1195.0,1195.0,1179.31005859375,1179.8499755859375,14041
2022-02-07,1195.0,1195.0,1178.5,1179.52001953125,5550
2022-02-08,1210.0,1210.0,1176.52001953125,1178.5899658203125,7151
2022-02-09,1186.0,1186.0,1178.0899658203125,1182.030029296875,15294
2022-02-10,1210.0,1210.0,1183.0899658203125,1186.93994140625,2829
2022-02-11,1194.0,1194.0,1176.5,1188.280029296875,14484
2022-02-14,1210.0,1210.0,1170.0,1191.31005859375,9934
2022-02-15,1210.0,1210.0,1183.0,1193.199951171875,12034
2022-02-16,1210.0,1210.0,1194.030029296875,1196.3399658203125,11882
2022-02-17,1200.0,1200.0,1194.0899658203125,1194.93994140625,13064
2022-02-18,1200.0,1200.0,1175.5,1197.0699462890625,3266
2022-02-21,1210.0,1210.0,1175.5,1199.3299560546875,12605
2022-02-22,1175.5,1199.989990234375,1175.5,1196.6700439453125,20798
2022-02-23,1208.0,1208.0,1170.0,1197.5899658203125,9708
2022-02-24,1208.0,1208.0,1191.0,1195.969970703125,20917
2022-02-25,1208.0,1208.0,1195.0,1196.1800537109375,16572
2022-02-28,1210.0,1210.0,1182.050048828125,1196.72998046875,10493
2022-03-02,1202.0,1202.0,1196.0,1197.3499755859375,41936
2022-03-03,1199.989990234375,1199.989990234375,1195.5,1197.1400146484375,14171
2022-03-04,1199.989990234375,1199.989990234375,1182.050048828125,1194.5999755859375,16690
2022-03-07,1210.0,1210.0,1192.5400390625,1192.7900390625,14463
2022-03-08,1206.0,1206.0,1175.5,1191.6199951171875,26720
2022-03-09,1210.0,1210.0,1192.0899658203125,1195.0400390625,49329
2022-03-10,1205.0,1205.0,1193.0899658203125,1195.18994140625,9587
2022-03-11,1198.0,1198.0,1195.0,1196.4200439453125,7030
2022-03-14,1198.0,1205.0,1186.0,1196.5,5178
2022-03-15,1205.0,1205.0,1195.010009765625,1195.3199462890625,21404
2022-03-16,1205.0,1205.0,1190.0,1196.0,10017
2022-03-17,1204.0,1204.0,1176.5,1196.56005859375,5474
2022-03-21,1210.0,1210.0,1190.0,1198.050048828125,7250
2022-03-22,1210.0,1210.0,1197.1400146484375,1201.3699951171875,18889
2022-03-23,1210.0,1210.0,1199.510009765625,1204.949951171875,16388
2022-03-24,1210.0,1210.0,1200.22998046875,1202.3499755859375,3154
2022-03-25,1208.9000244140625,1208.9000244140625,1200.5,1203.5699462890625,6681
2022-03-28,1191.0,1208.9000244140625,1191.0,1200.4300537109375,7099
2022-03-29,1209.0,1209.0,1200.0899658203125,1204.47998046875,5318
2022-03-30,1217.6400146484375,1217.6400146484375,1201.3399658203125,1206.280029296875,28330
2022-03-31,1214.800048828125,1214.800048828125,1202.0899658203125,1205.7900390625,5713
2022-04-01,1214.4000244140625,1214.4000244140625,1205.0,1208.5699462890625,8531
2022-04-04,1212.0,1212.0,1201.0,1206.2099609375,9347
2022-04-05,1213.9000244140625,1213.9000244140625,1206.0,1206.06005859375,7804
2022-04-06,1214.800048828125,1214.800048828125,1204.0999755859375,1208.8599853515625,2822
2022-04-07,1214.800048828125,1214.800048828125,1202.0,1206.7900390625,9792
2022-04-08,1214.699951171875,1214.699951171875,1203.0,1205.489990234375,14657
2022-04-11,1214.0,1214.0,1183.0,1202.3399658203125,16862
2022-04-12,1214.0,1214.0,1181.5,1196.9200439453125,18741
2022-04-13,1214.0,1214.0,1186.0999755859375,1192.780029296875,13521
2022-04-18,1214.0,1214.0,1186.0999755859375,1194.02001953125,24004
2022-04-19,1214.0,1214.0,1175.0,1192.469970703125,26596
2022-04-20,1207.0,1207.0,1190.0,1192.02001953125,20392
2022-04-21,1206.9000244140625,1206.9000244140625,1181.5,1191.68994140625,12004
2022-04-22,1205.0,1205.0,1189.0,1191.219970703125,24188
2022-04-25,1204.4000244140625,1204.4000244140625,1181.5,1188.97998046875,12633
2022-04-26,1232.949951171875,1232.949951171875,1186.010009765625,1193.93994140625,6605
2022-04-27,1203.800048828125,1203.800048828125,1189.0,1190.8599853515625,14639
2022-04-28,1200.0,1200.0,1190.0,1193.6400146484375,14064
2022-04-29,1200.0,1200.0,1180.0999755859375,1192.989990234375,12600
2022-05-02,1199.9000244140625,1199.9000244140625,1181.0999755859375,1191.449951171875,16297
2022-05-04,1199.4000244140625,1199.949951171875,1186.1500244140625,1189.0899658203125,10561
2022-05-05,1200.0,1200.0,1180.0999755859375,1184.8800048828125,18824
2022-05-06,1195.0,1195.0,1175.4000244140625,1175.56005859375,9551
2022-05-09,1224.6500244140625,1224.6500244140625,1168.010009765625,1170.300048828125,7910
2022-05-10,1196.0,1196.0,1166.0799560546875,1167.18994140625,17555
2022-05-11,1188.9000244140625,1188.9000244140625,1161.0999755859375,1171.6600341796875,15815
2022-05-12,1174.449951171875,1175.0,1171.1099853515625,1171.6300048828125,2692
2022-05-13,1177.0,1177.0,1161.0999755859375,1169.3499755859375,14262
2022-05-16,1169.3499755859375,1174.0,1165.0,1167.52001953125,7102
2022-05-17,1224.010009765625,1224.010009765625,1164.050048828125,1166.72998046875,10456
2022-05-18,1161.0999755859375,1177.0,1161.0999755859375,1166.4300537109375,8338
2022-05-19,1177.0,1177.0,1166.449951171875,1168.5400390625,7009
2022-05-20,1174.0,1174.0,1166.0999755859375,1171.949951171875,15250
2022-05-23,1174.0,1174.0,1165.0,1173.7900390625,6316
2022-05-24,1178.0,1178.0,1166.0,1172.0,1766
2022-05-25,1179.0,1179.0,1170.0899658203125,1172.199951171875,6997
2022-05-26,1184.0,1184.0,1171.0899658203125,1173.1600341796875,9497
2022-05-27,1184.0,1184.0,1170.300048828125,1171.68994140625,9516
2022-05-30,1188.0,1188.0,1165.0,1171.02001953125,6451
2022-05-31,1183.4000244140625,1183.4000244140625,1168.699951171875,1169.3299560546875,19142
2022-06-01,1179.9000244140625,1179.9000244140625,1160.0999755859375,1174.6099853515625,11520
2022-06-02,1188.0,1188.0,1169.1500244140625,1174.3499755859375,7305
2022-06-03,1180.06005859375,1184.989990234375,1173.0,1177.6300048828125,43677
2022-06-06,1188.0,1188.0,1166.0,1172.0699462890625,32624
2022-06-07,1179.4000244140625,1179.4000244140625,1168.0699462890625,1170.969970703125,8581
2022-06-08,1188.0,1188.0,1171.219970703125,1174.8699951171875,5335
2022-06-09,1200.0,1200.0,1172.0,1173.0899658203125,5150
2022-06-10,1179.4000244140625,1179.4000244140625,1168.0999755859375,1173.239990234375,9209
2022-06-13,1200.0,1200.0,1169.0,1172.760009765625,58166
2022-06-14,1200.0,1200.0,1169.0,1169.260009765625,11939
2022-06-15,1200.0,1200.0,1166.300048828125,1172.25,26168
2022-06-16,1200.0,1200.0,1167.050048828125,1167.510009765625,13169
2022-06-17,1188.0,1188.0,1166.0899658203125,1168.8199462890625,7919
2022-06-20,1223.77001953125,1223.77001953125,1166.0,1171.8299560546875,37545
2022-06-21,1188.0,1188.0,1170.0799560546875,1171.469970703125,8484
2022-06-22,1188.0,1188.0,1171.02001953125,1174.550048828125,18158
2022-06-23,1184.4000244140625,1184.4000244140625,1172.22998046875,1175.9200439453125,19279
2022-06-24,1200.0,1200.0,1174.0699462890625,1177.75,16089
2022-06-27,1166.0,1178.9000244140625,1160.0999755859375,1175.969970703125,3571
2022-06-28,1200.0,1200.0,1174.9000244140625,1175.56005859375,51102
2022-06-29,1160.0999755859375,1184.4000244140625,1160.0999755859375,1175.0400390625,7373
2022-06-30,1184.4000244140625,1184.4000244140625,1175.199951171875,1178.4100341796875,5482
2022-07-01,1200.0,1200.0,1175.0,1178.530029296875,13548
2022-07-04,1188.0,1188.0,1178.0899658203125,1180.6400146484375,5643
2022-07-05,1182.0,1183.97998046875,1179.1199951171875,1182.43994140625,4370
2022-07-06,1212.0,1212.0,1185.0,1189.780029296875,12875
2022-07-07,1200.0,1200.0,1185.949951171875,1187.4100341796875,18230
2022-07-08,1200.0,1200.0,1185.0999755859375,1188.47998046875,2202
2022-07-11,1200.0,1200.0,1182.1099853515625,1186.6700439453125,1868
2022-07-12,1196.0,1196.0,1185.1400146484375,1187.8299560546875,6513
2022-07-13,1199.4000244140625,1199.4000244140625,1187.010009765625,1189.449951171875,3458
2022-07-14,1198.0,1198.0,1179.1400146484375,1188.8399658203125,3823
2022-07-15,1197.0,1197.0,1160.0999755859375,1189.6099853515625,6129
2022-07-18,1199.949951171875,1199.949951171875,1178.699951171875,1188.2099609375,3111
2022-07-19,1197.0,1197.0,1160.0999755859375,1188.9000244140625,3018
2022-07-20,1196.0,1196.0,1173.5400390625,1189.0,2322
2022-07-21,1197.0,1197.0,1186.0,1189.25,2220
2022-07-22,1196.0,1196.0,1187.010009765625,1192.3900146484375,6005
2022-07-25,1196.0,1196.0,1187.0,1191.4599609375,5079
2022-07-26,1195.949951171875,1195.949951171875,1160.0999755859375,1192.8299560546875,3519
2022-07-27,1195.949951171875,1195.949951171875,1191.1300048828125,1194.0,2821
2022-07-28,1205.0,1205.0,1190.1500244140625,1195.5699462890625,13324
2022-07-29,1196.0,1196.0,1192.56005859375,1195.3499755859375,9893
2022-08-01,1205.0,1205.0,1175.030029296875,1196.9200439453125,25567
2022-08-02,1205.0,1205.0,1193.0,1195.6600341796875,17730
2022-08-03,1178.72998046875,1205.0,1178.72998046875,1194.5999755859375,34743
2022-08-04,1205.0,1205.0,1195.010009765625,1196.3399658203125,3503
2022-08-05,1160.0999755859375,1204.949951171875,1160.0999755859375,1200.969970703125,14709
2022-08-08,1200.949951171875,1204.75,1196.5999755859375,1197.1600341796875,9286
2022-08-10,1207.5,1207.5,1195.030029296875,1198.5799560546875,3065
2022-08-11,1207.4000244140625,1207.4000244140625,1196.510009765625,1201.02001953125,7203
2022-08-12,1209.4000244140625,1209.4000244140625,1176.22998046875,1205.6199951171875,5892
2022-08-16,1209.4000244140625,1209.949951171875,1200.0,1205.9300537109375,9288
2022-08-17,1215.0,1215.0,1202.2099609375,1205.47998046875,5975
2022-08-18,1210.0,1210.0,1203.0,1207.9599609375,22543
2022-08-19,1213.0,1213.0,1205.510009765625,1208.0,4734
2022-08-22,1214.0,1214.0,1204.1500244140625,1208.219970703125,3742
2022-08-23,1214.0,1214.0,1204.1500244140625,1210.8199462890625,18880
2022-08-24,1214.0,1214.0,1206.0,1208.3199462890625,27211
2022-08-25,1214.0,1214.0,1207.1600341796875,1209.739990234375,8238
2022-08-26,1213.949951171875,1214.989990234375,1208.0,1214.719970703125,27335
2022-08-29,1220.0,1220.0,1208.22998046875,1212.9100341796875,6775
2022-08-30,1219.4000244140625,1219.4000244140625,1210.1500244140625,1214.1500244140625,12701
2022-09-01,1218.0,1218.0,1193.1300048828125,1216.219970703125,13166
2022-09-02,1211.0,1219.93994140625,1211.0,1217.989990234375,4938
2022-09-05,1216.5,1219.0,1205.0,1216.1199951171875,14058
2022-09-06,1224.0,1224.0,1210.0,1218.719970703125,208984
2022-09-07,1221.8499755859375,1221.989990234375,1217.010009765625,1219.47998046875,7221
2022-09-08,1224.4000244140625,1224.4000244140625,1215.0,1221.1300048828125,9372
2022-09-09,1226.969970703125,1226.969970703125,1215.0,1221.3499755859375,4731
2022-09-12,1224.4000244140625,1224.989990234375,1204.0999755859375,1224.969970703125,17842
2022-09-13,1228.0,1228.0,1218.0,1222.56005859375,3786
2022-09-14,1226.72998046875,1226.72998046875,1219.5,1222.8499755859375,1858
2022-09-15,1226.4000244140625,1226.4000244140625,1220.010009765625,1221.3499755859375,3980
2022-09-16,1226.4000244140625,1226.4000244140625,1215.6300048828125,1219.239990234375,7702
2022-09-19,1226.4000244140625,1226.4000244140625,1208.1500244140625,1221.8399658203125,2018
2022-09-20,1229.0,1229.0,1211.1500244140625,1220.8699951171875,2531
2022-09-21,1228.0,1228.0,1212.02001953125,1212.989990234375,4429
2022-09-22,1228.0,1228.0,1212.27001953125,1214.969970703125,5606
2022-09-23,1224.4000244140625,1224.4000244140625,1208.1500244140625,1209.27001953125,6383
2022-09-26,1251.4000244140625,1251.4000244140625,1201.050048828125,1202.4200439453125,22208
2022-09-27,1228.0,1228.0,1201.0,1203.260009765625,3128
2022-09-28,1206.3900146484375,1206.3900146484375,1200.5,1201.280029296875,2526
2022-09-29,1219.4000244140625,1219.4000244140625,1201.0,1201.9300537109375,18684
2022-09-30,1209.4000244140625,1209.4000244140625,1202.0699462890625,1207.1300048828125,10710
2022-10-03,1203.0,1219.4000244140625,1203.0,1208.4300537109375,10883
2022-10-04,1219.4000244140625,1219.4000244140625,1205.0,1209.3499755859375,9290
2022-10-06,1218.0,1218.0,1203.0,1208.800048828125,12695
2022-10-07,1217.4000244140625,1220.0,1204.0,1209.02001953125,4571
2022-10-10,1216.0,1216.0,1202.4300537109375,1212.0699462890625,84114
2022-10-11,1217.4000244140625,1217.4000244140625,1200.25,1204.47998046875,30093
2022-10-12,1217.4000244140625,1217.4000244140625,1201.010009765625,1204.0699462890625,19591
2022-10-13,1218.0,1218.0,1200.25,1204.8800048828125,11615
2022-10-14,1214.9000244140625,1214.9000244140625,1202.0,1202.969970703125,17063
2022-10-17,1214.4000244140625,1214.4000244140625,1200.25,1204.9300537109375,4003
2022-10-18,1218.0,1218.0,1203.530029296875,1205.260009765625,1800
2022-10-19,1245.0,1245.0,1204.1199951171875,1208.0999755859375,16119
2022-10-20,1214.4000244140625,1214.4000244140625,1205.1099853515625,1210.530029296875,23046
2022-10-21,1210.530029296875,1212.949951171875,1207.010009765625,1210.97998046875,15798
2022-10-24,1245.0,1245.0,1205.1199951171875,1206.0999755859375,3997
2022-10-25,1214.4000244140625,1214.4000244140625,1206.0999755859375,1211.6099853515625,17442
2022-10-27,1217.4000244140625,1217.4000244140625,1207.510009765625,1212.1700439453125,8316
2022-10-28,1200.25,1218.0,1200.25,1208.97998046875,6422
2022-10-31,1218.0,1218.0,1200.25,1209.449951171875,3349
2022-11-01,1200.5999755859375,1217.4000244140625,1200.5999755859375,1211.81005859375,11626
2022-11-02,1217.4000244140625,1217.4000244140625,1206.010009765625,1214.989990234375,512
2022-11-03,1217.9000244140625,1217.9000244140625,1211.5,1213.3800048828125,6013
2022-11-04,1213.3800048828125,1213.3800048828125,1210.510009765625,1211.1800537109375,10918
2022-11-07,1249.0,1249.0,1210.06005859375,1213.760009765625,6308
2022-11-09,1218.9000244140625,1218.9000244140625,1200.25,1213.77001953125,3467
2022-11-10,1250.0,1250.0,1212.510009765625,1218.739990234375,6186
2022-11-11,1224.0,1224.0,1217.0699462890625,1220.25,31758
2022-11-14,1235.0,1235.0,1216.800048828125,1221.5400390625,3557
2022-11-15,1229.0,1229.0,1218.0799560546875,1222.5,3125
2022-11-16,1228.4000244140625,1228.4000244140625,1219.030029296875,1221.8499755859375,3430
2022-11-17,1228.0,1228.0,1220.989990234375,1224.97998046875,18054
2022-11-18,1229.4000244140625,1229.4000244140625,1223.5,1227.0400390625,9511
2022-11-21,1234.4000244140625,1234.4000244140625,1223.0,1227.56005859375,4972
2022-11-22,1235.0,1235.0,1222.52001953125,1226.050048828125,4035
2022-11-23,1234.4000244140625,1234.4000244140625,1220.0999755859375,1228.0999755859375,7844
2022-11-24,1234.300048828125,1234.300048828125,1224.510009765625,1231.77001953125,57482
2022-11-25,1239.4000244140625,1239.4000244140625,1225.0,1232.56005859375,4779
2022-11-28,1239.4000244140625,1239.4000244140625,1226.0,1231.56005859375,37896
2022-11-29,1245.0,1245.0,1227.5,1232.9000244140625,14418
2022-11-30,1239.4000244140625,1239.4000244140625,1230.6099853515625,1233.1500244140625,11145
2022-12-01,1245.0,1245.0,1231.010009765625,1237.0,7224
2022-12-02,1239.4000244140625,1245.0,1223.0,1237.1199951171875,16448
2022-12-05,1244.4000244140625,1255.0,1227.0999755859375,1235.6800537109375,18498
2022-12-06,1237.0,1237.969970703125,1231.530029296875,1235.8199462890625,50704
2022-12-07,1255.0,1255.0,1232.300048828125,1235.7900390625,5401
2022-12-08,1248.4000244140625,1248.4000244140625,1233.510009765625,1236.760009765625,12151
2022-12-09,1248.4000244140625,1248.4000244140625,1228.0999755859375,1236.0,14933
2022-12-12,1255.0,1255.0,1226.3499755859375,1235.3399658203125,35944
2022-12-13,1255.0,1255.0,1233.0400390625,1236.47998046875,24626
2022-12-14,1249.4000244140625,1249.4000244140625,1235.0,1236.4000244140625,27452
2022-12-15,1249.4000244140625,1249.4000244140625,1230.1099853515625,1235.9599609375,2967
2022-12-16,1244.4000244140625,1244.4000244140625,1233.489990234375,1237.2099609375,3192
2022-12-19,1248.4000244140625,1248.4000244140625,1230.1600341796875,1235.68994140625,19659
2022-12-20,1239.5899658203125,1241.0899658203125,1230.1600341796875,1236.0799560546875,5262
2022-12-21,1239.4000244140625,1239.4000244140625,1236.0799560546875,1236.6500244140625,65460
2022-12-22,1239.989990234375,1239.989990234375,1236.0699462890625,1237.81005859375,11474
2022-12-23,1239.4000244140625,1239.4000244140625,1233.050048828125,1237.52001953125,20787
2022-12-26,1239.9000244140625,1239.9000244140625,1234.010009765625,1234.739990234375,18851
2022-12-27,1234.739990234375,1236.7900390625,1231.0,1232.3599853515625,12397
2022-12-28,1234.989990234375,1235.0,1230.0,1233.97998046875,31520
2022-12-29,1239.4000244140625,1239.4000244140625,1232.0999755859375,1234.300048828125,5212
2022-12-30,1238.989990234375,1238.989990234375,1233.1400146484375,1234.4599609375,12801
2023-01-02,1230.1600341796875,1239.4000244140625,1230.1600341796875,1232.550048828125,11292
2023-01-03,1239.4000244140625,1239.4000244140625,1232.800048828125,1233.969970703125,3464
2023-01-04,1235.989990234375,1235.989990234375,1232.510009765625,1233.5400390625,9590
2023-01-05,1239.4000244140625,1239.4000244140625,1232.52001953125,1235.6700439453125,8374
2023-01-06,1239.0,1239.0,1232.800048828125,1234.1400146484375,14214
2023-01-09,1235.989990234375,1236.0,1232.030029296875,1234.9000244140625,9547
2023-01-10,1232.9599609375,1235.989990234375,1232.0400390625,1232.97998046875,9564
2023-01-11,1236.9000244140625,1236.9000244140625,1232.0,1233.9300537109375,5231
2023-01-12,1236.9000244140625,1236.9000244140625,1232.969970703125,1235.780029296875,7923
2023-01-13,1236.4000244140625,1238.989990234375,1234.0899658203125,1238.969970703125,13947
2023-01-16,1248.4000244140625,1248.4000244140625,1232.989990234375,1235.469970703125,21696
2023-01-17,1248.4000244140625,1248.4000244140625,1234.0999755859375,1235.6800537109375,9835
2023-01-18,1248.4000244140625,1248.4000244140625,1233.0799560546875,1233.6099853515625,23391
2023-01-19,1230.1600341796875,1237.989990234375,1230.1600341796875,1234.030029296875,104380
2023-01-20,1237.9599609375,1237.9599609375,1231.1600341796875,1233.6800537109375,10965
2023-01-23,1237.989990234375,1237.989990234375,1231.1600341796875,1233.989990234375,10089
2023-01-24,1231.1600341796875,1237.9000244140625,1231.1600341796875,1233.1199951171875,11103
2023-01-25,1237.9000244140625,1237.9000244140625,1230.719970703125,1231.75,141789
2023-01-27,1237.4000244140625,1237.4000244140625,1230.1600341796875,1232.75,9577
2023-01-30,1237.800048828125,1237.800048828125,1231.25,1231.77001953125,22059
2023-01-31,1232.699951171875,1236.5,1231.5400390625,1232.739990234375,24470
2023-02-01,1236.5,1238.0,1233.6500244140625,1235.9200439453125,26150
2023-02-02,1235.8599853515625,1240.97998046875,1235.0899658203125,1240.530029296875,9621
2023-02-03,1040.0,1254.0,1040.0,1241.199951171875,20900
2023-02-06,1233.1600341796875,1249.4000244140625,1233.1600341796875,1240.469970703125,5525
2023-02-07,1277.699951171875,1277.699951171875,1233.6600341796875,1240.1700439453125,4630
2023-02-08,1277.4000244140625,1277.4000244140625,1239.0,1242.0999755859375,20313
2023-02-09,1248.4000244140625,1248.4000244140625,1238.510009765625,1240.27001953125,4113
2023-02-10,1241.5,1242.989990234375,1239.010009765625,1240.7099609375,34019
2023-02-13,1248.4000244140625,1248.4000244140625,1231.5999755859375,1239.5699462890625,5516
2023-02-14,1276.75,1276.75,1236.989990234375,1238.449951171875,18057
2023-02-15,1276.75,1276.75,1231.6600341796875,1239.8599853515625,11431
2023-02-16,1231.6600341796875,1247.0899658203125,1231.6600341796875,1238.6199951171875,15300
2023-02-17,1201.449951171875,1247.6199951171875,1201.449951171875,1240.6400146484375,47904
2023-02-20,1255.0,1255.0,1237.0899658203125,1241.47998046875,47396
2023-02-21,1241.989990234375,1243.0,1238.1800537109375,1242.4100341796875,24399
2023-02-22,1233.6600341796875,1245.0,1233.6600341796875,1241.6600341796875,9842
2023-02-23,1248.4000244140625,1248.4000244140625,1233.6600341796875,1240.199951171875,7307
2023-02-24,1240.199951171875,1242.969970703125,1239.010009765625,1241.1600341796875,6646
2023-02-27,1278.699951171875,1278.699951171875,1231.6600341796875,1241.7099609375,8206
2023-02-28,1248.4000244140625,1248.4000244140625,1236.5,1237.97998046875,19432
2023-03-01,1231.6600341796875,1243.989990234375,1231.6600341796875,1239.0,8671
2023-03-02,1248.4000244140625,1248.4000244140625,1238.0999755859375,1239.949951171875,9050
2023-03-03,1248.0,1248.0,1238.0899658203125,1238.4100341796875,11365
2023-03-06,1201.0,1248.4000244140625,1201.0,1239.9200439453125,19423
2023-03-08,1248.4000244140625,1248.4000244140625,1231.6600341796875,1239.719970703125,9320
2023-03-09,1248.0,1248.0,1238.0699462890625,1239.5799560546875,8017
2023-03-10,1231.6600341796875,1247.4000244140625,1231.6600341796875,1239.4200439453125,14463
2023-03-13,1247.4000244140625,1247.4000244140625,1231.6600341796875,1241.030029296875,45059
2023-03-14,1244.0,1244.989990234375,1241.030029296875,1242.93994140625,11750
2023-03-15,1247.4000244140625,1247.4000244140625,1240.5,1241.93994140625,17975
2023-03-16,1246.97998046875,1246.97998046875,1242.0999755859375,1245.010009765625,20944
2023-03-17,1207.6500244140625,1247.4000244140625,1207.6500244140625,1244.9100341796875,48709
2023-03-20,1247.97998046875,1247.97998046875,1233.6600341796875,1243.77001953125,23524
2023-03-21,1245.0899658203125,1247.989990234375,1244.1099853515625,1246.9300537109375,24554
2023-03-22,1209.5,1247.8900146484375,1209.5,1247.27001953125,9710
2023-03-23,1244.0999755859375,1247.969970703125,1243.0,1247.260009765625,50942
2023-03-24,1240.6600341796875,1249.800048828125,1240.6600341796875,1248.6700439453125,39470
2023-03-27,1240.6600341796875,1251.97998046875,1240.6600341796875,1249.6199951171875,58294
2023-03-28,1242.510009765625,1251.0,1242.510009765625,1249.3900146484375,134017
2023-03-29,1249.3499755859375,1250.989990234375,1248.260009765625,1249.989990234375,171619
2023-03-31,1243.02001953125,1278.8900146484375,1243.02001953125,1253.5,124169
2023-04-03,1264.4000244140625,1264.4000244140625,1243.1600341796875,1253.8599853515625,7164
2023-04-05,1264.4000244140625,1264.4000244140625,1243.6600341796875,1248.56005859375,8354
2023-04-06,1248.9599609375,1258.0,1248.0899658203125,1257.469970703125,8892
2023-04-10,1251.0,1270.0,1243.6600341796875,1262.989990234375,3650
2023-04-11,1269.4000244140625,1269.4000244140625,1256.1099853515625,1262.8499755859375,3302
2023-04-12,1269.4000244140625,1269.4000244140625,1257.0,1258.25,10060
2023-04-13,1261.0,1263.969970703125,1259.0,1259.5799560546875,6144
2023-04-17,1248.1600341796875,1269.4000244140625,1248.1600341796875,1262.77001953125,6496
2023-04-18,1269.4000244140625,1284.4000244140625,1260.0400390625,1263.7099609375,6512
2023-04-19,1272.0400390625,1272.0400390625,1261.010009765625,1264.300048828125,8914
2023-04-20,1264.2900390625,1264.989990234375,1261.31005859375,1264.6600341796875,10476
2023-04-21,1263.989990234375,1265.97998046875,1263.4000244140625,1264.8699951171875,6823
2023-04-24,1269.4000244140625,1284.4000244140625,1259.1099853515625,1265.3299560546875,4869
2023-04-25,1269.989990234375,1269.989990234375,1263.31005859375,1267.530029296875,17286
2023-04-26,1263.0999755859375,1274.8900146484375,1263.0999755859375,1268.0799560546875,18948
2023-04-27,1274.4000244140625,1276.0,1263.56005859375,1274.0999755859375,20810
2023-04-28,1279.8900146484375,1279.8900146484375,1266.1099853515625,1273.31005859375,9191
2023-05-02,1263.6600341796875,1279.4000244140625,1263.6600341796875,1272.6300048828125,5274
2023-05-03,1279.4000244140625,1279.4000244140625,1263.6600341796875,1274.010009765625,2087
2023-05-04,1275.489990234375,1278.989990234375,1275.010009765625,1277.5,4124
2023-05-05,1266.5999755859375,1279.8900146484375,1266.5999755859375,1278.9599609375,4300
2023-05-08,1317.3499755859375,1317.3499755859375,1271.1099853515625,1276.300048828125,7055
2023-05-09,1314.5999755859375,1314.5999755859375,1275.0,1278.2099609375,9456
2023-05-10,1271.5999755859375,1277.989990234375,1271.5999755859375,1276.9100341796875,6439
2023-05-11,1278.0,1279.9599609375,1277.010009765625,1278.5999755859375,12595
2023-05-12,1271.5999755859375,1289.4000244140625,1271.5999755859375,1279.1099853515625,5316
2023-05-15,1271.5999755859375,1289.4000244140625,1271.5999755859375,1280.949951171875,3971
2023-05-16,1271.6600341796875,1289.4000244140625,1271.6600341796875,1281.9000244140625,26515
2023-05-17,1282.9000244140625,1282.989990234375,1273.1099853515625,1281.8699951171875,11335
2023-05-18,1281.6099853515625,1284.969970703125,1280.5799560546875,1282.9200439453125,20591
2023-05-19,1282.9200439453125,1289.4000244140625,1274.5999755859375,1284.5999755859375,12057
2023-05-22,1289.4000244140625,1289.4000244140625,1276.1099853515625,1284.9300537109375,12217
2023-05-23,1289.4000244140625,1289.4000244140625,1282.0999755859375,1285.8299560546875,5856
2023-05-24,1285.8299560546875,1329.699951171875,1284.0,1305.5899658203125,68651
2023-05-25,1288.989990234375,1292.0,1286.0799560546875,1288.0400390625,14916
2023-05-26,1249.4000244140625,1304.4000244140625,1249.4000244140625,1287.260009765625,10118
2023-05-29,1325.9000244140625,1325.9000244140625,1282.6600341796875,1288.22998046875,6096
2023-05-30,1324.4000244140625,1324.4000244140625,1281.0,1283.4300537109375,21765
2023-05-31,1299.4000244140625,1299.4000244140625,1282.989990234375,1287.969970703125,2682
2023-06-01,1298.97998046875,1298.97998046875,1283.6099853515625,1287.9300537109375,5584
2023-06-02,1294.4000244140625,1294.4000244140625,1283.6600341796875,1284.219970703125,8678
2023-06-05,1289.9000244140625,1289.9000244140625,1278.6600341796875,1287.8499755859375,4528
2023-06-06,1326.5,1326.5,1286.0,1286.969970703125,8795
2023-06-07,1280.1199951171875,1294.4000244140625,1280.1199951171875,1286.699951171875,4078
2023-06-08,1281.1600341796875,1294.4000244140625,1281.1600341796875,1289.6600341796875,11049
2023-06-09,1328.3499755859375,1328.3499755859375,1279.989990234375,1287.43994140625,28370
2023-06-12,1294.4000244140625,1294.4000244140625,1284.5,1285.0,7482
2023-06-13,1293.8900146484375,1293.8900146484375,1285.050048828125,1286.97998046875,10735
2023-06-14,1292.4000244140625,1292.4000244140625,1285.1099853515625,1286.0,5564
2023-06-15,1292.4000244140625,1292.4000244140625,1283.510009765625,1286.97998046875,13518
2023-06-16,1285.0899658203125,1288.68994140625,1284.050048828125,1286.3299560546875,8053
2023-06-19,1292.4000244140625,1292.68994140625,1247.75,1281.9200439453125,26216
2023-06-20,1243.449951171875,1287.8900146484375,1243.449951171875,1284.22998046875,10575
2023-06-21,1322.75,1322.75,1272.5999755859375,1284.1700439453125,5018
2023-06-22,1289.4000244140625,1289.4000244140625,1276.5999755859375,1283.8699951171875,7896
2023-06-23,1283.8699951171875,1283.989990234375,1280.06005859375,1280.8599853515625,9506
2023-06-26,1272.5999755859375,1289.4000244140625,1272.5999755859375,1279.5799560546875,18179
2023-06-27,1279.5799560546875,1284.97998046875,1279.5699462890625,1281.47998046875,4982
2023-06-28,1319.9000244140625,1319.9000244140625,1272.5999755859375,1285.739990234375,8920
2023-06-30,1324.300048828125,1324.300048828125,1284.4000244140625,1287.9000244140625,2071
2023-07-03,1293.8900146484375,1293.8900146484375,1283.52001953125,1287.510009765625,7372
2023-07-04,1289.97998046875,1289.97998046875,1283.510009765625,1285.27001953125,9692
2023-07-05,1291.97998046875,1291.97998046875,1283.4000244140625,1286.5999755859375,6782
2023-07-06,1298.4000244140625,1298.4000244140625,1283.4100341796875,1286.43994140625,13994
2023-07-07,1289.8900146484375,1289.8900146484375,1284.0999755859375,1284.989990234375,22114
2023-07-10,1289.97998046875,1289.97998046875,1282.4200439453125,1284.8399658203125,9046
2023-07-11,1280.1600341796875,1288.7900390625,1280.1600341796875,1286.8800048828125,3063
2023-07-12,1288.8900146484375,1288.8900146484375,1284.0,1286.6600341796875,10341
2023-07-13,1289.9000244140625,1289.9000244140625,1285.0999755859375,1288.030029296875,6477
2023-07-14,1289.7900390625,1293.780029296875,1286.0999755859375,1289.010009765625,6731
2023-07-17,1293.4000244140625,1327.7099609375,1284.1600341796875,1287.280029296875,5676
2023-07-18,1325.9000244140625,1325.9000244140625,1284.1600341796875,1286.97998046875,11546
2023-07-19,1325.5999755859375,1325.5999755859375,1285.3199462890625,1286.2099609375,16315
2023-07-20,1247.5999755859375,1298.4000244140625,1247.5999755859375,1287.280029296875,22059
2023-07-21,1298.4000244140625,1298.4000244140625,1286.1099853515625,1287.3399658203125,20721
2023-07-24,1325.949951171875,1325.949951171875,1286.5999755859375,1287.8599853515625,3165
2023-07-25,1326.5,1326.5,1286.0,1286.050048828125,18956
2023-07-26,1290.8900146484375,1290.8900146484375,1286.0,1287.2099609375,17864
2023-07-27,1284.1700439453125,1298.0,1284.1700439453125,1291.1700439453125,14508
2023-07-28,1288.010009765625,1291.989990234375,1287.1199951171875,1290.8399658203125,12297
2023-07-31,1329.550048828125,1329.550048828125,1286.010009765625,1289.1600341796875,9411
2023-08-01,1298.0,1298.0,1289.1700439453125,1293.8499755859375,13947
2023-08-02,1297.8900146484375,1297.8900146484375,1288.52001953125,1289.1600341796875,18281
2023-08-03,1297.800048828125,1297.800048828125,1289.1700439453125,1291.449951171875,6839
2023-08-04,1252.699951171875,1297.4000244140625,1252.699951171875,1291.31005859375,3217
2023-08-07,1296.4000244140625,1296.4000244140625,1286.510009765625,1288.31005859375,8137
2023-08-08,1297.4000244140625,1297.4000244140625,1287.1099853515625,1288.25,8087
2023-08-09,1292.989990234375,1293.0,1288.1800537109375,1289.7900390625,5024
2023-08-10,1291.989990234375,1291.989990234375,1288.030029296875,1288.47998046875,4355
2023-08-11,1327.1500244140625,1327.1500244140625,1287.06005859375,1289.72998046875,4537
2023-08-14,1328.4000244140625,1328.4000244140625,1286.050048828125,1288.97998046875,9135
2023-08-16,1327.6500244140625,1327.6500244140625,1276.0,1289.8800048828125,8532
2023-08-17,1294.4000244140625,1294.4000244140625,1287.06005859375,1288.3199462890625,5116
2023-08-18,1287.06005859375,1289.7900390625,1285.06005859375,1286.47998046875,10153
2023-08-21,1287.06005859375,1292.68994140625,1274.0,1286.5899658203125,8921
2023-08-22,1292.4000244140625,1292.4000244140625,1284.989990234375,1285.18994140625,25863
2023-08-23,1292.4000244140625,1292.4000244140625,1246.6500244140625,1286.6800537109375,4620
2023-08-24,1325.300048828125,1325.300048828125,1286.1700439453125,1288.8199462890625,7007
2023-08-25,1294.4000244140625,1294.4000244140625,1286.5,1289.489990234375,8140
2023-08-28,1286.1600341796875,1294.8900146484375,1286.1600341796875,1289.5699462890625,7252
2023-08-29,1328.25,1328.25,1286.1600341796875,1289.989990234375,10798
2023-08-30,1290.0,1292.97998046875,1290.0,1291.9300537109375,19315
2023-08-31,1253.1500244140625,1295.989990234375,1253.1500244140625,1291.989990234375,14536
2023-09-01,1292.0,1296.0,1291.31005859375,1295.6600341796875,20242
2023-09-04,1298.4000244140625,1298.4000244140625,1291.0,1294.1099853515625,7442
2023-09-05,1298.4000244140625,1298.4000244140625,1291.010009765625,1294.699951171875,2628
2023-09-06,1286.1700439453125,1298.4000244140625,1286.1700439453125,1296.6800537109375,2500
2023-09-07,1295.0,1299.47998046875,1293.0400390625,1298.9100341796875,4010
2023-09-08,1317.699951171875,1317.699951171875,1293.06005859375,1300.8499755859375,9204
2023-09-11,1307.699951171875,1307.699951171875,1284.5,1295.3900146484375,6614
2023-09-12,1304.9000244140625,1304.9000244140625,1290.6099853515625,1298.18994140625,16039
2023-09-13,1303.5899658203125,1303.5899658203125,1298.010009765625,1298.8699951171875,2516
2023-09-14,1302.7900390625,1302.7900390625,1297.02001953125,1301.7099609375,6831
2023-09-15,1298.800048828125,1303.0,1298.010009765625,1301.1500244140625,5634
2023-09-18,1340.199951171875,1340.199951171875,1262.0999755859375,1298.6800537109375,11099
2023-09-20,1299.010009765625,1302.5,1298.4000244140625,1299.77001953125,6032
2023-09-21,1302.4000244140625,1302.4000244140625,1295.0,1298.97998046875,15683
2023-09-22,1337.949951171875,1337.949951171875,1298.43994140625,1298.9100341796875,10708
2023-09-25,1296.0999755859375,1303.8900146484375,1296.0999755859375,1298.5400390625,5803
2023-09-26,1303.8800048828125,1303.8800048828125,1296.1099853515625,1298.4599609375,7882
2023-09-27,1259.5,1302.4000244140625,1259.5,1299.5999755859375,3485
2023-09-28,1302.3900146484375,1303.0,1299.7099609375,1302.3699951171875,3297
2023-09-29,1341.449951171875,1341.449951171875,1263.300048828125,1302.8599853515625,4527
2023-10-03,1307.93994140625,1309.4000244140625,1296.0999755859375,1301.030029296875,7660
2023-10-04,1296.1099853515625,1308.7900390625,1296.1099853515625,1302.300048828125,10554
2023-10-05,1302.989990234375,1303.989990234375,1299.31005859375,1303.219970703125,9701
2023-10-06,1305.0,1305.0,1296.6099853515625,1301.3499755859375,4467
2023-10-09,1296.1099853515625,1302.0,1296.0,1298.9100341796875,11004
2023-10-10,1337.9000244140625,1337.9000244140625,1292.0,1292.1600341796875,22991
2023-10-11,1304.4000244140625,1304.4000244140625,1292.1099853515625,1294.3499755859375,6941
2023-10-12,1299.8900146484375,1299.8900146484375,1293.0699462890625,1294.1500244140625,5253
2023-10-13,1299.4000244140625,1299.4000244140625,1294.0,1294.75,7930
2023-10-16,1299.4000244140625,1299.4000244140625,1295.510009765625,1297.3699951171875,1710
2023-10-17,1336.300048828125,1336.300048828125,1295.030029296875,1295.6500244140625,7532
2023-10-18,1334.5,1334.5,1292.0999755859375,1299.5899658203125,1886
2023-10-19,1300.989990234375,1300.989990234375,1296.1199951171875,1297.27001953125,5256
2023-10-20,1258.3499755859375,1304.989990234375,1258.3499755859375,1296.989990234375,13420
2023-10-23,1296.010009765625,1299.969970703125,1292.0999755859375,1296.4000244140625,13383
2023-10-25,1335.300048828125,1335.300048828125,1292.0999755859375,1298.0,46084
2023-10-26,1296.510009765625,1298.5999755859375,1296.510009765625,1297.1099853515625,13958
2023-10-27,1292.1099853515625,1303.989990234375,1292.0999755859375,1299.9599609375,28603
2023-10-30,1338.949951171875,1338.949951171875,1292.5999755859375,1298.5699462890625,3616
2023-10-31,1337.550048828125,1337.550048828125,1298.0799560546875,1299.300048828125,12665
2023-11-01,1304.3900146484375,1304.3900146484375,1298.9100341796875,1299.43994140625,4159
2023-11-02,1338.4000244140625,1338.4000244140625,1292.0999755859375,1300.699951171875,68434
2023-11-03,1339.699951171875,1339.699951171875,1296.6099853515625,1300.550048828125,11376
2023-11-06,1305.0,1305.0,1294.800048828125,1302.43994140625,1864
2023-11-07,1341.5,1341.5,1263.3499755859375,1303.06005859375,3185
2023-11-08,1308.3900146484375,1308.3900146484375,1302.0400390625,1302.489990234375,1549
2023-11-09,1305.0,1307.18994140625,1303.06005859375,1303.8299560546875,13319
2023-11-10,1309.4000244140625,1309.4000244140625,1304.0999755859375,1307.3499755859375,8613
2023-11-13,1304.0699462890625,1308.489990234375,1304.050048828125,1305.02001953125,24503
2023-11-15,1265.8499755859375,1310.0,1265.8499755859375,1306.219970703125,12718
2023-11-16,1309.5999755859375,1309.5999755859375,1305.06005859375,1306.8299560546875,7425
2023-11-17,1306.8299560546875,1309.0,1306.8299560546875,1307.530029296875,16737
2023-11-20,1315.0,1315.0,1300.6099853515625,1308.3199462890625,6042
2023-11-21,1308.3199462890625,1309.0,1305.989990234375,1308.8800048828125,62983
2023-11-22,1292.1099853515625,1314.989990234375,1292.1099853515625,1309.7900390625,12474
2023-11-23,1314.0,1314.0,1306.0899658203125,1309.699951171875,3013
2023-11-24,1309.5,1311.0,1309.1099853515625,1309.5999755859375,5161
2023-11-28,1314.0,1314.0,1300.5999755859375,1309.6400146484375,9458
2023-11-29,1313.9000244140625,1313.9000244140625,1308.030029296875,1308.8399658203125,7122
2023-11-30,1278.0,1315.0,1269.550048828125,1310.97998046875,9789
2023-12-01,1271.6500244140625,1314.800048828125,1271.6500244140625,1310.739990234375,3832
2023-12-04,1350.050048828125,1350.050048828125,1271.9000244140625,1310.0699462890625,5345
2023-12-05,1314.989990234375,1314.989990234375,1308.02001953125,1309.050048828125,13558
2023-12-06,1348.300048828125,1348.300048828125,1300.5999755859375,1308.6500244140625,8387
2023-12-07,1313.9000244140625,1313.9000244140625,1308.010009765625,1308.1400146484375,75341
2023-12-08,1315.0,1315.0,1309.050048828125,1310.1800537109375,6506
2023-12-11,1314.800048828125,1314.800048828125,1300.5999755859375,1311.75,11670
2023-12-12,1351.0999755859375,1351.0999755859375,1309.81005859375,1310.1199951171875,3425
2023-12-13,1349.4000244140625,1349.4000244140625,1310.02001953125,1310.1099853515625,9053
2023-12-14,1314.4000244140625,1314.4000244140625,1311.0699462890625,1311.9599609375,8796
2023-12-15,1351.300048828125,1351.300048828125,1306.6099853515625,1317.68994140625,8310
2023-12-18,1357.199951171875,1357.199951171875,1313.0699462890625,1317.9100341796875,12996
2023-12-19,1330.0,1330.0,1316.510009765625,1317.4100341796875,2316
2023-12-20,1356.949951171875,1356.949951171875,1316.010009765625,1317.8599853515625,6639
2023-12-21,1278.300048828125,1321.3599853515625,1278.300048828125,1319.8800048828125,7518
2023-12-22,1324.0,1324.0,1318.010009765625,1323.97998046875,3911
2023-12-26,1284.25,1363.699951171875,1284.25,1321.260009765625,3144
2023-12-27,1350.0,1350.0,1319.4000244140625,1320.0400390625,8299
2023-12-28,1359.6500244140625,1398.0,1318.1300048828125,1318.3599853515625,5840
2023-12-29,1357.9000244140625,1357.9000244140625,1319.510009765625,1321.9599609375,7078
2024-01-01,1344.0,1389.0,1319.06005859375,1321.8299560546875,9194
2024-01-02,1361.5,1361.5,1320.010009765625,1323.06005859375,6860
2024-01-03,1362.75,1362.75,1318.1500244140625,1323.68994140625,6326
2024-01-04,1344.0,1344.0,1310.5999755859375,1325.8299560546875,12510
2024-01-05,1344.0,1344.0,1324.010009765625,1326.8800048828125,7724
2024-01-08,1366.699951171875,1366.699951171875,1322.0699462890625,1328.219970703125,19104
2024-01-09,1368.050048828125,1368.050048828125,1323.06005859375,1326.4100341796875,5191
2024-01-10,1366.199951171875,1366.199951171875,1318.1500244140625,1326.25,8330
2024-01-11,1344.0,1344.0,1323.260009765625,1325.6500244140625,4159
2024-01-12,1365.4000244140625,1365.4000244140625,1323.27001953125,1327.3399658203125,8948
2024-01-15,1323.1500244140625,1367.1500244140625,1323.1500244140625,1326.9000244140625,7496
2024-01-16,1366.699951171875,1366.699951171875,1326.06005859375,1327.43994140625,9262
2024-01-17,1287.5999755859375,1327.43994140625,1287.5999755859375,1326.2900390625,6664
2024-01-18,1344.0,1344.0,1326.06005859375,1326.5899658203125,7198
2024-01-19,1366.4000244140625,1366.4000244140625,1326.050048828125,1328.4599609375,10869
2024-01-23,1367.9000244140625,1367.9000244140625,1323.1500244140625,1325.1300048828125,8908
2024-01-24,1326.06005859375,1329.989990234375,1325.0699462890625,1325.97998046875,3907
2024-01-25,1329.989990234375,1330.0,1326.0999755859375,1329.02001953125,9891
2024-01-29,1368.9000244140625,1368.9000244140625,1324.1500244140625,1327.9000244140625,10389
2024-01-30,1367.75,1367.75,1288.050048828125,1328.5,4849
2024-01-31,1368.3499755859375,1368.3499755859375,1320.1500244140625,1331.239990234375,3890
2024-02-01,1340.0,1340.0,1320.5999755859375,1334.510009765625,6695
2024-02-02,1374.550048828125,1374.550048828125,1333.1199951171875,1336.300048828125,7386
2024-02-05,1376.4000244140625,1376.4000244140625,1296.199951171875,1336.8699951171875,10834
2024-02-06,1377.0,1377.0,1320.1500244140625,1338.8599853515625,8874
2024-02-07,1344.4000244140625,1344.4000244140625,1335.06005859375,1338.5400390625,7727
2024-02-08,1344.4000244140625,1344.4000244140625,1336.0699462890625,1340.030029296875,7659
2024-02-09,1350.0,1350.0,1338.06005859375,1339.280029296875,4474
2024-02-12,1379.449951171875,1379.449951171875,1337.030029296875,1337.8499755859375,6755
2024-02-13,1349.0,1349.0,1331.010009765625,1337.4200439453125,2754
2024-02-14,1377.550048828125,1377.550048828125,1320.1500244140625,1336.22998046875,8210
2024-02-15,1376.300048828125,1376.300048828125,1335.010009765625,1338.8599853515625,3045
2024-02-16,1339.989990234375,1340.989990234375,1337.0699462890625,1338.8199462890625,2477
2024-02-19,1298.6500244140625,1379.0,1298.6500244140625,1337.1300048828125,7692
2024-02-20,1377.25,1377.25,1337.06005859375,1338.72998046875,4156
2024-02-21,1325.1500244140625,1348.0,1325.1500244140625,1341.56005859375,7514
2024-02-22,1381.800048828125,1381.800048828125,1341.0999755859375,1342.93994140625,3911
2024-02-23,1383.25,1383.25,1341.0699462890625,1343.8699951171875,2013
2024-02-26,1384.199951171875,1384.199951171875,1331.0,1343.56005859375,3291
2024-02-27,1383.8499755859375,1383.8499755859375,1342.0999755859375,1344.9599609375,9238
2024-02-28,1344.9599609375,1346.5,1342.1199951171875,1342.43994140625,3584
2024-02-29,1382.699951171875,1382.699951171875,1331.0,1346.2900390625,1555
2024-03-01,1386.699951171875,1386.699951171875,1343.06005859375,1346.800048828125,4339
2024-03-04,1385.050048828125,1385.050048828125,1331.0,1346.9599609375,3252
2024-03-05,1387.3499755859375,1387.3499755859375,1332.0,1348.0,14290
2024-03-06,1388.449951171875,1388.449951171875,1344.06005859375,1345.22998046875,5555
2024-03-07,1340.6099853515625,1350.0,1340.6099853515625,1346.739990234375,6688
2024-03-11,1387.1500244140625,1387.1500244140625,1328.1500244140625,1346.760009765625,6128
2024-03-12,1387.1500244140625,1387.1500244140625,1345.0,1345.4000244140625,21278
2024-03-13,1385.75,1385.75,1345.1300048828125,1347.56005859375,54159
2024-03-14,1388.0,1388.0,1347.06005859375,1349.6099853515625,8465
2024-03-15,1390.0999755859375,1390.0999755859375,1348.06005859375,1352.5799560546875,9329
2024-03-18,1393.1500244140625,1393.1500244140625,1352.050048828125,1352.22998046875,13442
2024-03-19,1392.800048828125,1392.800048828125,1348.3299560546875,1353.5899658203125,7427
2024-03-20,1394.199951171875,1394.199951171875,1351.4000244140625,1351.6199951171875,8314
2024-03-21,1311.050048828125,1356.0,1311.050048828125,1353.22998046875,7719
2024-03-22,1393.8499755859375,1393.8499755859375,1340.1600341796875,1353.3699951171875,14742
2024-03-26,1393.949951171875,1393.949951171875,1351.0699462890625,1353.8699951171875,11235
2024-03-27,1394.5,1394.5,1352.0899658203125,1353.1500244140625,27592
2024-03-28,1360.0,1366.0,1353.050048828125,1356.4300537109375,14691
2024-04-01,1397.0999755859375,1397.0999755859375,1315.75,1351.0699462890625,139032
2024-04-02,1364.0999755859375,1364.0999755859375,1345.2099609375,1352.969970703125,12861
2024-04-03,1312.4000244140625,1393.550048828125,1312.4000244140625,1354.2099609375,7088
2024-04-04,1360.0,1360.0,1354.0699462890625,1354.7099609375,8912
2024-04-05,1395.3499755859375,1395.3499755859375,1354.719970703125,1358.5999755859375,16223
2024-04-08,1399.3499755859375,1399.3499755859375,1343.0,1357.969970703125,7996
2024-04-09,1398.699951171875,1398.699951171875,1354.510009765625,1357.300048828125,9458
2024-04-10,1375.0999755859375,1375.0999755859375,1354.510009765625,1356.1600341796875,8187
2024-04-12,1396.8499755859375,1396.8499755859375,1354.06005859375,1357.3199462890625,7029
2024-04-15,1398.050048828125,1398.050048828125,1341.0,1355.280029296875,7903
2024-04-16,1395.949951171875,1395.949951171875,1355.06005859375,1356.56005859375,3778
2024-04-18,1315.8499755859375,1397.25,1315.8499755859375,1354.260009765625,4922
2024-04-19,1394.9000244140625,1394.9000244140625,1351.27001953125,1353.0899658203125,24868
2024-04-22,1393.699951171875,1393.699951171875,1344.0,1351.27001953125,6944
2024-04-23,1340.5999755859375,1365.0,1340.5999755859375,1352.0,7076
2024-04-24,1311.449951171875,1365.0,1311.449951171875,1352.989990234375,6905
2024-04-25,1393.5999755859375,1393.5999755859375,1352.0,1352.75,9745
2024-04-26,1312.1500244140625,1393.3499755859375,1312.1500244140625,1354.6199951171875,7545
2024-04-29,1395.25,1395.25,1353.030029296875,1353.25,8733
2024-04-30,1393.8499755859375,1393.8499755859375,1342.0,1353.6099853515625,7719
2024-05-02,1394.199951171875,1394.199951171875,1353.050048828125,1353.5699462890625,12955
2024-05-03,1394.199951171875,1394.199951171875,1355.4599609375,1356.5,6463
2024-05-06,1380.0,1397.199951171875,1343.0,1356.4100341796875,14778
2024-05-07,1372.4000244140625,1372.4000244140625,1350.010009765625,1356.699951171875,10357
2024-05-08,1316.0,1365.0,1316.0,1357.31005859375,5149
2024-05-09,1360.0,1363.0,1355.219970703125,1360.050048828125,24048
2024-05-10,1319.25,1400.8499755859375,1319.25,1358.1800537109375,27094
2024-05-13,1398.949951171875,1398.949951171875,1317.449951171875,1361.4200439453125,13448
2024-05-14,1372.4000244140625,1372.4000244140625,1357.760009765625,1358.5699462890625,30313
2024-05-15,1385.0999755859375,1385.0999755859375,1350.5,1357.4200439453125,10764
2024-05-16,1360.0,1361.989990234375,1358.030029296875,1360.9300537109375,2357
2024-05-17,1401.75,1401.75,1350.0,1366.4200439453125,5421
2024-05-21,1323.199951171875,1405.050048828125,1323.199951171875,1363.6500244140625,6598
2024-05-22,1374.4000244140625,1374.4000244140625,1352.5999755859375,1362.969970703125,18903
2024-05-23,1322.0999755859375,1369.989990234375,1322.0999755859375,1367.8599853515625,28725
2024-05-24,1408.9000244140625,1408.9000244140625,1365.050048828125,1367.8900146484375,4575
2024-05-27,1408.949951171875,1408.949951171875,1351.0,1366.300048828125,36226
2024-05-28,1380.0999755859375,1380.0999755859375,1367.030029296875,1369.3399658203125,17193
2024-05-29,1410.4000244140625,1410.4000244140625,1365.0,1369.3199462890625,7753
2024-05-30,1410.4000244140625,1410.4000244140625,1328.25,1367.3399658203125,11969
2024-05-31,1399.989990234375,1399.989990234375,1366.0999755859375,1367.1400146484375,5434
2024-06-03,1408.1500244140625,1408.1500244140625,1361.0,1369.68994140625,4536
2024-06-04,1328.5999755859375,1394.4000244140625,1328.5999755859375,1367.4200439453125,6785
2024-06-05,1408.449951171875,1408.449951171875,1364.0,1367.1800537109375,16157
2024-06-06,1368.989990234375,1368.989990234375,1340.0,1364.72998046875,17680
2024-06-07,1405.6500244140625,1405.6500244140625,1323.800048828125,1368.18994140625,1745
2024-06-10,1327.1500244140625,1380.0,1327.1500244140625,1371.1700439453125,26485
2024-06-11,1394.4000244140625,1394.4000244140625,1355.5999755859375,1370.8800048828125,4253
2024-06-12,1412.0,1412.0,1358.0,1369.5999755859375,11832
2024-06-13,1410.699951171875,1410.699951171875,1369.0699462890625,1370.010009765625,3846
2024-06-14,1390.0,1390.0,1370.050048828125,1372.0899658203125,2573
2024-06-18,1413.25,1413.25,1356.5999755859375,1374.6600341796875,7981
2024-06-19,1390.1500244140625,1399.6600341796875,1373.550048828125,1376.0,13605
2024-06-20,1417.300048828125,1417.300048828125,1372.02001953125,1376.0799560546875,12506
2024-06-21,1417.3499755859375,1417.3499755859375,1374.010009765625,1376.530029296875,2651
2024-06-24,1394.4000244140625,1394.4000244140625,1373.010009765625,1375.1500244140625,6559
2024-06-25,1333.9000244140625,1394.4000244140625,1333.9000244140625,1378.030029296875,5800
2024-06-26,1415.0,1415.0,1374.030029296875,1378.43994140625,8536
2024-06-27,1419.800048828125,1419.800048828125,1376.010009765625,1381.2900390625,5349
2024-06-28,1383.0,1385.0,1378.0,1381.739990234375,20253
2024-07-01,1390.0,1423.199951171875,1363.0,1388.010009765625,126083
2024-07-02,1429.6500244140625,1429.6500244140625,1383.0,1389.4599609375,12801
2024-07-03,1431.1500244140625,1431.1500244140625,1385.550048828125,1390.3199462890625,10057
2024-07-04,1420.0,1432.050048828125,1379.010009765625,1398.5799560546875,12269
2024-07-05,1440.550048828125,1440.550048828125,1380.0,1384.3299560546875,15660
2024-07-08,1425.8499755859375,1425.8499755859375,1376.010009765625,1379.6600341796875,9069
2024-07-09,1399.0999755859375,1399.0999755859375,1366.6099853515625,1378.4200439453125,10886
2024-07-10,1419.75,1419.75,1361.0,1380.699951171875,9883
2024-07-11,1409.4000244140625,1409.4000244140625,1361.5999755859375,1381.9000244140625,3119
2024-07-12,1399.0999755859375,1399.0999755859375,1379.25,1388.8900146484375,30019
2024-07-15,1398.449951171875,1398.449951171875,1347.199951171875,1384.1300048828125,11570
2024-07-16,1395.699951171875,1395.699951171875,1382.010009765625,1384.8800048828125,16232
2024-07-18,1426.449951171875,1426.449951171875,1369.1500244140625,1380.4300537109375,17478
2024-07-19,1389.989990234375,1394.6800537109375,1372.010009765625,1387.7099609375,14144
2024-07-22,1429.3499755859375,1429.3499755859375,1371.010009765625,1386.75,7418
2024-07-23,1397.1500244140625,1397.1500244140625,1381.510009765625,1385.7900390625,69088
2024-07-24,1383.010009765625,1391.4000244140625,1382.5,1388.9100341796875,5475
2024-07-25,1430.5999755859375,1430.5999755859375,1369.949951171875,1385.989990234375,5332
2024-07-26,1397.0,1398.0,1374.010009765625,1384.550048828125,7757
2024-07-29,1355.1500244140625,1419.0,1355.1500244140625,1388.0799560546875,26819
2024-07-30,1346.449951171875,1429.699951171875,1346.449951171875,1392.52001953125,15025
2024-07-31,1397.9000244140625,1403.97998046875,1382.530029296875,1399.02001953125,12510
2024-08-01,1441.0,1441.0,1370.0999755859375,1389.5,4566
2024-08-02,1431.199951171875,1431.199951171875,1389.800048828125,1397.550048828125,14243
2024-08-05,1439.5,1439.5,1379.949951171875,1398.030029296875,16813
2024-08-06,1418.0,1418.0,1380.0,1395.0999755859375,5008
2024-08-07,1436.949951171875,1436.949951171875,1380.0,1402.9599609375,19812
2024-08-08,1445.050048828125,1445.050048828125,1390.0,1401.6099853515625,4554
2024-08-09,1443.6500244140625,1443.6500244140625,1398.0,1417.7900390625,21207
2024-08-12,1390.0,1424.0,1390.0,1406.9599609375,14112
2024-08-13,1430.0,1449.1500244140625,1365.1500244140625,1394.219970703125,20797
2024-08-14,1391.0,1420.0,1370.0999755859375,1392.800048828125,10320
2024-08-16,1434.5999755859375,1434.5999755859375,1365.1500244140625,1388.280029296875,9545
2024-08-19,1410.0999755859375,1410.0999755859375,1388.0,1392.0400390625,25209
2024-08-20,1413.97998046875,1413.97998046875,1386.0,1393.0799560546875,20392
2024-08-21,1434.8499755859375,1434.8499755859375,1390.010009765625,1392.530029296875,19816
2024-08-22,1434.300048828125,1434.300048828125,1380.0,1388.5799560546875,39886
2024-08-23,1430.25,1430.25,1380.5999755859375,1397.3800048828125,24820
2024-08-26,1410.0,1439.300048828125,1381.5999755859375,1398.1400146484375,26282
2024-08-27,1413.4000244140625,1413.4000244140625,1398.0,1398.010009765625,5954
2024-08-28,1410.0,1410.0,1399.0,1399.75,11233
2024-08-29,1441.75,1441.75,1357.75,1399.06005859375,6777
2024-08-30,1441.050048828125,1441.050048828125,1396.0,1400.8299560546875,13342
2024-09-02,1390.0,1407.8299560546875,1358.800048828125,1401.4000244140625,57507
2024-09-03,1443.449951171875,1443.449951171875,1397.010009765625,1401.7099609375,42529
2024-09-04,1395.0,1403.8900146484375,1395.0,1402.43994140625,32657
2024-09-05,1444.5,1444.5,1390.010009765625,1402.199951171875,7299
2024-09-06,1430.0999755859375,1430.0999755859375,1402.0,1404.2099609375,16934
2024-09-09,1402.0,1413.4000244140625,1402.0,1404.050048828125,13055
2024-09-10,1402.0,1409.0,1402.0,1404.219970703125,9777
2024-09-11,1402.0,1413.4000244140625,1401.989990234375,1409.75,13931
2024-09-12,1405.0,1409.989990234375,1402.0,1406.2099609375,3128
2024-09-13,1364.0,1409.8900146484375,1364.0,1408.010009765625,27808
2024-09-16,1419.0,1419.0,1390.0,1408.5400390625,4672
2024-09-17,1412.0,1429.6700439453125,1404.010009765625,1414.699951171875,4435
2024-09-18,1419.989990234375,1430.0,1406.25,1414.550048828125,9744
2024-09-19,1419.0,1420.0,1409.0,1417.4100341796875,6383
2024-09-20,1424.989990234375,1424.989990234375,1412.0999755859375,1414.5,15153
2024-09-23,1414.5,1456.949951171875,1372.050048828125,1414.4200439453125,17541
2024-09-24,1439.0,1439.0,1414.0,1414.9599609375,3695
2024-09-25,1395.0,1419.989990234375,1395.0,1418.0799560546875,6805
2024-09-26,1415.1099853515625,1419.969970703125,1415.1099853515625,1417.3800048828125,10683
2024-09-27,1459.9000244140625,1459.9000244140625,1415.550048828125,1418.2900390625,2670
2024-09-30,1405.010009765625,1429.0,1405.010009765625,1417.780029296875,10547
2024-10-01,1429.0,1429.0,1416.5,1421.8199462890625,88553
2024-10-03,1464.449951171875,1464.449951171875,1416.8299560546875,1424.8199462890625,4872
2024-10-04,1429.300048828125,1429.300048828125,1419.0,1421.1700439453125,19861
2024-10-07,1429.0,1429.0,1407.0,1416.0899658203125,20553
2024-10-08,1424.989990234375,1424.989990234375,1410.0,1423.4599609375,24469
2024-10-09,1418.31005859375,1425.949951171875,1418.31005859375,1423.97998046875,5767
2024-10-10,1430.0,1435.0,1411.0,1421.8299560546875,4660
2024-10-11,1464.5,1464.5,1420.06005859375,1425.719970703125,4982
2024-10-14,1428.989990234375,1434.0,1420.93994140625,1426.5999755859375,10504
2024-10-15,1429.989990234375,1431.0,1425.0,1427.43994140625,6466
2024-10-16,1420.010009765625,1430.9000244140625,1420.010009765625,1427.18994140625,5531
2024-10-17,1388.0,1439.0,1388.0,1426.530029296875,4715
2024-10-18,1438.4000244140625,1438.4000244140625,1421.6500244140625,1425.1300048828125,3708
2024-10-21,1415.0,1434.0,1415.0,1424.239990234375,91009
2024-10-22,1466.949951171875,1466.949951171875,1424.0,1424.780029296875,5020
2024-10-23,1406.0,1438.0,1406.0,1424.02001953125,21219
2024-10-24,1424.0,1427.8800048828125,1423.3399658203125,1423.93994140625,21563
2024-10-25,1427.3900146484375,1427.4000244140625,1423.9000244140625,1425.1700439453125,19662
2024-10-28,1467.949951171875,1467.949951171875,1410.0,1426.969970703125,8625
2024-10-29,1412.0,1437.989990234375,1412.0,1425.7900390625,7151
2024-10-30,1426.9000244140625,1426.9000244140625,1424.010009765625,1425.6099853515625,7261
2024-10-31,1425.81005859375,1429.1500244140625,1425.800048828125,1426.9000244140625,2212
2024-11-01,1426.9000244140625,1426.9000244140625,1426.9000244140625,1426.9000244140625,0
2024-11-04,1438.0,1438.0,1424.0,1427.97998046875,17996
2024-11-05,1411.0999755859375,1435.0,1411.0999755859375,1425.7900390625,24840
2024-11-06,1468.550048828125,1468.550048828125,1415.510009765625,1425.699951171875,15143
2024-11-07,1425.699951171875,1427.25,1424.75,1426.1500244140625,7778
2024-11-08,1468.949951171875,1468.949951171875,1424.5999755859375,1426.6700439453125,5594
2024-11-11,1435.0,1436.0,1383.8499755859375,1429.510009765625,3693
2024-11-12,1433.989990234375,1433.989990234375,1427.1400146484375,1428.6800537109375,6426
2024-11-13,1439.989990234375,1439.989990234375,1420.0,1428.18994140625,4826
2024-11-14,1439.989990234375,1455.0999755859375,1420.010009765625,1428.4599609375,7314
2024-11-18,1420.0,1452.0,1411.0,1429.280029296875,14024
2024-11-19,1415.0,1438.4000244140625,1415.0,1429.3299560546875,107895
2024-11-21,1438.4000244140625,1438.4000244140625,1416.5999755859375,1429.550048828125,11577
2024-11-22,1472.2099609375,1472.2099609375,1427.47998046875,1432.1099853515625,6248
2024-11-25,1475.050048828125,1475.050048828125,1426.4200439453125,1430.1600341796875,10850
2024-11-26,1425.0,1434.989990234375,1422.0,1430.6600341796875,8236
2024-11-27,1430.239990234375,1431.989990234375,1429.5999755859375,1430.260009765625,13285
2024-11-28,1431.0,1433.4000244140625,1430.9100341796875,1432.5699462890625,1325
2024-11-29,1439.0,1439.0,1429.1700439453125,1432.989990234375,6905
2024-12-02,1421.0,1438.300048828125,1421.0,1433.3399658203125,6154
2024-12-03,1439.300048828125,1439.300048828125,1428.0,1435.0400390625,5131
2024-12-04,1478.0999755859375,1478.0999755859375,1435.4000244140625,1436.9300537109375,9139
2024-12-05,1436.050048828125,1443.0,1436.050048828125,1439.510009765625,10835
2024-12-06,1465.0999755859375,1465.0999755859375,1439.010009765625,1441.8699951171875,13286
2024-12-09,1485.1500244140625,1485.1500244140625,1437.0,1440.6199951171875,8568
2024-12-10,1483.8499755859375,1483.8499755859375,1438.1099853515625,1438.969970703125,2651
2024-12-11,1438.469970703125,1443.489990234375,1438.4599609375,1439.56005859375,3517
2024-12-12,1448.199951171875,1448.199951171875,1437.81005859375,1438.5699462890625,14376
2024-12-13,1481.75,1481.75,1434.4300537109375,1439.56005859375,6424
2024-12-16,1443.8399658203125,1443.8399658203125,1436.0,1438.1099853515625,5601
2024-12-17,1465.0999755859375,1465.0999755859375,1433.6500244140625,1437.3699951171875,7317
2024-12-18,1437.510009765625,1442.989990234375,1437.5,1437.97998046875,10961
2024-12-19,1434.0,1444.6199951171875,1433.550048828125,1435.280029296875,4233
2024-12-20,1460.7099609375,1460.7099609375,1433.4100341796875,1437.219970703125,5612
2024-12-23,1480.3499755859375,1480.3499755859375,1435.1099853515625,1437.02001953125,4352
2024-12-24,1393.9000244140625,1443.9100341796875,1393.9000244140625,1441.199951171875,13730
2024-12-26,1420.0,1450.0,1397.949951171875,1438.3299560546875,9130
2024-12-27,1445.0,1448.0,1436.0,1438.550048828125,9134
2024-12-30,1436.030029296875,1442.9599609375,1436.030029296875,1437.969970703125,2607
2024-12-31,1445.47998046875,1445.47998046875,1438.0,1439.4000244140625,2750
2025-01-01,1442.739990234375,1442.739990234375,1435.06005859375,1442.4599609375,3939
2025-01-02,1442.5400390625,1444.5,1437.3800048828125,1440.0899658203125,6097
2025-01-03,1440.0999755859375,1444.6700439453125,1439.0,1441.8499755859375,11526
2025-01-06,1398.5999755859375,1444.8499755859375,1398.5999755859375,1440.1500244140625,6578
2025-01-07,1396.949951171875,1445.699951171875,1396.949951171875,1441.8299560546875,6482
2025-01-08,1446.530029296875,1446.530029296875,1440.010009765625,1443.739990234375,13627
2025-01-09,1439.510009765625,1446.449951171875,1439.5,1441.3299560546875,7245
2025-01-10,1444.97998046875,1444.97998046875,1440.260009765625,1441.8800048828125,13847
2025-01-13,1446.9300537109375,1446.9300537109375,1434.989990234375,1440.3299560546875,57547
2025-01-14,1445.280029296875,1445.280029296875,1438.0899658203125,1442.8199462890625,5890
2025-01-15,1399.550048828125,1444.989990234375,1399.550048828125,1440.989990234375,2124
2025-01-16,1440.510009765625,1442.739990234375,1439.260009765625,1441.3299560546875,53259
2025-01-17,1442.6400146484375,1444.489990234375,1438.1600341796875,1443.489990234375,3880
2025-01-20,1486.800048828125,1486.800048828125,1441.0999755859375,1444.4200439453125,7622
2025-01-21,1447.489990234375,1450.5,1441.3199462890625,1445.4599609375,5186
2025-01-22,1442.6700439453125,1451.010009765625,1442.6700439453125,1446.239990234375,3719
2025-01-23,1443.27001953125,1449.8900146484375,1443.0,1447.9300537109375,9308
2025-01-24,1443.6500244140625,1451.6500244140625,1443.6500244140625,1447.9200439453125,15231
2025-01-27,1491.3499755859375,1491.3499755859375,1425.93994140625,1447.8199462890625,19160
2025-01-28,1449.93994140625,1452.0,1445.530029296875,1449.6700439453125,41672
2025-01-29,1441.0,1454.3199462890625,1427.77001953125,1450.8399658203125,4446
2025-01-30,1494.3499755859375,1494.3499755859375,1428.5799560546875,1450.1400146484375,15195
2025-01-31,1493.6500244140625,1493.6500244140625,1449.0,1450.5699462890625,19320
2025-02-01,1494.0999755859375,1494.0999755859375,1445.010009765625,1451.27001953125,7143
2025-02-03,1455.550048828125,1455.550048828125,1449.0400390625,1451.530029296875,8887
2025-02-04,1457.8199462890625,1457.8199462890625,1451.030029296875,1452.9599609375,11861
2025-02-05,1446.0,1454.6500244140625,1446.0,1453.1300048828125,15368
2025-02-06,1456.0,1456.0,1453.0,1455.3299560546875,3464
2025-02-07,1499.0,1499.0,1454.449951171875,1455.47998046875,6122
2025-02-10,1457.5,1457.5,1447.989990234375,1455.06005859375,12062
2025-02-11,1498.699951171875,1498.699951171875,1453.010009765625,1454.7900390625,2980
2025-02-12,1454.7900390625,1455.489990234375,1452.5,1454.6099853515625,7036
2025-02-13,1468.0,1468.0,1452.510009765625,1454.4300537109375,4123
2025-02-14,1455.489990234375,1455.5,1452.530029296875,1453.1099853515625,5352
2025-02-17,1488.0,1488.0,1452.0,1454.6700439453125,28069
2025-02-18,1454.6700439453125,1476.989990234375,1454.5,1454.6600341796875,2274
2025-02-19,1455.5,1456.6800537109375,1453.4000244140625,1454.18994140625,6364
2025-02-20,1455.5,1456.4000244140625,1453.6700439453125,1456.1199951171875,2313
2025-02-21,1456.800048828125,1456.800048828125,1453.81005859375,1455.6099853515625,2425
2025-02-24,1457.699951171875,1457.699951171875,1454.699951171875,1456.1800537109375,5137
2025-02-25,1476.199951171875,1476.199951171875,1455.010009765625,1455.6800537109375,59284
2025-02-27,1458.0,1458.0,1455.0,1456.0999755859375,7878
2025-02-28,1499.800048828125,1499.800048828125,1412.4000244140625,1454.6500244140625,14107
2025-03-03,1455.5,1455.9599609375,1452.0999755859375,1453.72998046875,21674
2025-03-04,1456.5,1456.5,1453.530029296875,1454.72998046875,2627
2025-03-05,1498.3499755859375,1498.3499755859375,1453.5400390625,1454.31005859375,10844
2025-03-06,1456.5,1456.5,1453.5,1453.9000244140625,3443
2025-03-07,1457.489990234375,1457.489990234375,1454.5,1455.8399658203125,6708
2025-03-10,1499.5,1499.5,1455.239990234375,1455.4599609375,5205
2025-03-11,1455.449951171875,1456.25,1453.5400390625,1454.25,5095
2025-03-12,1457.0,1457.0,1454.550048828125,1454.75,22556
2025-03-13,1454.75,1457.9599609375,1454.550048828125,1456.9300537109375,10132
2025-03-17,1500.6500244140625,1500.6500244140625,1452.949951171875,1456.9100341796875,31147
2025-03-18,1456.9100341796875,1456.9100341796875,1456.9100341796875,1456.9100341796875,0
2025-03-19,1460.5,1461.5,1458.030029296875,1459.8299560546875,7511
2025-03-20,1463.0,1463.0,1460.010009765625,1461.280029296875,3495
2025-03-21,1463.010009765625,1466.5,1463.0,1465.3900146484375,12671
2025-03-24,1468.0,1469.0,1465.0,1468.0799560546875,17631
2025-03-25,1512.0999755859375,1512.0999755859375,1464.93994140625,1468.5999755859375,10210
2025-03-26,1466.010009765625,1471.5,1466.010009765625,1471.4599609375,21472
2025-03-27,1470.47998046875,1472.1400146484375,1468.0,1469.469970703125,10085
2025-03-28,1425.4000244140625,1475.68994140625,1425.4000244140625,1473.9200439453125,8184
2025-04-01,1519.25,1519.25,1475.0,1477.6500244140625,12731
2025-04-02,1522.0,1522.0,1475.010009765625,1479.5799560546875,15338
2025-04-03,1485.0,1486.489990234375,1482.010009765625,1483.0799560546875,14117
2025-04-04,1527.550048828125,1527.550048828125,1483.06005859375,1494.030029296875,16077
2025-04-07,1484.5,1491.0,1484.5,1485.219970703125,37019
2025-04-08,1529.800048828125,1529.800048828125,1484.5,1485.77001953125,17030
2025-04-09,1485.489990234375,1486.780029296875,1482.530029296875,1486.5799560546875,56270
2025-04-11,1531.199951171875,1531.199951171875,1485.0,1492.93994140625,14197
2025-04-15,1495.0,1496.3499755859375,1488.0,1493.8499755859375,19369
2025-04-16,1494.989990234375,1494.989990234375,1489.050048828125,1490.6300048828125,9801
2025-04-17,1535.3499755859375,1535.3499755859375,1490.6400146484375,1493.3299560546875,65378
2025-04-21,1448.550048828125,1514.68994140625,1448.550048828125,1494.239990234375,12373
2025-04-22,1496.510009765625,1499.989990234375,1495.010009765625,1499.0999755859375,14920
2025-04-23,1501.5,1501.989990234375,1498.510009765625,1501.8199462890625,13132
2025-04-24,1546.8699951171875,1546.8699951171875,1499.31005859375,1502.3499755859375,12708
2025-04-25,1467.0,1503.5999755859375,1467.0,1501.8800048828125,118014
2025-04-28,1530.0,1530.0,1496.1099853515625,1499.739990234375,14313
2025-04-29,1499.739990234375,1544.72998046875,1468.300048828125,1504.97998046875,14201
2025-04-30,1520.739990234375,1520.739990234375,1500.0999755859375,1504.4300537109375,18198
2025-05-02,1459.300048828125,1508.0,1459.300048828125,1504.3699951171875,11899
2025-05-05,1505.0,1505.969970703125,1500.0,1502.239990234375,21551
2025-05-06,1505.0,1505.0,1500.199951171875,1501.239990234375,16073
2025-05-07,1499.0999755859375,1503.989990234375,1499.0999755859375,1501.260009765625,18453
2025-05-08,1504.5,1504.5,1500.5,1501.510009765625,13060
2025-05-09,1540.0,1540.0,1479.449951171875,1503.800048828125,18317
2025-05-12,1505.0,1505.0,1458.68994140625,1500.3199462890625,20418
2025-05-13,1504.800048828125,1504.800048828125,1500.1099853515625,1503.1600341796875,18206
2025-05-14,1507.0,1509.0899658203125,1500.3199462890625,1508.199951171875,14737
2025-05-15,1510.0,1510.0,1505.1800537109375,1507.239990234375,11634
2025-05-16,1509.699951171875,1509.699951171875,1505.0,1508.27001953125,6963
2025-05-19,1514.0,1514.0,1506.02001953125,1511.0799560546875,9878
2025-05-20,1516.0,1517.6800537109375,1508.949951171875,1516.469970703125,24253
2025-05-21,1517.97998046875,1518.8900146484375,1513.0,1518.4200439453125,9401
2025-05-22,1550.0,1550.0,1515.510009765625,1517.0999755859375,26390
2025-05-23,1562.6099853515625,1562.6099853515625,1514.02001953125,1517.6600341796875,16479
2025-05-26,1521.5,1521.5,1514.0,1518.7099609375,18937
2025-05-27,1564.27001953125,1564.27001953125,1518.7099609375,1519.760009765625,18609
2025-05-28,1544.0,1544.0,1518.4000244140625,1520.0799560546875,22280
2025-05-29,1524.989990234375,1525.0,1519.72998046875,1520.510009765625,20347
2025-05-30,1524.989990234375,1525.0,1519.489990234375,1521.5899658203125,21042
2025-06-02,1567.239990234375,1567.239990234375,1475.93994140625,1521.77001953125,9959
2025-06-03,1567.4200439453125,1567.4200439453125,1520.489990234375,1522.68994140625,26549
2025-06-04,1560.75,1560.75,1520.6300048828125,1521.8699951171875,13221
2025-06-05,1524.0,1525.5899658203125,1521.010009765625,1522.52001953125,9517
2025-06-06,1525.0,1525.0,1519.9000244140625,1521.8800048828125,42850
2025-06-09,1531.0,1531.0,1519.0,1526.5,44730
2025-06-10,1531.0,1531.0,1525.1600341796875,1527.5699462890625,27261
2025-06-11,1481.739990234375,1551.800048828125,1481.739990234375,1522.0699462890625,94525
2025-06-12,1488.449951171875,1526.0,1488.449951171875,1519.02001953125,14350
2025-06-13,1542.949951171875,1542.949951171875,1513.9200439453125,1516.56005859375,11120
2025-06-16,1562.510009765625,1562.510009765625,1513.989990234375,1519.5699462890625,33467
2025-06-17,1473.97998046875,1523.5999755859375,1473.97998046875,1517.5999755859375,14492
2025-06-18,1523.969970703125,1523.969970703125,1517.9599609375,1520.1500244140625,6346
2025-06-19,1565.75,1565.75,1474.550048828125,1518.3199462890625,10152
2025-06-20,1524.219970703125,1524.219970703125,1517.5400390625,1519.3299560546875,21627
2025-06-23,1496.8599853515625,1542.449951171875,1496.8599853515625,1521.449951171875,36340
2025-06-24,1518.56005859375,1522.260009765625,1517.06005859375,1518.25,20138
2025-06-25,1517.989990234375,1522.239990234375,1516.989990234375,1518.4200439453125,69801
2025-06-26,1518.4200439453125,1522.93994140625,1516.1500244140625,1517.0699462890625,14284
2025-06-27,1480.0,1522.489990234375,1471.56005859375,1518.1400146484375,14857
2025-06-30,1522.0,1523.989990234375,1517.030029296875,1518.4000244140625,16431
2025-07-01,1563.949951171875,1563.949951171875,1482.800048828125,1518.949951171875,11877
2025-07-02,1523.5,1523.5,1490.0,1520.300048828125,19226
2025-07-03,1525.5,1525.5,1520.8499755859375,1522.81005859375,110354
2025-07-04,1519.0,1527.489990234375,1477.1300048828125,1526.5400390625,21350
2025-07-07,1522.719970703125,1534.1700439453125,1480.739990234375,1526.31005859375,8807
2025-07-08,1524.0999755859375,1530.989990234375,1524.0999755859375,1529.0699462890625,8430
2025-07-09,1536.719970703125,1536.719970703125,1526.030029296875,1529.1600341796875,12611
2025-07-10,1529.489990234375,1530.43994140625,1524.0,1524.1099853515625,48857
2025-07-11,1531.0,1531.0,1523.81005859375,1526.1600341796875,11903
2025-07-14,1522.3399658203125,1530.0,1522.3399658203125,1526.300048828125,75571
2025-07-15,1533.9300537109375,1535.0,1523.0,1525.300048828125,8696
2025-07-16,1521.489990234375,1532.9300537109375,1494.800048828125,1528.8699951171875,18256
2025-07-17,1536.510009765625,1536.510009765625,1525.52001953125,1528.780029296875,5255
2025-07-18,1536.4200439453125,1536.4200439453125,1526.02001953125,1528.8499755859375,34594
2025-07-21,1533.0,1533.0,1526.0,1528.989990234375,22578
2025-07-22,1532.5,1532.5,1526.5400390625,1528.8499755859375,6689
2025-07-23,1518.0,1533.0,1482.97998046875,1530.8699951171875,4169
2025-07-24,1533.989990234375,1534.0,1529.030029296875,1530.4100341796875,2207
2025-07-25,1532.989990234375,1533.0,1529.530029296875,1530.6400146484375,33559
2025-07-28,1526.81005859375,1533.989990234375,1510.3599853515625,1530.530029296875,3125
2025-07-29,1530.530029296875,1533.0,1527.02001953125,1530.8399658203125,5640
2025-07-30,1533.0,1533.8199462890625,1528.0,1528.1300048828125,13074
2025-07-31,1533.0,1533.0,1526.0,1528.4100341796875,3632
2025-08-01,1536.050048828125,1536.050048828125,1528.4100341796875,1532.5699462890625,10225
2025-08-04,1540.5999755859375,1544.300048828125,1508.1099853515625,1531.8399658203125,20997
2025-08-05,1539.5,1543.300048828125,1530.010009765625,1533.010009765625,13124
2025-08-06,1535.5,1535.5,1529.18994140625,1532.949951171875,6199
2025-08-07,1535.0,1535.0,1527.8299560546875,1531.2900390625,11123
2025-08-08,1534.989990234375,1535.469970703125,1530.5,1533.239990234375,8767
2025-08-11,1579.239990234375,1579.239990234375,1531.010009765625,1531.5799560546875,14301
2025-08-12,1539.239990234375,1539.239990234375,1527.719970703125,1528.1099853515625,9766
2025-08-13,1535.75,1573.949951171875,1525.4599609375,1528.56005859375,25767
2025-08-14,1524.739990234375,1532.0,1524.0,1529.6500244140625,8238
2025-08-18,1525.8299560546875,1537.300048828125,1500.0,1528.3599853515625,32393
2025-08-19,1532.6800537109375,1532.6800537109375,1524.27001953125,1531.0899658203125,5510
2025-08-20,1538.75,1577.02001953125,1527.0,1527.6300048828125,8971
2025-08-21,1523.3499755859375,1530.989990234375,1523.3499755859375,1528.02001953125,9635
2025-08-22,1529.949951171875,1529.949951171875,1527.18994140625,1528.489990234375,8064
2025-08-25,1536.1300048828125,1536.1300048828125,1521.0,1521.77001953125,72348
2025-08-26,1529.0,1531.8699951171875,1525.030029296875,1529.1400146484375,4671
2025-08-28,1536.7900390625,1536.7900390625,1525.0999755859375,1526.5999755859375,8108
2025-08-29,1522.3299560546875,1534.219970703125,1232.0,1526.5699462890625,19846
2025-09-01,1524.0,1532.0,1524.0,1528.5,24357
2025-09-02,1524.219970703125,1532.0,1524.219970703125,1528.97998046875,12584
2025-09-03,1532.0,1532.0,1524.699951171875,1528.9599609375,22125
2025-09-04,1538.4000244140625,1541.800048828125,1527.010009765625,1530.8399658203125,11992
2025-09-05,1569.1099853515625,1569.1099853515625,1522.5400390625,1530.2900390625,5743
2025-09-08,1537.93994140625,1538.0,1516.6600341796875,1531.719970703125,11931
2025-09-09,1534.0,1534.0,1529.27001953125,1531.1800537109375,51115
2025-09-10,1538.0,1538.0,1516.6199951171875,1531.719970703125,7204
2025-09-11,1527.4300537109375,1538.0,1527.4300537109375,1534.02001953125,14988
2025-09-12,1529.719970703125,1535.93994140625,1529.0,1534.8299560546875,11231
2025-09-15,1542.5,1555.3599853515625,1530.510009765625,1530.97998046875,21322
2025-09-16,1534.8900146484375,1536.3599853515625,1532.260009765625,1535.989990234375,4978
2025-09-17,1535.0,1536.97998046875,1531.0799560546875,1531.8900146484375,34051
2025-09-18,1501.8900146484375,1537.0,1501.8900146484375,1533.3800048828125,18648
2025-09-19,1579.3800048828125,1579.3800048828125,1532.280029296875,1534.3499755859375,11208
2025-09-22,1530.0,1535.7900390625,1530.0,1534.5799560546875,5998
2025-09-23,1543.800048828125,1543.800048828125,1528.77001953125,1533.3199462890625,30761
2025-09-24,1535.3599853515625,1538.989990234375,1535.0,1535.4100341796875,3451
2025-09-25,1538.97998046875,1539.4200439453125,1533.0,1535.8900146484375,62197
2025-09-26,1544.800048828125,1544.800048828125,1535.1600341796875,1537.5899658203125,13388
2025-09-29,1533.280029296875,1545.280029296875,1520.0,1539.199951171875,7899
2025-09-30,1539.6500244140625,1541.449951171875,1536.969970703125,1538.6300048828125,3557
2025-10-01,1539.6199951171875,1542.8199462890625,1536.5999755859375,1537.1099853515625,50370
2025-10-03,1544.9100341796875,1545.0,1537.0,1540.0,55255
2025-10-06,1547.699951171875,1586.199951171875,1520.0,1544.2900390625,32726
2025-10-07,1548.93994140625,1548.93994140625,1543.1099853515625,1546.25,6882
2025-10-08,1539.449951171875,1549.800048828125,1521.1400146484375,1544.06005859375,23847
2025-10-09,1547.489990234375,1547.489990234375,1544.530029296875,1545.3399658203125,7676
2025-10-10,1553.0699462890625,1553.0699462890625,1542.010009765625,1545.989990234375,9549
2025-10-13,1551.5799560546875,1551.5799560546875,1546.0,1547.7099609375,22438
2025-10-14,1555.449951171875,1555.449951171875,1541.6700439453125,1550.6199951171875,20132
2025-10-15,1544.5699462890625,1558.3699951171875,1535.3599853515625,1550.31005859375,9576
2025-10-16,1544.260009765625,1552.7900390625,1536.300048828125,1551.1300048828125,18592
2025-10-17,1545.0799560546875,1553.489990234375,1545.0799560546875,1548.06005859375,63560
2025-10-20,1555.800048828125,1559.0,1549.47998046875,1553.93994140625,7192
2025-10-21,1547.8800048828125,1568.8299560546875,1547.8800048828125,1555.3599853515625,2999
2025-10-23,1549.2900390625,1557.9599609375,1549.2900390625,1553.530029296875,11920
2025-10-27,1541.3599853515625,1564.800048828125,1541.3599853515625,1552.5999755859375,10201
2025-10-28,1541.300048828125,1563.4000244140625,1541.300048828125,1552.1199951171875,20793
2025-10-29,1541.3800048828125,1562.199951171875,1541.3800048828125,1554.5400390625,4917
2025-10-30,1554.5400390625,1557.2099609375,1552.300048828125,1555.550048828125,6296
2025-10-31,1567.300048828125,1567.300048828125,1552.300048828125,1555.9100341796875,6339
2025-11-03,1564.4000244140625,1564.469970703125,1550.9300537109375,1558.8699951171875,27927
2025-11-04,1567.43994140625,1567.43994140625,1553.8900146484375,1556.989990234375,7021
2025-11-06,1552.010009765625,1563.9599609375,1552.010009765625,1556.949951171875,16341
2025-11-07,1565.510009765625,1565.510009765625,1556.0,1557.030029296875,15797
2025-11-10,1564.0,1564.0,1552.050048828125,1557.06005859375,24667
2025-11-11,1552.0799560546875,1565.6199951171875,1510.3499755859375,1557.7099609375,49392
2025-11-12,1552.72998046875,1561.97998046875,1510.97998046875,1558.93994140625,11620
2025-11-13,1558.949951171875,1561.989990234375,1558.0,1559.260009765625,2656
2025-11-14,1565.02001953125,1565.02001953125,1557.989990234375,1558.1600341796875,11435
2025-11-17,1604.9000244140625,1604.9000244140625,1511.4200439453125,1561.9100341796875,8845
2025-11-18,1564.1800537109375,1564.18994140625,1555.0,1556.510009765625,126883
2025-11-19,1566.0,1566.0,1557.0400390625,1561.4300537109375,7221
2025-11-20,1608.27001953125,1608.27001953125,1557.0,1557.8900146484375,75836
2025-11-21,1558.52001953125,1561.969970703125,1558.510009765625,1560.22998046875,20438
2025-11-24,1563.97998046875,1563.97998046875,1557.3299560546875,1558.5799560546875,27417
2025-11-25,1566.68994140625,1566.68994140625,1558.050048828125,1561.2900390625,7698
2025-11-26,1556.300048828125,1564.969970703125,1552.0,1561.06005859375,12897
2025-11-27,1564.969970703125,1564.969970703125,1560.06005859375,1562.8599853515625,5904
2025-11-28,1564.780029296875,1569.699951171875,1562.1400146484375,1564.8599853515625,9584
2025-12-01,1559.9000244140625,1568.3800048828125,1553.3800048828125,1565.25,10682
2025-12-02,1572.800048828125,1572.800048828125,1558.0999755859375,1566.010009765625,17456
2025-12-03,1574.5999755859375,1574.5999755859375,1559.5699462890625,1561.510009765625,19532
2025-12-04,1569.800048828125,1569.800048828125,1560.0,1562.0400390625,33330
2025-12-05,1560.010009765625,1567.97998046875,1554.510009765625,1562.9599609375,7287
2025-12-08,1571.5999755859375,1571.5999755859375,1558.81005859375,1564.030029296875,10674
2025-12-09,1571.199951171875,1571.199951171875,1559.0,1562.0400390625,23011
2025-12-10,1564.989990234375,1565.0,1562.0400390625,1563.260009765625,7259
2025-12-11,1563.260009765625,1563.260009765625,1558.6500244140625,1562.280029296875,8945
2025-12-12,1566.4200439453125,1566.4200439453125,1557.8499755859375,1561.1300048828125,12791
2025-12-15,1568.8800048828125,1568.8800048828125,1558.1500244140625,1558.5799560546875,20029
2025-12-16,1554.81005859375,1562.5899658203125,1554.800048828125,1562.1099853515625,18145
2025-12-17,1561.030029296875,1561.81005859375,1555.5999755859375,1557.3699951171875,18590
2025-12-18,1552.4000244140625,1558.0,1550.6199951171875,1557.9200439453125,15990
2025-12-19,1557.9593505859375,1557.9593505859375,1557.9593505859375,1557.9593505859375,0
2025-12-22,1564.800048828125,1564.800048828125,1552.510009765625,1558.8299560546875,8687
2025-12-23,1558.8199462890625,1562.989990234375,1555.5,1556.5899658203125,9039
2025-12-24,1559.7900390625,1559.800048828125,1556.0,1556.9000244140625,9397
2025-12-26,1554.489990234375,1566.800048828125,1554.489990234375,1560.3199462890625,12979
2025-12-29,1566.800048828125,1583.3499755859375,1536.550048828125,1559.3900146484375,8802
2025-12-30,1564.8800048828125,1564.8800048828125,1557.0400390625,1558.52001953125,10261
2025-12-31,1567.9100341796875,1568.199951171875,1557.010009765625,1562.280029296875,6886
2026-01-01,1552.3800048828125,1564.5799560546875,1515.4100341796875,1564.3199462890625,30324
2026-01-02,1568.3900146484375,1568.3900146484375,1561.27001953125,1563.18994140625,21263
2026-01-05,1557.0999755859375,1568.3900146484375,1557.0999755859375,1561.6600341796875,26425
2026-01-06,1568.219970703125,1568.219970703125,1560.0,1561.81005859375,13788
2026-01-07,1564.4000244140625,1566.489990234375,1561.010009765625,1564.68994140625,10722
2026-01-08,1568.199951171875,1568.199951171875,1560.25,1564.4100341796875,10087
2026-01-09,1551.3800048828125,1568.219970703125,1551.3800048828125,1564.6500244140625,12823
2026-01-12,1611.5899658203125,1611.5899658203125,1555.3800048828125,1564.5,10953
2026-01-13,1567.989990234375,1567.989990234375,1556.3399658203125,1563.0999755859375,11429
2026-01-14,1567.0,1567.0,1559.0400390625,1560.449951171875,6142
2026-01-15,1560.449951171875,1560.449951171875,1560.449951171875,1560.449951171875,0
2026-01-16,1555.1199951171875,1567.6099853515625,1554.989990234375,1560.47998046875,23326
2026-01-19,1563.010009765625,1563.02001953125,1551.0,1555.050048828125,19628
2026-01-20,1555.06005859375,1558.3499755859375,1551.6099853515625,1552.3199462890625,20824
2026-01-21,1545.6199951171875,1562.300048828125,1545.6199951171875,1550.6700439453125,29990
2026-01-22,1559.0,1559.0,1551.219970703125,1551.699951171875,15262
2026-01-23,1559.0,1559.0,1552.550048828125,1556.699951171875,7818
2026-01-27,1559.9000244140625,1559.9000244140625,1550.0,1555.1099853515625,16776
2026-01-28,1568.0,1568.0,1553.9200439453125,1555.1400146484375,22188
2026-01-29,1551.1099853515625,1561.6600341796875,1551.1099853515625,1556.280029296875,9867
2026-01-30,1562.4300537109375,1562.4300537109375,1549.97998046875,1557.06005859375,21700
2026-02-02,1562.300048828125,1562.300048828125,1553.010009765625,1554.2099609375,9161
2026-02-03,1559.9000244140625,1559.9000244140625,1552.699951171875,1556.030029296875,32844
2026-02-04,1558.5,1567.010009765625,1557.510009765625,1558.489990234375,18243
2026-02-05,1558.0799560546875,1563.449951171875,1557.3199462890625,1558.010009765625,6439
2026-02-06,1560.489990234375,1565.0,1559.0,1561.0699462890625,5537
2026-02-09,1568.0,1568.0,1561.0699462890625,1562.780029296875,12306
2026-02-10,1565.6800537109375,1566.5400390625,1561.43994140625,1562.02001953125,6069
2026-02-11,1569.800048828125,1569.800048828125,1560.4100341796875,1562.760009765625,4419
2026-02-12,1564.739990234375,1565.3199462890625,1561.3199462890625,1562.52001953125,3299
2026-02-13,1564.8599853515625,1566.7099609375,1563.489990234375,1565.6500244140625,6542
2026-02-16,1518.6800537109375,1576.800048828125,1518.6800537109375,1568.0999755859375,9708
2026-02-17,1571.06005859375,1571.4000244140625,1568.0699462890625,1570.6400146484375,9250
2026-02-18,1573.6099853515625,1573.6099853515625,1567.3699951171875,1570.469970703125,4046
2026-02-19,1578.300048828125,1578.300048828125,1570.0,1572.27001953125,2832
2026-02-20,1575.4000244140625,1576.3399658203125,1564.0,1570.27001953125,18948
2026-02-23,1567.1400146484375,1572.9599609375,1545.739990234375,1572.010009765625,9776
2026-02-24,1564.8900146484375,1576.1199951171875,1564.8900146484375,1573.1099853515625,17740
2026-02-25,1612.4300537109375,1612.4300537109375,1562.3800048828125,1573.3299560546875,20589
2026-02-26,1575.81005859375,1591.97998046875,1570.0,1571.22998046875,10832
2026-02-27,1579.5400390625,1579.5400390625,1571.22998046875,1571.4300537109375,9831
2026-03-02,1565.3800048828125,1579.1199951171875,1524.2900390625,1571.9100341796875,48804
2026-03-04,1568.72998046875,1577.8900146484375,1567.800048828125,1569.219970703125,29872
2026-03-05,1569.2099609375,1574.3499755859375,1569.02001953125,1570.2099609375,11540
2026-03-06,1572.5400390625,1573.2099609375,1569.75,1572.199951171875,10364
2026-03-09,1563.3800048828125,1578.300048828125,1548.530029296875,1566.010009765625,28185
2026-03-10,1577.1199951171875,1577.1199951171875,1566.9599609375,1568.02001953125,17994
2026-03-11,1571.3800048828125,1576.97998046875,1564.5400390625,1565.6500244140625,3165
2026-03-12,1560.3800048828125,1572.199951171875,1560.3800048828125,1567.0,18088
2026-03-13,1576.4000244140625,1576.4000244140625,1564.0,1564.0699462890625,21712
2026-03-16,1560.3800048828125,1573.93994140625,1559.4200439453125,1562.050048828125,52960
2026-03-17,1558.3800048828125,1569.3800048828125,1522.989990234375,1566.1500244140625,16036
2026-03-18,1566.0,1569.300048828125,1562.27001953125,1565.77001953125,10910
2026-03-19,1561.010009765625,1568.47998046875,1551.0799560546875,1557.56005859375,15823
2026-03-20,1560.56005859375,1567.0,1557.3499755859375,1561.969970703125,24890
2026-03-23,1568.800048828125,1568.800048828125,1552.280029296875,1555.43994140625,76686
2026-03-24,1564.800048828125,1602.0999755859375,1551.2099609375,1557.1600341796875,52196
2026-03-25,1564.0,1576.4100341796875,1553.4599609375,1562.25,28012
2026-03-27,1609.1199951171875,1609.1199951171875,1552.6199951171875,1554.8399658203125,8671
2026-03-30,1564.300048828125,1564.300048828125,1547.5400390625,1548.699951171875,48249
2026-04-01,1582.1300048828125,1582.1300048828125,1546.1700439453125,1552.18994140625,64970
2026-04-02,1562.0,1568.0,1542.0,1549.9100341796875,59292
2026-04-06,1596.4100341796875,1596.4100341796875,1545.6800537109375,1555.0899658203125,14378
2026-04-07,1564.0,1564.0,1548.260009765625,1552.31005859375,19218
2026-04-08,1546.3800048828125,1559.9000244140625,1546.3800048828125,1558.1400146484375,44395
2026-04-09,1551.3800048828125,1567.97998046875,1551.3800048828125,1559.75,7145
2026-04-10,1567.0,1570.9000244140625,1552.3800048828125,1569.6199951171875,35133
2026-04-13,1569.5400390625,1575.0,1567.0,1570.25,13502
2026-04-15,1579.800048828125,1579.800048828125,1569.5,1570.5999755859375,50010
2026-04-16,1561.1099853515625,1577.3800048828125,1561.1099853515625,1573.6700439453125,13127
2026-04-17,1575.969970703125,1575.969970703125,1570.9200439453125,1573.68994140625,19103
2026-04-20,1578.4100341796875,1578.4100341796875,1572.02001953125,1572.969970703125,28633
2026-04-21,1578.2900390625,1578.2900390625,1572.760009765625,1574.3599853515625,6478
2026-04-22,1577.97998046875,1582.0,1571.5,1573.3800048828125,10194
2026-04-23,1579.7900390625,1579.7900390625,1566.050048828125,1570.0999755859375,7077
2026-04-24,1560.6800537109375,1577.1500244140625,1558.0,1572.6500244140625,7497
2026-04-27,1572.6400146484375,1578.300048828125,1570.4200439453125,1570.5799560546875,17787
2026-04-28,1578.0,1578.0,1569.0,1571.0899658203125,12667
2026-04-29,1562.68994140625,1578.18994140625,1562.68994140625,1571.510009765625,3377
2026-04-30,1570.9300537109375,1572.8699951171875,1563.0,1564.8699951171875,19771
2026-05-01,1564.8699951171875,1564.8699951171875,1564.8699951171875,1564.8699951171875,0
2026-05-04,1576.97998046875,1576.97998046875,1560.1700439453125,1569.1800537109375,10530
2026-05-05,1561.3800048828125,1591.530029296875,1558.0,1571.02001953125,5406
2026-05-06,1578.300048828125,1578.300048828125,1562.6800537109375,1568.5,5422
2026-05-07,1578.300048828125,1578.300048828125,1563.3800048828125,1571.0799560546875,5657
2026-05-08,1578.0,1578.0,1548.9599609375,1573.2900390625,34540
2026-05-11,1578.800048828125,1578.800048828125,1563.3800048828125,1573.6800537109375,6442
2026-05-12,1573.969970703125,1574.1700439453125,1566.3800048828125,1573.02001953125,32168
2026-05-13,1563.68994140625,1574.0,1563.6800537109375,1568.3499755859375,41368
2026-05-14,1563.6800537109375,1578.97998046875,1549.510009765625,1571.4200439453125,9013
2026-05-15,1578.3800048828125,1578.3800048828125,1548.3399658203125,1571.530029296875,5591
2026-05-18,1578.0,1578.0,1561.0,1561.989990234375,23618
2026-05-19,1567.300048828125,1569.5799560546875,1560.0,1567.469970703125,9173
2026-05-20,1558.6800537109375,1572.72998046875,1558.6800537109375,1567.300048828125,9429
2026-05-21,1540.72998046875,1576.800048828125,1540.72998046875,1560.8199462890625,5342
2026-05-22,1569.8599853515625,1569.8599853515625,1556.81005859375,1561.7900390625,7990
2026-05-25,1560.3800048828125,1573.800048828125,1560.3800048828125,1564.530029296875,22559
2026-05-26,1574.0,1574.0,1563.0,1565.239990234375,7737
2026-05-27,1560.68994140625,1575.25,1560.6800537109375,1567.260009765625,13916
2026-05-28,1567.260009765625,1567.260009765625,1567.260009765625,1567.260009765625,0
2026-05-29,1562.31005859375,1577.0,1558.56005859375,1565.4599609375,7385
2026-06-01,1572.7900390625,1575.489990234375,1561.530029296875,1570.7099609375,13896
2026-06-02,1575.800048828125,1575.800048828125,1565.6700439453125,1567.530029296875,12241
2026-06-03,1574.800048828125,1574.800048828125,1565.3800048828125,1568.4100341796875,8879
2026-06-04,1574.0,1574.0,1566.010009765625,1568.719970703125,3233
2026-06-05,1565.3900146484375,1582.3900146484375,1565.3900146484375,1573.1300048828125,31958
2026-06-08,1597.449951171875,1597.449951171875,1565.8199462890625,1586.010009765625,17877
2026-06-09,1592.800048828125,1592.800048828125,1571.9599609375,1586.6500244140625,22863
2026-06-10,1591.0699462890625,1594.3900146484375,1576.1300048828125,1591.3800048828125,5615
2026-06-11,1594.3900146484375,1596.0699462890625,1589.0999755859375,1590.030029296875,71101
2026-06-12,1581.3800048828125,1597.0,1581.3800048828125,1588.8800048828125,13895
2026-06-15,1597.0,1597.0,1579.1700439453125,1593.1600341796875,9441
2026-06-16,1625.02001953125,1625.02001953125,1587.0999755859375,1593.77001953125,226454
2026-06-17,1602.0,1602.0,1585.56005859375,1596.010009765625,12974
2026-06-18,1586.31005859375,1597.989990234375,1586.31005859375,1594.6300048828125,3293
2026-06-19,1599.8800048828125,1599.8800048828125,1591.9000244140625,1596.6300048828125,5667
2026-06-22,1603.0,1603.0,1595.699951171875,1596.5999755859375,9592
2026-06-23,1605.0,1605.0,1595.0,1598.0400390625,10676
2026-06-24,1604.3900146484375,1604.3900146484375,1599.22998046875,1599.9100341796875,3297
2026-06-25,1607.0,1607.0,1592.3800048828125,1599.969970703125,11214
2026-06-26,1599.969970703125,1599.969970703125,1599.969970703125,1599.969970703125,0
2026-06-29,1608.0,1611.97998046875,1588.4300537109375,1605.72998046875,27851
2026-06-30,1611.0,1611.0,1600.3800048828125,1605.4300537109375,19459
2026-07-01,1611.0,1613.9300537109375,1605.4300537109375,1611.6300048828125,12242
2026-07-02,1605.6800537109375,1616.949951171875,1605.6800537109375,1610.5400390625,6921
2026-07-03,1616.800048828125,1625.56005859375,1593.3699951171875,1613.050048828125,4915
2026-07-06,1619.300048828125,1619.300048828125,1601.1099853515625,1609.72998046875,14799
2026-07-07,1616.9000244140625,1616.9000244140625,1609.1700439453125,1611.25,4260
2026-07-08,1617.8800048828125,1617.8800048828125,1605.68994140625,1607.4200439453125,16453
2026-07-09,1615.97998046875,1615.97998046875,1603.489990234375,1605.800048828125,25345
2026-07-10,1637.9200439453125,1637.9200439453125,1582.5699462890625,1604.72998046875,23375
2026-07-13,1597.0,1614.0,1597.0,1605.1099853515625,24126
2026-07-14,1614.0,1614.0,1597.0,1609.280029296875,4787
2026-07-15,1613.97998046875,1613.97998046875,1604.5,1606.719970703125,4492
2026-07-16,1610.0,1610.0,1600.1099853515625,1604.8399658203125,4680
2026-07-17,1600.1099853515625,1609.9000244140625,1600.1099853515625,1603.8199462890625,14422
2026-07-20,1614.0,1614.0,1590.199951171875,1602.3900146484375,7510
2026-07-21,1614.0,1614.0,1602.3900146484375,1606.0799560546875,14374
2026-07-22,1598.010009765625,1612.97998046875,1598.010009765625,1603.760009765625,1798
2026-07-23,1611.8800048828125,1611.8800048828125,1600.800048828125,1603.3299560546875,5002
2026-07-24,1603.3299560546875,1607.2099609375,1601.52001953125,1606.02001953125,21472
2026-07-27,1598.0,1614.0,1598.0,1609.8499755859375,12830
2026-07-28,1605.52001953125,1615.969970703125,1605.510009765625,1611.300048828125,3557
2026-07-29,1617.0,1617.0,1607.989990234375,1611.949951171875,29793
2026-07-30,1644.18994140625,1644.18994140625,1609.6500244140625,1610.5999755859375,16567
2026-07-31,1614.7900390625,1616.300048828125,1607.300048828125,1608.56005859375,40894
2026-08-03,1615.699951171875,1615.699951171875,1608.010009765625,1610.3499755859375,24591
2026-08-04,1615.4000244140625,1615.4000244140625,1607.81005859375,1611.699951171875,32754
2026-08-05,1605.1700439453125,1620.1700439453125,1605.1700439453125,1616.6099853515625,17914
2026-08-06,1618.7900390625,1619.8900146484375,1611.0,1613.3299560546875,3073
2026-08-07,1605.68994140625,1619.3900146484375,1605.68994140625,1614.4300537109375,8292
2026-08-10,1619.4599609375,1619.4599609375,1610.0,1611.489990234375,34762
2026-08-11,1619.0,1619.0,1608.0899658203125,1614.72998046875,6215
2026-08-12,1619.0,1619.0,1610.010009765625,1615.0799560546875,7537
2026-08-13,1618.97998046875,1618.97998046875,1611.0,1615.199951171875,9127
2026-08-14,1619.0,1619.0,1611.0,1613.9000244140625,4518
2026-08-17,1646.1800537109375,1646.1800537109375,1610.8599853515625,1611.52001953125,12201
2026-08-18,1617.8699951171875,1617.8800048828125,1610.1099853515625,1612.8699951171875,45396
2026-08-19,1615.3900146484375,1615.4000244140625,1611.1600341796875,1613.510009765625,3806
2026-08-20,1617.8699951171875,1617.8800048828125,1610.4000244140625,1610.7900390625,7628
2026-08-21,1610.800048828125,1615.0,1605.3800048828125,1610.9000244140625,27172
2026-08-24,1606.3900146484375,1614.300048828125,1605.1500244140625,1608.31005859375,14625
2026-08-25,1613.800048828125,1613.800048828125,1603.0,1609.4100341796875,11948
2026-08-26,1618.0,1618.0,1601.0,1606.43994140625,11925
2026-08-27,1602.1800537109375,1612.800048828125,1602.1700439453125,1606.1600341796875,33359
2026-08-28,1610.9000244140625,1610.9000244140625,1600.1700439453125,1605.9300537109375,30958
2026-08-31,1609.97998046875,1609.97998046875,1596.0,1603.6700439453125,4787
2026-09-01,1609.0,1609.0,1600.5400390625,1606.6700439453125,28753
2026-09-02,1609.0,1609.0,1603.31005859375,1606.0,9788
2026-09-03,1624.3699951171875,1624.3699951171875,1606.010009765625,1607.7099609375,3888
2026-09-04,1611.97998046875,1611.97998046875,1607.7099609375,1609.050048828125,2002
2026-09-07,1601.0,1614.0,1601.0,1612.300048828125,4405
2026-09-08,1614.8800048828125,1618.8399658203125,1610.0,1613.6099853515625,12172
2026-09-09,1617.9000244140625,1617.9000244140625,1608.699951171875,1612.4300537109375,16604
2026-09-10,1609.1600341796875,1617.800048828125,1609.1600341796875,1612.199951171875,2701
2026-09-11,1604.1400146484375,1616.97998046875,1604.1400146484375,1608.010009765625,34294
2026-09-14,1608.010009765625,1608.010009765625,1608.010009765625,1608.010009765625,0
2026-09-15,1614.9000244140625,1614.9000244140625,1600.0,1603.739990234375,9077
2026-09-16,1609.0,1609.0,1601.1500244140625,1604.0,7059
2026-09-17,1596.1800537109375,1610.1199951171875,1596.1800537109375,1607.25,7020
2026-09-18,1639.4000244140625,1639.4000244140625,1604.010009765625,1610.9000244140625,3456
2026-09-21,1603.0,1614.8699951171875,1603.0,1609.4000244140625,13749
2026-09-22,1604.4100341796875,1613.8699951171875,1604.4100341796875,1608.22998046875,12362
2026-09-23,1611.25,1611.25,1607.1500244140625,1609.68994140625,2994
2026-09-24,1612.969970703125,1612.969970703125,1602.260009765625,1603.949951171875,14910
2026-09-25,1611.7900390625,1611.7900390625,1603.949951171875,1605.8800048828125,2421
2026-09-28,1610.0,1614.5,1599.31005859375,1609.530029296875,31927
2026-09-29,1600.68994140625,1612.9000244140625,1577.3399658203125,1607.4000244140625,7638
2026-09-30,1591.9300537109375,1611.9000244140625,1591.9300537109375,1606.780029296875,2174
2026-10-01,1611.9000244140625,1613.989990234375,1601.18994140625,1601.5799560546875,7718
2026-10-02,1601.5799560546875,1601.5799560546875,1601.5799560546875,1601.5799560546875,0
