Date,Open,High,Low,Close,Volume
2019-10-03,65.27206487632326,65.615602444162,64.21691417627481,64.63407135009766,12529021
2019-10-04,64.78129019558702,65.6646691789722,63.701601651234796,64.85490417480469,17615688
2019-10-07,64.78129778809094,65.12483534775663,63.308995565634326,63.897918701171875,10042419
2019-10-09,63.799755454212395,65.10029158992215,63.01452842058592,64.83036804199219,11250766
2019-10-10,64.48685089603607,64.83038853388298,62.033011428042265,62.499244689941406,18116358
2019-10-11,62.45016453331828,63.13723414692657,61.125090073126785,61.3213996887207,12091972
2019-10-14,61.591301397268175,62.69552794990677,60.634308421480064,61.7630729675293,19108785
2019-10-15,61.83668932882681,63.3826054387701,61.615841763240525,62.86730194091797,15197994
2019-10-16,62.818236089067426,62.818236089067426,61.8366993072985,62.229312896728516,12396256
2019-10-17,62.180227556159245,63.333530152825205,61.76307603110024,63.186302185058594,12251485
2019-10-18,63.06361688241198,63.996077679530174,62.720079285198736,63.57892608642578,13353085
2019-10-22,63.578916504453744,64.26599159533122,63.21084096408275,63.554378509521484,11467120
2019-10-23,63.75068725689019,63.75068725689019,62.86730814020959,63.13722610473633,5238732
2019-10-24,63.358068689666226,63.358068689666226,60.53615435222756,60.78153991699219,21342970
2019-10-25,60.75700300523168,61.247768527122496,60.045389909477095,60.3889274597168,12040170
2019-10-27,60.85516519618344,60.85516519618344,60.1680899804314,60.68339920043945,956596
2019-10-29,60.683384408301336,62.597375976264225,60.364384877576406,61.7630729675293,19226472
2019-10-30,62.64646171862973,65.76283791455434,61.6403869829639,65.5665283203125,23885905
2019-10-31,65.9591268960758,68.5111173426789,65.12482394710544,67.40689086914062,29824375
2019-11-01,67.72590540211101,68.0694429778519,66.10637512818076,66.32721710205078,9602724
2019-11-04,66.96520491122384,68.5847349107039,66.89159093240866,67.2596664428711,10543468
2019-11-05,67.16151868253516,67.97128941715623,66.32721556777243,67.43144226074219,11279875
2019-11-06,67.38235213798919,68.31481265972388,66.76889112062725,67.087890625,9291123
2019-11-07,67.35782071569497,67.40689670324828,64.43775452517895,64.83036804199219,16896214
2019-11-08,64.68315028135085,64.75676427429143,61.7876216279201,62.35200119018555,31951209
2019-11-11,62.27838487263108,64.19237669958247,61.34592976408006,63.971534729003906,19201225
2019-11-13,63.750682223457424,63.750682223457424,60.48707836255203,60.78153991699219,29058678
2019-11-14,61.10053724281564,61.34592279865066,58.69577452151548,59.77546310424805,34250008
2019-11-15,60.33985844804982,61.100547622335775,59.87363086751049,61.00239562988281,14406264
2019-11-18,60.707923109686085,61.46861214706025,59.750924506350806,61.247764587402344,14602768
2019-11-19,61.19869848947424,61.73854567081439,60.43800932917574,61.3950080871582,11773003
2019-11-20,61.44407770915535,61.51769169450581,60.75700261311028,61.10054016113281,14313253
2019-11-21,61.10054528115866,61.10054528115866,59.57916699088108,59.849090576171875,14395483
2019-11-22,59.873617504911195,60.19261140919023,59.40738441203806,60.04538345336914,10275331
2019-11-25,60.3643961845155,60.3643961845155,59.62824501153361,59.922706604003906,9629712
2019-11-26,59.92269822646657,61.885765874507584,59.92269822646657,61.345924377441406,37923040
2019-11-27,61.640375849708256,62.082070952878155,60.58523092654278,61.07599639892578,14715856
2019-11-28,61.44408288153458,62.008462433118105,60.92877370792837,61.73854446411133,12265500
2019-11-29,61.37045585765689,63.03906177727557,61.37045585765689,61.86122131347656,14158917
2019-12-02,62.74460860397376,62.74460860397376,61.54222998825393,62.13115310668945,8941959
2019-12-03,61.88577793659034,62.10662554720938,60.36439951078014,60.63432312011719,12920250
2019-12-04,60.36439345058088,60.855159004879205,59.87362789628255,60.487083435058594,9709725
2019-12-05,60.609782843677245,60.73247283586284,59.26017046408435,59.48101806640625,18468319
2019-12-06,59.53009188242251,59.72639586272796,56.85540521965978,57.493404388427734,18383434
2019-12-09,57.81239917748842,57.81239917748842,56.536406562178975,57.02717208862305,13981708
2019-12-10,56.87993292661061,56.929014529194866,54.20525236413258,54.49971389770508,26885694
2019-12-11,54.524260069783054,57.73878819540768,54.25433648881916,57.5670166015625,42000004
2019-12-12,57.616098085888936,58.96571050293789,57.37071809470766,58.376792907714844,15245787
2019-12-13,58.401324126410074,59.333779217416385,58.1068625547917,58.79393768310547,8630886
2019-12-16,58.793942877391245,60.06993564528495,58.45040528288374,59.48101806640625,18001815
2019-12-17,59.18655123980086,59.211089236070116,58.05778656225319,58.79393768310547,12837579
2019-12-18,58.9902409710974,59.039316963068394,57.22347717820528,57.591552734375,14168586
2019-12-19,57.56701895360053,57.88601854115726,56.70817779844696,57.763328552246094,12028357
2019-12-20,57.66517268601482,58.89208934184073,57.174401530574606,58.671241760253906,16221934
2019-12-23,58.254085695709925,59.72638781517277,57.95962414853999,59.186546325683594,21955365
2019-12-24,59.039315685595774,59.481010836552,58.57308815557214,58.7693977355957,7000588
2019-12-26,58.74486178994438,59.06385574198431,57.71424909573025,57.95962905883789,12320313
2019-12-27,58.057790966378015,58.49948054911743,57.910557361206365,58.18048095703125,7823829
2019-12-30,58.18048315211275,59.11294396542129,58.082331155887,58.35224914550781,8562607
2019-12-31,58.352239952130354,60.02085170701869,58.30316396174939,59.40739059448242,20263336
2020-01-01,59.57917006015473,59.775474047651684,58.76940487895413,59.48101806640625,7056748
2020-01-02,59.62824829723404,60.83062711498919,59.21109669174299,60.63432312011719,10121875
2020-01-03,60.707920235844625,63.21083478914,60.707920235844625,61.664913177490234,32438227
2020-01-06,61.34592751016747,61.9593830222897,60.29077684034158,61.02692794799805,11579767
2020-01-07,61.29683833412419,61.86122340129321,60.781534868941364,61.07599639892578,13948003
2020-01-08,60.41346252803625,61.100537595227735,60.24169656943179,60.80607604980469,5186143
2020-01-09,61.05146525799708,61.542230785459225,60.46254213193277,60.70792770385742,6215268
2020-01-10,61.394994974417365,62.69552542190112,60.977843486870256,61.51768493652344,17004742
2020-01-13,61.787630925764375,63.505313485073245,61.29685966620028,63.25993347167969,16119541
2020-01-14,63.55438470278192,65.17391499167981,63.03907552621435,63.824302673339844,28891929
2020-01-15,63.97154161719646,64.80584482865801,63.18631440448111,64.60953521728516,19602403
2020-01-16,65.24752181572588,65.44383138913497,62.9899926116495,63.186302185058594,22273792
2020-01-17,62.27838457768472,62.52377016021954,60.24170277672418,62.008460998535156,25057450
2020-01-20,61.83668331223907,63.333523287831795,61.12507031239469,62.720062255859375,20108095
2020-01-21,62.98998851492001,63.5789115804581,61.98391395145352,62.20476150512695,15138525
2020-01-22,62.42562741301275,62.76915941646328,61.59131855546815,61.787628173828125,8672329
2020-01-23,61.6894647935251,64.14329806386402,61.44407921993632,63.627994537353516,20400712
2020-01-24,63.72614447404734,64.63406713570221,63.3826069286086,63.554378509521484,15677772
2020-01-27,63.30898804072093,63.55437358742623,61.88576197932604,62.20476150512695,8267968
2020-01-28,62.32745655515428,62.548304126845146,61.44407750116493,61.91030502319336,9915030
2020-01-29,62.67099419330527,63.23537931267791,61.640381551225055,61.959381103515625,16726581
2020-01-30,61.95938580290662,62.20477138860028,60.364393536866544,60.53615951538086,11245056
2020-01-31,60.879700073103784,61.05147167642579,58.5976325483651,59.11294174194336,23087167
2020-02-03,56.487330885396375,58.646708414683005,55.9474893112686,56.192874908447266,15581640
2020-02-04,56.53641474977955,58.52402075529084,56.53641474977955,58.35224914550781,17569477
2020-02-05,58.54854944132699,59.62823807723357,57.91055033456695,59.358314514160156,17716975
2020-02-06,59.603701054777225,61.05146525799708,59.579163059223475,60.70792770385742,12319879
2020-02-07,60.855156863937026,61.14961843271158,59.947239777968385,60.3643913269043,13819024
2020-02-10,60.90422767487026,61.02692326098118,58.52400856390173,59.77546310424805,29291101
2020-02-11,60.5852248489861,63.72613254337824,60.46252928090855,63.38259506225586,46583601
2020-02-12,63.6525351551141,64.2905343028937,62.572846449789935,63.971534729003906,22001941
2020-02-13,63.7997688010409,65.02669121209125,63.50530719773329,63.94700241088867,37031706
2020-02-14,63.79974864572695,64.53589961324067,59.849075905419845,60.143531799316406,43080925
2020-02-17,63.172746764175024,63.172746764175024,60.661368093667264,61.101505279541016,29110591
2020-02-18,61.1014826429735,62.0076526789844,60.45422510394392,61.8523063659668,22491145
2020-02-19,62.13710699667028,62.60313411397405,61.489843490169534,62.0594367980957,9190996
2020-02-20,61.56752408337218,62.654924824574266,61.36040351887119,61.77465057373047,10894105
2020-02-24,61.360403492407514,61.77465054708813,60.22122261057149,60.48012924194336,9320361
2020-02-25,61.308619810810534,61.41218008703589,58.745461493234245,59.03025817871094,17133309
2020-02-26,59.030252756087904,59.082032889443965,55.71627088859208,55.94928741455078,27109258
2020-02-27,55.92340315206645,56.15641970220954,54.447645494826624,55.58682632446289,22617384
2020-02-28,52.81654320237923,56.18230528369872,52.81654320237923,54.05928421020508,39729069
2020-03-02,54.88778337574109,55.586827110194456,51.10777986228949,51.59969711303711,29282287
2020-03-03,52.24695275192058,53.7486004413995,51.52202490176303,53.43791961669922,23760411
2020-03-04,53.82627862134238,55.353810511806955,53.02366868275935,54.913673400878906,30859263
2020-03-05,56.881338715456025,57.60627239654148,54.835993924729564,55.30202102661133,28873006
2020-03-06,53.85216469625313,56.28586662360687,52.84243427489232,55.81983947753906,23193444
2020-03-09,53.645028966992804,54.292292401702575,51.52201414547958,52.01393127441406,25372161
2020-03-11,50.04626497375433,50.512292115176656,46.60283265936483,46.86173629760742,74195466
2020-03-12,44.013780795714105,45.9814583580533,40.95870863501158,41.39884567260742,53210164
2020-03-13,38.83569254657986,47.4572151067493,33.65759921939314,43.78076934814453,43750914
2020-03-16,42.46035794958805,42.77104469518531,40.130216246393765,40.466793060302734,23089570
2020-03-17,40.64802575990058,41.94254989236958,37.774183785800695,38.65446090698242,23814252
2020-03-18,38.65445744580427,39.457061328673056,35.85828592559602,36.68678283691406,45683313
2020-03-19,35.444046256625015,37.41172127106448,33.968291477259754,35.93596649169922,38060700
2020-03-20,36.764458609837185,42.66748629479532,36.4019917117063,41.8389892578125,51611445
2020-03-23,38.31788761458945,42.460361070431155,37.67062697043786,40.38912582397461,21546123
2020-03-24,41.942549013121116,42.719262883734466,38.91336373255772,39.586517333984375,18324387
2020-03-25,40.33734504928629,41.01049575306798,38.39556018443526,39.12049102783203,20577721
2020-03-26,39.094601181834435,39.40528794716065,37.38582989839739,37.85186004638672,27137821
2020-03-27,37.87774800856884,38.91336556381318,35.78061986663668,35.98774337768555,41334504
2020-03-30,35.93595908508763,37.541166850825206,34.9780118461637,36.68678283691406,22516668
2020-03-31,37.54116996147634,40.28555861511346,37.12692295295696,39.63829803466797,38706091
2020-04-01,39.66418952112879,40.777480248177405,38.57678886267269,39.22405242919922,28239535
2020-04-03,39.87130843428215,42.46035351299821,38.91336119220087,41.89076614379883,28552798
2020-04-07,43.49597916227214,44.764610307609914,42.745155317390086,43.7548828125,30989782
2020-04-08,43.98789343992618,49.16598683723986,43.39241301034258,44.298580169677734,41838882
2020-04-09,45.56721738124023,46.758181364111834,44.99762990468373,45.437767028808594,18765951
2020-04-13,45.92967796014424,46.29214482282547,43.39241288430384,44.5574836730957,12182500
2020-04-15,46.6028286332497,46.6028286332497,44.5833739109801,44.84227752685547,20140969
2020-04-16,44.50570634839383,46.60283449317227,43.728992440174295,46.2144775390625,19947964
2020-04-17,47.61255372299488,47.61255372299488,45.61898916112438,46.44748306274414,17075415
2020-04-20,47.12063841549317,47.12063841549317,44.9458402208121,45.256526947021484,17325405
2020-04-21,44.53159645036027,44.99762657339875,40.75159014355528,42.71926498413086,28923351
2020-04-22,42.77104289297342,44.06556699451108,41.58008202324721,43.59953689575195,20768650
2020-04-23,43.987894387638846,45.929679083100915,42.84871363791066,43.10762023925781,29001021
2020-04-24,42.952270227710805,43.62542076865653,40.90692261547322,42.201446533203125,34948299
2020-04-27,42.771046554387205,43.67721379932881,42.07200282787104,42.30501937866211,19085182
2020-04-28,42.7710419345191,44.091456073688455,42.35679494241267,43.78076934814453,42343123
2020-04-29,44.013788989841636,46.499274248693375,43.70310518431555,46.136810302734375,27172614
2020-04-30,47.379545939807784,49.99448420851739,47.27598270805917,49.554344177246094,27742245
2020-05-04,47.74200676715197,49.32132437030413,46.39570270229756,48.415157318115234,31698963
2020-05-05,48.932975622765554,49.60612628566982,46.965300807595064,47.17242431640625,22593571
2020-05-06,47.63844900292324,49.19187672000691,46.44748814821618,49.03653335571289,22434006
2020-05-07,49.34722190498771,49.83913911998532,47.14653354556659,47.379547119140625,19897138
2020-05-08,49.062424353766865,49.062424353766865,47.06885953578765,47.301876068115234,13464063
2020-05-11,47.63845090497239,48.984755177727024,47.32776712690799,47.66434097290039,11780929
2020-05-12,47.612557002033924,48.72584761083686,45.69666250039618,45.9296760559082,21244138
2020-05-13,47.638448702284485,47.638448702284485,45.17885384478138,46.26625442504883,20780226
2020-05-14,46.21447018007201,46.21447018007201,44.065562240375904,44.246795654296875,19550328
2020-05-15,44.583386764962526,44.94585074652,43.884342948748944,44.428043365478516,18059769
2020-05-18,44.583375053195155,44.91994887357766,41.68364025904588,41.94254684448242,21659916
2020-05-19,42.71925957493692,43.15939661074637,41.761312344515865,42.38268280029297,26904333
2020-05-20,42.3826837240283,45.02351192229822,42.09789003668803,44.66104507446289,24812497
2020-05-21,44.73872062618834,45.670777923177354,44.27269345915806,45.541324615478516,19299781
2020-05-22,45.17885179651417,45.411868312384534,44.013781068874636,45.15296173095703,11272083
2020-05-26,45.15296961132035,45.87790342515217,44.60927221387508,45.64488983154297,14598190
2020-05-27,45.59310546257639,46.0850226742445,44.816391580634466,45.877899169921875,13033269
2020-05-28,45.87790367471259,47.2759882069015,45.489546695608524,46.136810302734375,20784825
2020-05-29,45.95557227029029,48.54462068194644,45.61899840637637,47.81968688964844,29651076
2020-06-01,48.648177791693165,49.19187810051638,47.457216903563264,47.6125602722168,18799090
2020-06-02,48.13036948942785,50.27927468552445,47.06885896198632,49.994483947753906,27863565
2020-06-03,50.9524253840799,51.44434255629863,49.709684457805984,49.89091491699219,22403271
2020-06-04,50.22749259637116,51.1595527521837,49.73557541533069,50.35694885253906,24395074
2020-06-05,50.74530536536826,50.97831595807429,49.96859153796903,50.66762924194336,15991897
2020-06-08,51.496139112759124,55.04313215558147,51.26312254901158,54.24052810668945,56122126
2020-06-09,54.47353246956614,54.62887880278869,51.93627026078356,52.35051727294922,39483522
2020-06-10,52.35051244208595,52.454072704106736,49.86502467259412,50.79708480834961,29645065
2020-06-11,50.82298125676849,53.95572698319133,49.03653688326774,49.47667694091797,75863994
2020-06-12,47.379542998846325,50.22749169562274,47.2500897079281,49.89091491699219,35265111
2020-06-15,49.865032811769225,52.58353161453235,48.93297844973615,51.59969711303711,43790512
2020-06-16,52.29873490891679,52.76476203701549,49.3990000214468,50.48640060424805,28970185
2020-06-17,50.4863977005757,50.564067896482285,49.50256040445199,49.839134216308594,22321981
2020-06-18,49.968592904269045,51.23722394348119,49.60612308358647,50.25338363647461,17915130
2020-06-19,50.71942206174799,51.91038302748955,50.48640551211848,51.52202606201172,26002134
2020-06-22,51.72914017614014,52.117497093267104,50.745305813208525,50.9006462097168,20613567
2020-06-23,51.70325341966861,51.91037988746111,50.64174286467748,51.3925666809082,18339424
2020-06-24,51.78092559884788,54.03339713349406,51.00421168523587,52.505859375,56091375
2020-06-25,53.33435496236695,55.405596075565605,53.075454267609906,53.38613510131836,77849358
2020-06-26,54.3440830067814,54.628879684069894,53.20490222348423,54.4476432800293,31036873
2020-06-29,54.39586629570545,54.81011333855987,53.20490530676684,53.645042419433594,17568741
2020-06-30,53.64503845085398,54.08517553096006,52.4799676179179,52.89421463012695,26541261
2020-07-01,52.89421323431809,53.51558669916278,51.91037882847995,53.3084602355957,14916994
2020-07-02,53.981614845386446,54.88777906654624,53.412021504306786,53.593257904052734,18913708
2020-07-03,54.111061261193896,54.784214824268375,53.33434743483295,54.31818771362305,16057095
2020-07-06,53.80037957839424,54.318192794979396,53.38613256064019,53.69681930541992,16607242
2020-07-07,53.826265148280136,54.318182275498245,52.68708458861065,53.25667190551758,24438364
2020-07-08,53.334348883034416,53.95572233133798,52.66120122753801,53.17900848388672,22707423
2020-07-09,54.08518031631379,55.66449830119397,53.36024649934301,54.6547737121582,44272795
2020-07-10,54.344079673486206,54.57709027400182,52.868322166794925,53.02366256713867,19520431
2020-07-13,53.82627484635169,53.82627484635169,51.93627026078356,52.35051727294922,15588442
2020-07-14,52.37640977388237,52.920107150775934,50.900652131926606,51.28900909423828,14136718
2020-07-15,51.522023934092374,51.72914448000249,50.0462663410557,50.20160675048828,14376100
2020-07-16,50.486398445543394,50.71941496255761,48.90708073538091,50.09804153442383,13902333
2020-07-17,50.2274931536466,52.73887107054991,50.2274931536466,52.2210578918457,20969602
2020-07-20,52.66120099613789,52.66120099613789,51.67736069495644,51.88448715209961,11335090
2020-07-21,52.11749828727591,54.08517298407474,51.70325129457386,53.74859619140625,24915457
2020-07-22,54.007500268819975,54.369967111285625,52.22105612196385,52.7906494140625,20188599
2020-07-23,52.816541467774755,54.36996915800342,52.63530507679135,52.97188186645508,17706615
2020-07-24,52.71298731513886,53.07545421328477,51.1595594447584,51.547916412353516,19401964
2020-07-27,51.88448791440057,52.16927864910417,50.35695027029187,50.48640060424805,13767556
2020-07-28,50.7970879016057,51.00420843825974,49.96859390327653,50.53818130493164,11913210
2020-07-29,50.69351669998428,51.75502712305117,50.30515980626282,51.159549713134766,16003372
2020-07-30,51.26311530206537,51.65147223617193,49.83913790172249,50.0203742980957,13238655
2020-07-31,50.072150899129944,50.84886471253335,49.839134384766474,50.046260833740234,9989065
2020-08-03,50.17571755334919,50.17571755334919,48.415166216192816,48.725852966308594,15395923
2020-08-04,48.72584497894678,49.036528715205435,48.07858447905731,48.233924865722656,23008432
2020-08-05,48.69996048306828,49.19187768961241,48.20804031359586,48.31160354614258,12634243
2020-08-06,48.77763003053588,49.94270378860239,48.415163165880216,49.5284538269043,32661715
2020-08-07,49.83913579996969,50.43461917255416,49.52845204354317,50.17571258544922,14960743
2020-08-10,50.356949828587574,50.69352069392142,49.86502671215609,50.25338363647461,11882295
2020-08-11,50.38284683227539,51.15956078785679,50.22750048564479,50.38284683227539,13709914
2020-08-12,50.33106120266013,50.95242874384147,49.70968773562223,50.77119827270508,16412251
2020-08-13,51.15955361728059,51.5738006071389,49.9685927807059,50.43461990356445,29558493
2020-08-14,51.34078388190518,51.366673948304005,49.52845256763396,49.68379592895508,24485158
2020-08-17,49.78735403065686,50.74530422334726,49.50256034971953,50.56406784057617,17735583
2020-08-18,50.693523972881586,50.74531003521589,50.072156409294465,50.20160675048828,17880877
2020-08-19,50.38283340400171,52.76475477616263,50.279267225231855,52.53173828125,55320151
2020-08-20,52.29873938560972,53.41202420464126,51.936272493649355,52.557640075683594,27752764
2020-08-21,52.8165383372562,53.41201575609225,52.324621178068845,52.68708801269531,18546679
2020-08-24,52.81654342678253,53.43791689626378,52.376406355006885,52.60941696166992,13289787
2020-08-25,53.127223442402894,53.41201414786181,51.41844958037025,51.62557601928711,22571388
2020-08-26,51.85859128384636,52.221058140321446,51.392564161480216,51.703250885009766,10950342
2020-08-27,52.09160620653306,52.09160620653306,51.26311225316177,51.36667251586914,10079370
2020-08-28,51.47023220752312,52.03982549780645,51.159551422847976,51.31489181518555,13072588
2020-08-31,51.72914211896714,52.557636116506806,49.24366012634813,49.5284538269043,33004056
2020-09-01,50.072155414233485,50.33106201733277,48.67406805369665,49.91680908203125,29722410
2020-09-02,49.89092364811189,50.64174753356439,49.424896459934494,50.38284683227539,13936278
2020-09-03,50.02037099148144,50.978315266885986,49.99448092597625,50.79708480834961,13657464
2020-09-04,50.201604940277576,51.314895611970826,49.78735793753783,50.77119827270508,20661397
2020-09-07,50.74530829896807,51.18544536982457,49.11420738937844,49.58023452758789,16723225
2020-09-08,49.96859656696876,49.96859656696876,48.674069440447205,48.958866119384766,15600906
2020-09-09,48.984751502700064,49.08831472957071,46.628719942870205,47.14653015136719,27830835
2020-09-10,47.560778691962476,47.84557239006763,46.4992681741882,47.0170783996582,26490486
2020-09-11,47.01707811599447,47.45721517537801,46.654611256645126,46.991188049316406,17825986
2020-09-14,47.586670204595926,48.492837385967945,47.01707982815184,47.6125602722168,24445828
2020-09-15,47.63845203792358,48.02680899193635,47.17242487827962,47.69023513793945,12638770
2020-09-16,48.02681056110078,48.02681056110078,47.30187972940569,47.56078338623047,13294863
2020-09-17,47.56077840501848,47.56077840501848,46.86173475299786,46.991188049316406,11986947
2020-09-18,47.120641778263746,48.38927587740539,47.01708150408883,47.69023513793945,32845972
2020-09-21,47.74201041746065,47.74201041746065,45.25652557208178,45.670772552490234,22775569
2020-09-22,45.618998428533494,45.826121946015164,42.90049966902412,43.57365036010742,35781394
2020-09-23,44.11734758290289,44.71282802389325,42.84871353553227,44.376251220703125,25864539
2020-09-24,43.62542521624038,44.24679865637318,42.43446439419944,42.97816467285156,21693714
2020-09-25,43.34063758612735,44.324475053348536,43.02995378554246,44.11735153198242,19590232
2020-09-28,44.816388525763806,46.13680262764584,44.298578318789176,45.670772552490234,18818188
2020-09-29,45.98146124194436,45.98146124194436,45.04940401457441,45.30830764770508,13635609
2020-09-30,45.308313468322055,45.644890308680665,44.27269583982859,44.94584655761719,14885265
2020-10-01,44.94584080880054,45.95556823779814,44.764607376628845,45.77433776855469,11531364
2020-10-05,45.82611412837587,46.49926470462403,44.71282356000176,45.049400329589844,20694472
2020-10-06,45.56721738124023,45.67078062611419,44.894066659809766,45.437767028808594,13850917
2020-10-07,45.049401584208155,45.48953862566385,44.76460493649347,44.89405822753906,18159952
2020-10-08,44.919954705202535,45.127078222684204,43.41830994419255,43.57365036010742,22729912
2020-10-09,43.754880712225564,44.71282802389325,43.13351020374801,44.376251220703125,21425562
2020-10-12,44.738715588918836,44.7904957209969,43.10761772503472,43.418304443359375,15960847
2020-10-13,43.288856941725115,43.49598046067595,42.51214300492733,43.055843353271484,14904708
2020-10-14,42.641595620670266,42.952279412570725,42.046112180093374,42.79693603515625,18774798
2020-10-15,42.66748286572953,43.470086805832665,42.460356400933605,42.615699768066406,15204727
2020-10-16,42.74515546166575,43.59953958435134,42.667485255213776,43.49597930908203,16553877
2020-10-19,43.59953995815014,45.51543469634267,43.495979681992964,45.28242111206055,25708569
2020-10-20,44.42803431860581,45.25652832990922,44.01378435002581,44.376251220703125,16199113
2020-10-21,44.42803891730128,45.696670133058156,44.40214588420562,45.385986328125,23713570
2020-10-22,44.60926835100791,46.136806056623776,44.60926835100791,45.90378952026367,29049411
2020-10-23,46.26625768647178,46.26625768647178,45.04940668677095,45.204750061035156,19985785
2020-10-26,45.38598047040419,45.46365067088086,44.013783225223925,44.27268981933594,14545039
2020-10-27,44.246800427984915,44.3244706296473,43.28885312617414,43.59953689575195,17702235
2020-10-28,43.98788962075271,43.98788962075271,42.8746020221468,43.029945373535156,19733571
2020-10-29,42.7192644184591,43.57364852165692,42.53803097794314,43.211181640625,13868286
2020-10-30,43.495973840224,44.065564171374525,42.82282028389699,43.88433074951172,16440627
2020-11-02,44.06556555951423,44.16912582502497,43.23706862078746,43.47008514404297,15806593
2020-11-03,43.80666193280921,44.324469186219254,43.31474178284869,43.47008514404297,13265691
2020-11-04,43.75488139015807,43.832554556751404,43.00405756968307,43.159400939941406,14930577
2020-11-05,43.70310319723579,45.541324765381965,43.36652637386801,45.28242111206055,27856581
2020-11-06,45.30831769100639,45.411880944972026,44.27269996599451,44.428043365478516,20393556
2020-11-09,44.635156426104764,44.91995012248934,44.350359766791975,44.790496826171875,11260150
2020-11-10,45.049406125202935,47.04297100844538,44.945842889341634,46.70639419555664,38874718
2020-11-11,47.22420390145189,48.881194915521526,46.861737024532644,48.13037109375,57136578
2020-11-12,48.54461098881258,48.674061309497475,47.94913062487834,48.18214416503906,20554857
2020-11-13,48.130361750281715,48.3115951535588,47.379538074266364,48.05268859863281,15724098
2020-11-14,48.67406092034297,48.67406092034297,48.0009103693797,48.415157318115234,3193311
2020-11-17,48.82941609139903,49.34722638417551,48.18215544762489,48.44105911254883,18341221
2020-11-18,48.51872776165964,49.010644975436236,48.052697652739965,48.64817810058594,15311140
2020-11-19,48.15625541501665,50.14982003724461,48.15625541501665,48.49283218383789,26841070
2020-11-20,48.622289568507504,50.719420680490195,48.156262407796966,50.460514068603516,44666955
2020-11-23,51.26311760670794,52.5576388033089,50.53818384033722,52.246952056884766,44530549
2020-11-24,52.712981705313936,53.07544856488537,51.39256460049784,51.9362678527832,27035023
2020-11-25,52.479964678111024,53.69681557867597,52.03982762266042,52.97188186645508,39240312
2020-11-26,52.97188610639797,53.567369534048574,52.609419221275175,53.20490264892578,26136252
2020-11-27,53.59326288053973,55.25025107053073,52.55764229886676,53.15312576293945,59589234
2020-12-01,53.6709321616288,57.9946389783238,53.38613546957448,57.32149124145508,128526679
2020-12-02,57.47681860536635,62.39600775858836,57.036681595349265,60.4283332824707,146250633
2020-12-03,60.71312482340894,63.12093634283418,60.14353748664574,61.23093795776367,91147707
2020-12-04,61.981777750147316,63.172738786782304,61.360404198051945,62.0335578918457,50811147
2020-12-07,62.52546067378962,64.41546503706593,62.447790479241824,63.379844665527344,39823042
2020-12-08,64.2342270267904,64.72615009815182,62.473678958304895,63.04326629638672,37523283
2020-12-09,63.69053960342531,64.26012702960084,63.043276046804095,63.43163299560547,22963911
2020-12-10,63.56109330377811,63.92356020742951,61.80053892520602,62.16300582885742,24284488
2020-12-11,62.18889263033787,66.69383565645023,62.16300256185608,65.16629791259766,79196073
2020-12-14,65.76177140620942,66.38314486362125,64.7779370121399,64.95916748046875,31028142
2020-12-15,65.47697952565107,65.47697952565107,64.33779882421454,64.85560607910156,25140828
2020-12-16,65.50288234766897,65.68411284812125,64.1306848551003,64.41548156738281,28354744
2020-12-17,64.8556141676566,65.08863072063772,63.94944987712674,64.15657043457031,20720152
2020-12-18,64.46724802590565,64.98505527171184,62.75847996664584,64.75204467773438,36113299
2020-12-21,64.72615177808012,64.72615177808012,58.279424887379356,59.39271545410156,42020571
2020-12-22,59.289162273178334,62.4477979705501,58.331211981270755,61.36039733886719,65276847
2020-12-23,61.6192948456018,61.87819548692333,60.40243812796727,61.23093795776367,22820253
2020-12-24,61.6193089919381,63.690544227296144,61.6193089919381,62.214786529541016,30915960
2020-12-28,62.732582602588636,63.768202997404266,62.42190181741446,63.50929641723633,26155936
2020-12-29,63.92354755115441,64.51902496548877,63.120937767376496,64.07888793945312,21306684
2020-12-30,64.1565642001971,64.3119105290412,62.96560333305608,63.74231719970703,17321797
2020-12-31,62.75847612864443,64.15655738457822,62.75847612864443,63.81998062133789,17744406
2021-01-01,64.15658049565587,64.41548715891939,63.45753665294498,64.02713012695312,13127679
2021-01-04,64.62260026460547,66.51260505806563,64.54493005237917,66.27959442138672,38074425
2021-01-05,65.8394451859145,67.1857524415391,65.114517347336,66.9527359008789,37288144
2021-01-06,67.72944263648513,70.42205093701243,67.57410224305048,69.38643646240234,68322273
2021-01-07,70.13725917910536,70.31848963543392,68.50615544286786,69.10163879394531,27057928
2021-01-08,69.64533804800679,69.72300824576115,68.16958058724906,68.73917388916016,25695991
2021-01-11,69.38643432002736,70.73273546579455,68.37670401630999,70.26670837402344,34330885
2021-01-12,72.95932290165443,74.305624163863,72.07904877152359,73.21822357177734,97586422
2021-01-13,74.56453378227123,74.56453378227123,72.05315569928642,73.14055633544922,40754778
2021-01-14,73.24412574178496,75.60015759374134,72.95932905477457,74.56453704833984,45977088
2021-01-15,74.79755664818147,75.7037209587124,70.7068603639519,71.71659088134766,56681310
2021-01-18,72.90755450922178,73.52892214344305,69.69713234995835,71.4059066772461,51258841
2021-01-19,72.38972769413527,73.21822166870754,71.74247010979488,72.31205749511719,24831927
2021-01-20,72.51919033952088,72.80398109433958,71.22466320509936,71.45767974853516,30661965
2021-01-21,72.33795410533764,72.33795410533764,68.63562095117905,69.25698852539062,37836190
2021-01-22,69.38644818688874,70.57740918203076,68.86863493623072,69.41233825683594,39321474
2021-01-25,69.90424578828146,70.91397615334361,68.48026843582731,68.84273529052734,36106143
2021-01-27,68.9746701432935,69.47601465493942,66.96928605728765,67.39147186279297,34566082
2021-01-28,66.49434474073213,68.42057061189078,66.28324876442733,67.86644744873047,25917363
2021-01-29,68.07753559473338,68.44694898120898,65.59719288512798,66.12492370605469,33971523
2021-02-01,65.57079731403259,68.07752590595615,65.57079731403259,67.233154296875,26058949
2021-02-02,68.02475934918553,69.76627518938983,67.94560063634401,68.44694519042969,24691153
2021-02-03,68.60525314536379,69.89820276764495,68.23583983034372,68.84273529052734,27508782
2021-02-04,69.13299386247215,71.37585407557741,68.73719429081567,68.97467041015625,36515719
2021-02-05,69.76627118717592,70.03013958759993,67.28592875722609,67.65534210205078,24708759
2021-02-08,68.55248652782007,70.8745115519917,68.15668694505041,69.34408569335938,41634937
2021-02-09,69.6607148658094,70.42592766658464,68.97466076040651,69.15937042236328,22848123
2021-02-10,69.87181470324384,70.71619235945529,69.02744308645458,70.50509643554688,43526124
2021-02-11,70.66341776871091,72.82712544125172,70.24123193689705,72.00914001464844,68614404
2021-02-12,72.27301813378622,72.43133557720202,69.84544172544716,70.13569641113281,20971080
2021-02-15,70.68979858776255,71.45500537686975,69.5815586940911,70.61063385009766,25271722
2021-02-16,70.82172774978118,71.37584466124446,69.9245837828706,70.24121856689453,22841383
2021-02-17,69.92460270387937,72.27301422404558,69.66073427303746,70.92729187011719,32423616
2021-02-18,73.32848326933087,77.9989205418908,72.82713863561317,75.5185775756836,172072992
2021-02-19,75.96714021505947,78.86966872618648,75.72965802912294,76.73235321044922,104480796
2021-02-22,76.52124961792288,76.78511801599832,74.93805130831466,75.36023712158203,30914005
2021-02-23,75.51856835628008,78.5002555921968,75.51856835628008,77.76142883300781,45379051
2021-02-24,77.8669778185749,78.15722643550991,75.41301541761963,77.28646850585938,32315163
2021-02-25,78.07806782380788,80.63757517971982,77.1545374171444,79.58210754394531,58101687
2021-02-26,79.13352703189194,79.13352703189194,74.09367761004582,74.83250427246094,56187516
2021-03-01,76.04628933311268,76.8642747022713,75.20191772878263,76.25738525390625,25289113
2021-03-02,76.75873758081283,77.52395055757898,75.78242866174928,76.41571044921875,25249303
2021-03-03,77.02260793524019,77.84059340828983,76.38932613184949,77.55033874511719,24425679
2021-03-04,76.78511981318046,77.49756027706353,75.65049352614862,76.23100280761719,24878889
2021-03-05,76.17821530394826,79.15990798996715,76.17821530394826,77.65586853027344,51476011
2021-03-08,78.31554659677029,83.35539633604951,77.84058829513752,81.35000610351562,94604086
2021-03-09,81.74580114441144,81.74580114441144,78.28915600202592,78.6585693359375,30716043
2021-03-10,79.02798261082087,79.63487206216523,77.62948798218112,77.94612884521484,32017675
2021-03-12,79.42379183129978,80.45286721193449,76.86428442012095,77.49756622314453,23323801
2021-03-15,77.99890893672362,77.99890893672362,74.70058088646164,75.75604248046875,33737184
2021-03-16,75.99350918275523,76.86426693425668,74.91165553179388,75.59770965576172,22843108
2021-03-17,75.99350663525826,76.78510566270886,72.43131101173053,73.03820037841797,23420679
2021-03-18,73.40762082735027,74.8325016316418,69.87181109023972,71.29669189453125,26944941
2021-03-19,71.74527350696137,74.01452618775829,67.9719871576305,73.09099578857422,63397212
2021-03-22,75.24073538891265,75.24073538891265,72.74166325409304,73.52094268798828,25674943
2021-03-23,73.62843315965114,74.32709259416187,71.88176919726983,72.2311019897461,21115888
2021-03-24,71.2637247618049,71.9892616387094,69.89326484977599,70.4038314819336,21688359
2021-03-25,70.43069162376295,71.42494114935838,68.49592897481843,68.79151916503906,30227956
2021-03-26,70.00074883934715,71.37120245834501,69.14084949850239,70.83377075195312,24132462
2021-03-30,71.9623783153469,73.76278471989298,70.2963344532078,71.12935638427734,107787562
2021-03-31,71.96238148599798,74.05837819565907,71.58618357191905,72.82228088378906,47196391
2021-04-01,73.22535202922411,75.75128906728376,72.66104288957929,75.32134246826172,28242048
2021-04-05,74.70329192890944,74.94513958542106,72.31171124401092,72.52668762207031,19137969
2021-04-06,73.46718989262072,73.62842370329368,72.06986505262083,72.31170654296875,13039233
2021-04-07,73.25222163432556,76.23497648132339,73.25222163432556,74.51519012451172,49814551
2021-04-08,75.77815196960621,75.77815196960621,74.03149448853875,74.46144104003906,20390359
2021-04-09,74.51520371894308,75.50945346585125,74.3002273099011,74.59581756591797,12520753
2021-04-12,72.23108656122547,72.90288072252662,70.16196767892886,71.34432220458984,23915031
2021-04-13,72.01612176913588,75.18697544130623,71.96237306582913,74.64954376220703,29176507
2021-04-15,73.35971101632248,76.07375324715397,73.33283973733495,75.56318664550781,21462112
2021-04-16,75.7512859848827,76.53056531710818,74.83765026794285,75.02574920654297,17054697
2021-04-19,72.55354601556833,74.11210449077628,71.77426677796436,73.30595397949219,17736906
2021-04-20,74.27335003384887,75.10637201958387,71.74741279648735,72.2311019897461,28390069
2021-04-22,71.47868347167969,72.12360640272966,70.1082299312496,71.47868347167969,15984199
2021-04-23,70.83376831600559,72.01612294975997,69.06023329015349,69.5439224243164,35660049
2021-04-26,70.24258278331698,70.94124823177773,69.73202240964515,69.86637878417969,9030549
2021-04-27,69.86638001776534,71.37119604088403,69.86638001776534,70.69940185546875,17735046
2021-04-28,71.20997594285723,72.01612659069923,70.94125701009611,71.66679382324219,10324981
2021-04-29,72.39232525758774,73.30596095047389,71.63991722211415,72.4460678100586,13927243
2021-04-30,71.72053943231086,76.02001178727822,71.10248770578687,73.73591613769531,32024217
2021-05-03,73.14473996495285,74.2733522160099,72.36546051663551,73.89714813232422,11181586
2021-05-04,74.4345836824242,78.27723208934223,73.81653193945907,77.25611114501953,46779609
2021-05-05,79.16398354591996,79.99700539189497,76.85302308797289,77.95475769042969,32885070
2021-05-06,78.41157395165196,81.60930489307084,78.25034630100185,81.23310089111328,39768303
2021-05-07,81.31372162000434,82.03925220509032,79.91639069966551,80.7494125366211,28393536
2021-05-10,80.74940503038069,83.57093173369361,80.74940503038069,83.06037139892578,24594211
2021-05-11,82.22735996043836,87.8704140753704,81.79741339028246,87.0105209350586,53661036
2021-05-12,87.38674057994177,89.07965588707378,85.2907499068049,86.55371856689453,39969171
2021-05-14,86.79555189159417,86.92991443452271,81.77054900727829,82.0661392211914,31277709
2021-05-17,82.7647859546813,83.19473249532636,80.80315217217047,82.30796813964844,21743668
2021-05-18,83.3022276263734,84.91452876655843,81.95863924259204,82.119873046875,21403944
2021-05-19,82.119873046875,83.06037999516934,81.31372247678247,82.119873046875,13490071
2021-05-20,81.66306527981608,81.85116423249174,78.8684092155443,79.19086456298828,22357680
2021-05-21,79.32522652951717,80.85691402046842,78.0891292553414,78.33097076416016,25575448
2021-05-24,78.73404575060063,82.01239094818382,78.41158425648197,81.52870178222656,23611546
2021-05-25,82.54981414390801,83.70529737128906,81.52868728583626,83.35596466064453,39346974
2021-05-26,83.3022339389441,83.73218053221171,81.52869886007917,81.7436752319336,13011952
2021-05-27,81.8242828643902,83.3022276263734,80.91064719173622,82.119873046875,22522069
2021-05-28,82.33484924687116,84.59207346765699,81.71680371170153,82.20049285888672,23036859
2021-05-31,82.76480062112832,86.74181143967705,82.33485400429397,85.96253204345703,72157479
2021-06-01,86.31185314538976,86.92990478309397,84.91452836733787,86.23123931884766,21191044
2021-06-02,87.27923066804863,87.84353975022005,84.72642261194954,85.37134552001953,21189259
2021-06-03,85.88192424007244,87.19863546223712,85.2907499068049,86.55371856689453,17615073
2021-06-04,86.68806597361497,88.54221492494818,86.15063425820942,87.06427001953125,20177104
2021-06-07,87.33298441319332,91.30998874118981,87.06426549423693,90.47696685791016,49836346
2021-06-08,90.39636673177756,91.25626002227175,88.6765801507892,90.181396484375,25042431
2021-06-09,91.36373758224939,91.5249652436002,85.07576038251062,87.27923583984375,62295735
2021-06-10,88.4078540890563,89.21400475293962,86.25812103551462,87.87042236328125,35289424
2021-06-11,88.6765702499872,90.15451513763408,86.63432237547146,88.00477600097656,35738218
2021-06-14,88.3541062415467,88.46159135017803,86.04313950332671,87.68231201171875,25594012
2021-06-15,88.4078427602885,89.32148457260402,87.35985072179699,87.60169219970703,21552793
2021-06-16,87.7629306322949,89.07964164392766,86.63431855784924,86.9299087524414,18742569
2021-06-17,86.79554938062347,87.95103277390928,85.29073937697702,86.25811767578125,15169980
2021-06-18,86.66119698628835,87.03740104214972,82.01239192115894,83.32910919189453,27276078
2021-06-21,82.2273661295573,83.92028126095991,81.28685908998725,83.43659210205078,20233188
2021-06-22,84.37709087197335,85.29073269419213,83.24847884483773,83.46345520019531,11793544
2021-06-23,84.37710040222692,84.37710040222692,82.06613968614803,82.41546630859375,12285874
2021-06-24,82.71105186087642,83.27536098158625,81.55556849276319,81.82428741455078,12256840
2021-06-25,82.22736248738795,83.14099820824131,81.82428718107722,82.2811050415039,9826611
2021-06-28,83.0872605757184,83.38285079130621,81.79742074920988,82.41546630859375,10817572
2021-06-29,82.46921314085678,82.63044080908823,81.34060101191267,81.68993377685547,9614037
2021-06-30,81.7167943256257,81.98550707072997,80.21197835127987,80.42694854736328,15773007
2021-07-01,80.99126637391414,82.63043889812394,80.61506233963311,82.22736358642578,18541380
2021-07-02,82.73793225836556,82.73793225836556,81.15250213089196,81.31373596191406,11203966
2021-07-05,81.85115215504425,82.57668888062055,81.44807687977304,81.77053833007812,9413395
2021-07-06,82.06613626677078,83.35597603953669,79.97013971677987,80.80316162109375,19510194
2021-07-07,80.50756672026435,81.74366377141216,79.83577257165173,80.58818054199219,12318030
2021-07-08,80.53444877828194,81.20623686641119,79.78204070718894,79.91639709472656,12805605
2021-07-09,79.91639591475342,80.10450100496986,79.0027601921052,79.0833740234375,10268650
2021-07-12,79.80890753493802,80.1851115495092,78.73403804324307,78.86840057373047,14658186
2021-07-13,79.62080579657055,81.36746956274122,79.27147919377751,79.97013854980469,21299175
2021-07-14,79.54019330054062,80.58819157783765,79.11024670867442,79.45957946777344,9304242
2021-07-15,80.02388248997113,80.02388248997113,77.33671782699439,77.60543060302734,19727857
2021-07-16,77.92789679904452,78.03538806640171,76.85303332900521,77.8204116821289,16989651
2021-07-19,77.82040752607394,79.54019390664364,77.28297581975622,77.57855987548828,19776231
2021-07-20,77.60542726214135,77.92788872994025,75.64379947978337,76.50369262695312,13439010
2021-07-22,77.71292850137444,78.03539001059676,76.15436966550136,77.2829818725586,17509659
2021-07-23,77.39045649549445,77.92788817101065,76.31558699402117,76.53056335449219,11050608
2021-07-26,76.31558793403099,76.36933048720049,75.07949075980962,75.96625518798828,13892751
2021-07-27,76.23497977669753,76.31559361245002,74.46145078837712,74.73016357421875,13121917
2021-07-28,75.18697789569379,75.18697789569379,73.41344899146304,74.08524322509766,13732599
2021-07-29,74.64955629969559,75.02576038338127,73.60156404191844,73.89714813232422,10445511
2021-07-30,74.16586413144428,76.20811215401982,73.76278878290381,74.99888610839844,21627378
2021-08-02,75.75128669742196,77.01425517694011,74.89139352627944,76.77240753173828,11319531
2021-08-03,77.36357678323718,77.47106187653168,76.2349648523243,77.01424407958984,13360672
2021-08-04,77.52481287676328,78.5728111019828,76.23497316525987,76.53056335449219,14392776
2021-08-05,76.85302696372504,78.25035181922063,75.40195340378176,76.79927825927734,29264226
2021-08-06,79.00275327545303,82.73791582080764,77.87414128428702,79.9432601928711,95269251
2021-08-09,80.72255090838533,80.8837847302384,78.03538614887592,78.35784149169922,16898479
2021-08-10,78.41157773521857,79.62080362476463,77.28297182532832,77.84727478027344,22428588
2021-08-11,78.19660957790005,79.80891080631035,77.52481534924873,79.0833740234375,16947189
2021-08-12,79.40583495226906,81.15249255420241,78.76091200517067,80.96439361572266,23069728
2021-08-13,81.15249766902019,81.63618683460906,79.27148356390332,79.75517272949219,15121327
2021-08-16,79.78205053314785,80.21199717666163,79.2714900471831,79.80892181396484,7275816
2021-08-17,79.78204119417755,80.18511650969194,77.84727844962023,79.00276184082031,8829298
2021-08-18,79.1102441076084,79.43270557851613,77.95476075794626,78.25035095214844,6614773
2021-08-20,75.24072643765506,77.605429588023,75.24072643765506,75.42882537841797,21531570
2021-08-23,76.63806324713,77.44421399117478,75.24073816099205,75.67068481445312,11996193
2021-08-24,76.31559733399357,79.54020012487275,76.28872605409902,78.16974639892578,31872112
2021-08-25,78.78778891892782,79.27148423907788,77.39046396749846,77.87415313720703,11509722
2021-08-26,77.87415058138755,78.08912695555892,75.99313037154299,76.66492462158203,14629591
2021-08-27,77.01425713701703,78.035384147763,76.3155916112667,77.12174224853516,18811386
2021-08-30,77.04111469667927,78.8415207462274,77.04111469667927,78.46531677246094,18467458
2021-08-31,78.43845910284725,79.35209484739927,77.28297570805911,78.54594421386719,21014754
2021-09-01,79.00276641952539,79.67456070113113,77.65918400675548,77.8204116821289,16225903
2021-09-02,78.41157497575838,79.13711171404113,77.47106803380119,77.98162841796875,13093312
2021-09-03,78.46533333462047,80.26573361374997,77.98163801593836,79.21773529052734,21378195
2021-09-06,80.07762477653931,80.40008008193061,78.73403640231275,78.94901275634766,11086869
2021-09-07,78.94902132641151,79.32522537397972,77.39046257940629,77.4979476928711,9302749
2021-09-08,77.92788586705014,78.73403643171079,77.39045420742326,77.98162841796875,12718144
2021-09-09,77.9010216633078,79.94326953581042,77.6591801622201,78.00850677490234,18027484
2021-09-13,78.4384680074193,78.62656697305778,77.63231728237056,78.41159057617188,10928922
2021-09-14,79.11025664814336,84.18900870630975,79.11025664814336,83.83967590332031,54475924
2021-09-15,83.83966473579622,85.85504129194517,83.46346070195234,84.45771026611328,29863693
2021-09-16,84.37709643395556,85.02201939209968,83.83966473579622,84.45771026611328,17459850
2021-09-17,84.29648742298681,85.64006982044955,82.36172458834024,82.81854248046875,28818694
2021-09-20,81.68993836966014,83.08726335755097,79.83578932854716,80.50758361816406,8997673
2021-09-21,80.50756617462262,81.68992066993843,77.92788084373343,80.61505126953125,12995049
2021-09-22,81.09874034706037,81.7705344911199,80.29258983436506,80.61505126953125,17163750
2021-09-23,81.71681184568284,83.6515686270067,81.23311649991007,82.17362976074219,22708315
2021-09-24,82.76479053268143,83.1947370971083,79.83577840931576,82.01238250732422,23447479
2021-09-27,83.30222720627049,84.37709052734601,81.68992607421649,83.03350830078125,31471288
2021-09-28,82.8991605901336,86.74180874303211,82.25423760971081,85.72068786621094,49434681
2021-09-29,84.8876709566778,86.79555643155537,82.89916549164958,84.00090026855469,32460355
2021-09-30,85.42508807061859,85.88190590115121,83.35596912035165,85.37134552001953,31218057
2021-10-01,86.09688820808347,89.3214906705519,84.67268591695407,87.68231201171875,68705115
2021-10-04,88.35411336554597,88.56908975058327,86.52684176971606,86.82242584228516,13440394
2021-10-05,86.8492927263921,90.50384188354626,86.82242144842752,88.51534271240234,37808565
2021-10-06,88.67656988660583,92.06240009482701,88.1391381798644,89.4289779663086,54857979
2021-10-07,90.31573434271063,90.55758197181717,85.39821713788314,85.8012924194336,28643079
2021-10-08,86.68806277399597,87.5479559470831,84.72642878207297,84.99514770507812,17590875
2021-10-11,85.3982331650817,86.36561156218023,85.18325677103655,85.31761932373047,9531361
2021-10-12,85.4250965044123,85.74755799028307,84.4039694908951,84.88766479492188,18012067
2021-10-13,85.07576889684918,86.52684259599344,84.9682837785249,85.45197296142578,14951839
2021-10-14,85.98939459271912,87.9778998001148,85.72068182850413,86.01626586914062,23311758
2021-10-18,86.52683635922489,88.03164635862443,86.44621637585104,86.71493530273438,25302591
2021-10-19,86.95678072192992,87.38672730365236,83.22161172076225,83.70530700683594,11178493
2021-10-20,83.30223025107685,83.40971535702498,80.7225446552351,81.4749526977539,12791211
2021-10-21,82.28110599660877,83.24848428280724,79.86265413067144,80.4538345336914,25111639
2021-10-22,81.95864483291712,82.71105290304996,79.94326827021881,80.88378143310547,13604868
2021-10-25,81.44808957431526,81.60931724937653,78.51907709094453,79.674560546875,10413771
2021-10-26,79.99701250821866,81.95864655724122,79.99701250821866,81.68993377685547,11325540
2021-10-27,81.77054501749684,82.4692105252232,80.26572889329886,80.48070526123047,17954121
2021-10-28,80.88378627318069,81.15249906399275,78.5728193695477,79.24461364746094,14810112
2021-10-29,78.81465464007478,83.97401977084472,78.19660911970752,79.99700927734375,42520734
2021-11-01,81.95864668144826,83.19474392441994,80.07763261413207,80.72254943847656,24821902
2021-11-02,80.99126160178784,83.1678656965327,80.80315652051017,81.12561798095703,22232334
2021-11-03,81.60931921591505,83.03352164837487,80.615069561529,80.91065979003906,23762697
2021-11-04,81.31371851595543,81.68992250703626,81.15248471952624,81.42120361328125,1334935
2021-11-08,81.95865383732462,82.30798663329735,80.93753288027374,81.63619232177734,27469462
2021-11-09,81.6899303935981,82.06613442099865,80.7225459729505,80.96439361572266,16457853
2021-11-10,80.96439587842833,82.28110693590779,80.40008674633627,81.7436752319336,28379137
2021-11-11,81.68993247644626,82.06613651343889,80.07763121803247,80.34634399414062,16867800
2021-11-12,80.69567501407211,80.83003139923005,79.27147888007474,79.54019165039062,10517026
2021-11-15,79.4595868294533,80.07763857214468,78.78779252660473,79.0296401977539,10850394
2021-11-16,79.08337283090283,79.80890960283499,77.9278894812407,78.25035095214844,8684095
2021-11-17,78.1159996920023,78.81465908261076,77.65918180760552,77.92789459228516,5816481
2021-11-18,78.22347598108136,78.22347598108136,75.42882028260281,75.75128173828125,15334431
2021-11-22,75.77815515404639,76.04687406644175,73.22534701283364,73.7896499633789,14125108
2021-11-23,73.14473199525851,74.83765326260797,73.11786071724036,74.43457794189453,13845207
2021-11-24,74.70329022675891,76.96051446796422,74.70329022675891,75.34821319580078,13653798
2021-11-25,75.6438067420711,76.42308613471715,74.32708946801579,76.0737533569336,15096982
2021-11-26,75.24071830182524,75.4288172222489,71.50554966329392,71.80113983154297,15749431
2021-11-29,71.80114673801846,71.80114673801846,69.57080000054395,70.05448913574219,16883688
2021-11-30,69.94700245424205,72.39233186804533,69.30208561526088,69.75890350341797,18842749
2021-12-01,70.45756223332171,71.63991683257393,68.65715598313363,70.16197204589844,20438737
2021-12-02,70.1888479543816,71.2637175202169,69.92012902531246,70.7531509399414,11993058
2021-12-03,71.02186474795424,71.90862915436831,70.69940328641073,71.07560729980469,21972160
2021-12-06,71.18310727730875,71.209978556527,68.1734748013319,69.24834442138672,37230048
2021-12-07,69.75890202547126,71.69366480230684,69.65141691299186,71.23684692382812,10273959
2021-12-08,71.74741142683605,73.09099386033743,70.69941306941347,71.85489654541016,12704800
2021-12-09,72.2848309237951,72.36544474906825,71.29058144454501,72.15047454833984,9177496
2021-12-10,72.1504720170209,73.03723636479565,71.72052548020767,72.79539489746094,9226884
2021-12-13,73.52093662301398,73.76278427754312,71.478688725177,71.66679382324219,11789575
2021-12-14,71.3443291351362,73.09098674366483,70.94125382928797,72.71478271484375,19527363
2021-12-15,72.52669140463894,72.74166164346852,70.78003361238171,70.9412612915039,9433017
2021-12-16,71.20997216977568,71.39807110743304,69.194595656956,69.62454223632812,20402434
2021-12-17,69.8663766201405,69.97386786687929,68.60340828731326,69.59766387939453,29791119
2021-12-20,69.59767264063645,70.24258945005195,67.28670587666471,67.68978118896484,19809883
2021-12-21,68.25408700960864,69.62454681878985,67.58229889474785,69.3289566040039,11009583
2021-12-22,69.8126431373005,70.24258972876385,69.16772632532604,69.973876953125,8446630
2021-12-23,70.32320927721435,71.69366914612607,70.21572415822259,71.39807891845703,14736444
2021-12-24,72.06986784628488,72.09673912403183,69.7051585019064,70.32320404052734,12075364
2021-12-27,70.3231997024343,70.3500709785236,69.27520763406947,70.16197204589844,10079781
2021-12-28,70.75313861979934,71.69365163255053,70.45755461477829,71.50554656982422,10441480
2021-12-29,71.39806876134821,71.74740149881696,70.45756180308369,71.07560729980469,10156587
2021-12-30,71.32500481631207,71.79607041929714,70.65996729311676,70.74309539794922,17955094
2021-12-31,70.93707295325555,71.99004171598129,70.93707295325555,71.60210418701172,6240936
2022-01-03,71.76835163543663,72.93215763494216,71.65750783460089,72.84902954101562,6717087
2022-01-04,73.40324053411872,74.37308112667432,72.9598779487738,73.59720611572266,10529581
2022-01-05,74.23453217672734,75.6477289722692,73.45865718778632,75.3983383178711,18244765
2022-01-06,75.4260553653344,77.08864298454954,74.31766784736996,76.9500961303711,19398843
2022-01-07,77.28261684044949,77.58742626947442,76.2850604388048,77.3380355834961,11267464
2022-01-10,77.58742226116266,79.25000983574279,77.55971289107087,79.05603790283203,12153643
2022-01-11,79.11145291610421,79.49939042138188,78.22474043040327,78.58496856689453,10066720
2022-01-12,78.83436022231503,79.80420082660456,78.61267892696048,79.58251953125,7171141
2022-01-13,79.63794031389043,80.55236213055882,79.11144964418753,80.33068084716797,10180855
2022-01-14,80.02587772399306,80.69091528394635,79.360846506308,79.970458984375,6295374
2022-01-17,78.44643050326079,80.52466510619232,78.00307421078664,80.19214630126953,12524406
2022-01-18,80.13671763243242,80.91259263373598,78.66809573519326,79.194580078125,13774521
2022-01-19,79.02832404663228,82.29808026999858,78.91748657255692,81.99327087402344,29895144
2022-01-20,81.79931216867386,82.29808718619714,81.05114647125475,81.66075897216797,9383230
2022-01-21,81.16198431517364,81.35595625423616,78.33558408029543,79.47168731689453,12161757
2022-01-24,78.72351046040416,79.63793859965689,76.8669574993899,78.05847930908203,15752490
2022-01-25,76.89468299150064,79.88733965568905,76.53445480212082,79.66566467285156,16582789
2022-01-27,78.69579879769104,79.83190184015353,78.11389576447569,78.307861328125,18465921
2022-01-28,78.77893414839937,81.0234310737061,78.3078685367625,78.58496856689453,13390612
2022-01-31,79.25000902707184,80.33068713416068,78.94519961690423,79.970458984375,7778208
2022-02-01,80.35838752094155,82.0209748927008,79.88732194457876,81.74388122558594,15361881
2022-02-02,82.29808026730635,82.43662710989601,80.58007405012287,80.74633026123047,10444488
2022-02-03,80.35840009601264,82.74144405972176,80.35840009601264,81.68846893310547,24145317
2022-02-04,82.99083097507724,84.21006227264753,80.99572463884694,81.21739959716797,28158331
2022-02-07,81.71618200434676,82.51976008101565,81.13427254662356,82.15953826904297,12239946
2022-02-08,82.2149559925162,82.46434032079752,78.86207150747713,79.970458984375,18082866
2022-02-09,80.35838674783845,80.69090548744475,78.8620619330113,79.2222900390625,11447532
2022-02-10,79.47168638025991,79.49939575090391,77.78138940190223,78.47413635253906,30568632
2022-02-11,77.97535517605398,79.11145196720571,77.58741767542942,77.94763946533203,11599657
2022-02-14,77.0332138469264,77.9753513549998,75.5368889969291,76.22962951660156,12593280
2022-02-15,76.64527752117385,77.4211524961032,74.34536830616754,77.17176818847656,9896463
2022-02-16,77.22718811035156,78.252447408664,76.8946693528048,77.22718811035156,7104208
2022-02-17,77.89222464878743,78.88978099014446,77.06093086879069,77.47657775878906,9550596
2022-02-18,77.58741372706749,78.36328234656536,76.67298558781475,78.05847930908203,9216444
2022-02-21,77.80909576837469,77.89222387709715,75.20437697479511,75.53689575195312,7842079
2022-02-22,73.20926901362787,75.09353781378819,73.18155964467464,74.56704711914062,16870429
2022-02-23,74.84415896646847,77.53200623286688,74.81644959314079,76.61758422851562,16949706
2022-02-24,74.26224042732683,75.45375591855647,71.26957798865085,71.90690612792969,20102259
2022-02-25,72.59965326738993,75.06582504617867,72.59965326738993,74.70559692382812,9361903
2022-02-28,74.8164331313453,81.32823590686642,74.17910500050155,80.27526092529297,41879932
2022-03-02,80.91258665445974,85.78950490726679,80.63548664810907,84.54256439208984,51656592
2022-03-03,85.76180720498087,88.56049798873258,84.84738530460437,88.11714172363281,43969119
2022-03-04,88.11713906092042,88.67133278998149,85.81722335212096,86.14974212646484,27599464
2022-03-07,86.62080748818835,90.88812011866823,86.01119502227299,89.58575439453125,49852981
2022-03-08,89.58575881747176,90.44476833364371,86.78707433076319,87.23043060302734,27506886
2022-03-09,87.64606842607174,88.11713402016649,85.01363409351721,85.62325286865234,19095226
2022-03-10,84.23776228322482,84.40401848349374,81.32823438264612,81.74388122558594,38037085
2022-03-11,82.020979672358,85.40157334629882,82.020979672358,84.45944213867188,26918119
2022-03-14,85.29074298136901,86.67623053995372,83.62815537415999,84.4317398071289,26780125
2022-03-15,84.01608606028557,84.18234227055372,81.30052990563178,82.27037048339844,30786711
2022-03-16,82.96311722225282,84.68112342754944,82.020979672358,84.45944213867188,22874641
2022-03-17,84.93051641646392,85.42929143954365,83.46190071838092,83.84983825683594,27066381
2022-03-21,84.39430449809257,84.65221841547438,82.53161400718813,82.70355224609375,28588611
2022-03-22,83.10474554688572,83.76385522771639,81.78653274424758,82.21638488769531,19226274
2022-03-23,82.61758721394673,83.79251824833217,82.01579678898155,82.30236053466797,21618523
2022-03-24,82.61758211920412,84.73818650163177,82.56026937360112,84.30833435058594,17833026
2022-03-25,84.53758892904224,85.19669203939901,84.02176111864797,84.6235580444336,15487354
2022-03-28,87.1167061133951,87.89043474973901,86.11371337313162,87.17401885986328,41821984
2022-03-29,87.80446923123803,87.97641403671813,86.2570053360593,87.48924255371094,15687570
2022-03-30,87.97641791131599,88.43492648108344,87.05939421275717,87.94776153564453,14933176
2022-03-31,88.7214913594374,90.12568002118724,87.60387957607313,89.20865631103516,43637698
2022-04-01,89.98238457594127,93.07731885978195,89.32328141945897,92.87672424316406,26125590
2022-04-04,93.76507983591542,94.22358835077655,92.44686703581175,92.6761245727539,17226963
2022-04-05,93.33523257675466,93.70777199438808,91.78776215874252,92.13164520263672,17312992
2022-04-06,91.58716557199462,93.56448811257492,91.04268792364074,93.04866027832031,10617483
2022-04-07,93.1059819587269,93.67911599482412,91.24328486311975,92.10298919677734,11665852
2022-04-08,92.47552012689563,93.27791163918849,91.78775409949522,92.93402862548828,10835868
2022-04-11,93.42120161210552,95.08329752354686,93.16329424868955,94.33821868896484,17773953
2022-04-12,94.82539315753988,96.68808374385064,94.25225254711832,95.54180908203125,42080380
2022-04-13,96.25822044140928,97.1465810699727,95.71374282755302,96.65941619873047,16484244
2022-04-18,95.79972356115088,97.89167171541304,95.71375443680253,96.25823211669922,24478446
2022-04-19,97.08928343568651,99.43913904364405,96.487486426546,97.43316650390625,42103258
2022-04-20,98.26420997617575,98.26420997617575,93.76508703960666,94.91136169433594,26439088
2022-04-21,93.99434661865234,94.7107625541429,91.98836756942639,93.99434661865234,26070097
2022-04-22,93.42120453342685,94.96867499840673,93.07732147909535,94.10897064208984,10841299
2022-04-25,92.79074110925538,93.33521868830489,89.4092370390128,90.46953582763672,26466789
2022-04-26,91.4725410141694,91.6444792546622,88.83611530580562,90.01103973388672,23229772
2022-04-27,89.35194475022794,90.18299277325472,88.54955310323491,89.20865631103516,21439446
2022-04-28,90.55552713729045,91.04269206154072,89.75313553534049,90.4408950805664,17426662
2022-04-29,90.84209070114305,92.4755302762243,90.7274652036703,91.21463012695312,19011850
2022-05-02,90.64149811041243,91.50120247875775,89.75313736705716,90.29761505126953,9307420
2022-05-04,89.98238836713656,91.75910985384706,89.40925430791428,90.29761505126953,15067609
2022-05-05,91.12865570823644,93.70776860563936,90.89939816758977,92.47552490234375,19248847
2022-05-06,90.89939035465065,92.27492236225511,90.21163090987112,91.81641387939453,11865471
2022-05-09,90.55552220973857,91.67313386955006,89.12267733035704,89.46656036376953,10668991
2022-05-10,88.80745345013553,89.95372143403984,84.8241522010478,85.33997344970703,20527045
2022-05-11,85.36864198377945,87.77581015519796,85.08207168948204,86.34297180175781,16623364
2022-05-12,86.17102850537515,87.00207647021949,84.82415924901244,86.14237213134766,14025940
2022-05-13,86.57221644077667,87.57520911774648,84.10773570304822,84.70952606201172,11376351
2022-05-16,85.36864916117953,86.62954282044193,84.766852148461,86.37163543701172,6032104
2022-05-17,87.57521009659993,88.60685259750346,86.60087378016543,88.37760162353516,9515223
2022-05-18,88.69282468827411,89.26596526046917,87.66118215276029,88.0623779296875,11161104
2022-05-19,86.54356321952783,88.49222934252424,85.82714734878391,88.11968994140625,10548978
2022-05-20,88.57820577926803,90.06835694784996,88.40626753024758,89.58119201660156,8769070
2022-05-23,88.83611536831168,89.40924939604776,87.51790251320229,87.8044662475586,8706325
2022-05-24,88.17700578479544,88.83611549278538,86.54356626058194,87.11670684814453,10262602
2022-05-25,87.25998797956557,88.26297416080564,86.57222190390051,87.17401885986328,12431466
2022-05-26,87.3746113682275,87.91908900558583,84.93878690687538,86.65819549560547,11919162
2022-05-27,87.28864543117675,87.40327092552923,81.49997269907148,81.8438491821289,17134840
2022-05-30,83.133416177516,83.6779004625521,81.09878715951821,82.38834381103516,15258349
2022-05-31,82.67489414563047,87.1740167855854,82.24504199832386,84.36564636230469,44252818
2022-06-01,84.50894754826648,85.74118487217495,84.25103359731806,85.39730834960938,16916865
2022-06-02,85.4259483656141,86.17102058083336,84.8241514483327,85.48326110839844,10290948
2022-06-03,85.97042756785528,86.65819361200737,84.36564450418248,84.59490203857422,8321058
2022-06-06,83.7352013157597,85.94177484242262,83.67788856948577,84.91012573242188,7615440
2022-06-07,85.05340528856563,87.80445617700062,84.96743617811879,86.5435562133789,19132638
2022-06-08,87.20268028091606,88.60686232773939,86.54357054033184,87.37461853027344,15511416
2022-06-09,86.83013879180143,88.95074327877043,86.57222486485,86.85879516601562,10734990
2022-06-10,87.08805229019953,87.68984270476001,85.05341693588541,85.4546127319336,9311254
2022-06-13,84.82416047652295,84.82416047652295,82.30236017146888,83.8498306274414,12132084
2022-06-14,83.44863113920756,85.68386104205675,83.21938015379914,84.22236633300781,7573116
2022-06-15,85.74117814000498,87.0593910500765,83.70654930514866,84.56625366210938,16896789
2022-06-16,85.36864051681471,85.62654787412941,80.2677274083103,80.525634765625,14733385
2022-06-17,79.66592443727606,81.64324682240662,78.06114799149861,79.63726806640625,25102788
2022-06-20,80.21040909435949,80.21040909435949,73.93456544999495,75.16680908203125,17061658
2022-06-21,76.800248497996,78.51965699751067,75.36740370905184,78.1471176147461,14231107
2022-06-22,77.08681275783852,77.31607028695137,74.708301148041,76.57099151611328,19244923
2022-06-23,76.2271049530053,78.08980179337784,75.08083703787733,75.4820327758789,20161450
2022-06-24,76.8002564649222,76.8002564649222,74.93755935787124,75.91189575195312,12164283
2022-06-27,76.80025765916426,77.43070445664554,75.79726487545614,77.17279052734375,10260453
2022-06-28,76.74293272992159,78.63428610187489,76.65696361279262,78.46234130859375,9907093
2022-06-29,77.77458406752471,80.21041514427549,77.65995857469598,79.80921936035156,14882062
2022-06-30,79.60861864581155,80.46832296500826,77.23010686084645,77.4880142211914,14776534
2022-07-01,76.85756887453472,78.17578175116864,75.08084745642047,75.85457611083984,15116436
2022-07-04,75.08084837560429,77.00085168674211,75.05219200134991,76.54234313964844,6503989
2022-07-05,76.71427191026584,77.88920278665158,76.39905183240023,76.68561553955078,6013528
2022-07-06,76.51368676539406,76.91488256397896,74.24980040418008,76.54234313964844,12987415
2022-07-07,76.91488572669643,78.49101261159159,76.91488572669643,78.40503692626953,7963336
2022-07-08,81.0414604962259,81.0414604962259,77.9751824996882,78.66294860839844,10036582
2022-07-11,78.66294842405529,79.95250495559718,78.03249506604439,79.43668365478516,13317447
2022-07-12,79.09279767297971,80.35369778329546,78.29040609741303,79.66593170166016,9670797
2022-07-13,80.21042496221115,80.21042496221115,78.14713304362556,78.80623626708984,13899456
2022-07-14,78.94951468282902,80.15309547003955,78.80622625842902,79.83787536621094,9560767
2022-07-15,79.9811650642657,81.24206528013214,79.86653956073894,80.49698638916016,10049224
2022-07-18,80.64026857763449,82.81818577096537,80.64026857763449,82.58892822265625,6755344
2022-07-19,82.47430281077617,83.10474959096777,78.69160245255601,80.38235473632812,12022441
2022-07-20,82.58892851580943,84.48027542022321,80.81220710644533,81.12743377685547,21701412
2022-07-21,81.27071680692873,82.78953087413309,81.1560913102412,82.47430419921875,8781738
2022-07-22,82.87550622779379,83.24804567906196,80.75490158451474,81.15609741210938,12390337
2022-07-25,82.99012224754789,84.53759262840174,81.84384764843307,84.25102233886719,20317410
2022-07-26,84.39430712807356,84.39430712807356,82.33101540179081,82.50296020507812,12998664
2022-07-27,82.8181858170506,84.48027516736674,82.13041973076403,84.10774230957031,10419007
2022-07-28,84.6808812162117,84.76685034218988,83.27669914816312,83.64923858642578,8473834
2022-07-29,84.4229471216039,84.73817373394785,83.73518771897074,84.0217514038086,7014877
2022-08-01,84.59883350014157,85.86839356169874,84.5699803126565,85.0027847290039,10328928
2022-08-02,84.7431066600774,85.20476426727897,81.30952449172551,81.65576934814453,27076266
2022-08-03,82.1462777970614,82.17513098393303,79.63601091480231,81.25181579589844,19315218
2022-08-04,81.25182878730347,82.05973135702756,79.83799598825019,80.8478775024414,32498244
2022-08-05,80.73246142645718,80.73246142645718,76.46212947579184,76.69295501708984,65529649
2022-08-08,77.32773480970658,77.558560340097,76.66409820168981,76.95263671875,20840541
2022-08-10,76.95262569263595,77.18345118995266,74.96172275792321,75.48108673095703,33311005
2022-08-11,76.17358370795353,76.26014327771638,74.12497420320683,74.24038696289062,38551380
2022-08-12,74.55777382070278,76.05816601557274,74.1538225839356,75.88504028320312,29145945
2022-08-16,76.43325529312526,78.04905345070026,75.71191246651831,77.96249389648438,25540356
2022-08-17,78.16448453973834,78.65499535807618,77.64511392825437,77.87594604492188,18559593
2022-08-18,78.04905868686483,78.4818630910509,77.73167363344719,78.25103759765625,16228315
2022-08-19,78.36646483099805,78.71270973916717,76.66410008623286,76.83721923828125,15787270
2022-08-22,75.68306746080006,76.00045913129591,73.92299658525154,74.64433288574219,24640419
2022-08-23,74.32695287212005,76.51982831866482,74.09612074950236,76.3467025756836,16980100
2022-08-24,75.79848067067421,76.49097039156779,75.36567624613356,76.23128509521484,17466696
2022-08-25,76.40440299520074,77.41428437227599,76.3466966200658,76.54867553710938,13795335
2022-08-26,77.38543239182651,78.71269885284762,77.03918753154461,77.64511108398438,17163393
2022-08-29,76.92377584785807,77.47199303187686,76.17357974083981,77.29887390136719,13597173
2022-08-30,78.07792363840464,79.03009875434566,77.90480449227289,78.53958129882812,16684747
2022-09-01,78.7415518959484,79.23206269541527,78.04906217665906,78.68384552001953,18915690
2022-09-02,79.1166536337305,79.23206639097135,77.78938711324551,78.07791900634766,17306892
2022-09-05,78.48186841799986,79.20321134196143,77.3854340418127,78.9146728515625,19224678
2022-09-06,80.0688115199344,80.80457765633045,78.94351747316105,80.5448989868164,28296817
2022-09-07,80.847870475387,81.23739182861442,79.98226159792905,80.32850646972656,10690240
2022-09-08,80.76131299813372,81.1508343614399,79.98226366744953,80.11210632324219,7180648
2022-09-09,80.24194801286826,80.45835025303681,79.80914353253118,79.98226928710938,5597228
2022-09-12,80.2419418282242,80.58818670662153,79.93898003615345,80.28522491455078,6581257
2022-09-13,80.4583466930434,80.84787467055493,79.72258042983981,79.89570617675781,7045689
2022-09-14,79.28976795197711,79.85241501544765,79.03008926396316,79.37632751464844,6872183
2022-09-15,79.50616663077528,80.67473718513413,78.85696003345691,78.94351959228516,8970450
2022-09-16,78.85696402156165,80.50162213875917,78.07791474456585,79.54945373535156,18170179
2022-09-19,79.76586085687934,79.85242042541503,77.73168127796768,77.90480041503906,8372178
2022-09-20,78.25104109648154,79.07336685957515,77.99135580073019,78.68384552001953,6639747
2022-09-21,78.51072468998282,78.7271269152629,76.64967083583163,77.03919219970703,13740141
2022-09-22,76.86606398247916,76.9526235415533,75.43780814350725,76.38997650146484,13003243
2022-09-23,76.17356979015261,76.6063741639603,74.18266702900901,74.44235229492188,8632586
2022-09-26,74.13941214362113,74.39909088108234,71.84554697364797,73.4469223022461,15119710
2022-09-27,74.4423730822577,74.87517757692198,72.40819327815004,74.65877532958984,10752213
2022-09-28,74.13940936613146,74.70205651566111,73.10067464298311,74.18268585205078,12068829
2022-09-29,74.44236401092984,75.09157067381585,73.79315734804382,74.35580444335938,12673874
2022-09-30,73.79315866388053,75.52437646244664,73.57675643905976,75.35125732421875,11829278
2022-10-03,76.13028936033818,76.13028936033818,73.14394171877399,73.70658874511719,14508849
2022-10-04,74.52892436774616,76.0004634483141,74.00956035275172,75.52437591552734,10340686
2022-10-06,75.8273340973349,76.30342160745643,75.30797010706598,75.7840576171875,10663228
2022-10-07,75.78405360071406,75.87061316049274,74.48564039182052,75.1781234741211,12478992
2022-10-10,74.00956783412943,77.47200375619396,74.00956783412943,77.21231842041016,11158338
2022-10-11,77.1257533298859,77.1257533298859,74.44236700292059,74.61548614501953,13259938
2022-10-12,74.65876361661404,75.0050084788387,73.66331211424489,74.74532318115234,11033418
2022-10-13,75.00501272160339,75.48109365552999,73.79315893730254,73.96627807617188,6397554
2022-10-14,74.70205718113222,75.13486166861486,73.62004596242564,73.66332244873047,6931298
2022-10-17,73.6633097430005,74.13939723874296,73.01410312375418,73.62003326416016,9373705
2022-10-18,74.00956380507526,74.35580869924675,73.49019976585406,73.5767593383789,8035885
2022-10-19,73.96626589901433,74.26923424826536,73.14394021865772,73.40362548828125,7157063
2022-10-20,73.23051050034182,76.00046290046451,72.8409891429218,75.69749450683594,17120292
2022-10-21,75.69749518604564,76.26014228831211,74.65876715422426,74.8318862915039,7929074
2022-10-24,75.56766163934789,75.56766163934789,74.87517185913748,75.13485717773438,869107
2022-10-25,75.1348439652132,75.78405054346997,74.35579475049089,74.91844177246094,7086629
2022-10-27,75.00501927870161,76.47655189995099,74.26925296807693,76.21687316894531,12203430
2022-10-28,76.5198260031799,78.12120110388567,76.0437384794777,77.94808197021484,20036187
2022-10-31,78.38088369711556,79.20320945971353,78.07791531756446,79.03009033203125,12658201
2022-11-01,79.20321301010411,79.54945788506097,78.59728943198336,79.11665344238281,7632156
2022-11-02,79.1166498958724,79.28976902355468,78.77040503643642,79.03009033203125,7390466
2022-11-03,78.77040359537838,78.94352271989355,78.07791388917511,78.3808822631836,12821695
2022-11-04,78.77039701971994,79.07335876436625,76.26013029937626,76.649658203125,13339109
2022-11-07,76.64966460174671,78.5972844708632,76.17357710322305,78.3808822631836,13463366
2022-11-09,78.33761341512802,78.38089650615764,76.38999319209998,76.69295501708984,12172444
2022-11-10,76.60638788811951,77.21231147837422,76.13030035001094,76.3467025756836,6898707
2022-11-11,77.03919782904437,77.34215964575986,76.21687195452057,76.90935516357422,8365138
2022-11-14,76.69294389658144,76.736226981335,76.08702033446087,76.26013946533203,7996003
2022-11-15,76.2601462023099,77.90480450716446,76.21686971780474,77.81824493408203,8247787
2022-11-16,77.90480387144984,78.9868150363311,77.2555971725211,78.33760833740234,10223428
2022-11-17,78.3375992212686,78.68384407455255,77.34214774460398,78.03463745117188,4925266
2022-11-18,78.46744389462552,79.24649318362988,77.73167768992695,78.16448211669922,14475534
2022-11-21,78.16449193388237,78.4674537498596,77.47200212244391,77.60184478759766,7845740
2022-11-22,78.25104056412572,78.98680675832045,77.47199128624308,78.85696411132812,18535213
2022-11-23,79.11665405347348,79.11665405347348,77.90480028380003,78.5972900390625,8624491
2022-11-24,78.68384436701865,80.02553409788298,78.55400172104564,79.72257232666016,14011196
2022-11-25,80.06882613849385,81.23739687483584,79.41961944007362,80.71803283691406,12249200
2022-11-28,80.76131244785607,81.19411689483478,80.02553960473485,80.28522491455078,11371642
2022-11-29,80.50162640212913,81.92988238491672,79.67930060201563,81.49707794189453,18484964
2022-11-30,81.80003912530663,82.18956047951276,81.19411555119228,82.01644134521484,18501717
2022-12-01,82.44925061668562,82.57909327705387,80.93443498855754,81.06427764892578,9433858
2022-12-02,81.36723338662449,81.49707603731107,80.54490760572871,80.67474365234375,9494016
2022-12-05,80.93443917644476,81.28068408731889,80.19867286838246,80.63147735595703,15148621
2022-12-06,80.93442182643439,80.93442182643439,79.80912775834221,80.50161743164062,9031442
2022-12-07,80.32851145949076,81.41052262352446,80.32851145949076,80.71803283691406,11134858
2022-12-08,80.71802991151222,80.89114904985458,80.02554014999922,80.11210632324219,10614975
2022-12-09,80.54490742787497,81.02098834057914,78.1644830521396,78.64056396484375,15835417
2022-12-12,78.85696741560506,80.847870475387,78.07791810507858,80.32850646972656,15920076
2022-12-13,80.63147326460577,81.36723953533428,80.24194528311041,80.71803283691406,11215454
2022-12-14,80.71802536646524,83.35813500399429,80.63146580216804,83.09844970703125,22598875
2022-12-15,83.22829318908651,85.17591312360146,82.62236302479451,84.26702117919922,28006772
2022-12-16,84.13717912390554,86.73400572160722,83.61781512517952,83.7476577758789,35484499
2022-12-19,84.09390813316647,84.7863913086531,83.01189698015112,84.31031036376953,13524731
2022-12-20,83.96406890332872,85.00279701101935,83.09845994556244,84.74311828613281,11062080
2022-12-21,85.00277509982548,85.2624603618451,81.80002542329302,82.31938934326172,14279180
2022-12-22,82.36268682793893,83.09845306026233,80.32850726654893,81.49707794189453,12024065
2022-12-23,80.50162838191339,81.06427549249382,78.77041056724859,79.24649810791016,22444602
2022-12-26,79.20321106178136,81.88659721956293,78.46744484814197,81.7134780883789,8024641
2022-12-27,82.14628192673278,82.49252679067003,81.15083041944001,82.23284149169922,6330028
2022-12-28,82.05972225899934,83.4014120244776,81.58363474617292,82.92533111572266,9873070
2022-12-29,82.31939437386944,83.40140535828958,82.016432619046,83.05516052246094,10702585
2022-12-30,83.79093788860405,84.22374230620207,82.96860553272504,83.14173126220703,7280552
2023-01-02,83.53126116815825,83.79094648699376,82.66565224413588,83.6178207397461,9433822
2023-01-03,83.70436554127537,84.31029564361478,83.44468687233346,83.79093170166016,6053619
2023-01-04,84.05061871942955,84.48342314806109,82.36268408939516,82.57908630371094,9398653
2023-01-05,83.0118909741404,84.39686382898118,82.36268432930208,84.26702117919922,12382060
2023-01-06,84.5699793977177,85.47887130384274,83.8342132187014,84.18045806884766,14032853
2023-01-09,84.78638806025857,85.65199694950704,84.69982849214807,85.21919250488281,12464665
2023-01-10,84.82966968143116,85.65199547038782,84.396865244281,84.91622924804688,9211811
2023-01-11,84.91623039980774,85.26247527503848,83.96406194597698,84.22374725341797,9737047
2023-01-12,84.39685519992875,84.65654047294147,83.70436554127537,83.79093170166016,7831578
2023-01-13,83.18502044677734,84.22375517010637,82.44925414529781,83.18502044677734,9641316
2023-01-16,83.44469799805954,84.05062157711625,82.92533398685784,83.87750244140625,4621698
2023-01-17,83.92077984146879,84.56998651359177,83.74766070386471,84.35358428955078,7321828
2023-01-18,84.35357719188518,84.65654556330767,83.8774963014964,84.18045806884766,9417195
2023-01-19,84.61326397228655,84.74310661888948,83.74765513369537,84.4834213256836,6384333
2023-01-20,84.48342818912882,85.8684011225758,84.31030904897489,85.69528198242188,13615997
2023-01-23,86.56088682142038,89.02787077501655,86.21464195332038,88.50850677490234,28390308
2023-01-24,88.94130560931038,88.94130560931038,87.94585415272284,88.29209899902344,8583670
2023-01-25,88.2921114405756,88.2921114405756,86.17137218975924,87.3399429321289,12007717
2023-01-27,88.03242545488769,88.85475790004173,84.74311548648761,85.82512664794922,13064056
2023-01-30,85.91168871089022,86.47433585197749,79.50618112850813,82.18956756591797,29985336
2023-01-31,81.36723462556752,84.6565510073787,81.36723462556752,82.36268615722656,24892166
2023-02-01,82.6656437612207,84.82966584921076,82.23283934362267,83.14173126220703,19042474
2023-02-02,82.6656429682293,83.44469223324676,80.89114223147128,81.28067016601562,17726153
2023-02-03,81.58363670041193,81.62691978591349,78.81369093417514,80.32850646972656,18191035
2023-02-06,80.41506223652341,82.31939903530996,79.80913208849401,82.10299682617188,14907237
2023-02-07,82.23284085591634,83.31485191980997,81.80003643035889,83.09844970703125,8686792
2023-02-08,83.09845024543873,83.44469510894235,82.27612447318016,82.92533111572266,5763070
2023-02-09,83.35813297747868,83.35813297747868,81.97315356610785,82.9686050415039,6065233
2023-02-10,82.9686050415039,83.31484989434661,82.10299621143277,82.9686050415039,9527603
2023-02-13,82.9686167643645,83.53126390422293,82.53581228817681,82.8820571899414,5275322
2023-02-14,82.92533116743046,83.14173338174622,81.62691788153586,82.57908630371094,7505908
2023-02-15,82.4925308227539,82.7954926169804,81.80004106103179,82.4925308227539,6887911
2023-02-16,82.66563920969807,83.31484580035016,82.53579657075346,83.05516052246094,5800257
2023-02-17,82.88204749425252,83.83421590966464,82.44924306869507,83.09844970703125,19937435
2023-02-20,83.4446905046922,83.4446905046922,82.4925221356489,82.83876037597656,12837565
2023-02-21,83.40141620543339,83.40141620543339,82.27612859772472,82.4925308227539,8240973
2023-02-22,82.189560358963,83.0984523228731,80.63146834035213,82.70893096923828,9721273
2023-02-23,84.0073388703189,85.82511607686426,83.31484917064866,84.8729476928711,38462809
2023-02-24,85.26247238262347,89.98003800988116,85.04607016845438,89.54723358154297,45176952
2023-02-27,89.89348241451079,91.92766199671053,89.28755882970975,90.15316772460938,27802826
2023-02-28,90.15317262929682,90.19644911395315,88.55179740742577,88.8547592163086,17617907
2023-03-01,88.46521749480786,89.63379466832099,88.42194101687066,89.50395202636719,7012524
2023-03-02,89.28756360162204,89.98004679210796,88.68163338036572,89.20100402832031,9586771
2023-03-03,90.58597501785154,92.27390977430419,90.06661098541011,91.10533905029297,27232148
2023-03-06,91.75453611393564,94.78416702335805,91.53813390611975,94.39464569091797,35771465
2023-03-08,94.95728440739717,97.64067701838408,94.65432264282254,96.29898071289062,27568928
2023-03-09,96.47210164506593,96.77507001939827,93.83199867099532,94.04840087890625,16240893
2023-03-10,93.48575999828519,96.60195067741368,93.31264086213928,96.12586975097656,24574077
2023-03-13,96.94819724048531,97.33771860562638,95.0871367762152,95.39009857177734,24579514
2023-03-14,96.12587197645652,96.34227420368487,94.69761595593512,95.21697998046875,23328812
2023-03-15,96.42882512357303,96.51538468588514,94.13496039991038,94.39464569091797,14237757
2023-03-16,94.6976033440279,97.0780275265127,93.31263059503276,94.82744598388672,26757814
2023-03-17,95.3468246459961,96.68851452062988,94.69761795063626,95.3468246459961,21251193
2023-03-20,95.34682318821496,96.34227476002808,94.22152895850067,95.04386138916016,23234444
2023-03-21,95.22351912252235,96.66085388947023,93.78618435557445,94.4150161743164,26605735
2023-03-22,94.77435667882182,96.88544287390276,92.43868670014177,94.68452453613281,36125531
2023-03-23,94.5497678079762,94.90910321315137,91.54034664042062,94.4150161743164,16318256
2023-03-24,94.23536228018044,94.86419416819857,92.48360455712384,92.97769165039062,10924642
2023-03-27,92.30393410934823,93.65143679707595,91.9445986885369,93.33702087402344,9550049
2023-03-28,93.33701596197653,93.87601563795106,92.75309679060715,93.56159973144531,7814715
2023-03-29,93.56160954515157,95.40319253570816,93.42685789858561,94.77436065673828,10745581
2023-03-31,94.99893774377874,96.12185662963901,94.19043477520876,94.4599380493164,15641500
2023-04-03,94.72943878173828,96.0769415061087,94.2353585617211,94.72943878173828,11147157
2023-04-05,94.99894046242092,95.40318853139804,93.69635725904739,94.68452453613281,6305668
2023-04-06,94.3701102049088,94.99894206811368,93.6963588427236,94.72943878173828,7249613
2023-04-10,95.22352362390419,96.07693925450397,94.63960441961075,95.17860412597656,8306845
2023-04-11,95.22352837580735,96.211695695749,94.81928028929823,95.26844787597656,8331690
2023-04-12,95.26843848868545,97.7837726139832,95.04385471747568,97.55918884277344,14151790
2023-04-13,99.71519911520188,99.71519911520188,96.21169074851173,97.15494537353516,15062407
2023-04-17,97.15494181261934,99.35586005200196,96.61594212682695,98.90669250488281,11580594
2023-04-18,98.18803438140169,99.35586596111561,97.96345059448518,98.3676986694336,9664860
2023-04-19,97.91852518482516,98.77194078209085,96.75068682185363,97.2447738647461,8205988
2023-04-20,97.91852059087311,98.32276862245368,97.2447693024038,97.64901733398438,12345494
2023-04-21,97.5591937678991,98.09819347526256,96.88544242025648,97.33460998535156,5402376
2023-04-24,97.3795310566332,98.45753048877636,97.3795310566332,98.18803405761719,6760713
2023-04-25,98.68211716894403,98.99653310806038,97.69394985154119,98.09819793701172,8661439
2023-04-26,98.18803249115604,99.26603190610112,97.55919378764378,98.99652862548828,7305825
2023-04-27,98.90669806112821,98.90669806112821,97.73886648526533,98.18803405761719,8349269
2023-04-28,98.00835646362773,98.27785973079625,94.37010347936949,96.391357421875,19307001
2023-05-02,97.0201924636237,97.51427951859706,96.34644112707076,97.2896957397461,7263913
2023-05-03,97.15494664891835,97.91853014628092,96.57102743784586,97.02019500732422,6687032
2023-05-04,97.02019051769162,97.19985479566766,95.53793623625408,96.25660705566406,7617969
2023-05-05,96.43627674346149,97.46936353415946,96.16678031137937,96.70578002929688,4948142
2023-05-08,96.75069921961862,97.11003467379044,96.12186731513327,96.52611541748047,4868763
2023-05-09,96.52610235795922,97.2447731690701,95.71760626265049,96.07693481445312,11885359
2023-05-10,96.03203084289179,98.00836547125674,95.4481116128624,97.91853332519531,7172451
2023-05-11,98.68210821861358,98.99652412921284,97.46935721844342,98.23294067382812,7784358
2023-05-12,97.91853254372691,98.2329484793093,96.6159493018484,97.06511688232422,5177796
2023-05-15,97.02019731150376,100.56861845315464,97.02019731150376,100.38895416259766,10713993
2023-05-16,101.37711136028454,102.36527856732877,100.1643603855597,100.34402465820312,18937352
2023-05-17,100.92795019230424,101.06270183216442,98.50244808983354,98.81686401367188,5634267
2023-05-18,99.40077821124146,99.58044248617144,94.14551935138314,95.40318298339844,24715468
2023-05-19,94.14552467249995,94.95402080913387,92.48359919357809,94.19043731689453,15968522
2023-05-22,94.32518990807924,96.03202804859512,93.60651905299258,95.5379409790039,11338813
2023-05-23,95.94219021311268,97.4693571223769,95.22351940066316,96.5710220336914,8713781
2023-05-24,96.43626312952702,97.19984652659431,95.94218298024927,96.75067901611328,6366074
2023-05-25,96.79560327135405,97.19985130917652,96.39135523353158,96.84052276611328,4719281
2023-05-26,97.02019533402436,97.91853047600607,95.31335719350848,95.5379409790039,6943806
2023-05-29,96.03202404710629,96.03202404710629,94.8641856696906,95.44810485839844,8058796
2023-05-30,95.49302690396365,95.7176106860955,94.50485277958101,95.17860412597656,7204247
2023-05-31,95.13368262048023,95.1785952604713,93.87601218693821,94.14551544189453,10176487
2023-06-01,93.83109968973015,95.08877021705062,92.9776840749875,94.63960266113281,9465271
2023-06-02,95.04385707082889,95.35827298755717,93.78618655016281,93.96585083007812,9624201
2023-06-05,94.32519519052305,94.50485948747975,93.5166921467107,93.83110809326172,5284220
2023-06-06,94.14551067483262,94.50483919157645,93.69634317515069,94.05567169189453,5394343
2023-06-07,94.32518943620724,95.22352457369493,93.8760218674634,94.86418914794922,8674853
2023-06-08,95.17860056873108,95.22352006497987,93.96584956129558,94.10060119628906,7433762
2023-06-09,94.1455194249648,95.22351878289267,93.65143238789209,94.2353515625,5451500
2023-06-12,94.32518039674883,95.17859595407555,93.92093236512092,94.50484466552734,7078498
2023-06-13,95.17860443684297,96.25661070684865,94.59469208439552,96.16677856445312,11662296
2023-06-14,96.61594407359068,97.02019213264215,96.12185702030287,96.30152130126953,6930665
2023-06-15,96.30151969828164,96.52610347262814,95.35827195827802,96.25660705566406,5385018
2023-06-16,96.30151876558463,97.02018957803416,95.44810317283454,96.5710220336914,8119111
2023-06-19,96.88544336573007,97.37953043365754,95.85235658517922,97.02019500732422,4126281
2023-06-20,96.93035795279309,97.6490219152924,95.89727122458794,97.2447738647461,11218628
2023-06-21,97.24477041456572,97.37952204455121,95.67268405682447,95.85234832763672,13138208
2023-06-22,95.8523622759158,96.12186557510444,93.42685999823235,93.83110809326172,16244574
2023-06-23,93.74127842401309,94.68453314236656,92.7980305594134,94.3701171875,7880417
2023-06-26,93.87601218693821,94.50484397683299,93.15734140955635,94.14551544189453,9225360
2023-06-27,94.14552529649254,94.37010908121341,93.51668658702216,93.69635772705078,9909567
2023-06-28,94.05568084855373,94.1904324823273,92.97768148587085,93.24718475341797,14246542
2023-06-30,93.38194296684254,94.59470099151237,93.20227866513416,94.3701171875,16108372
2023-07-03,94.7743614207345,95.7625287472616,94.05569053575833,95.62777709960938,22772148
2023-07-04,96.12185363563731,96.25660526849389,95.13368641761028,95.71760559082031,9292916
2023-07-05,95.7625227028658,96.61594518162735,95.3582746391782,96.48119354248047,10903523
2023-07-06,96.43627732882045,100.07453744091575,95.31335838727911,99.53553771972656,29145409
2023-07-07,98.45752671913704,100.70336449491003,98.0532786609991,99.44569396972656,15022279
2023-07-10,99.71520124165511,100.02961717211689,97.28969908808912,97.87361145019531,8710335
2023-07-11,97.8736112739683,98.45753048877636,96.70577969810542,98.18803405761719,10380385
2023-07-12,97.91852310095848,99.84994488149857,97.87360360574137,99.3558578491211,9851130
2023-07-13,99.3558612614696,99.89486095382328,96.88543972224171,97.11002349853516,8440163
2023-07-14,97.19985804285601,99.35586371935946,96.57102619517933,98.81686401367188,10678733
2023-07-17,98.8168593322987,99.04144310350847,97.42443720929701,97.55918884277344,7839246
2023-07-18,97.87360984891916,98.05328098749581,97.33461014069546,97.82869720458984,6013243
2023-07-19,97.82869895158461,99.62536924691673,97.7837794527,98.3676986694336,9938960
2023-07-20,98.72702729798279,100.29911369809794,98.45752403074763,99.22110748291016,10500380
2023-07-21,99.08636070667106,100.88303084203226,98.50244154192814,100.16436004638672,11702513
2023-07-24,100.79319204303,102.4101979094166,100.20927973093458,100.658447265625,13872167
2023-07-25,101.24237126255622,105.10521524822306,100.79320367602536,104.56621551513672,23574611
2023-07-26,105.28487280766069,106.04846313892921,104.02720912881304,104.25179290771484,17962594
2023-07-27,104.92555127436422,105.82388645015928,103.84754495115807,104.74588012695312,13286670
2023-07-28,104.92554286367537,106.22812602266352,104.2967041787736,105.55437469482422,21875385
2023-07-31,108.11463340961599,110.45030341758535,106.00354718806202,106.99171447753906,64986613
2023-08-01,106.99171273900173,109.91130191496053,105.28487461922902,108.11463165283203,32978003
2023-08-02,108.15954585490807,108.42904226877971,103.39836715189504,104.52128601074219,27870281
2023-08-03,104.52129155903583,104.97045912641781,103.08395671416413,103.80262756347656,13891020
2023-08-04,104.6111209716754,105.01537588402105,102.58986697120612,103.57804107666016,11230403
2023-08-07,104.20687498931551,104.70096205188679,102.50003687305023,102.6347885131836,11480767
2023-08-08,102.67971302245776,104.83571195480316,102.50004187559334,104.56621551513672,16636302
2023-08-09,105.06028907539411,106.13829532685305,103.84753803953669,105.91371154785156,11556651
2023-08-10,106.54254595306728,106.99171352188607,105.15013060198092,105.64421081542969,13140800
2023-08-11,106.04846330834481,106.27304708760538,103.6678738774321,103.93737030029297,10818126
2023-08-14,104.02721379381356,104.16195858419472,100.83812124889505,101.37712097167969,10233977
2023-08-16,101.37711402840176,102.81444880863607,100.47877893403621,102.54495239257812,5958441
2023-08-17,102.41020552518943,102.99412473446087,101.51187038900355,101.82628631591797,5708751
2023-08-18,102.32037289787695,102.50003718276221,100.16436721048801,101.15253448486328,8626445
2023-08-21,101.33220406121305,103.08395479997282,100.92794914582407,102.76953887939453,6394425
2023-08-22,102.90429336817277,105.46454715487315,102.72462222732779,105.15013122558594,9410569
2023-08-23,105.41962576016681,106.63237681060697,104.43145849142864,105.77896118164062,14990033
2023-08-24,106.40778808584594,107.08153939965355,105.5543724965241,106.0035400390625,17273849
2023-08-25,102.4102061521342,105.55437914803305,102.4102061521342,104.65604400634766,10944286
2023-08-28,104.47638413165578,106.18321548993666,104.38654513069068,105.41963195800781,7734363
2023-08-29,105.59928908713684,105.91370498751326,104.79078616205989,105.28486633300781,8257230
2023-08-30,105.32978621792246,106.0933696513104,104.02720311706967,104.29669952392578,8868451
2023-08-31,104.20687547766644,104.88062682773756,103.08395656088125,103.30854034423828,12626049
2023-09-01,105.10521340708772,109.8663924824144,103.80263017046703,109.01296997070312,31991938
2023-09-04,110.22571563720703,111.16897024747469,109.14771624297514,110.22571563720703,19622564
2023-09-05,110.9443929978976,114.17839822465648,108.96805837425421,110.85456085205078,41671778
2023-09-06,110.49521377949493,113.10038685724169,110.49521377949493,111.93254852294922,20234630
2023-09-07,112.38171551353193,114.44788890918046,112.11221910567733,113.23513793945312,19840679
2023-09-08,114.31315132118708,115.75049308799262,113.10040020247921,115.03182220458984,20210938
2023-09-11,115.84031374597059,116.3793203138315,113.90889867489744,115.43606567382812,13773356
2023-09-12,115.88523443491181,116.2894825112067,109.4621367369548,109.82147216796875,18056666
2023-09-13,110.58506195107475,112.15714855394391,108.51889509955605,111.61814880371094,10650872
2023-09-14,112.2469727096041,113.90889819728487,111.03422164450845,113.10039520263672,12308230
2023-09-15,113.90889706326655,114.08856134750941,110.9443883969875,111.25880432128906,27553333
2023-09-18,111.75289233675677,111.88764397796481,110.31555748929512,110.94438934326172,13376212
2023-09-20,111.48339144160032,113.01056531840507,110.4503046418875,110.98931121826172,20993004
2023-09-21,111.16896923415104,112.56139138828198,108.65362819886705,108.87821197509766,11814520
2023-09-22,109.23755120480811,110.58505390927635,109.14771906192753,109.282470703125,7745864
2023-09-25,109.41721522880023,110.31555030669267,107.80020934709275,109.95621490478516,11052731
2023-09-26,109.91130623274577,110.85456089891957,109.01297106639109,109.19264221191406,7023846
2023-09-27,109.55196330378948,110.0011308562507,108.51888341613103,108.87821197509766,6490723
2023-09-28,109.55196602553454,110.22571737096527,108.69855039615688,109.10279846191406,9719776
2023-09-29,110.18080506305861,112.29189124776599,109.8663891383155,111.75289154052734,14505102
2023-10-03,111.75288245162407,113.23513666629292,111.03421166458688,111.39354705810547,13140786
2023-10-04,111.39355950836647,111.48339165334835,107.93497052341382,109.01296997070312,9753480
2023-10-05,109.41721700020683,110.94438391584691,109.41721700020683,110.4952163696289,13906951
2023-10-06,111.21388457809842,112.4266355537082,110.09096573887591,111.93254852294922,12431715
2023-10-09,109.95622077409189,110.40538833701403,108.60871808532545,109.41722106933594,11378558
2023-10-10,109.59687732424163,110.85454777904083,109.4621256944859,110.40538024902344,9862213
2023-10-11,110.71980793007461,112.02239116422122,110.54014364045209,110.98931121826172,13202599
2023-10-12,110.98929988407912,117.14288684716529,110.98929988407912,116.19964599609375,44500591
2023-10-13,115.79539153224755,118.71498067343887,114.98689540692008,115.21147918701172,32376316
2023-10-16,115.34622526723325,117.54715730284946,115.1665609826438,116.7386474609375,22411704
2023-10-17,116.96322228616567,118.98447617489263,116.96322228616567,118.04122161865234,29711623
2023-10-18,118.08614808452344,118.98448319921363,116.82848440695959,117.68190002441406,22761267
2023-10-19,116.78355591142349,117.7268104506706,115.88522086595101,116.15472412109375,12766650
2023-10-20,115.88522816251361,116.15473143462528,110.71980132581243,112.33680725097656,23340295
2023-10-23,112.29188742752865,112.65122283804732,107.6205476520446,108.51888275146484,17027808
2023-10-25,109.19264147187828,109.41722526194486,105.95862941191666,107.53071594238281,9531434
2023-10-26,106.00353785003792,107.12645668319509,104.97045115278277,106.45270538330078,13170505
2023-10-27,107.17138113082342,108.06971623886467,106.0035427488686,106.2281265258789,9937564
2023-10-30,106.67730475530469,107.57563995324409,105.06029865751229,106.63238525390625,7895004
2023-10-31,106.94680325115766,109.0578895007152,104.3416299234309,107.3510513305664,33212394
2023-11-01,108.1595519423162,109.10279972458376,105.46454652940344,105.64421081542969,15959172
2023-11-02,106.99170731228159,109.86638369813278,106.67729140310719,109.64179992675781,17644988
2023-11-03,110.22572117244279,111.57322390977707,109.68672144825975,111.16897583007812,12062935
2023-11-06,112.02239245556609,112.29189574685991,110.54014491471025,110.85456085205078,6377850
2023-11-07,111.079136737377,113.0105585775028,110.40538541085076,112.33680725097656,7013652
2023-11-08,112.96563762671666,113.05546976501317,111.39355121839256,111.97747039794922,7605770
2023-11-09,112.29189620655939,112.29189620655939,110.76472915965155,111.52831268310547,7332564
2023-11-10,111.30371991703747,113.10039011148923,110.67488123672761,112.83088684082031,6880677
2023-11-13,113.63938597811136,114.35805677322892,112.60629928028709,113.23513793945312,5965121
2023-11-15,114.35806657255925,115.9301530745573,113.68431521456009,113.95381164550781,14489745
2023-11-16,113.99872810690714,114.80723108571559,113.23514462560311,113.549560546875,6392633
2023-11-17,112.69613933504772,114.22331316854418,112.1122269834567,113.41481018066406,9122291
2023-11-20,112.87580147094029,113.5944654054866,111.5282988831943,111.88763427734375,5930799
2023-11-21,111.93255520736295,112.65122604888418,111.52830714260296,112.2469711303711,5289551
2023-11-22,112.33680897041484,112.69613753372641,110.4053871007265,111.2138900756836,7738964
2023-11-23,111.43847500085107,113.10039361139668,111.12405222408985,112.2469711303711,7039867
2023-11-24,112.38171972138161,112.92071941102495,111.30372034209493,111.84272003173828,7037545
2023-11-28,111.88764239503783,113.59447364701505,111.07913941298105,112.56139373779297,19955790
2023-11-29,112.47155649402006,114.08856248331638,112.47155649402006,113.10039520263672,17797816
2023-11-30,113.05547133186451,120.55656807050475,112.56139113750969,118.49039459228516,82083861
2023-12-01,120.37690094169326,123.3863289482378,118.89465353996566,122.21849060058594,53660727
2023-12-04,124.86858090459783,130.3484305855718,123.97024579017626,127.47374725341797,66257632
2023-12-05,128.32717472878656,128.82124806859346,125.31774665584109,126.08133697509766,25099887
2023-12-06,126.80000447156597,128.10260144135563,124.68892503476489,126.3059310913086,18752200
2023-12-07,126.30593718270964,129.09076813508338,125.81185007111681,127.6085205078125,18456707
2023-12-08,128.32717472878656,130.07892543516274,123.38633167067096,126.08133697509766,18995777
2023-12-11,125.81183184295914,128.55175660344952,125.54232857500006,126.71016693115234,11044633
2023-12-12,126.71017069815416,127.2042577528504,123.97024585620778,124.64399719238281,9881478
2023-12-13,124.91349675476593,127.56358252343476,124.41940971475854,126.71016693115234,17529522
2023-12-14,127.56359298085235,132.4145973717694,127.2491701912067,130.752685546875,38595458
2023-12-15,132.05525083313927,133.98666568545195,130.25858075377684,131.0221710205078,28383880
2023-12-18,131.1569282001667,132.5044308871547,129.8094255131787,130.3035125732422,10775891
2023-12-19,131.2467545048649,131.9205057832112,128.32716563203084,129.71957397460938,16040169
2023-12-20,130.7077558347837,132.9535935639037,122.57782051386819,123.74565887451172,24177947
2023-12-21,121.40998183658589,126.66524759202314,121.14049227579885,126.39574432373047,16747435
2023-12-22,127.56357989924969,137.5800104435478,126.7550838195101,136.09776306152344,84784192
2023-12-26,136.95120555642606,141.66746559948356,136.00795080631295,138.3436279296875,44403657
2023-12-27,139.1970317277852,139.6012798124289,135.42402675859924,136.41220092773438,15311946
2023-12-28,136.95118208254104,142.70053489788648,136.23251126718466,141.12844848632812,37181228
2023-12-29,143.50900929797712,147.5964360914703,141.98184261345867,145.62010192871094,57370272
2024-01-01,147.05744604951536,152.13304734469187,146.11419149842015,149.30328369140625,40952729
2024-01-02,150.11179667133766,150.56096420930396,142.02678098794436,147.3718719482422,40801901
2024-01-03,147.32694913981456,147.68627767910473,144.4073602086902,145.66502380371094,22338899
2024-01-04,145.79979312136513,148.85412705482315,145.75487362373948,146.56336975097656,16795469
2024-01-05,149.12363582318116,150.1118099773013,145.44045620237705,147.01254272460938,36182162
2024-01-08,148.53972398824902,148.53972398824902,144.00312869487894,144.36245727539062,16705187
2024-01-09,145.4404565423204,146.20404690933495,143.46412193696742,144.6768798828125,21668343
2024-01-10,144.54212349000446,144.99129107537738,141.6674536851191,143.73362731933594,21435177
2024-01-11,143.55395458551217,144.72179298031259,140.00553361121962,142.8802032470703,37761286
2024-01-12,144.45228995326372,148.0905499286433,143.19461256149347,145.88961791992188,31798366
2024-01-15,147.0574503781316,149.84229461904988,145.0811159365955,148.4049530029297,26896883
2024-01-16,148.53972040968264,151.09996732603784,146.29388256682384,149.93212890625,33401828
2024-01-17,148.67444207788063,151.81861456895365,146.96761106572842,147.41677856445312,31113706
2024-01-18,147.41678598959376,148.36002681842177,141.7123529854653,146.92269897460938,20299367
2024-01-19,148.27019996066602,151.99828486518024,147.6862739646245,151.18978881835938,21251240
2024-01-23,150.9202826292758,151.1897858754718,139.91567868755774,141.21826171875,30341132
2024-01-24,142.56579376773647,148.3151472830986,140.31995576349516,147.82106018066406,18968981
2024-01-25,149.1236164918179,150.1566963037894,147.82103342661324,148.58460998535156,16725897
2024-01-29,150.87538617771264,156.93914845937203,148.6744677947598,154.2890625,58433818
2024-01-30,157.2086312050043,159.00530127591864,154.06445858090424,154.5136260986328,57303068
2024-01-31,155.41198667128026,156.75948944588674,153.03140391914496,155.0526580810547,29140358
2024-02-01,156.31030526978145,157.6578079014175,153.88480327433768,156.04080200195312,31663125
2024-02-02,158.0171269298407,161.7003060506633,157.2984698689527,159.8137969970703,41748419
2024-02-05,161.70032310652803,167.53950144093042,159.8587333518691,163.13766479492188,57505480
2024-02-06,165.36099411492341,169.5297586724425,162.76709334089827,168.18649291992188,33761541
2024-02-07,169.29813975362703,171.75307292480773,165.12937571044608,165.77784729003906,31684715
2024-02-08,167.6306463660067,168.7886364820134,164.89779251935516,166.47265625,19018617
2024-02-09,166.6579454263041,166.843235168466,155.77283744855814,160.35848999023438,36193339
2024-02-12,160.35850477700484,161.8407239016178,155.17070250179955,156.37501525878906,18334992
2024-02-13,156.83818330773448,159.61735957141923,154.10532947556874,157.81089782714844,13204257
2024-02-14,156.5602538196753,163.7397920865539,154.93906775941238,163.27659606933594,15132347
2024-02-15,163.9714014268148,172.7721263621523,162.72076643964976,170.687744140625,43688826
2024-02-16,171.75311237807884,171.98471043367798,168.3717864205807,169.1592254638672,19961823
2024-02-19,169.5297455496376,174.02275265697745,168.74230665103298,170.3171844482422,19606057
2024-02-20,169.99295019066852,172.3089304384978,169.11288052361775,170.45614624023438,11867776
2024-02-21,171.1046074936227,171.799401525786,166.10209611629531,167.0284881591797,13671880
2024-02-22,167.67697080761317,169.71503060908967,164.6198740375876,168.8349609375,11766044
2024-02-23,169.52976507231682,169.62240994245235,165.91684130699187,166.65794372558594,8219010
2024-02-26,166.75058525540163,169.99295774647888,164.61988050556926,168.69601440429688,14909208
2024-02-27,168.60336379793543,169.76135393391027,165.68523430952757,167.21377563476562,9486385
2024-02-28,167.53802572285267,168.4180954368682,163.6471673903673,166.1484375,12659946
2024-02-29,165.59258857381687,170.36350225470193,163.32293074636303,168.8349609375,19475687
2024-03-01,171.3362245761535,172.26261672215665,168.78864617464492,170.59510803222656,17823470
2024-03-04,172.30891863200023,178.70101802377778,171.38252659634432,176.8019256591797,52923468
2024-03-05,178.33048059759736,181.897095863798,177.2188128963211,179.81271362304688,26849239
2024-03-06,179.76639860254298,179.8127210369273,171.98469610151736,176.43138122558594,20285523
2024-03-07,177.07984512118992,178.28415768416608,173.7911644587074,174.67123413085938,7718111
2024-03-11,174.1617150196112,174.1617150196112,168.55703998041957,169.7613525390625,14087639
2024-03-12,169.7613631120331,171.01199818075003,165.54627596207231,166.65794372558594,16435560
2024-03-13,166.6579376038582,166.88953563506732,154.05901318745342,156.2823486328125,22832224
2024-03-14,155.6338826554971,163.60086087425373,153.82742077322746,163.13766479492188,22996586
2024-03-15,163.6008433424383,163.64715163691096,153.36420825905986,161.00694274902344,42241333
2024-03-18,161.6554187960876,164.89779109285723,160.40478382737072,162.95236206054688,10899780
2024-03-19,162.90604303091513,163.5081921921053,159.70997924047677,160.21949768066406,9713217
2024-03-20,160.26583809688174,161.9796691874267,156.28234912052847,161.19223022460938,8692031
2024-03-21,162.21126994405452,164.24932983216462,161.00695733065507,162.16494750976562,13773426
2024-03-22,162.11861354843697,163.04500562585662,160.08055380523803,161.2848663330078,12396239
2024-03-26,161.2848717928232,167.90856971635054,159.38576514270014,167.21377563476562,22741278
2024-03-27,169.39079069565904,170.17821545073832,166.42632484993237,167.0284881591797,13833150
2024-03-28,168.00121758386572,168.9739180069705,166.42633966229752,167.72329711914062,10519502
2024-04-01,168.04752846359898,170.9193497505123,167.399056793025,168.9276123046875,8712471
2024-04-02,169.52975775985996,170.73407034156259,164.4346011058751,169.80767822265625,17194544
2024-04-03,170.45615014712507,177.63568907995233,168.9739171002926,175.18075561523438,40868454
2024-04-04,176.43137118224075,176.43137118224075,171.24358394582714,172.77212524414062,16507602
2024-04-05,172.49421764753862,177.35777649550843,170.73407819490333,176.7093048095703,15022150
2024-04-08,176.98721995615838,186.99225782643154,176.98721995615838,185.9732208251953,56272730
2024-04-09,188.05760800879432,191.6705317694926,185.6953051795889,188.8450469970703,37997348
2024-04-10,189.44718723236275,194.4496989915847,186.760655757155,187.3164825439453,27923078
2024-04-12,188.9839862390159,189.91037832842284,184.67626867752222,186.29745483398438,30179782
2024-04-15,182.49924563751813,193.24539976585422,182.1286944478328,188.70606994628906,44962181
2024-04-16,188.05760691196068,194.63499684736692,186.29746747688588,190.6978302001953,31636637
2024-04-18,192.6895500272754,197.92365955405631,187.36279563950217,188.56710815429688,30645258
2024-04-19,188.057614528755,188.98400671855183,182.73085943742328,187.08489990234375,22533995
2024-04-22,189.4471924211994,189.4471924211994,181.52653680580474,184.1204376220703,36002648
2024-04-23,186.20481285073626,187.64072343864984,183.88883259139874,184.9541778564453,13558545
2024-04-24,186.1121789968213,193.43068553067596,184.53731515442456,192.13372802734375,31299709
2024-04-25,192.04108828309222,193.61595205160287,190.92942057212124,192.68955993652344,12365830
2024-04-26,193.52331044984243,196.1172112429384,192.0410915220891,192.7358856201172,13324638
2024-04-29,193.523309658592,195.56138364630579,192.2726887686281,194.12547302246094,10194865
2024-04-30,194.49602774605867,196.62673250373004,193.29171513210338,193.70860290527344,17217978
2024-05-02,193.61595693516603,194.68130224012978,186.85329149738746,189.9567108154297,17430514
2024-05-03,191.76315784153877,193.15274594183975,185.8805625626827,188.7987060546875,15781876
2024-05-06,189.4471805607659,189.4471805607659,181.6654927347678,183.2403564453125,25048200
2024-05-07,183.6572291748997,184.21307007507477,177.4504050891774,178.56207275390625,15026421
2024-05-08,180.64645949809773,186.89960617303188,179.53479180523377,186.34376525878906,23505647
2024-05-09,186.99224945322445,188.33551515970686,178.23783287398,179.07159423828125,19166975
2024-05-10,180.64645834041593,182.03604648149604,175.2733813677818,178.37680053710938,14080312
2024-05-13,178.37679380132298,179.4421390150067,173.55955792127588,178.74734497070312,12436159
2024-05-14,179.21055895106255,186.11217765532857,178.97896091309642,185.3247528076172,15962440
2024-05-15,186.2974637262129,187.91864996005643,183.88883852453932,185.9732208251953,12338883
2024-05-16,186.71433688851292,187.82600461893585,176.9408970762848,181.06333923339844,32045529
2024-05-17,181.48022007705404,190.18831493859227,180.78542595097707,188.891357421875,30620083
2024-05-21,193.33803023572787,195.74665537231206,188.7523921253289,189.1692657470703,34640241
2024-05-22,191.39262046114973,191.39262046114973,183.6572404911331,185.9732208251953,36029532
2024-05-23,187.1311924745737,188.28918252701536,184.86153479891217,185.69528198242188,30667689
2024-05-24,186.2048137020868,191.6242131879634,184.4909826480925,189.40086364746094,23963389
2024-05-27,191.53155377436272,191.90210493515553,185.7416035393457,187.54806518554688,15755998
2024-05-28,188.4281544599919,188.56712176150845,183.7961937885504,185.7416229248047,11658134
2024-05-29,183.88882021884618,186.48272076190366,183.47194662733818,185.9268798828125,11373374
2024-05-30,186.20481297728676,188.19655034742198,183.33299179950777,184.7225799560547,16892576
2024-05-31,186.06586705694463,190.04934195223865,185.2784280833415,189.2619171142578,45410243
2024-06-03,201.02708104459765,216.03462988992723,195.6076817308519,213.81129455566406,106239940
2024-06-04,213.48707506750895,213.48707506750895,160.72904324026433,176.2924346923828,144638353
2024-06-05,183.51826820863926,183.70354378894004,169.48342036482856,180.785400390625,49797002
2024-06-06,186.20482359767763,195.32979200037002,184.44468415324212,192.596923828125,41316996
2024-06-07,195.6540062278588,198.61845808338575,192.5969095092504,197.04359436035156,31816743
2024-06-10,198.61846819706142,201.66630623880653,190.73487621277602,192.85630798339844,38291847
2024-06-11,192.87482776239645,198.47950265996548,190.77191378790852,197.1918182373047,58491135
2024-06-12,200.10069337733236,204.03785979795117,198.65552396463997,200.95297241210938,37632644
2024-06-13,202.92618849985513,203.9915337404874,198.49803547633073,203.64877319335938,26308017
2024-06-14,203.7136123350953,208.90141362708974,202.98176881301524,205.50155639648438,32311984
2024-06-18,207.3265387242398,207.88236545974982,203.94519934016654,205.89988708496094,18556534
2024-06-19,205.89989755632004,206.4464796237899,199.82276780437712,200.36007690429688,20546373
2024-06-20,201.86083732751118,205.1958546143177,199.3225319650847,202.5093231201172,18495221
2024-06-21,203.62098950296695,203.62098950296695,198.24791241415065,198.95196533203125,16928662
2024-06-24,197.22886669501668,197.627222636945,193.19906965868486,196.9972686767578,23293709
2024-06-25,198.52583918274567,199.6375069278412,196.03384205498628,197.46047973632812,12615853
2024-06-26,196.11720947788152,199.32253244094358,194.10694026862066,197.71986389160156,18166674
2024-06-27,198.71111544865076,202.37963456891507,197.73840086758184,201.90716552734375,24218669
2024-06-28,202.23139890935124,206.72439212746886,201.86083358678314,203.38938903808594,25103775
2024-07-01,204.0378742954166,207.51184491338623,203.38940260718678,206.1685791015625,20094833
2024-07-02,207.18760029149544,209.364627515038,203.62099896785614,205.3533477783203,23734457
2024-07-03,205.65904875513746,206.44648770416936,203.01882558308628,203.9359588623047,11406984
2024-07-04,204.73266485040944,205.46450842816463,201.28648492660253,203.02810668945312,15067769
2024-07-05,203.01883489818542,207.46552006458293,201.52734296479602,206.54840087890625,20660843
2024-07-08,207.04863815857024,214.404193829572,204.9827876955439,213.5241241455078,28199193
2024-07-09,215.728926268459,216.86839874212586,211.2174012133105,212.24569702148438,24236853
2024-07-10,212.95902064667328,214.69136935170013,203.67656783905935,212.3568572998047,18643698
2024-07-11,212.9775393142819,213.76497825788792,209.3646157585381,212.51434326171875,15939530
2024-07-12,212.79225643497912,216.59046959020552,208.1602960679329,211.87513732910156,26631708
2024-07-15,212.69961867705453,220.48130618217718,211.30075764565603,219.70314025878906,32695974
2024-07-16,220.66659902406525,221.5096192414868,215.84936285191932,216.22918701171875,19213934
2024-07-18,216.32183235246768,216.65533410190557,210.99507733003855,212.0141143798828,14554717
2024-07-19,212.01409712614955,212.01409712614955,202.89840223084798,203.58392333984375,17266945
2024-07-22,201.76821080017226,209.78149715219914,200.24892825689284,206.4650115966797,14249258
2024-07-23,209.27198146724658,209.27198146724658,193.75491292238138,203.61172485351562,18437981
2024-07-24,202.87986638684603,208.43821889059524,202.04611916553222,207.20611572265625,10123727
2024-07-25,205.65904782748643,212.8756361239215,202.85208087312319,211.58795166015625,21033610
2024-07-26,213.0701955240753,215.49733844534168,212.3661425755155,213.6630859375,16686103
2024-07-29,214.4597754502682,216.9332407105906,213.0701872724047,214.8025360107422,12472241
2024-07-30,216.49783650223304,218.99909240933744,214.83032785228946,216.54415893554688,18713036
2024-07-31,223.26050242492977,228.17038352115014,220.90747264394238,223.2327117919922,87632493
2024-08-01,225.06696086027756,225.99335297259452,219.66609314919515,221.40771484375,21967072
2024-08-02,218.98983512816758,221.87091521898301,215.015619108637,219.56419372558594,14930829
2024-08-05,213.07018893257109,213.79277365984046,204.73265980042697,208.03988647460938,18627263
2024-08-06,209.35535998272204,213.58896461443288,206.02960153369295,206.95599365234375,14389267
2024-08-07,210.3929085049153,216.84986251471466,208.99406153531524,216.33108520507812,16963242
2024-08-08,214.92296724680182,215.13603347187416,209.985295656452,210.57818603515625,13656192
2024-08-09,214.64504232783116,214.64504232783116,210.29100237451394,210.64303588867188,9460718
2024-08-12,209.8092787815386,217.6094985647178,208.7717241532762,214.830322265625,20362324
2024-08-13,216.11799797226183,216.86838741657002,209.45725091892555,210.43922424316406,12565171
2024-08-14,211.49531086064158,212.94973904937672,208.50306845440934,209.9760284423828,12489039
2024-08-16,211.47679671897,215.84936875332053,209.9575141738565,215.4324951171875,10347738
2024-08-19,216.77575857124646,221.96356015711487,216.3403531389929,221.34286499023438,19004338
2024-08-20,222.33411255948138,223.86265392907893,218.73970654970398,219.29554748535156,13957013
2024-08-21,220.48131759436964,221.21316112637496,218.02638420817672,218.76748657226562,7715949
2024-08-22,219.69388193201917,220.0181248228489,216.31255640477985,216.84060668945312,10788298
2024-08-23,217.3316046399488,217.970803351278,212.00484976284832,212.57920837402344,11234936
2024-08-26,214.18185542290882,218.53589556193995,212.93123454166286,217.93374633789062,13276274
2024-08-27,217.70214008190018,220.29604074829817,216.86839285923935,219.11026000976562,11974901
2024-08-28,220.01813289370327,220.48132896295314,216.92398654366323,218.13755798339844,11745870
2024-08-29,216.8220935772759,217.86890713338244,211.8566309036655,214.83961486816406,14620812
2024-08-30,215.3954192087353,221.71342003154962,215.3954192087353,220.1941375732422,23605945
2024-09-02,221.08348118509423,222.60276374733127,216.20140472690184,216.8313446044922,11344611
2024-09-03,217.7021453255136,218.4154712064692,214.13553005635757,215.41395568847656,11468711
2024-09-04,212.2271745582252,214.40420176812617,211.1896198721221,213.0424041748047,10067531
2024-09-05,214.64506851433782,214.73771338798346,210.20765612492434,211.32858276367188,12026014
2024-09-06,211.1247607524756,211.6064886180035,205.61273040662937,206.418701171875,12081433
2024-09-09,205.75168930658114,206.58543653521008,199.91541629931413,201.7218780517578,11247785
2024-09-10,203.2504226159112,205.51082161862794,201.57365516398718,203.7414093017578,10945760
2024-09-11,203.8803824416629,204.9735183741195,199.17430870709956,201.20310974121094,12709020
2024-09-12,202.13875565212263,204.70486575577738,201.592187699563,204.39915466308594,9267929
2024-09-13,204.39916325263695,205.4182002710985,202.12950531401518,202.7594451904297,8023988
2024-09-16,203.80625912257796,204.31577759750868,201.02708286181553,201.79598999023438,6528370
2024-09-17,202.58342252937396,205.14953266624462,201.83304717197376,203.55613708496094,7453731
2024-09-18,203.54686492252918,204.86233995383606,200.11921712144834,201.89788818359375,9639142
2024-09-19,202.8798727730086,203.29674639678765,193.26391811543687,195.39462280273438,22834523
2024-09-20,196.32102626968472,198.4702628815155,194.42191950083588,196.54336547851562,29582243
2024-09-23,197.32151334110412,204.68632756121823,196.05236071296628,204.11196899414062,17538036
2024-09-24,203.9915377542117,207.23391010677608,203.4264380073399,206.2889862060547,13952725
2024-09-25,206.2519482239164,209.36462642108847,205.71463907930442,208.98480224609375,14897710
2024-09-26,210.2446870257713,214.09848160487286,208.31778973622053,213.59823608398438,25633119
2024-09-27,216.7757477582657,220.38867123332156,214.92296358939163,219.53639221191406,31529491
2024-09-30,216.77575256490732,226.96606571966794,213.67233335898155,222.60275268554688,29251437
2024-10-01,222.51938542626797,226.5028743878203,221.41697653666864,222.1117706298828,14256684
2024-10-03,215.05266691153025,226.0304192255616,215.05266691153025,222.61203002929688,22452808
2024-10-04,223.67737055787282,224.1776302096996,212.36613089034276,213.24620056152344,20561689
2024-10-07,214.9229554490243,217.0073375600601,205.7053573851235,207.45623779296875,15437600
2024-10-08,205.86286352624137,210.6245185845781,204.80677704670745,208.20663452148438,9387045
2024-10-09,208.66982296760415,209.9482486039678,205.7980017697391,206.17782592773438,9953771
2024-10-10,207.5118377690814,212.57920386688153,207.12275476953903,209.01258850097656,10108642
2024-10-11,209.3646157585381,213.53338023160634,208.82730664129025,212.51434326171875,12660791
2024-10-14,212.5143350475844,214.55240890858366,210.42995289161613,213.69085693359375,12947771
2024-10-15,213.1906176782135,216.68310570416241,211.5138502453481,214.2096405029297,16946397
2024-10-16,213.5611859017198,217.23896394888982,212.80155167255026,214.7932891845703,14363208
2024-10-17,212.46803770141645,213.19062242187164,204.63075417143523,205.67758178710938,15315848
2024-10-18,205.6590469882238,205.82579078176448,201.35132936096238,205.13099670410156,10150771
2024-10-21,206.5854444277874,207.0949629250252,202.5093247211292,203.48202514648438,8211751
2024-10-22,202.14802972279745,203.3801187969425,195.79297924567544,196.51556396484375,12878742
2024-10-23,195.2093501916481,199.48927729629045,192.78220734156912,195.90414428710938,7866079
2024-10-24,195.7003264934166,197.96072542561987,194.54233639582245,194.949951171875,6846772
2024-10-25,195.00552453604817,195.56136541462726,187.53880695090405,190.91087341308594,10268644
2024-10-28,189.91039067072427,193.87534794021934,188.585656681876,191.6242218017578,12266987
2024-10-29,190.51253209846007,192.2726855918932,185.4544390850147,190.02154541015625,12717208
2024-10-30,189.1322121496847,191.62420912904037,187.43691293173322,188.73385620117188,8970199
2024-10-31,188.05760022950363,188.9469428837602,184.82448664412325,185.2691650390625,12812568
2024-11-01,185.26916603611295,187.0385642505347,183.47196305318866,185.42665100097656,2606575
2024-11-04,185.4359075001264,185.56560183047762,180.42412277794472,181.74887084960938,10478575
2024-11-05,181.38758272775468,182.48999162929974,177.5893693227776,181.9526824951172,17109329
2024-11-06,186.20481572119797,194.5330859509849,186.20481572119797,193.54183959960938,40549292
2024-11-07,193.89389076932355,200.53612116356746,192.68957807920387,194.94070434570312,21951907
2024-11-08,194.54234730654383,194.54234730654383,188.81725072804986,189.1414794921875,13570458
2024-11-11,187.131214161432,191.02205836142642,186.9459385586937,187.9927520751953,8551604
2024-11-12,188.05761590038964,190.095675905683,179.25689003313002,179.85903930664062,17295996
2024-11-13,179.62742404635947,180.36854055971634,175.04178593992006,175.5235137939453,12112022
2024-11-14,175.5605646426468,177.86728609805482,174.0968634045236,174.9862060546875,12252336
2024-11-18,176.01451485469306,176.80195386487114,171.03052038435558,171.80870056152344,14792702
2024-11-19,171.97544688460476,175.55132133042784,171.97544688460476,172.9388885498047,9668218
2024-11-21,173.33724252597588,176.2461134252302,167.1396765385743,174.4396514892578,17368997
2024-11-22,175.6346801216605,179.36803926594266,174.30994616397032,178.43238830566406,8159852
2024-11-25,182.86979587041984,186.3900886964993,182.34175972109986,184.52804565429688,21024516
2024-11-26,184.52804387318866,185.20430614532853,178.81220633685675,179.69227600097656,10102404
2024-11-27,180.27592016369087,181.109667454244,178.33049097157019,180.53530883789062,8033396
2024-11-28,180.5538049588098,184.58361603207715,179.3958148958733,182.2213134765625,15723274
2024-11-29,183.14773888976518,185.79722120182797,181.989748615885,184.7781982421875,12489971
2024-12-02,183.79619372819056,184.53731026250225,182.49925039486172,183.92588806152344,8234055
2024-12-03,184.81522781175357,186.3808327551667,184.352031752075,185.2691650390625,8800984
2024-12-04,186.7606641212385,192.71735889339539,186.54758374791865,191.51304626464844,14841619
2024-12-05,193.10643092925986,194.26442105732644,190.41989948639406,193.49551391601562,12412144
2024-12-06,193.49551316877543,197.6920682458328,193.1620114477553,194.9221649169922,14026104
2024-12-09,194.91289610648258,196.30248428443454,192.88410924059508,193.31024169921875,7980018
2024-12-10,193.4306755821123,194.4867620231083,191.65200442546745,192.26341247558594,7239820
2024-12-11,191.2999685290267,192.52281288535178,189.91038037990543,190.67002868652344,6858258
2024-12-12,190.18829458034438,192.3189991660288,189.36380620441332,190.1141815185547,5419304
2024-12-13,189.91037862798385,190.46621953675339,185.13019204655473,189.81773376464844,4879404
2024-12-16,189.67878335529844,189.9103813813733,186.54757351936757,188.81724548339844,10337056
2024-12-17,188.05759934612837,189.9103835761395,183.52754246917607,184.8800811767578,10164638
2024-12-18,183.42562964188204,184.6855234210087,178.79366929739007,179.29391479492188,13124279
2024-12-19,175.18075968842635,182.4992519552245,174.83798498369845,179.3680419921875,13972934
2024-12-20,179.72933831933847,185.0746250537939,177.6079064873414,178.25637817382812,25818265
2024-12-23,179.9053422250932,183.60165177714222,177.5245218887771,179.69227600097656,20954043
2024-12-24,179.69227614729803,186.65874867321398,179.59037245122508,183.48121643066406,22726193
2024-12-26,183.98148726155233,185.93617527003568,182.03605808577595,183.0828857421875,9338804
2024-12-27,182.48998036879271,183.17550145909433,177.96918250884764,178.33047485351562,8010778
2024-12-30,178.79366938940996,179.55331767139577,173.69851300784646,174.8472442626953,24223648
2024-12-31,174.4859616156472,177.99698153398094,173.5595694948009,176.92236328125,8397949
2025-01-01,176.96868021078666,177.49673048834552,175.11589602671467,177.02426147460938,3721986
2025-01-02,176.94089395261713,177.75612353715906,173.75410281554065,177.03353881835938,9157431
2025-01-03,177.5801023840796,179.4977266640709,175.7736406317337,177.02426147460938,16593190
2025-01-06,177.3021998813741,177.3114587144082,170.27088658344238,171.07684326171875,20865981
2025-01-07,172.5961152440994,175.34750099731096,170.4191022229305,172.36451721191406,14521936
2025-01-08,173.2353182596013,177.56156755943553,173.22605942766245,176.5518035888672,14658568
2025-01-09,176.38505847443315,176.82046391274343,168.90908122664547,169.5482940673828,14447702
2025-01-10,169.992951328304,171.262103989209,164.6661967226487,166.3614959716797,11987426
2025-01-13,162.2853604726503,165.60184587016212,159.01519750702866,159.4783935546875,12564130
2025-01-14,160.441839916376,165.08305895509992,160.3584680251966,163.00794982910156,16272268
2025-01-15,164.11035120366552,166.74131545210875,162.83193974637675,164.8422088623047,11373283
2025-01-16,168.55704905436312,168.88129196147563,164.94412531956124,167.23231506347656,6929944
2025-01-17,166.38002491262,169.33520380392181,166.23179878576494,167.63064575195312,5519645
2025-01-20,167.63063979872183,169.43710148179605,165.93534063903036,168.658935546875,5329580
2025-01-21,168.42734514320387,170.08559491523678,166.10210606511546,166.66720581054688,6654450
2025-01-22,166.07432050286425,167.32494139247112,159.5710438157936,163.47116088867188,9583003
2025-01-23,162.30389292866303,167.01922532034305,162.30389292866303,166.43560791015625,7865833
2025-01-24,165.64817532131306,166.83395612271684,162.4335934834947,162.89678955078125,6235286
2025-01-27,160.26581903703521,161.28485591059402,154.42954649931391,155.3096160888672,22215768
2025-01-28,154.47587833786574,157.66266933409145,151.32615094054756,153.90151977539062,18592348
2025-01-29,154.10534514521774,155.8191622007138,152.30814205026002,153.0585174560547,16409375
2025-01-30,153.17894217025386,160.25657737732539,153.17894217025386,154.80938720703125,30173614
2025-01-31,156.7918785368654,165.7037669028288,154.84644927890915,164.08258056640625,36650691
2025-02-01,165.76861541682607,167.21378492511636,161.65543196361665,162.67446899414062,14451252
2025-02-03,163.04501649199085,164.13815243109983,160.33069430935353,161.5072021484375,17456702
2025-02-04,163.04501239905198,165.31467025589168,162.11862028314826,164.89779663085938,12517209
2025-02-05,166.8524837867074,167.62139093561467,165.22203875910543,166.28738403320312,12940845
2025-02-06,166.75059385348175,167.55655053370756,163.50822119521962,165.2776336669922,14963364
2025-02-07,164.402716501517,166.71011718086842,163.53744491428415,164.45079040527344,12418542
2025-02-10,164.45079309145612,165.01802702279846,161.03775125034016,161.61460876464844,11546697
2025-02-11,160.65320251304937,161.2588868155781,154.52895039119107,155.45191955566406,19520499
2025-02-12,153.9232530007355,154.93273164248095,149.51032677126847,153.5963592529297,20114096
2025-02-13,153.2021892246693,158.43229850492685,153.2021892246693,156.0672149658203,12193757
2025-02-14,156.2402762791161,158.92264487559865,154.548183255347,156.0287628173828,18449659
2025-02-17,154.12513767649267,155.19231376966738,151.6735153359459,153.99053955078125,14124277
2025-02-18,153.99055236880793,158.3938552337449,151.5197119975573,157.74009704589844,13591407
2025-02-19,155.95186587635445,158.40347390185,155.41345862544065,157.22093200683594,9842304
2025-02-20,155.8460878950306,160.97044029814026,155.37498711599716,160.69163513183594,10110659
2025-02-21,160.4608853210314,161.98955325275207,156.7978799065309,157.8746795654297,10215346
2025-02-24,155.26923418180098,159.2975838430829,154.50009572242303,158.23040771484375,7411226
2025-02-25,157.6727964772456,159.17260853554532,154.30782825974342,154.53857421875,6520927
2025-02-27,153.82711926462153,155.6922754329206,151.39472911485748,153.22142028808594,8836252
2025-02-28,152.85608127184588,152.85608127184588,147.72209033900222,150.01988220214844,24910367
2025-03-03,150.01988957540584,152.86569769808716,147.39521849614133,148.10667419433594,21947511
2025-03-04,147.0971805658593,147.96245223056084,144.7128643610464,147.2606201171875,11758879
2025-03-05,147.57789359972745,153.106055737828,147.43368654242465,152.817626953125,11875941
2025-03-06,154.50008583459226,156.34600921690478,152.87528479404193,155.23077392578125,9112943
2025-03-07,155.1827096980467,155.69226080914214,151.3274084947335,152.0388641357422,12554271
2025-03-10,151.90427760491895,154.06747143157125,148.25088065255338,149.1546173095703,12901373
2025-03-11,148.49122944727642,151.23128071697698,147.09717419448523,150.73133850097656,8510794
2025-03-12,151.32741025630384,155.41344277554433,151.2312771167323,153.05796813964844,12855790
2025-03-13,153.307958706311,155.07696705142712,151.62547459468382,151.86582946777344,9241718
2025-03-17,151.79851965954694,153.05797681909385,150.37562295037375,150.5390625,9745451
2025-03-18,150.5390625,150.5390625,150.5390625,150.5390625,0
2025-03-19,156.71136672166364,160.1917003556526,156.34602264469154,159.5571746826172,11002564
2025-03-20,160.62435145404112,162.84522799347582,158.29770352024676,161.96072387695312,10268944
2025-03-21,161.95110401025937,170.48851345188646,161.9030301035644,168.29647827148438,33864565
2025-03-24,171.86332137385358,179.20856477700764,171.32492887363736,174.28610229492188,33972530
2025-03-25,175.93976444791392,176.2378021388342,170.1712475807692,170.84423828125,15135251
2025-03-26,170.1712458226141,172.57479449242504,166.72936236703322,167.3542938232422,15788440
2025-03-27,166.22941714701608,175.21869487850623,165.55642646558985,174.55531311035156,23986738
2025-03-28,174.96873175834423,177.81452512764005,173.83424917389098,175.97821044921875,22871476
2025-04-01,174.58414380592444,179.7373523318844,172.7382203343994,179.1316680908203,16373953
2025-04-02,176.94925339138507,179.68929003243218,176.03590784436938,176.9588623046875,13488498
2025-04-03,175.03602037469386,178.34330558559913,173.60351480224807,176.5454559326172,10999215
2025-04-04,176.1320460264675,177.76645621053117,168.2484092144389,169.79629516601562,12870074
2025-04-07,153.6348306350904,165.0757161915996,153.45215859286117,162.50872802734375,14675014
2025-04-08,167.69077226344868,170.58463941548905,163.14326254735775,165.9121551513672,11262619
2025-04-09,166.13328616980073,166.87358326406874,160.96084476351498,162.3452911376953,8093175
2025-04-11,166.3447995562409,166.68128756615263,162.77792689451843,165.08534240722656,11757223
2025-04-15,169.8732049869799,173.78617452047345,168.13303812949803,172.08447265625,15842566
2025-04-16,171.13265076067998,177.86258646475167,169.5078496506245,177.57415771484375,20404245
2025-04-17,177.57415924228445,181.41983682054766,176.71849656792472,179.77581787109375,19477011
2025-04-21,183.15039066467133,189.3996165928622,181.31407614033387,187.78443908691406,31364829
2025-04-22,188.54396759389797,189.11120154456626,185.35204800080834,185.78469848632812,15312211
2025-04-23,186.79416757626026,187.284500855985,182.57353702406292,186.03465270996094,8545702
2025-04-24,184.79443763343386,186.78456825241975,184.49638528315901,185.78469848632812,12332917
2025-04-25,185.5539415010043,187.1595101152388,177.74722078098847,179.53546142578125,9791154
2025-04-28,178.81440177245472,183.72725555604404,178.67018005855408,182.01593017578125,8332481
2025-04-29,182.06398870598227,185.73661788835588,181.6121204103479,182.28512573242188,6147630
2025-04-30,181.85248262432134,184.88096268596655,180.17962217455397,181.7947998046875,11049144
2025-05-02,182.6696945075728,185.16939093203084,180.4872682603027,181.15065002441406,6381498
2025-05-05,182.2274460161727,185.65011176733782,180.04503430836107,183.8137969970703,11170518
2025-05-06,184.5925475293139,184.70791317708847,177.75685416681506,179.2182159423828,6179703
2025-05-07,175.93975854455516,182.9581234314447,175.93975854455516,181.9293975830078,7734600
2025-05-08,181.2467836635493,183.9964436473929,175.4398024559462,177.16075134277344,10327093
2025-05-09,171.86333809074569,175.84361408460862,171.70952212579058,174.59378051757812,13961118
2025-05-12,180.11230605286448,181.83325498626107,178.86245790455158,180.5545654296875,12160088
2025-05-13,181.44869684094436,182.20822645581399,176.0359150699859,176.7377471923828,18769044
2025-05-14,177.86258562501047,180.59301314837688,175.94935577408,178.75669860839844,13578551
2025-05-15,179.30471727654952,179.30471727654952,175.7955423507036,177.88182067871094,14364503
2025-05-16,177.81451114956153,180.2661334991693,177.2665097321737,179.09320068359375,17089599
2025-05-19,180.16039089037145,183.5830417992462,179.1124472063805,182.1697540283203,14465387
2025-05-20,183.0446501338565,186.51537496616479,181.61212985932485,183.72726440429688,21788836
2025-05-21,184.0156771640742,184.1118249772707,180.26614717095694,183.28500366210938,10013046
2025-05-22,182.429340640641,185.55395385319477,181.91018059247455,185.1790008544922,10157103
2025-05-23,185.46743275547627,186.50576753943994,182.73700499214414,183.9003143310547,9709796
2025-05-26,184.59252419641913,187.14990331288,184.55407387538702,185.69815063476562,7364228
2025-05-27,185.55396776114668,186.80381607386826,183.25617569018303,186.49615478515625,9676557
2025-05-28,186.51537554256484,189.6688302028726,185.65971280858065,186.84225463867188,11799541
2025-05-29,186.2750116818265,187.06338264388086,183.49651015889884,184.3521728515625,15154707
2025-05-30,184.59252144088953,185.55394082339416,181.66981297291747,182.47740173339844,26351115
2025-06-02,182.47740611759892,184.83288072730878,181.0448859220149,184.313720703125,8101618
2025-06-03,184.35216608250576,187.35178985314647,183.89068888781384,184.50599670410156,10598180
2025-06-04,184.49638979061365,185.5539570720162,179.1124495791832,182.20822143554688,17603834
2025-06-05,183.3330687291132,185.42895599085242,182.18897728968295,183.26576232910156,7467344
2025-06-06,183.26576321742448,184.47716106273822,182.4004916165684,183.7753143310547,6637216
2025-06-09,184.111828666272,187.28451585407046,184.00607193767547,186.1692657470703,7485555
2025-06-10,187.47679189396223,189.88034050798737,185.31359814133958,188.12094116210938,11402867
2025-06-11,189.40924857166843,192.86075569237482,188.72664894856155,192.37042236328125,24303718
2025-06-12,194.59128698289538,194.96623997421338,184.36178482299007,184.7655792236328,27331751
2025-06-13,182.66969402195818,185.10208403716916,178.02603635562,183.95799255371094,15290087
2025-06-16,185.0732466447068,185.21745369613149,181.22756879234925,184.23681640625,7728599
2025-06-17,184.23681687329503,185.0732471138722,181.5159980254431,183.12156677246094,8847687
2025-06-18,181.33332650572854,183.05426089917006,178.05488259795055,178.55482482910156,11903224
2025-06-19,178.34329771173142,179.26626678545907,172.574781343697,173.44967651367188,18702293
2025-06-20,173.19969700722598,175.5744040709358,172.4978649610979,174.83412170410156,18520686
2025-06-23,173.0554999239786,178.0164277759558,172.9112928754139,177.63185119628906,11308631
2025-06-24,178.8816959019108,180.64109521040308,177.96835038200834,178.3336944580078,7404157
2025-06-25,180.16038652846802,180.16038652846802,176.52622225410238,176.88194274902344,8112854
2025-06-26,177.49724823493582,179.97771209348278,176.74734226259557,179.58352661132812,12858332
2025-06-27,180.45841028455573,184.21756348936697,179.89117638503248,183.65032958984375,13050123
2025-06-30,184.59252971761964,185.02516552512606,181.94862629718497,183.47727966308594,9866638
2025-07-01,183.72726315817033,183.93877661123295,180.7468569887219,182.30435180664062,8969214
2025-07-02,183.11194602248474,184.58291653604758,180.89105487779776,183.40036010742188,13834006
2025-07-03,183.92914818698074,186.05389157497126,183.40036456824137,185.30398559570312,14497014
2025-07-04,185.3039861186385,187.659460786838,184.25602779123537,185.94813537597656,11748872
2025-07-07,186.03465329170368,187.76521114006425,185.28474733576337,185.69815063476562,10135456
2025-07-08,185.65011052417555,187.90943753745597,184.7655916782722,185.1982421875,10024889
2025-07-09,185.26551889051072,185.26551889051072,177.57416354751,177.8914337158203,27312219
2025-07-10,179.78543399121094,179.78543399121094,176.99732350323603,178.50674438476562,13016217
2025-07-11,178.15103306796775,178.15103306796775,174.54571000805242,174.87258911132812,13793909
2025-07-14,174.8725698020884,177.2857271558319,173.1612444855524,176.5550537109375,15937447
2025-07-15,175.28600926466655,177.85299755436162,175.28600926466655,177.58380126953125,7678880
2025-07-16,177.56455640490842,178.0356425355025,176.32431712823038,177.21844482421875,8484342
2025-07-17,177.6318672791722,178.92018060007973,176.99734153794068,178.14141845703125,7030843
2025-07-18,177.86258736445706,178.86245707642053,176.0358963892928,178.08370971679688,7725761
2025-07-21,177.4780324156139,177.88182681527812,176.30509953892906,177.01654052734375,5533832
2025-07-22,177.09346274220377,177.71839419729957,176.18972609674915,176.93002319335938,6991724
2025-07-23,176.90116759740178,179.40086387714246,176.8627172766792,179.19895935058594,7798034
2025-07-24,179.3816299658165,181.6025063899298,179.3816299658165,180.71800231933594,11684679
2025-07-25,179.910417176488,180.58340782306757,176.02627458177884,176.43006896972656,10429865
2025-07-28,176.43007179072697,178.45866734577143,172.62285911771872,173.66119384765625,11229894
2025-07-29,172.38251558414623,178.18948278466755,171.32494828880604,175.9205322265625,13852750
2025-07-30,175.93014891344325,176.00706422918887,172.9593516893925,173.603515625,8784760
2025-07-31,171.13265820688954,172.00755340730967,170.51735035969108,170.8249969482422,7939221
2025-08-01,170.8153962302651,170.82500514377273,167.1427814670659,167.6619415283203,12964065
2025-08-04,167.9616945758571,169.57652317299411,166.80134037635375,168.77394104003906,9781181
2025-08-05,168.77393974220456,169.12204747484913,165.06080043046535,165.67965698242188,14688223
2025-08-06,166.21149067419793,166.31785733593816,163.72640012947338,164.29690551757812,16492438
2025-08-07,164.05515974137452,164.23888531135762,161.72477233579562,163.89077758789062,13072513
2025-08-08,163.83274620874627,166.31785141977622,162.74008663668687,165.4959259033203,15908370
2025-08-11,165.49593541201617,167.50722294321702,164.48063469238156,167.30416870117188,5576496
2025-08-12,167.28481365324555,169.45081886426402,166.7819881167281,168.5418701171875,7141744
2025-08-13,168.44516572266693,168.98666333009595,166.60793958964663,167.63291931152344,6019021
2025-08-14,167.34282786970581,169.0640230247636,167.1591023046092,168.18408203125,8864011
2025-08-18,168.25178372129926,168.74493018947862,166.66596290170045,167.9230194091797,6363956
2025-08-19,167.6715989041179,170.47580414642925,167.6715989041179,169.1123809814453,6732317
2025-08-20,169.37346600478094,173.46372075803365,169.1123815191296,172.2356719970703,10610680
2025-08-21,172.84486819477723,172.9705782749697,171.26871166819504,171.89724731445312,7252426
2025-08-22,171.7425227228113,172.061622699016,170.23406083871905,170.9689483642578,6424964
2025-08-25,170.9786246046917,171.0172966823592,169.27675809325325,170.08900451660156,8324913
2025-08-26,168.57087799168315,170.0599964315274,165.35088529691564,165.96974182128906,9987523
2025-08-28,165.9697523871115,166.7046399457439,163.9584648661812,165.56362915039062,8495627
2025-08-29,164.55798272335107,168.25179354904236,164.44195172516763,167.35252380371094,8823629
2025-09-01,167.40085440537345,170.34043413141885,167.14944899980156,170.12770080566406,6770507
2025-09-02,170.2340648221881,174.48870176173497,169.91496483851645,173.3670196533203,8668666
2025-09-03,174.4306930255576,175.35898526446013,171.0946690738192,172.1389923095703,6209706
2025-09-04,172.69014665651196,172.8448644819324,168.25178416702792,168.88998413085938,9769773
2025-09-05,168.89965037079696,169.4314836800005,166.9077062987838,168.2227783203125,7598903
2025-09-08,168.22276201564821,168.73525185810752,166.34684911847899,166.6756134033203,5686270
2025-09-09,166.69497804212645,167.90368343855545,166.02777030254492,167.24615478515625,8186535
2025-09-10,167.6715929542798,169.00600832412107,167.381515486665,168.1550750732422,7050241
2025-09-11,170.08900824699967,173.8408343152795,169.5088385410423,173.0962677001953,13059152
2025-09-12,174.53705138156775,177.72803643532944,172.2163430268523,172.65147399902344,19079692
2025-09-15,173.08660069139032,174.60474164563396,171.79087213795793,173.98587036132812,4509947
2025-09-16,174.73044073534612,176.47097937325597,173.32834549400621,176.21957397460938,6383724
2025-09-17,176.21957983012166,176.94480305712352,174.73044654137672,175.60072326660156,4834786
2025-09-18,175.98749867081145,176.93511953233718,174.2953111835921,174.97218322753906,5872596
2025-09-19,175.11724453725466,176.03585769180023,174.53706004243398,175.64906311035156,6567199
2025-09-22,175.6007188613286,176.33560640122758,173.90853137410926,174.97218322753906,5333007
2025-09-23,175.11723823807856,175.69740795732523,172.26468178830876,172.75784301757812,6368313
2025-09-24,172.79651775724182,173.08660999868326,169.8569527722391,170.09869384765625,10054492
2025-09-25,170.18570319161694,171.7908673423939,168.25177474625767,168.65789794921875,8858607
2025-09-26,168.55154574723113,168.7836224922671,165.6409884990886,166.3372039794922,8760356
2025-09-29,167.0720866782223,171.2493794390839,166.22115339255703,170.65953063964844,12460294
2025-09-30,170.66919447803022,171.4621122655118,169.70223020336715,170.46612548828125,9899684
2025-10-01,169.89561255973754,170.6595225654188,168.0100352588522,168.79327392578125,6383909
2025-10-03,168.94799319480572,171.8778936616577,168.71591646551025,171.5007781982422,7695671
2025-10-06,169.52817559209703,172.27435045940967,169.52817559209703,170.78521728515625,5015866
2025-10-07,170.775557499536,174.28564246327508,170.70786291949418,173.9568634033203,8793661
2025-10-08,174.8561517105118,175.31062610037642,171.27838684207634,171.65550231933594,9739699
2025-10-09,171.6555093220846,173.26065887133407,171.6555093220846,172.55477905273438,5696104
2025-10-10,172.409731827106,175.02053239812622,172.409731827106,173.2896728515625,12004977
2025-10-13,172.89321127948267,174.7304374571551,170.5628238900776,174.37266540527344,11256078
2025-10-14,174.3726565075845,177.43793126070648,167.73928148443483,169.57650756835938,13393866
2025-10-15,170.26305967430244,172.5934469588887,169.81824964613753,171.51043701171875,10456218
2025-10-16,171.51043802524745,174.82713295383192,171.2493683106868,173.2509765625,11918586
2025-10-17,173.28967748217448,173.28967748217448,170.20505902601178,171.7328643798828,10653158
2025-10-20,173.2799877579773,173.81182103754463,172.10029021228362,172.5257568359375,5945439
2025-10-21,172.91256746840935,173.08661396443938,172.07129847348358,172.49676513671875,550754
2025-10-23,172.98024577299117,175.37831314360628,172.50642794680283,174.1309356689453,6890426
2025-10-24,173.95687639597605,176.37428721167726,173.66679890185566,175.03988647460938,14617812
2025-10-27,175.0688745170249,175.50400546392876,173.57007702906452,174.2179412841797,7633630
2025-10-28,174.2179537928953,174.97218475626931,171.59748883814058,172.564453125,4486173
2025-10-29,173.08660528056248,180.28082184962452,172.84486421173486,178.540283203125,16216434
2025-10-30,179.85535827777446,179.95206060883774,176.2969367661496,177.04148864746094,10890893
2025-10-31,177.33158910416765,179.75866427741218,175.3106371817426,176.72239685058594,12162645
2025-11-03,176.4129530611333,178.34688148363253,171.96491178750387,177.6216583251953,11050075
2025-11-04,177.90207709464218,178.39523830102468,174.7787867246011,175.6200408935547,11320462
2025-11-06,176.7610713321936,176.7610713321936,172.7481607628385,173.0672607421875,8609714
2025-11-07,172.40973070580446,175.43631880986183,171.30739203833392,174.50804138183594,5863620
2025-11-10,173.66679154876826,176.229241003035,173.66679154876826,175.5233612060547,6801002
2025-11-11,175.40732010783518,176.65471233161927,173.82149922803472,176.31626892089844,4352265
2025-11-12,176.48065343813266,177.37993793177978,175.74576586368386,176.42263793945312,9245014
2025-11-13,176.4226278514097,179.2461617450977,176.16154336757614,177.60232543945312,8521444
2025-11-14,176.9544627360595,177.95043476124678,176.05519304047837,177.35092163085938,5496277
2025-11-17,176.8577589564773,179.49758203510362,176.5193303150381,179.17848205566406,6749568
2025-11-18,180.32916585640984,180.32916585640984,176.96411968851376,178.22117614746094,6258414
2025-11-19,178.30820097197707,178.77235443321308,177.2445491547273,177.9697723388672,3032584
2025-11-20,178.0954660751552,179.0527659814072,176.97379877389318,178.22117614746094,6809330
2025-11-21,177.92142228353495,178.6756532193606,175.68773722322794,176.94479370117188,8936258
2025-11-24,176.09386690822856,177.54431333883127,174.0632360035031,175.10755920410156,13399523
2025-11-25,175.10755055340323,176.1325302863069,173.5700809540477,174.26629638671875,5775748
2025-11-26,174.15026927998085,179.44922929809184,174.05356695201493,179.04310607910156,7831961
2025-11-27,179.08177135563335,180.6965998393453,177.07048399890442,177.72802734375,3082841
2025-11-28,166.5305885740115,170.57249216011616,166.12446534919025,170.27273559570312,60244650
2025-12-01,171.15267348488607,171.56846103312833,169.0640271486874,169.61520385742188,14586098
2025-12-02,169.4218189920698,170.82391425541468,168.73526785714284,169.21875,6840703
2025-12-03,169.26709213110897,169.7022230855158,164.09382757676323,164.64500427246094,19784622
2025-12-04,165.34122601388918,166.19214453919068,164.14218500612748,164.9931182861328,7624463
2025-12-05,165.35088590836702,165.9310703572953,163.92944728772582,164.3645782470703,5577375
2025-12-08,164.3645915404957,164.7900582034934,160.02293117196155,161.29931640625,10883405
2025-12-09,159.95522504316972,163.04950770342444,158.79487088991215,162.3436279296875,12988637
2025-12-10,162.43065825831155,164.28722793546754,161.82148078522715,162.46934509277344,6217163
2025-12-11,162.46933689999835,164.80938860699737,162.18890900575556,163.3686065673828,4976531
2025-12-12,164.38392920908956,168.5321995188256,163.70705715740473,165.0704803466797,18497271
2025-12-15,165.0124456912588,165.0124456912588,163.1848838231344,164.24855041503906,6675122
2025-12-16,164.17118947651673,164.17118947651673,161.89881758309508,162.75942993164062,7581502
2025-12-17,163.5136726662606,164.8674168144682,162.450006010737,163.4846649169922,3369805
2025-12-18,163.03017746785932,163.89077505497676,161.3863264490185,162.01486206054688,3743055
2025-12-19,162.07288811027624,164.61600895956536,162.07288811027624,164.15185546875,8766941
2025-12-22,164.39358850542263,166.54025034266616,163.70705214356312,166.04710388183594,4118436
2025-12-23,165.84403173885477,166.99472154692904,165.47659536030326,166.3565216064453,3548499
2025-12-24,167.28481966431377,168.06805836672933,165.09948571334044,165.35089111328125,4467016
2025-12-26,165.34123150909403,166.29851672621209,164.751382693978,165.3702392578125,1942413
2025-12-29,165.35088007542544,165.83436218090915,164.3065569570163,164.7900390625,2857519
2025-12-30,164.72236947062274,165.35089034490605,164.15184933714434,164.9931182861328,4526325
2025-12-31,165.0607904351686,166.99471888726126,165.0607904351686,166.47256469726562,6139095
2026-01-01,166.3178566380972,166.80133877948703,165.389564434559,166.095458984375,2897460
2026-01-02,165.88272200739112,170.25340460058607,165.88272200739112,169.58619689941406,13698712
2026-01-05,169.60551745341226,170.08899956103852,166.65628840065446,167.33316040039062,7405173
2026-01-06,167.2848243644821,167.2848243644821,163.27192841022165,163.79408264160156,8771407
2026-01-07,163.80372882449905,164.51928764089993,162.06320507626899,162.91412353515625,7890426
2026-01-08,162.47900962403702,162.85612510963128,157.6635315569017,158.12767028808594,9689093
2026-01-09,158.08898268224792,159.94555217935417,157.7118672336904,158.93023681640625,7540855
2026-01-12,158.5724712419008,161.57973062252094,156.55150476401658,161.0478973388672,8511255
2026-01-13,161.8504808343345,162.64338384663307,158.66916019022597,159.80050659179688,7864353
2026-01-14,159.53943923250745,161.04790112362753,158.8238803654386,159.71348571777344,12730825
2026-01-15,159.71348571777344,159.71348571777344,159.71348571777344,159.71348571777344,0
2026-01-16,158.96891204617592,160.7578017570833,158.07930673333266,158.814208984375,20549276
2026-01-19,158.81421212608754,160.18729957664127,158.1856765171199,159.27835083007812,4566527
2026-01-20,158.58213153376616,159.17198029612257,155.32346684509557,155.88430786132812,6841149
2026-01-21,155.88431645391708,159.80050994353212,154.51121420642048,157.3057403564453,16082935
2026-01-22,158.28238230822137,159.1816519890594,157.04466923401426,158.16635131835938,12111105
2026-01-23,159.5491108892019,159.58778296946872,154.71428934710485,155.49752807617188,8178368
2026-01-27,155.4975130995259,156.0680184454164,153.1284537230137,154.69493103027344,20808770
2026-01-28,155.7779509076229,163.097862811176,155.7779509076229,162.5853729248047,11194053
2026-01-29,162.59504629597438,166.26951370336408,160.27433780430974,161.85049438476562,15216722
2026-01-30,161.82147324215188,162.54669643011246,159.75217033602584,161.76344299316406,15845745
2026-02-02,157.31542093952473,157.31542093952473,152.5869662045534,155.09140014648438,17376481
2026-02-03,159.9358816539671,160.9898839040344,156.06802463931538,157.42178344726562,32679436
2026-02-04,158.2823769865704,160.32267209970115,157.4217794130529,159.945556640625,15626744
2026-02-05,161.05234884772614,161.13211904623196,158.94845740779016,159.71621704101562,13323350
2026-02-06,159.5367484597274,163.14626252495353,158.5695557050215,162.51809692382812,15057595
2026-02-09,162.72747026515364,163.76446758582733,162.02950007697464,163.16619873046875,14553493
2026-02-10,163.31576858789165,166.63612899286292,163.2260328183381,164.07357788085938,14629394
2026-02-11,164.1633147574557,164.1633147574557,161.33154110308536,162.9967041015625,8859790
2026-02-12,162.5280551269885,164.02371207600987,161.57082798518675,163.2459716796875,13190080
2026-02-13,161.9297832902117,162.85709849318604,160.65349060096815,161.2218475341797,8523271
2026-02-16,161.2118656229979,164.62197676919507,160.83297621811622,164.34278869628906,10223455
2026-02-17,163.72458057395332,165.41965543693087,163.38556864427972,165.2700958251953,8756094
2026-02-18,166.0179244489745,168.79983973179938,165.11055556474406,166.82557678222656,11790520
2026-02-19,166.82558304029774,168.8696506951557,165.36981871490553,166.39683532714844,17067659
2026-02-20,165.52933934945221,169.50779242540202,165.3199558907552,167.9822235107422,14668133
2026-02-23,168.31126582385778,168.8098181425217,165.98801019313083,166.64610290527344,7494561
2026-02-24,165.12054181059966,168.10187507939065,165.12054181059966,167.37399291992188,8809408
2026-02-25,167.51357278262867,169.81688197405242,167.26429663265452,169.50778198242188,10027465
2026-02-26,170.0063405760507,170.7043107788956,167.9223955366247,169.46791076660156,13026917
2026-02-27,168.95938385311464,170.96357398386147,167.18453875175322,169.03915405273438,17164115
2026-03-02,165.02081922879105,167.47370335707316,163.02660993297485,164.59207153320312,17268287
2026-03-04,159.53674707409934,160.06521133161348,153.5541190588206,154.162353515625,30080625
2026-03-05,155.03979937699506,157.40293240492053,153.96292458570267,156.2761993408203,18400202
2026-03-06,155.44860763397367,157.34311558292953,153.2051221890116,155.25917053222656,14633439
2026-03-09,151.55990529267368,151.55990529267368,145.98609400611383,148.54864501953125,20704576
2026-03-10,150.56279409771454,152.05845099272494,148.81786105353572,149.85484313964844,20823909
2026-03-11,150.95167636810265,154.45150830538944,146.8934682463085,147.5415802001953,23526066
2026-03-12,146.57438887225183,153.48431704464517,144.25113312763912,151.90890502929688,16072499
2026-03-13,152.05846233986688,152.8461683355926,147.02308070798537,147.3521270751953,11388686
2026-03-16,148.56859027424034,149.85484855601206,144.0816194270317,145.63710021972656,10325467
2026-03-17,146.5743823837283,147.95039165845466,145.12858369565424,147.28233337402344,13154638
2026-03-18,148.06007060636156,151.19097850680396,147.13275539750535,150.512939453125,10219424
2026-03-19,148.5386838253756,148.5386838253756,143.38365451006396,143.852294921875,10509747
2026-03-20,145.5972179647413,146.92336890860958,142.02758167067807,142.45632934570312,21738634
2026-03-23,140.82108709047446,141.6885784919567,133.97098293430795,135.00796508789062,16552069
2026-03-24,138.59754380819788,139.47500075278086,134.2102895145015,137.27139282226562,22824139
2026-03-25,139.39523543855955,140.44219838144875,137.89957843860637,138.79696655273438,17031700
2026-03-27,138.59754257757078,139.31545912319888,136.1646048634544,136.79278564453125,18663640
2026-03-30,135.49655670361733,139.84393379230474,134.60913413163024,137.31129455566406,21810845
2026-04-01,140.99059271234887,142.3167437347187,139.00636417806962,140.26271057128906,15145719
2026-04-02,138.547691338155,141.5888636352136,137.10189260452023,141.31964111328125,15268069
2026-04-06,141.3196342471065,143.21414216345173,139.76415346637853,142.72555541992188,11466136
2026-04-07,142.58596204048354,145.3579116937522,140.6017183502133,144.95907592773438,15413074
2026-04-08,152.26785206685935,156.04687185374576,150.84198455941055,152.85614013671875,21095009
2026-04-09,152.8561411719509,154.25208155303906,150.80210809066017,151.77926635742188,10066115
2026-04-10,153.04559254499992,154.53126868119853,151.47016543051774,153.63388061523438,14099404
2026-04-13,148.07004673332779,153.85325698872995,148.07004673332779,153.2649688720703,15551444
2026-04-15,156.54542568621548,156.64514223427963,154.71075683286412,155.66796875,13040725
2026-04-16,157.50265743954236,158.82879323713192,156.2163839189736,158.45986938476562,9582628
2026-04-17,159.53674852256023,159.53674852256023,156.79471065732872,157.36306762695312,13015627
2026-04-20,157.462757174296,158.43991542573067,155.5682645133051,157.24339294433594,5864225
2026-04-21,157.24340105928815,162.02950644647518,157.24340105928815,160.3045196533203,13146924
2026-04-22,160.4341352352373,166.31706191399934,160.18485906786458,165.63902282714844,14769257
2026-04-23,165.51937350907457,167.40390070731036,163.5451105429727,164.48239135742188,13410932
2026-04-24,165.47950115041408,165.81851309371984,162.87705729930062,165.13050842285156,9362530
2026-04-27,166.3170603412657,167.29421864803575,164.42255235838206,165.2601318359375,18132384
2026-04-28,165.40968553078343,166.7358365069697,164.5820868667901,165.20028686523438,6106987
2026-04-29,166.05780062702718,167.4737026095935,164.09351847685608,165.18035888671875,8164580
2026-04-30,164.20318393122756,164.20318393122756,160.84294618113046,162.75738525390625,7518096
2026-05-01,162.75738525390625,162.75738525390625,162.75738525390625,162.75738525390625,0
2026-05-04,164.8214020386509,167.0050636611351,163.66475699068334,164.00376892089844,8799974
2026-05-05,164.32284964511018,165.3199542968225,162.02950590324997,163.2260284423828,14543449
2026-05-06,163.76446898639043,165.46950937390912,163.27588224318208,165.20028686523438,4397644
2026-05-07,165.4196481857098,167.36401434069725,165.4196481857098,166.7757110595703,5313543
2026-05-08,166.91531879144364,167.60332346093853,165.41966175849305,166.00796508789062,3887936
2026-05-11,165.1205394815232,165.1205394815232,161.74035525791342,162.0394744873047,3743808
2026-05-12,160.54381971592798,162.3186648365262,159.23761501404377,159.8857421875,9681167
2026-05-13,159.5367442409773,164.33281518038416,158.63935614046562,162.837158203125,8542104
2026-05-14,163.7744417207815,165.4196583371555,158.938477995085,162.13919067382812,7848939
2026-05-15,162.19901331840393,162.92689546057076,160.59367420621044,161.66058349609375,7062872
2026-05-18,160.18485119943287,160.53384390245574,157.18357176895057,159.756103515625,13238998
2026-05-19,159.8558203349491,160.83297860461963,154.73068797078966,155.66796875,17108046
2026-05-20,155.38877945221822,155.5483198420239,151.27074774079617,155.18936157226562,11539253
2026-05-21,156.04687727254665,157.08385941111175,154.45150375132857,155.4486083984375,11448733
2026-05-22,152.55701222345047,162.22892433456428,150.97161947341897,160.3045196533203,19157978
2026-05-25,162.44828884879894,170.2057618609944,162.22892460714945,168.181640625,36426464
2026-05-26,167.3141592809746,169.32831488552802,165.818502342017,167.1446533203125,16425185
2026-05-27,166.725870573028,169.1587930709322,166.725870573028,168.51068115234375,5523561
2026-05-28,168.51068115234375,168.51068115234375,168.51068115234375,168.51068115234375,0
2026-05-29,169.50778600816022,169.50778600816022,162.92688940670564,164.03367614746094,26119462
2026-06-01,164.03367451498744,165.59913606143678,162.76736261016512,163.2659149169922,7915622
2026-06-02,162.51809896550694,164.99091433760734,160.71332669561096,164.35276794433594,9458223
2026-06-03,163.52516838817704,164.34280153313074,162.2488756081698,163.3855743408203,4684045
2026-06-04,161.0722719304178,167.6631340080515,161.0722719304178,167.06488037109375,11510123
2026-06-05,167.5135826015525,169.6374203924973,166.11764216571677,166.91531372070312,8047086
2026-06-08,165.53931514930872,169.65734693066312,164.62198071426144,168.11184692382812,8999902
2026-06-09,168.51068807225013,168.65028211650665,165.0806455966786,167.10476684570312,5976753
2026-06-10,166.13756947694128,169.30837012901983,165.76864563052877,167.52354431152344,11363717
2026-06-11,167.41385724413163,167.41385724413163,164.5322255416759,165.60910034179688,10176344
2026-06-12,166.52644685159854,170.70431788816305,166.18743491247076,170.00634765625,7288989
2026-06-15,172.50906984066464,176.69692153801714,171.61168174243738,174.90213012695312,18354141
2026-06-16,175.93911270204478,177.6840458420487,174.49331400039202,175.5801544189453,8941189
2026-06-17,175.80949738240216,176.5872377842325,174.00472520419643,174.52322387695312,4400943
2026-06-18,175.27106069733009,176.48752963287237,173.00762879731485,175.9291534423828,6440199
2026-06-19,175.49041012713317,175.90919223463806,172.59881286429098,173.396484375,11093745
2026-06-22,173.6457629394692,177.95326218729548,173.6457629394692,176.78665161132812,7613714
2026-06-23,176.78665872953323,177.00602297124263,172.74838182574962,173.336669921875,7418809
2026-06-24,173.7454838370051,175.18131695556232,173.10733747482516,174.4235076904297,6006860
2026-06-25,174.593033847923,175.97900873099647,171.7911569442273,172.34954833984375,9847241
2026-06-26,172.34954833984375,172.34954833984375,172.34954833984375,172.34954833984375,0
2026-06-29,172.34954003359235,173.3765565772925,169.51775134343356,171.7213592529297,5931749
2026-06-30,172.44924582285117,175.10154783794783,171.71139812070618,172.95777893066406,10139334
2026-07-01,172.2996913264105,174.4933185741348,171.90084032661795,173.99476623535156,4990189
2026-07-02,173.99475327537814,174.49330557702677,172.40936060764156,173.7853546142578,3376923
2026-07-03,173.8152883898063,175.38073476518892,173.19707316621123,173.64576721191406,4618256
2026-07-06,173.51615366807263,175.9191642867488,173.4862417460491,174.52322387695312,2759355
2026-07-07,174.54317719647395,175.05169510577997,173.0176082539459,173.5061798095703,6166046
2026-07-08,172.54896636223322,174.26398761354946,167.47370723826836,168.75,11211397
2026-07-09,168.51069177631044,171.7911594957522,168.05201692675124,169.70721435546875,10798380
2026-07-10,170.50489826200166,173.96485267782043,170.50489826200166,173.22698974609375,3236963
2026-07-13,172.33955582498484,172.8979319679839,170.03624662780933,172.61874389648438,3261762
2026-07-14,171.80113366664793,172.39938732589292,170.45503630778018,171.01341247558594,5005945
2026-07-15,170.31544512098668,174.44345781887756,170.0063451096703,172.64866638183594,5667626
2026-07-16,172.3993865928703,175.22119455674232,170.50489385806884,171.2128448486328,9023749
2026-07-17,171.15300924077218,171.47209003580068,168.97932837942702,170.70431518554688,9642263
2026-07-20,170.69434123555803,173.05747430110182,169.20864988404318,172.50906372070312,4986847
2026-07-21,172.21990945746705,175.6898292401987,172.02049157838758,173.48623657226562,4648262
2026-07-22,174.29388949921807,174.3736596940587,171.60171008543506,172.50906372070312,9198076
2026-07-23,172.24982897186072,172.61875282515143,170.44507198252782,171.49203491210938,4749811
2026-07-24,170.6444928417228,170.68437033414742,166.78570263237594,169.52774047851562,5814293
2026-07-27,169.6174738422085,174.38363288638078,169.6174738422085,173.7255401611328,10641180
2026-07-28,173.36657534603714,176.47755210521052,172.1301753550483,174.6428680419922,17050693
2026-07-29,174.99186544975092,175.49041777296958,172.99765615687625,174.6129608154297,8274629
2026-07-30,174.61296344648972,175.34086080387573,172.4991064328661,173.1372528076172,5628241
2026-07-31,173.94490576596743,181.68244770370163,172.99765937714133,180.9146728515625,38893443
2026-08-03,181.5727686838651,181.85195677766524,171.651564925959,173.79534912109375,37607447
2026-08-04,173.74548815046037,176.70689022735294,172.65864771540143,174.49331665039062,18131149
2026-08-05,175.49041992796396,176.736800751316,172.74838211658954,176.44764709472656,13429251
2026-08-06,175.70978017751233,177.18549077873885,174.3238053420218,175.88925170898438,14800641
2026-08-07,175.30096969717187,175.7696101095048,171.39232121432192,173.12728881835938,7005144
2026-08-10,172.9876883810467,172.9876883810467,169.52773408487548,172.00054931640625,9148494
2026-08-11,171.50199537345569,174.8323211669922,170.61457286644486,174.8323211669922,15482707
2026-08-12,174.83232494264175,177.4347686767578,172.79823815964284,177.4347686767578,8976408
2026-08-13,175.49041784447346,175.78955228144844,173.97481452118055,175.3907012939453,8723437
2026-08-14,174.89215279820027,174.89215279820027,172.94780173722322,174.3936004638672,4645490
2026-08-17,173.20705417116005,173.2868091537167,171.35243892722525,171.60171508789062,4132699
2026-08-18,171.70141110822868,173.04750841999592,171.12308860763434,172.99765014648438,6079875
2026-08-19,172.1002658656218,173.51615261974865,170.20575793279144,172.00054931640625,8840419
2026-08-20,172.00054931640625,173.08738971565296,171.5618208432327,172.00054931640625,3895715
2026-08-21,171.7612406317494,172.73841413814807,171.11312869848916,171.5019989013672,6509887
2026-08-24,171.50199984543613,173.2868104749808,171.50199984543613,173.24693298339844,4514359
2026-08-25,172.49910542632102,175.7795730489598,171.8908709777941,174.9918670654297,7837508
2026-08-26,174.48335458940522,175.74966658689706,173.58595124267853,173.98480224609375,5863526
2026-08-27,173.94490980925391,174.33378002905786,170.50490167797125,171.94073486328125,4745650
2026-08-28,171.20286792801323,171.94073085733152,169.61747516225813,170.6046142578125,8706458
2026-08-31,171.70141123621005,176.98606872558594,169.83683047943788,176.98606872558594,13012294
2026-09-01,172.9079189982304,173.88507728378184,171.57180243426689,172.19000244140625,8008794
2026-09-02,172.60000610351562,173.60000610351562,171.02000427246094,173.0,5580510
2026-09-03,173.19000244140625,174.6699981689453,172.00999450683594,174.6699981689453,6327095
2026-09-04,174.27000427246094,174.27000427246094,171.9199981689453,173.39999389648438,3878219
2026-09-07,173.39999389648438,177.3000030517578,172.8000030517578,176.0,9910348
2026-09-08,175.08999633789062,176.1999969482422,173.83999633789062,175.08999633789062,4347861
2026-09-09,173.6999969482422,175.58999633789062,173.61000061035156,174.89999389648438,4342968
2026-09-10,174.0,176.5,173.25,174.49000549316406,4397343
2026-09-11,173.5,175.17999267578125,173.00999450683594,173.6199951171875,6770227
2026-09-14,173.6199951171875,173.6199951171875,173.6199951171875,173.6199951171875,0
2026-09-15,173.6199951171875,173.82000732421875,169.72999572753906,170.8800048828125,6202446
2026-09-16,170.8800048828125,171.8800048828125,168.72000122070312,170.64999389648438,3949470
2026-09-17,171.24000549316406,172.82000732421875,171.24000549316406,172.0,2741053
2026-09-18,172.0,174.64999389648438,172.0,173.89999389648438,8527161
2026-09-21,173.60000610351562,174.3800048828125,172.61000061035156,172.61000061035156,3734893
2026-09-22,173.0800018310547,174.3000030517578,171.35000610351562,171.83999633789062,8361284
2026-09-23,172.47999572753906,173.7899932861328,172.0,172.9499969482422,3320082
2026-09-24,172.10000610351562,173.85000610351562,171.83999633789062,173.85000610351562,6183667
2026-09-25,173.89999389648438,173.97999572753906,171.58999633789062,172.6999969482422,5454851
2026-09-28,172.6999969482422,174.7100067138672,171.0,172.4499969482422,11202821
2026-09-29,172.33999633789062,173.25999450683594,168.42999267578125,170.0399932861328,12119087
2026-09-30,170.6199951171875,172.99000549316406,170.2100067138672,170.5500030517578,12187561
2026-10-01,170.60000610351562,171.88999938964844,168.5500030517578,171.22000122070312,6882008
