Date,Open,High,Low,Close,Volume
2021-04-07,47.654300689697266,47.654300689697266,47.654300689697266,47.654300689697266,0
2021-04-08,47.690101623535156,47.690101623535156,47.690101623535156,47.690101623535156,0
2021-04-09,47.691200256347656,47.691200256347656,47.691200256347656,47.691200256347656,0
2021-04-12,47.71390151977539,47.71390151977539,47.71390151977539,47.71390151977539,0
2021-04-15,47.64360046386719,47.64360046386719,47.64360046386719,47.64360046386719,0
2021-04-16,47.70909881591797,47.70909881591797,47.70909881591797,47.70909881591797,0
2021-04-19,47.849700927734375,47.849700927734375,47.849700927734375,47.849700927734375,0
2021-04-20,47.82870101928711,47.82870101928711,47.82870101928711,47.82870101928711,0
2021-04-22,47.88819885253906,47.88819885253906,47.88819885253906,47.88819885253906,0
2021-04-23,48.01390075683594,48.01390075683594,48.01390075683594,48.01390075683594,0
2021-04-26,48.12120056152344,48.12120056152344,48.12120056152344,48.12120056152344,0
2021-04-27,48.1327018737793,48.1327018737793,48.1327018737793,48.1327018737793,0
2021-04-28,48.097999572753906,48.097999572753906,48.097999572753906,48.097999572753906,0
2021-04-29,48.130401611328125,48.130401611328125,48.130401611328125,48.130401611328125,0
2021-04-30,48.136600494384766,48.136600494384766,48.136600494384766,48.136600494384766,0
2021-05-03,48.16640090942383,48.16640090942383,48.16640090942383,48.16640090942383,0
2021-05-04,48.14080047607422,48.14080047607422,48.14080047607422,48.14080047607422,0
2021-05-05,48.21070098876953,48.21070098876953,48.21070098876953,48.21070098876953,0
2021-05-06,48.2588005065918,48.2588005065918,48.2588005065918,48.2588005065918,0
2021-05-07,48.23630142211914,48.23630142211914,48.23630142211914,48.23630142211914,0
2021-05-10,48.24330139160156,48.24330139160156,48.24330139160156,48.24330139160156,0
2021-05-11,48.2239990234375,48.2239990234375,48.2239990234375,48.2239990234375,0
2021-05-12,48.27450180053711,48.27450180053711,48.27450180053711,48.27450180053711,0
2021-05-14,48.21009826660156,48.21009826660156,48.21009826660156,48.21009826660156,0
2021-05-17,48.261600494384766,48.261600494384766,48.261600494384766,48.261600494384766,0
2021-05-18,48.245201110839844,48.245201110839844,48.245201110839844,48.245201110839844,0
2021-05-19,48.24089813232422,48.24089813232422,48.24089813232422,48.24089813232422,0
2021-05-20,48.284000396728516,48.284000396728516,48.284000396728516,48.284000396728516,0
2021-05-21,48.320701599121094,48.320701599121094,48.320701599121094,48.320701599121094,0
2021-05-24,48.334999084472656,48.334999084472656,48.334999084472656,48.334999084472656,0
2021-05-25,48.40010070800781,48.40010070800781,48.40010070800781,48.40010070800781,0
2021-05-27,48.36000061035156,48.36000061035156,48.36000061035156,48.36000061035156,0
2021-05-28,48.35540008544922,48.35540008544922,48.35540008544922,48.35540008544922,0
2021-05-31,48.295799255371094,48.295799255371094,48.295799255371094,48.295799255371094,0
2021-06-01,48.26750183105469,48.26750183105469,48.26750183105469,48.26750183105469,0
2021-06-02,48.30189895629883,48.30189895629883,48.30189895629883,48.30189895629883,0
2021-06-03,48.347599029541016,48.347599029541016,48.347599029541016,48.347599029541016,0
2021-06-04,48.335899353027344,48.335899353027344,48.335899353027344,48.335899353027344,0
2021-06-07,48.40439987182617,48.40439987182617,48.40439987182617,48.40439987182617,0
2021-06-08,48.49789810180664,48.49789810180664,48.49789810180664,48.49789810180664,0
2021-06-09,48.484100341796875,48.484100341796875,48.484100341796875,48.484100341796875,0
2021-06-10,48.5546989440918,48.5546989440918,48.5546989440918,48.5546989440918,0
2021-06-11,48.58340072631836,48.58340072631836,48.58340072631836,48.58340072631836,0
2021-06-14,48.53200149536133,48.53200149536133,48.53200149536133,48.53200149536133,0
2021-06-15,48.3400993347168,48.3400993347168,48.3400993347168,48.3400993347168,0
2021-06-16,48.26430130004883,48.26430130004883,48.26430130004883,48.26430130004883,0
2021-06-17,48.287200927734375,48.287200927734375,48.287200927734375,48.287200927734375,0
2021-06-18,48.34560012817383,48.34560012817383,48.34560012817383,48.34560012817383,0
2021-06-21,48.26620101928711,48.26620101928711,48.26620101928711,48.26620101928711,0
2021-06-22,48.24570083618164,48.24570083618164,48.24570083618164,48.24570083618164,0
2021-06-23,48.20309829711914,48.20309829711914,48.20309829711914,48.20309829711914,0
2021-06-24,48.25519943237305,48.25519943237305,48.25519943237305,48.25519943237305,0
2021-06-25,48.180999755859375,48.180999755859375,48.180999755859375,48.180999755859375,0
2021-06-28,48.12089920043945,48.12089920043945,48.12089920043945,48.12089920043945,0
2021-06-29,48.224098205566406,48.224098205566406,48.224098205566406,48.224098205566406,0
2021-06-30,48.1693000793457,48.1693000793457,48.1693000793457,48.1693000793457,0
2021-07-01,48.20859909057617,48.20859909057617,48.20859909057617,48.20859909057617,0
2021-07-02,48.08570098876953,48.08570098876953,48.08570098876953,48.08570098876953,0
2021-07-05,48.10490036010742,48.10490036010742,48.10490036010742,48.10490036010742,0
2021-07-06,47.93389892578125,47.93389892578125,47.93389892578125,47.93389892578125,0
2021-07-07,48.0348014831543,48.0348014831543,48.0348014831543,48.0348014831543,0
2021-07-08,48.193199157714844,48.193199157714844,48.193199157714844,48.193199157714844,0
2021-07-09,48.196800231933594,48.196800231933594,48.196800231933594,48.196800231933594,0
2021-07-12,48.154998779296875,48.154998779296875,48.154998779296875,48.154998779296875,0
2021-07-13,48.23929977416992,48.23929977416992,48.23929977416992,48.23929977416992,0
2021-07-14,48.28350067138672,48.28350067138672,48.28350067138672,48.28350067138672,0
2021-07-15,48.281700134277344,48.281700134277344,48.281700134277344,48.281700134277344,0
2021-07-16,48.325199127197266,48.325199127197266,48.325199127197266,48.325199127197266,0
2021-07-19,48.39509963989258,48.39509963989258,48.39509963989258,48.39509963989258,0
2021-07-20,48.43080139160156,48.43080139160156,48.43080139160156,48.43080139160156,0
2021-07-22,48.3671989440918,48.3671989440918,48.3671989440918,48.3671989440918,0
2021-07-23,48.35459899902344,48.35459899902344,48.35459899902344,48.35459899902344,0
2021-07-26,48.4010009765625,48.4010009765625,48.4010009765625,48.4010009765625,0
2021-07-27,48.378700256347656,48.378700256347656,48.378700256347656,48.378700256347656,0
2021-07-28,48.359901428222656,48.359901428222656,48.359901428222656,48.359901428222656,0
2021-07-29,48.34090042114258,48.34090042114258,48.34090042114258,48.34090042114258,0
2021-07-30,48.30569839477539,48.30569839477539,48.30569839477539,48.30569839477539,0
2021-08-02,48.3484992980957,48.3484992980957,48.3484992980957,48.3484992980957,0
2021-08-03,48.357200622558594,48.357200622558594,48.357200622558594,48.357200622558594,0
2021-08-04,48.393699645996094,48.393699645996094,48.393699645996094,48.393699645996094,0
2021-08-05,48.40079879760742,48.40079879760742,48.40079879760742,48.40079879760742,0
2021-08-06,48.30739974975586,48.30739974975586,48.30739974975586,48.30739974975586,0
2021-08-09,48.3849983215332,48.3849983215332,48.3849983215332,48.3849983215332,0
2021-08-10,48.368499755859375,48.368499755859375,48.368499755859375,48.368499755859375,0
2021-08-11,48.38359832763672,48.38359832763672,48.38359832763672,48.38359832763672,0
2021-08-12,48.395599365234375,48.395599365234375,48.395599365234375,48.395599365234375,0
2021-08-13,48.407501220703125,48.407501220703125,48.407501220703125,48.407501220703125,0
2021-08-17,48.52080154418945,48.52080154418945,48.52080154418945,48.52080154418945,0
2021-08-18,48.60340118408203,48.60340118408203,48.60340118408203,48.60340118408203,0
2021-08-20,48.55929946899414,48.55929946899414,48.55929946899414,48.55929946899414,0
2021-08-23,48.56909942626953,48.56909942626953,48.56909942626953,48.56909942626953,0
2021-08-24,48.565399169921875,48.565399169921875,48.565399169921875,48.565399169921875,0
2021-08-25,48.599700927734375,48.599700927734375,48.599700927734375,48.599700927734375,0
2021-08-26,48.58319854736328,48.58319854736328,48.58319854736328,48.58319854736328,0
2021-08-27,48.5974006652832,48.5974006652832,48.5974006652832,48.5974006652832,0
2021-08-30,48.6880989074707,48.6880989074707,48.6880989074707,48.6880989074707,0
2021-08-31,48.70069885253906,48.70069885253906,48.70069885253906,48.70069885253906,0
2021-09-01,48.77510070800781,48.77510070800781,48.77510070800781,48.77510070800781,0
2021-09-02,48.819698333740234,48.819698333740234,48.819698333740234,48.819698333740234,0
2021-09-03,48.8484001159668,48.8484001159668,48.8484001159668,48.8484001159668,0
2021-09-06,48.86800003051758,48.86800003051758,48.86800003051758,48.86800003051758,0
2021-09-07,48.794700622558594,48.794700622558594,48.794700622558594,48.794700622558594,0
2021-09-08,48.82640075683594,48.82640075683594,48.82640075683594,48.82640075683594,0
2021-09-09,48.849998474121094,48.849998474121094,48.849998474121094,48.849998474121094,0
2021-09-13,48.83420181274414,48.83420181274414,48.83420181274414,48.83420181274414,0
2021-09-14,48.83169937133789,48.83169937133789,48.83169937133789,48.83169937133789,0
2021-09-15,48.902000427246094,48.902000427246094,48.902000427246094,48.902000427246094,0
2021-09-16,48.90129852294922,48.90129852294922,48.90129852294922,48.90129852294922,0
2021-09-17,48.8916015625,48.8916015625,48.8916015625,48.8916015625,0
2021-09-20,49.00310134887695,49.00310134887695,49.00310134887695,49.00310134887695,0
2021-09-21,48.97610092163086,48.97610092163086,48.97610092163086,48.97610092163086,0
2021-09-22,48.970401763916016,48.970401763916016,48.970401763916016,48.970401763916016,0
2021-09-23,48.986698150634766,48.986698150634766,48.986698150634766,48.986698150634766,0
2021-09-24,48.87580108642578,48.87580108642578,48.87580108642578,48.87580108642578,0
2021-09-27,48.82509994506836,48.82509994506836,48.82509994506836,48.82509994506836,0
2021-09-28,48.871498107910156,48.871498107910156,48.871498107910156,48.871498107910156,0
2021-09-29,48.917701721191406,48.917701721191406,48.917701721191406,48.917701721191406,0
2021-09-30,48.89540100097656,48.89540100097656,48.89540100097656,48.89540100097656,0
2021-10-01,48.865699768066406,48.865699768066406,48.865699768066406,48.865699768066406,0
2021-10-04,48.885398864746094,48.885398864746094,48.885398864746094,48.885398864746094,0
2021-10-05,48.870601654052734,48.870601654052734,48.870601654052734,48.870601654052734,0
2021-10-06,48.851898193359375,48.851898193359375,48.851898193359375,48.851898193359375,0
2021-10-07,48.86389923095703,48.86389923095703,48.86389923095703,48.86389923095703,0
2021-10-08,48.8557014465332,48.8557014465332,48.8557014465332,48.8557014465332,0
2021-10-11,48.86320114135742,48.86320114135742,48.86320114135742,48.86320114135742,0
2021-10-12,48.90679931640625,48.90679931640625,48.90679931640625,48.90679931640625,0
2021-10-13,48.986900329589844,48.986900329589844,48.986900329589844,48.986900329589844,0
2021-10-14,48.97909927368164,48.97909927368164,48.97909927368164,48.97909927368164,0
2021-10-18,48.875999450683594,48.875999450683594,48.875999450683594,48.875999450683594,0
2021-10-20,48.890499114990234,48.890499114990234,48.890499114990234,48.890499114990234,0
2021-10-21,48.954898834228516,48.954898834228516,48.954898834228516,48.954898834228516,0
2021-10-22,48.935001373291016,48.935001373291016,48.935001373291016,48.935001373291016,0
2021-10-25,48.97050094604492,48.97050094604492,48.97050094604492,48.97050094604492,0
2021-10-26,48.962501525878906,48.962501525878906,48.962501525878906,48.962501525878906,0
2021-10-27,48.99789810180664,48.99789810180664,48.99789810180664,48.99789810180664,0
2021-10-28,48.98249816894531,48.98249816894531,48.98249816894531,48.98249816894531,0
2021-10-29,48.93149948120117,48.93149948120117,48.93149948120117,48.93149948120117,0
2021-11-01,48.94860076904297,48.94860076904297,48.94860076904297,48.94860076904297,0
2021-11-02,49.01139831542969,49.01139831542969,49.01139831542969,49.01139831542969,0
2021-11-03,49.022701263427734,49.022701263427734,49.022701263427734,49.022701263427734,0
2021-11-08,49.15950012207031,49.15950012207031,49.15950012207031,49.15950012207031,0
2021-11-09,49.17509841918945,49.17509841918945,49.17509841918945,49.17509841918945,0
2021-11-10,49.14889907836914,49.14889907836914,49.14889907836914,49.14889907836914,0
2021-11-11,49.09370040893555,49.09370040893555,49.09370040893555,49.09370040893555,0
2021-11-12,49.12030029296875,49.12030029296875,49.12030029296875,49.12030029296875,0
2021-11-15,49.17150115966797,49.17150115966797,49.17150115966797,49.17150115966797,0
2021-11-16,49.144798278808594,49.144798278808594,49.144798278808594,49.144798278808594,0
2021-11-17,49.20989990234375,49.20989990234375,49.20989990234375,49.20989990234375,0
2021-11-18,49.227298736572266,49.227298736572266,49.227298736572266,49.227298736572266,0
2021-11-22,49.24150085449219,49.24150085449219,49.24150085449219,49.24150085449219,0
2021-11-23,49.221900939941406,49.221900939941406,49.221900939941406,49.221900939941406,0
2021-11-24,49.221900939941406,49.221900939941406,49.221900939941406,49.221900939941406,0
2021-11-25,49.24720001220703,49.24720001220703,49.24720001220703,49.24720001220703,0
2021-11-26,49.31740188598633,49.31740188598633,49.31740188598633,49.31740188598633,0
2021-11-29,49.335899353027344,49.335899353027344,49.335899353027344,49.335899353027344,0
2021-11-30,49.369300842285156,49.369300842285156,49.369300842285156,49.369300842285156,0
2021-12-01,49.304500579833984,49.304500579833984,49.304500579833984,49.304500579833984,0
2021-12-02,49.31919860839844,49.31919860839844,49.31919860839844,49.31919860839844,0
2021-12-03,49.29359817504883,49.29359817504883,49.29359817504883,49.29359817504883,0
2021-12-06,49.33209991455078,49.33209991455078,49.33209991455078,49.33209991455078,0
2021-12-07,49.292701721191406,49.292701721191406,49.292701721191406,49.292701721191406,0
2021-12-08,49.4010009765625,49.4010009765625,49.4010009765625,49.4010009765625,0
2021-12-09,49.398399353027344,49.398399353027344,49.398399353027344,49.398399353027344,0
2021-12-10,49.3745002746582,49.3745002746582,49.3745002746582,49.3745002746582,0
2021-12-13,49.3828010559082,49.3828010559082,49.3828010559082,49.3828010559082,0
2021-12-14,49.40909957885742,49.40909957885742,49.40909957885742,49.40909957885742,0
2021-12-15,49.39250183105469,49.39250183105469,49.39250183105469,49.39250183105469,0
2021-12-16,49.399200439453125,49.399200439453125,49.399200439453125,49.399200439453125,0
2021-12-17,49.36439895629883,49.36439895629883,49.36439895629883,49.36439895629883,0
2021-12-20,49.321800231933594,49.321800231933594,49.321800231933594,49.321800231933594,0
2021-12-21,49.26850128173828,49.26850128173828,49.26850128173828,49.26850128173828,0
2021-12-22,49.26169967651367,49.26169967651367,49.26169967651367,49.26169967651367,0
2021-12-23,49.25389862060547,49.25389862060547,49.25389862060547,49.25389862060547,0
2021-12-24,49.232601165771484,49.232601165771484,49.232601165771484,49.232601165771484,0
2021-12-27,49.25960159301758,49.25960159301758,49.25960159301758,49.25960159301758,0
2021-12-28,49.26240158081055,49.26240158081055,49.26240158081055,49.26240158081055,0
2021-12-29,49.29930114746094,49.29930114746094,49.29930114746094,49.29930114746094,0
2021-12-30,49.2843017578125,49.2843017578125,49.2843017578125,49.2843017578125,0
2021-12-31,49.32419967651367,49.32419967651367,49.32419967651367,49.32419967651367,0
2022-01-03,49.35129928588867,49.35129928588867,49.35129928588867,49.35129928588867,0
2022-01-04,49.24909973144531,49.24909973144531,49.24909973144531,49.24909973144531,0
2022-01-05,49.25619888305664,49.25619888305664,49.25619888305664,49.25619888305664,0
2022-01-06,49.21369934082031,49.21369934082031,49.21369934082031,49.21369934082031,0
2022-01-07,49.18840026855469,49.18840026855469,49.18840026855469,49.18840026855469,0
2022-01-10,49.12879943847656,49.12879943847656,49.12879943847656,49.12879943847656,0
2022-01-11,49.176998138427734,49.176998138427734,49.176998138427734,49.176998138427734,0
2022-01-12,49.164398193359375,49.164398193359375,49.164398193359375,49.164398193359375,0
2022-01-13,49.26789855957031,49.26789855957031,49.26789855957031,49.26789855957031,0
2022-01-14,49.278900146484375,49.278900146484375,49.278900146484375,49.278900146484375,0
2022-01-17,49.21080017089844,49.21080017089844,49.21080017089844,49.21080017089844,0
2022-01-18,49.202999114990234,49.202999114990234,49.202999114990234,49.202999114990234,0
2022-01-19,49.1952018737793,49.1952018737793,49.1952018737793,49.1952018737793,0
2022-01-20,49.225399017333984,49.225399017333984,49.225399017333984,49.225399017333984,0
2022-01-21,49.2224006652832,49.2224006652832,49.2224006652832,49.2224006652832,0
2022-01-24,49.2577018737793,49.2577018737793,49.2577018737793,49.2577018737793,0
2022-01-25,49.30860137939453,49.30860137939453,49.30860137939453,49.30860137939453,0
2022-01-27,49.2130012512207,49.2130012512207,49.2130012512207,49.2130012512207,0
2022-01-28,49.21030044555664,49.21030044555664,49.21030044555664,49.21030044555664,0
2022-01-31,49.38479995727539,49.38479995727539,49.38479995727539,49.38479995727539,0
2022-02-01,49.209598541259766,49.209598541259766,49.209598541259766,49.209598541259766,0
2022-02-02,49.089298248291016,49.089298248291016,49.089298248291016,49.089298248291016,0
2022-02-03,49.0796012878418,49.0796012878418,49.0796012878418,49.0796012878418,0
2022-02-04,49.09149932861328,49.09149932861328,49.09149932861328,49.09149932861328,0
2022-02-08,49.27130126953125,49.27130126953125,49.27130126953125,49.27130126953125,0
2022-02-09,49.30690002441406,49.30690002441406,49.30690002441406,49.30690002441406,0
2022-02-10,49.578399658203125,49.578399658203125,49.578399658203125,49.578399658203125,0
2022-02-11,49.67490005493164,49.67490005493164,49.67490005493164,49.67490005493164,0
2022-02-14,49.74810028076172,49.74810028076172,49.74810028076172,49.74810028076172,0
2022-02-15,49.666500091552734,49.666500091552734,49.666500091552734,49.666500091552734,0
2022-02-16,49.6068000793457,49.6068000793457,49.6068000793457,49.6068000793457,0
2022-02-17,49.637298583984375,49.637298583984375,49.637298583984375,49.637298583984375,0
2022-02-18,49.67829895019531,49.67829895019531,49.67829895019531,49.67829895019531,0
2022-02-21,49.62990188598633,49.62990188598633,49.62990188598633,49.62990188598633,0
2022-02-22,49.51810073852539,49.51810073852539,49.51810073852539,49.51810073852539,0
2022-02-23,49.53070068359375,49.53070068359375,49.53070068359375,49.53070068359375,0
2022-02-24,49.452598571777344,49.452598571777344,49.452598571777344,49.452598571777344,0
2022-02-25,49.499298095703125,49.499298095703125,49.499298095703125,49.499298095703125,0
2022-02-28,49.49959945678711,49.49959945678711,49.49959945678711,49.49959945678711,0
2022-03-02,49.40769958496094,49.40769958496094,49.40769958496094,49.40769958496094,0
2022-03-03,49.38890075683594,49.38890075683594,49.38890075683594,49.38890075683594,0
2022-03-04,49.41709899902344,49.41709899902344,49.41709899902344,49.41709899902344,0
2022-03-07,49.27130126953125,49.27130126953125,49.27130126953125,49.27130126953125,0
2022-03-08,49.27009963989258,49.27009963989258,49.27009963989258,49.27009963989258,0
2022-03-09,49.32270050048828,49.32270050048828,49.32270050048828,49.32270050048828,0
2022-03-10,49.45819854736328,49.45819854736328,49.45819854736328,49.45819854736328,0
2022-03-11,49.399200439453125,49.399200439453125,49.399200439453125,49.399200439453125,0
2022-03-14,49.44729995727539,49.44729995727539,49.44729995727539,49.44729995727539,0
2022-03-15,49.54779815673828,49.54779815673828,49.54779815673828,49.54779815673828,0
2022-03-16,49.60459899902344,49.60459899902344,49.60459899902344,49.60459899902344,0
2022-03-17,49.67959976196289,49.67959976196289,49.67959976196289,49.67959976196289,0
2022-03-21,49.662200927734375,49.662200927734375,49.662200927734375,49.662200927734375,0
2022-03-22,49.559200286865234,49.559200286865234,49.559200286865234,49.559200286865234,0
2022-03-23,49.57500076293945,49.57500076293945,49.57500076293945,49.57500076293945,0
2022-03-24,49.55080032348633,49.55080032348633,49.55080032348633,49.55080032348633,0
2022-03-25,49.59429931640625,49.59429931640625,49.59429931640625,49.59429931640625,0
2022-03-28,49.540000915527344,49.540000915527344,49.540000915527344,49.540000915527344,0
2022-03-29,49.584598541259766,49.584598541259766,49.584598541259766,49.584598541259766,0
2022-03-30,49.699798583984375,49.699798583984375,49.699798583984375,49.699798583984375,0
2022-03-31,49.66299819946289,49.66299819946289,49.66299819946289,49.66299819946289,0
2022-04-04,49.61050033569336,49.61050033569336,49.61050033569336,49.61050033569336,0
2022-04-05,49.6239013671875,49.6239013671875,49.6239013671875,49.6239013671875,0
2022-04-06,49.63460159301758,49.63460159301758,49.63460159301758,49.63460159301758,0
2022-04-07,49.6797981262207,49.6797981262207,49.6797981262207,49.6797981262207,0
2022-04-08,49.28630065917969,49.28630065917969,49.28630065917969,49.28630065917969,0
2022-04-11,49.207298278808594,49.207298278808594,49.207298278808594,49.207298278808594,0
2022-04-12,49.13710021972656,49.13710021972656,49.13710021972656,49.13710021972656,0
2022-04-13,48.94729995727539,48.94729995727539,48.94729995727539,48.94729995727539,0
2022-04-18,49.02149963378906,49.02149963378906,49.02149963378906,49.02149963378906,0
2022-04-19,49.0625,49.0625,49.0625,49.0625,0
2022-04-20,49.14979934692383,49.14979934692383,49.14979934692383,49.14979934692383,0
2022-04-21,49.061100006103516,49.061100006103516,49.061100006103516,49.061100006103516,0
2022-04-22,48.975799560546875,48.975799560546875,48.975799560546875,48.975799560546875,0
2022-04-25,49.17499923706055,49.17499923706055,49.17499923706055,49.17499923706055,0
2022-04-26,49.180198669433594,49.180198669433594,49.180198669433594,49.180198669433594,0
2022-04-27,49.12229919433594,49.12229919433594,49.12229919433594,49.12229919433594,0
2022-04-28,49.02159881591797,49.02159881591797,49.02159881591797,49.02159881591797,0
2022-04-29,49.04330062866211,49.04330062866211,49.04330062866211,49.04330062866211,0
2022-05-02,49.069000244140625,49.069000244140625,49.069000244140625,49.069000244140625,0
2022-05-04,48.477500915527344,48.477500915527344,48.477500915527344,48.477500915527344,0
2022-05-05,48.238399505615234,48.238399505615234,48.238399505615234,48.238399505615234,0
2022-05-06,48.08089828491211,48.08089828491211,48.08089828491211,48.08089828491211,0
2022-05-09,48.084800720214844,48.084800720214844,48.084800720214844,48.084800720214844,0
2022-05-10,48.619998931884766,49.09000015258789,46.52000045776367,48.939998626708984,118371
2022-05-11,49.25,49.29999923706055,47.849998474121094,49.2400016784668,55727
2022-05-12,49.5,49.70000076293945,48.380001068115234,48.9900016784668,74639
2022-05-13,49.0,49.04999923706055,48.0099983215332,48.97999954223633,47058
2022-05-16,49.29999923706055,49.79999923706055,48.11000061035156,49.34000015258789,115047
2022-05-17,48.25,49.400001525878906,48.25,48.790000915527344,60768
2022-05-18,49.400001525878906,49.400001525878906,48.220001220703125,48.779998779296875,27331
2022-05-19,49.25,49.25,48.0,48.79999923706055,48376
2022-05-20,49.290000915527344,49.34000015258789,48.06999969482422,48.939998626708984,75658
2022-05-23,48.79999923706055,49.0,48.310001373291016,48.7400016784668,31817
2022-05-24,49.29999923706055,49.29999923706055,48.34000015258789,48.810001373291016,28523
2022-05-25,49.04999923706055,49.04999923706055,48.52000045776367,48.91999816894531,66905
2022-05-26,48.93000030517578,48.95000076293945,48.5,48.869998931884766,18446
2022-05-27,48.95000076293945,48.970001220703125,48.61000061035156,48.849998474121094,16383
2022-05-30,48.95000076293945,48.95000076293945,48.5099983215332,48.790000915527344,31512
2022-05-31,48.5099983215332,48.900001525878906,48.400001525878906,48.56999969482422,22617
2022-06-01,49.83000183105469,49.83000183105469,48.369998931884766,48.709999084472656,79980
2022-06-02,48.349998474121094,48.900001525878906,48.029998779296875,48.689998626708984,60272
2022-06-03,47.75,48.75,47.75,48.619998931884766,42573
2022-06-06,48.650001525878906,48.75,48.20000076293945,48.560001373291016,88618
2022-06-07,48.650001525878906,48.650001525878906,48.209999084472656,48.59000015258789,44316
2022-06-08,48.650001525878906,48.849998474121094,47.54999923706055,48.790000915527344,22146
2022-06-09,48.75,48.849998474121094,48.290000915527344,48.83000183105469,36266
2022-06-10,48.79999923706055,48.849998474121094,48.400001525878906,48.790000915527344,57205
2022-06-13,48.79999923706055,48.79999923706055,48.099998474121094,48.63999938964844,58200
2022-06-14,48.599998474121094,48.75,48.11000061035156,48.63999938964844,40503
2022-06-15,48.650001525878906,48.70000076293945,48.25,48.560001373291016,50817
2022-06-16,48.70000076293945,48.70000076293945,48.2599983215332,48.470001220703125,32257
2022-06-17,48.470001220703125,48.70000076293945,48.16999816894531,48.5099983215332,25909
2022-06-20,48.95000076293945,48.95000076293945,48.11000061035156,48.66999816894531,66359
2022-06-21,48.29999923706055,48.84000015258789,48.209999084472656,48.38999938964844,47896
2022-06-22,48.88999938964844,48.88999938964844,48.31999969482422,48.4900016784668,35433
2022-06-23,48.900001525878906,48.900001525878906,48.380001068115234,48.4900016784668,18408
2022-06-24,48.5,48.849998474121094,48.2599983215332,48.400001525878906,28267
2022-06-27,48.86000061035156,48.86000061035156,48.470001220703125,48.790000915527344,29865
2022-06-28,48.5,48.790000915527344,48.400001525878906,48.56999969482422,34947
2022-06-29,48.400001525878906,48.75,48.400001525878906,48.619998931884766,31448
2022-06-30,48.79999923706055,48.79999923706055,48.25,48.45000076293945,25903
2022-07-01,48.70000076293945,48.7599983215332,48.619998931884766,48.66999816894531,118910
2022-07-04,48.79999923706055,48.869998931884766,48.7400016784668,48.810001373291016,80722
2022-07-05,48.72999954223633,48.83000183105469,48.61000061035156,48.77000045776367,119900
2022-07-06,48.79999923706055,49.0099983215332,48.79999923706055,48.939998626708984,61469
2022-07-07,49.040000915527344,49.040000915527344,48.86000061035156,48.90999984741211,52067
2022-07-08,48.95000076293945,48.95000076293945,48.7599983215332,48.83000183105469,60668
2022-07-11,48.849998474121094,48.849998474121094,48.619998931884766,48.7400016784668,218954
2022-07-12,48.849998474121094,48.880001068115234,48.68000030517578,48.81999969482422,97616
2022-07-13,48.95000076293945,49.040000915527344,48.7400016784668,49.0099983215332,42101
2022-07-14,49.0099983215332,49.04999923706055,48.849998474121094,49.0099983215332,36472
2022-07-15,49.0,49.290000915527344,48.849998474121094,49.150001525878906,107073
2022-07-18,49.150001525878906,49.189998626708984,48.959999084472656,49.02000045776367,60729
2022-07-19,48.939998626708984,49.08000183105469,48.939998626708984,49.029998779296875,53820
2022-07-20,49.06999969482422,49.11000061035156,49.0,49.04999923706055,72653
2022-07-21,49.09000015258789,49.189998626708984,49.0099983215332,49.11000061035156,108738
2022-07-22,49.209999084472656,49.22999954223633,49.099998474121094,49.209999084472656,82466
2022-07-25,49.04999923706055,49.75,49.04999923706055,49.27000045776367,126647
2022-07-26,49.18000030517578,49.400001525878906,49.119998931884766,49.310001373291016,73892
2022-07-27,49.220001220703125,49.36000061035156,49.130001068115234,49.33000183105469,65193
2022-07-28,49.31999969482422,49.45000076293945,49.2599983215332,49.36000061035156,55883
2022-07-29,49.459999084472656,49.529998779296875,49.400001525878906,49.45000076293945,57579
2022-08-01,49.25,49.41999816894531,49.25,49.380001068115234,186616
2022-08-02,49.459999084472656,49.54999923706055,49.380001068115234,49.47999954223633,69459
2022-08-03,49.5099983215332,49.52000045776367,49.36000061035156,49.400001525878906,58403
2022-08-04,49.439998626708984,49.63999938964844,49.34000015258789,49.56999969482422,104068
2022-08-05,50.25,50.25,49.150001525878906,49.29999923706055,165085
2022-08-08,49.20000076293945,49.279998779296875,49.04999923706055,49.150001525878906,68591
2022-08-10,49.34000015258789,49.349998474121094,49.099998474121094,49.279998779296875,164924
2022-08-11,49.20000076293945,49.54999923706055,49.20000076293945,49.43000030517578,86760
2022-08-12,49.4900016784668,49.4900016784668,49.29999923706055,49.45000076293945,39687
2022-08-16,49.56999969482422,49.56999969482422,49.099998474121094,49.41999816894531,168113
2022-08-17,49.5099983215332,49.7400016784668,49.5099983215332,49.650001525878906,79278
2022-08-18,49.7599983215332,49.7599983215332,49.45000076293945,49.529998779296875,53423
2022-08-19,49.56999969482422,49.59000015258789,49.470001220703125,49.5,87907
2022-08-22,49.5,49.599998474121094,49.40999984741211,49.529998779296875,164404
2022-08-23,49.54999923706055,49.54999923706055,49.40999984741211,49.5,41265
2022-08-24,49.5,49.56999969482422,49.470001220703125,49.52000045776367,30976
2022-08-25,49.5,49.52000045776367,49.31999969482422,49.459999084472656,142852
2022-08-26,49.5099983215332,49.66999816894531,49.5099983215332,49.59000015258789,71628
2022-08-29,49.41999816894531,49.54999923706055,49.400001525878906,49.4900016784668,76633
2022-08-30,49.61000061035156,49.650001525878906,49.529998779296875,49.61000061035156,45996
2022-09-01,49.66999816894531,49.70000076293945,49.59000015258789,49.619998931884766,188446
2022-09-02,49.63999938964844,49.900001525878906,49.58000183105469,49.650001525878906,104389
2022-09-05,49.650001525878906,49.810001373291016,49.56999969482422,49.63999938964844,307518
2022-09-06,49.63999938964844,49.65999984741211,49.54999923706055,49.63999938964844,174604
2022-09-07,49.59000015258789,49.709999084472656,49.59000015258789,49.65999984741211,154955
2022-09-08,49.59000015258789,49.84000015258789,49.59000015258789,49.7599983215332,129354
2022-09-09,49.720001220703125,49.869998931884766,49.720001220703125,49.86000061035156,69964
2022-09-12,49.81999969482422,49.970001220703125,49.7599983215332,49.88999938964844,325412
2022-09-13,49.689998626708984,49.970001220703125,49.689998626708984,49.939998626708984,168712
2022-09-14,49.86000061035156,49.88999938964844,49.70000076293945,49.7599983215332,98688
2022-09-15,49.75,49.79999923706055,49.4900016784668,49.560001373291016,255487
2022-09-16,49.529998779296875,49.599998474121094,49.380001068115234,49.52000045776367,176461
2022-09-19,49.41999816894531,49.599998474121094,49.41999816894531,49.540000915527344,85390
2022-09-20,49.439998626708984,49.540000915527344,49.400001525878906,49.45000076293945,187886
2022-09-21,49.41999816894531,49.599998474121094,49.36000061035156,49.54999923706055,113603
2022-09-22,49.33000183105469,49.45000076293945,49.27000045776367,49.34000015258789,77888
2022-09-23,49.34000015258789,49.5,49.04999923706055,49.20000076293945,250523
2022-09-26,50.25,50.25,49.029998779296875,49.22999954223633,211472
2022-09-27,49.25,49.369998931884766,49.18000030517578,49.279998779296875,75843
2022-09-28,49.279998779296875,49.34000015258789,49.18000030517578,49.2400016784668,79053
2022-09-29,50.25,50.25,49.27000045776367,49.41999816894531,63637
2022-09-30,49.29999923706055,49.52000045776367,47.45000076293945,49.380001068115234,96703
2022-10-03,49.380001068115234,49.4900016784668,49.279998779296875,49.34000015258789,369264
2022-10-04,49.290000915527344,49.5,49.290000915527344,49.43000030517578,267055
2022-10-06,49.43000030517578,49.43000030517578,49.189998626708984,49.380001068115234,231179
2022-10-07,49.31999969482422,49.380001068115234,49.0,49.220001220703125,181795
2022-10-10,49.2599983215332,49.2599983215332,49.029998779296875,49.130001068115234,239169
2022-10-11,49.150001525878906,49.2400016784668,49.04999923706055,49.15999984741211,161767
2022-10-12,49.33000183105469,49.369998931884766,49.189998626708984,49.209999084472656,100016
2022-10-13,49.2599983215332,49.33000183105469,49.06999969482422,49.29999923706055,103990
2022-10-14,49.29999923706055,49.310001373291016,49.060001373291016,49.220001220703125,85410
2022-10-17,49.38999938964844,49.4900016784668,49.31999969482422,49.41999816894531,249782
2022-10-18,48.0099983215332,49.599998474121094,48.0099983215332,49.369998931884766,102614
2022-10-19,49.459999084472656,49.459999084472656,49.29999923706055,49.33000183105469,57230
2022-10-20,49.43000030517578,49.43000030517578,49.189998626708984,49.310001373291016,135867
2022-10-21,49.25,49.310001373291016,49.209999084472656,49.290000915527344,65567
2022-10-24,49.279998779296875,49.45000076293945,49.22999954223633,49.38999938964844,76500
2022-10-25,49.400001525878906,49.52000045776367,49.400001525878906,49.4900016784668,98281
2022-10-27,49.5,49.689998626708984,49.5,49.560001373291016,121383
2022-10-28,49.599998474121094,49.619998931884766,49.45000076293945,49.560001373291016,93561
2022-10-31,49.61000061035156,49.61000061035156,49.41999816894531,49.52000045776367,71124
2022-11-01,49.540000915527344,49.689998626708984,49.41999816894531,49.54999923706055,203305
2022-11-02,49.56999969482422,49.70000076293945,49.4900016784668,49.619998931884766,107993
2022-11-03,50.0,50.0,49.38999938964844,49.40999984741211,129478
2022-11-04,49.4900016784668,49.599998474121094,49.43000030517578,49.560001373291016,168244
2022-11-07,49.529998779296875,49.540000915527344,49.380001068115234,49.43000030517578,341165
2022-11-09,49.54999923706055,49.68000030517578,49.470001220703125,49.58000183105469,163816
2022-11-10,54.9900016784668,54.9900016784668,49.560001373291016,49.72999954223633,168529
2022-11-11,50.25,50.25,49.86000061035156,49.9900016784668,159424
2022-11-14,49.939998626708984,50.02000045776367,49.849998474121094,49.900001525878906,102198
2022-11-15,49.939998626708984,50.11000061035156,49.900001525878906,50.060001373291016,207873
2022-11-16,50.099998474121094,50.119998931884766,50.02000045776367,50.06999969482422,100503
2022-11-17,50.25,50.25,50.040000915527344,50.060001373291016,77657
2022-11-18,50.06999969482422,50.119998931884766,50.029998779296875,50.060001373291016,71069
2022-11-21,50.060001373291016,50.119998931884766,50.029998779296875,50.08000183105469,96356
2022-11-22,50.060001373291016,50.16999816894531,50.0,50.150001525878906,53647
2022-11-23,50.13999938964844,50.220001220703125,49.95000076293945,49.970001220703125,154186
2022-11-24,50.119998931884766,50.189998626708984,50.09000015258789,50.16999816894531,56063
2022-11-25,50.150001525878906,50.2400016784668,50.130001068115234,50.150001525878906,159563
2022-11-28,50.18000030517578,50.22999954223633,50.150001525878906,50.20000076293945,67434
2022-11-29,50.20000076293945,50.290000915527344,50.150001525878906,50.209999084472656,74483
2022-11-30,50.20000076293945,50.279998779296875,50.150001525878906,50.209999084472656,78657
2022-12-01,50.33000183105469,50.40999984741211,50.150001525878906,50.29999923706055,376802
2022-12-02,50.310001373291016,50.41999816894531,50.310001373291016,50.349998474121094,115069
2022-12-05,57.9900016784668,57.9900016784668,50.29999923706055,50.41999816894531,153922
2022-12-06,50.400001525878906,50.439998626708984,50.33000183105469,50.400001525878906,116037
2022-12-07,50.439998626708984,50.59000015258789,50.2599983215332,50.36000061035156,120974
2022-12-08,50.38999938964844,50.400001525878906,50.15999984741211,50.25,87108
2022-12-09,50.189998626708984,50.349998474121094,50.189998626708984,50.310001373291016,77079
2022-12-12,50.33000183105469,50.349998474121094,50.279998779296875,50.31999969482422,113112
2022-12-13,50.400001525878906,50.400001525878906,50.27000045776367,50.310001373291016,109582
2022-12-14,50.41999816894531,50.45000076293945,50.33000183105469,50.40999984741211,67377
2022-12-15,50.400001525878906,50.43000030517578,50.349998474121094,50.38999938964844,92752
2022-12-16,50.38999938964844,50.400001525878906,50.279998779296875,50.34000015258789,88057
2022-12-19,50.34000015258789,50.45000076293945,50.33000183105469,50.38999938964844,71238
2022-12-20,50.31999969482422,50.5,50.209999084472656,50.439998626708984,180962
2022-12-21,50.38999938964844,50.4900016784668,50.25,50.31999969482422,68001
2022-12-22,50.439998626708984,50.439998626708984,50.25,50.34000015258789,99218
2022-12-23,50.34000015258789,50.34000015258789,50.20000076293945,50.220001220703125,142778
2022-12-26,50.279998779296875,50.34000015258789,50.16999816894531,50.25,198471
2022-12-27,50.279998779296875,50.349998474121094,50.2400016784668,50.27000045776367,69768
2022-12-28,50.310001373291016,50.31999969482422,50.20000076293945,50.27000045776367,71805
2022-12-29,50.290000915527344,50.349998474121094,50.25,50.2599983215332,51239
2022-12-30,50.290000915527344,50.369998931884766,50.22999954223633,50.2599983215332,66256
2023-01-02,50.29999923706055,50.31999969482422,50.20000076293945,50.2400016784668,385892
2023-01-03,50.2400016784668,50.380001068115234,50.2400016784668,50.33000183105469,126129
2023-01-04,50.38999938964844,50.38999938964844,50.290000915527344,50.29999923706055,38404
2023-01-05,50.38999938964844,50.400001525878906,50.279998779296875,50.34000015258789,290508
2023-01-06,50.369998931884766,50.400001525878906,50.22999954223633,50.290000915527344,69386
2023-01-09,50.43000030517578,50.4900016784668,50.380001068115234,50.400001525878906,51301
2023-01-10,50.45000076293945,50.52000045776367,50.38999938964844,50.47999954223633,205953
2023-01-11,50.47999954223633,50.58000183105469,50.459999084472656,50.52000045776367,68355
2023-01-12,50.599998474121094,50.619998931884766,50.5099983215332,50.56999969482422,40730
2023-01-13,50.65999984741211,50.689998626708984,50.58000183105469,50.59000015258789,47158
2023-01-16,50.63999938964844,50.65999984741211,50.540000915527344,50.560001373291016,179322
2023-01-17,50.599998474121094,50.599998474121094,50.5,50.540000915527344,60274
2023-01-18,50.56999969482422,50.650001525878906,50.54999923706055,50.58000183105469,25028
2023-01-19,50.689998626708984,50.79999923706055,50.65999984741211,50.689998626708984,26053
2023-01-20,50.65999984741211,50.709999084472656,50.59000015258789,50.630001068115234,113918
2023-01-23,50.66999816894531,50.720001220703125,50.58000183105469,50.70000076293945,98494
2023-01-24,50.70000076293945,50.7400016784668,50.630001068115234,50.70000076293945,82860
2023-01-25,52.20000076293945,52.20000076293945,50.709999084472656,50.79999923706055,64885
2023-01-27,50.68000030517578,50.790000915527344,50.61000061035156,50.720001220703125,71372
2023-01-30,50.66999816894531,50.72999954223633,50.54999923706055,50.619998931884766,38867
2023-01-31,50.619998931884766,50.689998626708984,50.56999969482422,50.619998931884766,27213
2023-02-01,50.70000076293945,50.93000030517578,50.540000915527344,50.75,48513
2023-02-02,50.90999984741211,50.9900016784668,50.7400016784668,50.810001373291016,40331
2023-02-03,52.29999923706055,52.29999923706055,50.790000915527344,50.900001525878906,50060
2023-02-06,50.81999969482422,50.939998626708984,50.790000915527344,50.88999938964844,67179
2023-02-07,52.400001525878906,52.400001525878906,50.790000915527344,50.90999984741211,133898
2023-02-08,50.86000061035156,50.900001525878906,50.72999954223633,50.79999923706055,47166
2023-02-09,50.7400016784668,50.790000915527344,50.720001220703125,50.7599983215332,71782
2023-02-10,50.63999938964844,50.77000045776367,50.63999938964844,50.720001220703125,51887
2023-02-13,52.25,52.25,50.599998474121094,50.68000030517578,64639
2023-02-14,49.150001525878906,50.689998626708984,49.150001525878906,50.650001525878906,48250
2023-02-15,50.630001068115234,50.720001220703125,50.599998474121094,50.61000061035156,33969
2023-02-16,52.20000076293945,52.20000076293945,50.68000030517578,50.7400016784668,68873
2023-02-17,50.68000030517578,50.72999954223633,50.65999984741211,50.709999084472656,83353
2023-02-20,50.65999984741211,50.79999923706055,50.65999984741211,50.75,197815
2023-02-21,50.709999084472656,50.77000045776367,50.65999984741211,50.720001220703125,202130
2023-02-22,50.66999816894531,50.70000076293945,50.58000183105469,50.65999984741211,218500
2023-02-23,50.630001068115234,50.7400016784668,50.59000015258789,50.72999954223633,106318
2023-02-24,50.68000030517578,50.7400016784668,50.619998931884766,50.66999816894531,129319
2023-02-27,52.20000076293945,52.20000076293945,50.540000915527344,50.689998626708984,428918
2023-02-28,50.650001525878906,50.7400016784668,50.619998931884766,50.650001525878906,254630
2023-03-01,50.63999938964844,50.72999954223633,50.63999938964844,50.70000076293945,738985
2023-03-02,50.63999938964844,50.75,50.599998474121094,50.709999084472656,428148
2023-03-03,50.63999938964844,50.79999923706055,50.599998474121094,50.65999984741211,307184
2023-03-06,50.869998931884766,53.75,50.65999984741211,50.79999923706055,785846
2023-03-08,51.95000076293945,51.95000076293945,50.63999938964844,50.709999084472656,322440
2023-03-09,50.72999954223633,50.75,50.66999816894531,50.720001220703125,176380
2023-03-10,50.720001220703125,50.900001525878906,50.689998626708984,50.849998474121094,419677
2023-03-13,52.400001525878906,52.400001525878906,50.939998626708984,51.029998779296875,321537
2023-03-14,53.58000183105469,53.58000183105469,50.90999984741211,50.97999954223633,182982
2023-03-15,50.9900016784668,51.099998474121094,50.91999816894531,51.040000915527344,195985
2023-03-16,49.54999923706055,51.20000076293945,49.54999923706055,51.040000915527344,191617
2023-03-17,51.02000045776367,51.16999816894531,51.0099983215332,51.06999969482422,60682
2023-03-20,51.0099983215332,51.279998779296875,51.0099983215332,51.15999984741211,292500
2023-03-21,51.189998626708984,51.2400016784668,51.13999938964844,51.150001525878906,81322
2023-03-22,51.2400016784668,51.2400016784668,51.04999923706055,51.18000030517578,58577
2023-03-23,51.25,51.31999969482422,51.16999816894531,51.2400016784668,121110
2023-03-24,49.650001525878906,51.310001373291016,49.650001525878906,51.25,55293
2023-03-27,51.29999923706055,51.369998931884766,51.25,51.31999969482422,370660
2023-03-28,52.849998474121094,52.849998474121094,51.27000045776367,51.369998931884766,595779
2023-03-29,51.34000015258789,51.5,51.33000183105469,51.470001220703125,837255
2023-03-31,53.0,53.0,51.36000061035156,51.439998626708984,1280897
2023-04-03,51.36000061035156,51.41999816894531,51.2400016784668,51.38999938964844,636906
2023-04-05,51.36000061035156,51.43000030517578,51.29999923706055,51.38999938964844,548720
2023-04-06,51.47999954223633,51.66999816894531,51.349998474121094,51.54999923706055,212734
2023-04-10,53.150001525878906,53.150001525878906,51.63999938964844,51.689998626708984,681872
2023-04-11,50.099998474121094,51.720001220703125,50.099998474121094,51.689998626708984,270119
2023-04-12,51.66999816894531,51.72999954223633,51.61000061035156,51.689998626708984,137215
2023-04-13,51.709999084472656,51.77000045776367,51.68000030517578,51.72999954223633,139693
2023-04-17,51.72999954223633,51.75,51.63999938964844,51.65999984741211,325578
2023-04-18,52.20000076293945,52.20000076293945,51.65999984741211,51.720001220703125,132945
2023-04-19,51.77000045776367,51.81999969482422,51.720001220703125,51.720001220703125,62054
2023-04-20,51.77000045776367,51.83000183105469,51.7400016784668,51.7599983215332,65256
2023-04-21,51.810001373291016,51.900001525878906,51.79999923706055,51.880001068115234,90343
2023-04-24,51.880001068115234,51.970001220703125,51.86000061035156,51.900001525878906,60367
2023-04-25,51.939998626708984,51.9900016784668,51.86000061035156,51.90999984741211,97110
2023-04-26,51.900001525878906,52.029998779296875,51.869998931884766,51.90999984741211,137878
2023-04-27,51.970001220703125,52.0099983215332,51.90999984741211,51.93000030517578,56451
2023-04-28,51.97999954223633,51.9900016784668,51.900001525878906,51.90999984741211,103525
2023-05-02,53.45000076293945,53.45000076293945,51.880001068115234,51.90999984741211,635768
2023-05-03,52.040000915527344,52.09000015258789,52.0,52.02000045776367,134486
2023-05-04,50.5,52.13999938964844,50.5,52.040000915527344,105567
2023-05-05,53.599998474121094,53.599998474121094,51.869998931884766,52.02000045776367,422447
2023-05-08,52.13999938964844,52.13999938964844,52.029998779296875,52.099998474121094,148172
2023-05-09,52.119998931884766,52.16999816894531,52.04999923706055,52.060001373291016,73115
2023-05-10,52.06999969482422,52.119998931884766,52.02000045776367,52.04999923706055,80657
2023-05-11,52.08000183105469,52.13999938964844,52.04999923706055,52.08000183105469,86220
2023-05-12,52.09000015258789,52.119998931884766,52.060001373291016,52.09000015258789,116576
2023-05-15,52.18000030517578,52.2400016784668,52.13999938964844,52.220001220703125,79549
2023-05-16,52.22999954223633,52.279998779296875,52.18000030517578,52.2599983215332,88986
2023-05-17,53.849998474121094,53.849998474121094,52.2400016784668,52.310001373291016,232482
2023-05-18,52.29999923706055,52.33000183105469,52.25,52.31999969482422,84869
2023-05-19,52.31999969482422,52.38999938964844,52.27000045776367,52.349998474121094,755990
2023-05-22,52.08000183105469,52.47999954223633,51.5,52.41999816894531,692128
2023-05-23,52.41999816894531,52.439998626708984,52.34000015258789,52.36000061035156,238817
2023-05-24,52.380001068115234,52.41999816894531,52.310001373291016,52.38999938964844,183067
2023-05-25,52.279998779296875,52.38999938964844,52.27000045776367,52.369998931884766,407453
2023-05-26,52.22999954223633,52.45000076293945,52.22999954223633,52.40999984741211,1459162
2023-05-29,52.380001068115234,52.43000030517578,52.31999969482422,52.36000061035156,189404
2023-05-30,52.279998779296875,52.400001525878906,52.279998779296875,52.369998931884766,145815
2023-05-31,52.36000061035156,52.47999954223633,52.36000061035156,52.45000076293945,226774
2023-06-01,52.41999816894531,52.5,52.40999984741211,52.47999954223633,1166028
2023-06-02,54.04999923706055,54.04999923706055,52.439998626708984,52.560001373291016,3503225
2023-06-05,52.52000045776367,52.560001373291016,52.470001220703125,52.5,1194116
2023-06-06,53.54999923706055,53.54999923706055,52.470001220703125,52.5099983215332,693774
2023-06-07,52.52000045776367,52.56999969482422,52.47999954223633,52.529998779296875,470082
2023-06-08,52.47999954223633,52.529998779296875,52.41999816894531,52.459999084472656,476002
2023-06-09,52.439998626708984,52.45000076293945,52.349998474121094,52.41999816894531,737858
2023-06-12,52.43000030517578,52.5,52.380001068115234,52.4900016784668,1812451
2023-06-13,52.4900016784668,52.540000915527344,52.45000076293945,52.529998779296875,678973
2023-06-14,52.52000045776367,52.529998779296875,52.470001220703125,52.5099983215332,249317
2023-06-15,52.4900016784668,52.5,52.439998626708984,52.47999954223633,591156
2023-06-16,53.93000030517578,53.93000030517578,52.459999084472656,52.5099983215332,545458
2023-06-19,52.52000045776367,52.56999969482422,52.5,52.54999923706055,352558
2023-06-20,52.5099983215332,52.540000915527344,52.47999954223633,52.5099983215332,727595
2023-06-21,52.5,52.560001373291016,52.4900016784668,52.5,406599
2023-06-22,52.5099983215332,52.529998779296875,52.45000076293945,52.47999954223633,292089
2023-06-23,52.40999984741211,52.5099983215332,52.40999984741211,52.470001220703125,190291
2023-06-26,52.470001220703125,52.529998779296875,52.459999084472656,52.5099983215332,343764
2023-06-27,52.5099983215332,52.54999923706055,52.5,52.529998779296875,1072257
2023-06-28,54.099998474121094,54.099998474121094,52.5099983215332,52.54999923706055,142030
2023-06-30,52.529998779296875,52.540000915527344,52.439998626708984,52.47999954223633,375805
2023-07-03,52.4900016784668,52.5099983215332,52.439998626708984,52.45000076293945,507774
2023-07-04,52.41999816894531,52.470001220703125,52.400001525878906,52.439998626708984,267931
2023-07-05,52.43000030517578,52.47999954223633,52.400001525878906,52.43000030517578,548138
2023-07-06,52.459999084472656,52.459999084472656,52.380001068115234,52.38999938964844,335934
2023-07-07,52.380001068115234,52.41999816894531,52.36000061035156,52.40999984741211,175788
2023-07-10,52.41999816894531,52.43000030517578,52.33000183105469,52.36000061035156,442332
2023-07-11,52.400001525878906,52.529998779296875,52.400001525878906,52.4900016784668,490194
2023-07-12,52.5099983215332,52.54999923706055,52.459999084472656,52.4900016784668,131488
2023-07-13,52.52000045776367,52.59000015258789,52.5099983215332,52.56999969482422,180214
2023-07-14,52.59000015258789,52.599998474121094,52.54999923706055,52.56999969482422,224845
2023-07-17,52.61000061035156,52.63999938964844,52.540000915527344,52.59000015258789,831954
2023-07-18,52.630001068115234,52.72999954223633,52.630001068115234,52.68000030517578,401639
2023-07-19,52.689998626708984,52.72999954223633,52.66999816894531,52.70000076293945,144774
2023-07-20,52.65999984741211,52.70000076293945,52.619998931884766,52.63999938964844,595293
2023-07-21,52.63999938964844,52.65999984741211,52.61000061035156,52.619998931884766,313309
2023-07-24,52.63999938964844,52.70000076293945,52.63999938964844,52.68000030517578,163499
2023-07-25,54.25,54.25,52.61000061035156,52.61000061035156,513602
2023-07-26,54.20000076293945,54.20000076293945,52.61000061035156,52.650001525878906,178783
2023-07-27,52.689998626708984,52.720001220703125,52.599998474121094,52.61000061035156,157271
2023-07-28,52.599998474121094,52.599998474121094,52.5099983215332,52.56999969482422,417890
2023-07-31,52.59000015258789,52.59000015258789,52.52000045776367,52.540000915527344,167951
2023-08-01,52.540000915527344,52.630001068115234,52.529998779296875,52.59000015258789,757309
2023-08-02,52.59000015258789,52.630001068115234,52.54999923706055,52.59000015258789,328104
2023-08-03,52.56999969482422,52.59000015258789,52.5099983215332,52.560001373291016,272627
2023-08-04,52.529998779296875,52.56999969482422,52.5099983215332,52.5099983215332,729603
2023-08-07,52.650001525878906,52.65999984741211,52.59000015258789,52.599998474121094,1218329
2023-08-08,52.599998474121094,52.66999816894531,52.54999923706055,52.63999938964844,226934
2023-08-09,52.66999816894531,52.720001220703125,52.63999938964844,52.65999984741211,199633
2023-08-10,52.650001525878906,52.70000076293945,52.560001373291016,52.63999938964844,427533
2023-08-11,52.65999984741211,52.689998626708984,52.619998931884766,52.65999984741211,471728
2023-08-14,52.650001525878906,52.66999816894531,52.599998474121094,52.650001525878906,323950
2023-08-16,52.689998626708984,52.70000076293945,52.58000183105469,52.650001525878906,219161
2023-08-17,52.599998474121094,52.599998474121094,52.54999923706055,52.59000015258789,461410
2023-08-18,52.61000061035156,52.65999984741211,52.56999969482422,52.619998931884766,183905
2023-08-21,51.04999923706055,52.70000076293945,51.04999923706055,52.68000030517578,362001
2023-08-22,52.709999084472656,52.709999084472656,52.650001525878906,52.66999816894531,472811
2023-08-23,52.72999954223633,52.779998779296875,52.709999084472656,52.77000045776367,195933
2023-08-24,52.790000915527344,52.810001373291016,52.75,52.77000045776367,423611
2023-08-25,52.709999084472656,52.790000915527344,52.709999084472656,52.779998779296875,366362
2023-08-28,54.0,54.0,52.77000045776367,52.849998474121094,323207
2023-08-29,52.81999969482422,52.86000061035156,52.79999923706055,52.84000015258789,338064
2023-08-30,52.83000183105469,52.869998931884766,52.810001373291016,52.810001373291016,341857
2023-08-31,52.810001373291016,52.900001525878906,52.810001373291016,52.869998931884766,300977
2023-09-01,52.869998931884766,52.939998626708984,52.84000015258789,52.849998474121094,1248104
2023-09-04,52.900001525878906,52.93000030517578,52.86000061035156,52.88999938964844,601794
2023-09-05,52.880001068115234,52.88999938964844,52.84000015258789,52.86000061035156,505317
2023-09-06,52.84000015258789,52.88999938964844,52.84000015258789,52.849998474121094,725917
2023-09-07,54.45000076293945,54.45000076293945,52.84000015258789,52.939998626708984,246892
2023-09-08,52.880001068115234,52.959999084472656,52.880001068115234,52.900001525878906,199062
2023-09-11,52.900001525878906,52.90999984741211,52.779998779296875,52.79999923706055,293968
2023-09-12,52.70000076293945,54.119998931884766,51.20000076293945,52.970001220703125,587241
2023-09-13,53.95000076293945,53.95000076293945,52.849998474121094,52.959999084472656,619135
2023-09-14,54.54999923706055,54.54999923706055,52.9900016784668,53.13999938964844,865462
2023-09-15,54.75,54.75,53.029998779296875,53.08000183105469,141424
2023-09-18,53.06999969482422,53.08000183105469,52.970001220703125,53.029998779296875,675883
2023-09-20,53.060001373291016,53.09000015258789,53.029998779296875,53.04999923706055,334296
2023-09-21,53.0099983215332,53.08000183105469,53.0,53.02000045776367,149779
2023-09-22,53.189998626708984,53.209999084472656,52.9900016784668,53.099998474121094,332818
2023-09-25,53.06999969482422,53.13999938964844,53.06999969482422,53.08000183105469,264297
2023-09-26,53.08000183105469,53.099998474121094,53.0099983215332,53.06999969482422,142937
2023-09-27,53.13999938964844,53.15999984741211,53.09000015258789,53.130001068115234,292064
2023-09-28,53.13999938964844,53.13999938964844,52.959999084472656,53.02000045776367,142396
2023-09-29,53.0,53.09000015258789,52.970001220703125,53.040000915527344,281629
2023-10-03,53.41999816894531,53.41999816894531,52.9900016784668,53.060001373291016,421751
2023-10-04,53.060001373291016,53.060001373291016,52.970001220703125,53.0099983215332,319203
2023-10-05,53.029998779296875,53.09000015258789,53.02000045776367,53.060001373291016,300523
2023-10-06,53.060001373291016,53.130001068115234,52.83000183105469,52.97999954223633,689963
2023-10-09,52.849998474121094,52.86000061035156,52.77000045776367,52.83000183105469,266043
2023-10-10,52.81999969482422,52.86000061035156,52.779998779296875,52.849998474121094,402376
2023-10-11,52.83000183105469,52.9900016784668,52.79999923706055,52.939998626708984,355706
2023-10-12,52.93000030517578,52.9900016784668,52.90999984741211,52.97999954223633,209972
2023-10-13,52.970001220703125,53.02000045776367,52.90999984741211,52.97999954223633,621826
2023-10-16,53.02000045776367,53.04999923706055,52.959999084472656,53.040000915527344,202020
2023-10-17,53.040000915527344,53.09000015258789,52.959999084472656,53.04999923706055,252556
2023-10-18,53.029998779296875,53.04999923706055,52.97999954223633,53.0,108498
2023-10-19,52.95000076293945,52.970001220703125,52.880001068115234,52.959999084472656,75514
2023-10-20,54.0,54.099998474121094,52.959999084472656,53.029998779296875,150838
2023-10-23,53.83000183105469,53.83000183105469,52.939998626708984,52.9900016784668,191477
2023-10-25,53.79999923706055,53.79999923706055,53.060001373291016,53.099998474121094,293919
2023-10-26,53.11000061035156,53.11000061035156,53.0099983215332,53.06999969482422,576125
2023-10-27,51.5,53.650001525878906,51.5,53.150001525878906,511693
2023-10-30,53.779998779296875,53.779998779296875,53.11000061035156,53.119998931884766,267906
2023-10-31,53.119998931884766,53.16999816894531,53.08000183105469,53.15999984741211,221501
2023-11-01,53.11000061035156,53.15999984741211,53.099998474121094,53.150001525878906,739760
2023-11-02,53.150001525878906,53.22999954223633,53.150001525878906,53.20000076293945,1007995
2023-11-03,53.20000076293945,53.31999969482422,53.20000076293945,53.29999923706055,275560
2023-11-06,52.22999954223633,53.380001068115234,52.22999954223633,53.349998474121094,526686
2023-11-07,53.79999923706055,53.79999923706055,53.29999923706055,53.380001068115234,707158
2023-11-08,53.459999084472656,53.470001220703125,53.38999938964844,53.41999816894531,402575
2023-11-09,53.41999816894531,53.470001220703125,53.41999816894531,53.439998626708984,145481
2023-11-10,53.43000030517578,53.439998626708984,53.380001068115234,53.40999984741211,320747
2023-11-13,53.79999923706055,53.79999923706055,53.349998474121094,53.40999984741211,440741
2023-11-15,53.79999923706055,53.79999923706055,53.470001220703125,53.540000915527344,657613
2023-11-16,53.54999923706055,53.59000015258789,53.540000915527344,53.58000183105469,192959
2023-11-17,53.59000015258789,53.630001068115234,53.560001373291016,53.619998931884766,145904
2023-11-20,53.619998931884766,53.619998931884766,53.54999923706055,53.61000061035156,532141
2023-11-21,53.61000061035156,53.61000061035156,53.529998779296875,53.54999923706055,205501
2023-11-22,52.5,53.79999923706055,52.47999954223633,53.52000045776367,124348
2023-11-23,53.59000015258789,53.59000015258789,53.52000045776367,53.560001373291016,136762
2023-11-24,53.5,53.58000183105469,53.5,53.54999923706055,110618
2023-11-28,53.650001525878906,53.650001525878906,53.560001373291016,53.58000183105469,476390
2023-11-29,53.63999938964844,53.650001525878906,53.599998474121094,53.61000061035156,188529
2023-11-30,53.70000076293945,53.70000076293945,52.5,53.58000183105469,163647
2023-12-01,53.58000183105469,53.619998931884766,53.54999923706055,53.54999923706055,1055531
2023-12-04,53.650001525878906,53.65999984741211,53.61000061035156,53.630001068115234,631500
2023-12-05,52.560001373291016,53.689998626708984,52.560001373291016,53.650001525878906,1073922
2023-12-06,53.720001220703125,53.720001220703125,53.68000030517578,53.70000076293945,336937
2023-12-07,53.119998931884766,53.75,53.119998931884766,53.720001220703125,229010
2023-12-08,53.7400016784668,53.81999969482422,53.72999954223633,53.79999923706055,319516
2023-12-11,53.75,53.7599983215332,53.68000030517578,53.7400016784668,283135
2023-12-12,53.72999954223633,53.779998779296875,53.720001220703125,53.75,99320
2023-12-13,53.77000045776367,53.810001373291016,53.7599983215332,53.77000045776367,126009
2023-12-14,53.77000045776367,54.02000045776367,53.77000045776367,53.959999084472656,226803
2023-12-15,53.93000030517578,54.25,53.93000030517578,54.150001525878906,1097844
2023-12-18,54.189998626708984,54.189998626708984,54.06999969482422,54.099998474121094,130674
2023-12-19,54.150001525878906,54.18000030517578,54.09000015258789,54.11000061035156,90915
2023-12-20,54.130001068115234,54.189998626708984,54.11000061035156,54.150001525878906,106411
2023-12-21,54.13999938964844,54.25,54.119998931884766,54.150001525878906,229914
2023-12-22,54.75,54.75,53.20000076293945,54.16999816894531,102782
2023-12-26,54.150001525878906,54.2400016784668,54.150001525878906,54.20000076293945,157592
2023-12-27,54.20000076293945,54.2400016784668,54.189998626708984,54.209999084472656,123694
2023-12-28,54.83000183105469,54.83000183105469,54.18000030517578,54.22999954223633,177296
2023-12-29,54.2400016784668,54.34000015258789,54.16999816894531,54.31999969482422,126072
2024-01-01,54.91999816894531,54.91999816894531,54.20000076293945,54.2400016784668,1035541
2024-01-02,54.279998779296875,54.279998779296875,54.22999954223633,54.25,300443
2024-01-03,55.900001525878906,55.900001525878906,54.2400016784668,54.290000915527344,366343
2024-01-04,54.31999969482422,54.36000061035156,54.25,54.33000183105469,351614
2024-01-05,54.310001373291016,54.33000183105469,54.2400016784668,54.2599983215332,804023
2024-01-08,54.279998779296875,54.349998474121094,54.27000045776367,54.29999923706055,403071
2024-01-09,54.36000061035156,54.41999816894531,54.349998474121094,54.36000061035156,200344
2024-01-10,54.36000061035156,54.400001525878906,54.349998474121094,54.36000061035156,782457
2024-01-11,54.380001068115234,54.439998626708984,54.369998931884766,54.41999816894531,315601
2024-01-12,54.439998626708984,54.5099983215332,54.43000030517578,54.47999954223633,172013
2024-01-15,54.47999954223633,54.47999954223633,54.47999954223633,54.47999954223633,0
2024-01-16,55.36000061035156,56.150001525878906,54.4900016784668,54.52000045776367,168126
2024-01-17,54.52000045776367,54.56999969482422,54.4900016784668,54.4900016784668,338123
2024-01-18,54.5,54.540000915527344,54.47999954223633,54.5099983215332,165961
2024-01-19,54.560001373291016,54.56999969482422,54.47999954223633,54.540000915527344,299042
2024-01-23,55.36000061035156,55.36000061035156,54.52000045776367,54.540000915527344,353644
2024-01-24,54.54999923706055,54.61000061035156,54.540000915527344,54.59000015258789,302006
2024-01-25,55.0,55.0,54.540000915527344,54.56999969482422,509267
2024-01-29,54.599998474121094,54.65999984741211,54.59000015258789,54.599998474121094,302234
2024-01-30,54.63999938964844,54.689998626708984,54.619998931884766,54.63999938964844,188604
2024-01-31,54.79999923706055,54.79999923706055,54.63999938964844,54.689998626708984,133096
2024-02-01,54.709999084472656,54.869998931884766,54.65999984741211,54.77000045776367,199290
2024-02-02,54.79999923706055,54.900001525878906,54.779998779296875,54.81999969482422,522306
2024-02-05,55.29999923706055,55.29999923706055,54.75,54.77000045776367,495442
2024-02-06,54.7599983215332,54.790000915527344,54.72999954223633,54.779998779296875,140748
2024-02-07,54.779998779296875,54.84000015258789,54.7599983215332,54.77000045776367,327388
2024-02-08,54.84000015258789,55.0099983215332,54.560001373291016,54.7599983215332,134255
2024-02-09,53.54999923706055,54.810001373291016,53.54999923706055,54.72999954223633,182840
2024-02-12,54.72999954223633,54.77000045776367,53.099998474121094,54.72999954223633,160494
2024-02-13,54.72999954223633,54.72999954223633,54.68000030517578,54.70000076293945,193886
2024-02-14,55.5,55.5,54.59000015258789,54.66999816894531,109764
2024-02-15,54.599998474121094,54.7400016784668,54.119998931884766,54.689998626708984,155507
2024-02-16,54.77000045776367,54.83000183105469,54.72999954223633,54.79999923706055,192149
2024-02-19,55.0,55.54999923706055,54.7400016784668,54.77000045776367,109841
2024-02-20,54.79999923706055,54.810001373291016,54.7599983215332,54.779998779296875,215701
2024-02-21,54.81999969482422,54.900001525878906,54.81999969482422,54.88999938964844,126885
2024-02-22,54.88999938964844,54.91999816894531,54.81999969482422,54.88999938964844,186452
2024-02-23,54.869998931884766,54.90999984741211,54.81999969482422,54.84000015258789,110575
2024-02-26,56.5,56.5,54.880001068115234,54.900001525878906,218169
2024-02-27,54.900001525878906,54.95000076293945,54.869998931884766,54.91999816894531,213545
2024-02-28,54.95000076293945,54.959999084472656,54.88999938964844,54.91999816894531,175804
2024-02-29,54.91999816894531,54.97999954223633,54.91999816894531,54.939998626708984,186176
2024-03-01,54.91999816894531,54.9900016784668,54.91999816894531,54.95000076293945,332536
2024-03-04,55.349998474121094,55.599998474121094,54.959999084472656,54.9900016784668,289500
2024-03-05,54.9900016784668,55.02000045776367,54.939998626708984,55.0,377572
2024-03-06,56.0,56.0,54.97999954223633,55.029998779296875,392826
2024-03-07,55.060001373291016,55.099998474121094,54.9900016784668,55.08000183105469,251538
2024-03-11,55.09000015258789,55.16999816894531,55.08000183105469,55.150001525878906,446673
2024-03-12,55.060001373291016,55.150001525878906,55.060001373291016,55.099998474121094,191560
2024-03-13,55.099998474121094,55.16999816894531,55.08000183105469,55.119998931884766,882649
2024-03-14,55.119998931884766,55.13999938964844,55.04999923706055,55.06999969482422,677226
2024-03-15,55.09000015258789,55.13999938964844,55.060001373291016,55.060001373291016,541933
2024-03-18,55.08000183105469,55.13999938964844,55.04999923706055,55.06999969482422,478949
2024-03-19,55.04999923706055,55.119998931884766,55.04999923706055,55.08000183105469,314758
2024-03-20,55.349998474121094,55.349998474121094,55.040000915527344,55.06999969482422,2342876
2024-03-21,55.2400016784668,55.2400016784668,55.06999969482422,55.099998474121094,78900
2024-03-22,55.16999816894531,55.18000030517578,55.099998474121094,55.099998474121094,329052
2024-03-26,55.349998474121094,55.349998474121094,55.060001373291016,55.06999969482422,328160
2024-03-27,55.099998474121094,55.16999816894531,55.06999969482422,55.13999938964844,85884
2024-03-28,55.15999984741211,55.349998474121094,55.15999984741211,55.290000915527344,135384
2024-04-01,55.189998626708984,55.349998474121094,55.099998474121094,55.189998626708984,473654
2024-04-02,55.20000076293945,55.34000015258789,55.099998474121094,55.099998474121094,333276
2024-04-03,55.15999984741211,55.22999954223633,55.060001373291016,55.119998931884766,248003
2024-04-04,55.119998931884766,55.29999923706055,55.119998931884766,55.27000045776367,258145
2024-04-05,55.27000045776367,55.380001068115234,55.189998626708984,55.279998779296875,777946
2024-04-08,55.279998779296875,55.34000015258789,55.04999923706055,55.09000015258789,358433
2024-04-09,55.11000061035156,55.380001068115234,55.06999969482422,55.119998931884766,232183
2024-04-10,55.349998474121094,55.349998474121094,55.099998474121094,55.20000076293945,349421
2024-04-12,55.349998474121094,55.349998474121094,55.04999923706055,55.16999816894531,110265
2024-04-15,54.540000915527344,55.33000183105469,53.849998474121094,55.29999923706055,1283919
2024-04-16,55.290000915527344,55.31999969482422,55.099998474121094,55.27000045776367,832437
2024-04-18,56.95000076293945,56.95000076293945,55.11000061035156,55.27000045776367,136026
2024-04-19,56.95000076293945,56.95000076293945,55.04999923706055,55.16999816894531,165181
2024-04-22,55.15999984741211,55.290000915527344,55.04999923706055,55.119998931884766,186538
2024-04-23,55.119998931884766,55.34000015258789,55.099998474121094,55.209999084472656,89568
2024-04-24,55.279998779296875,55.29999923706055,55.16999816894531,55.22999954223633,107189
2024-04-25,55.150001525878906,55.349998474121094,55.150001525878906,55.220001220703125,213590
2024-04-26,55.349998474121094,55.349998474121094,55.119998931884766,55.209999084472656,1387361
2024-04-29,55.349998474121094,55.349998474121094,54.9900016784668,55.27000045776367,138326
2024-04-30,55.310001373291016,55.380001068115234,55.20000076293945,55.2599983215332,306662
2024-05-02,55.349998474121094,55.400001525878906,55.25,55.369998931884766,201801
2024-05-03,55.369998931884766,55.52000045776367,55.31999969482422,55.43000030517578,71047
2024-05-06,55.93000030517578,55.93000030517578,54.529998779296875,55.529998779296875,84012
2024-05-07,55.529998779296875,55.650001525878906,55.47999954223633,55.59000015258789,303195
2024-05-08,55.59000015258789,55.619998931884766,55.43000030517578,55.54999923706055,1293027
2024-05-09,55.59000015258789,55.63999938964844,55.439998626708984,55.540000915527344,183563
2024-05-10,55.900001525878906,55.900001525878906,55.45000076293945,55.650001525878906,113288
2024-05-13,55.650001525878906,55.7400016784668,55.529998779296875,55.650001525878906,155811
2024-05-14,55.75,55.75,55.54999923706055,55.619998931884766,161731
2024-05-15,55.630001068115234,55.75,55.619998931884766,55.619998931884766,169279
2024-05-16,55.900001525878906,55.900001525878906,55.619998931884766,55.7400016784668,159294
2024-05-17,55.7400016784668,55.900001525878906,55.65999984741211,55.79999923706055,139418
2024-05-21,55.86000061035156,55.900001525878906,55.689998626708984,55.790000915527344,139370
2024-05-22,55.79999923706055,55.9900016784668,55.79999923706055,55.93000030517578,231477
2024-05-23,55.93000030517578,56.08000183105469,55.75,56.02000045776367,82852
2024-05-24,55.900001525878906,56.08000183105469,55.79999923706055,55.970001220703125,106050
2024-05-27,56.29999923706055,56.29999923706055,55.79999923706055,56.040000915527344,71570
2024-05-28,56.06999969482422,56.09000015258789,55.900001525878906,56.0,96751
2024-05-29,55.9900016784668,56.0,55.79999923706055,55.880001068115234,113345
2024-05-30,55.88999938964844,55.939998626708984,55.79999923706055,55.91999816894531,79168
2024-05-31,56.13999938964844,56.150001525878906,55.86000061035156,55.939998626708984,63663
2024-06-03,57.599998474121094,57.599998474121094,55.86000061035156,55.95000076293945,244510
2024-06-04,55.119998931884766,57.650001525878906,54.25,55.70000076293945,489397
2024-06-05,55.709999084472656,56.0,55.650001525878906,55.790000915527344,188462
2024-06-06,55.810001373291016,56.099998474121094,55.810001373291016,56.060001373291016,98223
2024-06-07,56.13999938964844,57.08000183105469,55.86000061035156,56.11000061035156,140973
2024-06-10,56.11000061035156,56.20000076293945,54.400001525878906,56.09000015258789,92717
2024-06-11,57.75,57.75,55.90999984741211,55.939998626708984,1521322
2024-06-12,56.22999954223633,56.2400016784668,55.95000076293945,56.0,315077
2024-06-13,56.2400016784668,56.25,55.959999084472656,56.16999816894531,199758
2024-06-14,56.15999984741211,56.349998474121094,56.130001068115234,56.2599983215332,230550
2024-06-18,56.18000030517578,56.29999923706055,56.040000915527344,56.20000076293945,327561
2024-06-19,56.09000015258789,56.380001068115234,56.08000183105469,56.31999969482422,445775
2024-06-20,56.34000015258789,56.349998474121094,56.099998474121094,56.220001220703125,341225
2024-06-21,56.2400016784668,56.41999816894531,56.150001525878906,56.27000045776367,295945
2024-06-24,56.2400016784668,56.369998931884766,56.16999816894531,56.29999923706055,216750
2024-06-25,56.290000915527344,56.400001525878906,56.099998474121094,56.220001220703125,392340
2024-06-26,56.189998626708984,56.310001373291016,56.150001525878906,56.2599983215332,505945
2024-06-27,56.2599983215332,56.31999969482422,56.11000061035156,56.189998626708984,271386
2024-06-28,56.209999084472656,56.34000015258789,56.099998474121094,56.25,374022
2024-07-01,56.25,56.380001068115234,56.20000076293945,56.290000915527344,391835
2024-07-02,56.279998779296875,57.25,56.279998779296875,56.349998474121094,482467
2024-07-03,56.16999816894531,56.45000076293945,56.16999816894531,56.349998474121094,477954
2024-07-04,56.47999954223633,56.4900016784668,56.34000015258789,56.459999084472656,780432
2024-07-05,56.459999084472656,56.540000915527344,56.40999984741211,56.47999954223633,308043
2024-07-08,56.54999923706055,56.560001373291016,56.38999938964844,56.45000076293945,356418
2024-07-09,56.439998626708984,56.59000015258789,56.25,56.47999954223633,256362
2024-07-10,56.29999923706055,56.54999923706055,56.290000915527344,56.5099983215332,183366
2024-07-11,56.900001525878906,56.900001525878906,56.45000076293945,56.540000915527344,252018
2024-07-12,55.61000061035156,56.59000015258789,55.40999984741211,56.5,220324
2024-07-15,56.54999923706055,56.54999923706055,56.380001068115234,56.529998779296875,364114
2024-07-16,56.529998779296875,56.70000076293945,56.5,56.61000061035156,317619
2024-07-18,56.7400016784668,56.790000915527344,56.5099983215332,56.689998626708984,279519
2024-07-19,56.849998474121094,56.86000061035156,56.599998474121094,56.72999954223633,144858
2024-07-22,56.900001525878906,56.900001525878906,56.5,56.66999816894531,305384
2024-07-23,56.68000030517578,56.7400016784668,56.52000045776367,56.70000076293945,148374
2024-07-24,56.70000076293945,56.84000015258789,56.56999969482422,56.77000045776367,144347
2024-07-25,56.91999816894531,56.91999816894531,56.630001068115234,56.79999923706055,272653
2024-07-26,57.880001068115234,57.880001068115234,56.75,57.099998474121094,153879
2024-07-29,56.900001525878906,58.25,56.5,57.060001373291016,379093
2024-07-30,56.880001068115234,57.18000030517578,56.869998931884766,57.02000045776367,431299
2024-07-31,57.91999816894531,57.91999816894531,56.83000183105469,57.06999969482422,182757
2024-08-01,57.959999084472656,57.959999084472656,56.88999938964844,57.16999816894531,409744
2024-08-02,57.290000915527344,57.900001525878906,56.939998626708984,57.34000015258789,270389
2024-08-05,56.79999923706055,57.95000076293945,56.79999923706055,57.41999816894531,431285
2024-08-06,57.41999816894531,57.5,57.040000915527344,57.33000183105469,355716
2024-08-07,57.33000183105469,57.439998626708984,57.099998474121094,57.29999923706055,261347
2024-08-08,58.0,58.0,57.06999969482422,57.349998474121094,385567
2024-08-09,57.29999923706055,58.25,57.209999084472656,57.29999923706055,434027
2024-08-12,57.45000076293945,57.5,57.2599983215332,57.38999938964844,657632
2024-08-13,57.25,57.560001373291016,57.25,57.33000183105469,717810
2024-08-14,57.36000061035156,57.599998474121094,57.150001525878906,57.459999084472656,280322
2024-08-16,57.459999084472656,57.650001525878906,57.22999954223633,57.439998626708984,898879
2024-08-19,57.470001220703125,57.619998931884766,57.400001525878906,57.5,751375
2024-08-20,58.0,58.0,57.18000030517578,57.540000915527344,588708
2024-08-21,59.25,59.25,57.38999938964844,57.5099983215332,456524
2024-08-22,57.380001068115234,57.7400016784668,57.380001068115234,57.529998779296875,243289
2024-08-23,57.939998626708984,57.939998626708984,57.439998626708984,57.56999969482422,220338
2024-08-26,57.630001068115234,57.630001068115234,56.0,57.4900016784668,544660
2024-08-27,57.41999816894531,57.650001525878906,57.41999816894531,57.540000915527344,355624
2024-08-28,57.5099983215332,57.58000183105469,57.47999954223633,57.5,212270
2024-08-29,57.599998474121094,58.08000183105469,57.459999084472656,57.790000915527344,317078
2024-08-30,57.380001068115234,57.75,57.380001068115234,57.54999923706055,241276
2024-09-02,57.56999969482422,57.56999969482422,57.310001373291016,57.38999938964844,895372
2024-09-03,57.709999084472656,58.38999938964844,57.40999984741211,57.459999084472656,300044
2024-09-04,57.459999084472656,57.689998626708984,57.400001525878906,57.540000915527344,216711
2024-09-05,57.75,57.75,57.439998626708984,57.59000015258789,586448
2024-09-06,58.09000015258789,58.09000015258789,57.459999084472656,57.560001373291016,276862
2024-09-09,57.52000045776367,57.68000030517578,57.470001220703125,57.54999923706055,320156
2024-09-10,57.790000915527344,57.790000915527344,57.5099983215332,57.59000015258789,894257
2024-09-11,58.09000015258789,60.0,57.09000015258789,57.66999816894531,333055
2024-09-12,57.68000030517578,57.7400016784668,57.58000183105469,57.70000076293945,148916
2024-09-13,58.20000076293945,58.70000076293945,57.709999084472656,57.81999969482422,274444
2024-09-16,57.93000030517578,57.95000076293945,57.689998626708984,57.79999923706055,794531
2024-09-17,58.189998626708984,58.189998626708984,57.779998779296875,57.84000015258789,156457
2024-09-18,57.84000015258789,57.959999084472656,57.72999954223633,57.849998474121094,168240
2024-09-19,58.04999923706055,58.04999923706055,57.66999816894531,57.869998931884766,380947
2024-09-20,58.0,58.0099983215332,57.810001373291016,57.83000183105469,500809
2024-09-23,57.90999984741211,57.97999954223633,57.31999969482422,57.91999816894531,261686
2024-09-24,58.15999984741211,61.0,57.880001068115234,58.54999923706055,366430
2024-09-25,58.4900016784668,58.4900016784668,57.970001220703125,58.04999923706055,303361
2024-09-26,58.040000915527344,58.25,58.040000915527344,58.130001068115234,266652
2024-09-27,58.47999954223633,58.47999954223633,58.060001373291016,58.220001220703125,195687
2024-09-30,58.720001220703125,59.95000076293945,58.0,58.18000030517578,220702
2024-10-01,58.97999954223633,58.97999954223633,57.970001220703125,58.04999923706055,270136
2024-10-03,58.47999954223633,58.47999954223633,57.970001220703125,57.9900016784668,407233
2024-10-04,58.0099983215332,58.2400016784668,57.83000183105469,57.83000183105469,1100180
2024-10-07,58.11000061035156,58.11000061035156,57.70000076293945,57.880001068115234,385826
2024-10-08,57.88999938964844,58.06999969482422,57.75,58.040000915527344,524866
2024-10-09,58.02000045776367,58.2400016784668,57.9900016784668,58.099998474121094,468275
2024-10-10,58.11000061035156,58.22999954223633,58.040000915527344,58.130001068115234,178941
2024-10-11,58.41999816894531,58.41999816894531,58.060001373291016,58.189998626708984,538978
2024-10-14,58.43000030517578,58.43000030517578,57.900001525878906,58.08000183105469,274025
2024-10-15,58.11000061035156,58.25,58.02000045776367,58.15999984741211,269927
2024-10-16,58.15999984741211,58.279998779296875,58.13999938964844,58.20000076293945,213755
2024-10-17,58.189998626708984,58.25,58.150001525878906,58.18000030517578,114078
2024-10-18,58.150001525878906,58.220001220703125,58.02000045776367,58.08000183105469,154732
2024-10-21,58.40999984741211,58.40999984741211,58.0,58.119998931884766,180559
2024-10-22,58.119998931884766,58.15999984741211,58.099998474121094,58.11000061035156,230049
2024-10-23,61.02000045776367,61.02000045776367,57.95000076293945,58.0,196585
2024-10-24,58.15999984741211,58.15999984741211,58.029998779296875,58.099998474121094,130686
2024-10-25,58.18000030517578,58.2400016784668,58.06999969482422,58.189998626708984,258482
2024-10-28,58.68000030517578,58.689998626708984,57.95000076293945,58.119998931884766,241277
2024-10-29,58.09000015258789,58.16999816894531,58.0,58.029998779296875,172830
2024-10-30,58.08000183105469,58.119998931884766,58.0099983215332,58.060001373291016,186908
2024-10-31,58.54999923706055,58.560001373291016,58.06999969482422,58.08000183105469,69349
2024-11-01,58.08000183105469,58.08000183105469,58.08000183105469,58.08000183105469,0
2024-11-04,58.650001525878906,58.650001525878906,58.029998779296875,58.189998626708984,508048
2024-11-05,58.630001068115234,58.630001068115234,58.0099983215332,58.16999816894531,312359
2024-11-06,58.220001220703125,58.25,57.95000076293945,58.209999084472656,129011
2024-11-07,59.95000076293945,59.95000076293945,58.02000045776367,58.2599983215332,237105
2024-11-08,58.27000045776367,58.31999969482422,58.11000061035156,58.209999084472656,157667
2024-11-11,58.4900016784668,58.4900016784668,58.099998474121094,58.2599983215332,201863
2024-11-12,58.939998626708984,58.939998626708984,58.04999923706055,58.27000045776367,167978
2024-11-13,58.290000915527344,58.29999923706055,58.04999923706055,58.13999938964844,405928
2024-11-14,58.5,58.5,58.0,58.31999969482422,288832
2024-11-18,58.15999984741211,58.81999969482422,58.15999984741211,58.31999969482422,484813
2024-11-19,58.81999969482422,58.81999969482422,58.0099983215332,58.33000183105469,212186
2024-11-21,58.0099983215332,60.0,58.0,58.310001373291016,621245
2024-11-22,58.31999969482422,58.66999816894531,58.20000076293945,58.34000015258789,336056
2024-11-25,58.11000061035156,58.630001068115234,58.11000061035156,58.36000061035156,664569
2024-11-26,58.540000915527344,58.540000915527344,58.2400016784668,58.40999984741211,406118
2024-11-27,58.400001525878906,58.59000015258789,58.290000915527344,58.400001525878906,238760
2024-11-28,58.43000030517578,58.540000915527344,58.36000061035156,58.470001220703125,202207
2024-11-29,58.959999084472656,58.970001220703125,58.0099983215332,58.540000915527344,120494
2024-12-02,58.54999923706055,58.95000076293945,58.5099983215332,58.79999923706055,628797
2024-12-03,59.290000915527344,59.290000915527344,58.72999954223633,58.810001373291016,474992
2024-12-04,58.9900016784668,58.9900016784668,58.75,58.83000183105469,191091
2024-12-05,58.959999084472656,59.0,58.75,58.86000061035156,328098
2024-12-06,58.86000061035156,58.95000076293945,58.650001525878906,58.810001373291016,217775
2024-12-09,59.310001373291016,59.310001373291016,58.599998474121094,58.709999084472656,365398
2024-12-10,58.709999084472656,59.95000076293945,58.66999816894531,59.15999984741211,853133
2024-12-11,58.65999984741211,59.0,58.65999984741211,58.84000015258789,270900
2024-12-12,58.939998626708984,58.939998626708984,58.650001525878906,58.70000076293945,298974
2024-12-13,58.7599983215332,58.900001525878906,58.70000076293945,58.72999954223633,92128
2024-12-16,58.93000030517578,58.93000030517578,58.630001068115234,58.779998779296875,560288
2024-12-17,58.90999984741211,58.90999984741211,58.72999954223633,58.75,174509
2024-12-18,58.75,58.790000915527344,58.70000076293945,58.72999954223633,172901
2024-12-19,58.70000076293945,58.720001220703125,58.5,58.66999816894531,134005
2024-12-20,58.68000030517578,58.75,58.599998474121094,58.65999984741211,338371
2024-12-23,58.779998779296875,58.790000915527344,58.599998474121094,58.709999084472656,229131
2024-12-24,59.209999084472656,59.209999084472656,58.619998931884766,58.7400016784668,222737
2024-12-26,58.619998931884766,58.81999969482422,58.61000061035156,58.72999954223633,446518
2024-12-27,58.9900016784668,59.5,58.650001525878906,58.95000076293945,349674
2024-12-30,58.939998626708984,58.95000076293945,58.650001525878906,58.77000045776367,322980
2024-12-31,58.779998779296875,58.880001068115234,58.689998626708984,58.7599983215332,103323
2025-01-01,58.83000183105469,58.900001525878906,58.58000183105469,58.72999954223633,608116
2025-01-02,58.75,58.9900016784668,58.66999816894531,58.75,219636
2025-01-03,58.7599983215332,59.16999816894531,58.709999084472656,58.95000076293945,242117
2025-01-06,59.08000183105469,59.08000183105469,58.709999084472656,58.849998474121094,399453
2025-01-07,58.849998474121094,59.13999938964844,58.79999923706055,59.02000045776367,183349
2025-01-08,59.189998626708984,59.20000076293945,58.90999984741211,58.959999084472656,156127
2025-01-09,59.20000076293945,59.209999084472656,58.900001525878906,59.0,317123
2025-01-10,58.97999954223633,59.150001525878906,58.900001525878906,58.97999954223633,326060
2025-01-13,58.90999984741211,58.97999954223633,58.599998474121094,58.720001220703125,296070
2025-01-14,58.7400016784668,58.77000045776367,58.599998474121094,58.720001220703125,96150
2025-01-15,58.720001220703125,59.0,58.599998474121094,58.88999938964844,165475
2025-01-16,59.38999938964844,59.38999938964844,58.38999938964844,59.099998474121094,318541
2025-01-17,59.27000045776367,59.290000915527344,58.939998626708984,59.2400016784668,467340
2025-01-20,59.189998626708984,59.2599983215332,58.90999984741211,59.15999984741211,327763
2025-01-21,59.0,59.29999923706055,59.0,59.09000015258789,161788
2025-01-22,59.060001373291016,59.27000045776367,59.060001373291016,59.15999984741211,117330
2025-01-23,59.119998931884766,59.29999923706055,59.11000061035156,59.25,234976
2025-01-24,59.310001373291016,59.38999938964844,59.25,59.34000015258789,70468
2025-01-27,59.34000015258789,59.439998626708984,59.150001525878906,59.290000915527344,394339
2025-01-28,59.470001220703125,59.599998474121094,59.22999954223633,59.369998931884766,190429
2025-01-29,59.369998931884766,59.5,59.27000045776367,59.33000183105469,197103
2025-01-30,59.29999923706055,59.61000061035156,59.29999923706055,59.36000061035156,360582
2025-01-31,57.599998474121094,59.61000061035156,57.599998474121094,59.36000061035156,146329
2025-02-01,59.470001220703125,59.95000076293945,59.0,59.20000076293945,522562
2025-02-03,61.0,61.0,59.150001525878906,59.40999984741211,228806
2025-02-04,59.40999984741211,59.45000076293945,59.310001373291016,59.38999938964844,176571
2025-02-05,59.689998626708984,59.689998626708984,59.369998931884766,59.41999816894531,241053
2025-02-06,59.40999984741211,59.47999954223633,59.29999923706055,59.45000076293945,326994
2025-02-07,60.369998931884766,60.369998931884766,59.290000915527344,59.400001525878906,99014
2025-02-10,59.400001525878906,59.54999923706055,59.33000183105469,59.5099983215332,233990
2025-02-11,59.47999954223633,59.63999938964844,59.349998474121094,59.41999816894531,138070
2025-02-12,61.20000076293945,61.20000076293945,59.400001525878906,59.45000076293945,116438
2025-02-13,59.459999084472656,59.4900016784668,59.29999923706055,59.31999969482422,333217
2025-02-14,59.459999084472656,59.470001220703125,59.41999816894531,59.459999084472656,69220
2025-02-17,59.720001220703125,59.720001220703125,59.349998474121094,59.560001373291016,148893
2025-02-18,59.689998626708984,59.689998626708984,59.45000076293945,59.58000183105469,232109
2025-02-19,59.65999984741211,59.65999984741211,59.5099983215332,59.529998779296875,61523
2025-02-20,59.68000030517578,59.68000030517578,59.33000183105469,59.5099983215332,392151
2025-02-21,59.52000045776367,59.529998779296875,59.310001373291016,59.459999084472656,215797
2025-02-24,59.47999954223633,59.650001525878906,59.31999969482422,59.529998779296875,919706
2025-02-25,59.529998779296875,59.61000061035156,59.5,59.599998474121094,91847
2025-02-27,60.400001525878906,60.400001525878906,59.5099983215332,59.66999816894531,124689
2025-02-28,59.5099983215332,71.0,59.45000076293945,60.25,345683
2025-03-03,59.5,60.0,59.459999084472656,59.630001068115234,329717
2025-03-04,59.93000030517578,59.93000030517578,59.54999923706055,59.7400016784668,349191
2025-03-05,59.939998626708984,59.939998626708984,59.66999816894531,59.779998779296875,298371
2025-03-06,59.61000061035156,59.9900016784668,59.599998474121094,59.900001525878906,397694
2025-03-07,60.0,60.0,59.79999923706055,59.90999984741211,646402
2025-03-10,59.900001525878906,60.04999923706055,59.70000076293945,59.810001373291016,373776
2025-03-11,59.939998626708984,59.939998626708984,59.66999816894531,59.7599983215332,98376
2025-03-12,59.7599983215332,59.83000183105469,59.7599983215332,59.79999923706055,58459
2025-03-13,60.09000015258789,60.09000015258789,59.70000076293945,59.849998474121094,296414
2025-03-17,61.650001525878906,61.900001525878906,59.70000076293945,59.83000183105469,108857
2025-03-18,59.83000183105469,59.83000183105469,59.83000183105469,59.83000183105469,0
2025-03-19,59.88999938964844,59.970001220703125,59.88999938964844,59.93000030517578,189198
2025-03-20,61.75,61.75,59.880001068115234,59.970001220703125,215908
2025-03-21,60.09000015258789,60.29999923706055,59.81999969482422,60.099998474121094,500913
2025-03-24,60.11000061035156,60.25,60.0099983215332,60.040000915527344,878046
2025-03-25,60.040000915527344,60.189998626708984,60.029998779296875,60.08000183105469,118445
2025-03-26,60.02000045776367,60.310001373291016,60.02000045776367,60.09000015258789,361093
2025-03-27,60.22999954223633,60.279998779296875,60.099998474121094,60.13999938964844,615755
2025-03-28,60.209999084472656,60.380001068115234,60.20000076293945,60.290000915527344,199585
2025-04-01,60.5,60.70000076293945,60.11000061035156,60.61000061035156,280899
2025-04-02,60.36000061035156,61.0,60.36000061035156,60.88999938964844,1351419
2025-04-03,60.9900016784668,60.9900016784668,60.54999923706055,60.630001068115234,483761
2025-04-04,60.63999938964844,61.56999969482422,60.630001068115234,61.06999969482422,1643454
2025-04-07,63.400001525878906,63.400001525878906,60.54999923706055,61.0099983215332,508400
2025-04-08,60.91999816894531,61.04999923706055,60.70000076293945,60.939998626708984,190521
2025-04-09,60.709999084472656,61.20000076293945,60.70000076293945,61.09000015258789,192476
2025-04-11,60.119998931884766,61.70000076293945,60.119998931884766,61.290000915527344,522467
2025-04-15,60.70000076293945,61.5,60.70000076293945,61.11000061035156,526603
2025-04-16,61.15999984741211,61.36000061035156,61.11000061035156,61.290000915527344,241893
2025-04-17,61.29999923706055,61.54999923706055,61.150001525878906,61.45000076293945,207384
2025-04-21,62.400001525878906,63.29999923706055,61.209999084472656,61.54999923706055,291917
2025-04-22,61.54999923706055,61.65999984741211,61.4900016784668,61.599998474121094,317174
2025-04-23,61.599998474121094,61.689998626708984,61.5099983215332,61.59000015258789,209058
2025-04-24,61.45000076293945,61.84000015258789,61.439998626708984,61.54999923706055,357224
2025-04-25,61.56999969482422,61.7599983215332,61.560001373291016,61.709999084472656,318509
2025-04-28,61.709999084472656,61.720001220703125,61.2599983215332,61.40999984741211,758502
2025-04-29,61.45000076293945,61.810001373291016,61.41999816894531,61.54999923706055,234092
2025-04-30,61.459999084472656,61.86000061035156,61.459999084472656,61.7400016784668,141686
2025-05-02,61.779998779296875,61.970001220703125,61.63999938964844,61.72999954223633,177153
2025-05-05,61.77000045776367,61.88999938964844,61.560001373291016,61.7599983215332,182409
2025-05-06,61.77000045776367,61.88999938964844,61.61000061035156,61.77000045776367,358181
2025-05-07,61.77000045776367,62.349998474121094,61.650001525878906,61.84000015258789,177938
2025-05-08,62.59000015258789,62.59000015258789,61.70000076293945,61.79999923706055,412318
2025-05-09,61.900001525878906,61.900001525878906,61.5099983215332,61.75,76873
2025-05-12,61.88999938964844,62.349998474121094,61.61000061035156,61.869998931884766,385971
2025-05-13,61.650001525878906,61.959999084472656,61.650001525878906,61.83000183105469,234029
2025-05-14,61.83000183105469,61.9900016784668,61.83000183105469,61.88999938964844,207124
2025-05-15,61.88999938964844,61.9900016784668,61.86000061035156,61.970001220703125,506809
2025-05-16,62.27000045776367,62.27000045776367,61.900001525878906,62.06999969482422,320011
2025-05-19,61.86000061035156,62.2400016784668,61.810001373291016,62.16999816894531,150737
2025-05-20,62.22999954223633,62.369998931884766,62.18000030517578,62.31999969482422,403608
2025-05-21,62.439998626708984,62.47999954223633,62.220001220703125,62.369998931884766,260925
2025-05-22,62.36000061035156,62.5,62.31999969482422,62.38999938964844,328883
2025-05-23,62.439998626708984,62.529998779296875,62.130001068115234,62.400001525878906,446957
2025-05-26,62.540000915527344,62.540000915527344,62.209999084472656,62.400001525878906,449622
2025-05-27,62.470001220703125,62.52000045776367,62.279998779296875,62.459999084472656,203777
2025-05-28,62.529998779296875,62.529998779296875,62.400001525878906,62.439998626708984,258982
2025-05-29,62.459999084472656,62.63999938964844,62.45000076293945,62.52000045776367,142464
2025-05-30,62.52000045776367,62.63999938964844,62.439998626708984,62.59000015258789,267288
2025-06-02,62.63999938964844,62.650001525878906,62.470001220703125,62.52000045776367,504147
2025-06-03,62.63999938964844,62.63999938964844,62.459999084472656,62.5099983215332,190111
2025-06-04,62.7400016784668,62.7400016784668,62.38999938964844,62.540000915527344,678480
2025-06-05,62.689998626708984,62.689998626708984,62.470001220703125,62.58000183105469,245309
2025-06-06,62.619998931884766,62.869998931884766,62.619998931884766,62.810001373291016,237307
2025-06-09,63.439998626708984,63.439998626708984,62.5099983215332,62.630001068115234,403717
2025-06-10,62.84000015258789,62.84000015258789,62.5,62.5,671762
2025-06-11,62.54999923706055,62.619998931884766,62.400001525878906,62.43000030517578,1081313
2025-06-12,62.70000076293945,62.70000076293945,62.16999816894531,62.349998474121094,972374
2025-06-13,62.349998474121094,62.45000076293945,62.0,62.290000915527344,198375
2025-06-16,62.2599983215332,62.400001525878906,62.13999938964844,62.31999969482422,175923
2025-06-17,63.189998626708984,63.189998626708984,62.119998931884766,62.36000061035156,95465
2025-06-18,62.45000076293945,62.4900016784668,62.380001068115234,62.459999084472656,157769
2025-06-19,62.59000015258789,62.59000015258789,62.369998931884766,62.41999816894531,151440
2025-06-20,63.97999954223633,63.97999954223633,62.150001525878906,62.400001525878906,145187
2025-06-23,62.15999984741211,62.45000076293945,62.15999984741211,62.27000045776367,141301
2025-06-24,62.400001525878906,62.4900016784668,62.29999923706055,62.369998931884766,173844
2025-06-25,62.380001068115234,62.45000076293945,62.29999923706055,62.369998931884766,184273
2025-06-26,62.4900016784668,62.4900016784668,62.189998626708984,62.369998931884766,296565
2025-06-27,62.369998931884766,62.439998626708984,62.20000076293945,62.31999969482422,354526
2025-06-30,62.31999969482422,62.5,62.290000915527344,62.38999938964844,245475
2025-07-01,62.4900016784668,62.689998626708984,62.290000915527344,62.54999923706055,606157
2025-07-02,62.9900016784668,63.0,62.400001525878906,62.619998931884766,333256
2025-07-03,62.689998626708984,62.75,62.560001373291016,62.650001525878906,304175
2025-07-04,62.7599983215332,62.79999923706055,62.5,62.77000045776367,486686
2025-07-07,64.6500015258789,64.6500015258789,62.61000061035156,62.650001525878906,1035325
2025-07-08,62.790000915527344,62.790000915527344,62.619998931884766,62.66999816894531,423813
2025-07-09,62.68000030517578,62.720001220703125,62.61000061035156,62.619998931884766,459947
2025-07-10,62.75,62.75,62.61000061035156,62.65999984741211,636383
2025-07-11,62.779998779296875,62.779998779296875,62.56999969482422,62.7400016784668,295366
2025-07-14,62.79999923706055,62.79999923706055,62.59000015258789,62.65999984741211,519200
2025-07-15,62.7599983215332,62.7599983215332,62.599998474121094,62.63999938964844,575962
2025-07-16,62.689998626708984,62.70000076293945,62.619998931884766,62.63999938964844,273455
2025-07-17,62.63999938964844,62.7400016784668,62.59000015258789,62.689998626708984,275559
2025-07-18,62.880001068115234,62.880001068115234,62.599998474121094,62.72999954223633,245361
2025-07-21,63.79999923706055,63.79999923706055,62.709999084472656,62.75,419023
2025-07-22,62.86000061035156,62.88999938964844,62.66999816894531,62.72999954223633,228464
2025-07-23,62.900001525878906,62.959999084472656,62.7400016784668,62.779998779296875,178661
2025-07-24,62.88999938964844,62.88999938964844,62.709999084472656,62.75,452531
2025-07-25,62.72999954223633,62.849998474121094,62.619998931884766,62.650001525878906,216725
2025-07-28,62.849998474121094,62.849998474121094,62.599998474121094,62.630001068115234,209593
2025-07-29,62.720001220703125,62.720001220703125,62.58000183105469,62.63999938964844,145776
2025-07-30,62.63999938964844,62.75,62.61000061035156,62.720001220703125,221191
2025-07-31,62.72999954223633,62.72999954223633,62.63999938964844,62.66999816894531,129059
2025-08-01,62.880001068115234,62.88999938964844,62.619998931884766,62.70000076293945,308743
2025-08-04,63.630001068115234,63.630001068115234,62.61000061035156,62.83000183105469,246293
2025-08-05,62.91999816894531,62.91999816894531,62.79999923706055,62.810001373291016,124797
2025-08-06,62.81999969482422,62.84000015258789,62.70000076293945,62.7400016784668,269762
2025-08-07,62.75,62.790000915527344,62.630001068115234,62.68000030517578,309232
2025-08-08,62.779998779296875,62.779998779296875,62.630001068115234,62.65999984741211,141199
2025-08-11,62.66999816894531,62.779998779296875,62.540000915527344,62.619998931884766,244442
2025-08-12,62.689998626708984,62.689998626708984,62.52000045776367,62.529998779296875,334068
2025-08-13,62.56999969482422,62.59000015258789,62.43000030517578,62.439998626708984,357572
2025-08-14,62.45000076293945,62.59000015258789,62.43000030517578,62.529998779296875,142271
2025-08-18,62.40999984741211,62.689998626708984,62.400001525878906,62.47999954223633,242108
2025-08-19,62.59000015258789,62.599998474121094,62.25,62.38999938964844,464645
2025-08-20,62.59000015258789,62.59000015258789,62.380001068115234,62.470001220703125,139711
2025-08-21,62.650001525878906,62.650001525878906,62.369998931884766,62.38999938964844,601534
2025-08-22,62.400001525878906,62.4900016784668,62.380001068115234,62.380001068115234,93858
2025-08-25,62.59000015258789,62.59000015258789,62.36000061035156,62.400001525878906,135831
2025-08-26,62.380001068115234,62.45000076293945,62.310001373291016,62.349998474121094,238112
2025-08-28,62.349998474121094,62.41999816894531,62.2599983215332,62.29999923706055,271927
2025-08-29,62.310001373291016,62.4900016784668,62.29999923706055,62.40999984741211,349616
2025-09-01,62.59000015258789,62.59000015258789,62.27000045776367,62.36000061035156,325724
2025-09-02,62.54999923706055,62.560001373291016,62.27000045776367,62.290000915527344,350379
2025-09-03,62.59000015258789,62.599998474121094,62.27000045776367,62.36000061035156,219764
2025-09-04,62.599998474121094,62.599998474121094,62.380001068115234,62.459999084472656,161403
2025-09-05,62.599998474121094,62.599998474121094,62.349998474121094,62.47999954223633,200079
2025-09-08,62.65999984741211,62.66999816894531,62.47999954223633,62.54999923706055,213409
2025-09-09,62.66999816894531,62.66999816894531,62.470001220703125,62.56999969482422,3576783
2025-09-10,62.65999984741211,62.79999923706055,62.5099983215332,62.63999938964844,170865
2025-09-11,62.40999984741211,62.79999923706055,62.400001525878906,62.560001373291016,203738
2025-09-12,62.5099983215332,62.790000915527344,62.5,62.560001373291016,114251
2025-09-15,62.56999969482422,62.849998474121094,62.45000076293945,62.59000015258789,140110
2025-09-16,62.79999923706055,62.79999923706055,62.5,62.619998931884766,208636
2025-09-17,62.939998626708984,62.939998626708984,62.58000183105469,62.70000076293945,1100854
2025-09-18,62.65999984741211,62.84000015258789,62.650001525878906,62.779998779296875,246603
2025-09-19,62.790000915527344,62.93000030517578,62.63999938964844,62.7599983215332,418375
2025-09-22,63.06999969482422,63.29999923706055,62.7599983215332,62.91999816894531,177481
2025-09-23,62.93000030517578,63.04999923706055,62.90999984741211,62.9900016784668,129115
2025-09-24,62.9900016784668,63.310001373291016,62.93000030517578,62.959999084472656,171883
2025-09-25,63.13999938964844,63.13999938964844,62.91999816894531,62.939998626708984,162431
2025-09-26,62.95000076293945,63.09000015258789,62.79999923706055,62.880001068115234,337512
2025-09-29,62.880001068115234,63.86000061035156,62.02000045776367,62.86000061035156,172478
2025-09-30,62.900001525878906,62.970001220703125,62.72999954223633,62.91999816894531,61130
2025-10-01,62.970001220703125,63.38999938964844,62.849998474121094,63.20000076293945,236614
2025-10-03,63.86000061035156,63.86000061035156,62.900001525878906,63.31999969482422,218576
2025-10-06,63.70000076293945,63.70000076293945,63.22999954223633,63.290000915527344,225096
2025-10-07,63.5,63.5099983215332,63.02000045776367,63.279998779296875,380754
2025-10-08,63.5099983215332,63.52000045776367,63.209999084472656,63.2599983215332,127408
2025-10-09,64.4000015258789,64.4000015258789,63.04999923706055,63.099998474121094,318589
2025-10-10,63.40999984741211,63.4900016784668,63.0,63.040000915527344,231452
2025-10-13,63.060001373291016,63.5,63.02000045776367,63.11000061035156,234689
2025-10-14,63.11000061035156,63.25,63.060001373291016,63.15999984741211,127818
2025-10-15,63.45000076293945,63.45000076293945,63.099998474121094,63.209999084472656,648659
2025-10-16,63.5,63.5,63.15999984741211,63.209999084472656,94442
2025-10-17,63.5,63.59000015258789,63.15999984741211,63.29999923706055,211602
2025-10-20,63.599998474121094,63.599998474121094,63.15999984741211,63.27000045776367,124992
2025-10-21,64.25,64.25,61.68000030517578,63.41999816894531,101765
2025-10-23,64.4000015258789,64.4000015258789,63.16999816894531,63.31999969482422,198940
2025-10-27,64.26000213623047,64.26000213623047,63.189998626708984,63.369998931884766,153889
2025-10-28,63.209999084472656,63.439998626708984,63.20000076293945,63.38999938964844,142482
2025-10-29,63.38999938964844,63.41999816894531,63.119998931884766,63.27000045776367,315360
2025-10-30,64.33000183105469,64.33000183105469,63.130001068115234,63.2400016784668,429033
2025-10-31,63.25,63.34000015258789,63.119998931884766,63.16999816894531,203201
2025-11-03,63.18000030517578,63.56999969482422,63.16999816894531,63.220001220703125,183487
2025-11-04,63.33000183105469,63.560001373291016,63.20000076293945,63.349998474121094,194156
2025-11-06,61.45000076293945,64.30000305175781,61.45000076293945,63.369998931884766,203750
2025-11-07,63.5,63.65999984741211,63.22999954223633,63.349998474121094,169508
2025-11-10,63.70000076293945,63.70000076293945,63.08000183105469,63.380001068115234,183557
2025-11-11,63.380001068115234,63.59000015258789,63.310001373291016,63.38999938964844,289541
2025-11-12,63.72999954223633,63.72999954223633,63.349998474121094,63.439998626708984,126976
2025-11-13,63.439998626708984,63.459999084472656,63.29999923706055,63.41999816894531,66613
2025-11-14,63.41999816894531,63.630001068115234,63.31999969482422,63.459999084472656,136582
2025-11-17,64.44000244140625,64.44000244140625,63.29999923706055,63.36000061035156,168017
2025-11-18,63.689998626708984,63.689998626708984,63.33000183105469,63.40999984741211,135297
2025-11-19,63.68000030517578,63.68000030517578,63.279998779296875,63.36000061035156,147659
2025-11-20,64.19999694824219,64.19999694824219,63.310001373291016,63.43000030517578,248929
2025-11-21,63.7400016784668,63.7400016784668,63.369998931884766,63.540000915527344,148505
2025-11-24,63.540000915527344,63.58000183105469,63.33000183105469,63.400001525878906,144610
2025-11-25,63.459999084472656,63.59000015258789,63.439998626708984,63.52000045776367,228343
2025-11-26,63.529998779296875,63.93000030517578,63.5,63.709999084472656,194531
2025-11-27,64.0999984741211,64.0999984741211,63.560001373291016,63.7400016784668,137721
2025-11-28,64.05000305175781,64.05000305175781,63.619998931884766,63.84000015258789,147122
2025-12-01,62.81999969482422,64.58000183105469,62.81999969482422,63.459999084472656,284989
2025-12-02,63.59000015258789,63.59000015258789,63.400001525878906,63.5,160119
2025-12-03,64.37999725341797,64.37999725341797,63.470001220703125,63.650001525878906,132033
2025-12-04,62.619998931884766,63.7400016784668,62.619998931884766,63.56999969482422,103286
2025-12-05,63.84000015258789,63.849998474121094,63.38999938964844,63.650001525878906,189155
2025-12-08,64.5999984741211,64.5999984741211,63.529998779296875,63.63999938964844,203710
2025-12-09,65.2300033569336,65.2300033569336,63.45000076293945,63.560001373291016,154899
2025-12-10,63.70000076293945,63.70000076293945,63.349998474121094,63.45000076293945,264640
2025-12-11,63.65999984741211,63.65999984741211,63.310001373291016,63.400001525878906,95781
2025-12-12,63.41999816894531,63.709999084472656,63.310001373291016,63.439998626708984,471667
2025-12-15,64.4000015258789,64.4000015258789,63.209999084472656,63.369998931884766,204335
2025-12-16,63.4900016784668,63.4900016784668,63.33000183105469,63.380001068115234,139719
2025-12-17,63.689998626708984,63.689998626708984,63.29999923706055,63.45000076293945,60106
2025-12-18,63.459999084472656,63.54999923706055,63.349998474121094,63.45000076293945,99101
2025-12-19,63.41419982910156,63.41419982910156,63.41419982910156,63.41419982910156,0
2025-12-22,63.66999816894531,63.68000030517578,63.27000045776367,63.400001525878906,149825
2025-12-23,63.540000915527344,63.540000915527344,63.130001068115234,63.189998626708984,240918
2025-12-24,62.220001220703125,63.689998626708984,62.220001220703125,63.4900016784668,148462
2025-12-26,63.400001525878906,63.79999923706055,63.400001525878906,63.470001220703125,145753
2025-12-29,63.790000915527344,63.790000915527344,63.380001068115234,63.4900016784668,166835
2025-12-30,64.4000015258789,64.4000015258789,63.400001525878906,63.4900016784668,89623
2025-12-31,63.369998931884766,63.779998779296875,63.369998931884766,63.56999969482422,247905
2026-01-01,65.1500015258789,65.94999694824219,63.400001525878906,63.58000183105469,293929
2026-01-02,63.77000045776367,63.810001373291016,63.45000076293945,63.59000015258789,310119
2026-01-05,63.939998626708984,63.939998626708984,63.0099983215332,63.47999954223633,199649
2026-01-06,63.52000045776367,63.54999923706055,63.43000030517578,63.47999954223633,200306
2026-01-07,63.790000915527344,63.790000915527344,63.439998626708984,63.61000061035156,150563
2026-01-08,64.0999984741211,64.0999984741211,63.529998779296875,63.630001068115234,222947
2026-01-09,63.630001068115234,63.810001373291016,63.58000183105469,63.63999938964844,127025
2026-01-12,63.9900016784668,63.9900016784668,63.5,63.52000045776367,551581
2026-01-13,63.88999938964844,63.88999938964844,63.439998626708984,63.4900016784668,202039
2026-01-14,63.459999084472656,63.84000015258789,63.400001525878906,63.4900016784668,163925
2026-01-15,63.4900016784668,63.4900016784668,63.4900016784668,63.4900016784668,0
2026-01-16,63.70000076293945,63.70000076293945,63.29999923706055,63.369998931884766,326919
2026-01-19,63.68000030517578,63.68000030517578,63.31999969482422,63.41999816894531,234522
2026-01-20,63.43000030517578,63.689998626708984,63.290000915527344,63.369998931884766,176671
2026-01-21,62.52000045776367,63.75,62.52000045776367,63.38999938964844,489526
2026-01-22,63.459999084472656,63.7400016784668,63.439998626708984,63.630001068115234,270329
2026-01-23,63.88999938964844,63.88999938964844,63.119998931884766,63.58000183105469,243372
2026-01-27,63.91999816894531,63.93000030517578,63.470001220703125,63.59000015258789,326965
2026-01-28,63.599998474121094,63.790000915527344,63.5,63.56999969482422,256974
2026-01-29,63.56999969482422,63.63999938964844,63.43000030517578,63.56999969482422,356616
2026-01-30,63.790000915527344,63.970001220703125,63.560001373291016,63.7400016784668,534269
2026-02-02,63.540000915527344,63.849998474121094,63.400001525878906,63.66999816894531,483776
2026-02-03,63.68000030517578,63.9900016784668,63.5,63.900001525878906,255899
2026-02-04,64.08999633789062,64.08999633789062,63.869998931884766,63.970001220703125,142772
2026-02-05,64.16000366210938,64.33999633789062,63.689998626708984,63.790000915527344,398890
2026-02-06,63.790000915527344,64.29000091552734,63.75,63.939998626708984,251555
2026-02-09,64.91999816894531,64.91999816894531,63.70000076293945,63.849998474121094,274826
2026-02-10,64.13999938964844,64.13999938964844,63.810001373291016,63.84000015258789,342870
2026-02-11,64.04000091552734,64.04000091552734,63.779998779296875,63.93000030517578,118790
2026-02-12,64.22000122070312,64.22000122070312,63.810001373291016,64.02999877929688,435758
2026-02-13,64.04000091552734,64.19999694824219,63.95000076293945,64.02999877929688,118953
2026-02-16,65.01000213623047,65.01000213623047,63.72999954223633,64.08000183105469,167170
2026-02-17,64.01000213623047,64.4000015258789,64.0,64.33999633789062,190692
2026-02-18,64.33999633789062,64.5,64.18000030517578,64.37999725341797,268651
2026-02-19,64.51000213623047,64.5999984741211,64.25,64.47000122070312,262584
2026-02-20,64.58999633789062,64.58999633789062,64.16999816894531,64.2699966430664,251103
2026-02-23,64.41999816894531,64.41999816894531,64.0199966430664,64.33000183105469,184421
2026-02-24,64.52999877929688,64.52999877929688,64.12999725341797,64.33000183105469,379027
2026-02-25,64.20999908447266,64.48999786376953,64.05000305175781,64.38999938964844,330762
2026-02-26,64.38999938964844,64.5199966430664,64.30000305175781,64.37999725341797,160063
2026-02-27,62.77000045776367,64.5,62.77000045776367,64.37999725341797,174066
2026-03-02,65.36000061035156,66.30999755859375,62.0,64.38999938964844,590448
2026-03-04,64.38999938964844,64.44000244140625,64.19999694824219,64.33999633789062,218292
2026-03-05,64.63999938964844,64.63999938964844,64.27999877929688,64.44000244140625,163850
2026-03-06,65.37999725341797,65.37999725341797,64.33999633789062,64.5,146656
2026-03-09,64.6500015258789,64.6500015258789,64.0199966430664,64.18000030517578,367170
2026-03-10,64.33999633789062,64.5,64.29000091552734,64.3499984741211,275355
2026-03-11,64.63999938964844,64.63999938964844,64.16999816894531,64.31999969482422,203627
2026-03-12,64.58999633789062,64.6500015258789,64.27999877929688,64.61000061035156,247953
2026-03-13,64.61000061035156,64.75,64.25,64.44000244140625,791143
2026-03-16,64.44999694824219,64.55000305175781,64.20999908447266,64.30999755859375,401687
2026-03-17,64.11000061035156,64.47000122070312,64.0999984741211,64.25,233423
2026-03-18,64.3499984741211,64.44999694824219,64.20999908447266,64.30999755859375,169030
2026-03-19,64.95999908447266,64.95999908447266,64.20999908447266,64.37999725341797,524403
2026-03-20,64.80000305175781,64.93000030517578,64.0,64.19999694824219,519926
2026-03-23,64.37999725341797,64.48999786376953,63.75,64.02999877929688,1060385
2026-03-24,63.9900016784668,64.27999877929688,63.83000183105469,64.05999755859375,534703
2026-03-25,64.05999755859375,64.27999877929688,64.0,64.08000183105469,582243
2026-03-27,64.27999877929688,64.44000244140625,63.70000076293945,63.880001068115234,798098
2026-03-30,63.880001068115234,64.19000244140625,63.41999816894531,63.54999923706055,711841
2026-04-01,63.54999923706055,64.4800033569336,62.900001525878906,64.41999816894531,601052
2026-04-02,65.4000015258789,65.4000015258789,63.459999084472656,63.720001220703125,609716
2026-04-06,64.02999877929688,64.02999877929688,63.150001525878906,63.77000045776367,1024979
2026-04-07,63.70000076293945,64.0,63.400001525878906,63.959999084472656,270069
2026-04-08,64.48999786376953,64.5,63.810001373291016,64.2300033569336,278308
2026-04-09,64.2300033569336,64.66000366210938,64.1500015258789,64.4000015258789,396409
2026-04-10,64.20999908447266,65.4000015258789,64.19999694824219,64.80999755859375,813032
2026-04-13,64.31999969482422,64.83000183105469,64.2699966430664,64.47000122070312,359101
2026-04-15,64.20999908447266,64.9000015258789,64.20999908447266,64.5999984741211,545822
2026-04-16,64.5999984741211,64.9000015258789,64.19999694824219,64.44999694824219,558162
2026-04-17,64.73999786376953,64.73999786376953,64.36000061035156,64.58999633789062,314692
2026-04-20,64.58000183105469,64.69999694824219,64.30999755859375,64.56999969482422,365450
2026-04-21,64.73999786376953,64.83999633789062,64.4800033569336,64.7699966430664,287325
2026-04-22,64.62999725341797,64.94000244140625,64.61000061035156,64.72000122070312,130664
2026-04-23,64.70999908447266,64.79000091552734,64.47000122070312,64.55999755859375,1475284
2026-04-24,64.41999816894531,64.72000122070312,64.41999816894531,64.58000183105469,265540
2026-04-27,65.12000274658203,65.12000274658203,64.4000015258789,64.5199966430664,384116
2026-04-28,62.900001525878906,64.69000244140625,62.900001525878906,64.38999938964844,313560
2026-04-29,64.48999786376953,64.55000305175781,64.30999755859375,64.38999938964844,236387
2026-04-30,64.38999938964844,64.58999633789062,64.20999908447266,64.37999725341797,299671
2026-05-01,64.37999725341797,64.37999725341797,64.37999725341797,64.37999725341797,0
2026-05-04,64.69000244140625,64.69000244140625,64.05000305175781,64.37000274658203,300163
2026-05-05,64.31999969482422,64.55000305175781,64.05000305175781,64.30999755859375,586016
2026-05-06,64.33999633789062,64.62000274658203,64.23999786376953,64.56999969482422,539983
2026-05-07,64.56999969482422,64.77999877929688,64.30000305175781,64.55000305175781,1455492
2026-05-08,64.77999877929688,64.77999877929688,64.43000030517578,64.5199966430664,262552
2026-05-11,64.79000091552734,64.79000091552734,64.29000091552734,64.37000274658203,292101
2026-05-12,64.47000122070312,64.48999786376953,64.23999786376953,64.26000213623047,341850
2026-05-13,64.58000183105469,64.58000183105469,64.16999816894531,64.18000030517578,231911
2026-05-14,64.33000183105469,64.33000183105469,64.08000183105469,64.22000122070312,143775
2026-05-15,64.66000366210938,64.66000366210938,64.02999877929688,64.1500015258789,182221
2026-05-18,65.12999725341797,65.12999725341797,63.65999984741211,63.90999984741211,200904
2026-05-19,63.91999816894531,64.08999633789062,63.869998931884766,64.01000213623047,227338
2026-05-20,64.05000305175781,64.12000274658203,63.91999816894531,64.08000183105469,455059
2026-05-21,64.19000244140625,64.62999725341797,63.849998474121094,64.08999633789062,370326
2026-05-22,64.12999725341797,64.30000305175781,63.970001220703125,64.06999969482422,190866
2026-05-25,64.01000213623047,64.5999984741211,64.0,64.26000213623047,300210
2026-05-26,64.26000213623047,64.37000274658203,64.02999877929688,64.1500015258789,107451
2026-05-27,64.20999908447266,64.44000244140625,63.90999984741211,64.33000183105469,422920
2026-05-28,64.33000183105469,64.33000183105469,64.33000183105469,64.33000183105469,0
2026-05-29,64.20999908447266,64.63999938964844,64.19999694824219,64.3499984741211,156009
2026-06-01,64.5999984741211,64.5999984741211,64.11000061035156,64.33999633789062,295644
2026-06-02,64.3499984741211,64.41999816894531,64.23999786376953,64.37999725341797,162001
2026-06-03,64.3499984741211,64.5199966430664,64.2699966430664,64.48999786376953,327808
2026-06-04,64.51000213623047,64.94999694824219,64.30999755859375,64.5199966430664,1228820
2026-06-05,64.55000305175781,64.9800033569336,64.44000244140625,64.93000030517578,410418
2026-06-08,65.91000366210938,65.91000366210938,64.83000183105469,65.16000366210938,341086
2026-06-09,65.48999786376953,65.54000091552734,65.16999816894531,65.30999755859375,201220
2026-06-10,65.48999786376953,65.5,65.08000183105469,65.19999694824219,188059
2026-06-11,65.16000366210938,65.23999786376953,64.75,65.1500015258789,1003346
2026-06-12,65.37000274658203,65.54000091552734,65.05999755859375,65.38999938964844,218159
2026-06-15,65.30999755859375,65.79000091552734,65.30999755859375,65.44999694824219,648480
2026-06-16,65.7699966430664,65.77999877929688,65.31999969482422,65.47000122070312,382706
2026-06-17,65.36000061035156,65.77999877929688,65.36000061035156,65.45999908447266,209619
2026-06-18,65.69000244140625,65.7699966430664,65.44999694824219,65.5999984741211,516606
2026-06-19,65.58999633789062,65.75,65.25,65.55000305175781,224920
2026-06-22,65.54000091552734,65.58999633789062,65.25,65.51000213623047,165954
2026-06-23,66.16000366210938,66.16000366210938,65.5199966430664,65.58000183105469,459826
2026-06-24,65.80999755859375,65.80999755859375,65.54000091552734,65.66999816894531,75916
2026-06-25,65.88999938964844,66.30000305175781,65.72000122070312,65.94999694824219,2088311
2026-06-26,65.94999694824219,65.94999694824219,65.94999694824219,65.94999694824219,0
2026-06-29,65.98999786376953,66.23999786376953,65.58000183105469,65.83999633789062,631781
2026-06-30,66.29000091552734,66.29000091552734,65.61000061035156,65.91999816894531,233805
2026-07-01,65.45999908447266,66.13999938964844,65.44999694824219,65.86000061035156,425678
2026-07-02,66.83999633789062,67.83999633789062,65.66000366210938,65.91000366210938,310322
2026-07-03,66.08999633789062,66.19999694824219,65.81999969482422,66.04000091552734,386878
2026-07-06,67.0199966430664,67.0199966430664,65.62000274658203,65.91000366210938,315390
2026-07-07,66.27999877929688,66.27999877929688,65.76000213623047,66.04000091552734,189886
2026-07-08,66.94999694824219,66.94999694824219,65.51000213623047,65.7699966430664,194754
2026-07-09,65.66000366210938,66.13999938964844,65.43000030517578,65.79000091552734,3332422
2026-07-10,65.80000305175781,66.04000091552734,65.80000305175781,65.9000015258789,465207
2026-07-13,65.76000213623047,66.13999938964844,65.75,65.9000015258789,376060
2026-07-14,65.9000015258789,65.9000015258789,65.68000030517578,65.80000305175781,345544
2026-07-15,67.44000244140625,67.44000244140625,65.7699966430664,66.0199966430664,217376
2026-07-16,66.13999938964844,66.1500015258789,65.76000213623047,65.91000366210938,400126
2026-07-17,66.13999938964844,66.13999938964844,65.83000183105469,65.9000015258789,87007
2026-07-20,65.58000183105469,66.04000091552734,65.58000183105469,65.86000061035156,143619
2026-07-21,66.18000030517578,66.18000030517578,65.9000015258789,66.01000213623047,66818
2026-07-22,66.19000244140625,66.19000244140625,65.75,65.91999816894531,250475
2026-07-23,66.01000213623047,66.01000213623047,65.76000213623047,65.80000305175781,104995
2026-07-24,65.80000305175781,66.16000366210938,65.76000213623047,65.87999725341797,59103
2026-07-27,64.55999755859375,66.27999877929688,64.55999755859375,66.02999877929688,87250
2026-07-28,65.36000061035156,66.72000122070312,65.36000061035156,66.05999755859375,161804
2026-07-29,66.38999938964844,66.69000244140625,66.01000213623047,66.05000305175781,80969
2026-07-30,67.02999877929688,67.02999877929688,65.87000274658203,65.98999786376953,63713
2026-07-31,66.0,66.18000030517578,65.94000244140625,66.16999816894531,210701
2026-08-03,67.1500015258789,67.1500015258789,65.88999938964844,66.18000030517578,204377
2026-08-04,66.19999694824219,66.3499984741211,66.01000213623047,66.12999725341797,241382
2026-08-05,66.13999938964844,66.5,66.05000305175781,66.33000183105469,323671
2026-08-06,66.66999816894531,66.66999816894531,66.3499984741211,66.5,306741
2026-08-07,66.5,67.38999938964844,66.37000274658203,66.48999786376953,189051
2026-08-10,66.54000091552734,66.55000305175781,66.33000183105469,66.44000244140625,356927
2026-08-11,66.55000305175781,66.55000305175781,66.22000122070312,66.37000274658203,182190
2026-08-12,66.16000366210938,66.45999908447266,66.1500015258789,66.3499984741211,154036
2026-08-13,66.52999877929688,66.52999877929688,66.30000305175781,66.41000366210938,157200
2026-08-14,67.37000274658203,67.37000274658203,66.37000274658203,66.52999877929688,175108
2026-08-17,67.51000213623047,67.51000213623047,65.19999694824219,66.26000213623047,239395
2026-08-18,66.25,66.37000274658203,66.11000061035156,66.2300033569336,91103
2026-08-19,66.2300033569336,66.29000091552734,66.19999694824219,66.2300033569336,69863
2026-08-20,66.33999633789062,66.33999633789062,65.9000015258789,66.06999969482422,401640
2026-08-21,66.1500015258789,66.23999786376953,66.05000305175781,66.16000366210938,161209
2026-08-24,65.22000122070312,66.51000213623047,64.83999633789062,66.16000366210938,183280
2026-08-25,66.01000213623047,66.33000183105469,66.01000213623047,66.25,150539
2026-08-26,66.26000213623047,66.47000122070312,66.19000244140625,66.3499984741211,91331
2026-08-27,66.55999755859375,66.55999755859375,66.16000366210938,66.20999908447266,243005
2026-08-28,66.48999786376953,66.48999786376953,66.01000213623047,66.22000122070312,234740
2026-08-31,66.29000091552734,66.30000305175781,65.91000366210938,66.05000305175781,100683
2026-09-01,66.29000091552734,66.29000091552734,65.91999816894531,66.04000091552734,291766
2026-09-02,66.0999984741211,66.0999984741211,65.77999877929688,66.08999633789062,198008
2026-09-03,66.23999786376953,66.33000183105469,66.0999984741211,66.2300033569336,161269
2026-09-04,66.54000091552734,66.55000305175781,66.20999908447266,66.33000183105469,183586
2026-09-07,66.33000183105469,67.30999755859375,66.06999969482422,66.30999755859375,207982
2026-09-08,67.66000366210938,68.30000305175781,66.1500015258789,66.33000183105469,124132
2026-09-09,66.33000183105469,66.4800033569336,66.26000213623047,66.36000061035156,181566
2026-09-10,66.54000091552734,66.54000091552734,66.26000213623047,66.27999877929688,105046
2026-09-11,66.30000305175781,66.30000305175781,66.05000305175781,66.16000366210938,139072
2026-09-14,66.16000366210938,66.16000366210938,66.16000366210938,66.16000366210938,0
2026-09-15,64.83999633789062,66.66000366210938,64.83999633789062,65.72000122070312,285839
2026-09-16,66.69999694824219,66.69999694824219,65.58000183105469,65.73999786376953,141028
2026-09-17,66.0,66.0,65.62000274658203,65.80999755859375,114991
2026-09-18,65.94999694824219,65.95999908447266,65.75,65.80000305175781,117989
2026-09-21,64.4800033569336,69.0,64.4800033569336,65.83999633789062,231749
2026-09-22,65.94999694824219,66.0199966430664,65.77999877929688,65.91999816894531,145399
2026-09-23,65.9000015258789,66.30999755859375,65.9000015258789,66.05000305175781,107350
2026-09-24,66.05000305175781,66.05000305175781,65.6500015258789,65.83999633789062,383916
2026-09-25,65.95999908447266,66.05999755859375,65.6500015258789,65.97000122070312,281752
2026-09-28,67.29000091552734,67.29000091552734,65.55999755859375,65.69999694824219,315900
2026-09-29,67.33999633789062,67.33999633789062,65.48999786376953,65.79000091552734,162764
2026-09-30,67.11000061035156,67.11000061035156,64.62000274658203,65.79000091552734,167837
2026-10-01,65.61000061035156,65.97000122070312,65.61000061035156,65.7300033569336,347018
2026-10-02,65.7300033569336,65.7300033569336,65.7300033569336,65.7300033569336,0
