Date,Open,High,Low,Close,Volume
2019-10-03,33.06050109863281,33.480499267578125,33.06050109863281,33.354000091552734,4240900
2019-10-04,33.39799880981445,33.68000030517578,33.30099868774414,33.640499114990234,1547100
2019-10-07,33.6349983215332,33.775001525878906,33.50600051879883,33.60350036621094,1703200
2019-10-09,33.849998474121094,33.93899917602539,33.566001892089844,33.72249984741211,2143900
2019-10-10,33.88999938964844,33.94300079345703,33.779998779296875,33.827999114990234,989900
2019-10-11,33.56100082397461,33.766998291015625,33.415000915527344,33.6614990234375,1954000
2019-10-14,33.49800109863281,33.81999969482422,33.32149887084961,33.746498107910156,2669500
2019-10-15,33.89849853515625,33.96900177001953,33.71099853515625,33.92499923706055,939300
2019-10-16,34.150001525878906,34.150001525878906,33.670501708984375,33.734500885009766,899400
2019-10-17,33.95000076293945,33.95000076293945,33.70100021362305,33.787498474121094,959400
2019-10-18,33.939998626708984,33.939998626708984,33.75,33.76300048828125,821600
2019-10-22,33.882999420166016,33.882999420166016,33.57149887084961,33.665000915527344,1294700
2019-10-23,33.75,33.887001037597656,33.70500183105469,33.792999267578125,6504000
2019-10-24,33.8484992980957,33.89799880981445,33.6614990234375,33.701499938964844,1964800
2019-10-25,33.86199951171875,34.310001373291016,33.7495002746582,34.28150177001953,7035400
2019-10-27,34.349998474121094,34.79999923706055,34.0,34.13399887084961,1558100
2019-10-29,34.13999938964844,34.13999938964844,33.59049987792969,33.71049880981445,4651800
2019-10-30,33.79999923706055,33.79999923706055,33.560001373291016,33.65999984741211,1434300
2019-10-31,33.70199966430664,34.150001525878906,32.5,34.06549835205078,1470500
2019-11-01,34.0,34.290000915527344,34.0,34.18000030517578,1489900
2019-11-04,34.16999816894531,34.27000045776367,34.0260009765625,34.1870002746582,1405300
2019-11-05,34.16999816894531,34.21950149536133,34.08100128173828,34.09149932861328,1541400
2019-11-06,34.04349899291992,34.04349899291992,33.73249816894531,33.86199951171875,1497700
2019-11-07,33.95000076293945,35.54999923706055,33.75149917602539,33.7869987487793,1123500
2019-11-08,33.50550079345703,33.7140007019043,33.47549819946289,33.50450134277344,2103100
2019-11-11,32.84400177001953,33.64899826049805,32.84349822998047,33.553001403808594,1100600
2019-11-13,33.95000076293945,33.95000076293945,33.50550079345703,33.82550048828125,1411700
2019-11-14,33.89799880981445,33.900001525878906,33.715999603271484,33.84149932861328,1036600
2019-11-15,33.60049819946289,33.8390007019043,33.5,33.53850173950195,1231600
2019-11-18,33.52949905395508,33.59749984741211,33.400001525878906,33.43000030517578,1190400
2019-11-19,33.61000061035156,33.949501037597656,33.609500885009766,33.708499908447266,1139600
2019-11-20,33.89500045776367,33.89849853515625,33.70000076293945,33.85300064086914,1424800
2019-11-21,33.95000076293945,33.95000076293945,33.67150115966797,33.702999114990234,1666600
2019-11-22,33.599998474121094,33.74800109863281,33.5260009765625,33.707000732421875,703500
2019-11-25,33.60049819946289,33.602500915527344,33.349998474121094,33.38850021362305,1275900
2019-11-26,33.34700012207031,33.359500885009766,33.255001068115234,33.32149887084961,950000
2019-11-27,33.49449920654297,33.49449920654297,33.19150161743164,33.2869987487793,826000
2019-11-28,33.29750061035156,33.369998931884766,33.21549987792969,33.33649826049805,835300
2019-11-29,33.369998931884766,33.489498138427734,33.35200119018555,33.41350173950195,963200
2019-12-02,33.519500732421875,33.519500732421875,33.38100051879883,33.40850067138672,819600
2019-12-03,33.49599838256836,33.54249954223633,33.454498291015625,33.484500885009766,564200
2019-12-04,33.75,34.14899826049805,33.47999954223633,33.756500244140625,2137100
2019-12-05,33.71149826049805,33.875,33.62300109863281,33.66550064086914,1031800
2019-12-06,33.65999984741211,33.69900131225586,33.57149887084961,33.62200164794922,644200
2019-12-09,33.535499572753906,33.535499572753906,33.201499938964844,33.23550033569336,1110700
2019-12-10,33.229000091552734,33.23899841308594,33.1510009765625,33.20650100708008,784200
2019-12-11,33.402000427246094,33.402000427246094,33.16999816894531,33.27199935913086,664500
2019-12-12,33.313499450683594,33.41350173950195,33.25,33.287498474121094,616000
2019-12-13,33.1875,33.29949951171875,33.119998931884766,33.22050094604492,551200
2019-12-16,33.479000091552734,33.489498138427734,33.27199935913086,33.44300079345703,792800
2019-12-17,33.44300079345703,33.54800033569336,33.330501556396484,33.50299835205078,698200
2019-12-18,33.70100021362305,33.70100021362305,33.51100158691406,33.59600067138672,438600
2019-12-19,0.3019999861717224,0.3630000054836273,0.3009999990463257,0.33550000190734863,166442200
2019-12-20,0.33799999952316284,0.33899998664855957,0.33550000190734863,0.33649998903274536,48357200
2019-12-23,33.70000076293945,33.70000076293945,33.54999923706055,33.650001525878906,909544
2019-12-24,33.75,33.849998474121094,33.650001525878906,33.75,730093
2019-12-26,34.04999923706055,34.349998474121094,33.79999923706055,34.0,2032537
2019-12-27,34.099998474121094,34.349998474121094,34.04999923706055,34.150001525878906,1074987
2019-12-30,34.349998474121094,34.400001525878906,34.099998474121094,34.29999923706055,893791
2019-12-31,34.400001525878906,34.5,34.29999923706055,34.45000076293945,909421
2020-01-01,34.79999923706055,34.79999923706055,34.25,34.349998474121094,847673
2020-01-02,34.45000076293945,34.5,34.349998474121094,34.349998474121094,710354
2020-01-03,34.54999923706055,35.79999923706055,34.54999923706055,35.400001525878906,2322978
2020-01-06,35.400001525878906,36.75,35.400001525878906,36.150001525878906,8276750
2020-01-07,35.900001525878906,35.900001525878906,35.349998474121094,35.5,2634222
2020-01-08,36.150001525878906,36.900001525878906,35.95000076293945,36.099998474121094,5032103
2020-01-09,35.95000076293945,35.95000076293945,34.849998474121094,35.04999923706055,2183753
2020-01-10,35.099998474121094,35.25,34.75,34.95000076293945,1219529
2020-01-13,35.20000076293945,35.25,34.75,34.75,3557668
2020-01-14,34.150001525878906,34.849998474121094,34.0,34.75,1336531
2020-01-15,35.0,35.099998474121094,34.900001525878906,35.04999923706055,1080717
2020-01-16,35.79999923706055,35.79999923706055,34.900001525878906,35.0,1260631
2020-01-17,35.0,35.650001525878906,34.900001525878906,34.95000076293945,820973
2020-01-20,35.0,35.290000915527344,35.0,35.22999954223633,925057
2020-01-21,35.5,35.54999923706055,35.060001373291016,35.130001068115234,1407302
2020-01-22,35.29999923706055,35.310001373291016,34.95000076293945,35.290000915527344,1583074
2020-01-23,35.34000015258789,35.43000030517578,35.060001373291016,35.209999084472656,968621
2020-01-24,35.29999923706055,35.5,35.29999923706055,35.400001525878906,1927549
2020-01-27,35.70000076293945,35.88999938964844,35.599998474121094,35.849998474121094,1306403
2020-01-28,35.83000183105469,35.93000030517578,35.65999984741211,35.720001220703125,744755
2020-01-29,36.0,36.0,35.0,35.61000061035156,598669
2020-01-30,35.849998474121094,36.040000915527344,35.77000045776367,35.93000030517578,1246645
2020-01-31,36.0,36.0,35.79999923706055,35.869998931884766,1330339
2020-02-03,36.79999923706055,36.79999923706055,35.880001068115234,35.90999984741211,2151872
2020-02-04,35.79999923706055,35.84000015258789,35.52000045776367,35.58000183105469,1300422
2020-02-05,36.0,36.0,35.18000030517578,35.310001373291016,1744465
2020-02-06,35.5,35.68000030517578,35.33000183105469,35.58000183105469,673255
2020-02-07,35.91999816894531,35.91999816894531,35.56999969482422,35.70000076293945,855832
2020-02-10,35.84000015258789,37.400001525878906,35.75,35.95000076293945,997613
2020-02-11,35.790000915527344,35.869998931884766,35.70000076293945,35.81999969482422,538313
2020-02-12,35.84000015258789,35.849998474121094,35.720001220703125,35.7599983215332,754076
2020-02-13,35.95000076293945,36.02000045776367,35.81999969482422,35.95000076293945,777100
2020-02-14,35.25,35.970001220703125,35.25,35.849998474121094,607034
2020-02-17,36.25,37.29999923706055,35.869998931884766,35.93000030517578,1117666
2020-02-18,36.13999938964844,36.18000030517578,36.04999923706055,36.13999938964844,864267
2020-02-19,36.900001525878906,36.900001525878906,36.20000076293945,36.709999084472656,1416101
2020-02-20,36.75,37.0,36.650001525878906,36.81999969482422,1950317
2020-02-24,37.810001373291016,39.0,37.79999923706055,38.58000183105469,11623173
2020-02-25,38.599998474121094,38.599998474121094,37.220001220703125,37.439998626708984,3518558
2020-02-26,37.4900016784668,37.650001525878906,37.20000076293945,37.52000045776367,2451716
2020-02-27,37.400001525878906,37.9900016784668,37.209999084472656,37.380001068115234,1974132
2020-02-28,37.810001373291016,37.88999938964844,37.119998931884766,37.369998931884766,4492262
2020-03-02,36.939998626708984,37.11000061035156,36.310001373291016,37.029998779296875,5738746
2020-03-03,37.45000076293945,37.45000076293945,36.849998474121094,37.119998931884766,1974229
2020-03-04,38.0,38.599998474121094,37.90999984741211,38.099998474121094,5213172
2020-03-05,38.099998474121094,38.290000915527344,37.93000030517578,38.040000915527344,2939616
2020-03-06,38.75,39.2400016784668,38.41999816894531,39.04999923706055,5247298
2020-03-09,41.79999923706055,43.70000076293945,38.369998931884766,38.459999084472656,7071815
2020-03-11,38.0099983215332,38.79999923706055,38.0099983215332,38.18000030517578,3035045
2020-03-12,38.09000015258789,38.09000015258789,37.560001373291016,37.959999084472656,6534641
2020-03-13,37.29999923706055,37.29999923706055,34.5,36.619998931884766,5230638
2020-03-16,37.349998474121094,37.349998474121094,35.54999923706055,35.66999816894531,5151567
2020-03-17,35.189998626708984,35.189998626708984,34.63999938964844,34.83000183105469,5183689
2020-03-18,36.04999923706055,36.380001068115234,35.130001068115234,35.439998626708984,5425946
2020-03-19,35.400001525878906,35.70000076293945,34.459999084472656,35.209999084472656,9473342
2020-03-20,35.209999084472656,36.349998474121094,35.11000061035156,36.11000061035156,4056061
2020-03-23,36.209999084472656,40.900001525878906,34.79999923706055,35.02000045776367,6150889
2020-03-24,36.02000045776367,37.20000076293945,35.95000076293945,36.38999938964844,2820437
2020-03-25,36.939998626708984,37.63999938964844,36.11000061035156,36.9900016784668,2961433
2020-03-26,36.900001525878906,37.38999938964844,36.31999969482422,36.720001220703125,1561408
2020-03-27,36.310001373291016,38.29999923706055,36.11000061035156,38.16999816894531,2869165
2020-03-30,38.400001525878906,40.0,38.0,39.7400016784668,5715512
2020-03-31,39.7400016784668,40.5,38.0,38.209999084472656,6297696
2020-04-01,38.209999084472656,38.4900016784668,37.31999969482422,38.2400016784668,4212139
2020-04-03,38.349998474121094,39.400001525878906,38.349998474121094,38.790000915527344,3007540
2020-04-07,39.61000061035156,40.13999938964844,39.5099983215332,39.66999816894531,5852867
2020-04-08,39.66999816894531,39.900001525878906,39.209999084472656,39.790000915527344,2555063
2020-04-09,39.88999938964844,41.150001525878906,39.65999984741211,40.790000915527344,4632820
2020-04-13,41.2400016784668,43.09000015258789,40.90999984741211,42.4900016784668,14075705
2020-04-15,44.0,44.45000076293945,41.79999923706055,42.66999816894531,14911018
2020-04-16,42.81999969482422,43.43000030517578,42.099998474121094,43.2599983215332,6369582
2020-04-17,43.119998931884766,43.2400016784668,42.209999084472656,42.470001220703125,7653079
2020-04-20,45.04999923706055,45.04999923706055,41.25,41.54999923706055,8873604
2020-04-21,41.810001373291016,42.689998626708984,41.61000061035156,42.04999923706055,10579322
2020-04-22,41.79999923706055,42.9900016784668,41.63999938964844,42.61000061035156,12788706
2020-04-23,42.790000915527344,43.099998474121094,42.310001373291016,42.61000061035156,8551819
2020-04-24,42.70000076293945,42.790000915527344,42.11000061035156,42.689998626708984,10678444
2020-04-27,43.09000015258789,43.09000015258789,42.25,42.560001373291016,9709362
2020-04-28,42.45000076293945,42.75,42.02000045776367,42.68000030517578,8072517
2020-04-29,42.650001525878906,42.779998779296875,42.20000076293945,42.369998931884766,9462485
2020-04-30,42.5,42.7599983215332,42.15999984741211,42.56999969482422,8171964
2020-05-04,42.56999969482422,43.939998626708984,42.209999084472656,42.72999954223633,11703023
2020-05-05,42.70000076293945,42.70000076293945,41.38999938964844,41.540000915527344,18040087
2020-05-06,41.75,42.15999984741211,41.25,41.36000061035156,8367423
2020-05-07,41.88999938964844,41.93000030517578,40.939998626708984,41.060001373291016,5742999
2020-05-08,41.84000015258789,41.880001068115234,41.15999984741211,41.5099983215332,7390061
2020-05-11,41.58000183105469,41.9900016784668,39.599998474121094,41.16999816894531,3811118
2020-05-12,41.439998626708984,41.45000076293945,41.150001525878906,41.2400016784668,5082199
2020-05-13,41.189998626708984,41.27000045776367,40.810001373291016,40.970001220703125,5547979
2020-05-14,41.15999984741211,41.77000045776367,41.15999984741211,41.4900016784668,4380966
2020-05-15,41.81999969482422,42.189998626708984,41.709999084472656,41.79999923706055,8820023
2020-05-18,42.900001525878906,42.95000076293945,42.209999084472656,42.540000915527344,9740587
2020-05-19,42.150001525878906,42.45000076293945,41.25,41.369998931884766,12342885
2020-05-20,42.0,42.119998931884766,41.61000061035156,41.880001068115234,5203224
2020-05-21,41.810001373291016,41.88999938964844,41.310001373291016,41.43000030517578,4088417
2020-05-22,41.47999954223633,41.86000061035156,41.15999984741211,41.650001525878906,5020238
2020-05-26,41.790000915527344,41.970001220703125,41.150001525878906,41.20000076293945,4392509
2020-05-27,42.0,42.0,40.54999923706055,40.650001525878906,4750842
2020-05-28,41.5,41.5,40.5,41.189998626708984,3871821
2020-05-29,41.20000076293945,41.20000076293945,40.779998779296875,40.9900016784668,3922287
2020-06-01,41.369998931884766,41.4900016784668,40.810001373291016,41.209999084472656,3418850
2020-06-02,41.15999984741211,41.54999923706055,41.0099983215332,41.18000030517578,2170976
2020-06-03,40.9900016784668,41.13999938964844,40.650001525878906,40.880001068115234,4911477
2020-06-04,40.720001220703125,40.84000015258789,40.5099983215332,40.810001373291016,3356069
2020-06-05,41.189998626708984,41.22999954223633,40.709999084472656,41.189998626708984,6175913
2020-06-08,40.88999938964844,40.88999938964844,40.5,40.650001525878906,4777835
2020-06-09,40.9900016784668,41.08000183105469,40.5099983215332,41.0,3136127
2020-06-10,41.5,41.5,41.060001373291016,41.209999084472656,2834185
2020-06-11,41.2400016784668,41.84000015258789,41.2400016784668,41.72999954223633,3837691
2020-06-12,41.9900016784668,41.9900016784668,41.5099983215332,41.79999923706055,4973091
2020-06-15,41.52000045776367,41.9900016784668,41.36000061035156,41.40999984741211,4984858
2020-06-16,41.81999969482422,42.0,41.470001220703125,41.849998474121094,4033697
2020-06-17,41.5099983215332,42.0,41.5099983215332,41.650001525878906,2610533
2020-06-18,41.650001525878906,41.9900016784668,41.560001373291016,41.84000015258789,1965875
2020-06-19,41.9900016784668,42.45000076293945,41.70000076293945,41.7400016784668,2827909
2020-06-22,42.779998779296875,42.779998779296875,42.04999923706055,42.290000915527344,2700068
2020-06-23,43.06999969482422,43.06999969482422,42.0099983215332,42.220001220703125,3277348
2020-06-24,42.220001220703125,42.779998779296875,42.220001220703125,42.70000076293945,3645433
2020-06-25,42.63999938964844,42.689998626708984,42.11000061035156,42.310001373291016,4227768
2020-06-26,42.4900016784668,42.68000030517578,42.18000030517578,42.33000183105469,3155433
2020-06-29,42.33000183105469,42.84000015258789,42.33000183105469,42.4900016784668,4710173
2020-06-30,42.4900016784668,42.88999938964844,42.41999816894531,42.61000061035156,4643078
2020-07-01,43.25,43.439998626708984,42.810001373291016,43.0,5122878
2020-07-02,42.75,42.75,42.08000183105469,42.2400016784668,9372143
2020-07-03,42.290000915527344,42.4900016784668,42.150001525878906,42.20000076293945,5033262
2020-07-06,42.22999954223633,42.400001525878906,42.0,42.27000045776367,4200837
2020-07-07,42.439998626708984,42.70000076293945,42.369998931884766,42.41999816894531,4575743
2020-07-08,42.70000076293945,43.08000183105469,42.70000076293945,43.0099983215332,3921852
2020-07-09,43.0099983215332,43.470001220703125,43.0099983215332,43.33000183105469,8012371
2020-07-10,43.349998474121094,43.349998474121094,42.93000030517578,43.20000076293945,5042313
2020-07-13,43.13999938964844,43.45000076293945,43.04999923706055,43.2599983215332,6116073
2020-07-14,43.29999923706055,43.369998931884766,42.97999954223633,43.119998931884766,4056093
2020-07-15,43.189998626708984,43.400001525878906,43.189998626708984,43.220001220703125,4185282
2020-07-16,43.220001220703125,43.380001068115234,43.08000183105469,43.119998931884766,2666756
2020-07-17,43.099998474121094,43.099998474121094,42.849998474121094,42.880001068115234,2576273
2020-07-20,43.11000061035156,43.2400016784668,42.86000061035156,43.06999969482422,3563045
2020-07-21,43.13999938964844,43.45000076293945,43.099998474121094,43.2599983215332,4043974
2020-07-22,43.810001373291016,44.060001373291016,43.7400016784668,43.880001068115234,6064181
2020-07-23,44.099998474121094,44.56999969482422,43.900001525878906,44.5,7020665
2020-07-24,44.65999984741211,44.97999954223633,44.61000061035156,44.91999816894531,5814893
2020-07-27,45.25,46.7400016784668,45.25,46.45000076293945,12586380
2020-07-28,47.0099983215332,47.0099983215332,45.650001525878906,46.0099983215332,13068766
2020-07-29,46.0,46.91999816894531,46.0,46.52000045776367,10039533
2020-07-30,46.7400016784668,46.970001220703125,46.40999984741211,46.54999923706055,9145840
2020-07-31,47.0,47.25,46.7599983215332,47.13999938964844,10546068
2020-08-03,47.13999938964844,47.400001525878906,47.13999938964844,47.290000915527344,9004685
2020-08-04,47.349998474121094,47.5,47.20000076293945,47.2599983215332,7100222
2020-08-05,49.0,49.0,47.86000061035156,48.5099983215332,13044772
2020-08-06,48.459999084472656,48.95000076293945,48.459999084472656,48.900001525878906,13141425
2020-08-07,49.209999084472656,49.599998474121094,48.959999084472656,49.16999816894531,13869052
2020-08-10,48.70000076293945,48.70000076293945,48.29999923706055,48.400001525878906,8048968
2020-08-11,48.2400016784668,48.29999923706055,47.20000076293945,47.29999923706055,10757180
2020-08-12,47.04999923706055,47.04999923706055,43.15999984741211,45.68000030517578,24729976
2020-08-13,46.09000015258789,46.290000915527344,45.68000030517578,45.9900016784668,5994190
2020-08-14,46.38999938964844,46.54999923706055,46.029998779296875,46.31999969482422,9799980
2020-08-17,46.31999969482422,46.45000076293945,45.959999084472656,46.150001525878906,5561159
2020-08-18,46.689998626708984,47.38999938964844,46.689998626708984,47.310001373291016,5533905
2020-08-19,48.0,48.0,46.54999923706055,46.880001068115234,8588663
2020-08-20,46.189998626708984,46.220001220703125,45.59000015258789,45.68000030517578,9339545
2020-08-21,46.04999923706055,46.439998626708984,45.560001373291016,45.720001220703125,4681163
2020-08-24,46.45000076293945,46.45000076293945,45.40999984741211,45.5,6267983
2020-08-25,46.20000076293945,46.20000076293945,44.900001525878906,44.93000030517578,5565496
2020-08-26,45.25,45.25,44.65999984741211,44.79999923706055,4307525
2020-08-27,51.5,51.5,44.939998626708984,45.04999923706055,4856293
2020-08-28,45.45000076293945,45.45000076293945,44.599998474121094,45.099998474121094,5272331
2020-08-31,45.95000076293945,45.95000076293945,45.11000061035156,45.34000015258789,6393016
2020-09-01,45.70000076293945,45.97999954223633,45.31999969482422,45.459999084472656,3643259
2020-09-02,45.209999084472656,45.45000076293945,44.77000045776367,45.0,8118495
2020-09-03,44.95000076293945,48.13999938964844,44.279998779296875,44.439998626708984,6577335
2020-09-04,38.70000076293945,45.45000076293945,38.70000076293945,44.720001220703125,5851028
2020-09-07,45.25,45.25,44.52000045776367,44.75,3982936
2020-09-08,44.95000076293945,45.0,44.599998474121094,44.81999969482422,3822328
2020-09-09,45.45000076293945,45.45000076293945,44.880001068115234,44.939998626708984,5055324
2020-09-10,45.650001525878906,45.650001525878906,45.060001373291016,45.220001220703125,4369712
2020-09-11,45.45000076293945,45.45000076293945,44.83000183105469,45.16999816894531,3962996
2020-09-14,45.45000076293945,45.45000076293945,44.91999816894531,45.029998779296875,4020075
2020-09-15,45.95000076293945,45.95000076293945,45.310001373291016,45.560001373291016,2858344
2020-09-16,45.88999938964844,45.88999938964844,45.349998474121094,45.380001068115234,3333331
2020-09-17,39.5,45.29999923706055,39.5,44.97999954223633,2308252
2020-09-18,45.439998626708984,45.439998626708984,45.04999923706055,45.31999969482422,3443941
2020-09-21,45.47999954223633,45.599998474121094,44.95000076293945,45.0,4295068
2020-09-22,44.849998474121094,44.95000076293945,39.20000076293945,44.2599983215332,7158365
2020-09-23,44.95000076293945,44.95000076293945,43.68000030517578,43.97999954223633,6836271
2020-09-24,43.880001068115234,43.88999938964844,43.0,43.36000061035156,5425456
2020-09-25,43.88999938964844,43.9900016784668,43.5,43.619998931884766,5203699
2020-09-28,43.88999938964844,43.88999938964844,43.2599983215332,43.310001373291016,3906194
2020-09-29,43.9900016784668,44.20000076293945,43.79999923706055,44.150001525878906,3979664
2020-09-30,44.810001373291016,44.810001373291016,44.099998474121094,44.18000030517578,5802994
2020-10-01,44.810001373291016,44.810001373291016,44.0,44.099998474121094,4381951
2020-10-05,44.650001525878906,44.650001525878906,43.689998626708984,44.18000030517578,4960687
2020-10-06,39.0,44.650001525878906,39.0,44.61000061035156,2970842
2020-10-07,44.130001068115234,44.34000015258789,43.810001373291016,43.95000076293945,4934680
2020-10-08,38.20000076293945,44.150001525878906,38.20000076293945,44.0,1594669
2020-10-09,44.95000076293945,44.95000076293945,44.220001220703125,44.400001525878906,1980716
2020-10-12,49.25,49.25,44.5,44.790000915527344,3312196
2020-10-13,39.0,49.0,39.0,44.720001220703125,3094599
2020-10-14,44.400001525878906,44.400001525878906,44.0099983215332,44.150001525878906,2952255
2020-10-15,44.38999938964844,44.43000030517578,44.06999969482422,44.29999923706055,3026256
2020-10-16,45.0,46.099998474121094,44.36000061035156,44.4900016784668,2096785
2020-10-19,44.470001220703125,44.54999923706055,44.2599983215332,44.52000045776367,2453501
2020-10-20,44.5,44.5,44.220001220703125,44.439998626708984,2818985
2020-10-21,45.0,45.0,44.560001373291016,44.790000915527344,2445966
2020-10-22,44.86000061035156,44.869998931884766,44.61000061035156,44.790000915527344,1835410
2020-10-23,44.689998626708984,44.70000076293945,44.41999816894531,44.650001525878906,2500476
2020-10-26,45.5,45.5,42.0,44.54999923706055,2261156
2020-10-27,51.20000076293945,51.20000076293945,44.459999084472656,44.52000045776367,1832090
2020-10-28,48.900001525878906,48.900001525878906,41.79999923706055,44.61000061035156,2206030
2020-10-29,44.45000076293945,44.45000076293945,40.599998474121094,44.349998474121094,4175962
2020-10-30,44.38999938964844,44.38999938964844,44.189998626708984,44.31999969482422,1912076
2020-11-02,47.97999954223633,47.97999954223633,44.369998931884766,44.619998931884766,2848516
2020-11-03,46.0,49.25,44.209999084472656,44.79999923706055,5326172
2020-11-04,49.5,49.5,44.0,44.84000015258789,4364365
2020-11-05,49.29999923706055,49.29999923706055,44.689998626708984,44.91999816894531,2819171
2020-11-06,46.0,46.0,44.880001068115234,45.61000061035156,3202288
2020-11-09,47.66999816894531,47.66999816894531,45.5099983215332,45.83000183105469,3518485
2020-11-10,44.81999969482422,44.81999969482422,43.41999816894531,43.97999954223633,11794287
2020-11-11,44.290000915527344,44.900001525878906,43.91999816894531,44.20000076293945,3524110
2020-11-12,46.70000076293945,46.70000076293945,44.0,44.2599983215332,3078130
2020-11-13,45.0,49.25,44.04999923706055,44.34000015258789,4466594
2020-11-14,48.97999954223633,48.97999954223633,44.5,44.709999084472656,2313625
2020-11-17,44.790000915527344,44.790000915527344,44.400001525878906,44.5099983215332,2602544
2020-11-18,44.38999938964844,44.38999938964844,44.11000061035156,44.18000030517578,3494778
2020-11-19,38.400001525878906,46.25,38.400001525878906,43.83000183105469,4572421
2020-11-20,45.349998474121094,46.599998474121094,43.68000030517578,43.810001373291016,5091485
2020-11-23,45.9900016784668,47.0,38.099998474121094,43.880001068115234,3165036
2020-11-24,44.0,44.0,41.599998474121094,42.779998779296875,8487572
2020-11-25,42.529998779296875,42.79999923706055,42.279998779296875,42.68000030517578,5574852
2020-11-26,42.7599983215332,43.09000015258789,42.54999923706055,42.939998626708984,2563377
2020-11-27,37.400001525878906,42.93000030517578,37.400001525878906,42.84000015258789,3683922
2020-12-01,44.27000045776367,44.27000045776367,41.95000076293945,42.290000915527344,5968664
2020-12-02,44.79999923706055,44.79999923706055,42.38999938964844,42.83000183105469,4879683
2020-12-03,43.4900016784668,43.4900016784668,42.90999984741211,43.06999969482422,3578183
2020-12-04,43.439998626708984,43.439998626708984,43.0,43.060001373291016,3567691
2020-12-07,43.08000183105469,43.13999938964844,42.63999938964844,42.7599983215332,4737949
2020-12-08,43.68000030517578,43.68000030517578,43.15999984741211,43.34000015258789,4706278
2020-12-09,43.9900016784668,45.0,43.04999923706055,43.18000030517578,3956870
2020-12-10,44.79999923706055,44.79999923706055,42.599998474121094,42.650001525878906,4359914
2020-12-11,43.79999923706055,43.79999923706055,42.66999816894531,42.709999084472656,1898856
2020-12-14,42.77000045776367,42.79999923706055,42.540000915527344,42.560001373291016,2268861
2020-12-15,42.779998779296875,42.88999938964844,42.619998931884766,42.81999969482422,3368073
2020-12-16,43.09000015258789,43.41999816894531,42.959999084472656,43.33000183105469,2952775
2020-12-17,43.459999084472656,43.709999084472656,43.209999084472656,43.66999816894531,3768893
2020-12-18,44.79999923706055,44.79999923706055,43.56999969482422,43.72999954223633,4453272
2020-12-21,44.13999938964844,44.380001068115234,43.900001525878906,44.15999984741211,9504211
2020-12-22,49.959999084472656,49.959999084472656,43.61000061035156,43.70000076293945,4000397
2020-12-23,43.68000030517578,43.709999084472656,43.470001220703125,43.58000183105469,3560474
2020-12-24,48.97999954223633,48.97999954223633,43.58000183105469,43.72999954223633,3703880
2020-12-28,48.97999954223633,48.97999954223633,43.810001373291016,43.849998474121094,4403792
2020-12-29,43.779998779296875,43.79999923706055,38.099998474121094,43.68000030517578,3912949
2020-12-30,43.779998779296875,43.79999923706055,43.529998779296875,43.58000183105469,3364504
2020-12-31,47.97999954223633,47.97999954223633,43.650001525878906,43.75,1519545
2021-01-01,47.97999954223633,47.97999954223633,43.75,43.810001373291016,2875668
2021-01-04,46.95000076293945,46.95000076293945,44.0099983215332,44.52000045776367,4911333
2021-01-05,46.849998474121094,46.849998474121094,44.619998931884766,44.970001220703125,5469238
2021-01-06,44.97999954223633,45.189998626708984,44.79999923706055,45.15999984741211,5091194
2021-01-07,46.97999954223633,46.97999954223633,44.189998626708984,44.40999984741211,9845065
2021-01-08,44.34000015258789,44.38999938964844,43.779998779296875,43.83000183105469,8779381
2021-01-11,45.400001525878906,46.79999923706055,42.36000061035156,43.029998779296875,13419826
2021-01-12,43.22999954223633,43.290000915527344,42.959999084472656,43.22999954223633,3547419
2021-01-13,46.79999923706055,46.79999923706055,43.02000045776367,43.06999969482422,3966236
2021-01-14,46.79999923706055,46.79999923706055,42.61000061035156,42.70000076293945,9185531
2021-01-15,45.29999923706055,46.79999923706055,42.79999923706055,43.029998779296875,5807562
2021-01-18,45.849998474121094,45.849998474121094,42.459999084472656,42.540000915527344,8491065
2021-01-19,44.97999954223633,44.97999954223633,42.560001373291016,42.790000915527344,2109996
2021-01-20,44.79999923706055,44.79999923706055,42.83000183105469,42.9900016784668,2558480
2021-01-21,44.79999923706055,44.79999923706055,43.119998931884766,43.220001220703125,3075733
2021-01-22,45.0,45.0,42.95000076293945,43.040000915527344,3102034
2021-01-25,44.79999923706055,44.79999923706055,40.02000045776367,42.790000915527344,2358217
2021-01-27,43.70000076293945,43.849998474121094,42.5,42.560001373291016,3112304
2021-01-28,40.099998474121094,43.400001525878906,40.099998474121094,42.540000915527344,2445781
2021-01-29,43.79999923706055,43.79999923706055,42.45000076293945,42.650001525878906,2414855
2021-02-01,43.970001220703125,43.970001220703125,41.58000183105469,42.34000015258789,10138974
2021-02-02,43.45000076293945,43.45000076293945,41.869998931884766,41.91999816894531,6815030
2021-02-03,43.20000076293945,43.20000076293945,41.310001373291016,41.689998626708984,5486293
2021-02-04,42.79999923706055,42.79999923706055,41.20000076293945,41.33000183105469,9897244
2021-02-05,42.70000076293945,42.70000076293945,40.81999969482422,41.130001068115234,8879165
2021-02-08,42.599998474121094,42.599998474121094,35.79999923706055,41.279998779296875,5109925
2021-02-09,43.0,43.0,41.689998626708984,41.849998474121094,4290402
2021-02-10,42.95000076293945,43.79999923706055,41.709999084472656,41.7599983215332,3116867
2021-02-11,42.599998474121094,42.599998474121094,41.52000045776367,41.7599983215332,2571728
2021-02-12,41.380001068115234,41.45000076293945,41.06999969482422,41.20000076293945,6723676
2021-02-15,42.4900016784668,42.4900016784668,41.099998474121094,41.189998626708984,3252294
2021-02-16,41.380001068115234,41.400001525878906,41.20000076293945,41.349998474121094,2565549
2021-02-17,40.97999954223633,40.97999954223633,40.4900016784668,40.52000045776367,9489746
2021-02-18,40.68000030517578,40.68000030517578,40.369998931884766,40.470001220703125,11697400
2021-02-19,41.97999954223633,41.97999954223633,39.9900016784668,40.099998474121094,11195987
2021-02-22,41.599998474121094,41.599998474121094,40.25,40.43000030517578,5546089
2021-02-23,41.70000076293945,42.599998474121094,40.63999938964844,40.66999816894531,4711333
2021-02-24,40.83000183105469,42.0,40.25,40.619998931884766,2262719
2021-02-25,42.400001525878906,42.400001525878906,40.20000076293945,40.33000183105469,4429573
2021-02-26,40.220001220703125,40.36000061035156,39.97999954223633,40.25,6369408
2021-03-01,41.97999954223633,41.97999954223633,39.900001525878906,39.959999084472656,5824139
2021-03-02,41.400001525878906,41.400001525878906,39.20000076293945,39.52000045776367,9700184
2021-03-03,41.29999923706055,41.29999923706055,39.25,39.33000183105469,8650414
2021-03-04,39.18000030517578,39.18000030517578,38.86000061035156,38.93000030517578,11218094
2021-03-05,40.0,40.0,38.5099983215332,38.66999816894531,10408295
2021-03-08,40.70000076293945,43.95000076293945,38.54999923706055,38.70000076293945,6578530
2021-03-09,38.63999938964844,38.90999984741211,38.52000045776367,38.849998474121094,6305333
2021-03-10,39.18000030517578,39.18000030517578,38.900001525878906,38.95000076293945,5286384
2021-03-12,39.79999923706055,39.79999923706055,38.56999969482422,38.630001068115234,8194416
2021-03-15,39.70000076293945,39.70000076293945,38.70000076293945,39.060001373291016,6071986
2021-03-16,40.400001525878906,40.400001525878906,38.970001220703125,39.029998779296875,6773209
2021-03-17,40.099998474121094,40.099998474121094,39.029998779296875,39.13999938964844,4139265
2021-03-18,39.63999938964844,39.63999938964844,39.060001373291016,39.16999816894531,10750922
2021-03-19,39.290000915527344,39.29999923706055,38.86000061035156,39.22999954223633,3818623
2021-03-22,40.099998474121094,40.099998474121094,38.29999923706055,38.849998474121094,4535248
2021-03-23,40.400001525878906,40.400001525878906,38.86000061035156,38.91999816894531,4927418
2021-03-24,39.18000030517578,39.18000030517578,38.83000183105469,38.880001068115234,7040287
2021-03-25,39.08000183105469,39.18000030517578,38.86000061035156,38.88999938964844,8077132
2021-03-26,38.779998779296875,38.90999984741211,38.61000061035156,38.790000915527344,4090542
2021-03-30,39.86000061035156,39.86000061035156,38.290000915527344,38.380001068115234,12540619
2021-03-31,38.279998779296875,38.36000061035156,38.150001525878906,38.16999816894531,7728240
2021-04-01,39.70000076293945,39.70000076293945,38.41999816894531,39.099998474121094,4438427
2021-04-05,39.95000076293945,39.95000076293945,39.119998931884766,39.33000183105469,5982785
2021-04-06,38.20000076293945,40.20000076293945,37.0,39.4900016784668,4365795
2021-04-07,39.779998779296875,40.189998626708984,39.58000183105469,40.11000061035156,5568767
2021-04-08,40.400001525878906,40.400001525878906,39.959999084472656,40.279998779296875,5302633
2021-04-09,40.95000076293945,40.95000076293945,40.34000015258789,40.45000076293945,5969025
2021-04-12,40.41999816894531,40.560001373291016,40.2599983215332,40.4900016784668,4546153
2021-04-13,40.470001220703125,40.56999969482422,40.20000076293945,40.5099983215332,4146819
2021-04-15,40.77000045776367,40.77000045776367,40.52000045776367,40.720001220703125,2911816
2021-04-16,40.9900016784668,41.16999816894531,40.599998474121094,40.83000183105469,4392749
2021-04-19,41.2400016784668,41.59000015258789,40.709999084472656,41.529998779296875,10605192
2021-04-20,41.060001373291016,41.290000915527344,40.959999084472656,41.099998474121094,8418464
2021-04-22,41.849998474121094,41.9900016784668,41.43000030517578,41.47999954223633,5336862
2021-04-23,41.66999816894531,41.66999816894531,41.310001373291016,41.52000045776367,5160353
2021-04-26,41.41999816894531,41.439998626708984,41.119998931884766,41.22999954223633,5277427
2021-04-27,41.31999969482422,41.31999969482422,41.0,41.08000183105469,2899630
2021-04-28,40.97999954223633,41.150001525878906,40.560001373291016,40.63999938964844,3618879
2021-04-29,37.279998779296875,41.79999923706055,37.279998779296875,40.720001220703125,2883958
2021-04-30,40.95000076293945,40.95000076293945,40.310001373291016,40.59000015258789,1979198
2021-05-03,41.70000076293945,41.70000076293945,40.65999984741211,40.689998626708984,2303248
2021-05-04,41.060001373291016,41.060001373291016,40.720001220703125,40.75,3525800
2021-05-05,40.84000015258789,40.84000015258789,40.4900016784668,40.529998779296875,2612915
2021-05-06,42.59000015258789,42.70000076293945,40.45000076293945,40.81999969482422,2154092
2021-05-07,41.470001220703125,41.95000076293945,41.04999923706055,41.2400016784668,3388993
2021-05-10,41.56999969482422,41.599998474121094,41.2599983215332,41.459999084472656,6355282
2021-05-11,41.63999938964844,41.63999938964844,41.34000015258789,41.400001525878906,3058704
2021-05-12,41.290000915527344,41.439998626708984,41.0099983215332,41.38999938964844,2665823
2021-05-14,41.27000045776367,41.650001525878906,41.08000183105469,41.4900016784668,9842362
2021-05-17,43.47999954223633,43.47999954223633,41.75,41.83000183105469,9634179
2021-05-18,42.470001220703125,42.470001220703125,42.0,42.09000015258789,5886821
2021-05-19,42.16999816894531,42.18000030517578,41.900001525878906,41.939998626708984,2767354
2021-05-20,42.470001220703125,42.470001220703125,42.099998474121094,42.130001068115234,2928165
2021-05-21,42.27000045776367,42.27000045776367,42.08000183105469,42.16999816894531,3604304
2021-05-24,44.279998779296875,44.279998779296875,42.119998931884766,42.20000076293945,3272190
2021-05-25,42.16999816894531,42.2400016784668,42.04999923706055,42.119998931884766,2618735
2021-05-26,42.66999816894531,42.689998626708984,42.36000061035156,42.63999938964844,4771571
2021-05-27,42.47999954223633,42.529998779296875,42.310001373291016,42.38999938964844,2753806
2021-05-28,44.880001068115234,44.880001068115234,42.099998474121094,42.220001220703125,3232907
2021-05-31,42.7599983215332,42.7599983215332,42.349998474121094,42.59000015258789,4325516
2021-06-01,42.779998779296875,42.90999984741211,42.560001373291016,42.83000183105469,4240959
2021-06-02,42.66999816894531,42.83000183105469,42.40999984741211,42.56999969482422,6237062
2021-06-03,42.91999816894531,42.91999816894531,42.470001220703125,42.5099983215332,4499242
2021-06-04,42.2400016784668,42.2400016784668,41.9900016784668,42.119998931884766,5901860
2021-06-07,42.56999969482422,42.56999969482422,42.16999816894531,42.279998779296875,5501444
2021-06-08,42.66999816894531,42.66999816894531,42.369998931884766,42.40999984741211,4163770
2021-06-09,42.63999938964844,42.63999938964844,42.369998931884766,42.5,6638366
2021-06-10,42.56999969482422,42.56999969482422,42.29999923706055,42.349998474121094,3751175
2021-06-11,42.869998931884766,42.869998931884766,42.54999923706055,42.630001068115234,4959477
2021-06-14,42.27000045776367,42.34000015258789,41.970001220703125,42.029998779296875,5586567
2021-06-15,42.16999816894531,42.16999816894531,41.900001525878906,42.04999923706055,4311508
2021-06-16,44.099998474121094,44.099998474121094,41.91999816894531,42.09000015258789,3525900
2021-06-17,44.88999938964844,44.88999938964844,41.2599983215332,41.349998474121094,7758865
2021-06-18,41.16999816894531,41.16999816894531,40.709999084472656,40.959999084472656,7724176
2021-06-21,40.869998931884766,40.97999954223633,40.58000183105469,40.95000076293945,4204092
2021-06-22,41.13999938964844,41.13999938964844,40.79999923706055,40.93000030517578,2965899
2021-06-23,41.18000030517578,41.18000030517578,40.880001068115234,41.0,2032574
2021-06-24,44.099998474121094,44.099998474121094,40.77000045776367,40.900001525878906,2193111
2021-06-25,40.91999816894531,40.9900016784668,40.720001220703125,40.95000076293945,3318404
2021-06-28,44.0,44.0,40.79999923706055,40.81999969482422,3324387
2021-06-29,40.81999969482422,40.880001068115234,40.619998931884766,40.72999954223633,2013217
2021-06-30,40.47999954223633,40.630001068115234,40.400001525878906,40.52000045776367,3863423
2021-07-01,41.16999816894531,41.16999816894531,40.75,40.90999984741211,3813939
2021-07-02,41.2400016784668,41.2400016784668,40.939998626708984,41.150001525878906,3035684
2021-07-05,41.279998779296875,41.279998779296875,41.060001373291016,41.20000076293945,2238472
2021-07-06,41.540000915527344,41.68000030517578,41.2599983215332,41.61000061035156,3076197
2021-07-07,41.599998474121094,41.790000915527344,41.459999084472656,41.720001220703125,3949972
2021-07-08,41.720001220703125,41.97999954223633,41.5099983215332,41.7400016784668,3835093
2021-07-09,41.7400016784668,41.7400016784668,41.43000030517578,41.58000183105469,2942805
2021-07-12,44.099998474121094,44.099998474121094,41.380001068115234,41.5,2574523
2021-07-13,41.779998779296875,41.779998779296875,41.5099983215332,41.52000045776367,1945630
2021-07-14,42.0,42.38999938964844,40.099998474121094,41.63999938964844,2132668
2021-07-15,41.970001220703125,42.0,41.720001220703125,41.97999954223633,3478484
2021-07-16,41.97999954223633,41.97999954223633,41.810001373291016,41.849998474121094,1832927
2021-07-19,43.599998474121094,43.599998474121094,41.540000915527344,41.619998931884766,1838895
2021-07-20,42.130001068115234,42.130001068115234,41.650001525878906,41.689998626708984,3560043
2021-07-22,44.099998474121094,44.099998474121094,39.20000076293945,41.29999923706055,3231236
2021-07-23,38.650001525878906,43.54999923706055,38.650001525878906,41.36000061035156,2373676
2021-07-26,42.0,42.0,41.2599983215332,41.400001525878906,2621876
2021-07-27,40.58000183105469,41.619998931884766,40.58000183105469,41.349998474121094,3569252
2021-07-28,42.279998779296875,42.279998779296875,40.779998779296875,41.369998931884766,1985702
2021-07-29,42.58000183105469,42.58000183105469,41.40999984741211,41.68000030517578,2648324
2021-07-30,42.380001068115234,42.380001068115234,41.279998779296875,41.91999816894531,2040165
2021-08-02,41.939998626708984,41.939998626708984,41.5099983215332,41.529998779296875,2151973
2021-08-03,42.279998779296875,42.279998779296875,41.36000061035156,41.47999954223633,2742824
2021-08-04,41.939998626708984,42.279998779296875,41.45000076293945,41.529998779296875,1349682
2021-08-05,44.400001525878906,44.400001525878906,41.400001525878906,41.560001373291016,2365330
2021-08-06,41.880001068115234,41.880001068115234,40.779998779296875,41.29999923706055,2105799
2021-08-09,41.08000183105469,42.279998779296875,39.68000030517578,40.36000061035156,7917513
2021-08-10,40.84000015258789,40.84000015258789,40.08000183105469,40.220001220703125,5540994
2021-08-11,40.869998931884766,40.869998931884766,40.15999984741211,40.2599983215332,3400031
2021-08-12,40.939998626708984,40.939998626708984,39.880001068115234,40.560001373291016,3244252
2021-08-13,40.97999954223633,41.2400016784668,40.08000183105469,40.5,3253709
2021-08-16,41.41999816894531,41.41999816894531,40.630001068115234,40.779998779296875,3404513
2021-08-17,41.68000030517578,41.68000030517578,40.380001068115234,41.18000030517578,3492704
2021-08-18,41.0,41.189998626708984,40.95000076293945,41.029998779296875,1995891
2021-08-20,41.47999954223633,41.47999954223633,40.7400016784668,40.970001220703125,2846275
2021-08-23,41.34000015258789,41.34000015258789,40.630001068115234,41.0099983215332,2345631
2021-08-24,41.58000183105469,41.58000183105469,41.0099983215332,41.18000030517578,2663194
2021-08-25,41.47999954223633,41.47999954223633,40.849998474121094,41.040000915527344,1641519
2021-08-26,44.400001525878906,44.400001525878906,40.68000030517578,40.79999923706055,1741050
2021-08-27,41.380001068115234,41.380001068115234,40.84000015258789,40.86000061035156,2143301
2021-08-30,41.779998779296875,41.779998779296875,41.0,41.0099983215332,2593436
2021-08-31,41.47999954223633,41.79999923706055,40.81999969482422,40.83000183105469,3318327
2021-09-01,44.22999954223633,44.22999954223633,40.779998779296875,40.83000183105469,3368321
2021-09-02,41.2400016784668,41.2400016784668,40.75,40.91999816894531,2147433
2021-09-03,40.65999984741211,40.97999954223633,40.65999984741211,40.91999816894531,2236960
2021-09-06,41.47999954223633,41.47999954223633,41.04999923706055,41.209999084472656,3188389
2021-09-07,41.619998931884766,41.619998931884766,40.939998626708984,41.060001373291016,1856286
2021-09-08,41.220001220703125,41.220001220703125,40.75,40.880001068115234,2457445
2021-09-09,41.220001220703125,41.220001220703125,40.529998779296875,40.790000915527344,2317747
2021-09-13,40.95000076293945,40.95000076293945,40.5,40.720001220703125,3071349
2021-09-14,41.119998931884766,41.119998931884766,40.34000015258789,40.72999954223633,2019311
2021-09-15,41.43000030517578,41.43000030517578,40.58000183105469,40.959999084472656,4593529
2021-09-16,41.220001220703125,41.220001220703125,40.459999084472656,40.52000045776367,7757035
2021-09-17,40.52000045776367,40.52000045776367,39.959999084472656,40.20000076293945,7078265
2021-09-20,40.31999969482422,40.31999969482422,39.58000183105469,40.16999816894531,6530151
2021-09-21,43.599998474121094,43.599998474121094,40.119998931884766,40.22999954223633,4222239
2021-09-22,40.63999938964844,40.66999816894531,40.40999984741211,40.599998474121094,3523204
2021-09-23,40.47999954223633,40.47999954223633,40.209999084472656,40.34000015258789,4144040
2021-09-24,40.220001220703125,40.220001220703125,39.9900016784668,40.04999923706055,6573931
2021-09-27,40.619998931884766,40.619998931884766,39.97999954223633,40.0099983215332,6448927
2021-09-28,40.119998931884766,40.119998931884766,39.900001525878906,39.939998626708984,4523276
2021-09-29,40.31999969482422,40.31999969482422,39.91999816894531,40.02000045776367,4920311
2021-09-30,40.36000061035156,40.36000061035156,39.650001525878906,39.720001220703125,6960363
2021-10-01,40.650001525878906,40.650001525878906,40.0,40.209999084472656,5920969
2021-10-04,39.880001068115234,40.720001220703125,39.880001068115234,40.2400016784668,6907829
2021-10-05,40.58000183105469,40.599998474121094,40.310001373291016,40.349998474121094,3486231
2021-10-06,40.47999954223633,40.47999954223633,40.29999923706055,40.45000076293945,3648125
2021-10-07,40.95000076293945,40.95000076293945,40.40999984741211,40.54999923706055,4512371
2021-10-08,40.81999969482422,40.81999969482422,40.5,40.540000915527344,2632366
2021-10-11,40.91999816894531,40.91999816894531,40.47999954223633,40.70000076293945,4870323
2021-10-12,40.97999954223633,40.97999954223633,40.75,40.84000015258789,3692920
2021-10-13,41.119998931884766,41.119998931884766,40.7400016784668,40.91999816894531,4781734
2021-10-14,41.060001373291016,41.54999923706055,41.060001373291016,41.52000045776367,5940090
2021-10-18,44.0,44.0,40.52000045776367,40.97999954223633,8075613
2021-10-19,41.2400016784668,41.2400016784668,41.0099983215332,41.20000076293945,3396263
2021-10-20,41.52000045776367,41.52000045776367,40.880001068115234,41.060001373291016,4359620
2021-10-21,41.27000045776367,41.380001068115234,41.06999969482422,41.16999816894531,4069266
2021-10-22,35.79999923706055,43.880001068115234,35.79999923706055,41.290000915527344,2449953
2021-10-25,41.529998779296875,41.65999984741211,41.33000183105469,41.58000183105469,6275955
2021-10-26,41.790000915527344,41.810001373291016,41.58000183105469,41.65999984741211,4449235
2021-10-27,41.720001220703125,44.5,41.09000015258789,41.33000183105469,2725005
2021-10-28,43.79999923706055,43.79999923706055,41.29999923706055,41.56999969482422,3762963
2021-10-29,41.91999816894531,41.91999816894531,41.18000030517578,41.5,3459177
2021-11-01,41.720001220703125,41.720001220703125,40.97999954223633,41.279998779296875,3810487
2021-11-02,41.31999969482422,41.540000915527344,41.31999969482422,41.45000076293945,6446940
2021-11-03,41.439998626708984,41.439998626708984,40.779998779296875,41.099998474121094,2904207
2021-11-04,41.779998779296875,42.970001220703125,41.099998474121094,41.36000061035156,3104231
2021-11-08,42.08000183105469,42.08000183105469,41.459999084472656,41.5,4645164
2021-11-09,41.959999084472656,41.959999084472656,41.41999816894531,41.66999816894531,3392048
2021-11-10,41.779998779296875,41.84000015258789,41.560001373291016,41.790000915527344,3598237
2021-11-11,42.56999969482422,42.75,39.29999923706055,42.70000076293945,7209037
2021-11-12,42.970001220703125,42.970001220703125,40.099998474121094,42.45000076293945,3350209
2021-11-15,42.880001068115234,42.880001068115234,42.15999984741211,42.650001525878906,3314639
2021-11-16,42.97999954223633,42.97999954223633,42.380001068115234,42.79999923706055,3456788
2021-11-17,42.79999923706055,42.79999923706055,42.08000183105469,42.540000915527344,3333642
2021-11-18,43.08000183105469,43.08000183105469,42.5,42.61000061035156,2523169
2021-11-22,42.470001220703125,42.470001220703125,42.150001525878906,42.22999954223633,3812844
2021-11-23,42.060001373291016,42.060001373291016,40.439998626708984,41.34000015258789,5111606
2021-11-24,41.68000030517578,41.68000030517578,41.0,41.20000076293945,3087852
2021-11-25,41.459999084472656,41.459999084472656,41.20000076293945,41.29999923706055,1942891
2021-11-26,41.63999938964844,41.880001068115234,41.209999084472656,41.77000045776367,4643543
2021-11-29,41.7599983215332,41.7599983215332,41.36000061035156,41.619998931884766,11883229
2021-11-30,41.68000030517578,41.68000030517578,41.15999984741211,41.5099983215332,9675176
2021-12-01,41.43000030517578,41.43000030517578,40.72999954223633,41.209999084472656,3555487
2021-12-02,41.56999969482422,41.56999969482422,40.93000030517578,40.97999954223633,2871409
2021-12-03,41.27000045776367,41.27000045776367,40.849998474121094,40.91999816894531,3570987
2021-12-06,41.779998779296875,41.779998779296875,41.150001525878906,41.29999923706055,4868492
2021-12-07,41.720001220703125,41.720001220703125,41.029998779296875,41.220001220703125,6156889
2021-12-08,41.52000045776367,41.56999969482422,41.220001220703125,41.470001220703125,5311149
2021-12-09,41.779998779296875,41.779998779296875,41.060001373291016,41.349998474121094,2032038
2021-12-10,41.41999816894531,41.41999816894531,41.150001525878906,41.27000045776367,1538190
2021-12-13,41.68000030517578,41.68000030517578,41.400001525878906,41.54999923706055,2730323
2021-12-14,41.459999084472656,41.779998779296875,41.459999084472656,41.54999923706055,1741396
2021-12-15,41.779998779296875,41.779998779296875,41.029998779296875,41.470001220703125,3778408
2021-12-16,42.16999816894531,42.16999816894531,41.599998474121094,41.720001220703125,2259600
2021-12-17,41.880001068115234,42.45000076293945,41.880001068115234,42.13999938964844,4523690
2021-12-20,42.560001373291016,42.560001373291016,41.720001220703125,41.86000061035156,4534504
2021-12-21,42.119998931884766,42.119998931884766,41.380001068115234,41.689998626708984,2549098
2021-12-22,41.959999084472656,41.959999084472656,41.22999954223633,41.52000045776367,1411905
2021-12-23,42.220001220703125,42.220001220703125,41.619998931884766,41.689998626708984,2260536
2021-12-24,42.08000183105469,42.08000183105469,41.43000030517578,41.709999084472656,1541465
2021-12-27,42.040000915527344,42.040000915527344,41.52000045776367,41.59000015258789,2219251
2021-12-28,41.91999816894531,41.91999816894531,41.279998779296875,41.61000061035156,2262844
2021-12-29,41.880001068115234,41.880001068115234,41.41999816894531,41.5,1661395
2021-12-30,41.779998779296875,43.779998779296875,41.150001525878906,41.220001220703125,2342863
2021-12-31,41.91999816894531,41.91999816894531,41.36000061035156,41.47999954223633,1731890
2022-01-03,42.06999969482422,44.25,41.540000915527344,41.72999954223633,9144638
2022-01-04,41.779998779296875,41.779998779296875,41.150001525878906,41.459999084472656,4681329
2022-01-05,41.97999954223633,43.0,41.36000061035156,41.560001373291016,2839093
2022-01-06,41.81999969482422,41.81999969482422,41.18000030517578,41.2400016784668,2415846
2022-01-07,41.58000183105469,41.58000183105469,41.0099983215332,41.09000015258789,2969814
2022-01-10,41.439998626708984,41.439998626708984,40.7599983215332,41.06999969482422,3641805
2022-01-11,41.58000183105469,43.0,40.880001068115234,41.209999084472656,3010372
2022-01-12,41.68000030517578,41.68000030517578,41.209999084472656,41.33000183105469,2258367
2022-01-13,41.81999969482422,41.81999969482422,41.220001220703125,41.41999816894531,1817380
2022-01-14,41.31999969482422,41.779998779296875,41.22999954223633,41.529998779296875,3926645
2022-01-17,41.81999969482422,41.81999969482422,41.18000030517578,41.529998779296875,2644534
2022-01-18,41.81999969482422,41.81999969482422,41.279998779296875,41.52000045776367,2549058
2022-01-19,41.84000015258789,41.84000015258789,41.33000183105469,41.599998474121094,1830780
2022-01-20,42.439998626708984,42.439998626708984,41.68000030517578,42.04999923706055,4187268
2022-01-21,42.380001068115234,42.380001068115234,41.75,41.84000015258789,9839700
2022-01-24,42.13999938964844,42.13999938964844,41.65999984741211,42.040000915527344,12373380
2022-01-25,42.31999969482422,42.31999969482422,41.7400016784668,42.060001373291016,5243707
2022-01-27,42.15999984741211,42.15999984741211,41.599998474121094,41.81999969482422,2730577
2022-01-28,41.880001068115234,41.880001068115234,41.22999954223633,41.43000030517578,2163132
2022-01-31,41.720001220703125,41.720001220703125,41.029998779296875,41.25,8624680
2022-02-01,41.68000030517578,41.68000030517578,41.20000076293945,41.54999923706055,2575407
2022-02-02,41.91999816894531,41.91999816894531,41.119998931884766,41.5099983215332,2103178
2022-02-03,41.36000061035156,41.880001068115234,41.36000061035156,41.560001373291016,1519387
2022-02-04,41.849998474121094,41.849998474121094,41.470001220703125,41.599998474121094,1583137
2022-02-07,41.880001068115234,41.880001068115234,41.279998779296875,41.630001068115234,1982504
2022-02-08,41.970001220703125,41.97999954223633,41.52000045776367,41.81999969482422,1918554
2022-02-09,42.18000030517578,42.5,41.709999084472656,41.9900016784668,2543561
2022-02-10,41.880001068115234,42.380001068115234,41.880001068115234,42.16999816894531,2478102
2022-02-11,42.5,42.5,41.880001068115234,42.189998626708984,4052801
2022-02-14,43.31999969482422,43.31999969482422,42.33000183105469,42.959999084472656,9337588
2022-02-15,43.060001373291016,43.5,42.61000061035156,42.720001220703125,15219667
2022-02-16,43.08000183105469,43.08000183105469,42.220001220703125,42.63999938964844,2893357
2022-02-17,43.08000183105469,43.470001220703125,42.560001373291016,43.38999938964844,7597957
2022-02-18,43.849998474121094,43.849998474121094,39.5,43.18000030517578,4018280
2022-02-21,43.63999938964844,48.79999923706055,42.81999969482422,43.099998474121094,5190610
2022-02-22,43.7400016784668,43.7400016784668,43.18000030517578,43.380001068115234,7953166
2022-02-23,43.720001220703125,43.720001220703125,42.880001068115234,43.09000015258789,3618230
2022-02-24,43.970001220703125,44.81999969482422,43.220001220703125,44.619998931884766,17716412
2022-02-25,44.619998931884766,44.619998931884766,43.25,43.619998931884766,17738310
2022-02-28,43.9900016784668,44.209999084472656,43.54999923706055,43.59000015258789,7633640
2022-03-02,44.20000076293945,45.849998474121094,43.810001373291016,44.38999938964844,10668971
2022-03-03,44.849998474121094,44.90999984741211,43.400001525878906,44.400001525878906,4136756
2022-03-04,44.400001525878906,45.52000045776367,44.400001525878906,44.650001525878906,6157186
2022-03-07,45.25,46.20000076293945,45.25,46.0,15897977
2022-03-08,46.400001525878906,46.470001220703125,45.18000030517578,45.93000030517578,13287272
2022-03-09,47.599998474121094,47.599998474121094,45.400001525878906,45.65999984741211,10485976
2022-03-10,43.650001525878906,46.79999923706055,43.650001525878906,44.79999923706055,14283266
2022-03-11,45.880001068115234,45.880001068115234,44.84000015258789,45.279998779296875,6661457
2022-03-14,45.880001068115234,45.880001068115234,44.52000045776367,44.63999938964844,7715591
2022-03-15,44.97999954223633,45.45000076293945,44.0099983215332,44.33000183105469,11720963
2022-03-16,44.5,44.5,43.380001068115234,44.22999954223633,5549265
2022-03-17,44.779998779296875,46.25,43.70000076293945,44.22999954223633,5724381
2022-03-21,44.81999969482422,45.47999954223633,43.77000045776367,44.13999938964844,6197187
2022-03-22,44.959999084472656,44.959999084472656,44.15999984741211,44.31999969482422,5629993
2022-03-23,44.869998931884766,44.869998931884766,43.720001220703125,44.41999816894531,8813459
2022-03-24,45.27000045776367,45.27000045776367,44.380001068115234,44.58000183105469,4797761
2022-03-25,45.41999816894531,45.61000061035156,44.0,44.790000915527344,6162885
2022-03-28,45.2400016784668,45.2400016784668,44.27000045776367,44.4900016784668,8152023
2022-03-29,44.84000015258789,44.84000015258789,43.880001068115234,44.18000030517578,2477168
2022-03-30,44.63999938964844,44.63999938964844,43.880001068115234,44.11000061035156,2699794
2022-03-31,44.47999954223633,44.47999954223633,43.9900016784668,44.119998931884766,4088541
2022-04-01,43.150001525878906,44.900001525878906,43.150001525878906,44.56999969482422,5340702
2022-04-04,44.720001220703125,44.720001220703125,43.880001068115234,44.220001220703125,5545988
2022-04-05,44.58000183105469,44.58000183105469,44.0,44.310001373291016,5064068
2022-04-06,44.58000183105469,44.58000183105469,44.130001068115234,44.4900016784668,2283303
2022-04-07,44.779998779296875,44.779998779296875,41.79999923706055,44.63999938964844,2527931
2022-04-08,45.08000183105469,45.08000183105469,44.43000030517578,44.65999984741211,1741546
2022-04-11,45.18000030517578,45.279998779296875,44.560001373291016,45.220001220703125,3623747
2022-04-12,44.880001068115234,45.58000183105469,44.880001068115234,45.20000076293945,4327749
2022-04-13,46.29999923706055,46.29999923706055,44.29999923706055,45.72999954223633,4390115
2022-04-18,45.79999923706055,46.290000915527344,45.79999923706055,46.189998626708984,7062605
2022-04-19,46.31999969482422,46.31999969482422,45.630001068115234,45.97999954223633,4461027
2022-04-20,47.4900016784668,47.4900016784668,44.93000030517578,45.220001220703125,7594980
2022-04-21,47.599998474121094,47.599998474121094,45.09000015258789,45.209999084472656,2159625
2022-04-22,45.84000015258789,45.84000015258789,45.08000183105469,45.33000183105469,2997378
2022-04-25,45.2599983215332,45.2599983215332,44.58000183105469,44.900001525878906,2842944
2022-04-26,44.84000015258789,44.84000015258789,44.439998626708984,44.63999938964844,2256816
2022-04-27,45.2400016784668,45.2400016784668,44.36000061035156,44.43000030517578,2670040
2022-04-28,44.29999923706055,50.20000076293945,44.04999923706055,44.33000183105469,2871800
2022-04-29,52.45000076293945,52.45000076293945,38.599998474121094,44.790000915527344,4709439
2022-05-02,44.470001220703125,44.59000015258789,44.099998474121094,44.15999984741211,4645318
2022-05-04,43.97999954223633,45.650001525878906,43.65999984741211,43.97999954223633,4326871
2022-05-05,45.400001525878906,45.45000076293945,44.11000061035156,44.540000915527344,3874078
2022-05-06,46.81999969482422,46.81999969482422,42.75,44.54999923706055,4765135
2022-05-09,44.88999938964844,45.25,44.0099983215332,44.41999816894531,4932473
2022-05-10,44.790000915527344,45.130001068115234,44.130001068115234,44.2599983215332,4762974
2022-05-11,44.13999938964844,44.15999984741211,43.18000030517578,44.060001373291016,2945267
2022-05-12,43.779998779296875,44.540000915527344,43.650001525878906,44.02000045776367,2448614
2022-05-13,43.84000015258789,45.0,43.150001525878906,43.41999816894531,6268886
2022-05-16,43.58000183105469,43.58000183105469,43.0,43.13999938964844,4339791
2022-05-17,43.779998779296875,44.40999984741211,43.310001373291016,43.540000915527344,2297137
2022-05-18,43.52000045776367,43.52000045776367,43.0099983215332,43.38999938964844,2809408
2022-05-19,43.650001525878906,43.7400016784668,43.150001525878906,43.59000015258789,3101059
2022-05-20,43.349998474121094,43.97999954223633,43.349998474121094,43.91999816894531,1442916
2022-05-23,44.439998626708984,44.439998626708984,44.04999923706055,44.25,2140814
2022-05-24,44.380001068115234,44.380001068115234,43.779998779296875,44.06999969482422,1742995
2022-05-25,44.34000015258789,44.34000015258789,44.029998779296875,44.119998931884766,1725313
2022-05-26,45.11000061035156,45.11000061035156,43.77000045776367,43.869998931884766,2024163
2022-05-27,44.279998779296875,44.279998779296875,43.869998931884766,44.08000183105469,1370322
2022-05-30,44.279998779296875,44.380001068115234,43.880001068115234,43.97999954223633,2903680
2022-05-31,44.09000015258789,44.09000015258789,43.83000183105469,43.95000076293945,1265893
2022-06-01,43.880001068115234,43.880001068115234,43.470001220703125,43.52000045776367,2238485
2022-06-02,44.29999923706055,44.29999923706055,43.58000183105469,43.97999954223633,1975583
2022-06-03,44.560001373291016,44.79999923706055,44.13999938964844,44.150001525878906,1767101
2022-06-06,44.95000076293945,44.95000076293945,43.29999923706055,44.0,2337622
2022-06-07,44.18000030517578,44.18000030517578,43.59000015258789,43.86000061035156,1464099
2022-06-08,44.060001373291016,44.060001373291016,43.7400016784668,43.880001068115234,1227638
2022-06-09,44.13999938964844,44.13999938964844,43.68000030517578,43.95000076293945,1208810
2022-06-10,44.150001525878906,44.150001525878906,43.75,43.810001373291016,1088837
2022-06-13,44.689998626708984,44.689998626708984,44.11000061035156,44.189998626708984,5159270
2022-06-14,44.08000183105469,44.08000183105469,43.36000061035156,43.56999969482422,2820945
2022-06-15,43.66999816894531,43.7400016784668,43.22999954223633,43.61000061035156,2091201
2022-06-16,43.95000076293945,43.95000076293945,43.529998779296875,43.720001220703125,2170013
2022-06-17,44.13999938964844,44.13999938964844,43.86000061035156,44.08000183105469,2039843
2022-06-20,44.060001373291016,44.060001373291016,43.7400016784668,43.81999969482422,2583650
2022-06-21,44.08000183105469,44.08000183105469,43.619998931884766,43.779998779296875,3212517
2022-06-22,43.779998779296875,43.790000915527344,43.459999084472656,43.68000030517578,1702697
2022-06-23,43.97999954223633,43.97999954223633,43.61000061035156,43.7599983215332,2159396
2022-06-24,44.599998474121094,44.599998474121094,43.209999084472656,43.65999984741211,2826062
2022-06-27,43.970001220703125,43.970001220703125,43.619998931884766,43.869998931884766,3381786
2022-06-28,43.79999923706055,43.93000030517578,43.560001373291016,43.79999923706055,2173213
2022-06-29,44.040000915527344,44.040000915527344,43.54999923706055,43.7599983215332,1372013
2022-06-30,44.599998474121094,44.599998474121094,43.540000915527344,43.7599983215332,2636944
2022-07-01,43.869998931884766,44.900001525878906,43.79999923706055,44.36000061035156,9083077
2022-07-04,45.04999923706055,45.04999923706055,41.70000076293945,44.68000030517578,3696528
2022-07-05,45.380001068115234,45.380001068115234,44.380001068115234,44.79999923706055,2799231
2022-07-06,44.439998626708984,44.59000015258789,42.099998474121094,44.16999816894531,4719772
2022-07-07,44.900001525878906,44.900001525878906,43.18000030517578,43.59000015258789,7871542
2022-07-08,43.939998626708984,44.150001525878906,43.119998931884766,43.56999969482422,1646453
2022-07-11,44.09000015258789,44.400001525878906,43.27000045776367,43.560001373291016,2527931
2022-07-12,43.810001373291016,43.900001525878906,43.290000915527344,43.619998931884766,1798323
2022-07-13,43.86000061035156,43.900001525878906,43.209999084472656,43.439998626708984,2941632
2022-07-14,43.95000076293945,43.95000076293945,43.040000915527344,43.29999923706055,1465436
2022-07-15,43.689998626708984,43.70000076293945,42.86000061035156,43.11000061035156,1889788
2022-07-18,43.650001525878906,43.70000076293945,42.599998474121094,43.54999923706055,2649053
2022-07-19,43.75,43.75,43.04999923706055,43.38999938964844,2033750
2022-07-20,43.63999938964844,43.63999938964844,43.02000045776367,43.38999938964844,2727549
2022-07-21,43.31999969482422,43.31999969482422,42.95000076293945,43.029998779296875,2536379
2022-07-22,43.599998474121094,43.84000015258789,43.220001220703125,43.689998626708984,2743924
2022-07-25,44.290000915527344,44.290000915527344,43.310001373291016,43.599998474121094,7496829
2022-07-26,43.88999938964844,43.88999938964844,43.310001373291016,43.459999084472656,4145903
2022-07-27,45.459999084472656,45.459999084472656,43.16999816894531,43.56999969482422,2639482
2022-07-28,44.06999969482422,44.08000183105469,43.63999938964844,44.02000045776367,1860323
2022-07-29,38.29999923706055,44.4900016784668,38.29999923706055,44.060001373291016,3799713
2022-08-01,44.439998626708984,44.439998626708984,43.83000183105469,44.220001220703125,3672587
2022-08-02,44.4900016784668,44.5099983215332,44.0099983215332,44.18000030517578,2404168
2022-08-03,44.18000030517578,44.27000045776367,43.90999984741211,44.189998626708984,2213499
2022-08-04,44.47999954223633,44.83000183105469,43.93000030517578,44.65999984741211,3192387
2022-08-05,44.959999084472656,44.9900016784668,44.369998931884766,44.720001220703125,2218906
2022-08-08,44.849998474121094,44.90999984741211,44.40999984741211,44.619998931884766,2202250
2022-08-10,44.9900016784668,45.20000076293945,44.61000061035156,44.869998931884766,4815067
2022-08-11,44.869998931884766,44.95000076293945,44.54999923706055,44.90999984741211,2336609
2022-08-12,45.119998931884766,45.119998931884766,44.68000030517578,45.0,5335944
2022-08-16,45.15999984741211,45.15999984741211,44.619998931884766,44.650001525878906,3136639
2022-08-17,44.84000015258789,44.97999954223633,44.279998779296875,44.599998474121094,2652324
2022-08-18,44.72999954223633,44.72999954223633,44.349998474121094,44.54999923706055,2115125
2022-08-19,44.529998779296875,44.529998779296875,44.2599983215332,44.41999816894531,1588648
2022-08-22,44.11000061035156,44.59000015258789,43.95000076293945,43.9900016784668,2676258
2022-08-23,44.290000915527344,44.290000915527344,43.90999984741211,44.150001525878906,2369737
2022-08-24,44.459999084472656,44.459999084472656,44.060001373291016,44.33000183105469,2177388
2022-08-25,44.689998626708984,44.75,44.25,44.63999938964844,2207667
2022-08-26,44.689998626708984,44.75,44.279998779296875,44.29999923706055,2403321
2022-08-29,44.470001220703125,44.470001220703125,41.599998474121094,43.849998474121094,3588407
2022-08-30,43.81999969482422,44.220001220703125,43.41999816894531,43.900001525878906,2717694
2022-09-01,43.58000183105469,43.70000076293945,43.22999954223633,43.349998474121094,5014410
2022-09-02,43.529998779296875,43.529998779296875,43.11000061035156,43.369998931884766,2592415
2022-09-05,43.70000076293945,43.790000915527344,43.2400016784668,43.540000915527344,2440863
2022-09-06,43.84000015258789,43.88999938964844,43.369998931884766,43.5,3275297
2022-09-07,43.45000076293945,43.459999084472656,43.150001525878906,43.40999984741211,2873935
2022-09-08,43.7400016784668,43.77000045776367,43.2400016784668,43.599998474121094,1485287
2022-09-09,43.7599983215332,43.849998474121094,43.310001373291016,43.65999984741211,1677773
2022-09-12,48.0,48.0,43.31999969482422,43.599998474121094,3909092
2022-09-13,43.58000183105469,43.58000183105469,43.31999969482422,43.5,2180910
2022-09-14,43.4900016784668,43.5099983215332,43.150001525878906,43.18000030517578,2513567
2022-09-15,43.27000045776367,43.279998779296875,42.86000061035156,43.04999923706055,7819360
2022-09-16,42.939998626708984,43.20000076293945,42.209999084472656,42.2599983215332,5272807
2022-09-19,42.7400016784668,42.810001373291016,42.20000076293945,42.34000015258789,6588351
2022-09-20,42.779998779296875,42.790000915527344,42.349998474121094,42.4900016784668,3125863
2022-09-21,42.689998626708984,42.720001220703125,42.2400016784668,42.70000076293945,2429479
2022-09-22,42.79999923706055,43.040000915527344,42.310001373291016,42.9900016784668,4283507
2022-09-23,43.290000915527344,43.290000915527344,42.709999084472656,42.81999969482422,2355990
2022-09-26,42.869998931884766,42.869998931884766,42.27000045776367,42.63999938964844,2868912
2022-09-27,42.88999938964844,42.88999938964844,42.310001373291016,42.41999816894531,2785259
2022-09-28,42.119998931884766,42.619998931884766,42.119998931884766,42.29999923706055,1773850
2022-09-29,42.54999923706055,43.15999984741211,42.5099983215332,42.900001525878906,3330240
2022-09-30,43.279998779296875,43.349998474121094,42.7400016784668,43.15999984741211,2654545
2022-10-03,43.439998626708984,43.439998626708984,43.11000061035156,43.13999938964844,5004653
2022-10-04,43.4900016784668,44.150001525878906,43.47999954223633,44.04999923706055,5484223
2022-10-06,44.58000183105469,45.0,44.119998931884766,44.279998779296875,4782138
2022-10-07,44.29999923706055,44.540000915527344,44.119998931884766,44.4900016784668,3208191
2022-10-10,44.400001525878906,44.630001068115234,43.70000076293945,43.72999954223633,3643998
2022-10-11,44.470001220703125,44.47999954223633,43.349998474121094,43.41999816894531,2163274
2022-10-12,43.220001220703125,43.68000030517578,42.9900016784668,43.59000015258789,2786712
2022-10-13,43.83000183105469,43.84000015258789,43.41999816894531,43.689998626708984,1957699
2022-10-14,43.66999816894531,43.66999816894531,43.220001220703125,43.2599983215332,3757412
2022-10-17,43.380001068115234,45.599998474121094,43.0099983215332,43.2400016784668,2052094
2022-10-18,43.220001220703125,43.279998779296875,43.0099983215332,43.119998931884766,2538797
2022-10-19,43.7400016784668,43.869998931884766,42.869998931884766,43.189998626708984,3615050
2022-10-20,43.18000030517578,44.369998931884766,42.869998931884766,43.040000915527344,1937458
2022-10-21,43.08000183105469,43.209999084472656,42.70000076293945,42.72999954223633,5502791
2022-10-24,44.36000061035156,44.369998931884766,43.06999969482422,43.47999954223633,3722883
2022-10-25,43.68000030517578,43.90999984741211,43.130001068115234,43.16999816894531,2942957
2022-10-27,37.599998474121094,43.7400016784668,37.599998474121094,43.459999084472656,1876894
2022-10-28,43.7400016784668,43.7400016784668,43.06999969482422,43.279998779296875,1956627
2022-10-31,43.380001068115234,43.380001068115234,43.0099983215332,43.22999954223633,2202954
2022-11-01,43.4900016784668,43.4900016784668,42.959999084472656,43.310001373291016,2306222
2022-11-02,43.5,43.540000915527344,43.06999969482422,43.5,2114895
2022-11-03,43.47999954223633,43.47999954223633,42.95000076293945,43.0,3452084
2022-11-04,43.459999084472656,43.459999084472656,43.02000045776367,43.290000915527344,1894906
2022-11-07,43.45000076293945,44.09000015258789,43.45000076293945,43.7400016784668,3090161
2022-11-09,43.95000076293945,44.43000030517578,43.869998931884766,43.970001220703125,5393284
2022-11-10,44.290000915527344,44.290000915527344,43.7599983215332,44.18000030517578,2125679
2022-11-11,44.560001373291016,44.81999969482422,44.2400016784668,44.7599983215332,5847659
2022-11-14,44.849998474121094,44.95000076293945,44.5099983215332,44.81999969482422,4678336
2022-11-15,45.27000045776367,45.279998779296875,44.650001525878906,45.150001525878906,6931363
2022-11-16,45.290000915527344,45.439998626708984,44.90999984741211,45.349998474121094,4986732
2022-11-17,45.33000183105469,45.40999984741211,45.029998779296875,45.16999816894531,2284358
2022-11-18,45.27000045776367,45.310001373291016,44.91999816894531,45.2599983215332,2779991
2022-11-21,45.15999984741211,45.15999984741211,44.619998931884766,44.79999923706055,1910550
2022-11-22,45.040000915527344,45.11000061035156,44.619998931884766,44.900001525878906,1808560
2022-11-23,45.099998474121094,45.099998474121094,44.630001068115234,44.77000045776367,1970626
2022-11-24,45.279998779296875,45.279998779296875,44.7599983215332,45.040000915527344,4073101
2022-11-25,45.29999923706055,45.310001373291016,44.880001068115234,44.97999954223633,1910506
2022-11-28,45.2599983215332,45.2599983215332,44.709999084472656,45.119998931884766,3409844
2022-11-29,45.060001373291016,45.150001525878906,44.540000915527344,45.099998474121094,2438774
2022-11-30,45.209999084472656,45.2599983215332,45.0,45.099998474121094,1984004
2022-12-01,45.5099983215332,45.560001373291016,45.15999984741211,45.369998931884766,3594010
2022-12-02,46.029998779296875,46.029998779296875,45.52000045776367,45.880001068115234,4102571
2022-12-05,46.29999923706055,46.29999923706055,45.810001373291016,46.09000015258789,3622012
2022-12-06,45.970001220703125,45.970001220703125,45.52000045776367,45.81999969482422,2339290
2022-12-07,46.08000183105469,46.08000183105469,45.58000183105469,45.84000015258789,1502324
2022-12-08,46.209999084472656,46.209999084472656,45.68000030517578,46.060001373291016,1618610
2022-12-09,46.38999938964844,46.38999938964844,46.0099983215332,46.11000061035156,1722820
2022-12-12,46.380001068115234,46.380001068115234,45.86000061035156,46.189998626708984,3257599
2022-12-13,46.349998474121094,46.75,45.86000061035156,46.15999984741211,2740609
2022-12-14,46.58000183105469,48.900001525878906,46.209999084472656,46.540000915527344,2311017
2022-12-15,46.47999954223633,46.4900016784668,45.90999984741211,46.029998779296875,2670575
2022-12-16,45.83000183105469,46.40999984741211,45.83000183105469,46.099998474121094,2141668
2022-12-19,46.470001220703125,46.709999084472656,46.220001220703125,46.41999816894531,3589858
2022-12-20,46.380001068115234,46.79999923706055,45.83000183105469,46.75,3231954
2022-12-21,47.11000061035156,47.11000061035156,46.779998779296875,46.86000061035156,3914662
2022-12-22,47.279998779296875,47.279998779296875,46.68000030517578,46.869998931884766,4841450
2022-12-23,46.7400016784668,46.7400016784668,46.369998931884766,46.689998626708984,6051020
2022-12-26,47.119998931884766,47.119998931884766,46.5099983215332,46.689998626708984,6123432
2022-12-27,46.939998626708984,46.939998626708984,46.59000015258789,46.869998931884766,3104361
2022-12-28,47.099998474121094,47.099998474121094,46.5099983215332,46.54999923706055,2288068
2022-12-29,46.900001525878906,46.91999816894531,46.560001373291016,46.61000061035156,4403064
2022-12-30,46.9900016784668,46.9900016784668,46.619998931884766,46.790000915527344,2945907
2023-01-02,47.41999816894531,47.41999816894531,46.849998474121094,47.16999816894531,5088245
2023-01-03,47.4900016784668,47.790000915527344,47.209999084472656,47.630001068115234,5165224
2023-01-04,47.650001525878906,48.13999938964844,47.650001525878906,48.06999969482422,4039965
2023-01-05,48.11000061035156,48.16999816894531,47.650001525878906,47.779998779296875,4303123
2023-01-06,47.779998779296875,48.040000915527344,47.34000015258789,47.5,3457817
2023-01-09,47.720001220703125,48.279998779296875,47.709999084472656,48.11000061035156,4176477
2023-01-10,48.119998931884766,48.279998779296875,47.84000015258789,47.959999084472656,3691056
2023-01-11,47.95000076293945,48.06999969482422,47.79999923706055,48.02000045776367,2415393
2023-01-12,49.45000076293945,49.45000076293945,47.91999816894531,47.95000076293945,1434158
2023-01-13,48.11000061035156,48.290000915527344,48.0,48.22999954223633,2270665
2023-01-16,48.380001068115234,48.93000030517578,48.380001068115234,48.70000076293945,4385790
2023-01-17,49.060001373291016,49.060001373291016,48.43000030517578,48.5,3222233
2023-01-18,49.95000076293945,49.95000076293945,48.220001220703125,48.459999084472656,2210772
2023-01-19,49.900001525878906,49.900001525878906,48.099998474121094,48.5,1803822
2023-01-20,49.95000076293945,49.95000076293945,48.61000061035156,48.7599983215332,2310265
2023-01-23,48.540000915527344,49.0099983215332,48.540000915527344,48.77000045776367,2703249
2023-01-24,49.2400016784668,49.27000045776367,48.86000061035156,48.90999984741211,4267976
2023-01-25,49.209999084472656,49.209999084472656,48.720001220703125,48.7599983215332,2684878
2023-01-27,48.900001525878906,48.900001525878906,48.54999923706055,48.779998779296875,4045147
2023-01-30,49.2599983215332,49.2599983215332,48.54999923706055,48.77000045776367,3389681
2023-01-31,50.25,50.25,48.54999923706055,48.66999816894531,2414372
2023-02-01,48.970001220703125,49.45000076293945,48.56999969482422,49.40999984741211,3765879
2023-02-02,50.380001068115234,50.5,49.5099983215332,50.470001220703125,7185518
2023-02-03,52.0,52.0,49.34000015258789,49.41999816894531,8593265
2023-02-06,48.9900016784668,49.18000030517578,48.380001068115234,49.040000915527344,3437174
2023-02-07,49.209999084472656,49.209999084472656,48.779998779296875,49.06999969482422,2840902
2023-02-08,49.47999954223633,49.47999954223633,48.27000045776367,49.20000076293945,2932331
2023-02-09,50.70000076293945,50.70000076293945,48.83000183105469,49.11000061035156,1587624
2023-02-10,48.97999954223633,48.97999954223633,48.279998779296875,48.65999984741211,2554259
2023-02-13,50.099998474121094,50.099998474121094,48.560001373291016,48.66999816894531,2363354
2023-02-14,48.79999923706055,48.84000015258789,48.560001373291016,48.790000915527344,2015279
2023-02-15,48.689998626708984,48.70000076293945,48.08000183105469,48.15999984741211,3000332
2023-02-16,49.599998474121094,49.599998474121094,48.060001373291016,48.18000030517578,1739270
2023-02-17,48.34000015258789,48.34000015258789,47.72999954223633,47.95000076293945,2493726
2023-02-20,48.369998931884766,48.41999816894531,48.15999984741211,48.380001068115234,2176367
2023-02-21,48.779998779296875,48.779998779296875,48.09000015258789,48.2599983215332,1890550
2023-02-22,47.779998779296875,48.65999984741211,47.779998779296875,48.15999984741211,1531186
2023-02-23,48.04999923706055,48.060001373291016,47.84000015258789,47.86000061035156,1730841
2023-02-24,48.0099983215332,48.0099983215332,47.75,47.779998779296875,1269779
2023-02-27,47.9900016784668,48.0,47.36000061035156,47.439998626708984,3179913
2023-02-28,47.650001525878906,47.650001525878906,47.310001373291016,47.40999984741211,2281399
2023-03-01,47.849998474121094,47.970001220703125,47.56999969482422,47.77000045776367,2904455
2023-03-02,48.15999984741211,48.15999984741211,47.65999984741211,47.810001373291016,2417506
2023-03-03,47.939998626708984,47.95000076293945,47.7599983215332,47.81999969482422,2310650
2023-03-06,47.86000061035156,48.08000183105469,47.79999923706055,47.83000183105469,3400795
2023-03-08,47.189998626708984,47.189998626708984,46.5099983215332,47.119998931884766,2248801
2023-03-09,47.369998931884766,47.369998931884766,46.91999816894531,47.06999969482422,2670045
2023-03-10,47.18000030517578,47.709999084472656,47.18000030517578,47.43000030517578,3009916
2023-03-13,48.849998474121094,48.900001525878906,48.220001220703125,48.81999969482422,5159849
2023-03-14,49.400001525878906,49.439998626708984,49.099998474121094,49.130001068115234,5412885
2023-03-15,49.25,49.25,48.779998779296875,48.93000030517578,3470751
2023-03-16,49.79999923706055,49.79999923706055,49.29999923706055,49.70000076293945,4805081
2023-03-17,49.95000076293945,49.95000076293945,49.630001068115234,49.75,2930564
2023-03-20,50.790000915527344,51.59000015258789,50.5099983215332,50.90999984741211,9374247
2023-03-21,52.45000076293945,52.45000076293945,50.29999923706055,50.47999954223633,4152847
2023-03-22,50.099998474121094,50.099998474121094,49.77000045776367,50.040000915527344,16592552
2023-03-23,50.70000076293945,50.70000076293945,50.31999969482422,50.36000061035156,9676515
2023-03-24,50.5,51.060001373291016,50.459999084472656,50.900001525878906,4762415
2023-03-27,50.7599983215332,50.7599983215332,50.13999938964844,50.400001525878906,6111441
2023-03-28,50.68000030517578,50.68000030517578,50.02000045776367,50.40999984741211,7012406
2023-03-29,50.970001220703125,51.060001373291016,50.45000076293945,50.689998626708984,3699065
2023-03-31,50.79999923706055,51.439998626708984,50.79999923706055,51.06999969482422,6527536
2023-04-03,50.70000076293945,50.900001525878906,50.40999984741211,50.79999923706055,5802605
2023-04-05,51.79999923706055,52.4900016784668,51.75,51.86000061035156,6683360
2023-04-06,51.63999938964844,51.869998931884766,51.560001373291016,51.810001373291016,4684885
2023-04-10,51.68000030517578,51.68000030517578,51.11000061035156,51.380001068115234,4825642
2023-04-11,51.45000076293945,51.619998931884766,51.099998474121094,51.54999923706055,3126795
2023-04-12,51.970001220703125,51.970001220703125,51.59000015258789,51.720001220703125,2107439
2023-04-13,51.9900016784668,51.9900016784668,51.72999954223633,51.939998626708984,3068716
2023-04-17,51.70000076293945,51.7599983215332,51.119998931884766,51.70000076293945,2780804
2023-04-18,50.93000030517578,51.630001068115234,50.93000030517578,51.52000045776367,2607685
2023-04-19,51.84000015258789,51.84000015258789,51.06999969482422,51.119998931884766,24059884
2023-04-20,51.900001525878906,51.90999984741211,51.33000183105469,51.63999938964844,4638296
2023-04-21,51.650001525878906,51.90999984741211,51.2400016784668,51.290000915527344,3650585
2023-04-24,51.5099983215332,51.5099983215332,51.02000045776367,51.2599983215332,2660843
2023-04-25,51.68000030517578,51.90999984741211,51.2599983215332,51.31999969482422,3122970
2023-04-26,51.66999816894531,51.88999938964844,51.349998474121094,51.47999954223633,1868163
2023-04-27,51.68000030517578,51.68000030517578,51.41999816894531,51.470001220703125,1677642
2023-04-28,51.380001068115234,51.380001068115234,51.20000076293945,51.25,1904628
2023-05-02,51.529998779296875,51.529998779296875,51.060001373291016,51.310001373291016,5643337
2023-05-03,52.849998474121094,52.849998474121094,51.5099983215332,52.060001373291016,2664385
2023-05-04,53.599998474121094,53.599998474121094,52.2599983215332,52.5099983215332,4360800
2023-05-05,53.08000183105469,53.08000183105469,52.459999084472656,52.5,3223986
2023-05-08,52.20000076293945,52.25,51.97999954223633,52.16999816894531,3089746
2023-05-09,52.29999923706055,52.439998626708984,52.150001525878906,52.369998931884766,3174692
2023-05-10,52.54999923706055,52.54999923706055,52.349998474121094,52.43000030517578,3804699
2023-05-11,52.43000030517578,52.540000915527344,52.25,52.369998931884766,2016110
2023-05-12,52.150001525878906,52.150001525878906,51.849998474121094,51.90999984741211,3345301
2023-05-15,52.34000015258789,52.52000045776367,52.04999923706055,52.279998779296875,2473337
2023-05-16,52.29999923706055,52.29999923706055,52.0,52.04999923706055,2608312
2023-05-17,51.75,51.75,51.560001373291016,51.619998931884766,3919739
2023-05-18,51.599998474121094,51.650001525878906,51.41999816894531,51.59000015258789,1567727
2023-05-19,51.4900016784668,51.4900016784668,51.279998779296875,51.439998626708984,2730413
2023-05-22,49.900001525878906,52.09000015258789,49.900001525878906,51.97999954223633,4148458
2023-05-23,52.400001525878906,52.400001525878906,50.400001525878906,51.43000030517578,3155167
2023-05-24,52.27000045776367,52.27000045776367,51.540000915527344,51.75,2764715
2023-05-25,51.75,51.75,50.20000076293945,51.45000076293945,2717194
2023-05-26,53.0,53.0,51.15999984741211,51.33000183105469,2465982
2023-05-29,51.29999923706055,51.810001373291016,51.11000061035156,51.18000030517578,2542716
2023-05-30,51.43000030517578,51.43000030517578,51.0,51.13999938964844,3304510
2023-05-31,51.47999954223633,51.4900016784668,51.0099983215332,51.130001068115234,3035185
2023-06-01,51.439998626708984,51.439998626708984,50.95000076293945,50.9900016784668,4059946
2023-06-02,51.33000183105469,51.61000061035156,51.119998931884766,51.31999969482422,2845619
2023-06-05,51.0,51.0,50.650001525878906,50.720001220703125,5408201
2023-06-06,50.810001373291016,51.33000183105469,50.720001220703125,51.06999969482422,3104068
2023-06-07,51.29999923706055,51.29999923706055,50.880001068115234,50.9900016784668,2619324
2023-06-08,50.90999984741211,50.90999984741211,50.650001525878906,50.70000076293945,2389085
2023-06-09,51.380001068115234,51.380001068115234,50.81999969482422,50.959999084472656,3521432
2023-06-12,50.95000076293945,51.099998474121094,50.810001373291016,50.93000030517578,2970118
2023-06-13,50.97999954223633,50.97999954223633,50.83000183105469,50.88999938964844,1534463
2023-06-14,50.70000076293945,50.70000076293945,50.5099983215332,50.560001373291016,2475767
2023-06-15,50.43000030517578,50.439998626708984,50.119998931884766,50.15999984741211,3347489
2023-06-16,50.54999923706055,50.70000076293945,50.290000915527344,50.65999984741211,2329107
2023-06-19,50.779998779296875,50.779998779296875,50.36000061035156,50.529998779296875,2465714
2023-06-20,50.36000061035156,50.599998474121094,50.36000061035156,50.4900016784668,2232025
2023-06-21,50.33000183105469,50.34000015258789,50.04999923706055,50.09000015258789,3310301
2023-06-22,50.099998474121094,50.099998474121094,49.709999084472656,49.86000061035156,3525799
2023-06-23,49.599998474121094,49.790000915527344,49.0,49.75,3149502
2023-06-26,51.25,51.25,49.779998779296875,49.9900016784668,2461652
2023-06-27,48.5,50.2599983215332,48.5,49.79999923706055,1963954
2023-06-28,49.779998779296875,49.880001068115234,49.459999084472656,49.54999923706055,2536016
2023-06-30,49.86000061035156,49.86000061035156,49.2400016784668,49.310001373291016,4198762
2023-07-03,50.79999923706055,50.79999923706055,47.849998474121094,49.560001373291016,3321759
2023-07-04,51.04999923706055,51.04999923706055,49.70000076293945,49.880001068115234,3242266
2023-07-05,50.2400016784668,50.2400016784668,49.56999969482422,49.97999954223633,2920838
2023-07-06,49.95000076293945,50.02000045776367,49.810001373291016,49.900001525878906,3122923
2023-07-07,51.400001525878906,51.400001525878906,49.79999923706055,50.02000045776367,2881198
2023-07-10,51.5,51.5,49.970001220703125,50.029998779296875,3318834
2023-07-11,51.54999923706055,51.54999923706055,49.83000183105469,50.15999984741211,2680421
2023-07-12,50.279998779296875,50.290000915527344,50.08000183105469,50.099998474121094,2861761
2023-07-13,50.25,50.61000061035156,50.25,50.52000045776367,3956450
2023-07-14,50.650001525878906,50.68000030517578,50.5,50.59000015258789,2947591
2023-07-17,51.5,51.5,50.290000915527344,50.4900016784668,2897048
2023-07-18,50.650001525878906,50.689998626708984,50.5099983215332,50.65999984741211,3455452
2023-07-19,50.79999923706055,51.099998474121094,50.79999923706055,51.02000045776367,3510703
2023-07-20,51.25,51.25,51.04999923706055,51.08000183105469,2538202
2023-07-21,50.95000076293945,50.95000076293945,50.61000061035156,50.650001525878906,3002336
2023-07-24,50.650001525878906,50.68000030517578,50.439998626708984,50.650001525878906,3016047
2023-07-25,52.150001525878906,52.150001525878906,49.79999923706055,50.58000183105469,2378439
2023-07-26,49.04999923706055,50.90999984741211,49.04999923706055,50.84000015258789,2066147
2023-07-27,49.29999923706055,51.2599983215332,49.29999923706055,50.93000030517578,2359486
2023-07-28,50.220001220703125,50.79999923706055,50.220001220703125,50.66999816894531,3044246
2023-07-31,52.20000076293945,52.20000076293945,50.58000183105469,50.65999984741211,2724579
2023-08-01,52.20000076293945,52.20000076293945,50.540000915527344,50.689998626708984,2808981
2023-08-02,50.599998474121094,50.72999954223633,50.5099983215332,50.68000030517578,2766414
2023-08-03,50.72999954223633,50.72999954223633,50.220001220703125,50.540000915527344,3504581
2023-08-04,52.04999923706055,52.04999923706055,50.34000015258789,50.5,1884959
2023-08-07,52.0,52.0,50.40999984741211,50.4900016784668,2346100
2023-08-08,52.0,52.0,50.400001525878906,50.560001373291016,2327953
2023-08-09,52.0,52.0,49.04999923706055,50.369998931884766,1844205
2023-08-10,51.900001525878906,51.900001525878906,50.099998474121094,50.22999954223633,2807602
2023-08-11,50.18000030517578,50.18000030517578,49.900001525878906,50.130001068115234,2670804
2023-08-14,51.650001525878906,51.650001525878906,50.0099983215332,50.09000015258789,2275541
2023-08-16,50.47999954223633,50.47999954223633,49.959999084472656,50.11000061035156,2226988
2023-08-17,51.599998474121094,51.599998474121094,49.630001068115234,49.81999969482422,3112288
2023-08-18,49.81999969482422,49.81999969482422,49.540000915527344,49.75,1845726
2023-08-21,49.65999984741211,50.08000183105469,49.619998931884766,49.68000030517578,3301667
2023-08-22,51.150001525878906,51.150001525878906,49.72999954223633,49.900001525878906,2084194
2023-08-23,50.18000030517578,50.18000030517578,49.75,49.810001373291016,3727962
2023-08-24,51.29999923706055,51.29999923706055,48.939998626708984,50.029998779296875,2304166
2023-08-25,50.02000045776367,50.029998779296875,49.869998931884766,49.939998626708984,1955871
2023-08-28,50.029998779296875,50.029998779296875,49.77000045776367,49.79999923706055,2459176
2023-08-29,51.29999923706055,51.29999923706055,49.939998626708984,49.97999954223633,2026617
2023-08-30,51.5,51.5,50.119998931884766,50.34000015258789,2513078
2023-08-31,50.349998474121094,50.70000076293945,50.29999923706055,50.349998474121094,2754610
2023-09-01,50.400001525878906,50.439998626708984,50.25,50.369998931884766,3540459
2023-09-04,50.54999923706055,50.630001068115234,50.400001525878906,50.439998626708984,4023285
2023-09-05,50.43000030517578,50.5,50.310001373291016,50.349998474121094,3132796
2023-09-06,50.31999969482422,50.40999984741211,50.20000076293945,50.310001373291016,1934818
2023-09-07,51.79999923706055,51.79999923706055,50.099998474121094,50.16999816894531,2171675
2023-09-08,50.470001220703125,50.470001220703125,50.16999816894531,50.209999084472656,2405062
2023-09-11,50.209999084472656,51.70000076293945,49.900001525878906,50.15999984741211,4310243
2023-09-12,50.16999816894531,50.22999954223633,48.650001525878906,50.02000045776367,2862912
2023-09-13,51.5,51.5,49.75,49.880001068115234,2467090
2023-09-14,50.08000183105469,50.18000030517578,49.7599983215332,49.880001068115234,2684250
2023-09-15,51.400001525878906,51.400001525878906,49.95000076293945,50.119998931884766,2701704
2023-09-18,50.56999969482422,50.56999969482422,50.029998779296875,50.439998626708984,2785227
2023-09-20,50.459999084472656,50.63999938964844,50.36000061035156,50.380001068115234,2700162
2023-09-21,49.599998474121094,50.45000076293945,49.599998474121094,50.27000045776367,2725534
2023-09-22,50.20000076293945,50.290000915527344,50.099998474121094,50.220001220703125,2824953
2023-09-25,50.29999923706055,50.29999923706055,49.81999969482422,50.220001220703125,1943054
2023-09-26,50.220001220703125,50.380001068115234,50.0099983215332,50.02000045776367,2370206
2023-09-27,49.939998626708984,49.939998626708984,49.5099983215332,49.70000076293945,3315836
2023-09-28,49.38999938964844,49.47999954223633,49.119998931884766,49.369998931884766,4265474
2023-09-29,49.25,49.689998626708984,49.0,49.290000915527344,5822166
2023-10-03,47.79999923706055,49.88999938964844,47.79999923706055,48.83000183105469,12887312
2023-10-04,50.29999923706055,50.29999923706055,48.099998474121094,48.36000061035156,8145199
2023-10-05,48.54999923706055,48.54999923706055,48.16999816894531,48.25,6421522
2023-10-06,48.34000015258789,48.7599983215332,48.22999954223633,48.380001068115234,11110656
2023-10-09,49.849998474121094,49.939998626708984,48.630001068115234,48.880001068115234,18450424
2023-10-10,49.290000915527344,49.290000915527344,48.86000061035156,48.93000030517578,6469486
2023-10-11,49.18000030517578,49.20000076293945,48.79999923706055,49.16999816894531,3861459
2023-10-12,49.20000076293945,49.4900016784668,49.20000076293945,49.38999938964844,3986932
2023-10-13,49.38999938964844,49.560001373291016,49.20000076293945,49.4900016784668,2529347
2023-10-16,50.95000076293945,50.95000076293945,50.0,50.25,6107437
2023-10-17,50.38999938964844,50.38999938964844,50.13999938964844,50.310001373291016,4384291
2023-10-18,51.29999923706055,51.29999923706055,50.47999954223633,50.779998779296875,4319795
2023-10-19,50.939998626708984,50.9900016784668,50.689998626708984,50.90999984741211,5754437
2023-10-20,51.459999084472656,51.65999984741211,51.209999084472656,51.59000015258789,7276449
2023-10-23,51.59000015258789,51.630001068115234,51.310001373291016,51.540000915527344,7956254
2023-10-25,51.689998626708984,51.689998626708984,51.27000045776367,51.40999984741211,7689457
2023-10-26,51.900001525878906,51.900001525878906,51.54999923706055,51.83000183105469,8832646
2023-10-27,51.97999954223633,51.9900016784668,51.560001373291016,51.63999938964844,4682849
2023-10-30,52.29999923706055,52.29999923706055,51.849998474121094,52.02000045776367,4571747
2023-10-31,52.13999938964844,52.150001525878906,51.849998474121094,52.060001373291016,4323961
2023-11-01,51.900001525878906,51.900001525878906,51.40999984741211,51.7599983215332,4307988
2023-11-02,51.900001525878906,51.900001525878906,51.380001068115234,51.849998474121094,3706297
2023-11-03,51.470001220703125,51.95000076293945,51.470001220703125,51.79999923706055,3203929
2023-11-06,51.79999923706055,51.79999923706055,51.52000045776367,51.75,5369415
2023-11-07,51.599998474121094,51.599998474121094,51.31999969482422,51.36000061035156,4250564
2023-11-08,51.5,51.5,51.27000045776367,51.400001525878906,3223867
2023-11-09,51.099998474121094,51.099998474121094,50.900001525878906,50.939998626708984,3926743
2023-11-10,51.29999923706055,51.40999984741211,51.099998474121094,51.310001373291016,5683308
2023-11-13,51.279998779296875,51.439998626708984,50.849998474121094,50.93000030517578,4839603
2023-11-15,51.70000076293945,51.849998474121094,50.849998474121094,51.459999084472656,3955640
2023-11-16,53.0,53.0,51.25,51.38999938964844,3282652
2023-11-17,51.95000076293945,51.95000076293945,51.290000915527344,51.86000061035156,4213896
2023-11-20,52.79999923706055,52.79999923706055,51.380001068115234,51.65999984741211,3682655
2023-11-21,52.599998474121094,52.599998474121094,51.709999084472656,51.880001068115234,2623630
2023-11-22,52.2400016784668,52.2400016784668,51.939998626708984,52.16999816894531,4748477
2023-11-23,52.38999938964844,52.38999938964844,51.79999923706055,52.02000045776367,2382541
2023-11-24,52.900001525878906,52.900001525878906,51.779998779296875,52.150001525878906,5370475
2023-11-28,53.75,53.75,52.27000045776367,52.29999923706055,3445333
2023-11-29,53.849998474121094,53.849998474121094,52.90999984741211,53.04999923706055,6169273
2023-11-30,54.650001525878906,54.650001525878906,52.72999954223633,53.150001525878906,2888819
2023-12-01,54.75,54.75,53.060001373291016,53.290000915527344,3315625
2023-12-04,54.349998474121094,54.349998474121094,53.5,53.720001220703125,7685812
2023-12-05,53.099998474121094,53.189998626708984,52.86000061035156,52.939998626708984,6207060
2023-12-06,52.939998626708984,53.099998474121094,51.349998474121094,52.83000183105469,4073967
2023-12-07,53.0,53.09000015258789,52.720001220703125,53.029998779296875,3667498
2023-12-08,53.099998474121094,53.099998474121094,52.900001525878906,52.939998626708984,2923772
2023-12-11,52.11000061035156,52.400001525878906,52.0,52.02000045776367,13193214
2023-12-12,51.97999954223633,52.0,51.810001373291016,51.849998474121094,15764942
2023-12-13,53.400001525878906,53.400001525878906,51.61000061035156,51.83000183105469,8031806
2023-12-14,53.400001525878906,53.400001525878906,51.5,52.79999923706055,16324182
2023-12-15,52.5,53.849998474121094,52.5,52.810001373291016,3644830
2023-12-18,52.70000076293945,52.70000076293945,52.349998474121094,52.4900016784668,5242081
2023-12-19,52.599998474121094,52.72999954223633,52.40999984741211,52.59000015258789,10811458
2023-12-20,52.75,52.9900016784668,52.75,52.83000183105469,7715142
2023-12-21,52.900001525878906,52.95000076293945,52.33000183105469,52.86000061035156,4154616
2023-12-22,54.45000076293945,54.45000076293945,51.25,53.189998626708984,5225643
2023-12-26,53.5,53.529998779296875,53.349998474121094,53.459999084472656,5025974
2023-12-27,53.59000015258789,53.66999816894531,53.400001525878906,53.630001068115234,5203005
2023-12-28,54.099998474121094,54.099998474121094,53.709999084472656,53.84000015258789,4161520
2023-12-29,54.650001525878906,55.29999923706055,53.5099983215332,53.65999984741211,4379180
2024-01-01,53.75,53.83000183105469,53.54999923706055,53.7400016784668,3996865
2024-01-02,53.900001525878906,54.060001373291016,53.7599983215332,54.0099983215332,6369905
2024-01-03,53.849998474121094,53.849998474121094,53.459999084472656,53.529998779296875,5429046
2024-01-04,53.29999923706055,53.349998474121094,52.650001525878906,53.290000915527344,5726820
2024-01-05,53.400001525878906,53.400001525878906,53.099998474121094,53.13999938964844,7403332
2024-01-08,53.540000915527344,53.540000915527344,52.7400016784668,52.849998474121094,6264962
2024-01-09,53.2400016784668,53.2400016784668,52.79999923706055,53.02000045776367,4307157
2024-01-10,53.220001220703125,53.41999816894531,52.630001068115234,52.91999816894531,3667366
2024-01-11,52.900001525878906,52.900001525878906,52.77000045776367,52.84000015258789,3419413
2024-01-12,52.84000015258789,53.25,52.79999923706055,52.9900016784668,10182923
2024-01-15,53.20000076293945,53.939998626708984,53.20000076293945,53.25,4092852
2024-01-16,54.849998474121094,54.849998474121094,52.97999954223633,53.04999923706055,3616602
2024-01-17,52.849998474121094,52.849998474121094,52.59000015258789,52.66999816894531,4241987
2024-01-18,54.25,54.25,52.36000061035156,52.4900016784668,4362662
2024-01-19,53.119998931884766,53.119998931884766,52.599998474121094,52.84000015258789,3275231
2024-01-23,53.18000030517578,53.18000030517578,52.279998779296875,52.86000061035156,4651343
2024-01-24,52.70000076293945,52.939998626708984,52.70000076293945,52.90999984741211,5830182
2024-01-25,52.810001373291016,52.84000015258789,52.689998626708984,52.720001220703125,3012454
2024-01-29,54.0,54.0,52.599998474121094,52.970001220703125,3395715
2024-01-30,53.0,53.15999984741211,52.810001373291016,53.130001068115234,2905691
2024-01-31,54.70000076293945,54.70000076293945,53.0,53.349998474121094,4770794
2024-02-01,53.970001220703125,53.970001220703125,52.599998474121094,53.459999084472656,3752403
2024-02-02,53.900001525878906,53.900001525878906,53.38999938964844,53.58000183105469,2757580
2024-02-05,53.45000076293945,53.45000076293945,52.93000030517578,52.97999954223633,5752682
2024-02-06,54.54999923706055,54.54999923706055,52.849998474121094,52.939998626708984,3487216
2024-02-07,53.189998626708984,53.22999954223633,52.91999816894531,53.209999084472656,4643277
2024-02-08,53.59000015258789,53.59000015258789,53.0,53.04999923706055,2506407
2024-02-09,52.90999984741211,53.189998626708984,52.90999984741211,53.04999923706055,2540282
2024-02-12,53.0,53.0,52.75,52.790000915527344,4060609
2024-02-13,54.349998474121094,54.349998474121094,52.599998474121094,52.810001373291016,2092214
2024-02-14,52.650001525878906,52.650001525878906,51.25,52.099998474121094,6828991
2024-02-15,52.38999938964844,52.38999938964844,52.0099983215332,52.16999816894531,4848262
2024-02-16,52.5,52.5,52.20000076293945,52.349998474121094,4522588
2024-02-19,53.900001525878906,53.900001525878906,52.369998931884766,52.63999938964844,3209608
2024-02-20,54.20000076293945,54.20000076293945,52.45000076293945,52.560001373291016,2532390
2024-02-21,52.86000061035156,53.400001525878906,52.58000183105469,52.63999938964844,1762556
2024-02-22,52.68000030517578,52.790000915527344,52.45000076293945,52.720001220703125,1823657
2024-02-23,52.97999954223633,53.060001373291016,52.400001525878906,52.439998626708984,3260583
2024-02-26,53.060001373291016,53.119998931884766,52.47999954223633,52.709999084472656,3089841
2024-02-27,54.29999923706055,54.29999923706055,51.599998474121094,52.790000915527344,3939347
2024-02-28,53.119998931884766,53.119998931884766,52.36000061035156,52.599998474121094,1982171
2024-02-29,54.20000076293945,54.20000076293945,52.52000045776367,52.779998779296875,2394588
2024-03-01,53.70000076293945,53.70000076293945,52.68000030517578,52.900001525878906,3979857
2024-03-04,54.0,54.15999984741211,53.22999954223633,53.88999938964844,6321132
2024-03-05,54.70000076293945,54.70000076293945,54.2400016784668,54.619998931884766,6871961
2024-03-06,54.900001525878906,54.900001525878906,54.52000045776367,54.720001220703125,5869713
2024-03-07,55.0,55.5,54.900001525878906,55.439998626708984,5552924
2024-03-11,56.189998626708984,56.31999969482422,55.58000183105469,56.0099983215332,7630767
2024-03-12,56.20000076293945,56.20000076293945,55.810001373291016,55.939998626708984,5363816
2024-03-13,55.70000076293945,55.70000076293945,55.40999984741211,55.470001220703125,6135527
2024-03-14,56.220001220703125,56.310001373291016,55.40999984741211,55.84000015258789,6579954
2024-03-15,55.900001525878906,55.900001525878906,55.5099983215332,55.72999954223633,4816645
2024-03-18,55.5,55.529998779296875,55.209999084472656,55.5,4157750
2024-03-19,56.0,56.849998474121094,55.18000030517578,55.61000061035156,4423101
2024-03-20,55.900001525878906,55.900001525878906,55.61000061035156,55.720001220703125,3902548
2024-03-21,57.400001525878906,57.689998626708984,56.31999969482422,56.70000076293945,6209552
2024-03-22,57.0,57.0,55.900001525878906,55.9900016784668,6611760
2024-03-26,56.400001525878906,56.400001525878906,55.900001525878906,56.29999923706055,6626028
2024-03-27,56.22999954223633,56.34000015258789,56.099998474121094,56.220001220703125,4230421
2024-03-28,57.900001525878906,57.900001525878906,56.220001220703125,56.61000061035156,5581816
2024-04-01,58.29999923706055,58.54999923706055,57.61000061035156,58.31999969482422,13493168
2024-04-02,58.45000076293945,58.70000076293945,58.22999954223633,58.63999938964844,9271109
2024-04-03,59.20000076293945,59.20000076293945,58.560001373291016,58.77000045776367,9579587
2024-04-04,59.4900016784668,59.4900016784668,59.11000061035156,59.18000030517578,6481237
2024-04-05,60.70000076293945,62.0,58.65999984741211,59.029998779296875,9365013
2024-04-08,59.91999816894531,60.70000076293945,59.91999816894531,60.209999084472656,10360893
2024-04-09,60.630001068115234,60.650001525878906,59.93000030517578,60.54999923706055,7057775
2024-04-10,62.349998474121094,62.349998474121094,60.40999984741211,60.619998931884766,5582529
2024-04-12,61.79999923706055,61.97999954223633,61.310001373291016,61.90999984741211,9381201
2024-04-15,62.0,62.27000045776367,61.13999938964844,61.22999954223633,13045087
2024-04-16,62.38999938964844,62.38999938964844,61.7599983215332,61.88999938964844,10566826
2024-04-18,62.18000030517578,62.18000030517578,61.709999084472656,61.959999084472656,5070662
2024-04-19,62.349998474121094,62.59000015258789,61.25,62.2400016784668,6921253
2024-04-22,62.189998626708984,62.20000076293945,60.709999084472656,61.7400016784668,8180384
2024-04-23,62.70000076293945,62.70000076293945,60.150001525878906,60.25,12070503
2024-04-24,60.900001525878906,61.20000076293945,60.5099983215332,60.72999954223633,4634988
2024-04-25,60.79999923706055,61.09000015258789,60.5099983215332,60.86000061035156,4876403
2024-04-26,61.380001068115234,61.4900016784668,60.900001525878906,61.33000183105469,4519248
2024-04-29,61.650001525878906,61.650001525878906,60.29999923706055,61.29999923706055,5112802
2024-04-30,62.209999084472656,62.209999084472656,59.900001525878906,60.880001068115234,9870167
2024-05-02,61.20000076293945,61.20000076293945,60.7599983215332,60.849998474121094,5060651
2024-05-03,61.27000045776367,61.27000045776367,60.2599983215332,60.47999954223633,7101832
2024-05-06,60.84000015258789,60.869998931884766,60.5099983215332,60.720001220703125,6853852
2024-05-07,60.9900016784668,60.9900016784668,60.619998931884766,60.68000030517578,4939015
2024-05-08,60.900001525878906,60.900001525878906,60.349998474121094,60.5,4069276
2024-05-09,60.86000061035156,60.869998931884766,60.209999084472656,60.41999816894531,2861844
2024-05-10,61.0,61.9900016784668,61.0,61.91999816894531,11479352
2024-05-13,62.0,62.70000076293945,61.04999923706055,61.150001525878906,7487553
2024-05-14,62.70000076293945,62.70000076293945,59.900001525878906,61.189998626708984,5400506
2024-05-15,61.650001525878906,61.790000915527344,61.29999923706055,61.709999084472656,3894440
2024-05-16,62.029998779296875,62.29999923706055,61.91999816894531,62.0,3465714
2024-05-17,62.70000076293945,62.70000076293945,61.709999084472656,61.959999084472656,4610205
2024-05-21,64.80000305175781,64.80000305175781,62.47999954223633,62.630001068115234,6553090
2024-05-22,62.900001525878906,62.900001525878906,62.5099983215332,62.68000030517578,4495340
2024-05-23,61.9900016784668,61.9900016784668,61.31999969482422,61.619998931884766,9072908
2024-05-24,61.0,61.09000015258789,60.70000076293945,60.88999938964844,9672413
2024-05-27,61.189998626708984,61.189998626708984,60.7400016784668,61.0,4755447
2024-05-28,61.38999938964844,61.38999938964844,60.88999938964844,61.119998931884766,4391228
2024-05-29,61.5,61.599998474121094,61.11000061035156,61.20000076293945,5470880
2024-05-30,61.290000915527344,61.290000915527344,60.66999816894531,60.7400016784668,3995720
2024-05-31,61.0,61.349998474121094,60.709999084472656,61.290000915527344,4155444
2024-06-03,60.79999923706055,61.02000045776367,60.36000061035156,60.59000015258789,13340542
2024-06-04,61.38999938964844,61.38999938964844,59.7599983215332,60.560001373291016,11342481
2024-06-05,60.560001373291016,61.70000076293945,60.560001373291016,60.68000030517578,5903512
2024-06-06,61.5,61.79999923706055,61.310001373291016,61.45000076293945,5225983
2024-06-07,61.5,62.09000015258789,60.97999954223633,61.09000015258789,7319475
2024-06-10,60.900001525878906,60.900001525878906,59.970001220703125,60.130001068115234,14031401
2024-06-11,60.47999954223633,60.5,60.0099983215332,60.41999816894531,4138814
2024-06-12,60.56999969482422,60.79999923706055,60.52000045776367,60.59000015258789,3879917
2024-06-13,61.79999923706055,61.79999923706055,60.45000076293945,60.59000015258789,4842355
2024-06-14,60.900001525878906,60.900001525878906,60.209999084472656,60.599998474121094,5729995
2024-06-18,60.880001068115234,60.88999938964844,60.27000045776367,60.33000183105469,8789943
2024-06-19,60.790000915527344,60.83000183105469,60.36000061035156,60.709999084472656,4444925
2024-06-20,61.279998779296875,61.279998779296875,60.7400016784668,61.029998779296875,5884696
2024-06-21,60.79999923706055,61.619998931884766,60.79999923706055,61.529998779296875,4982944
2024-06-24,61.0,61.0,60.52000045776367,60.619998931884766,8708092
2024-06-25,60.880001068115234,60.90999984741211,60.099998474121094,60.75,3566974
2024-06-26,60.7400016784668,60.7400016784668,60.209999084472656,60.459999084472656,8076853
2024-06-27,60.220001220703125,60.40999984741211,59.900001525878906,60.31999969482422,7872785
2024-06-28,60.52000045776367,60.84000015258789,60.349998474121094,60.630001068115234,4174732
2024-07-01,61.79999923706055,61.79999923706055,60.40999984741211,60.54999923706055,6305845
2024-07-02,60.75,60.849998474121094,60.33000183105469,60.720001220703125,9861239
2024-07-03,60.9900016784668,61.209999084472656,60.709999084472656,61.06999969482422,5302647
2024-07-04,61.59000015258789,61.59000015258789,61.18000030517578,61.290000915527344,5671881
2024-07-05,61.59000015258789,61.59000015258789,61.11000061035156,61.47999954223633,7776786
2024-07-08,62.900001525878906,62.900001525878906,61.47999954223633,61.56999969482422,7024391
2024-07-09,61.59000015258789,61.599998474121094,61.209999084472656,61.380001068115234,4932706
2024-07-10,61.68000030517578,61.68000030517578,61.31999969482422,61.540000915527344,4476581
2024-07-11,61.63999938964844,61.88999938964844,61.5099983215332,61.68000030517578,4771144
2024-07-12,62.0,62.189998626708984,61.849998474121094,61.88999938964844,4961067
2024-07-15,62.18000030517578,62.189998626708984,61.810001373291016,61.91999816894531,7078648
2024-07-16,62.29999923706055,62.4900016784668,62.0099983215332,62.439998626708984,6023780
2024-07-18,62.5,63.279998779296875,62.5,62.90999984741211,8182779
2024-07-19,62.45000076293945,62.599998474121094,62.0,62.40999984741211,7628732
2024-07-22,63.79999923706055,63.79999923706055,61.779998779296875,62.08000183105469,7638842
2024-07-23,62.18000030517578,62.18000030517578,60.0,60.15999984741211,26869060
2024-07-24,60.5,61.470001220703125,58.91999816894531,59.599998474121094,22114791
2024-07-25,59.869998931884766,60.0099983215332,59.0,59.369998931884766,12969604
2024-07-26,60.849998474121094,60.849998474121094,59.06999969482422,59.9900016784668,14643754
2024-07-29,60.5,61.349998474121094,58.650001525878906,58.779998779296875,37546218
2024-07-30,59.4900016784668,59.4900016784668,57.849998474121094,58.349998474121094,23191997
2024-07-31,60.099998474121094,60.099998474121094,58.209999084472656,58.68000030517578,13112644
2024-08-01,58.81999969482422,59.2599983215332,58.810001373291016,59.09000015258789,15318057
2024-08-02,59.29999923706055,59.900001525878906,59.22999954223633,59.66999816894531,14408631
2024-08-05,59.7400016784668,59.9900016784668,58.56999969482422,58.7400016784668,28739897
2024-08-06,58.97999954223633,58.9900016784668,58.11000061035156,58.619998931884766,21329411
2024-08-07,58.58000183105469,58.70000076293945,57.95000076293945,58.20000076293945,26468888
2024-08-08,58.40999984741211,58.40999984741211,57.90999984741211,58.09000015258789,14463600
2024-08-09,58.5,59.40999984741211,58.31999969482422,58.65999984741211,9685693
2024-08-12,58.90999984741211,59.11000061035156,58.630001068115234,59.02000045776367,13621664
2024-08-13,59.29999923706055,59.689998626708984,59.08000183105469,59.400001525878906,10870836
2024-08-14,59.4900016784668,59.70000076293945,59.2599983215332,59.61000061035156,8628741
2024-08-16,59.380001068115234,59.529998779296875,59.11000061035156,59.470001220703125,9800739
2024-08-19,60.0,60.400001525878906,59.90999984741211,60.34000015258789,12568984
2024-08-20,60.59000015258789,60.720001220703125,60.099998474121094,60.66999816894531,10726626
2024-08-21,60.90999984741211,60.90999984741211,60.29999923706055,60.380001068115234,10233753
2024-08-22,60.5,60.5,60.209999084472656,60.45000076293945,6323115
2024-08-23,60.29999923706055,60.29999923706055,59.90999984741211,60.25,8988636
2024-08-26,60.5,60.86000061035156,60.310001373291016,60.83000183105469,10556126
2024-08-27,60.70000076293945,60.7599983215332,60.29999923706055,60.54999923706055,16238244
2024-08-28,60.779998779296875,60.779998779296875,60.400001525878906,60.54999923706055,6942624
2024-08-29,60.689998626708984,60.689998626708984,60.41999816894531,60.56999969482422,5401005
2024-08-30,60.650001525878906,60.720001220703125,60.34000015258789,60.65999984741211,6134534
2024-09-02,60.47999954223633,60.47999954223633,59.959999084472656,60.25,11029836
2024-09-03,60.369998931884766,60.38999938964844,60.04999923706055,60.36000061035156,6172679
2024-09-04,60.279998779296875,60.29999923706055,59.65999984741211,59.83000183105469,12546243
2024-09-05,60.0,60.56999969482422,60.0,60.54999923706055,5063463
2024-09-06,61.16999816894531,61.16999816894531,60.4900016784668,60.65999984741211,10691128
2024-09-09,60.63999938964844,60.63999938964844,59.810001373291016,60.15999984741211,8826704
2024-09-10,60.5,60.75,60.119998931884766,60.36000061035156,5437498
2024-09-11,60.41999816894531,60.849998474121094,60.41999816894531,60.709999084472656,6640492
2024-09-12,60.5,60.79999923706055,60.5,60.61000061035156,5527426
2024-09-13,61.84000015258789,61.84000015258789,61.2400016784668,61.63999938964844,13929243
2024-09-16,62.2400016784668,62.2400016784668,61.81999969482422,62.04999923706055,8067712
2024-09-17,63.0,63.0,61.720001220703125,61.77000045776367,9011998
2024-09-18,61.939998626708984,61.939998626708984,61.599998474121094,61.68000030517578,5262948
2024-09-19,61.68000030517578,62.22999954223633,61.11000061035156,62.189998626708984,12997065
2024-09-20,62.400001525878906,62.5,62.02000045776367,62.43000030517578,10186997
2024-09-23,63.599998474121094,63.599998474121094,62.560001373291016,62.810001373291016,12227083
2024-09-24,63.0,63.13999938964844,62.86000061035156,62.9900016784668,9658635
2024-09-25,63.43000030517578,63.869998931884766,63.41999816894531,63.65999984741211,16224523
2024-09-26,63.869998931884766,63.880001068115234,63.5099983215332,63.77000045776367,9342923
2024-09-27,64.0,64.08999633789062,63.43000030517578,63.47999954223633,11648940
2024-09-30,65.4000015258789,65.4000015258789,63.0099983215332,63.54999923706055,9664621
2024-10-01,65.44999694824219,65.44999694824219,63.13999938964844,63.59000015258789,12060333
2024-10-03,65.30000305175781,65.30000305175781,63.099998474121094,63.689998626708984,18380069
2024-10-04,63.58000183105469,64.37999725341797,63.58000183105469,63.9900016784668,15726483
2024-10-07,64.5,64.5,63.5,63.810001373291016,13002565
2024-10-08,64.0,64.0,63.04999923706055,63.45000076293945,10834330
2024-10-09,63.40999984741211,63.40999984741211,62.470001220703125,63.02000045776367,10062839
2024-10-10,63.34000015258789,63.34000015258789,62.599998474121094,63.0099983215332,9388383
2024-10-11,64.9000015258789,64.9000015258789,63.11000061035156,63.540000915527344,5995568
2024-10-14,63.619998931884766,64.27999877929688,63.619998931884766,63.97999954223633,10381085
2024-10-15,64.11000061035156,64.12000274658203,63.52000045776367,63.86000061035156,7118097
2024-10-16,64.33999633789062,64.63999938964844,63.90999984741211,64.44000244140625,7805175
2024-10-17,64.5,64.86000061035156,64.22000122070312,64.44000244140625,7014298
2024-10-18,65.30000305175781,65.5999984741211,64.86000061035156,65.18000030517578,10809828
2024-10-21,65.98999786376953,66.27999877929688,65.51000213623047,65.79000091552734,15559770
2024-10-22,67.4000015258789,67.4000015258789,65.5999984741211,65.7300033569336,11424709
2024-10-23,66.27999877929688,66.27999877929688,65.9000015258789,66.16000366210938,14863031
2024-10-24,65.87000274658203,65.87999725341797,65.37999725341797,65.75,13330060
2024-10-25,66.12999725341797,66.12999725341797,65.38999938964844,65.44999694824219,11753965
2024-10-28,65.9000015258789,65.94999694824219,65.55999755859375,65.77999877929688,13640432
2024-10-29,66.25,66.62999725341797,66.05000305175781,66.30000305175781,17930130
2024-10-30,67.0,67.37999725341797,66.5999984741211,67.0199966430664,15441752
2024-10-31,67.58000183105469,67.58000183105469,66.80999755859375,66.91999816894531,14358187
2024-11-01,66.91999816894531,66.91999816894531,66.91999816894531,66.91999816894531,0
2024-11-04,66.9000015258789,66.9000015258789,65.79000091552734,66.0199966430664,14818023
2024-11-05,66.12000274658203,66.13999938964844,65.62999725341797,65.94000244140625,14652113
2024-11-06,66.5,66.62999725341797,65.01000213623047,65.58999633789062,14998583
2024-11-07,64.9000015258789,64.9000015258789,64.01000213623047,64.33000183105469,21285221
2024-11-08,64.52999877929688,65.48999786376953,64.52999877929688,65.0,13572558
2024-11-11,64.7300033569336,64.75,64.36000061035156,64.48999786376953,8384643
2024-11-12,63.7400016784668,63.75,62.779998779296875,62.84000015258789,17377363
2024-11-13,63.38999938964844,63.400001525878906,62.849998474121094,63.25,9278252
2024-11-14,62.47999954223633,62.4900016784668,61.66999816894531,61.790000915527344,16055964
2024-11-18,62.75,63.0,62.41999816894531,62.900001525878906,12487261
2024-11-19,64.69999694824219,64.69999694824219,63.209999084472656,63.720001220703125,11162267
2024-11-21,64.8499984741211,64.8499984741211,63.880001068115234,64.56999969482422,12055469
2024-11-22,66.5,66.5,64.61000061035156,65.33000183105469,12559055
2024-11-25,64.9800033569336,64.9800033569336,64.0999984741211,64.37999725341797,13432205
2024-11-26,63.849998474121094,63.849998474121094,62.9900016784668,63.38999938964844,14361086
2024-11-27,64.87999725341797,64.87999725341797,63.45000076293945,63.959999084472656,12660832
2024-11-28,63.86000061035156,64.11000061035156,63.31999969482422,64.04000091552734,6341785
2024-11-29,64.16999816894531,64.4800033569336,62.79999923706055,64.29000091552734,6935021
2024-12-02,64.08000183105469,64.08000183105469,63.16999816894531,63.7599983215332,11568256
2024-12-03,64.80000305175781,64.80000305175781,63.81999969482422,64.05999755859375,6881086
2024-12-04,64.37999725341797,64.37999725341797,63.810001373291016,64.01000213623047,7138332
2024-12-05,64.75,64.75,64.0,64.05999755859375,9221336
2024-12-06,63.95000076293945,64.05000305175781,63.66999816894531,63.9900016784668,6714404
2024-12-09,64.55000305175781,64.55000305175781,63.810001373291016,64.29000091552734,8770651
2024-12-10,65.13999938964844,66.69999694824219,64.56999969482422,64.66999816894531,9968255
2024-12-11,64.91000366210938,66.16999816894531,64.91000366210938,65.04000091552734,12988032
2024-12-12,65.4800033569336,65.63999938964844,65.13999938964844,65.48999786376953,8909811
2024-12-13,66.69999694824219,66.69999694824219,64.33000183105469,64.61000061035156,9894872
2024-12-16,64.55000305175781,64.55000305175781,64.13999938964844,64.4800033569336,6509818
2024-12-17,66.4000015258789,66.4000015258789,64.0199966430664,64.0999984741211,6351408
2024-12-18,66.0,66.0,63.90999984741211,64.37999725341797,4899456
2024-12-19,63.779998779296875,63.83000183105469,63.349998474121094,63.779998779296875,10197598
2024-12-20,63.04999923706055,63.630001068115234,63.04999923706055,63.31999969482422,6377752
2024-12-23,64.31999969482422,66.69000244140625,63.61000061035156,63.970001220703125,5677888
2024-12-24,62.79999923706055,64.73999786376953,62.79999923706055,63.68000030517578,4175908
2024-12-26,64.13999938964844,64.19999694824219,63.81999969482422,64.0,3931630
2024-12-27,65.9000015258789,65.9000015258789,64.05000305175781,64.20999908447266,5648135
2024-12-30,64.54000091552734,65.0,63.90999984741211,64.0,5106785
2024-12-31,63.630001068115234,64.12000274658203,63.630001068115234,64.08999633789062,8802865
2025-01-01,65.08999633789062,65.08999633789062,64.0199966430664,64.3499984741211,9543477
2025-01-02,66.30000305175781,66.30000305175781,64.3499984741211,64.5999984741211,7660276
2025-01-03,65.29000091552734,65.73999786376953,64.93000030517578,65.06999969482422,9218232
2025-01-06,65.06999969482422,65.62999725341797,64.33999633789062,64.61000061035156,9120655
2025-01-07,66.55000305175781,66.55000305175781,64.62000274658203,64.7699966430664,10745727
2025-01-08,66.69999694824219,66.69999694824219,64.80000305175781,65.12000274658203,7078909
2025-01-09,66.12000274658203,66.12000274658203,65.20999908447266,65.4000015258789,8565601
2025-01-10,65.88999938964844,66.08999633789062,64.9800033569336,65.93000030517578,12772160
2025-01-13,65.70999908447266,67.94000244140625,65.70999908447266,66.25,31223058
2025-01-14,66.27999877929688,66.27999877929688,65.69999694824219,66.04000091552734,15911570
2025-01-15,68.0,68.0,65.87999725341797,66.26000213623047,7111641
2025-01-16,66.31999969482422,66.80000305175781,66.30000305175781,66.58999633789062,12107894
2025-01-17,66.6500015258789,66.87000274658203,66.61000061035156,66.66000366210938,9517063
2025-01-20,66.5999984741211,67.29000091552734,66.47000122070312,66.58999633789062,7918979
2025-01-21,68.5999984741211,68.5999984741211,66.3499984741211,66.94999694824219,7592915
2025-01-22,67.25,67.69000244140625,67.05999755859375,67.62000274658203,11577541
2025-01-23,67.66000366210938,67.9000015258789,67.33000183105469,67.43000030517578,9478508
2025-01-24,67.62000274658203,68.12000274658203,67.62000274658203,67.7699966430664,14874711
2025-01-27,68.38999938964844,68.38999938964844,67.4000015258789,67.69000244140625,16534725
2025-01-28,67.69000244140625,67.69000244140625,67.37000274658203,67.58000183105469,14634599
2025-01-29,68.29000091552734,68.29000091552734,67.80000305175781,67.86000061035156,7048513
2025-01-30,68.22000122070312,68.22000122070312,67.72000122070312,68.08999633789062,11532203
2025-01-31,68.62000274658203,70.0,68.62000274658203,69.08000183105469,15636205
2025-02-01,70.0,70.0,68.4000015258789,68.94999694824219,15755452
2025-02-03,70.0,70.0,68.47000122070312,69.63999938964844,13682573
2025-02-04,71.75,71.75,69.69999694824219,70.08000183105469,15163139
2025-02-05,72.19999694824219,72.19999694824219,70.27999877929688,71.56999969482422,25721670
2025-02-06,71.72000122070312,71.93000030517578,70.91000366210938,71.43000030517578,30059729
2025-02-07,73.55000305175781,73.55000305175781,71.19999694824219,71.54000091552734,22367847
2025-02-10,73.69999694824219,73.69999694824219,71.0,72.5199966430664,31547440
2025-02-11,73.44999694824219,73.44999694824219,71.80000305175781,71.9800033569336,26890736
2025-02-12,71.97000122070312,71.97000122070312,71.01000213623047,71.47000122070312,17813697
2025-02-13,72.58000183105469,72.58000183105469,71.68000030517578,71.87000274658203,13212378
2025-02-14,71.86000061035156,72.3499984741211,71.62000274658203,72.22000122070312,10506019
2025-02-17,71.68000030517578,71.69999694824219,70.93000030517578,71.6500015258789,14979900
2025-02-18,72.0,72.13999938964844,71.63999938964844,71.9800033569336,20255513
2025-02-19,72.87999725341797,72.87999725341797,72.02999877929688,72.7300033569336,11833543
2025-02-20,73.18000030517578,73.18000030517578,72.3499984741211,72.48999786376953,12547634
2025-02-21,72.68000030517578,72.68000030517578,71.75,72.08000183105469,11836188
2025-02-24,72.87999725341797,72.87999725341797,72.12000274658203,72.5999984741211,14405974
2025-02-25,73.18000030517578,73.18000030517578,72.37000274658203,72.75,13144809
2025-02-27,72.68000030517578,72.68000030517578,71.51000213623047,71.87999725341797,27165044
2025-02-28,71.63999938964844,71.63999938964844,70.52999877929688,71.0999984741211,31520842
2025-03-03,71.5999984741211,71.5999984741211,70.66000366210938,71.36000061035156,11451635
2025-03-04,72.47000122070312,72.48999786376953,71.5199966430664,72.41999816894531,11323967
2025-03-05,72.58000183105469,72.58000183105469,72.12000274658203,72.2699966430664,11551383
2025-03-06,72.8499984741211,72.8499984741211,71.77999877929688,71.88999938964844,10743047
2025-03-07,72.56999969482422,72.56999969482422,71.83000183105469,72.20999908447266,10706795
2025-03-10,71.98999786376953,72.48999786376953,71.91999816894531,72.16999816894531,7894354
2025-03-11,72.16999816894531,72.47000122070312,71.70999908447266,72.08000183105469,6123525
2025-03-12,72.05999755859375,72.66999816894531,72.05999755859375,72.31999969482422,5416235
2025-03-13,72.62000274658203,72.97000122070312,72.61000061035156,72.81999969482422,9102052
2025-03-17,73.87999725341797,73.87999725341797,73.23999786376953,73.52999877929688,12763210
2025-03-18,73.52999877929688,73.52999877929688,73.52999877929688,73.52999877929688,0
2025-03-19,74.77999877929688,74.77999877929688,74.0999984741211,74.25,17347591
2025-03-20,73.58999633789062,75.18000030517578,72.0,74.48999786376953,8435104
2025-03-21,74.77999877929688,74.77999877929688,73.80000305175781,73.94999694824219,18589531
2025-03-24,74.18000030517578,74.18000030517578,72.55999755859375,73.0,63876147
2025-03-25,73.3499984741211,73.3499984741211,72.69000244140625,73.2300033569336,16524365
2025-03-26,73.4800033569336,73.63999938964844,72.81999969482422,73.25,11975993
2025-03-27,73.97000122070312,73.9800033569336,73.2300033569336,73.80000305175781,10626756
2025-03-28,73.63999938964844,74.80000305175781,73.62999725341797,74.16000366210938,28472465
2025-04-01,75.83999633789062,77.05000305175781,75.12000274658203,76.72000122070312,40720281
2025-04-02,77.4800033569336,77.4800033569336,75.7300033569336,76.2300033569336,36083347
2025-04-03,78.5,80.0,75.70999908447266,75.8499984741211,28338299
2025-04-04,75.86000061035156,76.87999725341797,74.55999755859375,74.98999786376953,22612463
2025-04-07,74.5999984741211,75.1500015258789,65.8499984741211,73.83000183105469,62547917
2025-04-08,76.05000305175781,76.05000305175781,72.30000305175781,73.68000030517578,15916066
2025-04-09,73.98999786376953,75.05999755859375,73.52999877929688,74.88999938964844,16060289
2025-04-11,76.05999755859375,78.70999908447266,76.05999755859375,77.9000015258789,41882099
2025-04-15,78.5,78.5,77.5999984741211,77.66000366210938,22708774
2025-04-16,78.4000015258789,79.30000305175781,78.4000015258789,79.2300033569336,17435366
2025-04-17,80.25,80.27999877929688,79.30999755859375,79.52999877929688,22315842
2025-04-21,80.8499984741211,81.18000030517578,79.4000015258789,81.06999969482422,26060674
2025-04-22,82.5199966430664,83.55999755859375,82.5199966430664,82.9000015258789,30534897
2025-04-23,81.4800033569336,81.48999786376953,79.70999908447266,80.38999938964844,38573322
2025-04-24,80.38999938964844,80.73999786376953,80.11000061035156,80.51000213623047,15878472
2025-04-25,80.81999969482422,81.62999725341797,79.80999755859375,80.02999877929688,19337075
2025-04-28,80.80000305175781,80.80000305175781,79.01000213623047,79.05000305175781,22373797
2025-04-29,81.19999694824219,81.19999694824219,79.70999908447266,80.04000091552734,21952704
2025-04-30,79.98999786376953,80.19999694824219,78.87999725341797,79.08999633789062,21587869
2025-05-02,78.69999694824219,78.72000122070312,77.36000061035156,78.37999725341797,15856600
2025-05-05,78.94999694824219,79.83000183105469,78.22000122070312,79.58000183105469,15889122
2025-05-06,81.4000015258789,82.94999694824219,80.62000274658203,82.12999725341797,21861963
2025-05-07,83.0,83.33000183105469,81.12000274658203,81.27999877929688,20421792
2025-05-08,81.91999816894531,81.94999694824219,79.81999969482422,80.94000244140625,22056783
2025-05-09,80.4800033569336,81.1500015258789,80.0199966430664,80.80000305175781,17152718
2025-05-12,79.37999725341797,79.45999908447266,77.80000305175781,77.9800033569336,32647859
2025-05-13,78.02999877929688,79.87999725341797,78.02999877929688,79.06999969482422,15305982
2025-05-14,78.68000030517578,78.73999786376953,78.22000122070312,78.58000183105469,14223171
2025-05-15,77.13999938964844,77.27999877929688,76.36000061035156,77.04000091552734,33029222
2025-05-16,79.3499984741211,79.3499984741211,77.33000183105469,77.77999877929688,16345899
2025-05-19,78.41999816894531,78.48999786376953,77.80000305175781,78.31999969482422,13043842
2025-05-20,77.97000122070312,78.30000305175781,77.62999725341797,78.19000244140625,14843284
2025-05-21,80.16999816894531,80.16999816894531,79.27999877929688,79.5,39202827
2025-05-22,80.41999816894531,80.41999816894531,79.72000122070312,79.80999755859375,22193709
2025-05-23,79.97000122070312,79.97000122070312,79.43000030517578,79.51000213623047,37141110
2025-05-26,79.51000213623047,80.55000305175781,79.5,79.7699966430664,9375536
2025-05-27,80.5199966430664,80.5199966430664,77.37999725341797,79.55999755859375,10765565
2025-05-28,81.94999694824219,81.94999694824219,79.5,80.05999755859375,7535695
2025-05-29,79.73999786376953,79.73999786376953,78.9800033569336,79.0999984741211,13431765
2025-05-30,79.98999786376953,79.98999786376953,78.62999725341797,79.48999786376953,7156040
2025-06-02,80.9000015258789,80.9000015258789,79.41999816894531,80.5199966430664,13512153
2025-06-03,82.5,82.5,80.62999725341797,80.97000122070312,13059856
2025-06-04,81.7699966430664,82.47000122070312,80.97000122070312,81.30999755859375,15171863
2025-06-05,83.75,83.75,80.87000274658203,81.7300033569336,14131710
2025-06-06,81.94999694824219,81.94999694824219,79.9000015258789,81.2300033569336,12138184
2025-06-09,80.81999969482422,80.88999938964844,79.9000015258789,80.4800033569336,15146871
2025-06-10,80.37999725341797,80.69999694824219,79.9000015258789,80.61000061035156,11925279
2025-06-11,82.4000015258789,82.4000015258789,80.31999969482422,80.76000213623047,8051051
2025-06-12,82.37999725341797,82.37999725341797,80.77999877929688,81.38999938964844,18066096
2025-06-13,83.83000183105469,83.83000183105469,82.19999694824219,83.12999725341797,27039436
2025-06-16,84.19999694824219,84.19999694824219,82.9000015258789,83.08999633789062,18775047
2025-06-17,84.19999694824219,84.19999694824219,82.19999694824219,82.55999755859375,12596527
2025-06-18,84.30000305175781,84.30000305175781,81.79000091552734,82.79000091552734,12087747
2025-06-19,82.5,85.0,82.13999938964844,82.79000091552734,15703694
2025-06-20,82.0,83.69999694824219,82.0,82.2300033569336,15087436
2025-06-23,83.33000183105469,83.33000183105469,82.02999877929688,82.66000366210938,15182442
2025-06-24,81.38999938964844,82.27999877929688,80.9000015258789,80.9800033569336,24233699
2025-06-25,80.5,81.29000091552734,80.33000183105469,81.11000061035156,17506743
2025-06-26,81.38999938964844,81.38999938964844,80.97000122070312,81.12000274658203,8182454
2025-06-27,80.55000305175781,80.55000305175781,79.73999786376953,79.80999755859375,22817337
2025-06-30,82.19999694824219,82.19999694824219,79.54000091552734,79.98999786376953,19072979
2025-07-01,80.94999694824219,81.0999984741211,80.4000015258789,81.05000305175781,11297138
2025-07-02,81.16999816894531,81.20999908447266,80.30000305175781,81.11000061035156,9539592
2025-07-03,81.37999725341797,81.48999786376953,80.93000030517578,81.01000213623047,9720543
2025-07-04,81.44999694824219,81.55999755859375,80.69999694824219,80.88999938964844,17710116
2025-07-07,80.9000015258789,81.20999908447266,80.0999984741211,80.52999877929688,10209093
2025-07-08,81.54000091552734,81.54000091552734,80.55000305175781,80.77999877929688,5817233
2025-07-09,83.19999694824219,84.77999877929688,79.0,80.02999877929688,11192504
2025-07-10,80.33000183105469,80.81999969482422,80.33000183105469,80.70999908447266,8228993
2025-07-11,80.9000015258789,81.25,79.94999694824219,81.1500015258789,11410048
2025-07-14,82.5,82.6500015258789,81.54000091552734,81.87999725341797,11698807
2025-07-15,83.19999694824219,83.19999694824219,79.9000015258789,81.66999816894531,8360802
2025-07-16,81.31999969482422,81.4000015258789,81.05000305175781,81.3499984741211,6749799
2025-07-17,83.79000091552734,83.79000091552734,80.5,81.16000366210938,6177627
2025-07-18,82.56999969482422,82.56999969482422,79.9000015258789,81.7300033569336,7566902
2025-07-21,84.18000030517578,84.18000030517578,80.5,82.12999725341797,11329166
2025-07-22,84.58999633789062,84.58999633789062,79.66999816894531,82.7699966430664,12020232
2025-07-23,83.7699966430664,83.8499984741211,83.19000244140625,83.75,19504795
2025-07-24,84.69999694824219,84.69999694824219,81.5,82.30000305175781,13659785
2025-07-25,82.5999984741211,82.5999984741211,81.91999816894531,82.0999984741211,14936984
2025-07-28,83.88999938964844,83.88999938964844,81.70999908447266,82.02999877929688,12693127
2025-07-29,84.48999786376953,84.48999786376953,81.23999786376953,81.91000366210938,11346333
2025-07-30,82.58000183105469,82.58000183105469,82.05000305175781,82.38999938964844,12808210
2025-07-31,82.18000030517578,82.4000015258789,80.0,82.19999694824219,12478359
2025-08-01,84.66999816894531,84.66999816894531,81.05000305175781,81.94999694824219,21880995
2025-08-04,83.98999786376953,83.98999786376953,82.70999908447266,83.2300033569336,13190272
2025-08-05,82.55999755859375,84.19999694824219,82.45999908447266,83.61000061035156,14398331
2025-08-06,84.19999694824219,84.19999694824219,83.36000061035156,83.44000244140625,10881908
2025-08-07,84.5999984741211,84.5999984741211,80.5,83.94000244140625,13106067
2025-08-08,84.5,84.62999725341797,84.05000305175781,84.36000061035156,15307482
2025-08-11,83.83999633789062,83.83999633789062,83.06999969482422,83.2300033569336,15158564
2025-08-12,84.0,84.0,82.5,82.9800033569336,11159030
2025-08-13,82.0,83.4000015258789,82.0,83.19000244140625,9115427
2025-08-14,84.4000015258789,84.4000015258789,82.6500015258789,83.13999938964844,10248043
2025-08-18,83.5,84.18000030517578,82.3499984741211,82.75,13537860
2025-08-19,83.25,83.25,82.2699966430664,82.30999755859375,10261966
2025-08-20,84.77999877929688,84.77999877929688,81.81999969482422,82.08000183105469,11629206
2025-08-21,80.0199966430664,84.1500015258789,80.0199966430664,82.55000305175781,9354226
2025-08-22,83.19999694824219,84.0,82.30000305175781,82.62000274658203,11214757
2025-08-25,83.93000030517578,83.93000030517578,83.0,83.5,11009873
2025-08-26,86.01000213623047,86.01000213623047,83.0999984741211,83.83000183105469,11781538
2025-08-28,84.19999694824219,84.45999908447266,83.62999725341797,84.41999816894531,13982686
2025-08-29,84.41999816894531,85.5,83.41999816894531,85.33999633789062,17611333
2025-09-01,86.76000213623047,87.2699966430664,86.44999694824219,86.61000061035156,37752097
2025-09-02,87.4000015258789,87.4000015258789,84.44000244140625,86.61000061035156,20987243
2025-09-03,87.4800033569336,88.0,87.22000122070312,87.87999725341797,18818564
2025-09-04,88.9000015258789,88.9000015258789,87.54000091552734,88.16000366210938,19469254
2025-09-05,88.16000366210938,89.88999938964844,87.1500015258789,88.6500015258789,17854891
2025-09-08,89.29000091552734,90.08000183105469,88.6500015258789,89.9800033569336,25737386
2025-09-09,90.16000366210938,92.9000015258789,90.16000366210938,91.16999816894531,36086737
2025-09-10,91.80000305175781,92.4000015258789,90.51000213623047,90.9000015258789,29134766
2025-09-11,90.0,90.9000015258789,89.91999816894531,90.62000274658203,19825329
2025-09-12,91.5999984741211,91.5999984741211,91.0,91.26000213623047,20999165
2025-09-15,93.0,93.0,90.80000305175781,90.91999816894531,21822478
2025-09-16,92.62000274658203,92.62000274658203,91.02999877929688,92.2699966430664,22759828
2025-09-17,91.9000015258789,91.9800033569336,90.95999908447266,91.25,29420335
2025-09-18,92.30000305175781,92.30000305175781,90.44999694824219,91.5999984741211,23017317
2025-09-19,92.80000305175781,92.80000305175781,91.01000213623047,91.29000091552734,14943516
2025-09-22,92.0,93.20999908447266,91.43000030517578,93.13999938964844,29191689
2025-09-23,94.12999725341797,95.37999725341797,93.0,95.12999725341797,36910438
2025-09-24,95.9000015258789,97.5,94.51000213623047,94.63999938964844,35825570
2025-09-25,97.0,97.0,93.47000122070312,94.43000030517578,31941819
2025-09-26,93.38999938964844,96.19999694824219,93.38999938964844,94.22000122070312,30115973
2025-09-29,94.80000305175781,95.95999908447266,94.33999633789062,95.9000015258789,34621491
2025-09-30,97.73999786376953,97.73999786376953,95.31999969482422,95.8499984741211,51685690
2025-10-01,97.5999984741211,97.79000091552734,95.8499984741211,97.62999725341797,35428401
2025-10-03,96.87999725341797,97.48999786376953,96.51000213623047,97.06999969482422,44922680
2025-10-06,98.19999694824219,99.80000305175781,97.3499984741211,99.22000122070312,57326883
2025-10-07,99.22000122070312,100.18000030517578,99.05000305175781,99.66000366210938,53314468
2025-10-08,100.0999984741211,101.94000244140625,99.69999694824219,101.69000244140625,57364133
2025-10-09,102.5999984741211,102.5999984741211,100.38999938964844,101.47000122070312,57014951
2025-10-10,100.0,101.0,99.02999877929688,100.66999816894531,50044730
2025-10-13,102.5999984741211,102.75,101.5999984741211,102.6500015258789,50586865
2025-10-14,105.7300033569336,105.75,103.30000305175781,105.08999633789062,85463491
2025-10-15,105.19999694824219,106.2300033569336,104.91000366210938,105.29000091552734,76144009
2025-10-16,105.3499984741211,106.19999694824219,104.76000213623047,105.37000274658203,56566354
2025-10-17,105.7300033569336,108.69000244140625,105.7300033569336,108.11000061035156,62619301
2025-10-20,106.9000015258789,106.9000015258789,103.9000015258789,105.13999938964844,116061717
2025-10-21,108.20999908447266,108.20999908447266,104.08999633789062,105.69000244140625,21802659
2025-10-23,105.19999694824219,105.19999694824219,95.55000305175781,101.69999694824219,93781372
2025-10-27,100.75,101.20999908447266,99.83000183105469,100.13999938964844,57197149
2025-10-28,99.9800033569336,99.9800033569336,96.5999984741211,96.83999633789062,70686340
2025-10-29,98.0,100.13999938964844,98.0,99.94999694824219,42880758
2025-10-30,99.26000213623047,100.0999984741211,97.30000305175781,99.68000030517578,42611116
2025-10-31,99.76000213623047,100.5,99.41999816894531,100.0199966430664,27796134
2025-11-03,100.0199966430664,100.69999694824219,99.72000122070312,100.05000305175781,23319552
2025-11-04,99.83000183105469,99.9800033569336,99.02999877929688,99.80000305175781,24923826
2025-11-06,99.12999725341797,100.19999694824219,99.12999725341797,100.06999969482422,20330108
2025-11-07,99.9800033569336,100.06999969482422,99.33000183105469,99.94000244140625,18104481
2025-11-10,101.19000244140625,101.8499984741211,100.45999908447266,101.69999694824219,30575428
2025-11-11,102.83000183105469,103.72000122070312,102.80000305175781,103.29000091552734,33803897
2025-11-12,102.9800033569336,102.9800033569336,102.1500015258789,102.69000244140625,29596247
2025-11-13,104.16000366210938,105.45999908447266,104.16000366210938,105.37000274658203,33205778
2025-11-14,105.12000274658203,105.12000274658203,103.55999755859375,103.80999755859375,28533187
2025-11-17,103.36000061035156,103.36000061035156,101.0,101.94000244140625,27817135
2025-11-18,100.87000274658203,101.12000274658203,100.01000213623047,100.91000366210938,35663185
2025-11-19,101.25,102.5999984741211,101.25,102.2300033569336,22235008
2025-11-20,101.5,102.06999969482422,101.0199966430664,101.55000305175781,20599534
2025-11-21,101.6500015258789,102.29000091552734,100.61000061035156,102.0,23459553
2025-11-24,101.98999786376953,102.33999633789062,101.55000305175781,102.2300033569336,24131584
2025-11-25,103.22000122070312,104.0,103.0999984741211,103.45999908447266,24988736
2025-11-26,103.91000366210938,104.3499984741211,103.91000366210938,104.18000030517578,23022226
2025-11-27,104.0999984741211,104.4000015258789,103.83999633789062,104.11000061035156,19397032
2025-11-28,104.5999984741211,104.9800033569336,104.30999755859375,104.62000274658203,18626408
2025-12-01,106.08999633789062,106.80000305175781,105.7699966430664,106.72000122070312,32935620
2025-12-02,106.6500015258789,106.6500015258789,105.38999938964844,105.62999725341797,26342500
2025-12-03,106.25,106.69999694824219,106.23999786376953,106.51000213623047,25811907
2025-12-04,106.66999816894531,106.95999908447266,105.69999694824219,105.91999816894531,27124243
2025-12-05,106.2699966430664,107.0199966430664,105.81999969482422,106.88999938964844,22860218
2025-12-08,106.7699966430664,106.95999908447266,106.11000061035156,106.8499984741211,26109955
2025-12-09,106.76000213623047,106.76000213623047,105.5,106.27999877929688,22835801
2025-12-10,106.8499984741211,106.8499984741211,106.0999984741211,106.2300033569336,21093711
2025-12-11,106.86000061035156,107.27999877929688,106.37000274658203,107.1500015258789,20249677
2025-12-12,108.19999694824219,109.9800033569336,108.19999694824219,109.61000061035156,42813407
2025-12-15,110.44999694824219,111.08999633789062,109.72000122070312,110.94999694824219,44275839
2025-12-16,109.45999908447266,110.05000305175781,109.19999694824219,109.55999755859375,36341576
2025-12-17,110.12999725341797,111.7699966430664,109.45999908447266,109.98999786376953,48571973
2025-12-18,110.05000305175781,110.58000183105469,109.7699966430664,109.87999725341797,26801568
2025-12-19,109.79000091552734,110.08999633789062,109.31999969482422,109.81999969482422,25353023
2025-12-22,110.69999694824219,111.55000305175781,110.33999633789062,111.38999938964844,66926289
2025-12-23,112.5199966430664,113.73999786376953,112.5199966430664,113.0999984741211,45892148
2025-12-24,113.48999786376953,115.0,112.98999786376953,113.20999908447266,47649347
2025-12-26,113.37000274658203,114.4800033569336,113.37000274658203,114.30999755859375,46010219
2025-12-29,115.44000244140625,115.44999694824219,112.0,113.02999877929688,73386481
2025-12-30,111.77999877929688,117.0,110.0999984741211,111.16999816894531,55356981
2025-12-31,111.16999816894531,111.4800033569336,109.75,110.11000061035156,40043851
2026-01-01,110.3499984741211,110.6500015258789,109.69999694824219,110.5199966430664,24308237
2026-01-02,111.62000274658203,111.9800033569336,110.91999816894531,111.81999969482422,37641644
2026-01-05,112.16000366210938,113.19999694824219,111.83999633789062,112.91999816894531,50850027
2026-01-06,113.62000274658203,113.70999908447266,113.01000213623047,113.13999938964844,45693265
2026-01-07,113.51000213623047,113.98999786376953,112.45999908447266,112.91000366210938,39011859
2026-01-08,112.7300033569336,112.95999908447266,111.41999816894531,112.29000091552734,37515879
2026-01-09,113.26000213623047,113.87999725341797,112.61000061035156,113.61000061035156,39284191
2026-01-12,115.69999694824219,117.0,114.80999755859375,116.76000213623047,70988427
2026-01-13,116.9800033569336,117.13999938964844,116.0,116.37000274658203,59657307
2026-01-14,117.83000183105469,118.48999786376953,116.36000061035156,118.01000213623047,77320821
2026-01-15,118.01000213623047,118.01000213623047,118.01000213623047,118.01000213623047,0
2026-01-16,117.79000091552734,118.4000015258789,117.04000091552734,117.77999877929688,65356923
2026-01-19,119.1500015258789,122.9000015258789,118.55999755859375,121.0999984741211,91475080
2026-01-20,121.98999786376953,126.9000015258789,120.19999694824219,125.86000061035156,171440092
2026-01-21,127.0,135.89999389648438,127.0,134.97000122070312,248755481
2026-01-22,131.44000244140625,131.83999633789062,119.0,124.33999633789062,233048051
2026-01-23,129.10000610351562,132.47999572753906,126.0,127.41999816894531,141941218
2026-01-27,130.5500030517578,134.0,129.02999877929688,131.4499969482422,139657546
2026-01-28,132.0,137.10000610351562,132.0,135.82000732421875,184193702
2026-01-29,143.0,148.13999938964844,141.63999938964844,146.52999877929688,271824296
2026-01-30,138.6999969482422,142.8000030517578,127.0999984741211,131.1199951171875,352204561
2026-02-02,121.98999786376953,122.0,112.0999984741211,118.66999816894531,279790835
2026-02-03,120.0999984741211,126.80000305175781,120.0,125.19999694824219,219625720
2026-02-04,128.25,132.0,128.10000610351562,129.60000610351562,159221122
2026-02-05,125.87999725341797,126.19000244140625,121.61000061035156,125.22000122070312,128187910
2026-02-06,123.88999938964844,125.58000183105469,121.55000305175781,125.04000091552734,95408028
2026-02-09,129.10000610351562,129.89999389648438,127.4000015258789,127.9800033569336,90368722
2026-02-10,127.9800033569336,128.44000244140625,127.68000030517578,128.33999633789062,48442393
2026-02-11,128.33999633789062,130.0,127.9000015258789,128.6999969482422,39299287
2026-02-12,129.0,129.27000427246094,128.10000610351562,128.52000427246094,42181114
2026-02-13,126.5,126.77999877929688,124.0,126.0999984741211,56101521
2026-02-16,127.08000183105469,127.08000183105469,125.81999969482422,126.91999816894531,47510656
2026-02-17,126.0,126.19000244140625,123.38999938964844,124.58000183105469,56084677
2026-02-18,124.20999908447266,125.37999725341797,124.20999908447266,124.63999938964844,38119799
2026-02-19,126.11000061035156,128.0,126.11000061035156,127.08999633789062,66724126
2026-02-20,126.87999725341797,127.69999694824219,123.91000366210938,127.54000091552734,38275525
2026-02-23,130.72000122070312,132.0,129.3000030517578,130.0,56313912
2026-02-24,130.11000061035156,134.0,130.11000061035156,131.22000122070312,48385152
2026-02-25,131.10000610351562,132.0,130.63999938964844,131.69000244140625,44906554
2026-02-26,132.69000244140625,133.7899932861328,130.0,130.47999572753906,40839441
2026-02-27,130.6999969482422,131.8000030517578,130.64999389648438,131.60000610351562,43704178
2026-03-02,140.10000610351562,142.0,135.22999572753906,138.32000732421875,177836182
2026-03-04,134.39999389648438,135.3000030517578,104.72000122070312,133.9600067138672,104088677
2026-03-05,136.0,137.3000030517578,131.25,132.24000549316406,65008653
2026-03-06,132.30999755859375,132.30999755859375,130.61000061035156,130.82000732421875,45371780
2026-03-09,129.88999938964844,132.17999267578125,125.86000061035156,131.35000610351562,69277274
2026-03-10,131.50999450683594,132.77999877929688,131.50999450683594,132.1999969482422,37242470
2026-03-11,133.42999267578125,133.44000244140625,132.3300018310547,132.7100067138672,32157892
2026-03-12,131.89999389648438,132.64999389648438,131.5399932861328,132.42999267578125,30302165
2026-03-13,131.3800048828125,131.3800048828125,129.8699951171875,130.32000732421875,37192341
2026-03-16,128.0,128.8699951171875,126.86000061035156,127.22000122070312,56788314
2026-03-17,127.81999969482422,129.0800018310547,127.81999969482422,128.22000122070312,28319680
2026-03-18,127.87999725341797,128.07000732421875,127.11000061035156,127.91000366210938,27955998
2026-03-19,125.87999725341797,125.87999725341797,120.7300033569336,121.31999969482422,101167992
2026-03-20,122.66999816894531,122.66999816894531,120.05000305175781,121.05999755859375,68506513
2026-03-23,116.63999938964844,117.0,107.12999725341797,110.72000122070312,227283756
2026-03-24,111.62000274658203,116.58999633789062,111.62000274658203,115.48999786376953,102922002
2026-03-25,118.37000274658203,119.87999725341797,118.37000274658203,119.29000091552734,65241148
2026-03-27,118.33999633789062,118.86000061035156,116.5199966430664,117.52999877929688,58866050
2026-03-30,120.43000030517578,121.80000305175781,117.91999816894531,121.19000244140625,72514040
2026-04-01,125.62000274658203,125.62000274658203,123.0199966430664,123.37000274658203,59364793
2026-04-02,123.12999725341797,123.30000305175781,119.0,120.58000183105469,58520148
2026-04-06,120.88999938964844,123.01000213623047,120.31999969482422,122.80999755859375,42281672
2026-04-07,122.2300033569336,122.26000213623047,120.80000305175781,121.77999877929688,36328914
2026-04-08,125.18000030517578,125.68000030517578,123.75,124.38999938964844,55049335
2026-04-09,122.97000122070312,123.4800033569336,122.19999694824219,123.20999908447266,36306691
2026-04-10,123.5199966430664,124.37999725341797,122.87000274658203,123.48999786376953,32244475
2026-04-13,123.44000244140625,124.3499984741211,122.7300033569336,123.76000213623047,68466735
2026-04-15,125.75,126.0,124.88999938964844,125.05999755859375,53936360
2026-04-16,125.31999969482422,126.47000122070312,125.31999969482422,125.61000061035156,29443660
2026-04-17,125.26000213623047,125.26000213623047,124.2300033569336,124.80000305175781,40405056
2026-04-20,125.18000030517578,125.25,124.30999755859375,125.0,32823752
2026-04-21,125.0999984741211,125.7699966430664,124.94999694824219,125.22000122070312,21375197
2026-04-22,124.98999786376953,125.18000030517578,124.47000122070312,124.98999786376953,22336874
2026-04-23,124.2699966430664,124.5,123.76000213623047,124.08000183105469,23148344
2026-04-24,123.87000274658203,124.2300033569336,123.13999938964844,123.94000244140625,22028158
2026-04-27,124.80999755859375,125.9000015258789,124.12999725341797,124.25,16549661
2026-04-28,124.06999969482422,124.06999969482422,122.51000213623047,122.68000030517578,28116911
2026-04-29,122.66000366210938,122.80999755859375,121.4000015258789,121.58000183105469,22335957
2026-04-30,122.69999694824219,123.62000274658203,121.68000030517578,123.43000030517578,34788645
2026-05-01,123.43000030517578,123.43000030517578,123.43000030517578,123.43000030517578,0
2026-05-04,123.37999725341797,123.43000030517578,122.0999984741211,122.37999725341797,25301743
2026-05-05,121.4800033569336,122.25,121.4800033569336,122.16000366210938,18302221
2026-05-06,123.30999755859375,124.25,123.30999755859375,124.0199966430664,21326865
2026-05-07,124.47000122070312,125.19000244140625,124.0999984741211,124.47000122070312,23956362
2026-05-08,124.55000305175781,124.72000122070312,124.0,124.30999755859375,23188221
2026-05-11,124.16999816894531,124.16999816894531,123.02999877929688,123.2300033569336,28730298
2026-05-12,125.5,125.5,124.45999908447266,124.61000061035156,43573001
2026-05-13,131.10000610351562,134.39999389648438,129.42999267578125,131.74000549316406,103923323
2026-05-14,131.64999389648438,132.7899932861328,130.60000610351562,131.77999877929688,50086666
2026-05-15,135.07000732421875,135.07000732421875,128.9199981689453,129.41000366210938,42784279
2026-05-18,129.41000366210938,129.89999389648438,128.02999877929688,129.6999969482422,30877573
2026-05-19,130.67999267578125,130.89999389648438,130.02000427246094,130.63999938964844,30767769
2026-05-20,129.8800048828125,130.44000244140625,129.02000427246094,130.1999969482422,28146890
2026-05-21,132.8000030517578,132.8000030517578,130.25,130.74000549316406,18076252
2026-05-22,130.72999572753906,130.89999389648438,130.22000122070312,130.5,13684372
2026-05-25,130.5,131.2899932861328,130.02000427246094,130.50999450683594,19993051
2026-05-26,130.13999938964844,130.14999389648438,129.2100067138672,129.5800018310547,15190494
2026-05-27,129.02999877929688,129.77999877929688,128.9199981689453,129.0399932861328,16120254
2026-05-28,129.0399932861328,129.0399932861328,129.0399932861328,129.0399932861328,0
2026-05-29,129.0399932861328,129.38999938964844,126.80000305175781,128.64999389648438,18731585
2026-06-01,128.32000732421875,128.32000732421875,127.2300033569336,127.48999786376953,32346830
2026-06-02,126.91000366210938,128.89999389648438,126.91000366210938,128.6699981689453,19572407
2026-06-03,128.36000061035156,128.36000061035156,127.31999969482422,127.63999938964844,23675758
2026-06-04,130.8300018310547,130.8300018310547,127.6500015258789,128.5,14853246
2026-06-05,128.0399932861328,128.05999755859375,127.19000244140625,127.77999877929688,17561552
2026-06-08,124.9800033569336,125.06999969482422,123.61000061035156,124.16000366210938,41871866
2026-06-09,126.63999938964844,126.63999938964844,124.30000305175781,125.38999938964844,18409128
2026-06-10,121.95999908447266,122.6500015258789,120.9000015258789,121.1500015258789,46789693
2026-06-11,114.4000015258789,119.91999816894531,113.33000183105469,119.27999877929688,42321173
2026-06-12,121.20999908447266,122.16999816894531,120.6500015258789,121.91999816894531,24405140
2026-06-15,123.5199966430664,124.4800033569336,123.5199966430664,124.11000061035156,24031129
2026-06-16,124.13999938964844,124.62999725341797,123.11000061035156,124.13999938964844,13822966
2026-06-17,124.01000213623047,124.01000213623047,123.31999969482422,123.75,14080501
2026-06-18,123.75,124.18000030517578,121.69999694824219,122.12000274658203,20275168
2026-06-19,119.8499984741211,120.58000183105469,118.37000274658203,119.79000091552734,43571941
2026-06-22,120.23999786376953,121.19999694824219,119.52999877929688,121.12000274658203,22063093
2026-06-23,121.12000274658203,121.12000274658203,118.33000183105469,118.9000015258789,29551886
2026-06-24,118.9000015258789,118.9000015258789,116.01000213623047,117.55999755859375,29175055
2026-06-25,114.87999725341797,115.70999908447266,114.55000305175781,114.95999908447266,59740231
2026-06-26,114.95999908447266,114.95999908447266,114.95999908447266,114.95999908447266,0
2026-06-29,120.0,120.0,115.37000274658203,116.43000030517578,27746387
2026-06-30,116.9000015258789,116.9000015258789,114.25,115.97000122070312,31398275
2026-07-01,115.36000061035156,115.5999984741211,114.43000030517578,115.45999908447266,29075022
2026-07-02,118.33999633789062,118.33999633789062,116.86000061035156,117.69000244140625,19578444
2026-07-03,119.55000305175781,120.62999725341797,119.55000305175781,120.30999755859375,43247725
2026-07-06,123.0,123.0,119.30000305175781,119.51000213623047,25822672
2026-07-07,119.37000274658203,119.45999908447266,118.41000366210938,118.58000183105469,16727134
2026-07-08,118.55000305175781,118.88999938964844,116.76000213623047,116.95999908447266,21472968
2026-07-09,116.97000122070312,118.63999938964844,116.91999816894531,118.41999816894531,18641803
2026-07-10,118.41999816894531,119.36000061035156,117.91000366210938,118.13999938964844,14817060
2026-07-13,116.47000122070312,117.20999908447266,116.02999877929688,116.94999694824219,19867988
2026-07-14,116.4000015258789,116.4800033569336,115.26000213623047,115.9800033569336,20985804
2026-07-15,116.75,116.75,115.9800033569336,116.38999938964844,14714944
2026-07-16,116.38999938964844,116.97000122070312,116.0999984741211,116.47000122070312,15052163
2026-07-17,115.94999694824219,115.98999786376953,115.1500015258789,115.79000091552734,24160121
2026-07-20,116.02999877929688,116.94000244140625,116.02999877929688,116.83999633789062,13869503
2026-07-21,117.0199966430664,117.8499984741211,117.0199966430664,117.7300033569336,15013490
2026-07-22,119.18000030517578,119.44000244140625,118.80000305175781,119.13999938964844,19008828
2026-07-23,119.4800033569336,119.79000091552734,118.54000091552734,118.69000244140625,13642771
2026-07-24,118.69999694824219,119.87999725341797,116.75,117.91000366210938,25412327
2026-07-27,118.52999877929688,118.91000366210938,118.30999755859375,118.62000274658203,19438238
2026-07-28,117.4800033569336,117.4800033569336,116.5999984741211,116.83000183105469,12182667
2026-07-29,116.83000183105469,117.1500015258789,116.33000183105469,116.8499984741211,19147325
2026-07-30,116.8499984741211,117.55999755859375,116.70999908447266,117.37000274658203,18386079
2026-07-31,117.37000274658203,117.7699966430664,117.0,117.11000061035156,12123978
2026-08-03,117.19999694824219,117.45999908447266,116.91999816894531,117.26000213623047,19279545
2026-08-04,117.26000213623047,117.4800033569336,116.54000091552734,117.1500015258789,11644048
2026-08-05,118.05999755859375,119.75,118.05999755859375,119.38999938964844,27179534
2026-08-06,122.37000274658203,122.75,121.41000366210938,122.4800033569336,36636415
2026-08-07,122.23999786376953,123.61000061035156,121.66999816894531,123.4000015258789,27143156
2026-08-10,124.02999877929688,124.98999786376953,123.73999786376953,124.58000183105469,30250470
2026-08-11,126.66000366210938,126.7300033569336,125.0,125.5199966430664,30064670
2026-08-12,125.83000183105469,126.54000091552734,125.76000213623047,126.44999694824219,18273875
2026-08-13,126.04000091552734,126.58999633789062,124.9000015258789,125.4800033569336,24579205
2026-08-14,124.54000091552734,125.19999694824219,123.80999755859375,125.12999725341797,21344677
2026-08-17,125.87000274658203,126.76000213623047,125.87000274658203,126.41999816894531,23143007
2026-08-18,126.8499984741211,126.8499984741211,126.16999816894531,126.43000030517578,13766507
2026-08-19,125.62999725341797,125.9000015258789,125.0,125.7300033569336,16219822
2026-08-20,127.83000183105469,129.3699951171875,127.83000183105469,128.8800048828125,36486441
2026-08-21,130.13999938964844,131.92999267578125,129.82000732421875,131.32000732421875,46291317
2026-08-24,132.86000061035156,133.61000061035156,132.52999877929688,133.02000427246094,47032311
2026-08-25,133.02000427246094,133.4499969482422,132.27999877929688,132.77999877929688,39819108
2026-08-26,132.30999755859375,133.27000427246094,132.25,132.3699951171875,22841519
2026-08-27,131.24000549316406,131.49000549316406,128.14999389648438,130.0500030517578,43844954
2026-08-28,129.64999389648438,131.0800018310547,129.1300048828125,130.85000610351562,26501307
2026-08-31,127.79000091552734,127.79000091552734,126.08000183105469,127.31999969482422,48850744
2026-09-01,127.19000244140625,127.80000305175781,125.0199966430664,125.33999633789062,35522261
2026-09-02,123.47000122070312,124.29000091552734,122.75,123.5199966430664,36173459
2026-09-03,126.08000183105469,126.68000030517578,125.80000305175781,126.2300033569336,29706695
2026-09-04,126.8499984741211,127.72000122070312,126.77999877929688,127.16999816894531,20415178
2026-09-07,125.69999694824219,125.91999816894531,124.75,125.58000183105469,20788912
2026-09-08,126.0,126.69999694824219,125.29000091552734,125.83999633789062,19795291
2026-09-09,125.5,126.30999755859375,125.1500015258789,125.77999877929688,15054022
2026-09-10,126.41000366210938,126.93000030517578,126.05000305175781,126.19999694824219,15916449
2026-09-11,124.55000305175781,125.79000091552734,123.91000366210938,125.12000274658203,22473340
2026-09-14,125.12000274658203,125.12000274658203,125.12000274658203,125.12000274658203,0
2026-09-15,124.80000305175781,124.80000305175781,123.37999725341797,123.62000274658203,23136571
2026-09-16,124.5999984741211,125.05000305175781,124.43000030517578,124.91000366210938,13858810
2026-09-17,124.26000213623047,125.0,123.66999816894531,124.43000030517578,22769280
2026-09-18,125.51000213623047,126.94999694824219,125.47000122070312,126.4800033569336,28783409
2026-09-21,126.63999938964844,126.63999938964844,125.41000366210938,125.56999969482422,19462259
2026-09-22,125.55999755859375,125.56999969482422,124.27999877929688,125.0,21852347
2026-09-23,125.29000091552734,125.51000213623047,124.58999633789062,124.7300033569336,14210476
2026-09-24,124.0,124.27999877929688,123.22000122070312,123.43000030517578,20039975
2026-09-25,123.98999786376953,124.5,123.52999877929688,124.43000030517578,13701949
2026-09-28,122.69999694824219,122.69999694824219,120.72000122070312,121.16999816894531,32918395
2026-09-29,120.93000030517578,121.08999633789062,119.80000305175781,120.63999938964844,28612025
2026-09-30,121.12000274658203,122.0999984741211,121.12000274658203,121.58999633789062,24806672
2026-10-01,121.31999969482422,122.0,120.80999755859375,121.43000030517578,17170693
2026-10-02,121.43000030517578,121.43000030517578,121.43000030517578,121.43000030517578,0
