Date,Open,High,Low,Close,Volume
2019-10-03,290.9213247512628,297.889992699747,287.982725511351,295.4341735839844,14314
2019-10-04,295.1193016820311,297.95295073801077,277.69760748600794,292.0337829589844,14788
2019-10-07,293.85983237737344,295.43408147939505,289.24203501144325,290.18658447265625,17638
2019-10-09,295.1193014314559,297.2183007303994,292.39060234282937,293.9228820800781,24548
2019-10-10,293.9228242086622,294.65747381864486,288.69631185884776,293.8808288574219,12632
2019-10-11,290.9213311401416,305.46740794616966,290.9213311401416,302.31890869140625,43072
2019-10-14,300.5767100365289,302.2559095339397,294.48961185841483,300.13592529296875,38328
2019-10-15,298.05793228706216,305.8452153934319,294.67854817930396,303.53631591796875,31418
2019-10-16,300.07298779618765,301.83615264407143,294.5526340358267,296.90350341796875,12786
2019-10-17,299.7371138302049,301.1224483074309,297.0084146146638,297.99493408203125,7110
2019-10-18,300.1988721551432,300.996502144854,296.60958844654516,297.8689880371094,17136
2019-10-22,296.6725382213006,302.67567052891803,296.6725382213006,299.4432067871094,23400
2019-10-23,302.67565105448716,304.35485022815976,298.5616182034985,300.30377197265625,20080
2019-10-24,301.58419800085323,303.11645195540694,299.94696846977394,301.479248046875,10470
2019-10-25,300.17791527597876,311.07172787464174,299.73713050269123,309.6234130859375,42540
2019-10-27,311.0717269034531,323.24592404272454,311.0717269034531,313.8214111328125,12990
2019-10-29,315.4376341103791,338.96741181449437,312.9608046162403,330.109619140625,187054
2019-10-30,331.6418765921535,342.13687268684185,325.34487893534043,327.6537780761719,100330
2019-10-31,330.71827268311205,333.7408363252842,319.0478435310893,320.2442626953125,34104
2019-11-01,321.14693186197576,332.901329368035,320.7271319510451,329.8997497558594,63224
2019-11-04,333.32110719224323,335.02129159434327,325.34490941308377,326.7092590332031,31148
2019-11-05,326.70918998388765,331.2220377735784,325.869590395108,328.6402587890625,20396
2019-11-06,328.5983359013849,330.34051554547443,324.2534176590866,326.8771667480469,15058
2019-11-07,321.2518087037552,326.8141562572668,316.10926096560297,317.1167907714844,25548
2019-11-08,315.269694623189,320.58017309722015,315.12277492131943,318.6490783691406,24036
2019-11-11,317.1588205553721,325.7647183996939,317.1588205553721,321.7346496582031,24338
2019-11-13,333.74086381918517,345.68417407030586,332.62838402410193,337.1832275390625,287932
2019-11-14,325.34494724025205,344.1939744326123,325.34494724025205,339.1143798828125,81730
2019-11-15,342.1369449684166,343.81614469832294,333.36311613063424,337.64508056640625,33774
2019-11-18,335.96578983716955,342.136852297599,332.9012562846576,334.7063903808594,27500
2019-11-19,337.93890548345763,337.93890548345763,327.8637083013422,328.9132080078125,23180
2019-11-20,332.06168661421424,347.5313010829362,327.5908078918171,337.2252197265625,97422
2019-11-21,335.6719247519377,347.1744500322551,333.02719101888584,337.33013916015625,101802
2019-11-22,338.7784227724955,339.51307238817316,331.2220267255253,333.237060546875,34852
2019-11-25,333.3210840604548,335.02126834456556,327.44388610472885,328.5563659667969,23310
2019-11-26,328.7032470703125,333.321044921875,325.68068335205317,326.9190979003906,24890
2019-11-27,329.60590010428564,343.7531361662927,324.33739088729374,325.36590576171875,97372
2019-11-28,327.44387842033524,329.563862508675,323.2668648467455,324.82012939453125,19054
2019-11-29,325.7856526201581,329.3959465280651,323.3508187331104,325.3238830566406,26986
2019-12-02,325.76470104841275,329.416965063543,324.08550155847246,328.0106201171875,33214
2019-12-03,330.80231629059864,332.8383355263613,324.0855179902819,325.6177978515625,24600
2019-12-04,324.0854877903606,327.4019168911213,321.14688880780557,324.1484680175781,12304
2019-12-05,327.02409015102313,327.02409015102313,321.3148223178173,322.74212646484375,12442
2019-12-06,319.46771997701944,324.4213536116796,319.04792008217447,321.7346496582031,31000
2019-12-09,319.8874819928088,319.97144708634556,314.8498838511897,316.7389831542969,15990
2019-12-10,316.50809017969914,321.5247033238514,314.01027604122515,318.5650939941406,21452
2019-12-11,318.5860820263624,321.9444804638624,316.5920329540968,319.1528015136719,17052
2019-12-12,321.14688941118965,324.9250881101448,309.3085283632868,319.1108703613281,27610
2019-12-13,317.5785602847755,323.3927774778506,317.32669064460623,318.48114013671875,19832
2019-12-16,317.3687442002426,320.3283285553769,314.84994464309784,316.3192443847656,9216
2019-12-17,314.84988411480094,318.94293260829335,307.16755206690965,314.0102844238281,17804
2019-12-18,312.7509270671011,314.84992657761853,310.65192755658364,311.4075622558594,14448
2019-12-19,309.89624030650265,312.876808856985,307.54534587984557,308.7417907714844,12558
2019-12-20,310.5259747294057,310.5259747294057,301.8361121345408,304.1869812011719,42204
2019-12-23,303.9351083184638,307.69232230961796,302.7806586667017,304.4388732910156,8940
2019-12-24,302.7805865148914,305.78216514322503,299.3172383849117,300.6396179199219,9246
2019-12-26,301.7941009870256,310.23206712392107,300.63965148149003,303.9560546875,24740
2019-12-27,303.2004478296823,304.98459722847235,298.47769942112024,300.74462890625,18102
2019-12-30,301.62620072500295,307.7552684587039,301.62620072500295,306.6847839355469,16956
2019-12-31,306.68481130081494,309.18262582609293,304.37591185472735,306.6218566894531,12402
2020-01-01,308.5529065798522,308.6158868098072,306.4539072153634,306.5378723144531,6386
2020-01-02,308.5319020847142,314.5350347607771,306.18100757249886,308.6578369140625,26118
2020-01-03,309.7283294001505,317.7465220431586,303.7251965689779,309.35052490234375,277418
2020-01-06,306.91571871154497,310.42106350214874,302.9696147413088,306.2440490722656,23622
2020-01-07,304.4388615537815,310.4210095186424,304.3548964578349,308.51092529296875,15998
2020-01-08,303.8511345870436,313.5904964970027,303.0954999609584,308.7837829589844,15860
2020-01-09,308.9726867987079,311.9112857220652,307.2515176783326,308.6578369140625,17620
2020-01-10,307.20951111356004,314.4720430632764,307.20951111356004,309.1615905761719,20532
2020-01-13,318.8379410463224,339.21921576091654,315.3745927729423,337.28814697265625,409102
2020-01-14,337.9388532980768,363.9664419992951,337.5190534803152,360.5240783691406,577164
2020-01-15,358.9288410939298,363.0848695029837,349.4833452756685,357.8373718261719,190884
2020-01-16,359.6005220133855,364.0714004256018,353.0936246866667,354.4999694824219,58406
2020-01-17,353.47146673109927,354.3110664145461,344.65567005490794,345.9150695800781,33206
2020-01-20,340.100872098821,346.3348898674143,336.2387082024561,338.2327575683594,39608
2020-01-21,338.3586070351627,372.36238764291477,336.2805930957357,367.2618103027344,362190
2020-01-22,364.84805370452034,376.09871062409434,357.41761656595077,359.9154052734375,163582
2020-01-23,361.44768525315953,368.29041795632253,355.8223567899787,358.44610595703125,61268
2020-01-24,358.928916709499,364.80611534567794,356.8299171965779,358.0263366699219,36982
2020-01-27,358.80288670418037,360.6080206820376,346.92255773637095,350.72174072265625,34524
2020-01-28,351.4774866993752,366.35939914367447,348.4339372475144,349.3365173339844,23074
2020-01-29,352.21210626178674,354.940805535567,340.58364423208985,347.027587890625,27586
2020-01-30,349.27344573069246,352.58987451489463,330.06760421365016,342.0948791503906,77826
2020-01-31,343.37530925471015,347.5733079603792,336.259696324091,337.5610656738281,25442
2020-02-03,319.0479219682671,332.7124035017396,317.07485732632125,327.46490478515625,36632
2020-02-04,329.5428885292488,332.5654526313519,326.98211964447455,328.7242736816406,23438
2020-02-05,335.83988175195054,343.837063811659,330.84425326187045,340.9404602050781,82786
2020-02-06,343.7321176109223,346.3348818474983,335.83988542787716,336.3856201171875,59052
2020-02-07,339.0933039079545,339.9748732791233,324.44227997105236,326.2054443359375,70668
2020-02-10,326.20550232930896,330.80231629059864,324.5263027542298,325.6177978515625,32710
2020-02-11,326.604290250864,333.7408878527466,321.14689208471844,323.0569763183594,21346
2020-02-12,323.0989490596931,327.8636668760297,321.16785447024904,325.7436828613281,21332
2020-02-13,326.1845219472186,333.3211202395001,318.0823890104919,319.8035583496094,250572
2020-02-14,321.14691294572987,321.14691294572987,312.7928849612582,314.3251647949219,30336
2020-02-17,328.7033251899754,329.52194012817745,296.7985324512294,304.0610656738281,318658
2020-02-18,297.6380841117044,303.8091468334526,293.33513578709943,295.8959045410156,61688
2020-02-19,302.1929303852992,329.479922315883,301.29037602574124,312.47802734375,510192
2020-02-20,313.88436148129716,316.94889534489005,306.978648637021,309.0986328125,94914
2020-02-24,309.77033767807956,312.6249717004966,295.95891155642596,299.29632568359375,169874
2020-02-25,303.9770169415366,311.2605586536307,297.65903524210177,299.8210144042969,427086
2020-02-26,296.7985150116117,302.25591344888323,294.02784605401746,296.1058349609375,98124
2020-02-27,295.53914336649393,310.65194047046236,295.11934344693924,305.1315612792969,154960
2020-02-28,295.95890520338395,295.95890520338395,286.744293030343,288.0036926269531,70284
2020-03-02,292.18070781664545,297.21830622727725,274.12931351188143,278.7680969238281,70026
2020-03-03,287.54192067362203,287.54192067362203,279.16690830010873,282.06353759765625,45818
2020-03-04,282.10546875,282.10546875,267.832275390625,271.7154235839844,88612
2020-03-05,272.0303428932509,278.7471414832077,268.90282842529166,270.6240234375,57988
2020-03-06,267.4124985983319,267.4124985983319,260.27590130449886,260.94757080078125,46822
2020-03-09,261.8501688117013,261.8501688117013,245.58292385546332,248.58450317382812,75378
2020-03-11,248.5214730888286,253.97887030192788,246.02365923986252,247.2410888671875,34350
2020-03-12,241.38492885876607,241.38492885876607,225.0127336839976,226.23016357421875,66172
2020-03-13,215.56723291664062,227.95132906277672,198.14553833817794,224.25709533691406,82154
2020-03-16,222.4939177431175,260.2759037749676,215.88207018754372,235.02493286132812,122936
2020-03-17,240.12551566324524,243.48391448371018,228.79091964417594,232.27525329589844,170874
2020-03-18,240.965087890625,241.63675732910633,226.69189453125,230.78494262695312,93910
2020-03-19,226.69197640032567,243.90377460849854,219.13557718698146,233.5767059326172,126504
2020-03-20,236.76712834435168,241.2169967486117,232.19129948016567,237.24990844726562,100220
2020-03-23,209.63988160825167,240.4168003975482,209.63988160825167,223.35568237304688,59312
2020-03-24,229.71179020920954,230.67079206774895,210.9780131436041,213.76577758789062,51720
2020-03-25,209.63987189363513,219.69811987687132,209.63987189363513,213.8772735595703,35086
2020-03-26,216.33052206446982,224.0916555975524,213.43124702649237,221.79454040527344,31200
2020-03-27,225.25134273850782,265.39514639487555,223.06573837297594,234.23910522460938,261116
2020-03-30,234.17220479400171,234.17220479400171,224.51539183301804,228.6189727783203,25010
2020-03-31,229.26575966365556,235.39884175582534,229.26575966365556,232.07582092285156,23822
2020-04-01,245.3232396999309,250.22970449392952,236.4023946199334,237.87432861328125,102684
2020-04-03,242.58010568594764,242.58010568594764,233.25783750008398,236.2017059326172,23000
2020-04-07,245.12251102391022,245.12251102391022,234.1721793214448,238.49879455566406,50988
2020-04-08,239.07868504786228,277.4383248130044,236.40243111075935,243.5391082763672,372842
2020-04-09,245.99233158527312,252.9059873233905,243.76212005684815,244.54269409179688,102572
2020-04-13,261.04623304156075,265.3951450828341,249.78366596031447,251.25559997558594,330606
2020-04-15,256.74187715827264,256.74187715827264,246.0591883422129,247.79873657226562,79146
2020-04-16,245.32329316157762,256.02830959044644,243.985166107969,250.87652587890625,100754
2020-04-17,255.5376437117694,259.59661773859614,248.31175303089432,249.69447326660156,96174
2020-04-20,251.1218009476113,255.002374186858,250.67575867239353,252.01388549804688,49862
2020-04-21,250.6311740670391,250.6311740670391,239.10096451636917,243.78440856933594,50602
2020-04-22,241.35350688831417,243.8959537512686,238.67725276399682,241.19740295410156,32644
2020-04-23,244.1635797402549,246.95134427316674,241.35349131166936,242.4909210205078,29448
2020-04-24,240.86283556739562,246.21534302444886,236.40241268651795,237.74053955078125,43908
2020-04-27,240.72902285573193,240.72902285573193,234.28370649446853,235.57723999023438,39748
2020-04-28,237.69597668265476,237.71827335506526,231.29525269351032,231.80821228027344,59356
2020-04-29,233.77073036346147,236.40239050596702,229.06499011050565,234.64051818847656,55336
2020-04-30,237.33908253998888,237.74053147533596,234.61823556477808,235.13119506835938,66640
2020-05-04,231.94201707906902,231.94201707906902,224.80533963048228,227.3923797607422,74384
2020-05-05,228.5297510156347,231.49594306405942,223.6902031726894,224.71609497070312,92382
2020-05-06,225.8535025508023,227.90529968264963,223.021131458849,225.2513427734375,47104
2020-05-07,223.02115976941346,236.75925776635677,223.02115976941346,228.17294311523438,603216
2020-05-08,229.3326571376782,231.451358041457,223.02114776619052,223.84632873535156,74904
2020-05-11,223.91322827307624,226.61177866697332,220.835539212466,221.54920959472656,72048
2020-05-12,221.2369525445469,222.9765145699512,218.13695351061347,220.07723999023438,56908
2020-05-13,226.4556754372226,233.61464872661813,223.02114436908653,225.853515625,291790
2020-05-14,224.35928011601212,227.2585551075709,221.23698397125648,222.17367553710938,65266
2020-05-15,227.48157889824012,235.5103405064133,225.25136734041425,233.32472229003906,460370
2020-05-18,245.76932381407855,253.7980857535584,239.07868886451197,244.2081756591797,1502418
2020-05-19,245.74699336661124,249.31533151594252,231.94197970653389,235.3765106201172,287706
2020-05-20,232.38802211346731,238.27578550821897,227.54846077313132,236.64772033691406,77818
2020-05-21,241.10816099634192,242.98154411033312,236.40242015323827,238.38731384277344,92318
2020-05-22,238.18655596675578,243.85129785501147,236.446980342464,238.52108764648438,101180
2020-05-26,240.862822934142,240.862822934142,236.17937915486704,236.89303588867188,37830
2020-05-27,238.63264499208415,239.05639064767038,233.12403314225253,236.06790161132812,40508
2020-05-28,237.07142720204752,258.8159842596201,237.07142720204752,247.79873657226562,741014
2020-05-29,247.70955067343758,250.11818969394298,244.4311510517713,248.06640625,88346
2020-06-01,249.7837011656202,256.4743360182707,248.8916165186001,250.18515014648438,153704
2020-06-02,247.62044409109248,255.53769652615435,247.62044409109248,252.10316467285156,68016
2020-06-03,254.2441877409272,268.829780798287,250.11829522057008,260.6225891113281,531210
2020-06-04,262.87498261724926,271.63972350171207,261.3807520065735,266.97857666015625,291022
2020-06-05,269.85559082439727,283.6829020897796,267.66997267016455,281.4972839355469,483066
2020-06-08,283.5490686816394,302.416650738622,282.56777026978915,294.4101867675781,340154
2020-06-09,295.2799704067462,295.7260126581159,289.74903560005845,292.46990966796875,98346
2020-06-10,290.81955884850544,295.25768486167425,290.81955884850544,292.3807067871094,45426
2020-06-11,293.4958121987221,301.0785307509687,290.8418552605839,295.5252990722656,95178
2020-06-12,276.5462062669837,294.3656003253291,276.1001639988111,292.3807067871094,99036
2020-06-15,296.0382858422738,300.05266662210926,292.1577123102471,293.6965637207031,62570
2020-06-16,298.8483373773743,332.7475517664496,290.3958304499829,318.005859375,359880
2020-06-17,324.7188016462517,329.60297038509646,312.2296169675497,315.9317626953125,604286
2020-06-18,317.0691470857689,324.6741898168293,313.7015332822355,318.0504455566406,146782
2020-06-19,318.69716821179014,321.908677661015,314.4597670949084,315.8201904296875,94130
2020-06-22,317.13607531045864,322.04254061062045,314.9950777152403,317.96124267578125,127548
2020-06-23,318.92024253611413,320.013051609237,315.3519041580877,317.626708984375,54506
2020-06-24,317.5820636932169,318.9201903660816,309.9993458803171,311.6274108886719,75572
2020-06-25,312.14040417295956,364.8180175007486,308.2152372762333,353.3324279785156,2157398
2020-06-26,354.60361081340255,355.0273564221196,336.31587742554154,339.772705078125,619028
2020-06-29,341.22237247459526,363.0784460056478,332.14542221415905,339.6612243652344,707984
2020-06-30,352.37340392854077,356.12016999925726,339.4827710470203,344.41156005859375,379848
2020-07-01,341.2223666471368,346.9986199979767,339.4827907509956,340.64251708984375,104426
2020-07-02,341.668371263486,351.8827499102834,336.6280991688112,345.8165588378906,191480
2020-07-03,363.0561493985987,385.82660423857783,359.1086585582476,380.20648193359375,4471666
2020-07-06,381.81215940061037,443.63360329236116,367.98484988960695,425.4797058105469,7927122
2020-07-07,425.97038395196057,458.53147089279105,413.10207486573387,437.14373779296875,6588018
2020-07-08,438.9279386943874,452.73295391629347,418.3876953433333,421.643798828125,2465972
2020-07-09,431.3228610519879,431.3228610519879,401.9286655259597,414.75238037109375,2042622
2020-07-10,405.8984401968824,435.1142070462185,405.83152297088304,420.3502197265625,2729028
2020-07-13,423.7401493394676,430.43078327640654,412.0984571788975,414.5962829589844,656118
2020-07-14,419.7257882968719,423.2718298915222,401.4380546941389,403.6013488769531,797222
2020-07-15,405.8762384696803,407.2366621810731,381.388502767553,387.09783935546875,658348
2020-07-16,387.2984935443156,391.44668116706623,367.98486890022247,375.9913330078125,552154
2020-07-17,379.38125959659385,421.50995880802594,371.107180664844,418.0531311035156,3113956
2020-07-20,421.0639179651564,425.5243408249568,408.1286916717353,411.8754577636719,1473602
2020-07-21,412.1430351688168,419.27971110247597,406.6344243222269,408.1732482910156,817492
2020-07-22,408.17331121785304,417.2725853257791,400.52370185670003,405.2517395019531,816438
2020-07-23,407.70496739052385,424.98910687673447,405.2740313598689,415.5553283691406,1441024
2020-07-24,412.56682391608825,417.6516897163196,404.11431702788246,405.7646789550781,532962
2020-07-27,406.79053090784674,409.19916994108337,393.87760236016373,397.20062255859375,870654
2020-07-28,398.3381002638771,408.12873492356283,392.96329559306974,402.9100341796875,509838
2020-07-29,406.54523993961334,414.77472541784994,402.90998448231664,405.51934814453125,658512
2020-07-30,406.8351658326987,407.23661478736335,390.5546220870922,392.4726257324219,316120
2020-07-31,394.65827039962994,394.65827039962994,386.11657563289833,389.149658203125,231530
2020-08-03,384.28775494610835,403.6460025034099,383.6409881379375,398.8064270019531,430306
2020-08-04,403.356024856771,427.17469329165544,401.438048514277,423.8293762207031,2418416
2020-08-05,425.9703756921623,439.3516440385129,417.9639113534104,430.5646057128906,1543220
2020-08-06,430.87679289389155,440.2436796959327,423.89622112552473,431.5235595703125,750654
2020-08-07,430.87686776929155,435.3595875015421,420.17185242098617,423.494873046875,486796
2020-08-10,460.76172918927944,477.265295481635,448.941607385295,460.00347900390625,2503216
2020-08-11,460.31561657933156,465.6681237488587,446.4883063913865,454.583984375,559536
2020-08-12,468.3443832109095,502.62272074954694,463.8839605136627,490.2227783203125,4036338
2020-08-13,499.56727661259816,588.262759432195,495.1291783899536,574.9260864257812,8426730
2020-08-14,589.2664683574454,634.7181893639349,536.3212694218165,577.0003051757812,12758130
2020-08-17,593.2585397053604,603.9412302332545,549.5240735948076,557.7312622070312,3838576
2020-08-18,557.7314124806659,585.2076126738151,555.3227726973322,569.3731079101562,4318078
2020-08-19,584.1815313425384,588.3297461768699,557.931954997588,563.3513793945312,2998742
2020-08-20,559.7830991582122,559.7830991582122,535.2507721034698,538.0831298828125,1672732
2020-08-21,541.9413358693865,560.6751104426493,535.2507020932212,540.3801879882812,2370202
2020-08-24,545.6880621029408,546.4017187642772,531.4369805240218,533.9125366210938,702138
2020-08-25,538.1053878116644,539.2427628938395,517.5651201708049,523.1852416992188,838774
2020-08-26,521.8695494790605,539.2652011283626,512.5026601294364,525.2594604492188,1305902
2020-08-27,464.3746659841472,475.4365377169455,449.8336966931903,450.8595886230469,11662338
2020-08-28,437.83512801570856,461.20775634494464,437.83512801570856,450.7703552246094,16565194
2020-08-31,438.0135001603396,440.64516038909215,410.8049222481393,413.10205078125,9651410
2020-09-01,413.0351663468789,413.0351663468789,388.5028400519779,397.9366455078125,6511002
2020-09-02,397.8474109132144,409.4668066819404,395.3049645118406,398.8955993652344,2609886
2020-09-03,400.09995133540787,418.3876860118312,397.9589536961912,412.85675048828125,4411752
2020-09-04,405.898440179919,413.45886162592404,403.69052563738546,406.344482421875,1894078
2020-09-07,407.70495942187307,412.12078908755336,396.1970735111523,397.89202880859375,1716244
2020-09-08,399.2078377926005,406.34451422241233,385.87116282468554,387.9229736328125,1851788
2020-09-09,385.82658400732606,386.6740752549657,372.4676118676537,374.1625671386719,2266656
2020-09-10,377.5524885361015,392.00424188924893,377.5524885361015,385.6035461425781,2117476
2020-09-11,386.71873178906645,390.2870707213762,379.15830823138214,380.22882080078125,1803916
2020-09-14,380.2733392463186,385.69276382202077,370.6611335855525,372.0438537597656,1705960
2020-09-15,375.1215554800515,383.59635875486833,366.7582627746401,375.7906188964844,2627204
2020-09-16,377.73097225251144,379.5820589880467,373.78350814569114,375.0547180175781,943060
2020-09-17,374.7646936434467,376.9056909400297,369.3452695644876,370.2150573730469,798390
2020-09-18,372.53455177726977,379.06905544243665,370.75038249406856,375.5230407714844,1445736
2020-09-21,375.9467186126755,379.04671785243943,353.7115222108167,356.47698974609375,1439460
2020-09-22,352.5071927399171,355.9417235878092,336.8734169670337,345.8165588378906,2292796
2020-09-23,346.128770721871,351.03523525529954,338.5460528065722,343.8985595703125,1256208
2020-09-24,338.10003849077907,362.9445982152304,331.9669573176284,347.4223327636719,2706724
2020-09-25,349.69718119665635,355.04968907211537,339.9734640010917,342.42669677734375,1429186
2020-09-28,345.7274512086146,349.16198311219216,342.5605610779395,347.1101989746094,711684
2020-09-29,350.1432027200233,356.23169095638804,348.0245018118448,349.34033203125,1124204
2020-09-30,350.58924815073544,361.7403056618911,341.2223598413646,359.5546875,2451386
2020-10-01,362.63234122726976,366.62442472130226,354.93811258499375,356.5438537597656,1311938
2020-10-05,359.06402548379486,367.7395530350565,352.8863509661067,366.06689453125,1329478
2020-10-06,367.9849224071837,369.6352844737413,363.25688459686944,366.3791809082031,773692
2020-10-07,364.862568398317,366.04459127610806,359.9561035421049,361.093505859375,652562
2020-10-08,363.39067802882425,365.8885040931763,354.2245139369139,356.0978698730469,587478
2020-10-09,356.3878207035532,359.2647991691041,348.3590587853255,350.43316650390625,728078
2020-10-12,351.83815092912863,353.68923731192626,342.1144345066471,342.9842224121094,657670
2020-10-13,342.9842410504956,343.8317051082274,335.8698607335318,337.00726318359375,560898
2020-10-14,338.1001025746214,351.0353307733866,336.7619755195767,342.96197509765625,973148
2020-10-15,344.09930842254903,345.25900741390313,330.58423333045846,332.6360168457031,624040
2020-10-16,334.08565537584735,338.12233241584386,330.07127500417494,331.58782958984375,568224
2020-10-19,334.04113011615436,334.97780817073414,330.07134227209485,330.7181091308594,453474
2020-10-20,330.74033472495137,332.8813321212051,319.3662571315781,320.0576171875,1051072
2020-10-21,323.8267108187053,323.8267108187053,309.1073148724005,311.67205810546875,1693360
2020-10-22,312.2296084571024,326.94900428436586,311.7835661593066,323.5813903808594,1948058
2020-10-23,326.3914313532394,326.3914313532394,319.3662655946968,320.2360534667969,600730
2020-10-26,322.4885726061377,322.5108692755737,310.33392031911524,313.032470703125,655868
2020-10-27,314.4598343109938,316.15478967519346,307.79149620947555,312.4080505371094,727400
2020-10-28,313.12170214321526,318.2065953754167,309.508770315883,312.78717041015625,582698
2020-10-29,311.29291210695663,315.5526103540731,308.21520954452166,310.0885925292969,601170
2020-10-30,310.08866761565116,314.03613178378635,305.27141536279925,306.4757080078125,569552
2020-11-02,308.2151858395908,309.1072703138009,298.8928921943922,301.05621337890625,514874
2020-11-03,303.3087033144362,304.2677049572651,298.93749509387345,300.0303039550781,522936
2020-11-04,298.8483417259364,301.0785532313538,293.4958341129345,294.78936767578125,506958
2020-11-05,297.95625119934033,318.92023893342565,296.4396965161064,312.5418395996094,2559808
2020-11-06,313.92456829971434,320.70441676945643,310.89148607553705,313.2778015136719,721290
2020-11-09,315.79790312889696,322.93457890582124,311.51590855244547,320.52593994140625,1157466
2020-11-10,321.1504647258965,328.1310378002684,315.1958107488087,324.6518859863281,937784
2020-11-11,325.92310154599613,327.5065462053716,319.8123168256744,326.2130126953125,753234
2020-11-12,325.6777865959988,338.90292406503295,322.48857335568164,337.029541015625,1400692
2020-11-13,338.5461399243336,342.5605210301557,331.1641445579246,339.3713073730469,1365782
2020-11-14,347.28854502439503,350.7676969555265,343.5195091394411,346.2403564453125,641492
2020-11-17,347.46700460957936,351.0353435529383,339.95120159983577,347.734619140625,913542
2020-11-18,347.02084768675763,347.176951574292,341.5568304834636,342.67193603515625,492218
2020-11-19,341.22237513748183,352.3734331485106,339.5497164358275,345.3482666015625,1060630
2020-11-20,346.53024195305665,349.6971311026757,342.64966885438685,344.433837890625,440024
2020-11-23,345.682769676733,347.6453666136341,326.9489937716714,344.41156005859375,511056
2020-11-24,345.1029209110849,355.8748257455986,345.1029209110849,352.9086608886719,1446888
2020-11-25,354.6036295652948,364.8626024961146,352.8194603599348,360.3798828125,2678506
2020-11-26,363.0783974867736,365.3086087735474,358.3057398882259,361.47265625,787892
2020-11-27,361.7403149846566,368.3417357565402,359.1086544544961,365.08563232421875,1237092
2020-12-01,368.3417158583816,372.3560964489957,364.8625914580349,370.1258850097656,832030
2020-12-02,371.1071795191862,372.42300969911236,365.7992654608783,369.4568176269531,734356
2020-12-03,372.44527392271004,380.5632482123441,370.215062701616,378.1100158691406,1242642
2020-12-04,380.4740707250149,383.3064283571205,372.7575446065109,375.8575439453125,905708
2020-12-07,377.7532727222649,388.94892468767466,376.0136966877405,386.87481689453125,1251354
2020-12-08,388.81508409715093,389.5064442275091,381.05393707282417,385.15753173828125,1035344
2020-12-09,392.02658270400883,398.98483159391884,389.61794342905324,391.6474304199219,2047528
2020-12-10,393.8553845690141,394.2122129946656,378.53384114394544,386.58489990234375,735732
2020-12-11,388.5028429646189,391.2906073372123,380.0280392719349,382.1690368652344,565486
2020-12-14,384.4884402639789,391.9819450238077,383.95318409022116,389.4618225097656,637800
2020-12-15,392.51717749684354,394.63587817083214,386.4733104927381,388.7035217285156,662490
2020-12-16,390.06396062096695,394.7474044020077,387.2984931339767,392.53948974609375,773012
2020-12-17,394.7857298210394,397.372262555685,391.60929291443335,393.10675048828125,497572
2020-12-18,394.7856802533602,398.8696700490846,388.4781738236545,391.9722595214844,476678
2020-12-21,390.2933192828114,395.55714549506604,356.895366037899,362.5448913574219,944604
2020-12-22,362.2046279654842,367.763393468768,345.3241263672652,360.2306823730469,859706
2020-12-23,361.9095977193391,366.5608088451628,360.23061840782424,365.244873046875,367900
2020-12-24,368.30783736665006,375.023726399015,367.0826348447218,373.11785888671875,669886
2020-12-28,374.3657758159022,376.6346593056956,371.23470552145477,372.7775573730469,254090
2020-12-29,373.91196092757383,383.4412706114076,371.18930101790704,379.493408203125,809464
2020-12-30,381.1723597438088,381.1723597438088,373.45815722518404,377.1110534667969,386952
2020-12-31,381.6261565125323,387.7521411890117,381.14969657696065,384.00848388671875,887524
2021-01-01,385.2564152274169,391.60928897675,384.6211167739509,388.7958679199219,525246
2021-01-04,391.13282531833124,404.31503268536096,388.7958642753435,402.4545593261719,1478680
2021-01-05,399.2326526178247,420.6282306798818,392.2898760818416,418.1778259277344,2985300
2021-01-06,423.82743845249814,435.82983772524267,422.0123316497037,428.2744445800781,3301122
2021-01-07,435.62557722662547,437.4180005055215,419.9702830450436,422.2391662597656,1012478
2021-01-08,422.9651776923382,426.75422909850124,412.93672543878426,414.0711669921875,710614
2021-01-11,424.7349922051529,424.7349922051529,410.44102612132565,412.0065612792969,898772
2021-01-12,413.8443189170944,415.13757133517845,407.03766893490535,409.1250305175781,584460
2021-01-13,412.2334451051882,426.5500943276642,408.42170977947217,418.2005920410156,1612754
2021-01-14,456.0455397860319,475.557936015683,446.19858080063983,457.9740905761719,15085380
2021-01-15,462.3984005077701,462.3984005077701,431.0878120533676,438.8473815917969,3572058
2021-01-18,440.16335418666756,442.29610999879657,427.11727538989777,436.2835693359375,1678884
2021-01-19,444.2473885396722,448.9893605858227,438.3482914497685,440.2314758300781,729042
2021-01-20,441.52474303793065,445.1549567525282,431.9046711549805,440.18609619140625,766022
2021-01-21,442.2053696319654,444.11123720556117,438.34826789582206,439.528076171875,688496
2021-01-22,440.1633849325059,442.43226835999303,428.13830276682404,430.1802978515625,681374
2021-01-25,437.44072500561396,439.46003679620276,422.5568552542327,427.9794921875,699818
2021-01-27,429.2727642738269,429.40889174648663,413.8443562555287,415.63677978515625,497518
2021-01-28,413.4132605987945,421.76276303009644,409.1704594953495,419.19891357421875,467670
2021-01-29,423.78210470051465,427.6845735503985,418.3821504652174,419.8796081542969,654836
2021-02-01,426.5500787749673,429.7265155318022,411.12167167034085,412.4830017089844,1699902
2021-02-02,415.65944230680833,427.00385940033476,415.20566562306726,424.1677551269531,1003592
2021-02-03,443.3398402596034,443.74825037215226,431.17863011928193,437.7583923339844,1851870
2021-02-04,441.2524346747168,444.2473495481954,437.8944763166584,443.0448303222656,1116136
2021-02-05,444.70115329253764,462.3984440868325,440.16338642220563,459.8345947265625,2996074
2021-02-08,463.30595665282647,483.18139595131316,462.8748632988495,469.5226745605469,3461870
2021-02-09,472.7446012319557,473.6748102569667,457.8607029051293,461.0371398925781,1166948
2021-02-10,461.55896477523817,464.6673239791838,450.1464701048343,458.1556396484375,1133612
2021-02-11,458.15570140875786,460.31114094628924,449.32973818423085,451.1221618652344,754380
2021-02-12,452.8691225493181,476.0117330202752,452.8237559602601,465.8017578125,2880490
2021-02-15,472.97142766125825,475.1495223604425,465.6202126457845,470.27142333984375,1464310
2021-02-16,467.39005585132446,469.63622862286235,456.47673047483966,461.5136413574219,779356
2021-02-17,465.07570490954964,478.053706167409,457.83796172114273,471.8823547363281,1494320
2021-02-18,472.38153016463235,487.71920430975143,464.9169258363866,477.8949279785156,1457096
2021-02-19,482.68226996426597,491.4401827276513,476.69243947866823,481.61590576171875,1568192
2021-02-22,483.7259296351138,495.5241230408483,471.9277362293793,477.9402770996094,2263152
2021-02-23,482.40997671917563,485.5410468850977,458.76822280451756,467.480712890625,1011812
2021-02-24,470.0672421923308,485.49564827194195,470.0672421923308,482.9090881347656,557096
2021-02-25,487.35616204329534,499.1543559102652,481.0032884226192,497.5434265136719,1571312
2021-02-26,490.07883672235977,505.96102124576953,485.9041132332718,493.2779846191406,1658512
2021-03-01,500.8106532687657,500.94675303969865,490.07882350876815,492.4611511230469,638750
2021-03-02,494.6166827118119,508.139252708158,494.6166827118119,502.1947326660156,909198
2021-03-03,505.9383124147815,509.97693614651797,501.5820671482856,504.8719482421875,647408
2021-03-04,499.15437416189997,507.32235483000375,492.84686690077586,497.92919921875,777700
2021-03-05,503.77198145684815,509.890878216316,482.07987074925813,484.93231201171875,763776
2021-03-08,492.2933599547276,497.83711833996244,486.40449610944927,490.08502197265625,366926
2021-03-09,490.3840957550998,500.9885776309349,484.909302080185,490.1770324707031,554256
2021-03-10,489.9700346739853,496.8479953256829,487.669705872699,491.0511779785156,411122
2021-03-12,492.6153753669298,498.2511805018772,486.45048341581196,488.2447509765625,682402
2021-03-15,488.2217690330292,489.97004141019084,465.287501800974,467.42681884765625,852324
2021-03-16,469.4970430222075,496.870951949029,469.4970430222075,492.9143981933594,1073246
2021-03-17,485.3693665379038,492.2243574490439,476.6281172827188,481.2518005371094,775522
2021-03-18,483.0689976450382,485.5533637221429,471.56735484396586,474.25872802734375,466588
2021-03-19,469.26703762256415,484.7712300288885,452.01457300408754,474.81085205078125,3967772
2021-03-22,474.81086666523964,485.80639285889265,466.9667233797865,477.20318603515625,426740
2021-03-23,475.7079717448306,485.254335781296,465.63252087908984,469.6811218261719,665362
2021-03-24,469.1290271335996,472.87854595810705,459.60566097484093,461.284912109375,346930
2021-03-25,460.9628137931137,464.18327355381984,447.64390673815706,452.1295471191406,497106
2021-03-26,458.4554810552926,462.36603959916613,450.97941325082843,454.0618591308594,308640
2021-03-30,458.50146148972243,462.3660245689384,456.477189275042,460.15771484375,273476
2021-03-31,460.06572743053437,462.36605606768705,453.27975795093397,457.7424011230469,289982
2021-04-01,467.8868346702546,483.9891347818169,465.24145679478363,476.4670715332031,1961258
2021-04-05,478.46833808213984,478.92840379183417,456.47720277478567,460.01971435546875,579288
2021-04-06,466.92066799720226,468.34686036742767,458.31743419956405,460.1806945800781,322770
2021-04-07,462.366080958136,469.3360883359969,461.1238978111667,462.7801513671875,416420
2021-04-08,467.42677514837584,469.2670380426608,462.9181366734144,464.827392578125,287444
2021-04-09,464.2063224965962,469.2670455366979,458.68553372557625,460.27276611328125,317132
2021-04-12,456.8452468761718,456.8452468761718,436.1652877383993,440.4669189453125,435726
2021-04-13,438.44262343108807,448.4260549951357,437.70652952413724,446.65478515625,224272
2021-04-15,446.2638072357335,449.09322301883896,435.3602426181633,445.8037414550781,255634
2021-04-16,445.80372489110493,451.78457981740456,438.9027384376823,443.7334289550781,201178
2021-04-19,436.14227877693645,436.14227877693645,427.40103057360125,432.55377197265625,411194
2021-04-20,435.2681875677146,440.6969857911239,433.7499762341275,437.68353271484375,250198
2021-04-22,430.16150434550633,438.30467426840517,430.16150434550633,436.5104064941406,149016
2021-04-23,434.76212984857466,443.5724001140879,433.28991384574886,440.2138977050781,208250
2021-04-26,440.2138418186397,443.9633884035504,437.5224687790429,439.0406799316406,137044
2021-04-27,438.02856575574526,440.8809788681841,436.6023732396176,437.06243896484375,322674
2021-04-28,439.22475505812713,448.51808835692304,437.7525391161088,445.2286071777344,443340
2021-04-29,443.15833159894635,448.51810879326035,434.3020659531849,435.3832092285156,327116
2021-04-30,434.7621436528794,441.61713471609426,432.99090170710855,440.39794921875,205378
2021-05-03,439.6847876770298,440.2598697923131,433.3818820774887,438.3505859375,274984
2021-05-04,440.650901141275,449.9212357928083,436.14226310913654,438.8106384277344,447218
2021-05-05,450.7723939519999,450.7723939519999,443.5493564180022,445.5506591796875,431836
2021-05-06,447.1839225040517,448.12705170399533,439.86886562607776,440.6739807128906,219222
2021-05-07,442.88223677897537,443.9633798917172,437.9825260693417,441.8700866699219,200884
2021-05-10,440.5129285607922,449.25417727374787,440.5129285607922,445.5966491699219,293348
2021-05-11,443.940423337405,463.70025168118167,442.3991863231035,460.2037353515625,1071592
2021-05-12,462.366080638727,475.8230038811974,458.3635029813398,463.58526611328125,983626
2021-05-14,463.3322065871748,467.3117865652884,450.4503655595321,452.3596496582031,351682
2021-05-17,453.7857907510749,461.90596156646245,453.7857907510749,460.91680908203125,183924
2021-05-18,466.96670638190375,469.72710070534356,457.7653919704377,463.7462463378906,386026
2021-05-19,460.9859371030234,470.16425553862723,460.9859371030234,466.8517761230469,436916
2021-05-20,469.1750598404684,475.4319710700355,456.0171902409521,464.8964538574219,537066
2021-05-21,464.9194410464757,474.12078418603465,464.9194410464757,471.7514343261719,401596
2021-05-24,472.0275164348323,474.7879112677845,465.58659515794375,466.8517761230469,507370
2021-05-25,466.96675000044576,476.14503951906454,466.96675000044576,472.41851806640625,382932
2021-05-26,472.4875316931427,481.228781062344,468.0939093367655,476.5361328125,306608
2021-05-27,476.536113769789,478.33032521926214,471.22233203302125,475.59295654296875,155340
2021-05-28,474.7878489709082,478.468374931923,471.7514262851449,473.72967529296875,193086
2021-05-31,473.8677381813945,474.30477819420923,464.71241822134954,469.5201110839844,239702
2021-06-01,482.60897071306243,492.20133034787824,471.65938342244084,474.6498107910156,1068104
2021-06-02,476.0760581224965,481.6888377795622,473.7067082900742,477.1112060546875,297788
2021-06-03,483.0690386697954,484.4492359231377,478.4683811586545,482.65496826171875,358806
2021-06-04,485.8754078019113,500.50552052766307,475.0408935213775,488.79681396484375,1092906
2021-06-07,491.7642677610049,494.4326152864777,484.9092771835473,490.1310119628906,439184
2021-06-08,492.2473241206382,496.41094160005997,481.7118634301745,492.31634521484375,372976
2021-06-09,492.24729162466446,501.0115660009486,479.08942334560163,481.89581298828125,617068
2021-06-10,487.6696651769116,488.26777307948277,477.0881535740164,478.83642578125,257872
2021-06-11,483.52912238954565,488.566820087305,479.8485962438593,481.50482177734375,341256
2021-06-14,484.4491762662082,486.7495047385074,472.9935292420857,483.943115234375,309452
2021-06-15,483.9431199031183,487.04856337068134,478.79035037923995,479.3884582519531,221610
2021-06-16,479.8485510513741,482.81595251271284,472.7175323157113,473.7986755371094,177230
2021-06-17,473.1776464401178,485.2313472007924,471.59044199107444,472.6485595703125,351492
2021-06-18,473.4076698033214,477.41021947453623,457.9494714091648,467.63385009765625,255810
2021-06-21,463.3781728094168,471.4753458753608,459.21458389298675,463.5391845703125,326544
2021-06-22,466.52962123816445,470.1181281111205,459.6056380132604,460.54876708984375,356600
2021-06-23,462.3660696301048,481.68883074897485,456.0171680213701,469.796142578125,1113756
2021-06-24,473.4076252503732,478.0082824442544,466.1155948301448,468.89898681640625,246742
2021-06-25,470.1870890574147,478.0082050202093,468.62285463278437,477.08807373046875,300288
2021-06-28,478.92839051567364,483.022986450522,472.48747075849843,479.7104797363281,509822
2021-06-29,486.7495477874094,490.89013940374844,472.947575732946,476.7661437988281,697060
2021-06-30,477.98526417141767,480.285592804343,468.11687680031457,470.09515380859375,291170
2021-07-01,471.79737351649203,473.3385823734298,464.6663551942047,466.3916015625,477700
2021-07-02,466.5296730324935,493.9036135229027,466.5296730324935,491.1432189941406,1634066
2021-07-05,495.0766768584325,503.1738217553377,485.4383231349592,488.6587829589844,800318
2021-07-06,489.96995447248247,525.8550778986362,489.0498231025811,506.3713073730469,4975560
2021-07-07,510.67305224282745,518.9542368737922,501.4717359862,505.8653869628906,1967718
2021-07-08,508.1426245557718,532.2960766057292,506.99246017244053,527.7184448242188,2454964
2021-07-09,529.5355529019349,531.3758154663204,510.94888976956986,514.6064453125,1019836
2021-07-12,517.5279597462973,519.7822930938654,508.07358636920895,511.3630676269531,705288
2021-07-13,512.7432654386192,517.0678946115839,501.4716548479991,504.4390563964844,569030
2021-07-14,507.77464866184386,521.9446990961701,504.9222628982341,509.15484619140625,900610
2021-07-15,512.4212297672583,514.5604904718964,501.4716429883205,503.9329833984375,373744
2021-07-16,508.3726153270564,514.3534696250218,493.19044672452895,494.45562744140625,680236
2021-07-19,494.4786814685452,501.9317240173035,491.35021196194333,497.8371276855469,390422
2021-07-20,497.83717558190546,500.98861498255934,484.8863124795658,490.7751770019531,288832
2021-07-22,494.5706707759518,530.4557985159744,493.58151820232615,509.4308166503906,3077192
2021-07-23,515.2736475322664,529.0756202340235,505.1522008843112,507.4755554199219,1237734
2021-07-26,508.6025512044009,518.632004348105,505.01401684573676,508.3034973144531,994962
2021-07-27,511.13298288097263,515.2735741014305,499.6313406019229,506.1182556152344,474812
2021-07-28,510.2128761220378,510.3278925503791,498.2741933243563,503.95599365234375,394264
2021-07-29,509.26973584296576,515.0895785422102,503.7719728499827,506.02630615234375,512508
2021-07-30,506.4864877525532,517.5740631170286,506.4864877525532,513.594482421875,409294
2021-08-02,515.2966011059427,516.9988217032455,503.7719330501035,505.1521301269531,374252
2021-08-03,506.99238481565794,510.6038892104485,504.92208923337984,506.3713073730469,266478
2021-08-04,509.75294401558597,514.2845812479084,495.51392891901384,496.6180419921875,369028
2021-08-05,497.79107022982316,503.242837354704,492.3393031049423,496.43389892578125,347968
2021-08-06,501.21856585557634,501.21856585557634,492.77637129971333,496.7559509277344,222682
2021-08-09,501.60971927191815,510.2129264971262,497.331085251031,499.5854187011719,630462
2021-08-10,506.99248438524427,528.6155758245424,501.4716950815937,508.211669921875,2274418
2021-08-11,512.9732882751726,517.0908540891089,492.73039618180263,503.6109619140625,561760
2021-08-12,497.8370949599256,512.4901766325888,494.5706396418062,508.142578125,582148
2021-08-13,511.59299999394665,528.4773867921939,499.24024859127223,500.98846435546875,1570668
2021-08-16,492.7304396289858,498.7112946384879,487.255645734367,491.7643127441406,530890
2021-08-17,494.22568012378656,500.7356223530705,487.3706885483609,490.8442077636719,455472
2021-08-18,505.6122497062804,519.8742876870764,498.3892400317668,515.3426513671875,1710306
2021-08-20,511.5470897476116,540.5772256999347,509.7528221919385,518.2640380859375,3341314
2021-08-23,524.4749544314734,532.7101425796204,506.80841841854976,511.7081298828125,1190970
2021-08-24,517.0908767941697,537.8168612776132,515.2736395474138,533.67626953125,1404384
2021-08-25,538.4839028706776,579.6828108179576,538.2768957595321,574.2770385742188,6043016
2021-08-26,578.2796232479666,603.1461995533491,575.5422544936993,593.30078125,5374274
2021-08-27,595.0719767018451,643.6319353923398,582.0751202509275,635.5347900390625,8430452
2021-08-30,639.951404076771,670.3157410063662,621.0887099235376,644.0689697265625,6787604
2021-08-31,639.4682583541723,652.028073664347,628.4497079735388,632.9583740234375,2507708
2021-09-01,627.5296400078818,635.8798440303825,616.2810556551714,621.042724609375,1328524
2021-09-02,621.5487708438922,657.8479663983804,621.5487708438922,634.8216552734375,3944170
2021-09-03,657.8940252381052,657.8940252381052,637.4210992778984,641.584716796875,4806414
2021-09-06,648.6927064794435,655.0876316264566,622.7220173969498,626.218505859375,1917914
2021-09-07,625.6894658443379,641.193660291184,616.5801408627486,635.8109130859375,2031434
2021-09-08,635.8108084544994,640.6184726389421,621.7557786109867,629.3468627929688,1335442
2021-09-09,629.3468484394201,638.0421013543594,605.4464579181199,632.268310546875,1826452
2021-09-13,632.153356538604,649.9348525745952,626.1725018804999,646.5073852539062,1949648
2021-09-14,649.7508771684804,663.2997909579916,630.2670478482507,648.669677734375,4616986
2021-09-15,650.532998004313,655.5937214682785,641.8147741373574,645.4953002929688,1476220
2021-09-16,645.0121907493725,684.0947543081624,644.092059236178,658.7911376953125,5121110
2021-09-17,664.3349977708046,681.6334601648947,650.993089920837,658.1701049804688,4214790
2021-09-20,655.1106132357289,666.6352829306662,628.5418157276226,633.6025390625,2391458
2021-09-21,638.9622327301056,655.6856096018779,616.4880346396795,625.3442993164062,3610208
2021-09-22,623.4349973574277,632.4983250313684,616.5110425072114,624.2401123046875,1233098
2021-09-23,630.4282409863056,639.2384568656339,623.5502230042229,625.5745239257812,1318724
2021-09-24,628.8178833143683,633.2345032383978,610.3462324033828,617.1322021484375,1244282
2021-09-27,621.4567539262724,624.769204416323,613.0835247069497,614.9008178710938,959318
2021-09-28,616.4881133736433,628.6338605706907,614.5558596615458,619.5245361328125,949512
2021-09-29,620.6286616765381,632.0383140958946,610.530241498876,616.1199951171875,2481174
2021-09-30,632.5443639128615,634.4075963657127,617.4312163802507,623.135986328125,1750880
2021-10-01,622.6069600949751,629.1168450916629,610.3461974494226,615.5679321289062,1330144
2021-10-04,616.5110611617779,626.7475229438176,614.6477726204522,619.0643920898438,859422
2021-10-05,619.0644490662218,649.1527597212358,616.4880921519887,632.5903930664062,2481466
2021-10-06,630.7502957501968,638.4794246830616,616.4882540519793,619.6627197265625,1187436
2021-10-07,625.8273920101867,639.4222997019606,622.4688899476541,624.378173828125,1441760
2021-10-08,628.4498945471107,631.6703552073081,619.018545470818,621.8479614257812,906940
2021-10-11,627.0696252885172,641.5847223512368,621.6408269047765,627.8977661132812,1121032
2021-10-12,627.8977839388893,645.4492480963634,624.3092484768632,642.5968627929688,1573200
2021-10-13,644.0919554033082,657.2958180249314,638.111101531706,641.630615234375,1867518
2021-10-14,644.0920928030304,674.6864672111743,641.6307521090363,664.219970703125,4466704
2021-10-18,678.5968110986682,720.4627838511963,671.6958265790207,681.0811767578125,7684378
2021-10-19,691.4788274745902,700.6801425441123,646.4843743204787,657.9170532226562,3102698
2021-10-20,655.1336445221478,670.798906168866,635.0287932042613,648.646728515625,2088236
2021-10-21,653.2933630890651,657.387959484162,625.6894181698088,630.88818359375,1424668
2021-10-22,636.7310215688667,642.6198858509935,595.808194055739,610.5762939453125,2039040
2021-10-25,609.5870470490826,616.212004301915,590.8163441927844,608.68994140625,1261996
2021-10-26,606.3665512792506,614.1876676462819,604.2502604355376,609.541015625,1327718
2021-10-27,610.0471720068143,622.2619398833154,602.6861201575616,605.9525756835938,1012222
2021-10-28,605.9525201875183,606.3205952104183,579.6827800384821,582.7651977539062,1696902
2021-10-29,575.0822358356253,609.4491277850124,567.6751878701374,601.1219482421875,2039752
2021-11-01,607.125800348793,618.3053647850567,600.0177505559886,611.3814086914062,1588772
2021-11-02,611.4273424668628,625.6663540503833,608.8509856644632,612.9915771484375,1884282
2021-11-03,618.0523269577731,626.149472757687,605.607526214349,609.0120239257812,1889084
2021-11-04,612.3015360907953,618.7884521263654,609.5871368531109,616.5341186523438,147072
2021-11-08,621.5257665070791,631.7622288518068,617.0631514546479,621.5947875976562,2097112
2021-11-09,623.2971058486041,639.9514636756556,622.0319250253776,629.8300170898438,1575872
2021-11-10,628.909781437411,639.2612591860151,628.4497157596953,632.5443115234375,1127294
2021-11-11,633.0044878011026,650.7860405837205,625.7354263589831,641.8147583007812,3241430
2021-11-12,650.9930860992138,654.4435794884322,633.9706520457361,651.9822387695312,2760032
2021-11-15,655.5935845936539,662.4945696946397,647.7724681458699,654.4434204101562,1337682
2021-11-16,652.8332860219076,669.855718426989,650.3489197901733,657.6179809570312,1975778
2021-11-17,655.5706656240171,657.8020294317315,642.1597939883843,646.8984375,1754686
2021-11-18,648.6927448007848,652.511313209506,628.6108624264731,636.5469970703125,788220
2021-11-22,642.7117958713021,649.888809704077,618.0982804245486,626.7705078125,1234350
2021-11-23,627.53745546444,658.217064398257,622.4241873088038,653.3826904296875,1983442
2021-11-24,659.9370856054448,659.9370856054448,634.6031612534657,639.6002197265625,932532
2021-11-25,634.5102298356782,640.2278172414831,627.537589947374,628.7229614257812,1427478
2021-11-26,621.1459015740605,626.607801924665,592.6742933634628,597.7410888671875,1030994
2021-11-29,597.3228899368562,611.9421706546441,574.1504918977325,603.5982666015625,1637856
2021-11-30,599.6469831597655,609.4086782344593,590.3966036212397,593.5575561523438,839842
2021-12-01,593.7899387359987,611.244744030284,591.140301913875,608.4556884765625,856464
2021-12-02,608.9438119025806,609.6410758093393,601.1344334494906,604.6904907226562,386902
2021-12-03,607.5493045428799,617.3109995661396,600.1815603621163,602.66845703125,1091386
2021-12-06,603.6679319530062,612.0583079226275,591.000969463908,594.278076171875,1073828
2021-12-07,599.6005926524057,609.7806588352395,594.9986387074543,597.9503784179688,1044366
2021-12-08,602.4361023140024,610.8032704016969,599.0659929453476,600.553466796875,896780
2021-12-09,603.5748368589404,607.9443685432901,598.1826741764042,600.7625732421875,1161010
2021-12-10,600.7625982329516,614.3359796960509,600.7625982329516,606.6660766601562,1415600
2021-12-13,611.6865546953414,616.3581900470956,604.2955440007863,609.6412353515625,1064868
2021-12-14,608.0141112753021,608.0141112753021,595.4633612719128,598.5313110351562,770360
2021-12-15,598.2525525128617,608.4326189509401,596.695340822774,598.0433959960938,562268
2021-12-16,603.9700468217426,605.6899418410117,592.6743483095087,595.4169311523438,1126552
2021-12-17,595.9281931655885,597.648088030375,576.0561726836627,579.9840698242188,2237874
2021-12-20,574.1736027280022,574.4525537050895,549.0721003211277,565.2719116210938,2019236
2021-12-21,567.1080369038859,572.8720971522623,560.2516077691873,564.6443481445312,427942
2021-12-22,567.4799565530263,585.7017665941138,564.9233218575758,578.9615478515625,554362
2021-12-23,582.3548572515938,583.2612776635398,574.1271088284205,577.5669555664062,343290
2021-12-24,576.869800811811,578.4270125354083,567.5729466488488,571.8727416992188,237280
2021-12-27,571.8726084145402,574.8708204859131,563.9005464791262,567.3403930664062,568392
2021-12-28,569.4323602105725,578.4735288650877,569.4090953760215,575.1731567382812,433522
2021-12-29,574.0807171634729,578.5896685199107,569.8971329898119,570.989501953125,371732
2021-12-30,569.432246287347,569.920353767274,560.9256030943941,563.0173950195312,358446
2021-12-31,563.0406129680988,572.6860971531044,561.7622957869535,562.76171875,1138866
2022-01-03,564.319001491124,579.0312833482191,563.4125809818415,573.4763793945312,1104054
2022-01-04,574.8708879201704,588.9091701272163,573.2672034601059,580.4025268554688,2104244
2022-01-05,583.3310561463985,594.4640149797268,576.4513621899341,590.210693359375,1514570
2022-01-06,590.8150133824112,593.139226652995,578.6826314586611,580.2863159179688,1531864
2022-01-07,580.3792061896879,591.7445841862113,580.3792061896879,584.1211547851562,942470
2022-01-10,584.1445488634829,604.2954671302434,584.1445488634829,602.5523071289062,2852966
2022-01-11,602.2502028417036,606.9683676899647,590.8150835412177,595.0916137695312,2913574
2022-01-12,598.2525050407712,613.2669456968434,597.3925574661392,610.1524658203125,1692542
2022-01-13,611.2448676622349,617.3110874159405,604.6673890457819,613.4761352539062,780012
2022-01-14,613.5225618083482,637.764117415969,609.8502935153459,634.8123779296875,1760492
2022-01-17,638.6705819279659,658.8912386485185,631.5817310086917,649.3154907226562,2202348
2022-01-18,650.7563757550101,664.724918594904,642.2265253860726,645.9220581054688,1986732
2022-01-19,646.1312232891277,670.3030388366346,637.4154244138247,665.74755859375,1832218
2022-01-20,668.6296409385207,672.3948548398777,656.8458917824191,665.2362670898438,1218872
2022-01-21,662.5169852274395,677.2060015813817,646.596124505433,659.2166137695312,1701794
2022-01-24,664.6785127838241,671.2095179328948,625.2133606757433,632.6043701171875,2210358
2022-01-25,623.3772840127115,668.4437580786874,619.1006974114549,660.680908203125,1908080
2022-01-27,659.844069636228,664.3762849789214,650.0591102246103,661.44775390625,1551976
2022-01-28,665.6081479497805,683.783482743344,653.2898187229289,658.7284545898438,1923192
2022-01-31,673.0921076640407,683.5510665193176,663.6325717814092,671.09326171875,1698662
2022-02-01,677.5778374129583,685.5498994713602,658.9143953940186,670.1868286132812,1534430
2022-02-02,673.557026611164,677.6243999602652,655.8930052093529,660.332275390625,1246952
2022-02-03,662.8190812016252,675.8811470412782,654.0335446266014,658.519287109375,1482606
2022-02-04,658.4961735136402,666.3752915166881,648.2696338645003,650.8727416992188,586412
2022-02-07,650.8725832132118,659.5419090171521,642.4124706245216,644.6437377929688,628232
2022-02-08,646.1312628078376,652.6390596994274,634.6031427596273,640.576416015625,999434
2022-02-09,643.8070996939483,661.4711212017967,642.9238872698578,657.5199584960938,1167058
2022-02-10,659.6117066291905,668.4437167954728,642.8773715772871,649.7802734375,1993640
2022-02-11,636.8343724429544,650.3148080640096,636.8343724429544,641.4595336914062,557218
2022-02-14,629.8618284197937,634.4637822787176,616.4278636826585,619.5655517578125,694502
2022-02-15,627.5374604715463,638.2055746021719,611.7328133189296,635.625732421875,649632
2022-02-16,639.1353264419791,647.0609156711198,629.8152661208233,633.5107421875,1010008
2022-02-17,635.9513000704753,651.9211419185121,635.003533602412,646.6373901367188,1118614
2022-02-18,651.5893265948499,651.5893265948499,635.2403580366519,637.822998046875,1230176
2022-02-21,630.2646098281868,634.0556751504616,613.465474757683,616.5457153320312,1205286
2022-02-22,599.4622501149364,611.2856128578218,595.6711845015614,607.3524169921875,1214574
2022-02-23,607.0443862518354,627.4213640885481,607.0443862518354,620.8580932617188,1168062
2022-02-24,611.3094129721168,615.7165504835378,587.6152496786239,604.7935180664062,1384050
2022-02-25,609.3191158330628,631.3072527106447,609.3191158330628,622.9669189453125,1087016
2022-02-28,622.6825228034645,660.1903895326154,609.0110040967141,657.6314086914062,1488674
2022-03-02,657.2286767274107,677.6293154888114,645.3578784337693,658.8872680664062,1845270
2022-03-03,662.9626218820374,675.0466439392154,649.6701744803128,652.9163208007812,1188174
2022-03-04,652.0632438284475,672.2269959097891,644.9787135550392,650.215087890625,1445024
2022-03-07,642.0169702433832,646.4477665093897,618.2043398979418,627.9189453125,1176136
2022-03-08,635.8565562073908,639.742375646562,619.3891135750071,628.2269897460938,1160930
2022-03-09,634.529527021086,643.509589421506,630.2645787438718,632.8946533203125,954242
2022-03-10,633.8425298463621,658.2237985995015,633.8425298463621,648.3670043945312,1225572
2022-03-11,649.2199855835231,666.2797808251339,647.8220532789416,656.3756103515625,1180240
2022-03-14,663.4365808823529,665.758620484857,652.5846423827901,654.55126953125,948082
2022-03-15,660.0718286623764,664.3841536106939,643.8887080731315,652.4423217773438,793210
2022-03-16,661.067096676864,701.8447711913522,654.4801083018519,692.8883666992188,4808698
2022-03-17,704.1904631157362,707.9815288660227,680.022418957659,685.140380859375,2445066
2022-03-21,690.9217401983749,696.6083388831352,681.8468648945302,685.3298950195312,1174988
2022-03-22,685.7090030123476,685.7090030123476,662.5124430845179,670.42626953125,1139158
2022-03-23,682.3444171687031,689.0498758797448,665.0003039760265,666.801025390625,1056982
2022-03-24,666.2797986269674,682.8419938110493,654.9066014953548,666.232421875,2351078
2022-03-25,667.156554111814,672.7957766281394,657.2760994423169,660.972412109375,936172
2022-03-28,662.4886841337193,667.6066456049099,654.432670092036,663.3653564453125,963454
2022-03-29,665.8058752123264,672.1795809144996,661.540926545486,663.6734008789062,1002168
2022-03-30,667.8911180004604,670.5685701483749,657.726286759683,665.616455078125,977962
2022-03-31,679.9750879548155,709.0715311153267,668.1753834437343,703.6692504882812,3826742
2022-04-01,707.0337589310411,729.7090592683628,701.5603846423103,722.3402099609375,4339668
2022-04-04,726.4629946176293,754.8486117823448,723.6434125262078,739.7080078125,2551602
2022-04-05,743.4043981318426,752.0527680224601,732.149670191998,735.822265625,1756158
2022-04-06,732.1494834055203,746.1290366485383,723.9987161789259,733.4763793945312,1716074
2022-04-07,736.7936857696427,769.9655126182129,736.7936857696427,747.8825073242188,4487878
2022-04-08,753.4742732401103,773.3773672502264,751.365516180247,767.7855224609375,4010552
2022-04-11,776.5288557647708,802.2844007095691,772.4297537841687,795.839599609375,5061988
2022-04-12,797.995564398582,797.995564398582,776.7419151698409,791.8350830078125,2949782
2022-04-13,795.365666347315,815.7426463017059,790.8637754271589,795.01025390625,2013610
2022-04-18,791.33766706429,831.2623317001623,786.6462112231221,823.5853881835938,4052334
2022-04-19,828.3478446086425,833.086676671621,790.8163178086812,801.170654296875,2087080
2022-04-20,805.5777873669392,815.0791694284674,785.3429962414695,792.5223388671875,1140070
2022-04-21,796.1237504244872,809.7716092848772,790.9821294390761,794.6547241210938,1076504
2022-04-22,790.4371547534878,822.5901173747361,787.6649496830287,795.4366455078125,1945030
2022-04-25,789.0156325243651,793.707088395277,757.075889043753,771.0791625976562,1686524
2022-04-26,775.6757501518456,795.5551862739071,771.6240832608494,779.9644165039062,1315140
2022-04-27,778.0688833158451,787.2147949043949,773.4011450913002,778.045166015625,1044702
2022-04-28,781.5519736975434,786.1012414657033,767.2880990106024,773.5433349609375,1526388
2022-04-29,777.547548377674,781.4333673323125,751.5787268581247,755.8910522460938,1275486
2022-05-02,747.7876504238441,761.5776392519806,743.356854305385,746.4607543945312,1161508
2022-05-04,751.5787738566278,764.8475037860007,743.664947359009,749.6358642578125,1682782
2022-05-05,755.8911355158806,769.5152785029674,750.0386891412772,756.1517944335938,1001110
2022-05-06,748.2616207029279,755.1803042964407,739.3052160801341,750.0860595703125,1230358
2022-05-09,736.8883678638853,751.1048637069184,729.7801199423686,742.4091186523438,1000198
2022-05-10,744.7074799308034,753.4506021974615,731.225525466049,734.8270263671875,913308
2022-05-11,735.4668263537653,744.7786440687038,719.4258894231326,737.8362426757812,1278840
2022-05-12,734.4952003626322,750.8916044151498,710.8247590258967,718.8570556640625,1394432
2022-05-13,721.724031964813,743.9491631003121,695.6604589128991,715.5161743164062,2715380
2022-05-16,725.5151448341658,762.9519158608798,721.1791021901392,758.4026489257812,2134260
2022-05-17,765.7953172290927,795.5788673477026,763.9235015665274,792.1669311523438,2057806
2022-05-18,799.8438058724357,805.127615507127,789.5368455208878,796.5977172851562,1698510
2022-05-19,778.5901252919695,804.1798190021133,770.0602273885881,798.8486328125,1285596
2022-05-20,817.4485638467627,846.8293238227043,814.8422061069614,832.7075805664062,3816272
2022-05-23,840.1949479241526,876.6839558148237,834.034466072481,860.4771728515625,4954548
2022-05-24,862.3489876573998,868.6279403082917,836.3327873684408,845.7156982421875,1593430
2022-05-25,845.7156376672265,864.3629294272886,824.106576000958,827.11572265625,1799772
2022-05-26,834.0345269958877,841.1427758055117,808.3500777692769,835.4561767578125,1533562
2022-05-27,848.2509025065661,868.6041621960387,839.2471219771669,850.217529296875,1846810
2022-05-30,861.5195809314637,874.9067801401071,854.0322038989538,863.3677368164062,1385854
2022-05-31,863.4152069205625,887.1093673739259,857.9892673155708,871.1395263671875,1873818
2022-06-01,875.7361540439873,913.9785051645476,871.9450884420653,897.2267456054688,4099956
2022-06-02,900.3781149850123,912.0593478883113,893.2698667088149,899.2407836914062,1964814
2022-06-03,904.1691671880241,909.8083889720807,885.7350986984766,899.2881469726562,1255358
2022-06-06,900.3781150367466,907.3678925087423,888.0334340575454,894.6204223632812,1439400
2022-06-07,905.969892332764,920.0679170259953,895.876157396766,899.714599609375,3436266
2022-06-08,902.7475595212461,905.1169756879685,863.4152511536537,873.1061401367188,1894752
2022-06-09,873.3667962818349,890.9004758599293,862.6807062650046,888.1045532226562,1409134
2022-06-10,876.2100867566911,899.7384005475606,873.1772225343598,897.0372314453125,1254786
2022-06-13,881.3991181588214,889.5973214339185,872.0399240726209,879.0060424804688,1449750
2022-06-14,876.6602014884342,896.4448250610649,874.7883859898516,892.724853515625,1373658
2022-06-15,900.1412327466766,900.1412327466766,878.129378938372,880.996337890625,825786
2022-06-16,894.6678193503886,895.6155858087051,843.986031130749,851.6155395507812,1563972
2022-06-17,841.1426371740018,934.7582817064762,836.1905811249593,899.761962890625,8249262
2022-06-20,900.3782070527027,919.8074209943662,805.6015536787339,817.3538818359375,5165108
2022-06-21,833.5606106396542,858.6527048023422,820.7657632904384,855.4066162109375,2085472
2022-06-22,845.360130592337,861.4958165258008,833.4656755506863,843.5830688476562,1488688
2022-06-23,854.3876793389686,865.9267813615612,829.4377755151482,839.0101928710938,3107600
2022-06-24,848.2509627740941,857.7286271626315,842.0904809215449,851.2364501953125,742786
2022-06-27,862.9176453458758,864.7184247604087,851.5681651154703,857.017822265625,727950
2022-06-28,856.5438819932068,861.1405258836091,849.7199523597805,853.0608520507812,761634
2022-06-29,843.0857124963736,853.8428974133183,841.616685931562,845.2655639648438,1100850
2022-06-30,847.72968556968,852.5158944191838,832.1389163980472,838.6785278320312,662900
2022-07-01,835.4561362094362,843.3699630278938,818.5859047561307,822.7560424804688,860300
2022-07-04,826.4523596607141,855.3592369194891,824.5568267257124,841.782470703125,1613616
2022-07-05,845.8814738623599,855.3591374350475,829.2955626101568,833.584228515625,898662
2022-07-06,836.4039698389694,843.0857123628847,821.6662117415341,827.9214477539062,1541340
2022-07-07,831.6650735354622,850.5730260929482,817.235352236027,822.5191040039062,1550608
2022-07-08,831.428029960334,839.7683622651309,819.3677263037831,824.8173828125,1620218
2022-07-11,826.4523055741341,838.0861613401671,824.3672079126752,827.4474487304688,1436876
2022-07-12,826.9261812272943,835.4797960974419,819.8179332511284,825.3386840820312,1094328
2022-07-13,827.6370292024959,831.8072246041255,815.1265008446785,817.0220336914062,1539698
2022-07-14,817.3301061905878,832.6128404562185,817.022070519695,819.8179931640625,1251144
2022-07-15,823.9407044040634,828.0635229908492,815.5529948244762,817.9697875976562,1116446
2022-07-18,828.5375346528945,844.4600012209785,822.4481461012725,840.4793701171875,1935542
2022-07-19,842.5643352581776,866.9456029230801,841.1426856486306,864.4103393554688,2952758
2022-07-20,872.2057087798689,879.9063104433211,860.6666070865186,867.7274780273438,1960542
2022-07-21,870.4761405744384,881.3280784077846,863.4152686848236,875.6414794921875,1500514
2022-07-22,879.5272370392016,900.3543809628046,879.5272370392016,885.6640014648438,2977562
2022-07-25,886.1141930560264,904.5245435117234,885.2375207194826,902.012939453125,2356300
2022-07-26,902.013041551792,911.0405405278423,887.5359430932622,892.6301879882812,1967752
2022-07-27,893.2698759505278,920.1864661737019,893.2698759505278,918.9306640625,1957612
2022-07-28,927.8159872790719,964.3523727305543,920.5181739700746,959.4476928710938,3884756
2022-07-29,966.7217737268519,979.3271137207527,953.5004202520554,959.613525390625,1988732
2022-08-01,961.9829505210969,975.9150711130538,956.0356928852035,961.6038208007812,1776780
2022-08-02,961.509024627052,983.2839347960663,959.6134918037359,970.6787109375,1778528
2022-08-03,972.5742914555382,979.1849393622084,949.1881078233693,959.566162109375,1164778
2022-08-04,964.3760315867161,966.1056589931632,939.0232803265691,949.969970703125,1684594
2022-08-05,952.5052934008447,954.4008263230354,936.2747927545865,946.4869995117188,1403264
2022-08-08,951.0835825902548,1030.2220770060858,948.7141665897808,1023.2322998046875,7183926
2022-08-10,1023.587742278573,1044.5570744988631,1011.9776035351355,1027.52099609375,3451804
2022-08-11,1033.5867417318848,1088.9836441033478,1030.3643126836114,1073.0848388671875,5522052
2022-08-12,1073.2506474223992,1086.9221077262382,1051.0728914963631,1075.8095703125,3423576
2022-08-16,1083.6287689767025,1094.575517969134,1057.5651910843885,1088.6519775390625,2581672
2022-08-17,1093.746203530028,1103.9584101949638,1081.1645807337445,1085.4532470703125,1766172
2022-08-18,1087.5618755452792,1113.6017326074168,1083.3443616083996,1097.2054443359375,2665298
2022-08-19,1104.011320340539,1107.3191877457991,1059.46352122695,1067.1737060546875,2288654
2022-08-22,1066.0553420355855,1079.7624036198922,1048.0173068028926,1061.224609375,2141126
2022-08-23,1055.8701407999392,1072.7659668077815,1050.1350554932915,1065.388916015625,1318978
2022-08-24,1066.1028592518812,1073.6702393190676,1047.945841408644,1055.299072265625,1625678
2022-08-25,1060.7724034919358,1070.838462470441,1054.4900346729257,1056.8934326171875,1381672
2022-08-26,1061.3435037382808,1089.4000722234641,1057.6073377512082,1081.9278564453125,3448186
2022-08-29,1061.3436090601642,1101.5366207021877,1054.2045264880105,1089.5191650390625,2438668
2022-08-30,1099.1089914078236,1101.322059699362,1083.2602107840207,1092.3743896484375,1221170
2022-09-01,1080.8572030756777,1108.1760484759784,1080.8572030756777,1096.1348876953125,2410434
2022-09-02,1106.557782558128,1154.1516656789076,1104.2257287636114,1127.737060546875,5455060
2022-09-05,1133.5195330246765,1148.035665611263,1119.9077538250122,1131.54443359375,2140418
2022-09-06,1137.2080746542676,1156.2932662140317,1135.1139905002944,1139.5877685546875,2138480
2022-09-07,1142.2532033974535,1166.0501451349005,1141.7772645627047,1148.6307373046875,2718368
2022-09-08,1154.627581922142,1160.291207424316,1146.060683127996,1152.628662109375,1234534
2022-09-09,1158.4351138774507,1174.6170341206032,1154.151664401322,1158.36376953125,2369116
2022-09-12,1166.049927504991,1255.6930367774924,1164.812440287205,1244.1038818359375,7416854
2022-09-13,1253.289731816596,1255.5266210561538,1229.5879550790648,1236.2510986328125,2767998
2022-09-14,1223.1628284922087,1250.2675224057823,1207.599651540089,1222.6868896484375,2740260
2022-09-15,1228.8028521356869,1229.9212387936582,1196.605516967832,1210.85986328125,1979796
2022-09-16,1208.884469788948,1215.4999721806578,1151.1530740358137,1181.9462890625,2923862
2022-09-19,1185.0876154947175,1204.1013473715882,1159.4582645607404,1180.851806640625,2277992
2022-09-20,1186.777462428245,1201.4364037268513,1168.4299946698866,1171.3094482421875,1662434
2022-09-21,1173.9269252963013,1180.8042180388265,1146.536622835765,1168.26318359375,2533448
2022-09-22,1170.80949317426,1204.1252104597063,1161.885640329944,1183.921630859375,2726474
2022-09-23,1187.4674675215792,1191.3701429732293,1145.6086676070652,1160.7197265625,1511820
2022-09-26,1138.6598677200454,1146.0369198255726,1081.0950875938595,1113.5302734375,2907240
2022-09-27,1118.4561228286102,1125.3095947198874,1081.8088371018855,1086.2589111328125,1899410
2022-09-28,1075.6216668786276,1102.7501779459203,1066.602650034928,1089.9949951171875,1342928
2022-09-29,1099.4185955881508,1108.2948074680737,1076.2879241116652,1101.703125,3562366
2022-09-30,1101.3224891524874,1122.0258289442477,1089.899956853585,1116.0052490234375,1537268
2022-10-03,1120.7645054016004,1132.0680516569569,1083.2366853554197,1090.661376953125,1951292
2022-10-04,1105.1777663936437,1129.9741133710847,1104.1782482250317,1127.0233154296875,1648706
2022-10-06,1130.3783239987536,1186.8484088376476,1128.2127794996024,1178.42431640625,3203376
2022-10-07,1175.045362160128,1189.3711678025388,1162.0998488790294,1170.666748046875,1778044
2022-10-10,1161.290715159753,1167.1447858565207,1147.0125506291004,1151.6529541015625,1345132
2022-10-11,1156.0552999941767,1166.5259531847375,1123.2155240783275,1127.40380859375,1211382
2022-10-12,1132.7344029855456,1138.9929520530522,1116.076544118111,1123.310791015625,1495980
2022-10-13,1124.6433711328625,1141.7771677307394,1117.8612433128696,1123.4058837890625,1493578
2022-10-14,1137.49367605788,1144.9897117892237,1109.4132882388778,1112.2689208984375,908480
2022-10-17,1112.2689320656066,1136.0420509559235,1110.388997118387,1125.095458984375,1697222
2022-10-18,1130.9256485773512,1184.1118045513851,1123.215463970648,1179.3524169921875,3098996
2022-10-19,1185.2543884937322,1216.9756670882377,1165.621910485367,1175.545166015625,3684862
2022-10-20,1173.1414635114227,1192.702594034033,1152.9855257041413,1165.09814453125,2160936
2022-10-21,1173.1890267045158,1185.0874955351903,1132.7342326802222,1143.4666748046875,1552594
2022-10-24,1153.9374672664005,1154.0564519691316,1142.7290850299266,1149.368408203125,404974
2022-10-25,1150.7011829560336,1197.4621761213443,1145.584840192399,1191.6795654296875,2591880
2022-10-27,1196.8909482439678,1204.0300304274701,1183.8264510873585,1199.5799560546875,1429232
2022-10-28,1199.365666611804,1203.649115421132,1181.0896648370658,1201.5787353515625,1115040
2022-10-31,1202.2214723704378,1214.5720616443066,1195.7486578697733,1204.1490478515625,1038820
2022-11-01,1207.9326466642426,1213.4059427385685,1193.1071998630532,1204.7677001953125,841596
2022-11-02,1204.1250615527847,1213.1678979834182,1177.948429779898,1186.919921875,1265316
2022-11-03,1170.8095475712364,1221.7350035021805,1170.8095475712364,1211.335693359375,1930752
2022-11-04,1217.7844844674937,1225.0663707496085,1202.0309811968139,1218.8553466796875,1865810
2022-11-07,1224.9711516950535,1241.224413180282,1215.0716026683517,1233.9188232421875,2117362
2022-11-09,1239.3446370377092,1239.3446370377092,1185.0876137572563,1191.0606689453125,1930226
2022-11-10,1187.9434404394713,1189.8471959529961,1147.5838003135425,1157.0550537109375,1648594
2022-11-11,1172.7134227803256,1206.029145018403,1159.9582373128294,1179.900146484375,3045810
2022-11-14,1185.539676874448,1195.9151654832754,1152.8427060359622,1185.20654296875,1631814
2022-11-15,1186.0395473353417,1205.6006794459586,1171.0474744055412,1200.698486328125,1712410
2022-11-16,1202.935284269973,1289.5085031560498,1200.960184782111,1276.063232421875,9942896
2022-11-17,1283.32112343059,1295.814514882196,1261.7611922823141,1276.63427734375,4194458
2022-11-18,1279.0799422908228,1282.6762982647997,1247.384128548168,1257.5498046875,2384470
2022-11-21,1255.751632760801,1279.6553420085327,1239.5920299201878,1272.822265625,2329032
2022-11-22,1275.5075394964556,1312.4301261660898,1273.1099689334924,1308.6658935546875,5499386
2022-11-23,1313.8445323214871,1316.4818596656153,1297.6130515448524,1303.630859375,2154714
2022-11-24,1307.1554983148487,1324.5858835003398,1299.00375822998,1308.0665283203125,2017230
2022-11-25,1310.0325303936772,1330.6276377194372,1305.7169034633907,1309.8167724609375,1506132
2022-11-28,1314.2043322897985,1329.3090271504773,1310.6079763705893,1324.6817626953125,1508604
2022-11-29,1326.336142039524,1329.8844999303697,1313.4132590802117,1319.69482421875,986228
2022-11-30,1319.6946879265495,1327.7505482474214,1305.0216266585164,1320.6058349609375,962258
2022-12-01,1323.4587410835152,1327.0310972425962,1310.176225682789,1321.2529296875,859294
2022-12-02,1319.8145622728837,1345.9960789655988,1316.2662047597323,1330.2919921875,1871954
2022-12-05,1338.923464419704,1342.1601851233777,1326.4080975379425,1334.6318359375,1360562
2022-12-06,1323.4831385583211,1348.2979974227364,1320.174420468397,1322.7398681640625,1451394
2022-12-07,1324.298032329372,1330.3878378322572,1303.5110497902363,1307.467041015625,1009110
2022-12-08,1309.0734708088337,1323.9144085384785,1300.442217155149,1320.102294921875,1021472
2022-12-09,1326.6715742334088,1330.24393069547,1284.8339709895745,1304.4461669921875,1329912
2022-12-12,1306.6760584271167,1316.2423423034759,1298.0448037292495,1301.1136474609375,953218
2022-12-13,1304.7578531600523,1310.3441455421014,1294.9758124446146,1298.524169921875,813070
2022-12-14,1300.92168531772,1306.1963401420821,1285.097720844633,1286.847900390625,863386
2022-12-15,1285.097914565785,1289.7491783801008,1242.9246687310315,1248.5589599609375,1667784
2022-12-16,1246.7366974765857,1253.9294091927968,1219.9797864785055,1240.2392578125,1548086
2022-12-19,1237.1944351658935,1270.7124255248275,1225.3264606256146,1268.027099609375,1327990
2022-12-20,1268.7943985650345,1279.343709513043,1249.6138332050189,1273.8052978515625,1273414
2022-12-21,1277.4015521515323,1282.891965134921,1227.5800844231635,1238.12939453125,1910302
2022-12-22,1240.9824700358363,1247.216153231534,1195.4286312980448,1210.5333251953125,1737178
2022-12-23,1201.1827263533385,1210.5332505704603,1163.1812369068307,1169.846435546875,1735564
2022-12-26,1162.8216388505841,1219.8838141178912,1158.0264980718189,1211.803955078125,1637110
2022-12-27,1222.1376966404468,1223.2406026045924,1194.5177517073266,1209.3826904296875,2309794
2022-12-28,1209.3345777006857,1228.4911428591322,1198.0179979493707,1210.797119140625,1371280
2022-12-29,1203.5805700085198,1211.6124323780984,1198.7854282953383,1201.92626953125,1502838
2022-12-30,1207.8960935088735,1223.81593921161,1206.6014287716077,1213.7701416015625,909436
2023-01-02,1217.9658093571638,1234.2452895763327,1211.4204887446633,1218.20556640625,998072
2023-01-03,1219.8839475078196,1229.114594516281,1209.1188786961432,1217.5103759765625,1109886
2023-01-04,1223.5762390779025,1223.5762390779025,1185.886496946366,1190.130126953125,1376606
2023-01-05,1189.9143264145737,1207.6323502951834,1174.809631156843,1204.3956298828125,1290668
2023-01-06,1204.4914631242757,1218.229612811487,1190.178036979574,1198.97705078125,1006604
2023-01-09,1206.9370083611736,1218.924861046525,1191.592556923924,1196.8192138671875,1064990
2023-01-10,1201.6624277799299,1201.6624277799299,1177.4469638522019,1188.8834228515625,911896
2023-01-11,1194.8291057904119,1204.515265957243,1177.2069648702563,1181.834228515625,1345496
2023-01-12,1184.3998553410652,1188.883359110898,1170.0144319968417,1174.2581787109375,805988
2023-01-13,1174.2102638765853,1185.4788462966362,1167.880700569312,1180.9234619140625,1054624
2023-01-16,1174.8096740817382,1201.1829524794916,1173.0114960091641,1188.0443115234375,1176602
2023-01-17,1191.017226356656,1191.3528628358101,1166.993521477957,1178.4539794921875,1182260
2023-01-18,1182.0023239336133,1187.276979334534,1162.6538820672297,1167.4730224609375,1305786
2023-01-19,1167.137405857424,1177.2072027033591,1153.711010062844,1176.1282958984375,1079776
2023-01-20,1176.2481501446846,1209.3346248124315,1173.4909439223725,1203.3406982421875,1758206
2023-01-23,1212.2116979574855,1214.8730247429635,1198.6414249186323,1210.5093994140625,1168318
2023-01-24,1211.5642699549035,1222.7609711654782,1205.977977443599,1219.931884765625,835766
2023-01-25,1219.9319007622996,1219.9319007622996,1194.1580172085899,1208.903076171875,1442252
2023-01-27,1211.1806756159356,1218.90078199773,1159.5130339301866,1182.002197265625,1602946
2023-01-30,1179.6047527703156,1199.6963478700309,1161.9826085978323,1185.0711669921875,1147896
2023-01-31,1190.969213434133,1232.7349407099887,1184.3998933101159,1224.127685546875,2401150
2023-02-01,1234.7488604843802,1243.3801146547564,1102.882477325854,1133.7392578125,4646160
2023-02-02,1102.9064227339823,1154.6459469969102,1102.9064227339823,1130.0948486328125,1834140
2023-02-03,1134.0508655885762,1145.9188397633404,1107.7255878830126,1122.0150146484375,1316218
2023-02-06,1127.6255344051679,1158.5780794739644,1126.8582649291511,1152.1766357421875,1718828
2023-02-07,1157.4990369383318,1177.2071132380117,1153.7109223831594,1163.6368408203125,1456402
2023-02-08,1169.6070054141298,1179.6049232374198,1158.53029771775,1167.065673828125,800110
2023-02-09,1170.0144220440613,1187.2769299102852,1130.2147511302676,1154.6939697265625,2284432
2023-02-10,1140.787951769859,1174.0661808204638,1138.845896406425,1152.248291015625,2477466
2023-02-13,1153.7111583514775,1184.2321901727435,1152.0808569087137,1173.3232421875,2257348
2023-02-14,1176.5597865585721,1190.6335729618097,1171.5010061924315,1183.105224609375,1409882
2023-02-15,1189.1951841589612,1196.3638978432375,1177.6628445439635,1190.41796875,1296058
2023-02-16,1195.9083624441469,1299.4834251097186,1191.5927348330813,1278.0970458984375,6259508
2023-02-17,1279.3434752093933,1317.704598903828,1256.806315038913,1265.533447265625,8472188
2023-02-20,1267.835376654035,1267.835376654035,1229.3543672075573,1240.574951171875,2273804
2023-02-21,1245.298152426426,1272.6304568886155,1237.1464124991062,1257.4058837890625,2991976
2023-02-22,1258.7245063080907,1264.4546763611286,1218.4453221062317,1227.34033203125,2344648
2023-02-23,1230.984633320312,1234.0055957072414,1212.211702243265,1218.42138671875,1457900
2023-02-24,1223.4084901233348,1230.5292051066656,1204.491562992608,1214.968994140625,1296700
2023-02-27,1213.1706587826202,1236.666849407264,1207.0568540792692,1233.9576416015625,1473038
2023-02-28,1239.5438630399856,1250.0931725126663,1225.70983538122,1234.4130859375,1522170
2023-03-01,1237.1462791850026,1289.8928259719603,1234.437071563945,1287.1356201171875,2802016
2023-03-02,1299.9628282608473,1308.4502050906037,1274.5485789440547,1299.7470703125,3566784
2023-03-03,1301.8566796884515,1324.6095985248865,1285.5772006913803,1290.8758544921875,2545132
2023-03-06,1301.8568313898531,1307.6349999261477,1292.8180605059101,1299.8428955078125,1490630
2023-03-08,1297.0856434995198,1387.8576862532052,1297.0856434995198,1372.96875,8720466
2023-03-09,1375.2224050162306,1387.6178910163285,1359.422439233272,1372.7049560546875,2678066
2023-03-10,1368.988993462882,1397.016574047927,1349.5686690496684,1366.27978515625,3121364
2023-03-13,1373.1364221056726,1397.3038823720049,1330.675431367248,1339.4505615234375,4027458
2023-03-14,1345.5165740929128,1349.592443971669,1310.5360436648918,1334.3438720703125,2195194
2023-03-15,1344.4855558953998,1376.6848784827328,1330.651528314031,1334.655517578125,3016680
2023-03-16,1340.2418151132529,1341.4406002788282,1278.0008659028074,1305.596923828125,2539078
2023-03-17,1357.024922763742,1366.6152049034154,1330.867404814009,1342.135986328125,4055368
2023-03-20,1346.4585569817566,1346.4585569817566,1263.7267172780123,1277.3704833984375,4032142
2023-03-21,1283.238361799934,1290.4828388142355,1251.8456280712942,1282.5380859375,2647334
2023-03-22,1284.6872385461652,1292.390508743888,1262.9538078188805,1267.6868896484375,1320540
2023-03-23,1204.0320440975838,1216.9755328951942,1195.3870156145945,1205.6500244140625,10594782
2023-03-24,1217.0722161787974,1262.8573374173309,1217.0722161787974,1240.0130615234375,9542446
2023-03-27,1219.4870737011136,1273.096208426192,1219.4870737011136,1269.7396240234375,5794146
2023-03-28,1269.7154835381439,1279.8577525203807,1266.1898140715577,1269.4498291015625,3718146
2023-03-29,1269.6671050639104,1311.9749016808023,1264.35448812355,1307.2659912109375,3182244
2023-03-31,1313.5203713398128,1374.5188969181484,1312.047303964275,1319.0262451171875,6241754
2023-04-03,1332.9836930546294,1338.4653941743245,1307.9660769722655,1309.9945068359375,2026130
2023-04-05,1317.0459429734863,1323.3244898230114,1289.5169298640294,1314.5103759765625,2337742
2023-04-06,1317.5289379642825,1339.7453350120675,1310.236116986205,1336.775146484375,2885656
2023-04-10,1339.262273242102,1365.8253547524937,1336.3644825318777,1360.1263427734375,1839512
2023-04-11,1366.284179092076,1375.0017232591233,1358.001374288289,1364.1591796875,1341074
2023-04-12,1364.1592844684908,1370.9449686393464,1348.7767967526056,1357.8807373046875,998346
2023-04-13,1359.5952824032609,1364.8595555342793,1349.8876354275692,1354.693115234375,850886
2023-04-17,1354.234328960108,1371.621074980994,1347.9557817858993,1367.49169921875,1431092
2023-04-18,1373.3114567079367,1378.8413843052929,1357.1321235622656,1366.380859375,1039432
2023-04-19,1366.8155565346456,1375.7262400363263,1357.808185673113,1362.4930419921875,794646
2023-04-20,1366.308323066086,1370.3411289784751,1337.1131051745797,1340.7835693359375,1293338
2023-04-21,1337.813307518201,1350.8533650283061,1323.5658372756786,1343.584716796875,1204638
2023-04-24,1349.5496697010833,1368.7233643848817,1337.8377637073172,1364.66650390625,1286140
2023-04-25,1365.3425466898586,1375.967780516239,1359.5953082847027,1364.1109619140625,921288
2023-04-26,1363.8934749400519,1385.0715422448832,1361.1647692245106,1372.1038818359375,1467544
2023-04-27,1373.5528891959548,1376.3541106535317,1362.686173300417,1371.1138916015625,791556
2023-04-28,1374.0359013886555,1412.648942943814,1373.5529362212078,1410.3548583984375,1994824
2023-05-02,1419.8450550650869,1428.6349966659918,1410.7894590659255,1419.096435546875,1528660
2023-05-03,1417.044148211785,1464.3505686258377,1411.6590151825446,1451.6485595703125,3559852
2023-05-04,1460.317475654255,1473.043654059629,1419.9174894869868,1429.50439453125,1973526
2023-05-05,1436.3384249064143,1440.5885420122947,1417.5027831541108,1422.0185546875,922178
2023-05-08,1424.74719753582,1434.4065005699613,1412.2866730394953,1428.997314453125,899728
2023-05-09,1431.9915566115465,1439.2360332891765,1393.788969100282,1407.5052490234375,1102232
2023-05-10,1413.1560292836543,1429.5768443881122,1407.843412632212,1426.8721923828125,969060
2023-05-11,1436.8213477668578,1460.486640553606,1431.9916961777255,1457.7579345703125,2020784
2023-05-12,1464.833200670963,1464.833200670963,1423.4431137034578,1436.3140869140625,2713000
2023-05-15,1442.5927935809466,1464.3503981114227,1434.7204377133012,1460.65576171875,1882018
2023-05-16,1467.586283954252,1508.34861631169,1464.8575778237996,1495.6224365234375,3066666
2023-05-17,1501.9250636283891,1530.4200077928756,1498.012998705648,1513.564453125,2582144
2023-05-18,1518.9255403423476,1521.1472274069413,1481.254255081075,1494.2459716796875,1786942
2023-05-19,1502.0215495625002,1502.0215495625002,1470.6288162115156,1484.2967529296875,1215278
2023-05-22,1489.8992345769225,1500.5728122048727,1472.3676928960697,1496.85400390625,1190554
2023-05-23,1499.1240191779905,1510.9808387238136,1469.18017601142,1471.30517578125,1497886
2023-05-24,1471.304974701324,1482.6546556407438,1447.4465436357898,1449.4991455078125,2081962
2023-05-25,1454.9084455230782,1463.8191295890515,1439.0913357409406,1455.9951171875,1935542
2023-05-26,1463.2878799342766,1482.6547122964485,1446.7463230394137,1458.6513671875,2405718
2023-05-29,1469.180145842776,1474.879158813932,1447.95384877753,1455.51220703125,2016656
2023-05-30,1462.635837429477,1504.9918590223594,1456.1399795111222,1498.2303466796875,4393486
2023-05-31,1515.5448555571488,1538.2442208252132,1464.8335076178562,1505.4267578125,23508736
2023-06-01,1487.532673595614,1496.2260463633804,1478.1148530972,1487.8948974609375,2170032
2023-06-02,1494.2941507128241,1533.365983571746,1489.5128429672216,1530.0093994140625,2692120
2023-06-05,1537.6402672375102,1606.3420585259394,1533.5592353794607,1585.8160400390625,4784968
2023-06-06,1589.921318781367,1661.4001630036155,1588.4724232903754,1648.408447265625,4634846
2023-06-07,1675.8890230896461,1702.4521055881853,1669.7070457622497,1684.6065673828125,5907826
2023-06-08,1699.095552693807,1713.343024477548,1679.26980990059,1703.6112060546875,3310766
2023-06-09,1743.0212596398237,1828.0231276632676,1704.9877533509248,1802.860595703125,11784674
2023-06-12,1813.5340647385117,1835.2674956075484,1761.4221743304292,1780.233642578125,7888898
2023-06-13,1786.4881520817935,1786.4881520817935,1752.2217970779177,1757.6068115234375,3235854
2023-06-14,1764.2715853134005,1805.8065856793878,1760.4562080257385,1794.5052490234375,3825868
2023-06-15,1801.5564201733866,1809.766826999789,1781.2477138234458,1790.6414794921875,2121874
2023-06-16,1798.0792442302275,1876.8025632765682,1795.833503458808,1856.8560791015625,6239354
2023-06-19,1883.081116843998,1907.7123394546786,1866.6603017702107,1880.37646484375,5109292
2023-06-20,1883.081134685864,1883.081134685864,1835.2675844591647,1858.7879638671875,3893862
2023-06-21,1873.5668430646333,1878.9036318765413,1815.9490736095772,1845.0960693359375,3310098
2023-06-22,1845.8929121537165,1849.2494965618741,1809.404869337206,1816.1663818359375,3664396
2023-06-23,1825.5116857657783,1864.2454669634092,1748.81679685868,1758.2587890625,8572968
2023-06-26,1759.4421196977394,1796.6304379016171,1729.0636575762824,1787.478271484375,5507348
2023-06-27,1803.488396699681,1820.7785722411763,1764.3682204791146,1768.1837158203125,4390540
2023-06-28,1779.6300370254655,1808.7045159424442,1770.5502684766357,1797.5479736328125,3532066
2023-06-30,1802.3776496188925,1838.5276393339675,1787.4540732054938,1831.6453857421875,3494638
2023-07-03,1839.6868471164953,1840.6045517446983,1816.7219461519185,1820.802978515625,1383142
2023-07-04,1820.8029325983352,1828.0232385845682,1794.2156753874956,1797.644775390625,1414468
2023-07-05,1797.572162814438,1810.6363940411095,1782.1414494563066,1803.8265380859375,1597660
2023-07-06,1806.2897999990969,1818.2673602230866,1790.3519488226343,1801.96728515625,1736726
2023-07-07,1796.6305164936327,1827.9266845567745,1791.8008645675748,1815.7076416015625,3145996
2023-07-10,1827.346948250712,1835.2675293708005,1806.79675799087,1823.8936767578125,1850612
2023-07-11,1833.2633292370613,1905.29753488046,1830.8485034640821,1891.9918212890625,6498242
2023-07-12,1899.9606439784588,1899.9606439784588,1842.632706798794,1856.445556640625,3088386
2023-07-13,1865.2114997075887,1882.9121261484802,1844.9269624243886,1861.3477783203125,2637038
2023-07-14,1862.5552882245975,1867.6264228094176,1823.2901939998492,1852.9925537109375,2389776
2023-07-17,1862.3136167664602,1889.842630292313,1837.0545158613336,1842.85009765625,2722208
2023-07-18,1848.7906462039803,1871.4900088924826,1841.3046861684102,1859.53662109375,1759552
2023-07-19,1861.2994195947078,1875.8367183614066,1856.0593182524185,1864.68017578125,1581708
2023-07-20,1864.2454069690236,1867.6019910495486,1842.7776304632812,1853.113037109375,1073984
2023-07-21,1859.5606832601463,1880.6662360817609,1856.03501419163,1861.56494140625,1781184
2023-07-24,1868.2783654662574,1892.692160518939,1859.4159074182808,1876.4404296875,1896302
2023-07-25,1883.0810831510612,1885.9788739945868,1848.814730008653,1852.8233642578125,1092930
2023-07-26,1858.3535323017106,1869.0753362295795,1849.1046779143387,1863.569580078125,680048
2023-07-27,1864.2456264011892,1868.061004223296,1852.6544618847051,1860.8406982421875,807498
2023-07-28,1859.4158216298279,1907.2293713288807,1850.2878274882105,1897.570068359375,2743224
2023-07-31,1904.8145892003502,1931.3293292941762,1902.3997634026823,1913.2664794921875,2155884
2023-08-01,1915.9226704333248,1919.4725113028755,1861.8547477199145,1867.0948486328125,1689700
2023-08-02,1867.1431662104187,1867.6261313335979,1793.3702436448104,1806.2171630859375,1960584
2023-08-03,1805.758490659613,1831.9111262846875,1787.7198116705194,1819.112548828125,1441748
2023-08-04,1828.0230424804688,1835.2433476921321,1806.4345244514227,1811.1192626953125,1013752
2023-08-07,1818.3637499734032,1825.5358294585797,1808.7044471846998,1812.109375,1035448
2023-08-08,1820.7787363360135,1832.7079527504134,1807.1349699430446,1823.5557861328125,790866
2023-08-09,1828.506195876336,1854.1757483712565,1816.9633750848975,1846.9796142578125,1270686
2023-08-10,1846.3757456409598,1864.245455970208,1826.7432597005536,1831.2347412109375,791856
2023-08-11,1841.1116330991067,1868.5199074103223,1817.4221671385822,1830.9210205078125,2200848
2023-08-14,1827.950880667321,1879.7005545775146,1794.4088532663902,1873.349609375,2643174
2023-08-16,1873.9289458824446,1890.8085542209853,1850.2394817932554,1883.636474609375,1322556
2023-08-17,1887.910878497377,1897.207958162528,1864.9216888880724,1868.7130126953125,1116772
2023-08-18,1869.0753141602595,1875.353861727206,1825.6084463890907,1829.47216796875,1153394
2023-08-21,1829.399552723662,1851.56760548522,1826.0187967436434,1845.33740234375,888908
2023-08-22,1848.6941281016634,1887.5244811678697,1845.9412501750492,1879.434814453125,1811764
2023-08-23,1883.5640811740457,1955.9605098474265,1881.342394323993,1946.880859375,5100426
2023-08-24,2004.5200081169855,2004.5200081169855,1918.1825935584504,1922.327392578125,5055676
2023-08-25,1933.646585104657,1948.2865850392188,1886.769447099653,1895.640625,2341784
2023-08-28,1905.1422865467962,1919.4914971653295,1890.599215657126,1897.991943359375,1480930
2023-08-29,1901.9668526364449,1904.6573441765381,1878.5524869646267,1889.314453125,1921322
2023-08-30,1904.1724444363313,1918.7155130038186,1890.6231758913145,1893.168212890625,1591546
2023-08-31,1899.8096632376728,1904.657353115799,1879.255505495139,1890.7445068359375,1989702
2023-09-01,1900.1976006718226,1928.7989724364754,1894.9620716614902,1910.8382568359375,1778540
2023-09-04,1921.7939520995624,1948.2865295006204,1915.3465009989063,1922.7149658203125,2012218
2023-09-05,1928.799093356163,1931.804637754577,1911.5412680721329,1916.2193603515625,837472
2023-09-06,1920.4611666735982,1938.446027893737,1915.3468293903093,1933.9619140625,1215652
2023-09-07,1939.076059843141,1972.9613666481757,1937.9853295594792,1958.5880126953125,2602116
2023-09-08,1968.1135077674926,2006.410256666123,1963.7991112449492,1990.2431640625,2895476
2023-09-11,2021.4868640836887,2021.4868640836887,1971.070884739635,1979.16650390625,1653588
2023-09-12,1987.5527591365792,1988.4496290637383,1905.1420349772577,1910.3775634765625,1895288
2023-09-13,1914.8376320050688,1934.2283928355,1885.800015002223,1924.678466796875,1477608
2023-09-14,1931.2954237548718,1933.9859153611283,1909.989849986927,1918.8126220703125,722168
2023-09-15,1926.4235509649577,1928.28995902273,1910.0384528577777,1913.6983642578125,786220
2023-09-18,1987.5529192993786,1992.9580463611403,1918.643052620978,1931.1258544921875,2944968
2023-09-20,1931.4652849508445,1966.950354553009,1922.109218928572,1935.4888916015625,2439714
2023-09-21,1942.3240409965847,1950.7105688521217,1891.3748871601683,1898.0888671875,1535970
2023-09-22,1903.5910570097524,1918.9582116415334,1868.7846168695494,1876.05615234375,1490806
2023-09-25,1884.1031709854394,1885.4604294523035,1849.3936645666138,1868.784423828125,1657588
2023-09-26,1873.0505441408648,1898.7675640612813,1869.0996056568674,1876.613525390625,1670334
2023-09-27,1877.9950874149663,1882.6730608779494,1857.6347896164561,1860.39794921875,1706940
2023-09-28,1875.8622177051682,1882.455005262657,1827.579176729883,1831.602783203125,1992076
2023-09-29,1840.1830791929679,1883.5699036365322,1839.3104713438538,1869.4146728515625,1147905
2023-10-03,1880.0796938413198,1903.9788299422385,1867.4271752138304,1897.4344482421875,2009422
2023-10-04,1897.4345197772016,1899.27654742151,1830.4878689660795,1857.8773193359375,1825706
2023-10-05,1876.2014195711063,1911.928869966809,1872.3232677050478,1884.6363525390625,1976433
2023-10-06,1885.8966688647317,1904.172434599773,1883.812138710468,1896.5130615234375,1029633
2023-10-09,1877.0256834771442,1887.6906021332643,1857.2956076336848,1862.337158203125,824232
2023-10-10,1880.9037632756024,1907.7115132627532,1876.58936641706,1899.76123046875,1658275
2023-10-11,1904.9482957132373,1919.6852258639963,1897.8706210246326,1901.845703125,895385
2023-10-12,1901.8456271610971,1914.4496205648536,1898.3553141965708,1908.4869384765625,537987
2023-10-13,1900.2946906304621,1929.380833854398,1895.4955243392408,1914.9346923828125,770978
2023-10-16,1913.916429402571,1919.6366086018154,1897.1918998361634,1903.493896484375,786576
2023-10-17,1912.753132832895,1912.8016570764894,1900.3915226012928,1903.8818359375,449525
2023-10-18,1905.142160149108,1923.6119062943294,1890.5990902243057,1902.86376953125,753713
2023-10-19,1897.3860375654685,1905.6271113106432,1886.8180487395284,1894.3804931640625,437558
2023-10-20,1886.6240356487865,1895.0105630981775,1847.018431645928,1854.435302734375,771497
2023-10-23,1854.4352668462782,1859.3800052786264,1785.0163704059114,1789.0885009765625,1149806
2023-10-25,1788.7976692889679,1815.169056422314,1728.250066522865,1754.7183837890625,1625270
2023-10-26,1740.3207219837404,1776.048173859396,1713.9493355428713,1764.02587890625,1478145
2023-10-27,1774.2059802462206,1804.9404052421148,1770.0370379407514,1797.9112548828125,1140613
2023-10-30,1813.0361480767604,1813.0361480767604,1774.3031504358455,1778.7144775390625,796456
2023-10-31,1780.071827601543,1791.7062839910955,1763.2503664086769,1767.516357421875,691198
2023-11-01,1773.1395623025155,1775.9512461961438,1763.5896365938504,1767.1768798828125,575637
2023-11-02,1779.1021948511848,1801.6924771456027,1767.4677390810407,1798.92919921875,728430
2023-11-03,1808.915600245739,1846.8730382264969,1800.4321423858166,1843.8189697265625,1032482
2023-11-06,1851.8176542411004,1878.9647193294516,1849.878578163361,1875.813720703125,975588
2023-11-07,1880.855090777587,1961.3752645240008,1871.2082355567582,1955.7034912109375,2897381
2023-11-08,1965.2051998376935,1985.6140241354774,1947.559653799873,1982.2691650390625,1748876
2023-11-09,1982.7051358852689,1987.3104412131197,1964.2839145738653,1968.937744140625,679939
2023-11-10,1979.4573499675423,2046.646264684859,1934.2283770297918,1996.1817626953125,4755794
2023-11-13,2008.8829146480102,2011.7915289066705,1979.6029117848907,1997.587890625,1183911
2023-11-15,2003.1142705812345,2040.8777328337965,1978.3910486395423,2027.30419921875,1634396
2023-11-16,2029.0979855434543,2089.3546861015366,2021.487016483389,2049.89453125,2450457
2023-11-17,2055.517856899512,2083.4403653111754,2051.3002714083536,2061.238037109375,1087862
2023-11-20,2072.1934550323426,2100.9886840723098,2051.542249883252,2081.210205078125,1452454
2023-11-21,2088.384940407396,2096.092720492966,2069.963717627572,2078.98046875,832725
2023-11-22,2079.610658533236,2086.5429978313423,2025.3165260224819,2047.761474609375,1014171
2023-11-23,2052.4635808079342,2093.232704207921,2043.446829368489,2080.87109375,1259937
2023-11-24,2089.2572255758455,2182.4299168867,2080.386048049594,2172.055908203125,2909879
2023-11-28,2238.663332960415,2263.2412169404984,2196.973197266479,2217.33349609375,3488568
2023-11-29,2260.9622558202964,2284.2796883464653,2230.5671496809045,2272.014892578125,2349730
2023-11-30,2297.708072149549,2369.5509345267546,2236.7242250217773,2307.306640625,7273415
2023-12-01,2418.997489037593,2423.8451793963854,2362.909616904908,2387.2451171875,4012398
2023-12-04,2456.8091572990916,2457.293926272513,2397.6673425416943,2442.65380859375,2351668
2023-12-05,2442.653838904695,2494.6211681817613,2428.886447229411,2475.181884765625,1840576
2023-12-06,2481.0477509582242,2670.2529976599353,2478.6724301903705,2631.907958984375,6078296
2023-12-07,2646.8388474910544,2658.1823952110053,2580.086058798704,2607.81494140625,2607706
2023-12-08,2617.752582604494,2698.4180963277327,2608.105726909322,2650.37744140625,2833575
2023-12-11,2656.4854073524475,2727.310200570039,2639.421681784832,2706.70751953125,2624284
2023-12-12,2719.6993647946333,2734.3394829465105,2632.586519477823,2656.43701171875,2393861
2023-12-13,2665.260304849673,2693.376910466494,2653.189602537663,2685.62060546875,1438726
2023-12-14,2700.163509507838,2727.843868588761,2680.91808424695,2688.529052734375,1193987
2023-12-15,2700.9873566016818,2707.6770736858616,2633.362085492707,2677.669921875,1430382
2023-12-18,2675.924907688967,2762.94094408936,2668.410988111217,2727.407470703125,2920105
2023-12-19,2734.048558326333,2738.3629549634193,2692.1645652532825,2702.53857421875,1272030
2023-12-20,2712.718953758773,2734.0487909696553,2570.2453839113527,2584.69140625,1947471
2023-12-21,2558.6108702429337,2654.5466113109014,2506.255816437281,2624.0546875,2206814
2023-12-22,2640.0519744942258,2643.9301264949518,2596.0350439674307,2621.33984375,1000294
2023-12-26,2627.4477741669066,2743.7438008156046,2618.9643173314967,2734.72705078125,2160870
2023-12-27,2746.6523127302835,2750.5304642826527,2703.0716320012534,2722.65625,1156573
2023-12-28,2726.825691401835,2740.883992744173,2710.876838254182,2720.329833984375,1003223
2023-12-29,2722.3655760644506,2743.7924599205376,2699.1937132221824,2718.58447265625,765894
2024-01-01,2719.6512231089055,2772.781717799278,2719.6512231089055,2740.25390625,1038164
2024-01-02,2743.6958524338256,2752.2763595439806,2664.727019286714,2706.756591796875,1047639
2024-01-03,2678.833646831446,2798.620120906165,2678.833646831446,2782.57421875,2164728
2024-01-04,2788.3915547392826,2829.112154634641,2778.0660687329855,2815.781005859375,1740167
2024-01-05,2889.223138100623,2985.207396715375,2874.7771170915616,2907.4990234375,5560237
2024-01-08,2925.0961631716045,2942.4993230330465,2894.070946989473,2904.34814453125,1682520
2024-01-09,2928.0047532908397,2981.13548290982,2909.58353133305,2918.5517578125,1979028
2024-01-10,2925.1933467618805,2933.3373717043987,2887.429650333078,2925.38720703125,1248563
2024-01-11,2937.603249360947,2950.158956498477,2921.218150961993,2928.441162109375,723628
2024-01-12,2937.7002277247043,2937.7002277247043,2899.888244595574,2910.504638671875,867631
2024-01-15,2924.126816332347,2946.620052194178,2894.0711361910003,2938.233642578125,1135342
2024-01-16,2960.9691218448907,2971.1007468431585,2852.1384787777365,2902.360595703125,2214293
2024-01-17,2889.2232535296735,2916.467366138698,2842.491569051561,2868.184326171875,1643170
2024-01-18,2867.408499714939,2890.1926416399774,2759.014109088291,2877.200927734375,2066487
2024-01-19,2894.071022780869,2939.6393102417405,2891.3562689531145,2935.906494140625,1203346
2024-01-23,2915.4011427690116,2929.9442146484716,2760.5174272527665,2802.449951171875,1628038
2024-01-24,2801.916513621475,2852.332493541555,2734.0973725889403,2842.15234375,1330866
2024-01-25,2850.4419577491612,2868.184551969755,2787.4219824928023,2815.3447265625,1309130
2024-01-29,2821.355352612812,2894.0706967523174,2815.4410766080277,2886.265869140625,1213259
2024-01-30,2900.6150581612324,2971.6337104584863,2895.088739384622,2920.781494140625,1853804
2024-01-31,2923.156868862603,2926.55025162911,2891.016781055552,2908.031982421875,1074596
2024-02-01,2928.004850966752,2980.35990459331,2865.1302150319284,2906.23876953125,1920618
2024-02-02,2920.2485104561665,2955.1033548654095,2875.019656594194,2880.20654296875,1256014
2024-02-05,2889.2234688032822,2913.461920722773,2823.973508895287,2843.17041015625,936558
2024-02-06,2847.4845232719076,2878.5582628743755,2818.4954323487896,2868.32958984375,1421958
2024-02-07,2874.5831817167777,2887.2842244642025,2832.9900953271995,2859.894775390625,893201
2024-02-08,2872.7413094662197,3036.5932437557203,2866.003067201549,3002.853271484375,4475010
2024-02-09,3031.745250358264,3031.745250358264,2831.050889365568,2875.01953125,3176427
2024-02-12,2884.3758966927594,2896.058878337739,2741.853793562058,2759.35400390625,2890465
2024-02-13,2774.6240602486187,2843.655122600758,2738.7996763653077,2833.572021484375,1805862
2024-02-14,2799.0562856776287,2876.0375103875226,2768.321977543472,2867.02099609375,1112043
2024-02-15,2898.9185640958385,2941.578235273169,2892.27713424247,2931.107177734375,1788864
2024-02-16,2951.2737017936656,3010.4155203907135,2942.741719966811,2985.013671875,2732655
2024-02-19,3005.5192393566012,3019.0442469520644,2924.95077455461,2929.701416015625,1615343
2024-02-20,2948.306955882066,2948.306955882066,2901.6231033009153,2925.355712890625,979624
2024-02-21,2927.9434063985664,2954.361796764993,2866.5611894865538,2879.208740234375,1281770
2024-02-22,2889.9028231499565,2939.7118951271946,2871.34650221726,2935.46337890625,919890
2024-02-23,2935.805440243546,2993.91602696826,2935.805440243546,2974.383056640625,1388116
2024-02-26,2974.3342990654983,3003.194311601489,2943.325707392865,2978.533935546875,849178
2024-02-27,2973.8457042967593,3052.7589481817736,2962.418964911578,3023.21533203125,2050688
2024-02-28,3041.283531293357,3095.9758491329294,2989.765321185546,3013.156005859375,2725678
2024-02-29,3012.911847289146,3032.493698083852,2943.71644171868,3012.032958984375,1382425
2024-03-01,3026.6336256008412,3090.1157765088938,3019.7970862722814,3080.642333984375,1516443
2024-03-04,3083.2792449520384,3151.4982365140877,3059.839681480753,3139.8759765625,1892157
2024-03-05,3153.5979449649562,3190.4664251205545,3126.251787498552,3161.4111328125,1502498
2024-03-06,3163.169464842818,3169.224638343722,3080.6426599306315,3152.81689453125,1292669
2024-03-07,3185.8274708207687,3256.146164229443,3179.0398112977086,3239.836181640625,2251410
2024-03-11,3286.4221006051,3347.950954197409,3258.099294983243,3292.721435546875,2519751
2024-03-12,3296.1888868590845,3301.0721296544316,3165.4157401755333,3191.248046875,1421483
2024-03-13,3174.1079690327356,3193.9828635377503,2945.3280331109145,2968.5234375,3448647
2024-03-14,2982.6356319271235,3103.691165531726,2946.5973977370486,3092.020263671875,2329439
2024-03-15,3091.0436056250037,3108.2327145076206,2935.805375079743,3026.7314453125,2864705
2024-03-18,3064.723108264965,3109.6489409546366,3032.884270591669,3049.0478515625,1967550
2024-03-19,3039.086187134525,3070.973667563281,2963.4936832063654,2987.47021484375,1666528
2024-03-20,3002.2175144297307,3008.077405479366,2845.563189078649,2910.90087890625,2975349
2024-03-21,2953.3850864877336,3055.3959754015523,2949.478492457988,3048.4619140625,1962690
2024-03-22,3041.332518036359,3134.944140128237,3012.9608294744594,3096.75732421875,2086220
2024-03-26,3118.438678936518,3227.823311583211,3105.7422483614555,3223.721435546875,2573125
2024-03-27,3239.5433299841707,3247.2587583668123,3169.224632438539,3204.432861328125,1503735
2024-03-28,3214.1504656943894,3266.8894888324926,3195.5941427383905,3249.309814453125,1385868
2024-04-01,3312.791653329863,3373.5880213781484,3283.5899590728604,3323.876708984375,2513886
2024-04-02,3359.6710668483634,3500.3084603443413,3332.324907001923,3460.265869140625,3169551
2024-04-03,3457.3357988862977,3526.48256255194,3426.376088149159,3505.484619140625,2077663
2024-04-04,3525.6521736370673,3530.535416093784,3430.1847836082534,3458.263427734375,1591827
2024-04-05,3462.2193179394353,3511.0517483758167,3425.9369175010447,3502.310791015625,1123258
2024-04-08,3515.934807131536,3515.934807131536,3460.314719467748,3483.851806640625,865339
2024-04-09,3484.6819735481,3505.191592787032,3444.6393836054226,3463.73291015625,649755
2024-04-10,3467.102529204914,3538.98396152427,3465.7839582193765,3482.142822265625,1160813
2024-04-12,3481.751918477796,3591.6737553451435,3467.1021909105684,3553.14501953125,3042596
2024-04-15,3555.000925638906,3613.5998419955913,3480.8245117053225,3544.501953125,3848159
2024-04-16,3541.327280481356,3651.639675245283,3501.6266163559217,3635.23193359375,2939862
2024-04-18,3656.572006995801,3680.01157114321,3567.4039506971176,3591.282958984375,2294396
2024-04-19,3574.53384031903,3673.32174984709,3536.444545299237,3663.701904296875,2256325
2024-04-22,3711.264186018195,3721.0306707182426,3645.438174515699,3697.102783203125,1337755
2024-04-23,3711.2643335414955,3742.370683923457,3694.710189004798,3707.064697265625,1321429
2024-04-24,3736.7551452614484,3906.594234218251,3723.4726294892707,3854.538818359375,4429158
2024-04-25,3866.1607778577263,3940.7766265382857,3847.0183722265942,3907.326416015625,2632613
2024-04-26,3926.078302177788,3945.611273233974,3873.730082810963,3891.3583984375,1432727
2024-04-29,3912.796041317922,3950.299250527102,3882.4710559382147,3923.880859375,1202126
2024-04-30,3941.11885735325,3941.6071816326776,3838.2288363019907,3847.360595703125,2054258
2024-05-02,3849.948574849495,3880.322440057349,3839.5960048685347,3855.027099609375,1008325
2024-05-03,3859.9591033776314,3874.364669011086,3789.396247986643,3828.657470703125,1180369
2024-05-06,3844.0887580800736,3846.432619264042,3696.6637046419282,3727.281494140625,1613143
2024-05-07,3726.353814892782,3749.353936874369,3607.1538067996744,3628.24951171875,1975562
2024-05-08,3616.5295185102464,3792.5215365084077,3585.276765447236,3766.445068359375,1993745
2024-05-09,3804.827369211985,3861.668265646637,3731.2368075193913,3756.824951171875,2335375
2024-05-10,3769.863487003226,3816.449576188378,3731.4322703285347,3782.462158203125,1462534
2024-05-13,3785.0011507774648,3845.0650317664504,3674.7376337361134,3830.171142578125,1619124
2024-05-14,3886.719312189343,3990.8301431440473,3883.1546403525804,3979.5498046875,2964966
2024-05-15,4009.923304783248,4095.6733310120558,3956.403156610631,4084.68603515625,2310941
2024-05-16,4116.5737712255495,4547.666359745075,4059.9281534957554,4496.197265625,10028325
2024-05-17,4536.484366569567,4556.9939883506795,4380.317864932863,4425.87890625,5664667
2024-05-21,4639.080720249686,4756.2785489717835,4614.810907842649,4670.57763671875,5540182
2024-05-22,4697.679689814616,4844.763061965107,4624.431046002537,4806.283203125,5032087
2024-05-23,4828.550369005055,4876.40614733864,4793.391021657931,4834.3125,3335143
2024-05-24,4834.410170244693,5252.415736479991,4806.18512341445,5046.0009765625,9073866
2024-05-27,5071.247382028808,5101.230682001132,4907.951560603055,5022.2685546875,4228002
2024-05-28,5018.996582250112,5086.2875677299035,4839.293260371533,4902.53125,4402348
2024-05-29,4883.242618585144,5031.693194190132,4834.410192399292,4933.7841796875,4225666
2024-05-30,4943.844115101504,4971.14163566001,4837.389412098176,4860.0478515625,2751972
2024-05-31,4902.775849670813,4925.043246443539,4748.660895187815,4857.70361328125,3912234
2024-06-03,5316.874614402105,5316.874614402105,5041.752531865524,5150.50244140625,4619434
2024-06-04,5024.856289242872,5024.856289242872,3862.888792619605,4232.15966796875,15486676
2024-06-05,4317.909130689037,4345.20664518417,3828.461863129334,4262.97265625,13759681
2024-06-06,4346.085771801084,4687.912742616899,4346.085771801084,4557.6279296875,9128985
2024-06-07,4557.676839183271,4676.193235547769,4443.750881733991,4634.34375,4542809
2024-06-10,4687.913266595038,4730.8858048721595,4640.594451308665,4700.31689453125,2877321
2024-06-11,4718.237749864944,4807.601091491799,4717.212459647123,4743.19140625,2718189
2024-06-12,4767.802900331301,4810.287114035696,4728.492794547351,4774.8349609375,2031876
2024-06-13,4824.644256622775,4998.048031005375,4742.605771287489,4980.615234375,4364888
2024-06-14,5019.973496642388,5137.171321466724,4984.569987060037,5079.109375,6319680
2024-06-18,5332.599540520637,5437.003188791605,5263.648048498717,5404.23681640625,9934132
2024-06-19,5449.698643444165,5452.433068499251,5138.245531401654,5187.908203125,7351379
2024-06-20,5186.980347340189,5255.638548307223,5036.1859095529035,5165.103515625,4867153
2024-06-21,5174.772433523847,5216.768321915189,5030.7167698558715,5049.81005859375,4063083
2024-06-24,5049.272508087971,5219.599903120374,4995.166279102466,5200.70166015625,3699083
2024-06-25,5249.485735067978,5327.617615775966,5205.536552169734,5246.2138671875,3493916
2024-06-26,5242.209313491549,5283.668231866631,5151.430124175038,5162.02685546875,2351908
2024-06-27,5142.054732153952,5185.466951935871,5091.269006404283,5158.16943359375,2864946
2024-06-28,5175.260803637152,5219.209989552168,5127.453665095698,5141.322265625,1565629
2024-07-01,5146.937760737879,5282.691906609334,5130.62753951101,5268.0908203125,2307080
2024-07-02,5273.902469287633,5293.4354413961055,5176.237608745269,5219.2587890625,1706329
2024-07-03,5241.6237882566675,5352.033708964581,5206.952766966842,5331.81689453125,2852572
2024-07-04,5347.150751333011,5438.66291019425,5331.817178518159,5386.314453125,3743401
2024-07-05,5405.75000114331,5493.599733467318,5354.475949641951,5422.35302734375,3446662
2024-07-08,5449.698836713031,5530.2236993440865,5430.654190240646,5490.66943359375,3536842
2024-07-09,5507.2226968672785,5542.235638206305,5388.217991153479,5410.24169921875,2392991
2024-07-10,5438.760437339215,5449.699092218642,5194.793812098738,5358.04052734375,2121407
2024-07-11,5371.5666129911715,5444.815248622869,5337.3839163630455,5418.05517578125,1843378
2024-07-12,5439.932545102324,5448.185416285975,5318.828122195198,5361.01953125,1387762
2024-07-15,5366.683649089305,5405.749590119983,5302.224846388687,5376.0595703125,1316307
2024-07-16,5363.948850360318,5372.543166036792,5187.663803737951,5204.9501953125,2661970
2024-07-18,5200.653566266261,5200.653566266261,4858.826571300404,4898.625,7950717
2024-07-19,4893.009260992266,4902.775746543149,4671.407799218571,4688.1572265625,6373234
2024-07-22,4687.669033862179,4955.368505701713,4568.762068942606,4880.55712890625,6315834
2024-07-23,4927.191433676212,4950.630996492511,4404.684512562878,4742.70263671875,7108160
2024-07-24,4741.628891449022,4851.159935141362,4690.9409251428415,4736.25732421875,2601966
2024-07-25,4668.380160336565,4779.473935072608,4621.549670696159,4717.26123046875,2232884
2024-07-26,4736.745812545745,4818.540134566509,4728.9326235765975,4790.85205078125,1492223
2024-07-29,4831.2851258254195,4924.262263722354,4796.321296537183,4912.54248046875,2448415
2024-07-30,4932.026641157413,4963.328037101746,4829.624943127086,4837.97509765625,2499857
2024-07-31,4837.975116598536,4871.425330281401,4797.297798838861,4807.89453125,1298852
2024-08-01,4807.0642334401,4831.382687315108,4685.569247418141,4700.90234375,2347381
2024-08-02,4629.313863849625,4656.66002169515,4523.2011002998715,4586.09716796875,3205399
2024-08-05,4395.943627972211,4554.893174521862,4375.483127616049,4483.89111328125,3622642
2024-08-06,4493.559895821503,4626.481856405184,4394.918394087538,4408.88427734375,2117464
2024-08-07,4493.510956768488,4638.103571613241,4463.283495951256,4629.75341796875,2000224
2024-08-08,4631.268013193222,4648.799047647324,4551.182821906456,4558.849609375,1301394
2024-08-09,4635.8577161117655,4662.03170567056,4592.738302492516,4613.58984375,1039025
2024-08-12,4580.481422780681,4648.554013354901,4572.765995077626,4616.177734375,1030708
2024-08-13,4637.126962262025,4662.617582851635,4575.598108297722,4591.56640625,1465327
2024-08-14,4594.935944782637,4699.144536669641,4486.47931317181,4552.8427734375,3928422
2024-08-16,4658.125164942597,4682.639138427258,4551.182150882168,4658.41796875,2878549
2024-08-19,4697.679260785643,4744.558388544004,4662.959597541268,4680.34375,2362884
2024-08-20,4684.983467585209,4697.631258066981,4574.231608567855,4625.45654296875,1472860
2024-08-21,4612.675796579662,4673.9823688349725,4605.134712811742,4633.388671875,949203
2024-08-22,4642.055739698306,4714.5266520902205,4624.4276799273,4669.5751953125,1218312
2024-08-23,4707.672124671155,4763.494323777928,4678.87971761234,4723.0966796875,1857673
2024-08-26,4749.783557794929,4749.783557794929,4671.436612511714,4702.775390625,1390960
2024-08-27,4695.919674482628,4699.445382389623,4617.572735179477,4623.8896484375,1074033
2024-08-28,4626.3871751535435,4664.581311442914,4573.5029864451835,4588.33984375,798611
2024-08-29,4563.70968744781,4586.675327688196,4446.630159167803,4506.859375,1715519
2024-08-30,4518.659622404335,4605.2821464945755,4507.690859872554,4583.2470703125,1630572
2024-09-02,4601.903074609542,4617.572461541602,4566.450895399059,4591.13037109375,1121937
2024-09-03,4820.932461666615,4823.233998908519,4702.432702505614,4732.49853515625,3960603
2024-09-04,4744.886751312058,4847.717114343588,4696.262775288364,4761.388671875,3164300
2024-09-05,4770.34906985658,4786.899764462652,4677.360858833857,4693.42236328125,1801363
2024-09-06,4686.126441008128,4698.368150624136,4597.9861317728655,4606.26171875,1417853
2024-09-09,4591.228294080472,4595.978172522607,4486.5373007033395,4560.6240234375,1571610
2024-09-10,4583.296149660385,4639.0203170381965,4579.378802523923,4588.58447265625,1258288
2024-09-11,4573.503340326855,4611.1097817909595,4490.259703511484,4503.7255859375,1173915
2024-09-12,4512.734497511713,4557.539149148613,4501.178038152627,4545.787109375,933061
2024-09-13,4561.750857208212,4593.0896351023,4536.288100169266,4548.970703125,867679
2024-09-16,4558.812673167595,4566.549338027203,4495.204558556352,4502.35400390625,642977
2024-09-17,4503.969864882387,4504.851172348704,4335.083045382369,4366.373046875,2413098
2024-09-18,4361.917089148887,4392.325303821713,4329.647752106085,4345.95361328125,1326709
2024-09-19,4343.357834319442,4371.856625105177,4085.7923077295854,4144.3564453125,4675647
2024-09-20,4142.545279161905,4302.666822411644,4106.015734979497,4243.80859375,3502389
2024-09-23,4279.701437640239,4368.6250199419665,4264.032050225538,4346.24755859375,1698571
2024-09-24,4346.247901380887,4352.172697687656,4271.867080853635,4311.4814453125,1374111
2024-09-25,4309.032805149109,4348.255049624082,4282.198596388562,4298.5537109375,1032339
2024-09-26,4300.218646974446,4313.978136245819,4228.7758438840965,4279.015625,995154
2024-09-27,4300.316243005782,4391.6886444079255,4284.059636272089,4381.69921875,2193012
2024-09-30,4367.841682285872,4370.779692386064,4294.391429781064,4329.3046875,1327395
2024-10-01,4336.5032223517,4354.131284231178,4307.171894781077,4334.642578125,841972
2024-10-03,4255.169100539193,4337.384127939064,4166.098238185172,4179.2705078125,1628669
2024-10-04,4171.974721538071,4244.788507445527,4113.214514192465,4168.69384765625,1374135
2024-10-07,4168.693407747177,4229.412282263499,4035.2100087565395,4079.818603515625,1656254
2024-10-08,4074.0409631804423,4299.092361648649,4059.3509116305127,4278.03662109375,2008330
2024-10-09,4295.371224003062,4355.943300992217,4277.743161524253,4295.90966796875,1355805
2024-10-10,4307.123199713104,4444.230350226937,4274.853861226168,4389.63232421875,2294983
2024-10-11,4393.30449569309,4421.705260377686,4339.783839951675,4354.27783203125,860513
2024-10-14,4424.937049758351,4450.889473653938,4395.70423030108,4414.4091796875,1482299
2024-10-15,4430.5196068606965,4502.892499495329,4405.49774332855,4480.857421875,1760628
2024-10-16,4523.55584375,4579.965728650087,4504.948447986577,4560.0361328125,2398061
2024-10-17,4574.4822808675035,4574.4822808675035,4412.157203142437,4425.2314453125,1346544
2024-10-18,4400.747610289379,4464.796136570685,4331.851175934697,4431.205078125,1369365
2024-10-21,4441.096112541088,4492.021623654814,4397.2220173198175,4421.1669921875,1095298
2024-10-22,4406.967005122814,4414.60564119928,4201.79593711078,4212.8134765625,1544137
2024-10-23,4193.519595604517,4216.5827827669855,4104.84085194847,4146.2666015625,1624578
2024-10-24,4146.75683063272,4195.919729094362,4098.573268967591,4110.42333984375,956246
2024-10-25,4113.21423409672,4131.723602511804,3990.9929633215274,4079.525146484375,1520490
2024-10-28,4113.214199966104,4131.7235682276005,4013.517913729342,4063.023193359375,1207398
2024-10-29,4064.2473831917478,4196.4578402353345,4030.16665665277,4186.1748046875,1523375
2024-10-30,4176.822049537153,4244.445054150892,4137.697358972662,4148.763671875,1526646
2024-10-31,4148.470612177975,4181.964121428366,4108.8562480347355,4158.94970703125,1137221
2024-11-01,4181.57187591571,4206.789797300834,4169.08533231725,4199.39599609375,170153
2024-11-04,4199.347276835491,4199.347276835491,4109.297069929602,4121.2939453125,1013884
2024-11-05,4113.214176956934,4191.561113660876,4044.6606073409853,4173.88427734375,1215686
2024-11-06,4187.644341853273,4328.668847285188,4181.8170963590455,4299.435546875,1228872
2024-11-07,4312.999061497362,4361.965899161955,4290.572345485333,4342.18310546875,1185134
2024-11-08,4343.896966376348,4384.343861403389,4289.495000737315,4309.66943359375,1073330
2024-11-11,4293.363535450969,4397.123977174522,4257.372909896753,4351.87890625,1152838
2024-11-12,4362.945148876591,4376.655863149154,4133.780353178022,4155.8154296875,1366992
2024-11-13,4132.801052850093,4132.801052850093,3961.95580596081,3982.864501953125,2076393
2024-11-14,3995.69401663278,4098.524377354947,3839.342997135003,4002.598388671875,3878379
2024-11-18,4103.372372797693,4160.222682156376,3976.1563803730855,3993.588623046875,1939714
2024-11-19,4015.280592482191,4062.9744825037455,3956.520388689769,3973.31591796875,1425438
2024-11-21,3988.29988647623,3995.4981072031846,3849.8217661243643,3901.138916015625,2061517
2024-11-22,3909.5120665032073,4041.8205489613415,3905.692749050533,4026.39599609375,1404647
2024-11-25,4191.561072628639,4229.853233206189,4143.818408542039,4201.3056640625,2249045
2024-11-26,4220.745085622431,4317.259003573352,4212.175889563944,4274.36376953125,1967056
2024-11-27,4285.577970430866,4395.949422509135,4265.011896989584,4382.189453125,2144888
2024-11-28,4407.015209372778,4435.905642412,4359.272544604573,4374.55029296875,1454277
2024-11-29,4366.862980007065,4406.036453700782,4329.354570222058,4384.34423828125,967791
2024-12-02,4382.532210466209,4432.919280453206,4352.172769455158,4411.66748046875,1068673
2024-12-03,4426.602215869829,4451.0856352053925,4388.799720777362,4425.47607421875,1089664
2024-12-04,4510.678271896289,4531.391148549228,4397.222013612715,4427.92431640625,2420334
2024-12-05,4446.188909806076,4482.424370084231,4419.991651361734,4474.44287109375,1129143
2024-12-06,4489.670710279267,4515.819189340176,4455.981626150668,4465.43212890625,912032
2024-12-09,4466.755054806699,4550.929242347531,4456.96168700401,4523.5078125,1524379
2024-12-10,4531.390933186179,4553.8176480881275,4505.928178860948,4532.07666015625,1313990
2024-12-11,4528.991369618629,4563.709047101282,4496.673258340872,4553.6220703125,767757
2024-12-12,4553.9162346516,4625.848715699326,4549.019550528318,4564.248046875,1327850
2024-12-13,4656.256485190532,4656.746153555785,4564.247608082793,4573.15966796875,3312042
2024-12-16,4595.145744157508,4601.903071629235,4555.0417157275415,4579.72119140625,741557
2024-12-17,4579.378516618368,4618.551985537259,4510.237248338173,4527.08203125,936875
2024-12-18,4528.844648496658,4532.370356339596,4379.936690965792,4390.2197265625,1240240
2024-12-19,4308.543324317232,4351.144473617091,4284.598349123703,4294.48974609375,1084324
2024-12-20,4294.391290946952,4328.668074341055,4088.730590582332,4103.61669921875,1598164
2024-12-23,4151.4081344929455,4162.034032976125,4064.2471710652803,4138.6767578125,947680
2024-12-24,4167.078155338794,4193.03058098309,4118.845817113075,4129.080078125,947702
2024-12-26,4145.532323404455,4157.28436400943,4108.317528155372,4141.81103515625,637396
2024-12-27,4152.3879822849185,4204.29283206348,4116.348579753125,4145.87548828125,873116
2024-12-30,4151.408355034622,4162.181058951909,3966.3137150012312,3996.72216796875,3291426
2024-12-31,3996.722207164322,4112.136897261596,3996.673192508678,4092.01171875,901281
2025-01-01,4092.0117722477603,4100.727773614642,4041.722734899427,4084.0302734375,696846
2025-01-02,4093.6276146933033,4154.346493188754,4091.6201656326625,4148.2744140625,1347694
2025-01-03,4152.38778122028,4181.816659006231,4110.276301363565,4119.09033203125,853004
2025-01-06,4130.842278281564,4132.800951718397,3985.9004439558953,4016.994384765625,1131463
2025-01-07,4024.584449296165,4112.235090058303,4020.2754631540365,4077.37060546875,706292
2025-01-08,4084.8135292573133,4095.292623617945,4015.2806209434148,4024.8779296875,958207
2025-01-09,4031.9294184634623,4047.9416700386346,3973.365032722469,4012.685546875,1134421
2025-01-10,4010.3839928334155,4010.3839928334155,3898.7396032893353,3917.836669921875,1321248
2025-01-13,3819.413041662542,3902.901493406576,3694.4008104372424,3709.97216796875,1959105
2025-01-14,3726.3760453626387,3793.9012612301285,3701.892628507431,3749.24365234375,1803243
2025-01-15,3774.3145918910755,3793.9503403618387,3722.9974449287633,3743.808349609375,1061461
2025-01-16,3796.8883281623803,3863.091583714006,3780.23960451555,3837.775634765625,1076967
2025-01-17,3852.7106186995134,4056.4126544619685,3801.9809292818036,4031.53759765625,2907534
2025-01-20,4048.0884715485076,4154.3465093283585,4020.1773740671642,4100.97265625,2062527
2025-01-21,4123.007523410119,4145.875131084485,3953.631288290154,3967.09716796875,2319540
2025-01-22,3993.7352698631285,3993.7352698631285,3741.066388150356,3822.7919921875,2506920
2025-01-23,3822.791887386822,3887.966794186633,3794.978820064242,3841.497314453125,1649481
2025-01-24,3858.586611102025,3891.933073669429,3756.980428132016,3770.25048828125,1149113
2025-01-27,3738.1775396545536,3738.1775396545536,3580.4553019085756,3594.802490234375,2193288
2025-01-28,3599.8953548643426,3620.1675792722594,3412.9888266394287,3524.780029296875,3530307
2025-01-29,3544.2196993807847,3633.3393436592187,3503.6262388995106,3624.03564453125,1582724
2025-01-30,3648.029555154535,3720.304658321474,3630.4505075334396,3701.060546875,1513385
2025-01-31,3725.4949447971157,3886.9874757002003,3706.59369811651,3855.452880859375,1976237
2025-02-01,3889.925365706486,3969.104833403589,3605.574859712427,3696.947021484375,4570653
2025-02-03,3643.132641308091,3652.9260086234353,3440.409937880463,3455.638671875,3692250
2025-02-04,3525.6122121958574,3661.641987744729,3506.025477683658,3652.68115234375,2467011
2025-02-05,3687.2027607275445,3774.1679095168683,3672.5127098879925,3738.422119140625,1621003
2025-02-06,3750.859518196532,3766.5289052177186,3670.6029243665666,3693.9599609375,1253037
2025-02-07,3716.583151398062,3755.071135409585,3671.1420195726873,3739.9404296875,1391172
2025-02-10,3739.1078212299867,3769.467261370932,3676.038628317477,3708.405517578125,1336993
2025-02-11,3715.6034514512066,3716.435983287167,3542.4076598747583,3574.040283203125,1551384
2025-02-12,3563.855172636127,3582.952237786078,3398.3472746698817,3519.8828125,3099846
2025-02-13,3540.3024994548973,3654.3952356060718,3536.434166949638,3584.66650390625,2224171
2025-02-14,3623.5461987345157,3641.0762320035465,3408.9734079224436,3441.095703125,2355500
2025-02-17,3416.905841526553,3476.5963672359076,3324.8481891609767,3403.880615234375,1606401
2025-02-18,3428.5415455895272,3452.41315106745,3258.1847927534777,3299.220458984375,2310841
2025-02-19,3258.184612771739,3385.335590187478,3230.7123876286014,3318.1103515625,2689414
2025-02-20,3309.4790139914844,3377.5428148753626,3275.447113549545,3362.302490234375,1492723
2025-02-21,3362.0559367345772,3428.4428526350484,3309.528437375279,3322.7958984375,1456123
2025-02-24,3304.546929813503,3312.389015406693,3249.356112091642,3304.94140625,1026035
2025-02-25,3305.0400920076136,3331.2299072058568,3225.6323237919405,3242.796142578125,1135200
2025-02-27,3255.225534852183,3271.698900756872,3186.1752962341066,3198.653564453125,1573040
2025-02-28,3158.5550753257085,3181.0457717478657,3038.2103785144227,3046.299072265625,2413864
2025-03-03,3053.9934250829065,3161.4651416662427,3004.721195605478,3143.80810546875,2306313
2025-03-04,3119.0978891013215,3284.8184600592667,3066.767624927847,3266.22412109375,2598027
2025-03-05,3268.0489729910387,3389.3307302070198,3251.230260476037,3378.0361328125,1884731
2025-03-06,3424.891919285938,3449.552719396004,3359.0475829920624,3371.32861328125,1331348
2025-03-07,3372.2654312859863,3454.484629229532,3325.903130436818,3405.21240234375,1732838
2025-03-10,3405.2124300471714,3490.9332693876313,3363.732918763078,3371.525634765625,2150456
2025-03-11,3344.6454534838545,3423.9053583850346,3309.4792501820198,3412.90673828125,1502808
2025-03-12,3422.918850867774,3446.8398255460284,3342.2780393235544,3369.0595703125,1076349
2025-03-13,3388.393531781091,3438.307081593589,3344.8426603021016,3350.070556640625,1229721
2025-03-17,3353.8685136726276,3436.7287945986573,3352.8820817568417,3393.22705078125,1130061
2025-03-18,3393.22705078125,3393.22705078125,3393.22705078125,3393.22705078125,0
2025-03-19,3551.154930437885,3721.215697997612,3529.0095818845257,3689.896484375,2913829
2025-03-20,3737.59044614519,3795.789927887752,3653.8916036129954,3767.134033203125,2956442
2025-03-21,3796.7763772887893,3893.8905495295294,3760.7716129938967,3838.453125,3311452
2025-03-24,3899.3653863343197,4101.58393027526,3886.739009571411,4073.766357421875,4251655
2025-03-25,4143.408623999976,4157.810626653674,3946.5169532939776,3958.0087890625,3634045
2025-03-26,3980.252956086975,4128.217749993554,3917.1706804504265,4072.286865234375,4882801
2025-03-27,4093.692518305779,4151.89200230097,4064.790255357095,4104.494140625,2966370
2025-03-28,4141.140232067457,4235.738963543336,4104.8888564479375,4120.7705078125,3295702
2025-04-01,4340.300328156614,4384.640634398785,4149.96810178554,4166.392578125,6632420
2025-04-02,4181.485437643298,4194.802270247257,4094.7285466461044,4176.94775390625,2520516
2025-04-03,4139.610901225602,4269.277576663612,4128.464412599672,4260.59716796875,2369383
2025-04-04,4251.077333332789,4292.803691022679,4146.959640631643,4181.58349609375,2499556
2025-04-07,3769.1563974657174,3991.2514497577163,3768.2687050616246,3953.81640625,3022372
2025-04-08,4050.8813657235823,4080.276843890471,3945.7276281033865,3987.1083984375,2071394
2025-04-09,3982.2257999471467,4014.7780544426273,3912.0412627222267,3976.01123046875,1585051
2025-04-11,4019.710088074178,4086.4917219544845,4011.4732851820963,4051.473388671875,1518828
2025-04-15,4192.335513442913,4192.335513442913,4114.20991544757,4149.03125,1572706
2025-04-16,4157.810956793167,4184.44462128508,4114.703684934492,4152.08984375,1487536
2025-04-17,4151.891979398335,4195.294984172278,4135.221376168677,4163.13720703125,1216496
2025-04-21,4190.3627037484375,4277.168710794074,4167.674770088783,4250.6337890625,1508314
2025-04-22,4269.277801271582,4280.029814005454,4214.037607909472,4227.84765625,1224641
2025-04-23,4246.490408486049,4300.842900184293,4197.563292005927,4248.56201171875,1803742
2025-04-24,4248.5627390307045,4305.578317511913,4233.075563548887,4241.65771484375,1554043
2025-04-25,4246.589996401072,4280.128686268119,4091.2269477522527,4139.46337890625,2298293
2025-04-28,4152.779869575218,4379.659223516758,4143.507505354072,4366.24365234375,4014638
2025-04-29,4412.309781854492,4596.772542687667,4388.142200889718,4546.76025390625,5185900
2025-04-30,4547.451248849581,4574.084911261499,4405.602528370081,4427.0078125,2513611
2025-05-02,4437.956795225007,4534.627114391945,4417.241726832092,4423.4560546875,1735022
2025-05-05,4475.244392093148,4536.107437620973,4450.682332243737,4528.51171875,1497722
2025-05-06,4539.559611584858,4611.569140408347,4429.079238595396,4446.341796875,2269493
2025-05-07,4357.464331368328,4529.497964423331,4351.940216203581,4409.646484375,2829729
2025-05-08,4427.106958314322,4476.42855989982,4326.490891079905,4362.89013671875,2292121
2025-05-09,4320.571702989806,4517.069129267713,4301.040544118222,4440.12744140625,3536326
2025-05-12,4540.644790742221,4545.478210737502,4360.029012903594,4379.4619140625,4022655
2025-05-13,4406.0958765560335,4585.724753110512,4400.17728473134,4547.25390625,4339805
2025-05-14,4584.837041656543,4732.900576188261,4517.957146977318,4703.3076171875,8438062
2025-05-15,4759.534630752847,4816.747689526664,4682.790410094616,4798.79443359375,4873995
2025-05-16,4807.868992042112,5094.920669654803,4768.017240347396,5058.126953125,6753397
2025-05-19,5070.260103245455,5087.917138402168,4904.5395395596115,4948.23828125,4803284
2025-05-20,4882.837577155446,4930.877000122453,4772.455951287953,4785.4765625,3939528
2025-05-21,4764.466035939553,4941.925036888961,4714.453746378082,4933.24462890625,3488551
2025-05-22,4933.244595232606,4995.784280395508,4894.675012207032,4971.61669921875,2323924
2025-05-23,4989.372703468641,4993.219691665577,4883.331270961152,4894.28076171875,2318665
2025-05-26,4922.295312160557,4965.797056440953,4882.838035109169,4935.31640625,1593646
2025-05-27,4935.316256310407,5040.66699017447,4911.444411757081,4960.86474609375,2490282
2025-05-28,5000.223772421888,5006.142364379775,4933.146396899164,4949.71826171875,1273825
2025-05-29,4971.617170017402,4974.576465951936,4896.6483396758695,4932.8505859375,1401179
2025-05-30,4936.105056298951,4996.277400110749,4891.123666888731,4906.61083984375,1852727
2025-06-02,4902.566307163752,4966.684377579374,4882.837670112791,4949.02734375,1084257
2025-06-03,4958.793281719245,4987.301067990287,4902.566662053839,4921.50634765625,1164102
2025-06-04,4932.159146733454,4981.480738200788,4824.638077334665,4892.50439453125,2172800
2025-06-05,4932.159947440158,5029.816714399473,4922.295627545278,5002.78857421875,2465458
2025-06-06,5023.799431907209,5029.816763432995,4902.567035548536,4921.60498046875,2141012
2025-06-09,4946.1671815516165,4965.205125159236,4919.336040363387,4940.64306640625,1054807
2025-06-10,4971.616930992749,5077.1651475832705,4953.959895763523,5042.73876953125,3023426
2025-06-11,5064.834232297406,5075.191766514783,4951.887787736484,4971.4189453125,1759168
2025-06-12,4981.481440977477,5006.142240190236,4869.12693609539,4888.7568359375,1248236
2025-06-13,4833.516223450557,5014.526473859369,4825.723507911334,4957.806640625,2521739
2025-06-16,4980.297384242987,5040.667211612062,4922.295378854049,4994.99560546875,1615417
2025-06-17,5010.087957089525,5062.960806817109,4971.617110401891,4978.81787109375,1692373
2025-06-18,4985.426634422244,4999.236680500976,4917.362835891351,4926.24072265625,1044099
2025-06-19,4951.888389437754,4963.232356863757,4778.276366222406,4835.78515625,1743152
2025-06-20,4843.3810454271115,4915.390580318391,4787.154422292826,4905.625,1902384
2025-06-23,4905.624556995186,4991.345392403043,4905.525817474373,4959.97705078125,1864791
2025-06-24,4981.481330299358,4983.2567151407375,4808.85573964542,4820.19970703125,2435417
2025-06-25,4833.516313566877,4833.516313566877,4720.076644983164,4727.67236328125,2084409
2025-06-26,4751.4445041224,4786.660312063723,4730.039223044627,4751.74072265625,1293102
2025-06-27,4769.398352530516,4838.646066257664,4762.986545024529,4831.44482421875,1454498
2025-06-30,4843.380830914387,4853.245150325618,4779.262754741386,4803.72607421875,985412
2025-07-01,4811.716364288865,4887.77036478252,4810.82867185557,4845.55126953125,1332940
2025-07-02,4845.550655025943,4872.6775305023075,4779.262243017597,4831.8388671875,819887
2025-07-03,4814.773896837123,4904.341716842713,4814.773896837123,4864.29296875,1120740
2025-07-04,4887.770740266499,4951.8888226312465,4876.722508796528,4925.45263671875,1700709
2025-07-07,4926.240650197427,4980.099925443516,4887.769808115389,4944.58837890625,967116
2025-07-08,4942.024216407421,4981.284016521974,4899.114425306878,4934.6259765625,940950
2025-07-09,4943.996667432135,4996.277557969626,4926.043414245461,4939.458984375,750110
2025-07-10,4939.459041682908,4965.6982267770145,4823.849511014679,4848.90478515625,1330883
2025-07-11,4814.774400039013,4853.245246505213,4754.306313512325,4800.07666015625,1091444
2025-07-14,4800.076430800387,4848.312855041173,4774.330461525794,4819.90380859375,831409
2025-07-15,4832.530206271116,4865.082461181699,4815.7608628323305,4830.35986328125,753058
2025-07-16,4831.54415103402,4836.476311253532,4786.168277014509,4805.50244140625,571414
2025-07-17,4808.855770401263,4822.665817741902,4715.144734875495,4724.318359375,886157
2025-07-18,4739.608291718525,4743.6527592589755,4580.299523356151,4588.5859375,1677004
2025-07-21,4588.585588232991,4693.54184895158,4570.139118532611,4686.5380859375,1126412
2025-07-22,4710.212488842761,4744.6388670373,4683.677566126911,4693.640625,908904
2025-07-23,4706.267158026572,4714.651830179837,4602.691796133303,4651.81591796875,866289
2025-07-24,4651.815867665467,4681.80378601434,4606.637474390689,4617.09375,861599
2025-07-25,4616.5012993448045,4616.600038866201,4481.458868351194,4490.9287109375,973552
2025-07-28,4488.1664102150935,4532.654585283281,4415.762405009926,4445.4541015625,689011
2025-07-29,4409.449349341259,4457.685773104018,4341.2868084600095,4436.970703125,1431472
2025-07-30,4463.604855846913,4498.129976278878,4439.831748018223,4483.33349609375,727643
2025-07-31,4403.431810298008,4515.293086567084,4403.431810298008,4472.38330078125,770343
2025-08-01,4472.383616370582,4479.288639857847,4367.920571658766,4378.4755859375,649120
2025-08-04,4378.475826331146,4483.234613710126,4364.17256260794,4476.32958984375,742464
2025-08-05,4475.441818255118,4523.776984465059,4438.943835606796,4516.0830078125,776247
2025-08-06,4556.329049764428,4556.329049764428,4448.314754256915,4477.02001953125,880916
2025-08-07,4441.804424213508,4498.129786067664,4422.174524329241,4488.857421875,719816
2025-08-08,4480.374207543608,4488.166924122879,4373.3463340256685,4380.35009765625,659530
2025-08-11,4399.486527473167,4483.333243803934,4378.7714563796835,4384.59130859375,1022011
2025-08-12,4406.391328074312,4428.68478550125,4266.317997296037,4349.57275390625,2942539
2025-08-13,4378.7715016591355,4506.613180917849,4364.961454120675,4463.0126953125,2711914
2025-08-14,4475.44187163577,4506.514478855635,4411.718269704419,4493.29638671875,1265929
2025-08-18,4528.314359080926,4537.586722574077,4441.31087317257,4453.04931640625,1132386
2025-08-19,4448.807614932681,4448.807614932681,4365.059647736691,4392.1865234375,1264131
2025-08-20,4537.58700282791,4542.519162613592,4399.486528828799,4407.7724609375,3108635
2025-08-21,4443.99720302372,4480.419971198124,4385.304961114789,4428.1611328125,1833004
2025-08-22,4439.247073201879,4485.5673904538335,4417.274330007825,4427.171875,1422976
2025-08-25,4463.792231819668,4466.761494945047,4405.990672967992,4411.92919921875,1205292
2025-08-26,4410.3461185061105,4411.335873021036,4325.227230222555,4338.68798828125,1118397
2025-08-28,4339.083681559767,4384.612388072483,4294.049852291753,4300.1865234375,1163967
2025-08-29,4300.186575340837,4369.766123474544,4275.739445845986,4288.21044921875,1036537
2025-09-01,4296.523969663864,4403.021642715752,4278.708389969334,4384.21630859375,803109
2025-09-02,4393.02528153914,4448.946409939943,4385.898855935934,4405.89208984375,871222
2025-09-03,4405.892338207882,4434.793364109604,4383.028911660532,4405.3974609375,764001
2025-09-04,4433.11016509605,4433.11016509605,4379.762497094764,4391.44140625,1018902
2025-09-05,4398.468979706308,4429.151369078697,4344.032482432715,4359.67041015625,721098
2025-09-08,4378.673470986681,4424.202173442692,4374.813525477636,4398.07275390625,599045
2025-09-09,4404.407193235716,4428.161299446425,4382.335862859675,4408.3662109375,888000
2025-09-10,4426.083070138805,4519.219065628428,4384.810597285817,4510.80615234375,1716953
2025-09-11,4518.228968532017,4586.522024135238,4497.740858539638,4534.26318359375,1528168
2025-09-12,4534.263462423057,4701.33382700608,4534.263462423057,4696.97900390625,2816230
2025-09-15,4740.92388425519,4795.360379794655,4731.026339611652,4746.07080078125,2021855
2025-09-16,4745.773597968758,4793.380884495255,4711.627068851457,4790.41162109375,1180944
2025-09-17,4792.490368075056,4880.479446597298,4784.473259957684,4840.09765625,1549098
2025-09-18,4834.95033039012,4851.875227588235,4796.349908100415,4807.0390625,926593
2025-09-19,4807.039253320403,4879.489472882326,4802.288625238345,4865.8310546875,1173208
2025-09-22,4865.831225037164,4890.673676154098,4748.8420508156905,4759.4326171875,976357
2025-09-23,4765.173168996139,4785.264992577557,4709.351110343643,4750.72265625,746869
2025-09-24,4747.852123928903,4767.449068840082,4666.692258562597,4675.5009765625,718629
2025-09-25,4676.590009724314,4778.138918019755,4661.743692233125,4726.27587890625,1926254
2025-09-26,4765.6677017336815,4772.892715945142,4677.77769942434,4687.576171875,1794960
2025-09-29,4701.3340688455955,4783.4836957327925,4655.31048269795,4691.4365234375,1307604
2025-09-30,4697.3747516673475,4730.0366494349455,4674.313665645888,4697.86962890625,697341
2025-10-01,4683.518150951632,4777.544825579782,4672.729923886849,4754.1865234375,790730
2025-10-03,4745.278661435234,4827.032476057386,4741.022910591014,4820.5,982333
2025-10-06,4820.500116647363,4852.766209310317,4781.702031047503,4795.55859375,555394
2025-10-07,4795.558852193349,4822.97476276509,4759.729544820263,4788.03662109375,607428
2025-10-08,4792.39111764722,4804.76304845486,4714.101442840769,4740.033203125,704075
2025-10-09,4742.903497372653,4813.374210094121,4695.395282040039,4796.64697265625,1003478
2025-10-10,4785.462858384694,4849.5001658507135,4777.544822631421,4783.38427734375,678453
2025-10-13,4760.718997087948,4770.517469677804,4674.61035826328,4696.78076171875,1046492
2025-10-14,4706.282684180934,4744.784037875302,4681.637893594564,4698.16650390625,790981
2025-10-15,4698.364510625347,4830.001856299072,4698.364510625347,4795.55859375,991768
2025-10-16,4810.206676575657,4838.612822894837,4777.742923592491,4811.4931640625,721461
2025-10-17,4811.493119972877,4926.997657731308,4801.002109413718,4828.51708984375,1832920
2025-10-20,4871.4727401980645,4872.561566840278,4800.8043631847995,4810.20703125,616095
2025-10-21,4830.793357058577,4830.793357058577,4800.803990343727,4808.42529296875,128987
2025-10-23,4830.7932689052095,4834.950430857279,4753.691494821145,4760.9169921875,678729
2025-10-24,4775.565620485944,4817.53111601854,4748.347370835507,4764.87646484375,627200
2025-10-27,4780.514186825069,4780.514186825069,4699.156174433517,4708.06396484375,738996
2025-10-28,4717.7639766587245,4718.753731175571,4658.081489325706,4676.09521484375,947982
2025-10-29,4689.357882526995,4696.385236332966,4636.999964640663,4646.99658203125,916228
2025-10-30,4644.917940570855,4645.907695086212,4577.614633526572,4602.556640625,1151821
2025-10-31,4592.361434380174,4660.357756311201,4589.392171121675,4631.8525390625,1176002
2025-11-03,4632.050514906998,4660.753392029284,4607.702460416529,4646.60009765625,470190
2025-11-04,4622.252161373344,4666.692037674498,4622.252161373344,4637.791015625,851904
2025-11-06,4602.358187070943,4638.583296553919,4528.126603408508,4546.5361328125,768664
2025-11-07,4533.075102712037,4588.996225704008,4479.628365693161,4579.19775390625,536730
2025-11-10,4603.447410303391,4745.872991107609,4597.409810989539,4740.72607421875,1434763
2025-11-11,4745.971845449845,4828.02239590786,4737.954737435614,4812.7802734375,1333303
2025-11-12,4834.950606832256,4870.581767906148,4653.825538039973,4699.84912109375,2723105
2025-11-13,4687.476925910334,4722.316474752159,4589.1945054669095,4702.3232421875,1280728
2025-11-14,4698.364301619862,4726.077425792046,4661.842459634369,4681.34033203125,681735
2025-11-17,4693.4156699662035,4770.616518185808,4684.3097355827285,4746.07080078125,1177546
2025-11-18,4764.678224183242,4807.237668229747,4738.944606852796,4758.640625,958797
2025-11-19,4755.770139053421,4772.794108929191,4686.487327454308,4695.59326171875,847006
2025-11-20,4715.091563689947,4726.869546078315,4661.743890557753,4668.2763671875,798346
2025-11-21,4658.774377720348,4659.764132208923,4538.024330114255,4547.921875,1158530
2025-11-24,4379.663456019702,4456.36942615338,4359.868366952946,4399.5576171875,3443005
2025-11-25,4404.407591269379,4431.130963171462,4384.612500971539,4396.09375,1197615
2025-11-26,4411.335814909213,4475.6698575318505,4404.308461290104,4471.5126953125,717411
2025-11-27,4488.536174110945,4488.536174110945,4415.29434899866,4437.26708984375,721812
2025-11-28,4443.898244849869,4502.392827347792,4431.13050957047,4495.8603515625,786275
2025-12-01,4515.259883257387,4537.03448155455,4454.983932808674,4484.28076171875,750897
2025-12-02,4478.6390545072845,4485.8640689523045,4436.277755767236,4462.30810546875,652604
2025-12-03,4470.721037005827,4478.63907293588,4375.605533740361,4390.84765625,1027500
2025-12-04,4413.315014822824,4478.638807372344,4376.990833836148,4450.7275390625,1020941
2025-12-05,4472.700341807865,4497.740935982119,4384.6121961072895,4397.47900390625,1473356
2025-12-08,4397.4793929508505,4402.428165619037,4226.746735898403,4243.1767578125,1757606
2025-12-09,4228.726062247179,4269.800873618333,4144.102053277691,4258.91357421875,1674288
2025-12-10,4266.336857939053,4288.012385268691,4227.241554403827,4250.10498046875,949813
2025-12-11,4255.944062819316,4289.991518666164,4242.087500754323,4276.53076171875,460221
2025-12-12,4288.606459044523,4315.230759745902,4213.681846404755,4258.4189453125,791726
2025-12-15,4208.436230748137,4297.514137795958,4208.436230748137,4277.3232421875,827861
2025-12-16,4279.698474691106,4285.043052356237,4199.429287772338,4217.73974609375,1006671
2025-12-17,4216.849343336532,4226.252011746742,4174.982918358302,4185.078125,645807
2025-12-18,4185.077912793751,4224.668093566142,4149.64489431389,4215.859375,557768
2025-12-19,4226.152243789519,4269.800509773224,4207.841787268702,4261.189453125,650177
2025-12-22,4267.52495461738,4347.002052938677,4262.971986959038,4341.16259765625,657486
2025-12-23,4354.919566092847,4405.595187082434,4323.74230101741,4362.24365234375,587365
2025-12-24,4369.766204680776,4414.305158069369,4352.346428477524,4376.00146484375,486359
2025-12-26,4399.458897865591,4430.141288379389,4356.008770535638,4364.02587890625,690425
2025-12-29,4388.570952092109,4412.523201569645,4314.735178163951,4329.482421875,778626
2025-12-30,4335.124725916802,4337.50004006981,4260.8931381442535,4281.18310546875,1064901
2025-12-31,4281.678038348217,4354.919872568691,4281.678038348217,4343.73583984375,512109
2026-01-01,4343.735856973251,4369.172258180283,4298.108076927282,4352.84130859375,384408
2026-01-02,4367.885553327683,4383.6225527634015,4335.124583676608,4372.537109375,597270
2026-01-05,4372.735467130585,4498.335218998834,4372.5373229152565,4479.72802734375,1256096
2026-01-06,4481.905232686929,4501.106857139522,4432.714722646983,4469.7314453125,530874
2026-01-07,4469.731418449933,4489.52650887708,4434.100255681067,4478.73828125,439887
2026-01-08,4479.6287050267965,4532.085691630071,4419.847632044058,4433.90185546875,966719
2026-01-09,4421.035345390665,4496.454833958006,4394.5101172735085,4416.3837890625,1017357
2026-01-12,4434.10045492157,4482.103551364359,4372.636599727764,4472.10693359375,744251
2026-01-13,4478.638986172638,4513.181320592603,4355.3154822954675,4406.78271484375,753776
2026-01-14,4406.782639590873,4454.884802768364,4376.694200809088,4415.6904296875,597515
2026-01-15,4415.6904296875,4415.6904296875,4415.6904296875,4415.6904296875,0
2026-01-16,4439.048665277909,4442.017928599165,4322.85159062846,4383.32568359375,1576883
2026-01-19,4381.6430514636295,4470.720954023315,4368.875315419118,4458.15087890625,792050
2026-01-20,4458.150609652899,4478.638719315653,4282.6673455201835,4310.57861328125,1194605
2026-01-21,4270.790206541116,4293.158752482526,4191.609855087283,4215.759765625,1113913
2026-01-22,4254.95472058653,4322.258028565102,4246.640879197834,4308.599609375,725419
2026-01-23,4330.176223855686,4330.176223855686,4250.401909224476,4261.58642578125,704843
2026-01-27,4305.332825212105,4332.452000737177,4227.934316473499,4303.947265625,1042386
2026-01-28,4325.2268849937145,4591.075023138967,4316.81397228835,4576.62451171875,1837685
2026-01-29,4611.265616828373,4622.152914914896,4506.4507255419985,4553.85986328125,1301527
2026-01-30,4572.66572669124,4587.313899777009,4494.475122273791,4572.07177734375,1582165
2026-02-02,4369.766121991191,4408.168403319234,4163.996257885416,4294.248046875,2563637
2026-02-03,4453.894972562031,4560.887524003062,4364.916145210333,4424.59814453125,1450873
2026-02-04,4364.817089924404,4367.786353250884,4055.617898849412,4173.8935546875,5290920
2026-02-05,4078.778057568668,4082.7370753386936,3911.509556785095,3994.154052734375,6343724
2026-02-06,3988.7106223830287,4032.259820245275,3944.171670023913,4025.826416015625,2094080
2026-02-09,4024.440811770847,4108.470870967986,3972.973578504084,4088.67578125,1664057
2026-02-10,4108.471189378351,4146.873473096033,4094.8127697258233,4125.59375,1000376
2026-02-11,4152.910733689415,4152.910733689415,4064.9216569097057,4090.6552734375,916944
2026-02-12,4094.317292677216,4146.872865629982,4041.3651896953206,4116.28955078125,2759493
2026-02-13,4146.081540907349,4219.818250097514,4113.221498668229,4169.24169921875,3532180
2026-02-16,4185.374727690345,4192.1048644647235,4127.275949667784,4182.80126953125,1126991
2026-02-17,4186.66127989323,4251.98507291284,4179.1390494958705,4204.0810546875,1033811
2026-02-18,4226.435878327909,4258.870156024641,4173.642951474151,4242.50341796875,821047
2026-02-19,4235.517187585673,4262.362689835784,4093.3053675665674,4124.24267578125,1020581
2026-02-20,4121.448480751303,4204.979416661983,4112.8662615954445,4161.5673828125,960630
2026-02-23,4141.607646100767,4141.607646100767,3967.9595182883495,4017.259521484375,3750121
2026-02-24,3996.9008699895303,4024.2453627524173,3929.1382785413557,3944.60693359375,1605651
2026-02-25,3961.9714965054504,3995.902738541013,3949.5966703982995,3976.941162109375,1239941
2026-02-26,3991.9108204925396,4009.874419184756,3976.9411549156926,4000.792724609375,1423043
2026-02-27,3992.908869762779,3992.908869762779,3892.113119738775,3905.286376953125,2191138
2026-03-02,3829.240541651628,3974.945289913587,3817.763797781679,3943.60888671875,3263290
2026-03-04,3963.269102822387,3965.963594028555,3850.8967102736333,3868.960205078125,2521796
2026-03-05,3862.173724765481,3941.013963591443,3833.13247604298,3883.9296875,2469764
2026-03-06,3872.153635609328,4031.530632139433,3847.204192080917,4015.56298828125,2974581
2026-03-09,4015.5629952665963,4015.5629952665963,3917.0626407744653,3981.831298828125,1540560
2026-03-10,4016.860370431919,4054.783524239723,3910.0767531309957,4031.929931640625,1609432
2026-03-11,4031.830057988807,4095.500842699915,3968.15902963079,3997.000732421875,1668004
2026-03-12,3947.0018488017977,4025.0436571081445,3932.830614028527,4005.383544921875,961224
2026-03-13,3991.910876944116,3996.0026830517454,3884.5283768955574,3906.48388671875,2113945
2026-03-16,3906.4839437145342,3930.834746607315,3835.228430980222,3905.186767578125,1379003
2026-03-17,3911.7733130963666,3963.867702586059,3884.6283671981855,3955.085693359375,992982
2026-03-18,3964.9654715674415,3983.5279545714216,3937.0220954778647,3953.588623046875,828634
2026-03-19,3922.0524627866125,3922.0524627866125,3778.3436702570266,3794.810302734375,1014937
2026-03-20,3818.262904294988,3874.149658774998,3768.9629004803155,3774.7509765625,1047650
2026-03-23,3752.995195542892,3755.1906978467987,3602.6996500781,3627.25,1797092
2026-03-24,3692.517570909021,3715.77050055791,3613.3778888355628,3646.610595703125,1309461
2026-03-25,3685.5318647636286,3722.357146619723,3653.596576468899,3661.9794921875,1052741
2026-03-27,3657.5884195055064,3657.5884195055064,3568.8682958199206,3581.343017578125,2286154
2026-03-30,3543.818978181296,3608.288438070506,3472.0644756594256,3480.14794921875,2197252
2026-04-01,3574.1573535157477,3681.1407613512574,3537.8310615135533,3663.376708984375,2246768
2026-04-02,3630.842582633769,3692.6175512289788,3543.8189720110354,3679.5439453125,1611009
2026-04-06,3705.990412172818,3754.8913224182656,3653.596579766982,3744.512451171875,1130371
2026-04-07,3736.52845650665,3814.2708229697473,3694.912590914654,3788.52294921875,1144328
2026-04-08,3892.113067568378,3909.0786886321375,3842.2141820867323,3899.597900390625,1344611
2026-04-09,3892.113238779816,4100.6905892682735,3874.4490812716595,4024.744384765625,2791024
2026-04-10,4059.773466103271,4130.230792349373,4054.783577378955,4103.88427734375,1281358
2026-04-13,4031.7302216170033,4111.169348110752,4005.1841596100426,4091.60888671875,1090938
2026-04-15,4151.587409273704,4233.421584168041,4138.613698619723,4230.62744140625,1400340
2026-04-16,4276.135020474436,4379.126522857537,4271.54471249612,4354.576171875,2251283
2026-04-17,4371.142357332047,4390.503027392063,4337.809999371882,4379.22607421875,1038094
2026-04-20,4391.102120856831,4392.998181132072,4312.860762343965,4335.71435546875,898541
2026-04-21,4327.031543879789,4394.794619969809,4326.732345485431,4349.5859375,616910
2026-04-22,4341.202915440444,4404.075509388202,4322.241339487945,4391.70068359375,796091
2026-04-23,4391.701070364065,4393.59713066754,4326.233631219486,4343.6982421875,629014
2026-04-24,4343.698206678344,4378.42763785901,4227.533692705206,4257.17333984375,799635
2026-04-27,4271.344478965379,4331.4229303393695,4271.344478965379,4301.5830078125,449038
2026-04-28,4301.583399275233,4351.183089501998,4293.7993675647585,4332.62060546875,556358
2026-04-29,4351.182719808188,4388.407092654168,4320.245411479277,4342.7998046875,907743
2026-04-30,4340.204957943303,4370.144288533853,4280.625495150593,4330.025390625,818024
2026-05-01,4330.025390625,4330.025390625,4330.025390625,4330.025390625,0
2026-05-04,4347.190836097709,4580.717616549238,4309.267683716691,4550.279296875,2841170
2026-05-05,4549.78069971518,4668.04106666325,4524.8312552113675,4601.07666015625,1476586
2026-05-06,4619.538924169918,4662.052872072927,4600.677242910456,4617.54296875,775836
2026-05-07,4638.400503344771,4786.300991623119,4618.740635267549,4772.42919921875,1889223
2026-05-08,4784.305451880675,4826.519716832676,4723.428807624371,4778.41748046875,1674686
2026-05-11,4769.535231570183,4798.775783341214,4730.115112314286,4746.68115234375,1218880
2026-05-12,4720.434918970407,4735.304690495288,4546.886679767663,4563.25341796875,1587979
2026-05-13,4540.79868159305,4682.511519568042,4527.525772672073,4609.16015625,1092960
2026-05-14,4639.598729875353,4798.876082074517,4538.802973429361,4598.681640625,3241559
2026-05-15,4600.677297338577,4608.6611191127,4361.1626441148765,4377.330078125,2201976
2026-05-18,4350.583856918516,4367.050488851173,4166.556867808672,4317.75048828125,2044382
2026-05-19,4316.952666669409,4369.146709510531,4276.534566684215,4324.4375,1438816
2026-05-20,4291.3040794197095,4338.7080198319045,4242.503067696231,4317.75048828125,1262228
2026-05-21,4354.177073572559,4411.959889833674,4335.614589322948,4361.56201171875,1106287
2026-05-22,4361.561873474394,4420.742246593032,4336.712324887892,4359.56591796875,845826
2026-05-25,4382.320170849334,4428.925440250229,4376.531607417195,4416.94970703125,1063255
2026-05-26,4415.9514637906095,4440.302022413226,4384.814851669393,4418.74609375,983680
2026-05-27,4421.041304853912,4464.9523245860955,4395.293674564837,4404.07568359375,502395
2026-05-28,4404.07568359375,4404.07568359375,4404.07568359375,4404.07568359375,0
2026-05-29,4400.881826647274,4409.065438630607,4246.694273395026,4295.09619140625,4597399
2026-06-01,4295.096270085164,4331.223258076968,4224.639433648264,4245.4970703125,707271
2026-06-02,4201.486182730513,4291.304177135678,4168.552918115286,4269.84765625,1251023
2026-06-03,4286.813454890067,4288.110631056545,4201.0872630286,4255.47705078125,1122282
2026-06-04,4251.385369597799,4288.310547690549,4167.6551307867885,4182.52490234375,718095
2026-06-05,4210.467920943571,4253.879950941448,4196.795431520973,4208.3720703125,492608
2026-06-08,4158.174173895173,4276.334641561468,4140.409877640282,4229.4296875,719608
2026-06-09,4229.429615602464,4263.260963157604,4179.530729151278,4255.17724609375,662719
2026-06-10,4275.835721697291,4312.261910013769,4189.111551629976,4210.66796875,674281
2026-06-11,4176.536816826939,4214.859064354115,4151.587373476717,4163.8623046875,555963
2026-06-12,4207.474044093582,4215.4578658091295,4158.074147228632,4183.82177734375,693290
2026-06-15,4226.435470684779,4335.215037698861,4194.10109134302,4276.03515625,1049980
2026-06-16,4291.104378781191,4305.974636551515,4231.924495271733,4247.193359375,584663
2026-06-17,4267.851596982367,4475.92994562514,4261.364741988707,4451.4794921875,1421845
2026-06-18,4466.948174781111,4471.439074420637,4377.629170839443,4402.57861328125,851920
2026-06-19,4402.578573557712,4426.629933313363,4376.830944107602,4399.185546875,834712
2026-06-22,4415.153465368592,4519.342245107401,4377.130415599218,4506.0693359375,1337548
2026-06-23,4524.731166753658,4525.82903972371,4437.707800416848,4491.099609375,1411631
2026-06-24,4481.020040924583,4496.488696215939,4300.386066231967,4360.06494140625,975559
2026-06-25,4376.032670316884,4400.98211481833,4342.401111505237,4359.86572265625,731421
2026-06-26,4359.86572265625,4359.86572265625,4359.86572265625,4359.86572265625,0
2026-06-29,4359.166812344517,4369.346380312851,4261.2650976030145,4334.017578125,901086
2026-06-30,4347.490296114264,4414.554596120364,4317.351660310875,4372.34033203125,803535
2026-07-01,4379.026166763463,4454.972365707513,4373.13819590733,4425.43212890625,469658
2026-07-02,4422.039269969976,4450.581530173296,4401.979820372556,4425.033203125,282618
2026-07-03,4447.188443092598,4493.2947206785475,4412.3586313596825,4419.943359375,583667
2026-07-06,4423.037411034039,4489.103733345624,4418.9456047789645,4431.6201171875,445462
2026-07-07,4431.021279400574,4432.41835081369,4366.252619869903,4391.4013671875,457694
2026-07-08,4373.737238827068,4424.733997611052,4297.09225780544,4355.87353515625,1050626
2026-07-09,4341.202975651057,4388.606916189776,4322.24139943557,4370.04443359375,584196
2026-07-10,4387.110292758577,4515.74953031723,4387.110292758577,4497.68603515625,1078390
2026-07-13,4489.602628195422,4512.556116084232,4429.025184806122,4502.1767578125,569353
2026-07-14,4500.97930050645,4500.97930050645,4383.118037246504,4433.416015625,770894
2026-07-15,4435.412117116794,4477.526972158315,4405.672575738227,4411.560546875,440343
2026-07-16,4411.560587107075,4450.980707724817,4385.114177072387,4424.83349609375,474213
2026-07-17,4426.929382546192,4500.280746819589,4417.847687605959,4491.5986328125,658032
2026-07-20,4490.899768286574,4505.869434180862,4451.978636961423,4481.91796875,344703
2026-07-21,4475.929932917148,4584.709500963519,4452.377562009818,4572.4345703125,697566
2026-07-22,4575.727907641963,4617.64297244479,4538.802731506138,4565.54833984375,976586
2026-07-23,4561.457170242451,4590.697723870441,4535.808946737207,4583.212890625,648588
2026-07-24,4540.89868041389,4589.400496764904,4509.861474775106,4564.1513671875,467141
2026-07-27,4572.734003318495,4635.406810454307,4567.74411461998,4609.6591796875,694103
2026-07-28,4608.6610668394715,4615.646910812594,4490.999592236653,4590.79736328125,684639
2026-07-29,4590.79758449039,4611.655222184982,4525.82913495107,4582.7138671875,495981
2026-07-30,4570.738182488273,4588.202793447563,4529.022906657333,4572.13525390625,606007
2026-07-31,4581.815646923077,4659.558014516975,4581.815646923077,4637.103515625,747759
2026-08-03,4650.97538628324,4689.497424706823,4638.101570828891,4680.515625,466729
2026-08-04,4670.535952669903,4708.459107841154,4616.64515321602,4625.626953125,686746
2026-08-05,4631.614534487689,4663.948914709902,4593.990580046318,4635.6064453125,655940
2026-08-06,4685.804508451621,4939.9896240234375,4675.924626662334,4910.05029296875,4796689
2026-08-07,4915.040467178748,4964.939355170411,4866.13955694692,4900.07080078125,1083102
2026-08-10,4900.070580816889,4949.969466568587,4885.500008718631,4918.0341796875,589472
2026-08-11,4920.130181800423,4953.761739456039,4845.780839741752,4899.07275390625,447081
2026-08-12,4899.072838170201,5044.7775915564,4793.686288947171,4984.89892578125,2901166
2026-08-13,5009.349342770475,5037.791708796764,4905.060667340748,4935.0,1595991
2026-08-14,4940.0,5047.0,4924.2001953125,5029.89990234375,1537351
2026-08-17,5050.0,5149.89990234375,5045.0,5059.0,1719795
2026-08-18,5067.39990234375,5120.0,5039.0,5099.0,1238546
2026-08-19,5099.0,5099.2998046875,5005.0,5017.0,983643
2026-08-20,5049.0,5049.0,4972.0,4998.0,421506
2026-08-21,4985.2001953125,5092.0,4972.0,5000.0,733538
2026-08-24,4990.0,4990.0,4858.0,4906.0,647190
2026-08-25,4890.2001953125,4900.0,4805.0,4900.0,565718
2026-08-26,4877.39990234375,4937.60009765625,4865.5,4865.5,416245
2026-08-27,4900.0,4935.0,4875.0,4899.0,351457
2026-08-28,4884.10009765625,4890.0,4816.0,4861.10009765625,484334
2026-08-31,4836.89990234375,4844.0,4777.0,4801.60009765625,681564
2026-09-01,4801.60009765625,4819.60009765625,4771.60009765625,4807.60009765625,492865
2026-09-02,4785.0,4793.5,4707.0,4780.0,525620
2026-09-03,4793.0,4810.0,4750.0,4765.60009765625,401080
2026-09-04,4831.0,4936.0,4817.39990234375,4856.0,1399667
2026-09-07,4884.7998046875,4909.89990234375,4835.39990234375,4855.2001953125,602641
2026-09-08,4904.10009765625,5072.0,4903.7001953125,5031.10009765625,2553021
2026-09-09,5031.10009765625,5097.39990234375,5000.5,5000.5,1669937
2026-09-10,5015.0,5052.39990234375,4914.60009765625,4950.0,688500
2026-09-11,4930.0,4930.0,4875.0,4905.0,762754
2026-09-14,4905.0,4905.0,4905.0,4905.0,0
2026-09-15,4920.0,4940.0,4674.0,4695.0,809202
2026-09-16,4690.0,4709.60009765625,4615.7998046875,4695.60009765625,679509
2026-09-17,4699.0,4799.0,4687.0,4788.0,528884
2026-09-18,4804.89990234375,4890.0,4780.0,4800.2998046875,972849
2026-09-21,4850.0,4888.89990234375,4825.0,4826.0,784570
2026-09-22,4834.7998046875,4879.5,4776.2001953125,4800.0,548249
2026-09-23,4810.0,4849.0,4802.0,4836.0,432866
2026-09-24,4810.0,4846.7001953125,4770.0,4774.2001953125,357585
2026-09-25,4774.2001953125,4819.5,4760.10009765625,4800.0,384467
2026-09-28,4790.10009765625,4793.89990234375,4720.7001953125,4738.0,810334
2026-09-29,4723.0,4723.10009765625,4549.2998046875,4549.2998046875,1096291
2026-09-30,4640.0,4701.0,4614.7001953125,4668.0,1233758
2026-10-01,4666.0,4699.7001953125,4559.2998046875,4601.0,739864
