Date,Open,High,Low,Close,Volume
2019-10-03,411.9173142015788,424.3760609449158,410.4183807392905,419.2368469238281,3435302
2019-10-04,418.925483827069,421.18365135638396,414.5065302826784,420.1324157714844,2694188
2019-10-07,422.7213814060923,424.7653945328544,416.16108211403935,418.30242919921875,1910498
2019-10-09,416.6088387534123,418.12721052346245,404.9676875161564,409.23089599609375,3750540
2019-10-10,409.21159351871756,415.07107139778816,405.4544918732004,414.0588073730469,2707552
2019-10-11,408.8027664332988,424.37620515456734,408.0240944972354,420.2881774902344,4312780
2019-10-14,421.4172832399619,428.1917389416352,418.1468514329783,423.13037109375,2781204
2019-10-15,424.0257379601234,427.9385829389219,420.2686368534921,422.23480224609375,3002070
2019-10-16,423.9869779564904,430.99502717891176,421.6898856505328,428.6200866699219,3018788
2019-10-17,428.2695560976187,429.126076199269,422.2543345247925,425.5636901855469,1552278
2019-10-18,426.30339381715606,430.39142143000674,423.7532717744811,426.5175476074219,1647630
2019-10-22,424.454051024526,426.6732945460307,409.38676815435457,414.42864990234375,5502486
2019-10-23,416.5893882596038,429.80732226907566,415.81071650584755,426.3811950683594,7829074
2019-10-24,449.72199644786997,451.2404163273249,432.3576206483989,435.68646240234375,13502160
2019-10-25,436.44563568377566,442.77234538927195,427.5298321935263,441.5264892578125,4587220
2019-10-27,443.0643067054124,443.70672052181277,438.0418634949559,440.144287109375,303910
2019-10-29,440.30005271586055,446.1206063872486,439.15148310227,443.74566650390625,3218206
2019-10-30,447.73638076399675,447.73638076399675,443.1421971508288,446.4710388183594,2441752
2019-10-31,446.86093737401904,456.3188276042787,444.0528405555934,453.4912109375,5848998
2019-11-01,451.9897048165763,455.1488259633382,445.94445477164766,449.298583984375,2131710
2019-11-04,452.4382787820048,454.87587985382413,449.318149410076,450.8197021484375,3022168
2019-11-05,450.8976496873352,452.6527223163824,445.9249439050348,451.91168212890625,2878100
2019-11-06,452.41866647362474,452.4381863219686,445.0863449042632,447.8749694824219,4576658
2019-11-07,448.1285293781891,450.1565941923673,443.0973118241277,447.91400146484375,2538638
2019-11-08,447.8751193161144,454.13489872722823,446.99758281601817,448.5576477050781,4026580
2019-11-11,448.5186410892982,449.96168202121663,440.79630109460925,446.9390563964844,1906640
2019-11-13,448.5185814155718,450.8976704559842,442.55131515819824,444.0723876953125,3378350
2019-11-14,445.203401856345,451.4046676984296,442.70728916155366,447.6605224609375,2540924
2019-11-15,448.8890125643116,452.34069314691806,444.6183553005742,445.5154113769531,3061712
2019-11-18,447.73857600607454,448.4015844703386,444.15044618288573,445.0474548339844,2484314
2019-11-19,444.2283905481765,445.9834632061807,440.1917329566454,442.5318298339844,2365020
2019-11-20,442.6682580455087,443.7212824349905,438.96310522486345,441.81024169921875,2225036
2019-11-21,444.0723601479766,447.9335293920853,441.32277497202307,443.2923278808594,3876184
2019-11-22,440.89368049376316,442.6487529409469,432.50833435721876,434.77044677734375,2597928
2019-11-25,435.6481504353398,439.1972887818218,431.3774915495881,438.6707763671875,1693202
2019-11-26,439.35315749300497,442.4732864410245,428.4131863252556,432.1573791503906,6459924
2019-11-27,432.527954940069,442.43437569321804,432.527954940069,440.0357666015625,3354312
2019-11-28,444.2283628718731,445.9444433302184,438.9631452258939,441.75177001953125,2413116
2019-11-29,443.0583834151953,443.38988764851206,438.8071975031524,439.8017578125,2387702
2019-12-02,444.22848775250696,444.22848775250696,438.18323616324983,438.8852844238281,2995916
2019-12-03,440.6987923420112,441.10832840152864,437.2081663466964,438.5927429199219,3567662
2019-12-04,439.5482506093212,440.71829919124485,435.4335607191302,438.9632263183594,5903136
2019-12-05,439.7822067342995,442.785359692604,434.59502043987277,437.5201416015625,2683884
2019-12-06,439.8602383857914,442.31731159516374,435.7650687607769,437.0520935058594,1659752
2019-12-09,438.80712933335434,439.3141693357022,426.6776374612249,430.6167907714844,2192234
2019-12-10,430.6168251161798,432.8399457544878,422.62149397762335,424.6885986328125,1628853
2019-12-11,425.1176890953474,428.93986717868137,420.7885184805689,424.181640625,2387958
2019-12-12,426.9116011212617,427.301617209918,417.35620694918344,418.3702392578125,2061911
2019-12-13,419.6573449511573,425.11757062896044,418.721296741656,423.6745300292969,2889796
2019-12-16,425.8975859501981,432.87888373994065,425.15654583005556,430.7337951660156,4590144
2019-12-17,433.3079461098145,436.0380591816135,430.96784919112963,435.0630187988281,3852266
2019-12-18,436.81815209502327,442.2393868973684,436.0381196805679,440.48431396484375,4618387
2019-12-19,441.10835527348036,447.738631170606,440.5233309296163,444.2284851074219,3465644
2019-12-20,447.3484409529067,447.543448991683,441.10818371206403,444.54034423828125,3135806
2019-12-23,442.6683455031271,448.9475962126141,441.92730527071427,445.3594665527344,1591463
2019-12-24,446.1785114215938,446.68555150105897,436.2720908943748,437.24713134765625,2354963
2019-12-26,438.10515554417435,440.7182446768196,436.46705916646556,437.2080993652344,1848547
2019-12-27,439.11920677539905,443.8383928186392,434.4780049208823,442.70733642578125,2786795
2019-12-30,442.27832289152906,450.46866220433515,440.1332340238894,444.0723876953125,1800754
2019-12-31,443.91629316381466,445.78838943353657,440.7571723668715,443.1362609863281,1838808
2020-01-01,444.1504837144955,446.88059721352533,442.16136293482435,446.1395568847656,918373
2020-01-02,446.60751037826384,448.51859914868965,445.00845359013465,447.3875427246094,1075642
2020-01-03,447.73862221934286,459.04909264126,446.84156586625755,456.35797119140625,3269446
2020-01-06,456.3189791649887,461.93522227659207,451.98980862812436,453.9788818359375,3589985
2020-01-07,453.97875318417044,458.46393846047454,451.6776486074932,455.73382568359375,3179728
2020-01-08,454.75881141340227,462.55913407915534,450.85865008052576,456.9039001464844,3593096
2020-01-09,457.09893417237834,458.7760226845158,451.83371607397635,452.6527404785156,2313648
2020-01-10,453.978875535392,460.0631189846046,450.39074539107213,452.6918029785156,2049636
2020-01-13,455.4998797558293,460.2190657385577,453.1987749052576,457.48895263671875,4096054
2020-01-14,458.03500108140395,465.99134049753917,457.99600898615444,463.5732116699219,3395378
2020-01-15,465.67926396775334,466.6932963942136,461.54510246948234,464.7042236328125,2348102
2020-01-16,465.67930215288203,466.6933346624917,457.68397075075967,462.7541809082031,2107442
2020-01-17,456.3189368303448,469.57948713139757,456.3189368303448,467.0833740234375,4555694
2020-01-20,482.05999385556987,482.05999385556987,455.61687806148143,459.6340637207031,10272118
2020-01-21,459.672958288491,462.7540949490938,454.25172506683083,455.5777893066406,2640668
2020-01-22,456.4748888724348,464.11919551192955,453.5887599835076,460.72607421875,4402650
2020-01-23,460.2970937269308,467.9804413245838,457.8790123646759,467.2004089355469,6089397
2020-01-24,468.80465260230017,476.63110757061906,466.0653933633886,475.6136779785156,3551260
2020-01-27,475.613835302367,475.8486194753006,470.9570835020759,472.991943359375,2450421
2020-01-28,475.3008101408908,475.339932879196,463.795906713386,470.72235107421875,5330709
2020-01-29,473.50068789235274,478.58788536557637,471.30928930382237,476.51385498046875,4281329
2020-01-30,478.97923087566704,480.42710650195966,472.44415753582564,475.7312316894531,3334901
2020-01-31,475.7312044630498,476.5530207233324,461.4479193924507,462.8567199707031,3590768
2020-02-03,462.85668279572025,464.61763560819634,451.9778885355293,453.2301025390625,4024193
2020-02-04,456.2824380781949,461.1739736493591,455.89111523250176,459.0216979980469,3246094
2020-02-05,461.29140309720714,468.4134599894859,458.63038856113405,466.1437683105469,3006324
2020-02-06,468.7656463467733,479.76180875549653,468.02212338627555,469.3526306152344,4704968
2020-02-07,470.8786822764608,476.7876462237635,468.922068534381,475.6136779785156,2865379
2020-02-10,476.5530379764967,478.6270206470664,470.87885603069316,473.4224548339844,2286213
2020-02-11,474.283285873208,480.34878994171845,474.0485017211105,477.922607421875,2458748
2020-02-12,479.7617895456841,485.6316319952643,477.64863671005526,480.6226806640625,4873027
2020-02-13,478.97915975086056,480.5053283920824,472.7571169944342,479.33135986328125,2090363
2020-02-14,479.3314781927199,487.78404413293754,479.17493946312237,486.5318298339844,3650630
2020-02-17,487.5880535959203,487.9793762713585,479.2528615015355,480.1138000488281,2190578
2020-02-18,480.11393119008613,481.95312915946266,473.61798255724614,475.10498046875,5237465
2020-02-19,480.89664286917156,483.8706868699499,472.71798604035547,474.0876159667969,3799862
2020-02-20,478.1964789524819,479.72264748164184,473.6180211339004,475.8876647949219,4820313
2020-02-24,475.8486045137401,476.6312502448482,462.93494995045603,465.7916259765625,4070143
2020-02-25,466.0655376044983,466.2220763060893,450.0212999539656,455.8520202636719,5525575
2020-02-26,451.50835632095817,461.0174736071665,450.4126331535955,456.7520446777344,5460070
2020-02-27,455.5779893516233,455.8128212491627,444.5427053853555,448.49505615234375,4078174
2020-02-28,438.28157614288864,441.41215882962354,415.74139035217735,418.2066955566406,7894806
2020-03-02,423.45049279541126,442.86009872681586,420.9460167274121,430.22039794921875,8175982
2020-03-03,435.15101365025026,445.1297464273018,434.3683679422462,442.23394775390625,4682284
2020-03-04,445.3254231326613,450.334374943297,439.06425725381894,440.7077941894531,5175180
2020-03-05,444.5427613514903,455.4215557808573,440.74694878201853,451.11700439453125,6061347
2020-03-06,446.1079546097657,449.19941402443646,437.9292992214749,443.1339111328125,3288548
2020-03-09,434.36841319777795,436.7163505664146,419.8503433554897,422.9809265136719,3699776
2020-03-11,412.25865667678346,424.70274344673027,402.27992317392824,420.1242370605469,4850031
2020-03-12,407.7585008325759,413.0804832282396,380.63982604353873,386.11834716796875,5321388
2020-03-13,360.0170425414054,404.82351142291725,309.888592150019,385.7660827636719,6859998
2020-03-16,367.0608408902763,375.51340507128236,349.725243053692,352.7384338378906,5281571
2020-03-17,352.1905648572527,374.5742366450706,346.98597573125244,352.69927978515625,5148153
2020-03-18,356.10382167923774,363.7737405923939,335.7941546033109,339.8639221191406,4936397
2020-03-19,327.8503049752265,340.1378529942936,293.687822235574,323.58489990234375,9270044
2020-03-20,323.62399602894214,361.5431896398018,322.3326354045077,348.1990661621094,11916337
2020-03-23,324.7980290831097,347.4947588262668,313.410541472653,326.480712890625,9525470
2020-03-24,323.2326303854155,359.11693565424537,322.3325927290286,345.9684753417969,9915953
2020-03-25,338.10290865994284,366.27815104827147,326.9502085478961,358.1386413574219,11976272
2020-03-26,360.8779509364404,365.2998945347429,345.2250363339876,350.3905029296875,9504717
2020-03-27,352.38621625536376,358.0212746865202,329.1025073523164,337.0463562011719,9150873
2020-03-30,320.88474683374665,343.3075420490193,320.88474683374665,327.9285583496094,6325701
2020-03-31,339.04217856760056,351.7210265130676,332.8592574858696,341.546630859375,6381806
2020-04-01,338.8856486278786,339.04218734961825,319.476041354937,323.6631774902344,8136746
2020-04-03,327.85028950943365,335.4419625976555,312.5104285186212,317.5976257324219,8166356
2020-04-07,332.62439743594166,358.41258086151976,332.62439743594166,353.090576171875,5972948
2020-04-08,352.9731896061519,373.1654379056729,351.40789829969447,362.4432067871094,7991061
2020-04-09,376.2177863086305,376.45257045783853,361.5823026019156,367.0999450683594,5069225
2020-04-13,367.8434557792468,368.62610142984096,355.3211253697405,358.6473693847656,2236731
2020-04-15,367.84347016257345,377.235218336937,362.13016624361586,374.6916198730469,6333188
2020-04-16,370.19137392360403,372.53931075610046,357.4342600208195,359.8213195800781,10484842
2020-04-17,367.8434620186367,371.75669033798397,355.04720063748135,356.2994384765625,4706460
2020-04-20,358.45166755838596,370.66094310800645,354.92976252779044,367.8434143066406,4800719
2020-04-21,358.4517480069149,363.8911454398401,350.50789854304077,356.65167236328125,3405204
2020-04-22,354.5384906589085,367.413021562223,352.19055363467726,361.8953552246094,3768051
2020-04-23,363.93026276803175,376.2569329585619,361.8953791025459,373.869873046875,3052968
2020-04-24,375.66995536323446,388.8966635980912,364.0476613422939,366.3564758300781,6738184
2020-04-27,370.2697035069335,380.13104458481433,365.69122116172605,378.0961608886719,2914569
2020-04-28,382.71372879648607,382.71372879648607,367.4130156550283,368.7043762207031,4262237
2020-04-29,371.6001734958349,392.1055006483938,368.0000223379618,384.86602783203125,3849090
2020-04-30,396.4100025624548,442.58609368029255,392.1054516955377,425.4070129394531,8035267
2020-05-04,412.8456110530069,412.8456110530069,397.7405584393505,402.4755554199219,7032527
2020-05-05,411.67167661595965,414.72401423835566,403.57131197261907,407.28887939453125,4592828
2020-05-06,400.8711055434723,412.21946730030663,396.1752317130581,406.2713317871094,6921533
2020-05-07,414.80229916779894,424.0375106143563,397.23189033794665,400.5190124511719,19998641
2020-05-08,407.64095430659233,408.9323386942386,393.2011568690154,405.7235107421875,10120968
2020-05-11,411.6716133817573,418.6371787993888,407.91492380201555,412.88470458984375,4425540
2020-05-12,411.2411350118032,422.6286187978551,406.97570699052716,412.7673034667969,6439945
2020-05-13,422.511230572114,422.511230572114,408.18882488251506,413.8238830566406,3502017
2020-05-14,406.5061795946903,412.88471313583375,402.5537807510368,404.9800109863281,3741672
2020-05-15,405.37136039161885,405.37136039161885,395.43175018982083,400.12762451171875,4895121
2020-05-18,402.8277884787692,405.91924883253836,397.1927293655164,399.736328125,5159655
2020-05-19,400.71463458755426,407.3671236383242,396.1752986713985,405.6061706542969,3966934
2020-05-20,403.10167191987375,413.745682462668,403.06254918732577,412.2586364746094,3138708
2020-05-21,414.6457015637359,420.67208328740145,409.63679751244734,418.5980529785156,4523685
2020-05-22,417.6589553260585,418.71550806126623,409.3237583477425,415.1153564453125,6410434
2020-05-26,414.8022897734897,419.8894876669381,407.171492933317,410.1064147949219,4055691
2020-05-27,414.56743872018137,417.85456022883994,403.8451830278702,415.5457458496094,4828798
2020-05-28,415.5848564658796,427.32454167678014,409.323691020066,424.70269775390625,4492767
2020-05-29,422.6286990465982,434.36838513122586,420.045977661761,430.65081787109375,7853755
2020-06-01,435.93363142333,448.7690393196559,434.7596629365526,438.0859069824219,4503261
2020-06-02,437.7338015523281,444.3471683452423,430.45520491392915,438.4382019042969,2930058
2020-06-03,441.41208459247264,444.8557440762831,435.9335658120696,440.472900390625,4202273
2020-06-04,442.19481500059516,456.83029896235985,437.4989408589959,453.11273193359375,5315353
2020-06-05,457.8476730711455,459.5303802079398,448.06460313372787,450.7647399902344,3995824
2020-06-08,453.2692194852641,456.6737087462508,446.9297614480142,452.5648193359375,3771973
2020-06-09,449.356009031564,456.7519720439674,446.10801054895524,448.3385314941406,3812291
2020-06-10,450.02113343558943,459.8042015537544,448.9254106988,452.91693115234375,6491708
2020-06-11,453.9344632026263,457.7694458786215,449.3168349004197,452.4082946777344,4975680
2020-06-12,434.5249660084195,452.91714265950736,434.5249660084195,446.6950988769531,6624056
2020-06-15,449.8647332114268,454.71714604485976,441.17738515702905,453.11273193359375,3787100
2020-06-16,457.8477443470773,464.5002329401545,452.6823017235435,454.638916015625,4728405
2020-06-17,453.9343993667648,455.382274464085,448.4558807537177,450.6864013671875,3572351
2020-06-18,447.0472278340281,456.9085444238257,446.1862889133937,453.11273193359375,1918229
2020-06-19,449.2385816783512,452.36916412907135,443.91660106590626,445.794921875,6182627
2020-06-22,450.0212272910312,451.3126116595122,442.5078485168616,445.794921875,2666273
2020-06-23,445.87328503318435,456.67378662845687,441.2165333535434,454.13018798828125,4521803
2020-06-24,450.02123714864155,453.7779266180158,433.89875628183216,437.9684753417969,5339893
2020-06-25,436.4033210540566,438.82955192935907,428.8899397571177,430.4943542480469,6353371
2020-06-26,430.4942399694099,449.1603678056036,426.5418889012609,440.1599426269531,7034875
2020-06-29,439.8468092569287,442.89914607997054,430.6898465566977,433.3508605957031,3857610
2020-06-30,436.71628477447626,438.9076831012849,432.9987178341917,435.81622314453125,3110587
2020-07-01,436.6772118554289,437.96854869959225,431.2378142632993,431.8247985839844,3004648
2020-07-02,434.36832555328124,447.98637865115967,432.7247888344228,445.4819030761719,5243652
2020-07-03,447.67329083126896,454.36490127155827,446.5775678650321,453.26922607421875,3735570
2020-07-06,453.26913115837516,460.97816972793424,451.78208569685916,452.91693115234375,3288417
2020-07-07,455.49974706568884,465.2436945077291,450.1386437206705,463.3653259277344,7255475
2020-07-08,465.47852143056883,465.47852143056883,448.4559777716956,449.9430236816406,4625011
2020-07-09,450.53001032295987,463.0131708568796,450.0212715171623,460.3913269042969,4807930
2020-07-10,460.39137018448605,460.62615435965563,453.81712666629926,455.69549560546875,2376881
2020-07-13,457.84773859976474,473.5006527399276,456.5563540756401,471.6222839355469,5443990
2020-07-14,473.18752896659487,480.3487555913201,460.27387606678747,462.8174743652344,6212718
2020-07-15,464.6176668020713,491.4624063696945,463.71760508548243,481.4836730957031,9928037
2020-07-16,493.06683065216174,510.44157614320966,475.1833940765467,491.3058776855469,20771204
2020-07-17,492.6755928926343,504.5326973573462,480.0750130398008,487.705810546875,26830157
2020-07-20,495.4148281934628,510.28509949784797,490.6015370584259,507.62408447265625,10543170
2020-07-21,510.28493103827043,518.3852938881445,503.47590476664914,510.558837890625,8801061
2020-07-22,514.1982008547081,514.9808465181095,503.31940702586877,508.83709716796875,3837958
2020-07-23,510.2894516549377,515.7456330674316,505.2258005898706,512.52685546875,3172594
2020-07-24,503.22376477978463,537.609404022353,503.1452778987526,533.8018798828125,12365728
2020-07-27,536.9815473766373,552.996805675445,531.093591813297,550.4060668945312,11348828
2020-07-28,551.1126942242812,562.1427891336848,546.1668206542483,559.3165893554688,8469603
2020-07-29,557.3930447699536,557.9818402397809,543.6544838073138,545.1461181640625,7142681
2020-07-30,547.9723541332635,559.3949774334402,543.772298665668,545.970458984375,7966760
2020-07-31,550.9947133013902,562.6528909108198,546.4021283716795,553.6246948242188,6322671
2020-08-03,556.6865355569702,563.6735951085418,549.9742760062783,554.213623046875,5546316
2020-08-04,557.0005306044617,558.1781215782555,539.3759094467548,543.7722778320312,6683186
2020-08-05,543.7722989040019,551.4266405302784,534.6263228199305,540.435791015625,6052220
2020-08-06,543.261980476024,555.5089076901772,538.8656599161485,553.3892822265625,5132907
2020-08-07,549.4639793075473,549.4639793075473,537.7665562174648,541.9273681640625,7371589
2020-08-10,545.5780261095417,545.5780261095417,537.8451482874717,543.3013305664062,3769570
2020-08-11,544.8321530495398,550.2883347706888,535.0188938087339,536.8245239257812,3956468
2020-08-12,534.3122079690445,564.4585532037457,531.5252525121459,562.9669189453125,13085350
2020-08-13,562.8885381430993,572.3092668149502,559.7875387053541,568.85498046875,8850347
2020-08-14,571.4456402833925,571.4456402833925,555.2341194324893,556.6864624023438,3887203
2020-08-17,558.2566003695879,565.8716981394602,556.8042573561863,564.3408203125,3344102
2020-08-18,564.419369640614,566.5782864500691,559.277231914081,560.8865966796875,3634301
2020-08-19,560.3762676237523,560.6903110419987,553.4677436690157,557.2752685546875,4858027
2020-08-20,556.2154797229359,561.9856564293356,554.2920715153693,557.4715576171875,3025569
2020-08-21,561.318596241604,561.318596241604,551.6623558475649,554.174560546875,4164686
2020-08-24,554.2921471225319,556.1763121372154,546.0882524920706,554.0173950195312,4066936
2020-08-25,553.4676869467057,558.6098239584838,545.3815728767005,550.7984619140625,3982510
2020-08-26,553.2322148251072,563.47724607966,547.1872386172386,559.5911865234375,4511228
2020-08-27,560.180041835301,565.2436928335284,554.6453735928997,557.5108642578125,3917059
2020-08-28,560.2979535249198,562.6138926789093,552.0548143748744,554.6062622070312,5416681
2020-08-31,553.4677416377708,569.1689541665019,538.5515897354762,545.1461181640625,7786675
2020-09-01,545.6170928005242,552.6826378871497,535.7253488457662,541.3777465820312,6377322
2020-09-02,541.6133924694249,553.310768071308,540.985305580589,551.0733642578125,4090511
2020-09-03,553.3107967872289,562.4175300686486,547.6583499084693,554.8416748046875,5467610
2020-09-04,545.7349074520625,553.0752050595777,543.3011907878983,550.1704711914062,3354824
2020-09-07,546.6769139614933,559.277174563079,540.9459813291503,556.450927734375,4238823
2020-09-08,556.4510429473311,580.0813999719036,552.0547219697061,569.8756103515625,11522742
2020-09-09,559.0417805179485,573.8009619967169,557.5501937370492,566.774658203125,5514179
2020-09-10,572.0344980256638,572.2700066523226,560.376317884874,567.1278686523438,3366359
2020-09-11,558.9630872852183,576.2344186339188,557.5107444974122,566.5389404296875,7221661
2020-09-14,586.4957060411176,649.5538157527293,585.8265690862288,625.8184814453125,32312474
2020-09-15,622.7480280217042,637.5481740372143,616.4500894577035,624.0469970703125,14024028
2020-09-16,621.9609611820091,626.8812270733443,613.4587513316761,621.3311767578125,7471292
2020-09-17,625.818456483747,643.5707658587015,621.5279751014616,636.328125,19972637
2020-09-18,636.3282065461245,648.6879254145248,632.9430728559198,638.1388549804688,8847382
2020-09-21,647.9006493483779,669.0774941665532,624.6376405035405,631.8408813476562,24911507
2020-09-22,640.7759396451663,654.5920336928931,622.3544488818897,646.3259887695312,21882919
2020-09-23,654.9857640610654,665.0624585136495,637.7845345492013,640.8941040039062,18070370
2020-09-24,638.4537290715726,638.8079978406316,617.1981795217175,620.5833129882812,10553627
2020-09-25,626.0545001646998,658.1346270200428,623.9682886463469,651.6005249023438,19813100
2020-09-28,660.0241446687554,665.0231154258292,646.1686475567477,657.5443115234375,11145837
2020-09-29,659.236844367337,662.1496029817959,637.8238401980775,639.831298828125,10554255
2020-09-30,643.9643968596824,645.9325032070531,635.3834339653578,638.926025390625,9470272
2020-10-01,645.4602373696987,646.286832503135,638.6112170293435,639.9888916015625,4321350
2020-10-05,652.4665721466672,660.6539133383035,641.6813403238573,648.8452758789062,11889998
2020-10-06,653.4113244558586,656.9539159739927,647.6644633807798,652.7421875,7848500
2020-10-07,653.411231014366,653.8835572627828,647.9005338853291,651.8760986328125,6980002
2020-10-08,675.0602827697654,691.9859924835264,664.8261327102821,668.8016967773438,25860257
2020-10-09,671.4391782847877,678.996687411844,668.6050763250381,673.6828002929688,7286954
2020-10-12,677.6583309768573,686.4361040274327,674.7849246960116,681.5945434570312,8717550
2020-10-13,681.9881331792885,713.7139946930291,679.626405800358,708.8331298828125,18948618
2020-10-14,711.6672487665991,716.941783339697,694.347913066527,701.0001220703125,15441198
2020-10-15,708.4789126094171,711.4310720474393,656.1272852418207,677.028564453125,15648823
2020-10-16,676.2413183829489,690.4116836109966,646.0111866766589,651.1676635742188,28982990
2020-10-19,661.1263328384068,678.3669651799139,655.7730927118785,665.023193359375,15671485
2020-10-20,666.7550251744998,697.496834276216,664.1177340481767,692.4978637695312,21563969
2020-10-21,693.5606729261833,701.9448251387798,677.0285797009282,685.7276000976562,11161929
2020-10-22,679.2818814355832,694.3875596083604,673.4689270023789,685.0947875976562,9607794
2020-10-23,688.8516190229207,692.371019842077,672.7177615651318,674.180908203125,5447267
2020-10-26,674.6157909571066,680.863717356489,665.9557075502644,670.5032348632812,6612856
2020-10-27,671.4127332420871,678.1351646579501,663.3062718288407,670.0682373046875,5807904
2020-10-28,673.8248552879652,673.8248552879652,649.7822589833216,656.1092529296875,6853002
2020-10-29,652.4713135488022,666.3116141392313,647.6865335703385,664.3739624023438,6690978
2020-10-30,666.5488107206049,679.9146049036842,658.7982526960546,665.8765869140625,8727274
2020-11-02,665.8766843508075,667.3793166885846,647.8842924637036,650.4151000976562,5953172
2020-11-03,654.8440486316856,658.0075464511624,642.4668441045245,643.8113403320312,7011687
2020-11-04,642.3482461377298,665.7185767791019,641.0828180389012,644.6813354492188,10077502
2020-11-05,659.5891898913793,673.1131215986825,656.4652266399443,666.6279907226562,8903859
2020-11-06,669.0796393576755,676.830197629814,661.4872655954042,672.3222045898438,5871913
2020-11-09,685.529816620444,690.2750623030097,669.9495836417925,676.197509765625,7505062
2020-11-10,671.0568868452543,671.0568868452543,637.2470083389084,640.3709716796875,10397497
2020-11-11,642.9807368891525,655.6347243310054,636.930529835064,653.3016357421875,9779484
2020-11-12,654.1716603711179,661.9617524867922,650.0986386429428,652.2340087890625,4699639
2020-11-13,650.8104659832136,657.5724314402628,647.0538131436157,654.9229736328125,3918289
2020-11-14,659.5892272985965,659.5892272985965,655.634855432298,656.8211669921875,475390
2020-11-17,662.7132615661649,662.7132615661649,643.7718086476706,644.5626831054688,5977903
2020-11-18,647.725968484332,648.4377745713384,632.8970772644527,644.0088500976562,5816221
2020-11-19,644.5625587412654,648.8728333588547,635.0720670788173,636.2979125976562,7170339
2020-11-20,643.7321429746769,651.2849828483202,635.8629340741342,647.9237670898438,7455575
2020-11-23,652.47141649926,665.916282051366,645.5512651121467,663.7018432617188,7116516
2020-11-24,667.4188503643043,678.0956535628515,660.6568363883147,664.7298583984375,8465615
2020-11-25,664.7298123836903,669.0796207931018,650.4940757710712,652.2340087890625,5610232
2020-11-26,651.7594255350969,668.2887160451393,648.2004915443239,665.9556274414062,8414555
2020-11-27,665.9163395891958,670.5034021079081,644.0486400080028,650.1779174804688,11723771
2020-12-01,651.6804623246749,660.9337018444351,644.6416613236346,659.6682739257812,8078785
2020-12-02,661.2895029799292,670.2263720741184,657.453734023461,666.8256225585938,7062229
2020-12-03,671.0569780377501,683.3155321445093,666.9444211993178,681.8919677734375,9633229
2020-12-04,684.8971948995795,686.3602931552854,675.7626057072831,678.9656372070312,5577388
2020-12-07,678.5703072845065,680.1125221825644,672.5596805144547,676.4349365234375,5314265
2020-12-08,679.3611001844974,692.5687121356771,676.9884770173804,683.1572875976562,8722526
2020-12-09,684.9760837676635,695.9692537893785,683.3943354635967,688.4954833984375,5952003
2020-12-10,688.4956693806341,694.2295085317486,684.1063263053883,685.4903564453125,4641898
2020-12-11,688.8514852725655,697.3929176860122,676.355681531492,681.9313354492188,5637035
2020-12-14,684.9761758479978,692.5290636321421,678.6491817812023,690.4332275390625,5143894
2020-12-15,691.7777300586516,703.0872224071494,688.0606113545781,700.714599609375,7527270
2020-12-16,700.9123156057941,705.4598426181872,694.743506008427,699.9632568359375,4378179
2020-12-17,701.5054686279913,701.5054686279913,693.5967260279011,695.4552612304688,4863371
2020-12-18,707.6349611715954,715.7414248229045,701.2288970092643,704.3923950195312,11568187
2020-12-21,701.228738643715,720.0910719616016,672.243175362286,688.4165649414062,8875855
2020-12-22,695.2971034035847,727.0111409366432,689.6423333116702,722.7008666992188,10251896
2020-12-23,727.6042079725703,739.4673200590796,723.4916527950218,729.6604614257812,10723068
2020-12-24,733.8918189630931,734.129071599714,720.249237239317,727.0902709960938,4390561
2020-12-28,731.558761633875,733.5359474761287,722.4637067595079,729.0279541015625,3884750
2020-12-29,734.7221478113755,747.3761352871365,731.756369496744,740.17919921875,6760167
2020-12-30,741.8401544623498,751.3306468435313,736.3040339066607,743.9755249023438,6382809
2020-12-31,742.6705298961525,751.2119630055095,739.467498514036,748.2857666015625,3468390
2021-01-01,745.0037026924563,755.6805073488769,745.0037026924563,751.7261352539062,3142822
2021-01-04,758.4484399242626,778.7739187193173,753.4264075189327,775.3731689453125,5259092
2021-01-05,764.933677653261,787.5526646566046,764.933677653261,784.0332641601562,7150252
2021-01-06,789.2134729055446,789.2925410260508,764.0636318791886,773.6332397460938,5995748
2021-01-07,781.3838029287618,781.5419874418815,758.7648174155942,761.2560424804688,5261000
2021-01-08,771.0233603015823,793.6423455601641,767.1480569938807,786.6431274414062,8034775
2021-01-11,802.7374360767935,837.5754885451154,797.2013158279881,834.4514770507812,13384331
2021-01-12,831.9998588623038,842.3208082759409,821.4811908510284,839.9876708984375,6700542
2021-01-13,841.4902337965366,843.8628566361884,823.3001253592055,835.1236572265625,6691409
2021-01-14,829.6272179512854,829.6272179512854,796.0941252003748,812.7815551757812,15021108
2021-01-15,828.5595448997797,832.6720529664688,778.2203724353194,782.8074340820312,23769415
2021-01-18,790.8742149691161,794.7890519874395,772.6050399117821,776.2430419921875,12947569
2021-01-19,781.3838936168709,788.5017630931378,774.5428108673352,778.1017456054688,6387923
2021-01-20,784.3495708023694,798.5062397880229,781.027889156844,790.2811279296875,7444118
2021-01-21,801.1993671343039,809.9339489365609,780.5142990138054,788.7327270507812,8857975
2021-01-22,787.4622138732736,797.2290541463818,779.2834792857161,782.7772827148438,5379466
2021-01-25,791.6706660851954,791.6706660851954,747.2037079098986,752.3650512695312,7731883
2021-01-27,756.0177909280463,764.8715006670111,748.394902028194,758.7175903320312,7531736
2021-01-28,753.3972550144719,756.2558740523923,738.548458590806,741.6055908203125,6960905
2021-01-29,747.2038970212707,753.9533477382535,722.191226717158,725.7644653320312,7692663
2021-02-01,729.7346817105439,741.4469630546467,711.7493624977778,737.1590576171875,8651478
2021-02-02,751.968139156956,764.6729862810439,742.8762232407514,758.0426635742188,7690178
2021-02-03,767.0550064150815,772.8515821742592,756.3749865395667,762.2113037109375,6354619
2021-02-04,766.0228681280535,770.5886724568618,754.4694077368805,760.4248046875,4623148
2021-02-05,762.926059449483,765.3876526567361,746.4494608496628,751.293212890625,4631703
2021-02-08,758.3204440975961,765.7845600014706,747.4816037042821,760.5040893554688,6509526
2021-02-09,766.2610558877055,779.6805694131434,751.6504630007842,755.6207275390625,7557977
2021-02-10,758.3602127937744,766.3404347493426,751.2931710596748,761.8540649414062,4896963
2021-02-11,761.8540612850937,772.2164418920042,756.7721033611356,770.5489501953125,3745595
2021-02-12,774.2016129575524,783.3332217257696,760.3850724787134,762.6084594726562,8045740
2021-02-15,770.2313568978324,771.2239230794017,754.4296839011897,758.0426635742188,4643228
2021-02-16,759.908633068211,764.0774108358265,749.6653311674411,756.1765747070312,3277086
2021-02-17,755.9384008258642,761.0203590410038,747.2038184633803,748.9507446289062,3643176
2021-02-18,749.5859551541909,759.710129866284,745.0995367780685,752.841552734375,5133094
2021-02-19,754.3503550850124,760.7027791278335,749.9433705983352,754.469482421875,5494816
2021-02-22,753.953135428594,755.5015480853767,727.392059511147,730.647705078125,5043203
2021-02-23,733.704957688575,738.4692755956437,719.8487234158207,722.5485229492188,5916942
2021-02-24,728.940583874565,730.0919703068294,719.014922329432,727.3524780273438,3435827
2021-02-25,735.2135993979745,741.6851014530255,732.2359010233718,737.8736572265625,6234947
2021-02-26,721.0000418108767,734.4989412720936,718.6972689873177,722.1514282226562,9198218
2021-03-01,727.352370888024,742.002654863676,727.0744717917527,738.7470092773438,5397960
2021-03-02,741.526150514703,760.6231581641603,737.3573735248449,757.3278198242188,6715548
2021-03-03,766.2612035317113,768.6433627136752,751.9682484399281,766.459716796875,5742015
2021-03-04,755.9383802314392,770.1519468928568,755.4222264471142,760.7026977539062,6268541
2021-03-05,759.1938594522561,771.8193183044012,743.4716237724159,747.6007080078125,5992152
2021-03-08,756.3353829085069,772.6134672650679,749.5859332972499,763.7994995117188,5621823
2021-03-09,765.5464478754783,775.7103646487863,753.6356533428333,772.732666015625,5440319
2021-03-10,782.6980480224904,790.1621171074439,777.9337300454418,784.92138671875,7694950
2021-03-12,784.9213448028526,796.2762923487519,773.089936405603,777.5763549804688,6447010
2021-03-15,776.186727111985,789.5664993902108,768.1270706106469,787.9783935546875,5321071
2021-03-16,788.4945601905715,808.9811161097448,786.4697349103014,799.809814453125,8094575
2021-03-17,803.5815754369983,813.0308248109025,780.3158339834818,784.0875854492188,6758901
2021-03-18,790.0826603741798,793.8544117679259,740.3749666552892,752.5636596679688,8269566
2021-03-19,754.3502092938028,769.4372134796788,744.5833689086057,762.6480712890625,9004154
2021-03-22,762.6481021690072,780.1172656178817,750.062334877892,777.1792602539062,4745254
2021-03-23,781.0701887474977,788.4151783948248,771.6606323904836,778.8468017578125,5158305
2021-03-24,771.0649185774508,781.9434510214231,766.8961416108477,774.7175903320312,3874331
2021-03-25,770.2313596283542,773.8045978946712,754.3503006669448,759.9483642578125,4879437
2021-03-26,766.2609323482385,774.2014601445933,757.367531523294,761.1392822265625,4271178
2021-03-30,766.2611933286453,794.6882828285326,765.8244738441309,790.718017578125,5475000
2021-03-31,794.0529218550016,794.0529218550016,777.0999113594551,780.276123046875,4445140
2021-04-01,787.7004901440944,804.7726277833061,786.5887966792045,796.117431640625,5269079
2021-04-05,799.61134377504,825.8150918828616,796.1174913079383,820.6537475585938,9452833
2021-04-06,825.0209450763136,826.2914103025014,810.1324535265726,816.60400390625,4260257
2021-04-07,818.6685246533318,829.7852650462966,813.6659527043842,823.5916137695312,3551106
2021-04-08,828.9912389401355,837.2494085991598,819.1847048770447,823.8298950195312,4852068
2021-04-09,827.4825528235978,837.5670833616424,821.1698706965041,830.1029663085938,3708082
2021-04-12,828.1574458496747,828.1574458496747,795.0057852367611,801.5170288085938,5976427
2021-04-13,803.9785002829564,810.5691291601493,771.978180532623,780.87158203125,7773994
2021-04-15,768.6432695496787,789.8444933924771,761.2982796288786,787.6211547851562,7430279
2021-04-16,794.0529489246483,807.3930287735532,789.6856577055627,804.1771240234375,4677808
2021-04-19,790.8765247590044,816.643497260422,784.4049755769815,789.7648315429688,6239343
2021-04-20,798.8172341492879,798.8172341492879,759.9086412334676,763.3230590820312,9742418
2021-04-22,767.0550969969739,771.7400284661387,758.558721322716,763.7994995117188,4970596
2021-04-23,765.4670537900043,774.0825090238851,754.5091326300233,758.8367309570312,6023490
2021-04-26,746.409636457703,757.9234021264654,732.9504317242946,737.5162353515625,19619972
2021-04-27,739.2632634257305,745.2583532373895,733.228480661374,737.5560302734375,6406825
2021-04-28,739.422031042912,743.1143477534293,731.918221841984,733.5460205078125,6845677
2021-04-29,751.2422706992269,751.2422706992269,732.9803554510905,734.9600830078125,8588734
2021-04-30,731.2835174798724,739.3639983360036,723.5262755857229,726.3948364257812,10921664
2021-05-03,726.2332306297097,735.687403273403,719.9708578482018,733.4652709960938,6871176
2021-05-04,735.32368888228,739.3639289310837,726.6371727773519,728.0108642578125,6217026
2021-05-05,730.4349350766738,735.9700436610245,727.7279449236911,734.8388061523438,2696835
2021-05-06,736.9398049433679,746.5555962487632,728.2532886022043,740.1719970703125,6319104
2021-05-07,741.7880963865244,744.5354794342097,738.3134996986904,740.4952392578125,3651558
2021-05-10,741.8286027251401,744.697163826568,735.4854444028553,738.515625,4029147
2021-05-11,734.1115741574467,737.303373474172,731.3641913563667,733.1419067382812,3818154
2021-05-12,732.2128051417014,734.4753299565939,723.2030491038993,732.17236328125,4076940
2021-05-14,734.5157831212697,736.9399276200197,724.4151810431443,735.6066284179688,5184569
2021-05-17,739.0407382002817,749.2221733789104,735.4045219192013,745.1415405273438,7956551
2021-05-18,749.8686344674105,759.1611875885045,747.040466126208,752.777587890625,5913426
2021-05-19,749.8687661606529,760.3733932728172,747.565848406111,752.6161499023438,4178834
2021-05-20,753.1008013670184,755.363326099532,745.0607132052944,746.9596557617188,4753782
2021-05-21,747.8486028776667,755.2422635738884,745.8284823944747,752.0100708007812,4161547
2021-05-24,752.6967398078714,758.7571000317673,749.6261671582984,753.7471923828125,4191877
2021-05-25,757.9490216919444,762.6356902138057,755.6461046266915,760.0499267578125,5032874
2021-05-26,759.5652835795487,766.7973246009041,753.5453148192244,764.251953125,5017674
2021-05-27,766.8376141057527,773.2212135504913,758.029870464684,761.5045166015625,9078274
2021-05-28,759.6055512836723,767.4436271473604,757.4642535660461,761.6256713867188,4098094
2021-05-31,760.817694489768,765.9083877616096,753.5856539807238,763.76708984375,4171524
2021-06-01,766.0295640759671,769.2617563294522,761.22166823504,768.2113037109375,2944472
2021-06-02,765.221615531871,768.2114036190432,757.625943020606,762.595458984375,3657189
2021-06-03,763.6053842174243,767.4840048765659,757.1410000124091,759.1207275390625,4164240
2021-06-04,759.6459655496627,762.9589922050229,755.3229281332287,756.7774047851562,3550303
2021-06-07,758.7571586797123,769.2213913390037,757.2218475765854,767.3224487304688,3282517
2021-06-08,769.2616673413643,785.4226267392921,768.8172508217881,781.5440063476562,6385642
2021-06-09,786.9579489725727,795.9272618401952,779.8470872793447,784.8569946289062,5521459
2021-06-10,791.483084965312,793.2204080444267,781.0188525896514,782.6349487304688,3878256
2021-06-11,788.6549215496344,799.9675946046497,784.2106571351642,794.5940551757812,4777035
2021-06-14,794.3113382072569,798.71521052609,788.6550011091381,795.281005859375,2236373
2021-06-15,796.0081691963999,802.3917689591593,794.4729073871771,796.291015625,2559001
2021-06-16,795.1596152441784,796.7353186896324,787.0387428029433,791.4022216796875,3138753
2021-06-17,791.8870666482356,799.1191063554724,790.7153871449397,797.05859375,3609989
2021-06-18,799.9675363688798,805.3814679435264,783.8873611121139,788.048828125,5622783
2021-06-21,782.1905012888238,794.6748533478489,776.7361770288036,793.503173828125,1639495
2021-06-22,793.5839916515439,798.5131144815288,788.8569301588658,791.9678955078125,2529648
2021-06-23,795.9273867982636,795.9273867982636,784.6147132803187,786.1500244140625,2395543
2021-06-24,785.4227583980385,803.6846258511612,783.0793991647929,799.7252197265625,4686567
2021-06-25,804.0078910764784,816.1286130525057,799.3616143190012,804.5331420898438,5196000
2021-06-28,808.0480550425242,808.0480550425242,795.2809056367201,796.1697387695312,1844159
2021-06-29,797.5030109928566,803.1189546505805,792.2910913490794,794.7960205078125,1895170
2021-06-30,792.6951508359613,801.1392629691828,792.6951508359613,794.7152709960938,2682591
2021-07-01,797.543431948309,798.3514800049942,787.968082204325,796.3313598632812,2861509
2021-07-02,794.7555878374449,798.0281723212879,789.6648953826516,795.6444702148438,1646631
2021-07-05,801.3412424307692,804.7350540257862,790.2709745391044,791.68505859375,2598033
2021-07-06,791.8871884690677,793.6649042662347,783.9683264482461,785.4631958007812,2486069
2021-07-07,783.8066620717949,789.9478079437957,775.9685855872085,788.1296997070312,3014899
2021-07-08,787.846732085341,793.5030675977486,783.8064924336213,789.3012084960938,2555624
2021-07-09,785.422722436083,791.483082948707,781.0592431392575,789.3417358398438,3218471
2021-07-12,791.8869824217879,794.351518778724,787.8467427155543,791.4425659179688,2037878
2021-07-13,794.3113221710998,794.3113221710998,778.9584075004478,782.1502075195312,2997764
2021-07-14,782.3925639694016,802.3513616773641,782.2713370280369,799.523193359375,4371180
2021-07-15,802.3916637276651,850.470519711347,800.6139482644013,840.1679077148438,12701032
2021-07-16,844.3293924320842,847.4403575688452,806.4723132556425,812.0882568359375,8665827
2021-07-19,812.088460456243,822.8354919098537,801.9878577142499,808.2098388671875,4644600
2021-07-20,807.2399481713344,817.9061915846125,783.2813053572337,789.62451171875,10216774
2021-07-22,783.8065443709879,793.0990961856955,783.8065443709879,790.7557373046875,6156400
2021-07-23,795.6850519339166,811.1995868386562,793.9881211659633,803.1998901367188,5265839
2021-07-26,803.1997733834119,811.2802540009512,797.7454489665728,808.2904663085938,2477027
2021-07-27,812.9241697249873,814.7126128217731,799.7954245371474,806.4207763671875,2883514
2021-07-28,808.8594856557136,809.6317734799809,794.47071905282,799.1856689453125,2952249
2021-07-29,801.1775077223471,820.2405918568826,801.1775077223471,819.1024780273438,4732101
2021-07-30,823.4921393598916,853.5296461118866,820.972094416923,833.20654296875,9330054
2021-08-02,840.5636074853599,844.6282284113046,831.6620777341501,841.7017211914062,2536478
2021-08-03,837.3119245713592,847.8392532498328,832.4343793796814,844.9940185546875,3359006
2021-08-04,846.3353954059323,851.741361378381,841.0513879146802,845.4005126953125,3122161
2021-08-05,845.4410354332326,872.267529826787,840.3195740827231,862.6343994140625,7896314
2021-08-06,862.6344730154702,869.8288318244336,847.8798799933497,853.5296630859375,11584782
2021-08-09,859.9112172574922,867.1868488053715,848.2863620608438,854.0175170898438,6321578
2021-08-10,855.6025656915501,871.6985016327965,851.944407453439,864.707275390625,5871606
2021-08-11,870.6010005069849,877.1450790199227,859.3827077855293,867.3493041992188,5011239
2021-08-12,870.6419507403707,895.1516389483344,868.2031777691091,891.3715209960938,6540144
2021-08-13,893.4036340195674,913.6860517134381,886.249861860699,910.0278930664062,7270809
2021-08-16,911.2471841724075,918.0757661142611,905.881905230199,913.442138671875,3159376
2021-08-17,909.8652698998809,936.4478474283248,904.418718297188,929.1315307617188,5295838
2021-08-18,941.2848798240336,941.2848798240336,919.9049352877381,922.0592041015625,4871006
2021-08-20,900.3135175598916,927.3432461909222,900.0696006155223,908.32080078125,3467046
2021-08-23,917.7912720406922,957.7870964608651,915.393185735561,945.511962890625,9383780
2021-08-24,949.4549103374375,953.5602178058749,934.8629586332107,937.220458984375,3947317
2021-08-25,942.910632953092,951.0398735178503,926.9773412929445,938.3988647460938,3447912
2021-08-26,942.9109428111036,952.7473072800941,938.927593778591,949.0484619140625,4654833
2021-08-27,949.0482342623781,950.9179994517622,942.5855271334201,945.3900756835938,3050466
2021-08-30,946.2436550247294,951.4057032272683,938.56156195198,945.7559204101562,2956868
2021-08-31,947.8692954613551,970.1434308275484,944.658285654844,961.1199951171875,7199002
2021-09-01,967.3798260169233,967.7862881286951,944.4147167018157,946.772216796875,3200410
2021-09-02,952.7471793977164,960.8764215427481,938.1145435366593,953.3568725585938,5224479
2021-09-03,953.9666937166236,959.7384365672291,941.5695977820872,954.9828491210938,4533364
2021-09-06,955.185739057078,983.7193527770261,954.3728150238379,975.6307983398438,4331916
2021-09-07,986.8899694380201,987.66220772713,959.331819472664,961.0389404296875,3721585
2021-09-08,963.3152670031267,968.3147711470157,948.7233159433564,966.4044189453125,3118518
2021-09-09,969.0056898584124,979.5330190269825,961.6893717302869,974.3303833007812,3388292
2021-09-13,969.0055490269782,987.7028037481364,956.3645392936783,982.3375244140625,3723138
2021-09-14,988.5160154886837,1008.5139347710274,981.1996962950998,1006.9287719726562,5593286
2021-09-15,1006.9285085889883,1047.8185334015566,1000.0999259476855,1035.0556640625,6063895
2021-09-16,1046.3957705432058,1052.9805345658974,1020.3822016125218,1026.8043212890625,3616292
2021-09-17,1028.3490945075223,1041.3558814736252,1023.0650873025429,1026.9671630859375,4817180
2021-09-20,1022.6584940188274,1055.8258362211047,1016.155101370059,1037.4130859375,5453683
2021-09-21,1047.8593152564688,1068.9953448892604,1038.104224656719,1056.39501953125,4645597
2021-09-22,1056.8011676436004,1080.0914593772918,1056.4759782067795,1069.4014892578125,5367303
2021-09-23,1078.6284513501207,1086.4325037974866,1068.1011226885585,1079.8072509765625,3037295
2021-09-24,1089.3185866302895,1120.0064796491652,1086.879813675147,1104.11376953125,7951730
2021-09-27,1110.4544887513787,1112.0396512928535,1048.7129337006784,1052.8994140625,7653504
2021-09-28,1060.8254159490268,1060.8254159490268,1019.4069668384309,1031.600830078125,8572321
2021-09-29,1032.4138423852305,1057.9802714656898,1023.3091300829608,1041.5185546875,4639821
2021-09-30,1049.8510883226977,1049.8510883226977,1031.4790182758227,1040.1773681640625,3589722
2021-10-01,1035.6652671506993,1043.7945078661678,1024.8127506423277,1035.4620361328125,3372796
2021-10-04,1041.7621260979192,1051.598486840907,1035.461964976375,1039.4453125,2706626
2021-10-05,1032.4136129136107,1067.8570840298491,1026.072765203731,1060.9879150390625,3710314
2021-10-06,1066.5566605535003,1072.93809633579,1033.8771440319388,1036.84423828125,2861608
2021-10-07,1043.835169323758,1071.3119427583847,1043.835169323758,1061.9227294921875,2421641
2021-10-08,1061.9226694600238,1087.6923207743514,1051.9643503796906,1074.8074951171875,5197831
2021-10-11,1056.8011919773694,1077.0430192704823,1004.4895528212668,1059.15869140625,5264998
2021-10-12,1062.4512483857397,1064.1177826969733,1005.0182327785672,1016.4397583007812,12811641
2021-10-13,1026.7231930318192,1033.064041043392,1010.8304863360627,1028.633544921875,5705730
2021-10-14,1048.1843113691975,1051.3140491789732,1011.318224793965,1017.0899658203125,10360519
2021-10-18,1008.0260719155434,1034.4461100907492,987.7029656269236,992.9057006835938,23861603
2021-10-19,999.8966390092182,1018.5938932345938,995.8320185254408,1001.603759765625,10189780
2021-10-20,1007.2129675917139,1027.048335629969,992.092599063025,1002.254150390625,8222562
2021-10-21,1015.367601814945,1015.367601814945,974.4709458125556,992.255615234375,5998795
2021-10-22,986.1494571679401,1002.6228251406483,972.0118480790999,978.5684204101562,3812305
2021-10-25,970.413752861408,975.290163661573,948.3672577241884,955.1287231445312,6690819
2021-10-26,958.8988955922241,968.7337560598367,945.1710695228481,956.2763061523438,5126660
2021-10-27,958.8987710838701,968.2008887259105,951.9324124905257,964.7587280273438,3536653
2021-10-28,969.7990528115769,971.1922844250996,939.8846913081878,944.1464233398438,4096585
2021-10-29,944.1466598360656,961.3576666559939,932.6726552894468,937.3851928710938,3558520
2021-11-01,937.1800801248131,976.4784964617074,937.1800801248131,974.6344604492188,4511112
2021-11-02,976.1097806926302,979.4700042610892,957.9562496488461,959.4315185546875,3016082
2021-11-03,962.9968085931026,973.4053298252761,960.2921817933701,964.1032104492188,2063067
2021-11-04,971.1922767388004,972.9543755622075,965.4552759479383,969.6350708007812,256369
2021-11-08,973.2003686725639,977.5851572746925,957.7105436819098,969.4303588867188,3808317
2021-11-09,973.6511135272593,976.109828460409,959.2675911501873,961.1936645507812,3565461
2021-11-10,953.9815170212986,962.9968062714998,952.4243106871879,958.2023315429688,2401325
2021-11-11,955.6203803478462,957.0956490835044,944.3512720890272,951.276611328125,2861259
2021-11-12,957.9973468529543,965.5783848145471,953.1618539818912,960.8248291015625,3812518
2021-11-15,959.7184147425618,968.4058543374771,953.5716272869092,959.595458984375,3619915
2021-11-16,959.6364110529266,963.406420421941,951.0718277646213,953.4896240234375,3141207
2021-11-17,951.1129117072896,954.5960912633051,942.5074092747808,944.5153198242188,3172985
2021-11-18,940.8683630394354,946.6053652530904,912.5931378435638,918.084228515625,5384530
2021-11-22,918.0842958455455,922.714896552382,903.1681290142809,909.806640625,3961223
2021-11-23,905.6266224978247,917.920196558881,893.3330484367682,911.8553466796875,4545069
2021-11-24,917.9202258014637,928.2878269323122,912.1422057905496,917.4694213867188,2675632
2021-11-25,915.0517026300898,926.9354909759352,910.5440587747693,921.8541870117188,3106454
2021-11-26,917.9203851529604,922.8378157877085,904.2335765710648,909.7656860351562,2207274
2021-11-29,902.4303798394617,938.40959751755,901.610808138573,928.6976928710938,3661152
2021-11-30,928.574843685358,948.982201388844,928.574843685358,933.2054443359375,7421904
2021-12-01,939.2290371377861,953.1617540935822,938.5733398511342,947.9984130859375,2918586
2021-12-02,952.2603588508046,972.3398650919805,944.9661508602418,970.946533203125,4011279
2021-12-03,973.6509485250741,975.0441800662713,958.6118314083569,960.0460815429688,2571036
2021-12-06,958.8170746879396,961.0708971517116,930.0910429042546,931.484375,2493755
2021-12-07,942.5074721809978,946.6053307556978,927.2634582921888,942.2206420898438,2299958
2021-12-08,948.5722061064974,968.4057991482777,948.2853760506538,960.2100830078125,2525711
2021-12-09,966.9306914957464,966.9306914957464,946.6052741622532,957.7105102539062,1734844
2021-12-10,946.7692234699259,956.4402099122107,946.7692234699259,952.5062255859375,957733
2021-12-13,955.6206411413928,961.7264105370524,945.1711015405756,949.965576171875,2225682
2021-12-14,947.4247686744687,955.5385475156147,938.8192668828754,952.6290283203125,1972685
2021-12-15,949.268932505818,952.301307812746,936.1968037577535,941.60595703125,1604301
2021-12-16,947.4247145886102,957.1776360713875,942.138518093693,950.4981079101562,2121810
2021-12-17,960.5378044371943,969.4711538561323,954.8008038987468,960.0460815429688,6373455
2021-12-20,950.7031529795985,960.8248432630226,938.8193635673535,950.6212158203125,3091768
2021-12-21,957.9972858214836,995.7384988635284,954.8419550962097,987.5838012695312,6217986
2021-12-22,998.2385005038345,1004.7950752197875,991.7638629627529,1002.1724853515625,3809814
2021-12-23,1007.9912259687351,1008.6468232833842,996.2713109646342,1005.9832153320312,2814281
2021-12-24,1034.4222418239203,1052.1659857186557,1021.3090971509118,1036.921875,15952929
2021-12-27,1039.2169767135842,1046.5931224473557,1027.7839908443902,1038.561279296875,3372907
2021-12-28,1040.8559810886572,1056.4278422230545,1040.8559810886572,1052.248046875,3446067
2021-12-29,1051.5104794417969,1064.62362649641,1046.6749864563337,1058.8046875,2254162
2021-12-30,1058.8047430701452,1087.1208864501173,1051.2646230907847,1079.4169921875,4518139
2021-12-31,1081.8345583087723,1089.5794702421547,1072.7782517229655,1081.096923828125,2231508
2022-01-03,1078.8431575432805,1098.1441105643216,1076.9991212691189,1086.875,2661272
2022-01-04,1089.6203983440657,1095.521273608418,1071.3849309780219,1092.857666015625,3367100
2022-01-05,1089.210970188674,1090.030542024783,1067.082530613735,1074.2537841796875,3510253
2022-01-06,1057.2472997798477,1063.639997889682,1046.5928696270275,1053.0675048828125,4409632
2022-01-07,1063.4351210553095,1064.2136740216263,1050.8546175332851,1057.6981201171875,3898684
2022-01-10,1069.418010205723,1069.418010205723,1049.0516754224152,1055.690185546875,2529949
2022-01-11,1056.1408518714697,1104.7824012342487,1049.051538263975,1101.21728515625,6772189
2022-01-12,1109.700392161536,1112.2410451330322,1091.1780865702833,1108.1842041015625,3162044
2022-01-13,1098.2260871188168,1114.1257982399104,1082.7771804546157,1093.5135498046875,4598005
2022-01-14,1081.8346807138212,1100.6438118489903,1059.7062440628565,1095.9312744140625,5636243
2022-01-17,1043.3146373820755,1043.3146373820755,1019.0553382501346,1031.6357421875,11973283
2022-01-18,1040.815131375171,1040.815131375171,997.4188460850231,999.6726684570312,7799487
2022-01-19,999.877453290697,1000.2872391322096,976.1098744829674,982.830322265625,8464215
2022-01-20,991.7560708262281,992.9131397528542,966.9621690555724,971.3837280273438,6172404
2022-01-21,971.383794032263,975.1028795505708,954.5652830323565,965.2679443359375,5514748
2022-01-24,960.7638512471974,962.4167783031066,918.2009795575367,929.6888427734375,5878438
2022-01-25,921.5067686182491,941.879113321535,899.52286050388,928.6969604492188,4725254
2022-01-27,921.5067095348381,922.2918094259711,884.481108115461,890.720947265625,8304735
2022-01-28,891.7540609324593,910.9279725830194,890.3077498975828,892.952392578125,7654724
2022-01-31,909.6470319668754,920.6389355077503,903.2005765920364,908.6139526367188,7572995
2022-02-01,922.9117524150419,939.2757701108353,910.142931662611,936.2178955078125,6783774
2022-02-02,944.5650161658288,970.1440173947258,936.6309879036704,967.7472534179688,6982539
2022-02-03,960.3506524205749,967.6648347164968,951.2595533012751,956.01171875,4169794
2022-02-04,958.6974726894173,964.5653422156197,939.9780578944902,961.8380737304688,3625482
2022-02-07,956.2182042611279,968.0779344996553,947.1271063813765,956.5074462890625,3824483
2022-02-08,957.8296918964269,966.8381628969462,949.2345534716877,960.30908203125,3267641
2022-02-09,968.614794830603,982.6646681344599,963.6560160174771,975.9703369140625,3772972
2022-02-10,979.3180818801338,985.0620648979266,970.3509712703075,983.781005859375,2053245
2022-02-11,974.4003008487332,974.4003008487332,957.0859338218959,961.75537109375,3912397
2022-02-14,938.3251175850075,962.2925540540327,936.8788067636009,947.4988403320312,3243813
2022-02-15,953.325540345618,970.2680401957135,948.8626177687514,965.7638549804688,3000492
2022-02-16,973.5736834061944,977.4167575969648,958.6973452896311,965.143798828125,1885868
2022-02-17,970.2680568648948,970.2680568648948,958.6975689636099,961.2183227539062,1644055
2022-02-18,952.7883441774054,967.0448383311281,950.5155697471018,962.8298950195312,2166690
2022-02-21,952.9948509201954,966.54886978454,950.5980870726027,962.6231689453125,1706058
2022-02-22,935.5566223367372,953.8628078716281,935.5566223367372,950.0610961914062,3254855
2022-02-23,955.3916826603833,957.8710728402976,948.8213390382676,952.9122924804688,1937649
2022-02-24,914.0683658168915,937.9944368459644,902.4978801736397,907.9112548828125,5469084
2022-02-25,922.002465899179,942.9946545475921,921.5066080811264,933.6555786132812,3213276
2022-02-28,925.3084484557054,936.6310581304901,914.895029275429,931.3829345703125,4571884
2022-03-02,929.4821621492946,929.4821621492946,916.5479886603902,921.9613647460938,3867328
2022-03-03,929.771196074899,952.0857047806966,926.0521112905994,941.920166015625,3969380
2022-03-04,932.2505840010414,954.4411029907611,927.8290256106322,940.8870849609375,3522375
2022-03-07,918.2007553299209,959.8545271441772,917.7875236668561,953.9039306640625,5249845
2022-03-08,955.3917444203182,974.896261585825,954.5652809735878,971.342529296875,3805165
2022-03-09,975.226901957109,987.6238541006317,959.6067220789397,977.4583129882812,3781326
2022-03-10,990.2684760110955,990.2684760110955,971.0945641209847,985.2684326171875,3834327
2022-03-11,975.226880283841,997.6653833422785,972.1690058443917,986.3427734375,2770879
2022-03-14,986.3426742949073,1003.987748056103,973.2846135051255,994.1114501953125,5740660
2022-03-15,997.5414294834793,1003.5746532973211,965.3919796401105,972.62353515625,3003066
2022-03-16,983.6154825271617,994.1941540189315,979.359175637147,991.3428955078125,1894018
2022-03-17,1004.1530595853852,1004.1530595853852,984.1526850906896,989.194091796875,6987787
2022-03-21,991.6732988663302,999.9379315747976,962.9123366862117,965.3504638671875,4046440
2022-03-22,966.9620187424206,976.6729620930389,960.5982919651776,972.2514038085938,4516870
2022-03-23,983.4913248087785,984.1937984348867,966.9620588456057,975.80517578125,2338886
2022-03-24,966.1358851193512,986.7974737660438,966.1358851193512,985.2271728515625,2351703
2022-03-25,990.9296009257615,990.9296009257615,971.4250851716074,974.6895751953125,2489854
2022-03-28,979.276629199303,981.5080403125772,957.2099930399245,961.962158203125,3406258
2022-03-29,964.4829172641948,971.0946253516958,961.7142846798856,965.0614013671875,2443230
2022-03-30,973.0366677151014,976.8383791930194,960.4331008145539,962.9951171875,3073672
2022-03-31,970.9293984247842,970.9293984247842,959.5241613205726,961.7969360351562,3006639
2022-04-01,959.5239841833031,970.2680081233401,952.1271772869349,966.6729125976562,2479745
2022-04-04,969.6068071206502,982.6236054906946,965.3092378547217,981.0534057617188,2282137
2022-04-05,983.4915419244069,994.2355671723207,978.6153872114843,987.9957275390625,2634464
2022-04-06,983.4918361502497,987.5415285940878,964.8964022734592,967.3757934570312,2838968
2022-04-07,963.3257463020577,975.8466873460335,961.1769615781808,969.6895751953125,3391918
2022-04-08,974.400448402967,975.2269118876176,960.8051644351282,963.1192016601562,2656091
2022-04-11,962.0034610460548,962.0034610460548,935.3500146382066,936.7963256835938,5679058
2022-04-12,933.7384205270267,943.5732546026707,925.2671703971216,934.8541259765625,2906617
2022-04-13,938.0360122076825,944.7303459500723,928.1184508451342,929.85400390625,1971580
2022-04-18,917.3744146608025,919.6471891115386,896.3822231930361,910.5560913085938,4391701
2022-04-19,922.2505992656625,922.291861906853,875.0181921406679,884.5225219726562,3422431
2022-04-20,888.448029635722,904.8120430013395,879.9354174622342,900.34912109375,2573318
2022-04-21,904.9774413674896,913.283439060727,893.4895796970021,908.4485473632812,2547848
2022-04-22,898.0351564300092,937.9946436969685,893.4896074963259,910.8040771484375,9567571
2022-04-25,906.5479220766395,907.457011838306,890.3492560681525,900.7213134765625,3565801
2022-04-26,912.4155802896445,914.894970453475,896.7541394427725,904.39892578125,3213714
2022-04-27,898.3656410947777,909.0270382455391,888.1174756096534,905.4732055664062,3288792
2022-04-28,917.5732739201945,926.2280811773012,901.8602927673327,917.993408203125,5202061
2022-04-29,919.2537629439208,924.7155083361836,902.7424659744812,906.8598022460938,2988180
2022-05-02,901.6081002443351,909.1705167421907,892.365146746956,896.4824829101562,2584604
2022-05-04,904.0447586756054,904.1287649981367,870.3500175947792,878.0383911132812,3385725
2022-05-05,889.8444512523807,903.4567616025719,879.8452343547212,900.8099975585938,2982126
2022-05-06,882.1979321611224,887.8697446228955,864.5942452737004,882.449951171875,4075606
2022-05-09,877.2403521514766,909.9268187373896,868.9216731253267,904.2129516601562,4207192
2022-05-10,901.6081823696584,911.6914052852557,896.2304429669703,901.2301025390625,2473518
2022-05-11,898.2469496517791,906.901755490065,885.6849776802359,891.4407958984375,2895668
2022-05-12,882.3660032763205,899.8855824153517,877.0303183806615,890.1805419921875,3195189
2022-05-13,899.0873348877675,905.8094831859938,878.1646277951696,884.0885620117188,2496626
2022-05-16,885.6430110527648,896.5244472471155,874.0472645662223,877.7025146484375,1415370
2022-05-17,889.1721244494096,912.5316307968884,878.3746942678849,909.9268188476562,2620776
2022-05-18,910.4728930368037,922.0685357599712,899.759470616885,902.1961669921875,2865869
2022-05-19,886.5672830427105,889.2562038137382,844.1337233520344,848.1670532226562,4729354
2022-05-20,864.6363146997292,869.2577916004566,854.3850284082041,864.51025390625,2005622
2022-05-23,859.5947191852325,871.3584787830754,852.6625037079323,855.6454467773438,2285466
2022-05-24,858.79642957923,859.0905543324296,829.3450282457226,833.3363037109375,3418456
2022-05-25,833.5463851209638,834.21858969049,809.1785976527099,818.7996826171875,3904551
2022-05-26,820.9423268503215,828.5047433719723,814.2621819990127,824.0513305664062,4278059
2022-05-27,831.0256318466955,849.0494032799286,831.0256318466955,843.545654296875,2795530
2022-05-30,856.2336548277991,885.0968590860846,853.418775691851,873.7952880859375,3562969
2022-05-31,878.0804790833121,878.7527348328719,857.4519000950446,874.5093383789062,5185485
2022-06-01,874.5095032767346,878.4587244775429,849.9736510827922,855.3093872070312,2554081
2022-06-02,849.8475393649966,881.3576065559188,846.4024079139058,873.6270751953125,3560227
2022-06-03,885.6008615630213,898.7931373199717,874.047170770634,876.3999633789062,3556955
2022-06-06,872.1986815747857,880.0551713424265,858.0401782119515,871.6105346679688,1997494
2022-06-07,865.4766285299878,868.627635672694,851.3181236164637,859.5107421875,1839248
2022-06-08,859.6785244363542,868.6694572832996,853.7126396930208,865.6444091796875,1665512
2022-06-09,861.2332299037413,866.9050427519721,850.09972263573,864.34228515625,1654005
2022-06-10,850.3516860996133,860.2248405577857,847.1586761916005,853.1665649414062,2260855
2022-06-13,836.9074338888878,841.9490449364112,825.5638090319601,833.3782958984375,1738804
2022-06-14,830.1852255619073,841.0667122067694,821.9086018740624,837.6636352539062,2461791
2022-06-15,831.0255371605379,846.1503699905577,830.1852686699812,831.7817993164062,2408630
2022-06-16,846.1503568591036,846.1503568591036,808.044201918098,810.8170776367188,3198618
2022-06-17,800.2717980618349,809.3046850931613,793.2555248054836,805.6074829101562,4302066
2022-06-20,810.8591687737004,811.6994373423778,800.0196837233924,806.6998291015625,1305407
2022-06-21,816.4890009215155,840.1845854678165,809.7248490146088,829.0089721679688,2128325
2022-06-22,821.7406756051587,822.622947365066,805.9436364134536,807.7501831054688,2575065
2022-06-23,808.4223619964899,821.3625183498231,805.4814220330891,816.11083984375,2169033
2022-06-24,826.8241087033152,827.2862460678671,806.6576670276246,812.2874755859375,1922313
2022-06-27,828.6307695975325,845.9822826768846,826.9922358290048,833.8403930664062,3626024
2022-06-28,831.7818181734615,846.1503891733581,826.1940120702129,841.9070434570312,2702471
2022-06-29,827.7485217524852,840.4786107018787,827.6645154124973,829.8071899414062,3150015
2022-06-30,831.8658182304376,837.3695666696269,815.018444997197,817.7913208007812,3741119
2022-07-01,810.4389546107685,824.6815157032581,810.1868843221946,819.5558471679688,2827579
2022-07-04,819.5558248231881,831.4456440882869,817.9593455151347,827.3283081054688,2738846
2022-07-05,829.6811852700735,842.4952806341857,822.1607715041149,825.269775390625,2476050
2022-07-06,825.1437571600006,839.4283232208153,823.505223148781,829.0089721679688,2998254
2022-07-07,837.7476863244866,841.0247539568736,827.6224612554818,831.73974609375,2985141
2022-07-08,839.4281410703651,839.4281410703651,822.7488336565557,826.4459838867188,3141642
2022-07-11,819.2618446078733,822.748979640317,789.852445057847,792.8353881835938,5787815
2022-07-12,785.6510789532978,797.036707326934,776.7442530110834,779.6011352539062,5305354
2022-07-13,781.4497843103037,786.4913958219831,760.4430696783063,771.156494140625,12874342
2022-07-14,778.2148125500873,779.3911578610771,749.7716886398289,758.7625732421875,4916497
2022-07-15,752.8806832011821,760.4431007779797,737.2096529304476,742.083251953125,5591590
2022-07-18,752.0403006267917,762.5436567807972,746.8726288846535,756.4937133789062,5156225
2022-07-19,756.2386661859957,762.611463934754,751.9901343534901,755.9837646484375,4636293
2022-07-20,768.6444674294686,780.7103099177967,760.5722558026109,779.520751953125,4827089
2022-07-21,782.5797324990465,787.6354968436117,776.2494083295643,785.51123046875,3498709
2022-07-22,789.7172794375479,791.8415457886689,772.3832452676115,781.9424438476562,3514659
2022-07-25,781.9425104621856,791.9265631630068,776.6318441319615,790.7794799804688,2120224
2022-07-26,788.9525070315707,789.9296902783366,774.167592778598,776.2069091796875,2780103
2022-07-27,775.0173013669381,789.6747389356557,774.1675948412153,788.9100341796875,1742497
2022-07-28,795.240383286272,806.3715183800272,792.5213119456836,803.9073486328125,2843497
2022-07-29,813.1691497540381,820.5616069423781,804.799561172727,805.8616943359375,3617725
2022-08-01,810.6199708897921,812.7442370608869,803.1425643399316,809.0480346679688,2489519
2022-08-02,809.0481116417037,810.492571285902,799.6163378275129,808.1134033203125,2545241
2022-08-03,808.0708597622931,817.2476793430361,807.2636282366145,813.3390502929688,4119614
2022-08-04,819.9666937622591,824.172750905764,803.6523201564618,814.1036987304688,3513266
2022-08-05,818.1825284099523,819.9244166155128,811.4698253403566,813.8065185546875,2565683
2022-08-08,813.8063942295573,822.5158857887877,807.263643856571,820.8589477539062,1746911
2022-08-10,820.8589029562735,821.6661344535175,805.6066618564339,808.9630126953125,3271939
2022-08-11,819.9669534275774,822.9409268337914,814.6562866307667,817.7152099609375,3594584
2022-08-12,819.1171733295008,819.1171733295008,810.6201072161242,812.659423828125,3022304
2022-08-16,823.3656016004435,823.3656016004435,809.4729210179171,814.1887817382812,2784861
2022-08-17,818.2673544066251,835.17653439616,811.4697024489377,833.22216796875,4649125
2022-08-18,835.6439216469013,835.6439216469013,822.6008949142176,827.1893310546875,2829269
2022-08-19,828.0388943164035,838.70269936081,821.49614460462,824.2576904296875,2880969
2022-08-22,819.9668376397433,824.215370477255,811.6397236506151,815.2509765625,3616799
2022-08-23,807.178814056936,808.0709956355578,797.8745161953615,804.5872192382812,3753715
2022-08-24,807.1362422909211,810.4500665943411,802.2504298118283,806.4989624023438,1494361
2022-08-25,810.5350698959382,810.5350698959382,800.9758715492034,801.9530029296875,3316314
2022-08-26,805.989203528504,812.3195282159714,801.91062212743,803.5250854492188,2195046
2022-08-29,775.442130300427,783.4293921364101,764.820799062135,779.605712890625,4974880
2022-08-30,787.5929564756361,803.1850496273439,784.8738853692489,797.8319091796875,2998417
2022-09-01,779.4358558051644,791.0768466273933,778.5436742452729,786.8707885742188,2953921
2022-09-02,791.2467496808766,796.1750372981613,780.8803193991571,785.51123046875,1750283
2022-09-05,786.8282520261586,800.6784581851103,783.8542791513297,795.3253173828125,2279812
2022-09-06,795.3252750177921,801.1882705463645,787.720391556286,796.854736328125,2108615
2022-09-07,787.6779388342187,792.3937996166575,784.3640626833321,791.6715698242188,2709547
2022-09-08,795.6651624098743,799.4888415400461,788.5276072887666,791.1192016601562,3214686
2022-09-09,797.8745035464096,809.7703960380494,793.8808721232498,805.9467163085938,2206526
2022-09-12,811.5974042844057,818.6924347384354,810.1953674344558,811.937255859375,2517615
2022-09-13,811.4696669846832,815.5482476086527,807.6035129751076,811.8095703125,2442828
2022-09-14,793.031060706844,797.4070698969953,787.2955418706875,791.9264526367188,6761712
2022-09-15,795.7501886323998,795.9201403157675,778.5861058517037,781.6450805664062,2995215
2022-09-16,777.5664862532591,780.0306561296131,759.1278945859625,762.1018676757812,5095937
2022-09-19,762.9939317928578,770.8112416552766,754.1144888475552,762.866455078125,2686561
2022-09-20,766.6902582998218,782.4523054292218,766.4353566910559,776.6318359375,1836721
2022-09-21,772.3832794362776,776.4193856819567,763.7587369244053,765.5431518554688,1819649
2022-09-22,762.6965478916622,768.8994469470204,756.0263724869448,762.7390747070312,2315711
2022-09-23,761.761924730777,775.4421794886824,757.9382452424462,761.2095947265625,2569608
2022-09-26,757.3008582483926,779.5207022113502,749.4410737448329,770.4288330078125,4182702
2022-09-27,774.2949873943718,782.9620033869817,771.1935381678416,780.6677856445312,3545337
2022-09-28,775.7821497619012,787.6355675704176,774.8049663969285,782.4098510742188,4154139
2022-09-29,787.6778840739997,791.0767098952467,778.8409161939709,784.321533203125,2928360
2022-09-30,783.3444850422163,794.9429482711226,773.2754313608457,792.223876953125,3229901
2022-10-03,792.2238771613888,792.6487304342511,778.3311958835831,790.4395141601562,1598950
2022-10-04,800.8484756114872,808.0709817575854,796.2175642395349,803.8224487304688,2331351
2022-10-06,811.8945780050568,822.4734345272813,811.8945780050568,819.5844116210938,3713623
2022-10-07,819.9667015211373,826.7218779837821,811.4696372566696,813.7638549804688,2174327
2022-10-10,800.5934856650839,821.7936735035706,800.5934856650839,818.4797973632812,2758812
2022-10-11,822.6008261326591,825.9147021639063,795.3252687504283,797.5344848632812,3134969
2022-10-12,801.5281362912399,819.032121422278,801.5281362912399,808.9205932617188,3502390
2022-10-13,825.9571644437087,840.4021744451219,823.6204716493625,834.4967041015625,9698562
2022-10-14,853.9551436190637,869.2498626092558,844.6083709028352,851.8733520507812,7424383
2022-10-17,854.5497532956957,855.4844096088952,842.1440084998059,845.1179809570312,2136170
2022-10-18,849.7064935974472,861.3050079798398,848.941737008422,857.5238037109375,2487826
2022-10-19,863.7887343810631,863.7887343810631,853.0611047936183,854.4771728515625,2517099
2022-10-20,849.6282050805197,874.7737566334704,847.9117844641954,873.1431884765625,3931399
2022-10-21,877.5201030693222,883.8708807578735,868.1655890866462,881.5536499023438,2071897
2022-10-24,888.2477703175307,891.5518594286283,883.9567182870113,885.329833984375,398105
2022-10-25,889.1060635826382,890.1788266902428,876.1471061951798,880.9530639648438,3068136
2022-10-27,884.8149016494542,890.3503166948339,875.0312823664958,885.716064453125,3313674
2022-10-28,885.6301944760588,892.3242776074457,880.0947792127295,883.9567260742188,2423629
2022-10-31,891.6805835691241,903.2664236828712,889.4492575366561,893.5257568359375,2418565
2022-11-01,900.2628861011085,911.2908709507986,896.8300438280824,909.7461547851562,2275488
2022-11-02,913.9510579923284,915.152573418513,894.6842777996696,897.0014038085938,2799322
2022-11-03,887.3895512767131,900.4343074177557,886.617140966333,896.9586181640625,2396164
2022-11-04,896.9586488428223,900.2627380347795,886.9175239884665,897.1302490234375,1709158
2022-11-07,899.4903679006644,906.0127464857887,891.3803209068353,898.6751098632812,2213508
2022-11-09,910.4753951009104,910.9473479433778,900.4342709961451,904.0816650390625,2307691
2022-11-10,901.12093712703,911.7627672416947,898.5892583037166,903.2235107421875,2321667
2022-11-11,919.1434066195428,942.9157945591434,917.5127857861145,936.0072631835938,3923101
2022-11-14,939.7405586555071,946.5632906697006,935.4924583088631,943.1734008789062,2170007
2022-11-15,938.452948994869,949.2663776605173,934.505202626394,947.3783569335938,2172420
2022-11-16,950.4679442262793,954.7160434717443,943.4735090567733,948.4940185546875,2213697
2022-11-17,939.8262522301168,944.5464097522644,934.676989478683,937.6378784179688,2460883
2022-11-18,942.3578895047526,949.1806196853936,930.2999925307113,946.7347412109375,2623894
2022-11-21,943.0873697211567,949.4809948909996,937.6806026391382,940.16943359375,1733741
2022-11-22,936.3932510363801,949.0948055664522,933.7328200199734,946.9492797851562,2529146
2022-11-23,951.7122841624325,953.9007623641548,943.8167911920641,946.9492797851562,2217599
2022-11-24,949.1806439662997,974.0687440341321,947.0351180983831,969.4343872070312,3295202
2022-11-25,974.2403828245955,976.2572610300047,961.7534846354545,968.23291015625,1977441
2022-11-28,965.4867564409326,972.1378874297479,958.6210728395748,960.1658935546875,2368293
2022-11-29,960.1659561568316,977.2872138492044,959.5222982772383,968.876708984375,1785948
2022-11-30,967.2030030406486,969.6918338500296,958.6209000855407,961.8821411132812,6053488
2022-12-01,969.7776964739577,987.4997611716573,968.4045808649797,975.270263671875,3919684
2022-12-02,975.2703514661852,978.7031931786589,964.4997686884928,974.5408935546875,2944923
2022-12-05,972.5668668797225,980.0332549258173,967.3746524228604,970.5071411132812,2646466
2022-12-06,962.5689051576728,965.4868418989283,950.0390524285455,962.0110473632812,2807894
2022-12-07,956.0465159738367,958.2778423657151,945.7479897694506,949.0950317382812,2399879
2022-12-08,955.83189406888,955.83189406888,943.0016896739526,945.1900634765625,1752350
2022-12-09,922.5762137531365,922.5762137531365,875.9753978044122,881.8112182617188,12415478
2022-12-12,879.6656817794158,891.8093801924807,868.8951514689521,882.5836181640625,4275785
2022-12-13,885.759017608589,898.4605746482711,884.9008071265031,896.5724487304688,2284909
2022-12-14,896.8299183809329,907.3859487987404,896.8299183809329,906.4418334960938,2425507
2022-12-15,902.4512016840564,902.6657542873038,890.0499983591483,894.5556030273438,1906369
2022-12-16,883.9567247622466,898.0742441412655,877.3913941550563,883.6563720703125,5159215
2022-12-19,883.6564349277153,890.3933661917985,878.2496670402484,886.7459716796875,3328172
2022-12-20,881.3820316688127,886.8316464526306,868.0797712103254,883.6991577148438,2629849
2022-12-21,888.2478283780658,903.9101693132346,888.2478283780658,892.8392333984375,2878658
2022-12-22,897.6880298137744,905.111570324387,887.0462004773475,891.766357421875,2623451
2022-12-23,883.527547193277,896.057397235555,881.467821419833,884.4715576171875,2177675
2022-12-26,884.8148830304391,894.0406444199417,883.0984623068107,885.4155883789062,1680715
2022-12-27,891.680650697739,893.1825189736977,884.2571094098828,889.4063720703125,554319
2022-12-28,883.956767101221,891.0799557700478,880.9530305139839,888.6339721679688,1397806
2022-12-29,883.9567502098495,897.6881172034006,882.326129426962,896.3578491210938,1277244
2022-12-30,901.1209197239448,905.6265243225645,887.6470583528771,891.9381103515625,1860560
2023-01-02,891.7664807832034,894.684417341325,885.2441021463566,892.0668334960938,701880
2023-01-03,891.6805532908696,897.5164255733214,886.9603963677706,893.6973266601562,2484372
2023-01-04,889.2776055201826,894.2552679181995,885.2440584046284,889.6209106445312,1219170
2023-01-05,894.0836130712362,900.949296090368,886.617119930725,896.0574340820312,2294943
2023-01-06,895.9716557664627,899.3186972720156,879.8802107993927,886.3597412109375,1887689
2023-01-09,896.7870645500659,919.1434910887352,892.5819167011133,916.0968017578125,4562242
2023-01-10,910.5613232222524,920.516543880949,906.527775853598,913.0072021484375,2297082
2023-01-11,917.4268401566407,926.5238486763265,901.5929015180461,905.2402954101562,3594167
2023-01-12,910.5612104034682,922.1470504981401,910.5612104034682,919.701171875,4748542
2023-01-13,895.8859524854369,930.3001722212922,893.397121109193,924.9793090820312,8253765
2023-01-16,932.8748482352429,944.4177379852285,925.623011145033,938.6248168945312,4508538
2023-01-17,942.2292217289148,956.0034358299579,939.7403906096011,953.5147094726562,4390338
2023-01-18,960.2945842649242,966.2162575883651,956.1322843478322,957.033447265625,6905092
2023-01-19,954.6085541874394,964.134289506189,951.4910619523847,962.4456787109375,2298287
2023-01-20,962.1425466183671,971.1053758610237,958.6786430880692,959.328125,4747128
2023-01-23,962.0993985216993,972.4045347333672,959.6313879033086,970.9323120117188,1696834
2023-01-24,975.0023377476625,990.416646144748,970.9321873796466,985.3507080078125,4861107
2023-01-25,982.752701012389,982.752701012389,967.0785588103289,972.2744140625,2692236
2023-01-27,972.2745743788021,982.2766396724289,956.9035000566255,966.0828247070312,3864525
2023-01-30,966.082798328844,987.1692926530718,957.5962970086618,982.666259765625,3508427
2023-01-31,983.7487905553122,985.2209075529664,963.8313414507593,971.7982788085938,4582858
2023-02-01,984.6148250251802,984.6148250251802,965.0870216995745,980.3715209960938,2393911
2023-02-02,985.3075474740439,1000.6352805828029,982.8827723595684,995.5260009765625,3048359
2023-02-03,999.3361585113034,1001.6310157191981,986.0001089108447,992.5382690429688,1814055
2023-02-06,983.0558124991159,995.7423807452042,976.8208282199896,992.1485595703125,2070175
2023-02-07,994.010584974841,998.4703827614322,975.0024530163182,977.0374755859375,1931191
2023-02-08,981.930047507044,995.0062618338906,980.8908130504419,991.5423583984375,2848255
2023-02-09,990.6765863417336,997.6043946378296,985.4807301196615,992.7116088867188,1501083
2023-02-10,974.9157141575863,978.5527706672372,952.5734935698769,966.1260375976562,3185163
2023-02-13,970.9754164456679,970.9754164456679,956.903308960948,963.8311157226562,2009185
2023-02-14,970.7591806814245,989.2910898399953,968.1612524548016,974.6127319335938,3938046
2023-02-15,974.2229169901419,982.5362647398008,969.5466258465989,981.0641479492188,1648954
2023-02-16,986.0002738112119,997.7342911493126,973.3570450793974,976.9508666992188,2369355
2023-02-17,971.3650891257446,971.3650891257446,959.1116151580425,960.8435668945312,1958807
2023-02-20,960.8436440739084,982.622854341705,959.1549275692195,966.1693115234375,1706036
2023-02-21,970.7588759987798,971.6681928766874,955.2578879697468,957.076416015625,1313278
2023-02-22,948.2436465842043,957.379734960846,943.957108000065,946.165283203125,2212194
2023-02-23,956.7302368703206,962.9218801185187,946.0786907907102,947.6807250976562,2139983
2023-02-24,949.9755778535671,956.4703972099041,936.9859391408929,948.1137084960938,1684570
2023-02-27,943.9137571711174,943.9137571711174,931.7900942349745,938.674560546875,1834553
2023-02-28,938.2849997774052,949.8890993661139,924.948948181724,933.1757202148438,20793703
2023-03-01,932.9593131185901,956.037596903221,932.9593131185901,953.5262451171875,1655100
2023-03-02,944.1737553055503,967.295274186082,944.1737553055503,957.7261962890625,4074162
2023-03-03,965.5630133171184,978.2928152445893,962.1424512041398,969.0269165039062,3253621
2023-03-06,977.6869776637429,994.1405229034339,972.7509563758232,975.6951904296875,4091674
2023-03-08,962.9654014845814,973.3571144502424,958.8953561903526,970.4561157226562,3209393
2023-03-09,971.5816745373867,975.6950602986964,964.74054910233,966.9920654296875,1834324
2023-03-10,956.9035154673785,968.2911214314494,956.9035154673785,966.6890869140625,1193681
2023-03-13,970.7156238287085,981.6702398913683,948.2435919473594,951.361083984375,3028387
2023-03-14,951.3180049062952,955.5179674871354,923.1304429979355,938.7613525390625,3683544
2023-03-15,948.2869781094712,950.7549883515296,931.3571065068398,934.950927734375,1528510
2023-03-16,938.6745042835571,941.7921019910891,926.2911127384317,928.6725463867188,1812907
2023-03-17,942.35497837475,967.3817042557936,938.7612627812227,959.8909912109375,5350523
2023-03-20,956.9034839361462,959.7612470318859,940.6664338693565,944.64990234375,2066169
2023-03-21,951.7075632799804,954.6519026341205,932.74266894797,938.63134765625,2421127
2023-03-22,945.6023909783372,957.55290130483,934.431385854388,936.5096435546875,1382329
2023-03-23,932.6561972012126,935.6005368859023,918.8005805296998,923.0438842773438,2178855
2023-03-24,929.1922114440033,943.9138028648309,906.7201774120756,910.7902221679688,2688253
2023-03-27,912.1324683556912,922.6973321745071,904.7716731201367,910.5736694335938,1459887
2023-03-28,915.1634521437142,921.2252839652681,900.0521079625802,901.5675659179688,2965015
2023-03-29,905.8108982774078,926.594322329662,902.4335707269242,924.4293823242188,2478745
2023-03-31,938.1983197163572,949.8889944724527,926.0746570063321,939.8003540039062,3131614
2023-04-03,943.8707333679722,951.9243544524288,942.1821220325155,950.9718017578125,1540702
2023-04-05,939.8870031303597,963.8312599761616,923.260306697773,962.2724609375,3342291
2023-04-06,960.410719682836,960.410719682836,939.9736016298014,945.515869140625,2378264
2023-04-10,945.5157063029176,956.9033098196833,945.2126358988093,955.2579345703125,711625
2023-04-11,956.0375100620976,961.1467896364869,939.583965957768,941.31591796875,2318905
2023-04-12,945.6457290893388,950.36525569138,935.3405942329128,947.8106689453125,2715967
2023-04-13,943.0478595698811,943.0478595698811,920.5324836756506,928.1963500976562,3071057
2023-04-17,913.6045530752888,913.6045530752888,880.0479877372154,902.52001953125,9509446
2023-04-18,908.8851612028584,923.4768357912104,905.118081001239,921.2685546875,3686404
2023-04-19,930.0147865801797,930.0147865801797,897.5406899440178,899.4891357421875,4322881
2023-04-20,900.6148908132529,906.8498746964443,893.5571664403719,898.449951171875,3057560
2023-04-21,912.7386995784242,930.0582194945233,898.6665896465937,908.365478515625,7708194
2023-04-24,915.3365691625194,916.9819445915572,905.8108338164571,912.781982421875,2033625
2023-04-25,909.6644012320323,916.8953850368559,904.4253101211197,912.2623291015625,1237595
2023-04-26,913.6045131702583,923.9962232726688,907.5426822771855,922.7406005859375,1647101
2023-04-27,922.740737067749,930.924167699825,918.8005041204784,927.6767578125,1654910
2023-04-28,933.5779753973094,941.3288430295739,928.1172101449483,937.2332153320312,2629188
2023-05-02,937.2331108512996,946.6574724349845,937.1450548118604,940.2718505859375,1905168
2023-05-03,935.3834293303983,937.1449800447682,929.2180018301037,932.697021484375,1649820
2023-05-04,930.1429312641081,940.6240728161159,923.3169217153221,939.6112670898438,1403672
2023-05-05,939.6113612502846,942.3857181058806,926.6638966858206,929.70263671875,1641673
2023-05-08,931.8604372358311,949.0355587160757,929.2181108542551,947.4942016601562,1389075
2023-05-09,943.310425426918,953.5273982606365,938.9506303328154,950.3566284179688,2981949
2023-05-10,954.8927493824086,958.9883768301313,944.2793619391907,949.740234375,2091411
2023-05-11,953.1311941092298,962.3352547423434,951.2815871299123,958.3717651367188,2653108
2023-05-12,956.5220989051446,971.8476126008535,948.9914261143347,964.8894653320312,1585037
2023-05-15,967.9282101158745,974.0936387266916,962.5115267067478,968.6328735351562,1523466
2023-05-16,969.0291099639355,973.5211507855162,958.3717484905621,960.6617431640625,1166324
2023-05-17,960.4855805834428,963.5242127286082,935.9999812813523,946.437255859375,3602382
2023-05-18,952.954939194905,955.641347279123,945.0720420557594,951.1494140625,1515743
2023-05-19,958.8120295398847,972.3759915043919,953.3952396056454,964.7572631835938,1984436
2023-05-22,964.7572468527803,988.141875128804,959.1202631753044,986.3362426757812,1864932
2023-05-23,986.4686761519239,996.4654577506885,972.3762664926106,975.3268432617188,2138096
2023-05-24,968.0164380372343,982.0647654420956,967.0915806775075,979.3783569335938,1302744
2023-05-25,976.9560576432041,984.9271182398643,971.539374796894,982.9453735351562,1124803
2023-05-26,982.0646706941013,1004.3923078473814,981.1838952046896,1003.37939453125,1635167
2023-05-29,1009.3686570205608,1011.0861261266788,990.3439289674591,991.9292602539062,1288914
2023-05-30,994.3955423190168,1007.6071748564706,993.5588485982611,1000.4288330078125,1983735
2023-05-31,999.504065762373,1015.8423865380676,997.1259074372922,1008.5759887695312,5967930
2023-06-01,1011.130277424262,1017.4278437738973,1002.0142724716981,1005.757568359375,1445692
2023-06-02,1011.1300422106358,1013.8604241314206,996.6853058186093,1001.485595703125,1336554
2023-06-05,1007.6070466406591,1011.5705358975498,1000.5608435172978,1002.586669921875,1435758
2023-06-06,995.2761367676417,997.3019630614764,980.9635374557176,994.0430297851562,1943605
2023-06-07,998.6235037941672,998.6235037941672,983.1217658935824,994.4398193359375,2459039
2023-06-08,994.4395839046924,996.3772469252474,984.9712476355686,992.4137573242188,1385218
2023-06-09,994.483224647429,996.1567189765959,974.0932579236971,977.4402465820312,1824218
2023-06-12,980.258987957675,1004.9207004038766,978.981906569753,1003.7757568359375,1670970
2023-06-13,1008.4440100717873,1008.4440100717873,994.6599575369058,996.4215087890625,2014656
2023-06-14,1002.3225218414891,1002.674853545796,991.7972975932673,1000.4288330078125,836964
2023-06-15,1004.0839298529061,1010.2493574923537,1001.0452978086456,1007.2546997070312,2109652
2023-06-16,1012.8916520147557,1016.6349472504623,997.434001623052,1011.3062133789062,2909817
2023-06-19,1011.3063199088232,1016.3268044401838,1000.0764330187588,1001.9261474609375,1278608
2023-06-20,997.9184530845877,1031.1677219318456,997.4780654177365,1029.318115234375,3504867
2023-06-21,1034.9110131424402,1035.527512867066,1023.1526839857853,1030.9034423828125,2019683
2023-06-22,1030.6392027938714,1030.9033708647332,1020.6863992449569,1024.6939697265625,972005
2023-06-23,1023.3728318674457,1030.9915596360468,1013.7723596945764,1026.2353515625,1699790
2023-06-26,1028.085226041806,1035.7479300615873,1024.3860118632654,1028.305419921875,1190307
2023-06-27,1027.8649977463942,1034.4267321461286,1021.8756814024388,1030.50732421875,1504039
2023-06-28,1033.5461000878443,1033.9864878943526,1027.4247525839999,1030.7276611328125,1424076
2023-06-30,1030.8153922030156,1051.645750386932,1026.1032656622913,1046.3170166015625,3036648
2023-07-03,1048.1227783972322,1052.5266556173885,1034.470759014747,1040.7242431640625,1749952
2023-07-04,1041.0767188245734,1050.765250048829,1038.0380861290398,1048.6513671875,1094468
2023-07-05,1051.6458005586953,1059.2204473006204,1046.0088166403355,1052.3504638671875,1653610
2023-07-06,1052.3503204964627,1055.1687583134,1034.8668456247224,1039.8873291015625,2334220
2023-07-07,1037.6856107024248,1041.9132683230957,1016.2387501474211,1019.5856323242188,2159585
2023-07-10,1021.6995357311583,1023.3730306119562,986.4685172576701,990.4320068359375,3960400
2023-07-11,996.8176072051374,996.8176072051374,979.4222922130441,981.9765625,4982603
2023-07-12,986.2042118561391,990.4319769520092,971.0108355978713,978.1452026367188,3824027
2023-07-13,968.8530147116297,990.3439576321769,957.4470154086848,976.6038818359375,12294227
2023-07-14,981.360075185067,1019.1453677980722,979.0261059898965,1013.7285766601562,6605038
2023-07-17,1014.6092632901501,1032.2688545334506,1007.2988913729157,1016.1947021484375,3159479
2023-07-18,1020.7747396994328,1030.5073521429554,1009.7210715004743,1028.0411376953125,2431478
2023-07-19,1026.1034704701688,1034.8231695336958,1019.0572663811032,1029.670654296875,2242397
2023-07-20,1030.5144548438086,1033.001946905577,1019.8539604833554,1026.7833251953125,1990001
2023-07-21,986.0956583917775,1012.6580766444939,972.7700413864833,990.937255859375,5259150
2023-07-24,994.9795571444037,1001.8199982221053,986.9841857030648,988.672119140625,2672505
2023-07-25,993.6470609230275,994.0912482546873,981.7428187457097,987.472900390625,2506726
2023-07-26,986.2733565487669,995.7345669506376,986.1845407848936,990.53759765625,1969964
2023-07-27,990.5375857160634,997.3780261141985,985.1628765145609,992.625244140625,1769815
2023-07-28,989.6937781361619,993.6470017749447,974.9466728475575,980.3658447265625,2031899
2023-07-31,984.3190966424814,994.5354049560091,973.6586010109745,992.0479125976562,2526624
2023-08-01,994.9795595218488,1014.5238008695994,987.783746896283,1011.4144897460938,2710536
2023-08-02,1010.0817209938373,1010.0817209938373,996.3119174094886,1004.6626586914062,2701150
2023-08-03,1000.3096657561916,1008.7936854286756,990.5820085654414,999.865478515625,1608187
2023-08-04,1004.2631421737948,1023.7185699076364,1000.3099181130971,1016.611572265625,3315303
2023-08-07,1025.6728350804024,1026.7388411159695,1015.5453439658982,1022.3414306640625,1655404
2023-08-08,1025.9838695674132,1027.7606188060981,1010.0819421923501,1013.9463500976562,1667697
2023-08-09,1013.5910349193147,1018.0773703741124,999.4215023306078,1016.4338989257812,1559337
2023-08-10,1012.7471027807666,1017.0113444859331,1002.6640721743713,1007.6834106445312,1676669
2023-08-11,1030.5143136291726,1054.4559605552283,1025.4506228795135,1040.6861572265625,7391806
2023-08-14,1039.9758337170242,1045.6169912076018,1025.1843737073682,1040.2867431640625,1720940
2023-08-16,1044.5062540877195,1053.8341857636037,1039.4869167828192,1045.75,2567226
2023-08-17,1045.4837417607368,1049.1260563340786,1034.0236864665146,1045.3504638671875,2331256
2023-08-18,1042.0634838454698,1046.3720792893296,1029.3153290695282,1042.685302734375,3406088
2023-08-21,1042.018798010744,1056.1884359662274,1038.465300107548,1047.6156005859375,1661946
2023-08-22,1050.0587049017724,1054.5005775959423,1044.8617355384251,1047.8377685546875,1805887
2023-08-23,1059.7862774231219,1061.607488458807,1047.0825876067986,1050.5028076171875,2347850
2023-08-24,1056.2331006064105,1056.2775627209512,1038.5100679737527,1040.5089111328125,2464221
2023-08-25,1034.9563526812944,1040.1089684585731,1021.630734406428,1025.1397705078125,2105159
2023-08-28,1026.0724512810116,1030.2477676618141,1012.1250163165805,1018.476806640625,2571967
2023-08-29,1025.0954238707116,1033.4461664023459,1020.1205480361718,1028.3380126953125,1794652
2023-08-30,1035.8448433662163,1043.9734931140565,1031.9804353220804,1039.842529296875,1497356
2023-08-31,1047.8378814846892,1055.4778816532255,1035.7560081432628,1041.308349609375,4483967
2023-09-01,1042.0635743561352,1055.3891955115846,1040.375640654275,1053.434814453125,1669640
2023-09-04,1053.6120968956009,1097.142444912367,1052.7237224462792,1094.9215087890625,4517935
2023-09-05,1098.6972316750293,1103.0946423477324,1088.4364621798425,1097.6312255859375,2842400
2023-09-06,1101.4512034048375,1103.716601965782,1086.2155576402247,1097.897705078125,1767709
2023-09-07,1099.8076146565365,1116.686729905708,1092.9671744858488,1114.0216064453125,2582004
2023-09-08,1118.4636318404785,1127.8360273356325,1114.2883145591693,1121.1732177734375,2280777
2023-09-11,1134.0547087580512,1140.9396123315094,1128.5911829431825,1138.49658203125,2691836
2023-09-12,1141.5613391410016,1147.557867576178,1124.238034772714,1139.2515869140625,2140769
2023-09-13,1138.8961864861055,1139.2515579991143,1124.7710092862524,1132.899658203125,2275523
2023-09-14,1137.874474968453,1146.624942245601,1133.210508768312,1140.3175048828125,2655172
2023-09-15,1149.5567614331912,1163.7707553921796,1146.9360996746698,1158.9735107421875,4286280
2023-09-18,1156.6639771910918,1164.9259061201321,1145.7369238906435,1159.3291015625,2761885
2023-09-20,1138.4521235977463,1158.4405533916981,1138.4521235977463,1149.0238037109375,2220756
2023-09-21,1140.672898556705,1141.561273088291,1118.730091004188,1135.3426513671875,3112700
2023-09-22,1130.4122368080696,1140.3176354657983,1123.8827050689763,1131.522705078125,1321467
2023-09-25,1128.2357672551072,1137.1195134539662,1116.3315256598025,1122.4168701171875,1246703
2023-09-26,1122.9055354091497,1127.3029464620797,1116.7757287564527,1120.64013671875,903152
2023-09-27,1118.0194712848242,1126.1481208340124,1113.3999665888475,1120.3292236328125,1670373
2023-09-28,1120.3293342008183,1124.6823920040458,1100.296549393952,1103.2725830078125,1807072
2023-09-29,1097.2314131256433,1110.2016601990904,1090.2576944183184,1096.9649658203125,2338327
2023-10-03,1094.9215648691343,1116.420184266186,1086.2154514422098,1100.429443359375,2162636
2023-10-04,1096.2541703621114,1105.848658666768,1088.258799589616,1101.1846923828125,2253785
2023-10-05,1109.5798776302995,1113.9772885314724,1090.7463794501093,1097.5423583984375,2995200
2023-10-06,1112.244813663512,1115.7983114707438,1092.7893914800893,1099.541015625,2497711
2023-10-09,1098.0310417699102,1125.2597458456758,1093.722446506815,1110.1129150390625,3430211
2023-10-10,1115.3987088709666,1123.5717113477401,1108.869069177584,1120.9510498046875,1532394
2023-10-11,1124.682312887503,1132.1890353422982,1102.4729465192663,1106.5594482421875,2186131
2023-10-12,1106.0265223003385,1109.1802959223203,1079.5085586954674,1087.1485595703125,3921609
2023-10-13,1075.8215566117467,1125.126343062574,1073.6450823893276,1115.7095947265625,5740821
2023-10-16,1122.0172662264456,1136.4978174738649,1119.6186978710916,1128.8133544921875,2527113
2023-10-17,1136.1421798028337,1136.23099556479,1129.1239995018357,1134.5875244140625,1687345
2023-10-18,1135.342716370106,1138.4520274086783,1125.9259674849768,1127.7470703125,1743126
2023-10-19,1125.3931728228708,1132.4557086835064,1123.7052391148159,1125.8817138671875,2279726
2023-10-20,1122.8768456394391,1131.2625254259754,1117.002326336796,1128.796142578125,1625449
2023-10-23,1119.2895214782643,1130.500354025122,1105.2087595917258,1109.110107421875,1646367
2023-10-25,1104.2219638263093,1123.684032085698,1098.9305391911814,1102.2489013671875,1420065
2023-10-26,1089.6926113472864,1110.4998668004632,1087.0468994165642,1104.760009765625,4617424
2023-10-27,1109.4241057846532,1139.0207068282211,1106.2401852134046,1137.854736328125,2675348
2023-10-30,1139.0204387060808,1143.3254416368063,1126.4643078856986,1134.3118896484375,1158770
2023-10-31,1140.8141454618926,1147.8545253282196,1127.0920447312458,1144.401611328125,2525870
2023-11-01,1147.9891922269826,1153.325504445413,1125.83663207554,1129.110107421875,1572719
2023-11-02,1135.4333542982909,1143.505155395198,1134.5364875097455,1142.0701904296875,1368604
2023-11-03,1150.3209722116928,1154.5363105278732,1132.7424103837611,1135.6572265625,2052536
2023-11-06,1144.625862096979,1147.5406782002622,1134.6706659173049,1138.7513427734375,1175823
2023-11-07,1138.1236646717512,1145.9263599516564,1136.4195963115474,1142.5631103515625,1385282
2023-11-08,1147.9893677063194,1148.706904853455,1135.343569223839,1136.9130859375,937671
2023-11-09,1136.9131163569127,1144.2226020008384,1131.6664679555968,1136.778564453125,1483749
2023-11-10,1132.1146928040525,1139.91738801705,1121.6661755732005,1125.9710693359375,1469902
2023-11-13,1130.0518639100912,1133.2805616251067,1124.0429017593897,1130.94873046875,730991
2023-11-15,1143.5047675452943,1150.6796994200884,1137.5854706447437,1144.984619140625,2410620
2023-11-16,1151.3973009929277,1182.0252055670535,1146.19543129957,1175.8369140625,3936945
2023-11-17,1177.9447400975735,1189.021021893958,1171.6666732273054,1174.133056640625,2882039
2023-11-20,1179.3348305597171,1194.3573478762667,1178.4828509818444,1188.7071533203125,2831858
2023-11-21,1197.8550024806386,1198.2137710148243,1185.4783091571305,1189.783203125,1514256
2023-11-22,1189.7830902074884,1197.9894406697133,1184.2225616380897,1192.5633544921875,1535630
2023-11-23,1196.3752371898443,1197.54120764004,1188.9760872456163,1191.935791015625,1307344
2023-11-24,1191.8461738817382,1195.2094239908101,1170.994023205491,1174.133056640625,1795933
2023-11-28,1174.1329971927398,1183.7743136839274,1161.7114159816472,1180.8594970703125,2152951
2023-11-29,1187.4513434552393,1200.7250125369312,1185.2091770212226,1196.3751220703125,1835524
2023-11-30,1199.1105969392024,1207.8999330651009,1192.5634272249329,1202.6083984375,4104385
2023-12-01,1207.1825789119257,1209.8731790135125,1191.0389783024052,1198.8416748046875,1854324
2023-12-04,1210.769809842374,1210.769809842374,1193.7293458519996,1199.9625244140625,1547057
2023-12-05,1208.0791786068671,1208.0791786068671,1173.370488759915,1181.66650390625,3932040
2023-12-06,1188.3481685184481,1201.7562795331937,1183.4602896553442,1192.428955078125,2077245
2023-12-07,1193.7295404457184,1199.1107404777804,1188.6622218527014,1191.0389404296875,1985003
2023-12-08,1195.523240654095,1228.662419474058,1191.9357740654855,1223.415771484375,4509751
2023-12-11,1228.7970429045079,1240.3666452224825,1225.1647984605565,1233.4608154296875,2824656
2023-12-12,1234.9854450262894,1243.9541120199444,1228.707378130731,1233.4608154296875,2730422
2023-12-13,1237.0929642850756,1240.1872198472763,1217.0929041230827,1227.98974609375,1896931
2023-12-14,1247.5413688150127,1272.877848807122,1239.4695698794735,1268.7073974609375,5145574
2023-12-15,1275.3440609721258,1342.609043090909,1275.3440609721258,1337.4969482421875,7374290
2023-12-18,1336.1965849541934,1354.1788027689563,1328.2593380174965,1349.1563720703125,3075527
2023-12-19,1346.6452362724422,1349.470388034906,1325.2997668235937,1334.806640625,2590417
2023-12-20,1331.8471283232466,1348.035617008656,1287.0037906692653,1291.4432373046875,4368383
2023-12-21,1274.581958340451,1297.8108245907624,1273.640204641888,1275.38916015625,2841508
2023-12-22,1283.4160533941424,1316.017131107264,1276.2411208804085,1311.8466796875,2303438
2023-12-26,1311.8466683544016,1316.017119738137,1293.416126307439,1307.7659912109375,1363265
2023-12-27,1314.3132582267313,1323.7752456788828,1307.2280989002159,1320.232666015625,1402329
2023-12-28,1318.931761369241,1329.7838233691243,1317.0034766320566,1320.5909423828125,1928616
2023-12-29,1321.9364991732134,1329.0217673052864,1307.2279743187278,1314.8961181640625,1481617
2024-01-01,1309.425248130792,1341.4882293778303,1304.9858022119786,1330.725830078125,1222315
2024-01-02,1330.9949221514596,1335.2550385034733,1310.6359846333644,1317.9903564453125,1440888
2024-01-03,1309.425128849874,1313.9094614829214,1287.4518989479411,1289.4698486328125,1651716
2024-01-04,1288.797357256519,1295.792960816825,1270.994576409781,1273.5057373046875,3392241
2024-01-05,1278.0349142551504,1290.4564948589466,1275.2546496711739,1285.030517578125,1776925
2024-01-08,1287.0033985608702,1302.7882267097832,1283.0123865179205,1298.572998046875,2025264
2024-01-09,1309.963265065115,1328.214477517625,1302.564116004845,1309.783935546875,3119270
2024-01-10,1322.7885382546506,1352.4748001007586,1314.8512909327094,1338.214599609375,4368914
2024-01-11,1345.2998080648288,1345.2998080648288,1321.9812780583718,1331.66748046875,2271368
2024-01-12,1349.7843412663717,1394.627674863261,1343.954707898776,1381.8922119140625,5862043
2024-01-15,1443.9551773970231,1452.56507457106,1413.0132807385155,1424.4034423828125,9712071
2024-01-16,1423.3273133323592,1423.3273133323592,1379.3808493416311,1395.0311279296875,4459799
2024-01-17,1363.2372064171848,1421.533534323183,1360.1430604975646,1413.3720703125,3846289
2024-01-18,1414.3586464684065,1420.8160422794983,1378.5288691279295,1405.88330078125,3205598
2024-01-19,1418.9428918477006,1437.0185974763335,1408.142701864733,1417.090087890625,2374099
2024-01-23,1408.9107970683315,1417.044864022613,1371.0874077959916,1377.0523681640625,3196630
2024-01-24,1382.8818692178593,1429.065276108123,1377.0976212170908,1424.7271728515625,2136023
2024-01-25,1418.9430226727543,1418.9430226727543,1388.8921592944937,1401.09326171875,2641656
2024-01-29,1414.4238607817801,1435.7531697802578,1401.0930288670638,1423.0550537109375,2521598
2024-01-30,1427.980896188491,1439.23298000616,1405.3862617551288,1409.2725830078125,1939386
2024-01-31,1409.2726721010422,1429.155951659408,1397.5685845294183,1424.3658447265625,7025931
2024-02-01,1424.3657818981044,1443.3452751848176,1415.6442307750892,1425.631103515625,2845408
2024-02-02,1432.319135980975,1458.6192688710123,1423.4619949930939,1431.3701171875,2337374
2024-02-05,1432.4545388023646,1435.6630209080977,1402.1777297369435,1405.7025146484375,1452864
2024-02-06,1415.327644161374,1470.4585421778772,1408.1425958450984,1467.521240234375,4988311
2024-02-07,1471.3624715643462,1473.07968570311,1445.10746441274,1459.9295654296875,3320199
2024-02-08,1469.5549225983984,1489.1670198092065,1461.6920344858556,1476.6044921875,3496692
2024-02-09,1482.2078841133039,1488.3084348558434,1459.2969489452819,1473.7122802734375,3341297
2024-02-12,1481.3043050885735,1522.878434456526,1481.3043050885735,1506.5650634765625,4885445
2024-02-13,1513.8404529412562,1513.8404529412562,1489.9804977671402,1505.3448486328125,3129897
2024-02-14,1491.019673330642,1515.557464227914,1469.0576482567644,1510.677001953125,1386643
2024-02-15,1516.551695239438,1533.2717228687166,1491.336063938861,1502.5882568359375,2555162
2024-02-16,1513.8404692618824,1515.648039971449,1491.2910687901856,1507.016845703125,1776881
2024-02-19,1509.3214114789305,1521.0253866773241,1499.9672559339365,1514.0662841796875,762624
2024-02-20,1501.187479089757,1511.8069570423788,1486.7269133670382,1503.040283203125,2240414
2024-02-21,1496.261758168711,1504.6217719737042,1475.0228041776465,1478.8638916015625,2890991
2024-02-22,1485.8231548356644,1528.6626036277505,1481.304227965726,1524.1436767578125,3820901
2024-02-23,1533.7236369896023,1534.0399397760027,1503.4015963827367,1505.4803466796875,2191549
2024-02-26,1505.4803951850522,1508.282107608994,1481.756030560344,1491.0650634765625,1844253
2024-02-27,1490.3418352786723,1512.3942168226981,1489.438050054125,1499.198974609375,2049420
2024-02-28,1504.5313987551174,1511.1290758119515,1486.0037994404374,1492.9630126953125,936575
2024-02-29,1484.1510862671528,1516.3258216149818,1479.180267003924,1503.76318359375,3532888
2024-03-01,1514.246976031843,1517.6361707709323,1481.394403759339,1485.913330078125,2371138
2024-03-04,1490.3419743322556,1494.8609008766227,1477.688980008028,1480.3551025390625,1788071
2024-03-05,1467.7475462121718,1473.1250254194388,1452.4284272214477,1463.544921875,3339546
2024-03-06,1457.8058459817396,1491.2459056849784,1449.536187530595,1486.00390625,2366177
2024-03-07,1491.2458334976316,1495.3581009868149,1473.2604828952244,1480.0841064453125,3181239
2024-03-11,1495.7649070260993,1500.1031212793448,1475.023075255191,1480.988037109375,2970902
2024-03-12,1478.5023808895505,1504.802510815306,1475.9266148730453,1478.231201171875,2414182
2024-03-13,1481.078200438181,1492.3755169937738,1455.4106751588035,1474.5257568359375,2564135
2024-03-14,1476.7851135063086,1521.0705912063142,1455.0942672858978,1517.681396484375,3513306
2024-03-15,1515.647920788352,1515.647920788352,1484.783631284449,1488.8055419921875,3931561
2024-03-18,1491.1552435271597,1503.265987434517,1477.0109828925524,1485.2806396484375,1183544
2024-03-19,1483.6089753769631,1483.6089753769631,1440.724291724059,1445.2884521484375,1915379
2024-03-20,1450.3494151223667,1463.318711709427,1426.2635155604835,1434.3975830078125,1815178
2024-03-21,1453.2867566030643,1464.0869467648424,1431.0084269818583,1442.2606201171875,2684744
2024-03-22,1409.9051967703572,1420.253495270353,1363.0890698243754,1407.9620361328125,7468824
2024-03-26,1411.9385986328125,1439.3233376188189,1405.883281194166,1411.9385986328125,4496344
2024-03-27,1418.039087527938,1425.1337798268542,1391.8293147183076,1397.4327392578125,2589697
2024-03-28,1399.9635500454656,1410.8542079768038,1383.695413247003,1395.0379638671875,5301493
2024-04-01,1399.9633829043216,1418.0390883001166,1399.0595976345319,1406.9224853515625,1014857
2024-04-02,1409.0011671879995,1414.4238785434377,1378.3628259647053,1381.2550048828125,2031775
2024-04-03,1378.5888677519754,1408.5041387363324,1371.9460679465537,1388.07861328125,3343884
2024-04-04,1392.5525588467278,1403.12680367179,1372.5788136710444,1391.51318359375,3388449
2024-04-05,1394.0436976581036,1398.7885708432234,1377.1881887941101,1396.5743408203125,2773570
2024-04-08,1404.482518117737,1404.482518117737,1389.7056488242358,1391.874755859375,1820136
2024-04-09,1391.8292353208171,1411.531797197704,1386.9036500142674,1392.2811279296875,2432095
2024-04-10,1392.7782491291075,1402.8102429463843,1388.394802577898,1391.06103515625,1829986
2024-04-12,1389.1180475681892,1394.495526133577,1370.3192686368632,1375.109375,4319991
2024-04-15,1362.094881275488,1383.2434805671337,1350.255315235085,1360.2421875,3295684
2024-04-16,1343.341177581238,1357.1239025750863,1326.1241348497051,1335.1619873046875,2446933
2024-04-18,1334.9360832174405,1338.4156344575977,1312.3865744338084,1325.7174072265625,5180223
2024-04-19,1303.2585504034435,1315.459653337179,1296.932052585951,1308.2293701171875,5219506
2024-04-22,1312.477082904835,1331.5470426569577,1310.9406918910888,1324.8590087890625,1939632
2024-04-23,1332.9929495741178,1356.9883828875948,1329.558521333505,1343.6124267578125,2783858
2024-04-24,1346.6401306946616,1352.9213945566853,1334.2583159049943,1336.9244384765625,1321471
2024-04-25,1337.5569198952544,1369.2798700341702,1337.5569198952544,1359.4285888671875,4558032
2024-04-26,1370.9065876674765,1384.101829802622,1324.000112726303,1332.0438232421875,4328477
2024-04-29,1278.8561952970113,1297.8356865346348,1248.1274951980017,1253.9117431640625,11493223
2024-04-30,1243.9699317771608,1263.401312959092,1231.362062442984,1235.11279296875,7606726
2024-05-02,1227.3403415887567,1245.325689719817,1227.3403415887567,1229.780517578125,6555505
2024-05-03,1238.1858208824124,1238.1858208824124,1205.2428918949147,1218.3477783203125,5964228
2024-05-06,1227.3404042119107,1233.6669011408383,1218.7544440940808,1228.0634765625,2504082
2024-05-07,1234.6122397500967,1235.4824293683716,1214.6452844655537,1219.0416259765625,5096525
2024-05-08,1219.0416110959218,1221.8352070790652,1197.3802292911425,1203.1962890625,6832455
2024-05-09,1204.432794518141,1226.414837916191,1203.9748352806816,1209.0582275390625,5653762
2024-05-10,1209.1039647898854,1211.66858126008,1193.9913098485972,1205.5318603515625,3357203
2024-05-13,1205.5318633259042,1210.7526657660123,1192.2053164741253,1202.5093994140625,2316566
2024-05-14,1210.8440767463294,1215.3778279238243,1198.6623177871977,1209.9739990234375,3200462
2024-05-15,1208.3254492327537,1227.605577871462,1207.4095307569285,1220.8277587890625,2975965
2024-05-16,1231.9100012721788,1243.6337991667062,1216.7973506989513,1234.795166015625,5055915
2024-05-17,1237.4058099134795,1237.4058099134795,1218.3546616777978,1221.1024169921875,2487831
2024-05-21,1203.5167771400397,1236.3524294062015,1203.5167771400397,1229.0709228515625,4966721
2024-05-22,1235.5282193686505,1239.1461645378215,1227.3307934929041,1230.1243896484375,2390777
2024-05-23,1233.421716898823,1244.2294885225112,1225.4989992137646,1239.7415771484375,3326149
2024-05-24,1245.649020796782,1245.649020796782,1228.109161120597,1232.0933837890625,1769966
2024-05-27,1237.4059159314154,1245.2827928129143,1225.498975215569,1239.5125732421875,1942325
2024-05-28,1243.6799159214909,1248.6717388426384,1232.4599142689046,1244.1837158203125,2147233
2024-05-29,1251.1447171502432,1251.694245909222,1233.6964243590553,1239.329345703125,3845920
2024-05-30,1232.8261118746457,1237.909503492396,1213.6833957999995,1219.8658447265625,4150461
2024-05-31,1219.8659460003635,1228.1550525644968,1205.119681549608,1212.767578125,10319045
2024-06-03,1236.9937003814814,1240.8405131271677,1199.7157525932184,1203.928955078125,5384064
2024-06-04,1213.5918388617622,1213.5918388617622,1131.1591856560576,1193.9454345703125,5447244
2024-06-05,1209.0123814567949,1242.8097953906279,1205.4402770593817,1230.7196044921875,3005139
2024-06-06,1240.1536393112701,1282.1027510061247,1237.314314344744,1279.99609375,5936709
2024-06-07,1288.6973259140052,1317.686168719631,1280.4540594369435,1311.1373291015625,5884025
2024-06-10,1318.9226183920705,1320.7544553620594,1279.9960827798045,1299.4593505859375,3293739
2024-06-11,1305.1837718597524,1317.0448708884594,1296.3909772316713,1308.664306640625,2269082
2024-06-12,1348.2317495655952,1348.2317495655952,1313.8848130107651,1317.7774658203125,5990861
2024-06-13,1326.0209168235565,1335.134260546768,1316.2663631107412,1322.7236328125,4232861
2024-06-14,1322.723483390829,1324.4179099461392,1304.6340963082312,1310.7249755859375,3065114
2024-06-18,1310.7252228592902,1318.6936691396693,1307.0615488349397,1316.3580322265625,2223029
2024-06-19,1318.96837983833,1329.821990872493,1310.038175145869,1324.2806396484375,3117522
2024-06-20,1327.1199487664967,1327.1199487664967,1309.351220879319,1322.0823974609375,3163919
2024-06-21,1339.0726944173266,1357.3452216876528,1318.1897102742869,1326.1124267578125,6489262
2024-06-24,1316.9532945098977,1322.5403745813471,1306.6492121544356,1319.7010498046875,1988692
2024-06-25,1319.7924293235214,1328.173104127656,1306.5116139769318,1326.203857421875,2079037
2024-06-26,1326.2041771499612,1331.1044306802276,1317.2739715743148,1322.3115234375,1917424
2024-06-27,1314.3430240328912,1337.7447860126445,1303.8099614709552,1332.56982421875,6613193
2024-06-28,1344.5683716283365,1345.2094698622516,1320.7544903869627,1336.8746337890625,4943575
2024-07-01,1341.8206598137976,1354.277129584565,1332.6614744225772,1345.346923828125,3723295
2024-07-02,1350.9797424125243,1366.9624749815348,1349.1479054736596,1356.2921142578125,3811366
2024-07-03,1363.802444571341,1363.802444571341,1347.4990529626868,1356.47509765625,2070876
2024-07-04,1360.1388579395339,1405.5226605145738,1360.1388579395339,1394.348388671875,6822557
2024-07-05,1394.9437683604585,1400.6682585457854,1378.9610364856053,1391.646484375,3061687
2024-07-08,1399.5235000473267,1410.5145222990072,1379.5564315675228,1404.469482421875,2939620
2024-07-09,1404.469327987614,1416.2846979702547,1396.7755908961424,1402.3626708984375,2658608
2024-07-10,1402.362663646483,1403.736541269768,1362.7491921750989,1382.990966796875,3507096
2024-07-11,1387.616424387095,1405.01887459393,1381.2508360077009,1384.777099609375,3304053
2024-07-12,1401.3551776763888,1434.3282406805392,1383.4947685491409,1429.015869140625,6430647
2024-07-15,1447.1510619362969,1498.8088816983498,1435.6105125378406,1437.62548828125,10337489
2024-07-16,1433.412238638257,1449.898769178505,1424.2530550047854,1437.5797119140625,3540650
2024-07-18,1427.0467603725208,1464.7825551190067,1426.08500129454,1460.477783203125,4399468
2024-07-19,1475.0866374983025,1480.536307456328,1455.02800143865,1460.477783203125,5633838
2024-07-22,1455.028057510823,1460.431998839283,1438.816345331896,1444.4949951171875,2704495
2024-07-23,1452.709148220558,1477.4440123281659,1431.5737765809247,1475.1827392578125,2907674
2024-07-24,1471.1678356239986,1474.8595993269446,1455.3393762148798,1461.6614990234375,2484299
2024-07-25,1449.0174900556444,1471.16807589089,1442.418438826153,1465.26123046875,2934731
2024-07-26,1479.2898809940486,1513.6232411547635,1471.1679551223738,1509.33154296875,2814159
2024-07-29,1513.8076859223168,1518.2378475033036,1495.1643239850164,1506.5626220703125,1639491
2024-07-30,1503.4709574865099,1507.162721654678,1493.3186060240473,1504.6246337890625,1783877
2024-07-31,1496.0872041015507,1518.2377857785632,1494.425865410301,1516.022705078125,1984986
2024-08-01,1513.669510921287,1527.9289050481918,1510.0238261832649,1514.1309814453125,1785188
2024-08-02,1495.2106786917736,1512.7003663550472,1477.7670704823338,1485.2890625,1692851
2024-08-05,1453.632085912372,1472.736919690313,1418.5603276490895,1442.0030517578125,3279717
2024-08-06,1442.5565857116767,1481.320102410263,1442.5565857116767,1460.78466796875,2138704
2024-08-07,1481.3201656469516,1490.5495747787083,1467.4760519493166,1471.7215576171875,1897787
2024-08-08,1473.936750910346,1478.5514558286627,1434.7579512193151,1437.8035888671875,2373805
2024-08-09,1462.7691473992436,1478.5514152540486,1454.4164866608276,1467.429931640625,2021762
2024-08-12,1467.4761326646526,1477.167012786023,1452.5706135642827,1463.0921630859375,1273739
2024-08-13,1456.4007680239479,1484.4581944527106,1456.077761235514,1469.921875,1973825
2024-08-14,1476.7977971968537,1504.1630190015014,1475.0903789655772,1500.8404541015625,3932148
2024-08-16,1509.0086211312146,1545.0033221857204,1506.8858116445701,1539.6964111328125,3101056
2024-08-19,1536.696911522914,1555.1557332829489,1531.2054571147864,1549.1566162109375,1631947
2024-08-20,1550.5407785404623,1564.4310847470297,1540.5729713272267,1556.7706298828125,2786109
2024-08-21,1556.078664154494,1558.709023705288,1544.7726359007024,1548.0029296875,1410370
2024-08-22,1557.001435945659,1557.001435945659,1544.0802622033714,1546.987548828125,1749127
2024-08-23,1546.8954400363718,1556.0324665846301,1529.451831116023,1533.42041015625,2158185
2024-08-26,1542.2344793675645,1600.3797649451567,1538.634986775259,1586.950927734375,2672708
2024-08-27,1592.8578430290165,1621.4690165565041,1573.7068155872305,1579.7059326171875,3556487
2024-08-28,1580.5827246830283,1603.8407938485848,1562.5853743852022,1586.950927734375,2516461
2024-08-29,1581.9208325741029,1620.6843535589992,1566.461571228936,1616.8541259765625,5112407
2024-08-30,1616.8541003559483,1630.1906648435895,1607.9476975475723,1618.146240234375,4792561
2024-09-02,1628.2524830531247,1672.3691083499093,1624.3761758807066,1667.431396484375,4445349
2024-09-03,1666.831637664186,1677.1224535302367,1649.3419487685753,1652.4798583984375,2553290
2024-09-04,1629.0831362428394,1657.2790288527028,1628.990864675597,1647.680419921875,2644961
2024-09-05,1653.9103630128498,1659.1710819368627,1631.1137641238568,1652.5721435546875,2878565
2024-09-06,1650.2185750270176,1657.371368067543,1605.9635973449892,1620.7767333984375,3351716
2024-09-09,1622.8533100304692,1630.190758692684,1606.9787696493154,1612.147216796875,1418238
2024-09-10,1614.6391699491883,1651.4184608108565,1612.5164731388618,1642.00439453125,2307528
2024-09-11,1641.17373384022,1658.3866069952703,1637.0204991056144,1641.681396484375,2303930
2024-09-12,1661.2937765007082,1674.399493449847,1640.1584053669324,1668.30810546875,3349489
2024-09-13,1665.9084373020685,1679.7525517394818,1657.278961835486,1673.107421875,1599349
2024-09-16,1678.8297639071125,1683.6752044021714,1668.8619555375103,1672.230712890625,836199
2024-09-17,1672.322792100972,1687.136039261716,1667.938822633525,1673.984130859375,830317
2024-09-18,1668.7696073117113,1668.7696073117113,1606.0096190204538,1621.1458740234375,2629136
2024-09-19,1639.1431804275842,1639.1431804275842,1588.8428970191928,1602.68701171875,4167373
2024-09-20,1613.3007578547583,1630.0059662815008,1588.7505514636193,1624.4222412109375,4644317
2024-09-23,1628.06797355069,1628.06797355069,1598.9953311658564,1617.7310791015625,1541597
2024-09-24,1615.1466600301187,1646.0651818078381,1604.394375446323,1638.77392578125,1907389
2024-09-25,1641.7273619615496,1646.5728018163418,1619.7613228876833,1645.0499267578125,2240579
2024-09-26,1644.9115006132429,1669.0464288780813,1641.8196709776237,1646.38818359375,4303250
2024-09-27,1670.5231918402706,1687.6437922696366,1658.1096805906925,1669.0465087890625,4099016
2024-09-30,1668.6773565582057,1680.3986623933288,1651.2799409432007,1657.6943359375,2117894
2024-10-01,1652.0642818972783,1682.0136703220635,1652.0642818972783,1676.522216796875,1642542
2024-10-03,1640.9891635361219,1669.8772630553035,1633.6056352412463,1641.496826171875,3552386
2024-10-04,1640.9892836335976,1668.5852451880742,1631.0676667612347,1639.6971435546875,2982759
2024-10-07,1647.403547777275,1665.170162619272,1631.6674708011544,1640.02001953125,3419048
2024-10-08,1637.2973690059207,1655.756189400576,1608.686197394205,1651.5567626953125,2353030
2024-10-09,1654.8794598632057,1684.3673807232644,1652.202908341919,1670.246337890625,2499596
2024-10-10,1679.7527020791267,1698.1653308633595,1658.5250580418628,1669.27734375,3753869
2024-10-11,1664.985558657218,1710.0251243781688,1661.8937288498787,1697.888427734375,2977110
2024-10-14,1703.7951626970155,1721.7463188654901,1691.1969963677009,1712.8861083984375,1751092
2024-10-15,1688.98191230089,1737.667046658197,1688.9357201886303,1725.9918212890625,5696544
2024-10-16,1724.9766535987135,1739.7437089532234,1711.1787313173195,1721.515625,2144442
2024-10-17,1725.807538490176,1732.4065897084597,1708.7792080600289,1723.869384765625,2399099
2024-10-18,1723.1308818908421,1729.4991974525303,1700.9802974423255,1714.5474853515625,2366406
2024-10-21,1730.7913558189834,1742.974132329756,1698.211492447313,1701.5340576171875,1284980
2024-10-22,1699.8619093025782,1720.4853929502126,1690.2932896721986,1693.3125,2089660
2024-10-23,1666.1395875924845,1732.5622140284268,1666.1395875924845,1714.67919921875,2522186
2024-10-24,1713.9826466158788,1730.6579337791286,1707.2009896994264,1713.8897705078125,1621637
2024-10-25,1727.917326300635,1738.6471808650092,1709.523322305089,1720.810546875,4078295
2024-10-28,1714.0752182711392,1743.524197015263,1714.0752182711392,1738.832763671875,2418907
2024-10-29,1738.832763671875,1742.688085387494,1719.74202067874,1738.832763671875,1719955
2024-10-30,1728.8462617129542,1736.696163107448,1704.9713210844202,1708.2227783203125,1732047
2024-10-31,1709.3377714242188,1712.9608469896718,1631.8137749233533,1640.63916015625,3616088
2024-11-01,1650.8112872458057,1654.8059800658266,1626.6576049338244,1632.6031494140625,242223
2024-11-04,1637.805527954895,1655.549172650557,1621.0837471816744,1637.759033203125,2843690
2024-11-05,1643.379505237897,1656.7104581935748,1636.412096368884,1647.6064453125,1818350
2024-11-06,1663.9101468641652,1721.4145185450393,1656.3853678174878,1707.851318359375,3477029
2024-11-07,1718.673777247418,1730.2861237508012,1685.3694767542588,1701.8590087890625,2173869
2024-11-08,1708.3618793775272,1722.4825604075638,1698.2360042055934,1707.014892578125,1521324
2024-11-11,1715.561735094185,1740.9231475456304,1703.7636353248058,1734.698974609375,1679869
2024-11-12,1756.7156406626948,1758.5271212138114,1732.0509732715127,1739.8544921875,2711052
2024-11-13,1733.4913129273361,1746.1255248963857,1727.0812741380737,1732.330078125,1254074
2024-11-14,1739.064985312425,1762.2896779581572,1715.23642797754,1726.941650390625,2462563
2024-11-18,1726.9417159209622,1732.6086318630128,1686.1127500612015,1704.6925048828125,2483933
2024-11-19,1706.5506029054955,1732.5622615235432,1688.249588452816,1691.268798828125,2354204
2024-11-21,1704.692544474217,1708.9194841550334,1690.9434802261737,1705.9466552734375,1841245
2024-11-22,1715.2365939728818,1766.9347874858383,1706.0860868652692,1763.5904541015625,2765950
2024-11-25,1782.7274999119172,1783.6099929174802,1745.1034958752145,1757.3660888671875,6531524
2024-11-26,1755.8798107621496,1778.9651348153143,1754.9973177165698,1764.6588134765625,2079873
2024-11-27,1762.0575139131297,1780.869515841028,1753.0927594498405,1756.7623291015625,1631975
2024-11-28,1751.234922470881,1765.5413576255617,1704.692655218577,1710.1737060546875,3631255
2024-11-29,1711.1953748494145,1739.3437480374703,1703.7169783662443,1716.8157958984375,2482280
2024-12-02,1716.815868412719,1745.1499949802283,1705.11053196173,1738.6005859375,2014744
2024-12-03,1750.2132183409362,1761.6398149679123,1739.1118582031738,1756.48388671875,2954648
2024-12-04,1748.3548743116116,1775.2955179646597,1744.2673056976816,1762.8935546875,3730643
2024-12-05,1751.1420337573902,1800.4712641234519,1750.2130459410732,1787.37255859375,3881814
2024-12-06,1789.230377738011,1801.6323413207838,1779.290254333529,1786.1646728515625,2250408
2024-12-09,1779.0117411582753,1789.277102310028,1766.0059111968048,1774.27392578125,1379520
2024-12-10,1780.3584587293067,1804.8373757090908,1776.4102609457054,1798.8453369140625,2695207
2024-12-11,1789.4627767578736,1797.4056679284859,1779.9406516641586,1793.7825927734375,1387117
2024-12-12,1788.2549423925188,1810.5971433705201,1785.0499799827883,1798.7060546875,2306173
2024-12-13,1801.3072091421286,1834.7507674346075,1776.5496634480262,1828.9910888671875,2569918
2024-12-16,1830.8955734008173,1839.3958344068512,1811.7584475009908,1815.61376953125,1371189
2024-12-17,1807.1600507614655,1823.788842010221,1800.3783943179042,1812.0836181640625,1987909
2024-12-18,1810.597246361226,1831.917471294998,1808.5070237833336,1821.1412353515625,3460812
2024-12-19,1774.3668196955377,1807.9961350012832,1774.3668196955377,1796.894775390625,1916115
2024-12-20,1815.799448049168,1818.6329060701487,1761.7324059257794,1775.6207275390625,3786921
2024-12-23,1782.2629572537091,1801.6788234611013,1764.287067386323,1767.8636474609375,2058339
2024-12-24,1773.06601621817,1787.047327368182,1755.0901257408873,1762.2432861328125,1310301
2024-12-26,1770.2792500984694,1773.3449554089166,1752.3498523730784,1765.773681640625,1065107
2024-12-27,1765.0767997757828,1767.7708870452802,1749.0052656591977,1757.6448974609375,1328546
2024-12-30,1753.9289427297554,1829.1304587641368,1733.1660883603279,1791.970947265625,6262203
2024-12-31,1779.1973697587334,1790.902706632299,1745.1500579822189,1781.2412109375,1968650
2025-01-01,1781.2413967504995,1799.403041895517,1772.4160118262969,1776.1783447265625,880695
2025-01-02,1776.1782626816826,1835.9587211546775,1774.4132764998433,1832.1497802734375,3487645
2025-01-03,1839.3956577421009,1850.6363863034942,1803.165137210817,1808.4139404296875,2853344
2025-01-06,1812.687273827258,1833.264374337359,1792.9462849386844,1814.3594970703125,1789037
2025-01-07,1820.8159934216214,1840.3247362082816,1773.34474198778,1779.84765625,2494547
2025-01-08,1770.929554220174,1800.8429171295306,1760.0139471650941,1795.0367431640625,2372138
2025-01-09,1789.973737253202,1806.3702811912256,1783.6565748565195,1797.4056396484375,2742139
2025-01-10,1798.520307841618,1860.1586231908454,1797.823567019882,1853.4234619140625,4802079
2025-01-13,1853.2379734589242,1869.30939599302,1825.8328305705752,1848.1285400390625,5694121
2025-01-14,1798.6129952896952,1801.307082198204,1670.0875745342037,1684.765625,15819311
2025-01-15,1705.621475442785,1712.63537817802,1683.8367584946177,1696.0528564453125,3350594
2025-01-16,1702.8346466094251,1707.4330908835625,1658.5219736705017,1664.9783935546875,5362008
2025-01-17,1663.8052931799416,1682.667360733619,1642.2687730231526,1678.72607421875,2424374
2025-01-20,1679.8521229160626,1688.2040167263924,1654.045780247927,1685.576416015625,3401004
2025-01-21,1681.0722375093103,1708.6146224912652,1681.0722375093103,1691.394775390625,4005357
2025-01-22,1696.8376724573188,1718.655766113977,1692.9433516830427,1715.13671875,3009261
2025-01-23,1705.1425174400829,1716.3095348003362,1693.0838249010083,1695.71142578125,3750930
2025-01-24,1689.1424111905017,1716.7317601504067,1680.790517469155,1682.4327392578125,3171259
2025-01-27,1665.6820870982883,1670.1395462046075,1602.1516104986144,1606.51513671875,4174844
2025-01-28,1606.5151863588676,1623.9227835434008,1586.8554908823407,1588.9669189453125,5079829
2025-01-29,1591.547615801338,1617.9169844026792,1591.547615801338,1613.131103515625,3733620
2025-01-30,1615.9462541458195,1626.2218247493452,1593.2835703540459,1607.5943603515625,2543744
2025-01-31,1603.793964194231,1631.1485975285875,1603.793964194231,1619.183837890625,2033832
2025-02-01,1619.7001007692593,1625.2836097568943,1584.0404230002953,1589.6708984375,569018
2025-02-03,1562.4569280096825,1595.864392568976,1559.1724840168695,1587.7940673828125,2659929
2025-02-04,1590.7031810309018,1628.9904610685767,1587.8410913220712,1625.8468017578125,3647768
2025-02-05,1623.4535376302758,1639.2189126027504,1604.6852886403306,1607.3597412109375,2681942
2025-02-06,1617.6824253830039,1621.999100133098,1607.359887499065,1617.35400390625,2057798
2025-02-07,1617.0255507399675,1624.3920660841331,1595.9112691184232,1619.37158203125,2428098
2025-02-10,1617.7762214422728,1632.8377882409363,1606.6560559673007,1627.0665283203125,1823071
2025-02-11,1635.4653644908951,1641.2834762186028,1609.3774509519176,1617.0723876953125,1702553
2025-02-12,1617.7292659394873,1635.089896484204,1594.5035575080421,1611.5357666015625,2214307
2025-02-13,1606.5623441284795,1623.4068041937128,1595.53599626428,1598.21044921875,1838463
2025-02-14,1605.6236732588795,1617.2600103414084,1595.2541700507534,1605.8582763671875,1460459
2025-02-17,1605.8582645291262,1614.2101580337767,1589.7644685073885,1604.5914306640625,1127023
2025-02-18,1600.9319111534699,1622.0461948586008,1596.4744512601646,1619.23095703125,1511900
2025-02-19,1617.0726001783114,1624.9552891904436,1598.538950713081,1606.843994140625,1294110
2025-02-20,1600.1810541319835,1608.955303224316,1579.864513816305,1583.6181640625,1681532
2025-02-21,1585.917161721241,1599.1957218141617,1581.3658839013194,1595.9581298828125,1222563
2025-02-24,1581.2251903726578,1585.917253252102,1536.7444113650647,1542.7972412109375,4455420
2025-02-25,1535.2428515822398,1550.2104851517427,1530.7853922026459,1535.336669921875,1951519
2025-02-27,1520.2283446195179,1557.7648469558023,1515.723918518238,1528.8616943359375,2266866
2025-02-28,1512.7210513058783,1515.4893225453447,1466.2226629959907,1478.0467529296875,4910121
2025-03-03,1478.046875001137,1504.6508504445396,1471.8532599329806,1475.56005859375,1784684
2025-03-04,1463.9233549485102,1463.9233549485102,1429.202095888834,1440.9322509765625,3246644
2025-03-05,1437.6479808555375,1484.0055822609495,1436.7565347823277,1476.075927734375,3112003
2025-03-06,1482.6918496957885,1496.486468552412,1478.1405716752233,1487.80615234375,2011489
2025-03-07,1485.178738096389,1489.2608100338439,1459.7946312096667,1461.9998779296875,2091986
2025-03-10,1461.108298968804,1475.6067266347575,1451.7241737345792,1453.882568359375,1855766
2025-03-11,1435.7243009450326,1477.01445504007,1428.826991296439,1471.2901611328125,1846190
2025-03-12,1460.1698370005536,1468.615549425364,1414.2814432486225,1445.71826171875,3113860
2025-03-13,1445.7182055774856,1452.615514212778,1434.9734287863155,1440.228515625,1983351
2025-03-17,1433.8943612072458,1452.240372186287,1425.4956147946596,1449.9881591796875,2029100
2025-03-18,1449.9881591796875,1449.9881591796875,1449.9881591796875,1449.9881591796875,0
2025-03-19,1462.515918539908,1465.1903713226372,1431.172917330291,1449.3311767578125,4522829
2025-03-20,1452.521854437945,1484.662484537233,1451.7711931232186,1465.8004150390625,4608677
2025-03-21,1440.557003390561,1493.9996639060917,1427.7946163227189,1470.2108154296875,8109210
2025-03-24,1493.0143444314851,1511.6887768040383,1463.9235558221978,1505.3544921875,2487843
2025-03-25,1522.1051188470806,1556.7794159000157,1519.2429148187066,1524.8265380859375,4906013
2025-03-26,1524.8265938146374,1543.6416969379036,1522.1051744763192,1532.8031005859375,3096513
2025-03-27,1525.5304392727,1543.6886998529076,1514.1756699228472,1529.7532958984375,3383080
2025-03-28,1516.5685105057582,1525.4365779010805,1484.1932772882224,1494.4219970703125,2211077
2025-04-01,1479.8765773281762,1487.3838776570444,1432.1113560752888,1436.099609375,4126827
2025-04-02,1421.6950443873868,1443.79470624483,1413.6247191910966,1433.47216796875,3167863
2025-04-03,1407.6186125136478,1407.6186125136478,1374.7741782216626,1379.56005859375,3966161
2025-04-04,1359.759800282287,1366.5163248975466,1331.7012418104437,1334.5164794921875,4421312
2025-04-07,1262.1646351078346,1298.5281143720938,1222.5167125551907,1289.472412109375,6484139
2025-04-08,1295.0092338862357,1336.5339864945445,1287.5019339796488,1316.921142578125,3938359
2025-04-09,1295.6193905199027,1303.1735432850926,1273.4728758751698,1295.0093994140625,3306801
2025-04-11,1276.240998242005,1337.2378106579831,1276.240998242005,1304.9095458984375,4859622
2025-04-15,1332.5458262136349,1340.8039025068701,1319.4080504622327,1338.6455078125,3265147
2025-04-16,1327.8537033680223,1347.654184444179,1318.9387845114877,1343.525146484375,2553111
2025-04-17,1332.5459503895383,1353.284846847812,1298.7630953092403,1349.4373779296875,3549969
2025-04-21,1346.6219083757696,1406.6803070768494,1341.9298459772479,1390.727294921875,2840104
2025-04-22,1398.2346574265296,1407.5249643024429,1374.3051381215787,1388.7567138671875,2608145
2025-04-23,1459.2317389245316,1501.460310147428,1448.627629663183,1495.829833984375,13293318
2025-04-24,1496.7679958511324,1504.5568657257024,1479.0319759992367,1488.9791259765625,3193118
2025-04-25,1492.0759997939456,1518.3515519915748,1471.5247414146222,1481.002685546875,3800415
2025-04-28,1485.5590115748148,1489.7356862837348,1459.075220717647,1470.656005859375,2618810
2025-04-29,1476.0664903532554,1500.556900336968,1469.5167187646914,1489.3558349609375,2231069
2025-04-30,1491.2543430553478,1507.2965039752792,1475.1172814182116,1487.9320068359375,3682256
2025-05-02,1487.4575820809107,1500.7469286980981,1478.0600923696895,1492.58349609375,1370848
2025-05-05,1499.7975435119658,1516.599026605548,1483.9452993699736,1488.9761962890625,1012225
2025-05-06,1496.7599353012063,1503.4046075631682,1485.6537707104512,1498.943115234375,2055057
2025-05-07,1473.2187447146205,1498.2786743716567,1466.574072541294,1483.9451904296875,5469936
2025-05-08,1482.6164125144514,1516.8839171296463,1476.8260778078231,1500.4620361328125,2789018
2025-05-09,1486.508160175475,1497.614209275505,1478.2498278573905,1489.735595703125,2035161
2025-05-12,1517.6432120420038,1589.9751704621278,1513.0868189353025,1585.5137939453125,4028207
2025-05-13,1599.4675775411424,1602.4101950134725,1533.2106546857274,1537.3873291015625,3118470
2025-05-14,1547.2595098493312,1558.9351954449921,1534.9194033290603,1554.568603515625,1569126
2025-05-15,1566.244190144089,1616.1741332732984,1542.5132175661483,1609.9091796875,4961582
2025-05-16,1606.0174938270525,1607.5362530584684,1573.8382684209864,1575.641845703125,2586263
2025-05-19,1576.6858488345342,1579.533565599437,1554.9482543543309,1565.864501953125,1642018
2025-05-20,1576.4960594943752,1581.432055575185,1553.3346064540299,1555.13818359375,2421580
2025-05-21,1561.498027736858,1573.3635142698126,1545.7406847958723,1568.1427001953125,1420835
2025-05-22,1555.2332136218106,1557.4163938155039,1532.0717586557046,1550.1072998046875,2202093
2025-05-23,1550.1071374029464,1585.9884144896923,1540.1401288648378,1564.5355224609375,1459454
2025-05-26,1568.522541916578,1590.73475762256,1562.0676703870101,1588.6463623046875,1078813
2025-05-27,1588.8362259632327,1590.4498858541704,1558.175761044238,1568.2376708984375,2740015
2025-05-28,1579.5336830231895,1582.1915985509136,1563.396620155765,1573.173828125,1775441
2025-05-29,1585.2291331768304,1590.449947687293,1571.560068374657,1580.1981201171875,2374051
2025-05-30,1580.1981290624824,1580.1981290624824,1544.6966828894888,1553.5245361328125,4408910
2025-06-02,1542.6081971440656,1552.1954873809045,1524.1929383073668,1548.683349609375,1883100
2025-06-03,1563.3016023546027,1567.8578796516067,1534.919335438567,1547.63916015625,2380133
2025-06-04,1548.2086668947275,1561.1182929350127,1539.8553181118948,1543.557373046875,1659720
2025-06-05,1551.9109394117704,1569.9464812849753,1542.1337308888387,1549.537841796875,1409322
2025-06-06,1548.3985502554897,1556.5620980372478,1539.665598144549,1554.568603515625,1261281
2025-06-09,1564.3457971984335,1573.8381867445405,1555.8026466069373,1564.630615234375,1299786
2025-06-10,1569.3769905595295,1599.3729218013902,1565.2952162355493,1583.4256591796875,3055223
2025-06-11,1590.9244175713475,1637.8168430301498,1581.4320284450266,1634.4945068359375,5085821
2025-06-12,1637.4372714141487,1638.3865104120698,1608.9601014765112,1614.8453369140625,3607962
2025-06-13,1581.432124861516,1624.1478785342463,1580.1031671280296,1609.244873046875,1988422
2025-06-16,1606.1124089750797,1641.6139712134939,1597.9489766432494,1635.538818359375,2116100
2025-06-17,1640.2847078347672,1650.536533608287,1632.690797150347,1641.803466796875,1777245
2025-06-18,1640.1900621335562,1656.422025570383,1623.198661160662,1628.7991943359375,1794428
2025-06-19,1632.4061510673155,1632.4061510673155,1611.0482750180745,1626.900634765625,2514527
2025-06-20,1626.9007190155423,1654.14383152626,1622.3443255395248,1651.5809326171875,2719770
2025-06-23,1641.4239877418304,1641.9936238254359,1612.9468185174828,1616.7437744140625,2221446
2025-06-24,1632.5960763959326,1644.6513645867021,1603.4543714079707,1605.9224853515625,3601071
2025-06-25,1615.6047469719333,1633.355469581466,1614.6555079901636,1629.938232421875,1307518
2025-06-26,1623.1986394339156,1639.2408012089484,1616.2691486002234,1636.5828857421875,2971055
2025-06-27,1646.9297812028017,1663.541464874876,1623.958242131554,1635.82373046875,6478283
2025-06-30,1637.4371331879215,1646.739720931821,1626.3310841993339,1640.8543701171875,1855229
2025-07-01,1640.8544845891133,1656.422027101697,1626.9956185973117,1631.077392578125,1639826
2025-07-02,1634.5894961996328,1650.2519391074688,1624.1478675944086,1631.362060546875,2069447
2025-07-03,1628.8940538231739,1642.658018730188,1619.876283711682,1625.002197265625,1839063
2025-07-04,1627.9448976215633,1641.2342437245966,1619.5915480072388,1638.2916259765625,768500
2025-07-07,1637.9118545159413,1637.9118545159413,1616.8387955799292,1623.578369140625,1366412
2025-07-08,1613.706207247965,1631.6468464915597,1601.8407204299654,1621.39501953125,2139193
2025-07-09,1623.1986031481015,1627.2803769792602,1586.1782841289344,1589.0260009765625,2894808
2025-07-10,1589.9753485757974,1594.626642919546,1565.2951342098447,1579.2489013671875,2740853
2025-07-11,1559.7893616463275,1571.4650468215598,1547.2594541341846,1555.13818359375,2548153
2025-07-14,1556.7518506109018,1559.0300472255988,1525.4269658120238,1537.5772705078125,3334703
2025-07-15,1509.2899558749805,1539.0960825808759,1471.3203972366161,1486.887939453125,14685607
2025-07-16,1486.8879402294574,1494.102133199734,1480.8127876693677,1483.470703125,5218099
2025-07-17,1484.229990150248,1487.2676242963807,1464.1061708804082,1465.530029296875,4966082
2025-07-18,1477.1057905368714,1482.8458389456935,1463.71234424962,1481.6978759765625,3902458
2025-07-21,1481.697931914697,1483.5155205541757,1459.8857004250685,1464.0950927734375,3368842
2025-07-22,1466.6781053469572,1473.087896544548,1452.5193884451933,1454.2413330078125,3218227
2025-07-23,1458.0678802596879,1469.45233249405,1452.2321879726355,1463.52099609375,3471536
2025-07-24,1463.712377648238,1471.270131581955,1436.5427912035484,1441.900146484375,4654421
2025-07-25,1436.0644378307543,1446.6835041547893,1422.192654014078,1425.541015625,2733655
2025-07-28,1425.5410042674102,1429.4633473383515,1400.0934795834673,1402.580810546875,4404841
2025-07-29,1402.580934131228,1413.48705046576,1397.7019158920307,1408.6080322265625,6223556
2025-07-30,1416.356972451215,1419.9923832268785,1405.1639245487333,1412.5302734375,1642426
2025-07-31,1401.5283545489299,1418.4614490482572,1396.2666440028418,1404.302734375,2306285
2025-08-01,1401.5285055326744,1403.346210909819,1387.1783843156165,1389.1873779296875,2152783
2025-08-04,1389.1872268948594,1411.477792807855,1378.1854684912448,1410.5211181640625,2384774
2025-08-05,1415.7829287286452,1421.044639641239,1407.4597886706842,1418.4615478515625,2614394
2025-08-06,1416.739609011352,1419.4182281448032,1393.3010784903524,1399.806396484375,1735697
2025-08-07,1394.8318000982188,1415.113258297849,1388.1350767781314,1411.5736083984375,1495363
2025-08-08,1410.9038567259868,1417.9831558923304,1395.7883501556053,1411.7647705078125,2815614
2025-08-11,1411.095332073909,1464.6691209526473,1402.102565584374,1423.5321044921875,2374556
2025-08-12,1425.445406004107,1444.483257266117,1424.488731234977,1434.151123046875,3422656
2025-08-13,1435.0121342495343,1442.187194920782,1424.4887119317043,1436.064453125,2916128
2025-08-14,1435.9688613375358,1450.5102714485708,1421.427451226501,1425.254150390625,4227538
2025-08-18,1433.1944030282975,1436.8298137488491,1411.9562705367805,1420.6619873046875,2795155
2025-08-19,1412.3389880278332,1418.3659689175522,1405.5465038396178,1412.1475830078125,2515817
2025-08-20,1404.3984120414857,1435.299050517699,1394.8316653654538,1431.185302734375,10219330
2025-08-21,1435.0120868816957,1439.7954605046348,1421.714284853609,1428.793701171875,2157601
2025-08-22,1425.0625441411648,1426.8802493437775,1400.5716963052566,1402.7720947265625,2802805
2025-08-25,1415.8785483938768,1444.291740118609,1412.2431378407746,1439.030029296875,2764914
2025-08-26,1436.829739757093,1441.2304199732146,1420.6619141455185,1428.1240234375,4092265
2025-08-28,1423.5319882641413,1423.5319882641413,1383.351649885718,1386.987060546875,4367902
2025-08-29,1386.9871339428964,1399.2325009801284,1376.846287914066,1391.7705078125,3404604
2025-09-01,1383.3517118814798,1408.7035931849784,1383.3517118814798,1404.78125,2105254
2025-09-02,1405.3553158179045,1413.3914076921747,1396.4581932461062,1402.1982421875,1295198
2025-09-03,1411.095239074557,1411.095239074557,1389.665701579074,1402.580810546875,1800307
2025-09-04,1401.623991771506,1402.38937819617,1378.472512195081,1380.7685546875,2192155
2025-09-05,1385.264927848617,1389.3786756591405,1342.0232792996746,1357.5213623046875,3895199
2025-09-08,1362.2092480175488,1366.7055727888007,1340.3013721120756,1342.2147216796875,2929976
2025-09-09,1349.102681235138,1369.7669491914457,1348.0503623699672,1365.2705078125,2906889
2025-09-10,1372.7326284121245,1408.12959432408,1370.0538923872339,1400.4761962890625,3205017
2025-09-11,1400.4762780556973,1406.6946643222086,1395.1189224747138,1404.111572265625,1982922
2025-09-12,1411.0951659256086,1415.8785393694243,1399.6150696604511,1403.633056640625,2110883
2025-09-15,1403.6331265794308,1404.6855622147725,1389.091717298308,1402.9635009765625,1725617
2025-09-16,1400.4761305717655,1420.8532318148527,1397.7973946725745,1418.84423828125,1724524
2025-09-17,1426.2108430840299,1434.0555297563176,1411.3823836369165,1417.313720703125,2656774
2025-09-18,1427.932730760021,1437.7865275513097,1421.7143447880553,1429.080810546875,2792406
2025-09-19,1429.0806980526554,1429.0806980526554,1400.571745589634,1403.824462890625,3197957
2025-09-22,1361.3481646344362,1386.4129962868212,1353.6947666603846,1377.5159912109375,4457129
2025-09-23,1381.6295377070378,1381.6295377070378,1358.8607502014188,1367.853515625,3106480
2025-09-24,1363.3571362708183,1382.10793764869,1358.4781184973208,1379.81201171875,2894044
2025-09-25,1377.8028975155194,1380.0032961040897,1354.6514157943786,1362.113525390625,2713246
2025-09-26,1358.4780851732824,1364.6964707744278,1331.691193352964,1334.8482666015625,2568054
2025-09-29,1336.570225397355,1341.8319363472835,1323.081135227491,1327.29052734375,2990852
2025-09-30,1331.786810711164,1344.1279375510444,1322.0287755995814,1325.090087890625,2782077
2025-10-01,1326.0468430517603,1336.2833329104571,1322.124499946586,1329.299560546875,2253527
2025-10-03,1335.996244859644,1339.153318144448,1320.5938052426413,1333.126220703125,2793839
2025-10-06,1333.1262283449394,1359.4347832638384,1330.5432533018986,1356.2777099609375,1970901
2025-10-07,1360.3914919361123,1379.4293427815494,1355.7994064321326,1371.297607421875,1592836
2025-10-08,1371.1061300689087,1395.501334860933,1365.36608188255,1390.2396240234375,1735807
2025-10-09,1390.2396100024923,1426.4976040369686,1389.569984433469,1422.096923828125,2681316
2025-10-10,1426.4021167506426,1433.5771777000925,1410.043001142215,1430.7071533203125,2129445
2025-10-13,1425.4453259408936,1437.116710756099,1412.53021728304,1429.941650390625,1820492
2025-10-14,1449.744945271399,1468.4957470896468,1425.6366714065782,1430.6114501953125,5802489
2025-10-15,1433.0030698582757,1444.0048290109378,1421.7142615803032,1430.8983154296875,1710696
2025-10-16,1434.9164178827316,1454.0499120426946,1433.0987125812192,1449.3621826171875,2021043
2025-10-17,1445.505118131902,1447.7230850118274,1426.4116745559738,1433.161865234375,3210161
2025-10-20,1436.7298482567198,1456.0161067266026,1435.9583508323326,1442.0335693359375,2354881
2025-10-21,1449.072972763074,1449.3623137236605,1428.1474295573794,1432.968994140625,274400
2025-10-23,1456.1125063872835,1492.2742408174313,1451.7730982556657,1469.5164794921875,5011470
2025-10-24,1470.5771723395956,1477.9059268360006,1462.2841049432955,1469.4200439453125,1491451
2025-10-27,1476.7487702026774,1494.2028098142143,1472.3129544907802,1478.7738037109375,1394846
2025-10-28,1480.2202995851405,1486.9704898764082,1458.0411029138322,1467.7806396484375,1936466
2025-10-29,1475.3986987319204,1503.3637721065777,1467.684195732015,1501.7244873046875,2596355
2025-10-30,1502.1101652795687,1504.2317242993038,1483.2096558812607,1494.4921875,2183395
2025-10-31,1494.4922478418825,1502.592382401083,1482.727559295551,1486.4884033203125,1723467
2025-11-03,1485.1381829149193,1494.395562645935,1473.6628365639656,1488.4168701171875,2252136
2025-11-04,1481.5702926395418,1486.8740133372978,1470.577102559581,1474.53076171875,1666863
2025-11-06,1474.5307215731343,1477.2308445767942,1460.2589623488466,1471.9271240234375,2474769
2025-11-07,1461.0304776743155,1464.5985060972403,1437.3084034480262,1458.4268798828125,2238714
2025-11-10,1463.8268869431597,1489.766925807937,1457.4624457601137,1485.52392578125,1558896
2025-11-11,1492.5634929827825,1516.3819735581708,1486.1989339305337,1513.97119140625,2270763
2025-11-12,1518.7929218057707,1542.900745961418,1517.3464523564319,1537.1148681640625,2331564
2025-11-13,1542.322006676396,1547.7221351315686,1523.6143137120737,1541.4541015625,1944022
2025-11-14,1533.2574217656438,1540.971924516666,1517.9248240051934,1537.6932373046875,2543918
2025-11-17,1537.114640997858,1550.3256795971333,1528.917981996301,1549.0721435546875,2000978
2025-11-18,1546.7578509686116,1546.7578509686116,1533.3538784679217,1538.2718505859375,1640123
2025-11-19,1538.3684141194399,1609.920384105191,1531.9074470708654,1603.2666015625,6342672
2025-11-20,1603.2665542011332,1608.8596159330084,1583.9802968001477,1586.680419921875,2724035
2025-11-21,1577.6158729667095,1584.8482195726083,1548.6864865431146,1550.6151123046875,2958835
2025-11-24,1556.6902870321276,1581.4730802901095,1545.6970969556094,1552.929443359375,6392688
2025-11-25,1560.5475556076767,1561.1261197835458,1535.7646443632036,1543.9613037109375,2285950
2025-11-26,1543.961240617917,1569.419122741588,1543.961240617917,1560.1617431640625,1243303
2025-11-27,1561.3188800230082,1574.9156673876803,1556.4009081311865,1570.8656005859375,2106176
2025-11-28,1570.8656874034887,1578.4837827268163,1561.2225585673716,1566.2369384765625,1841289
2025-12-01,1571.8299936315989,1587.7411561438205,1569.9013678725416,1584.2696533203125,2034350
2025-12-02,1592.0805161749322,1593.9127341336757,1566.0440692114414,1577.1336669921875,2326220
2025-12-03,1577.133636037448,1595.5519875776963,1570.6727871514972,1581.9552001953125,2371611
2025-12-04,1591.1161864307182,1612.3310689164612,1586.3910299706451,1595.552001953125,3935708
2025-12-05,1603.3629998227739,1630.6531017754521,1592.0805860622538,1622.9385986328125,3391204
2025-12-08,1622.938494735528,1634.8959973839192,1617.0562100086327,1628.338623046875,2702407
2025-12-09,1626.7957674386714,1626.7957674386714,1597.2878179621275,1598.4449462890625,2817704
2025-12-10,1603.941568474416,1611.3667301393214,1597.8663505929717,1606.545166015625,1482249
2025-12-11,1607.9917621882905,1617.5384834496251,1590.1519735223335,1612.7169189453125,1408684
2025-12-12,1617.5383436416287,1618.0205000503859,1600.7592770740828,1613.4881591796875,1284337
2025-12-15,1613.4882062129197,1627.760083413747,1600.7593237362678,1623.90283203125,1689723
2025-12-16,1621.0099068593954,1621.9742197129704,1586.6803928149234,1592.7554931640625,1929309
2025-12-17,1592.0806145705485,1605.0988388568612,1587.5483909786828,1595.9378662109375,1394918
2025-12-18,1597.8663749636394,1614.1632854930872,1592.2733134092591,1602.109375,1822056
2025-12-19,1615.2240514930982,1621.0099286924765,1574.240754664169,1583.7874755859375,3487150
2025-12-22,1592.948392786367,1613.777526441746,1585.3302978609083,1610.6917724609375,1339691
2025-12-23,1615.320591595942,1626.6995314393628,1597.0950533817097,1619.9493408203125,1614314
2025-12-24,1616.1883461808325,1620.0455976036985,1605.6773125107284,1614.9346923828125,989858
2025-12-26,1608.473917383925,1616.5741692876468,1591.5984416319955,1601.6273193359375,921138
2025-12-29,1600.4699875803433,1601.5308258848768,1567.3941275049592,1572.6014404296875,1516288
2025-12-30,1572.6014804595475,1577.3265193663256,1553.6044462320297,1557.55810546875,3323273
2025-12-31,1566.5261468314886,1573.469151920225,1559.1009853417577,1565.3690185546875,1359963
2026-01-01,1564.9833063028957,1586.9695680714158,1560.643898592981,1576.1693115234375,773806
2026-01-02,1573.758696709966,1584.3661389059278,1567.1049139715212,1581.666015625,950573
2026-01-05,1567.0084378561032,1575.2050973771966,1523.710765784238,1550.2293701171875,3245802
2026-01-06,1543.190011845843,1567.9728067863327,1540.2970730879347,1558.6190185546875,2112043
2026-01-07,1562.9583926368216,1595.455690223662,1559.004615582644,1588.8983154296875,3816569
2026-01-08,1594.2985190902186,1601.3379324306445,1577.0372951307525,1587.9339599609375,3266398
2026-01-09,1588.3196543103204,1615.224006073685,1588.3196543103204,1602.109375,3281306
2026-01-12,1599.987883032742,1617.345514868645,1582.9195921463609,1608.088134765625,4175707
2026-01-13,1624.86706652942,1637.0173842556303,1567.972611380912,1605.580810546875,7149266
2026-01-14,1605.580837763031,1618.0204966254298,1590.3446481929661,1608.9559326171875,2470615
2026-01-15,1608.9559326171875,1608.9559326171875,1608.9559326171875,1608.9559326171875,0
2026-01-16,1622.0685339254821,1652.081682009063,1617.0178290309627,1649.264892578125,3098089
2026-01-19,1649.264930539804,1669.662199998777,1636.7351555873774,1667.525390625,2087629
2026-01-20,1670.6334850729563,1670.6334850729563,1633.5299283544177,1638.8720703125,1739341
2026-01-21,1639.1633154048784,1646.2538418405477,1621.0000809866287,1634.209716796875,1728435
2026-01-22,1642.0772742114043,1659.9491909105602,1633.2384812850246,1654.218505859375,1853439
2026-01-23,1663.5429459948182,1671.604771225789,1650.04199127234,1658.006591796875,1874357
2026-01-27,1670.6335465010413,1675.9756886555504,1651.6932243168724,1670.8277587890625,2671530
2026-01-28,1656.1610721542709,1684.6201660350766,1642.465786823139,1679.9578857421875,2713867
2026-01-29,1673.3531293582296,1675.489938664914,1647.4193878632143,1672.1875,2235602
2026-01-30,1664.028545737421,1664.028545737421,1634.695378411855,1646.9337158203125,4448681
2026-02-02,1622.0684627483904,1640.037484641112,1606.1391439517708,1628.67333984375,1916380
2026-02-03,1728.9113946545401,1729.0085007948294,1640.6203339894569,1646.6424560546875,3200948
2026-02-04,1594.872135378366,1597.7860308754032,1540.4794194336714,1575.251953125,5834470
2026-02-05,1567.3844065854084,1584.9650050129394,1554.2718762952904,1563.7906494140625,3184531
2026-02-06,1565.7333074951036,1565.7333074951036,1528.9210676812233,1547.95849609375,3342992
2026-02-09,1554.4660877702331,1573.4064078459076,1548.638296977718,1556.0201416015625,1863558
2026-02-10,1549.22116873538,1556.4088016328246,1522.8018959178016,1527.94970703125,3234785
2026-02-11,1528.8238832033496,1532.8061834551488,1501.7246305564786,1507.0667724609375,2944646
2026-02-12,1485.115481610435,1490.9432729051784,1427.3232179375632,1433.7337646484375,5397659
2026-02-13,1382.15782806104,1434.4137371529998,1355.9327673740067,1413.43359375,7214938
2026-02-16,1409.4512728724128,1424.894943209499,1405.2747603343228,1419.84423828125,2388700
2026-02-17,1421.9811114590236,1467.3407074101608,1416.1533200186177,1440.0472412109375,2840341
2026-02-18,1440.6300107247746,1440.6300107247746,1401.9723982655437,1425.0892333984375,2036245
2026-02-19,1427.80878911285,1458.6961287121796,1401.5837297209814,1408.7713623046875,2397127
2026-02-20,1401.5838264016543,1413.2394091575932,1389.9282436457154,1395.2703857421875,2392491
2026-02-23,1396.9214511058526,1400.2238897093428,1374.8730226483146,1385.265869140625,2629763
2026-02-24,1362.0519713376468,1366.3255900015026,1284.542301484879,1300.762939453125,10004684
2026-02-25,1316.1095967711506,1351.4648893571666,1315.1382981757477,1338.6436767578125,5703505
2026-02-26,1351.0762149795514,1364.6743939944429,1328.7363494550873,1334.0784912109375,2329520
2026-02-27,1357.875293191524,1364.4801703704989,1342.3345173037812,1349.230712890625,8651443
2026-03-02,1312.2242981891923,1346.2197463288087,1311.2529996709177,1331.6502685546875,2088938
2026-03-04,1317.080808041033,1342.3345698471294,1317.080808041033,1324.8511962890625,3161598
2026-03-05,1338.643498816475,1338.643498816475,1294.255206333629,1315.2352294921875,2217963
2026-03-06,1317.080758597693,1341.169008688996,1315.3323738808347,1317.7606201171875,1871596
2026-03-09,1291.8270860425002,1333.3014871677035,1289.8844889206318,1319.606201171875,2256550
2026-03-10,1321.9373243586176,1325.2397631364865,1306.3965475843795,1322.4229736328125,1671877
2026-03-11,1327.959283660933,1336.506758028498,1308.2419949259765,1311.54443359375,1837000
2026-03-12,1311.25298917672,1324.2684129307795,1302.5113025822084,1319.1204833984375,2616965
2026-03-13,1311.2530516426305,1317.7607045463176,1283.085393496233,1287.359130859375,2190786
2026-03-16,1275.1208385481732,1299.3060786269439,1265.0193094816418,1290.46728515625,3618375
2026-03-17,1290.4672342673116,1290.4672342673116,1260.4540852554567,1283.1824951171875,2285672
2026-03-18,1288.427400675758,1338.837814208226,1288.427400675758,1318.2462158203125,2564106
2026-03-19,1302.899825821349,1315.3323754260534,1271.6239431203578,1274.1494140625,1663249
2026-03-20,1296.586405720121,1313.6812357960657,1290.7586146555914,1295.4207763671875,5050431
2026-03-23,1277.0633953429879,1325.8225356751977,1272.401114823816,1319.606201171875,5166409
2026-03-24,1340.3920525322767,1353.9902327753578,1320.9660807564467,1333.8843994140625,3555664
2026-03-25,1309.3104947943593,1370.8908489008509,1309.3104947943593,1341.65478515625,4167275
2026-03-27,1337.4780839327325,1367.005583137401,1320.7717965419583,1325.23974609375,8956139
2026-03-30,1311.2530477771163,1320.1889470463918,1297.8490803064853,1303.0941162109375,5541018
2026-04-01,1359.5264850203223,1359.5264850203223,1310.281697700231,1315.5267333984375,2469237
2026-04-02,1308.3390820367895,1372.2505708873946,1302.7055032991818,1361.9547119140625,6509389
2026-04-06,1356.9040870805895,1381.4779880528308,1354.0872975458185,1363.0233154296875,2134581
2026-04-07,1351.0761971608322,1404.98326325891,1348.2594078315547,1400.223876953125,3459049
2026-04-08,1408.2857488059858,1423.9236312751325,1390.8023754342585,1419.067138671875,4239052
2026-04-09,1417.0274334936837,1426.837524825088,1394.784673688786,1422.855224609375,3101205
2026-04-10,1410.3254260726785,1415.7646739750435,1380.3122786226656,1409.54833984375,3450066
2026-04-13,1399.6411847669165,1406.2460622119338,1376.8156692623902,1388.3741455078125,2252652
2026-04-15,1403.526280064429,1432.5681278427714,1395.8529984877596,1409.6455078125,3993858
2026-04-16,1418.0959219154013,1426.546172105606,1393.910563643363,1408.5771484375,5229848
2026-04-17,1401.8751070484177,1416.1531469053489,1388.9567901746564,1400.90380859375,3319268
2026-04-20,1404.4006171427257,1410.228408525654,1383.1291548816928,1387.3057861328125,2352656
2026-04-21,1388.9569526803887,1413.2394168880878,1381.575107274592,1399.83544921875,3091487
2026-04-22,1306.3965083504145,1319.0233891002697,1244.2334031203575,1248.4100341796875,33066256
2026-04-23,1252.9751562640483,1257.15178754495,1235.4917819905966,1240.9310302734375,8304759
2026-04-24,1251.6218619302792,1252.0178436546378,1185.9918485183598,1191.040283203125,10903519
2026-04-27,1196.7816837673115,1219.549242680999,1188.8625328408116,1215.78759765625,6066942
2026-04-28,1215.4907250223948,1220.2421431663045,1180.2505268992788,1183.9130859375,6643295
2026-04-29,1187.8727482542276,1198.5636513231816,1180.0525618275544,1188.0706787109375,4777201
2026-04-30,1187.8727402459547,1201.4342390290972,1172.0344370426753,1186.9818115234375,5070033
2026-05-01,1186.9818115234375,1186.9818115234375,1186.9818115234375,1186.9818115234375,0
2026-05-04,1195.7918803363182,1201.2362970100348,1179.359665088433,1188.36767578125,3318673
2026-05-05,1187.8727482542276,1193.2181997887046,1177.9738086854425,1188.0706787109375,2459953
2026-05-06,1195.7919057864779,1199.751481633453,1174.4102203801453,1177.0828857421875,3541520
2026-05-07,1182.9231744098379,1183.913068279637,1169.1636254523005,1171.4404296875,3725309
2026-05-08,1167.8769370248579,1190.644498001188,1164.90725515838,1186.2889404296875,2813749
2026-05-11,1184.804006505599,1194.1090331242458,1179.0625736796997,1182.82421875,2505962
2026-05-12,1171.0444630813495,1172.0343569639203,1131.0527260581548,1134.220458984375,3959561
2026-05-13,1134.7154964657793,1142.931543844691,1125.6083995174693,1131.646728515625,2635034
2026-05-14,1127.4891556166244,1131.6466616749285,1092.2489568340422,1112.6407470703125,5837032
2026-05-15,1110.5619921830983,1140.3577744488487,1110.4630269602867,1121.15380859375,3729249
2026-05-18,1117.5902205133277,1137.8830455979364,1110.0670509907557,1135.0123291015625,2588569
2026-05-19,1144.3174142705511,1186.1899769855322,1140.6548549643858,1167.48095703125,5756760
2026-05-20,1154.4141906480702,1169.0646683575774,1150.652666418684,1157.9779052734375,1415960
2026-05-21,1161.8384595944722,1168.6687518922563,1151.4445733090024,1156.39404296875,2245247
2026-05-22,1158.0769708112805,1164.1152998147552,1148.1780311870052,1152.236572265625,2044782
2026-05-25,1156.1961159082641,1166.0950552567938,1150.3557175252993,1153.9193115234375,1419803
2026-05-26,1153.9192390579726,1161.838390039478,1148.2768923183116,1150.15771484375,1196820
2026-05-27,1143.6244635296307,1157.9779249858127,1142.0405366306575,1153.42431640625,1004168
2026-05-28,1153.42431640625,1153.42431640625,1153.42431640625,1153.42431640625,0
2026-05-29,1168.0747806951965,1179.6564907792917,1165.1050990493613,1171.83642578125,12446602
2026-06-01,1178.072747125031,1200.5434119372007,1178.072747125031,1183.022216796875,5970435
2026-06-02,1197.7716587190891,1244.2966735618968,1190.0504377083842,1230.93310546875,7663067
2026-06-03,1216.3817277239782,1217.5695521230916,1164.907242593571,1167.0849609375,4800922
2026-06-04,1154.6123413674918,1164.610246215695,1146.4951383776315,1156.4931640625,2025595
2026-06-05,1167.0848647183482,1170.5494932395648,1135.4082610957976,1143.0303955078125,1971395
2026-06-08,1130.3598899886003,1147.2870518319028,1120.856932535927,1139.6649169921875,1546444
2026-06-09,1146.9900420972515,1147.2870586092952,1124.9154800807084,1134.7154541015625,2225582
2026-06-10,1129.2710855592654,1140.3578496517691,1118.5801823841139,1120.658935546875,1600595
2026-06-11,1101.6530107998524,1102.7418699870848,1078.4894679990384,1098.980224609375,3435236
2026-06-12,1108.6811510385824,1111.155885750722,1089.3782202838927,1098.38623046875,2203987
2026-06-15,1112.1457872602355,1116.6003097726264,1101.7519013979902,1107.98828125,2361006
2026-06-16,1129.4688977693256,1150.1577036749375,1126.0042692485608,1147.2869873046875,8343470
2026-06-17,1157.1860191207213,1161.7395070902196,1147.58409621033,1155.00830078125,2263670
2026-06-18,1140.3578288590681,1156.9880955312617,1124.6184909080034,1150.058837890625,3368037
2026-06-19,1098.7822889851088,1124.5195317901655,1080.370285607286,1120.262939453125,10014063
2026-06-22,1124.519489786046,1137.0910941981099,1115.6104445324595,1119.0750732421875,2312385
2026-06-23,1110.2650463176826,1114.4226734702142,1094.3277776579753,1098.287353515625,3235632
2026-06-24,1086.5075036113628,1110.1659916215428,1082.1519463516245,1102.642822265625,3503015
2026-06-25,1121.5497933111187,1122.0447402631537,1086.4085597166397,1089.576171875,5877425
2026-06-26,1089.576171875,1089.576171875,1089.576171875,1089.576171875,0
2026-06-29,1084.5277065108403,1097.0994312395699,1075.0247494674097,1091.259033203125,5186504
2026-06-30,1091.35807971494,1094.5256920198099,1057.8006506475288,1060.9683837890625,3794233
2026-07-01,1059.1864801751997,1065.6207905687872,1019.5907239069678,1023.7482299804688,3819777
2026-07-02,1038.3987015097157,1071.956128900288,1037.408807609325,1067.20458984375,3726609
2026-07-03,1115.7093743357589,1147.2870134549564,1103.8306477080976,1127.4891357421875,12768463
2026-07-06,1133.4285739039879,1136.2992905292433,1114.6205888348386,1122.7376708984375,2747815
2026-07-07,1123.529612762691,1163.1253700406712,1122.5397188307415,1156.39404296875,5179529
2026-07-08,1153.2264273281507,1164.6102075120768,1130.1618504469234,1134.0224609375,3091794
2026-07-09,1132.5375461008239,1150.1577052219316,1109.6710220003508,1138.77392578125,2033525
2026-07-10,1161.1455289767832,1179.4585658788042,1141.8425981881667,1152.33544921875,3979475
2026-07-13,1150.2567271120654,1224.4987706003656,1150.2567271120654,1208.8583984375,9028077
2026-07-14,1187.8726953172163,1196.88070575604,1152.2365144577,1154.9091796875,9754723
2026-07-15,1145.3072123070285,1169.6585774419905,1132.9335388810666,1156.196044921875,3253196
2026-07-16,1163.521297781958,1191.8322387544756,1162.8282995597583,1175.4000244140625,5147444
2026-07-17,1197.800048828125,1223.5,1195.800048828125,1203.9000244140625,5037972
2026-07-20,1205.0,1224.699951171875,1200.0999755859375,1221.300048828125,3612829
2026-07-21,1219.0,1240.699951171875,1217.199951171875,1239.5,4642320
2026-07-22,1243.800048828125,1243.800048828125,1227.699951171875,1237.300048828125,2377718
2026-07-23,1236.0,1248.800048828125,1228.800048828125,1244.699951171875,1878476
2026-07-24,1237.0,1276.0,1236.5999755859375,1271.0,3674904
2026-07-27,1284.5999755859375,1303.0,1277.300048828125,1295.9000244140625,3847049
2026-07-28,1301.0,1342.0,1301.0,1318.5999755859375,5187064
2026-07-29,1344.0,1352.699951171875,1323.199951171875,1344.300048828125,3061520
2026-07-30,1349.0,1369.9000244140625,1345.5999755859375,1352.699951171875,3747919
2026-07-31,1317.699951171875,1356.5,1294.300048828125,1346.9000244140625,3369019
2026-08-03,1352.0,1377.0,1343.5,1377.0,2314332
2026-08-04,1375.699951171875,1375.9000244140625,1347.4000244140625,1369.9000244140625,3013543
2026-08-05,1370.0,1375.0,1337.0999755859375,1350.0,3215211
2026-08-06,1349.9000244140625,1363.199951171875,1332.5,1335.0,3821560
2026-08-07,1329.0,1369.0,1328.0,1356.5999755859375,1725616
2026-08-10,1356.5999755859375,1367.5,1351.5999755859375,1357.199951171875,1321698
2026-08-11,1360.0999755859375,1379.800048828125,1358.0,1365.4000244140625,1828636
2026-08-12,1370.0,1370.0,1340.4000244140625,1365.4000244140625,1418468
2026-08-13,1362.9000244140625,1372.9000244140625,1354.0,1370.0,778760
2026-08-14,1372.800048828125,1374.9000244140625,1346.5,1360.0,1033374
2026-08-17,1355.0999755859375,1362.800048828125,1325.0,1325.0,970745
2026-08-18,1318.0,1320.0,1292.5,1298.0,3056990
2026-08-19,1309.0,1324.800048828125,1301.4000244140625,1324.800048828125,1693632
2026-08-20,1339.699951171875,1345.300048828125,1318.4000244140625,1318.4000244140625,1510868
2026-08-21,1319.9000244140625,1321.699951171875,1302.5,1302.5,1484443
2026-08-24,1302.5,1325.800048828125,1301.0,1322.0,1091648
2026-08-25,1322.0,1322.9000244140625,1294.4000244140625,1315.800048828125,1314934
2026-08-26,1319.5,1323.0,1296.5999755859375,1298.5,834925
2026-08-27,1295.0,1304.699951171875,1280.0,1282.0,1936771
2026-08-28,1290.0,1334.199951171875,1290.0,1316.0999755859375,3459476
2026-08-31,1316.5999755859375,1322.5999755859375,1297.699951171875,1312.199951171875,3125051
2026-09-01,1316.0999755859375,1368.0,1313.0999755859375,1351.4000244140625,4031856
2026-09-02,1340.0999755859375,1349.300048828125,1317.4000244140625,1331.5,2739386
2026-09-03,1345.0,1345.0,1308.0,1319.0,1515496
2026-09-04,1324.9000244140625,1331.4000244140625,1291.199951171875,1293.4000244140625,2210569
2026-09-07,1271.699951171875,1286.800048828125,1263.0,1282.800048828125,2008363
2026-09-08,1281.4000244140625,1290.0,1268.199951171875,1277.0,2241262
2026-09-09,1248.800048828125,1264.800048828125,1222.699951171875,1229.800048828125,2099173
2026-09-10,1224.800048828125,1237.0,1196.9000244140625,1207.0,2197859
2026-09-11,1196.0,1223.4000244140625,1195.699951171875,1206.0999755859375,2272845
2026-09-14,1206.0999755859375,1206.0999755859375,1206.0999755859375,1206.0999755859375,0
2026-09-15,1252.0,1290.0,1250.0,1253.699951171875,4443984
2026-09-16,1262.5,1284.5999755859375,1244.9000244140625,1253.0,3049093
2026-09-17,1242.199951171875,1258.300048828125,1235.300048828125,1258.300048828125,1386250
2026-09-18,1258.300048828125,1260.800048828125,1235.5999755859375,1249.300048828125,2886447
2026-09-21,1242.300048828125,1284.9000244140625,1237.300048828125,1281.0,2751906
2026-09-22,1280.0,1286.0999755859375,1240.300048828125,1270.4000244140625,2680986
2026-09-23,1270.0,1279.800048828125,1250.0,1256.699951171875,2724431
2026-09-24,1251.0,1263.300048828125,1242.800048828125,1243.5999755859375,822109
2026-09-25,1241.0,1266.5,1234.5999755859375,1258.0,1568243
2026-09-28,1252.0,1267.300048828125,1241.800048828125,1252.5999755859375,2272247
2026-09-29,1252.5999755859375,1261.0,1222.0,1222.0,5604932
2026-09-30,1229.0,1256.4000244140625,1224.800048828125,1230.0,4242658
2026-10-01,1230.0,1256.0,1228.9000244140625,1243.0999755859375,3430282
