Date,Open,High,Low,Close,Volume
2019-10-03,178.13865893465578,179.52364827416895,171.9300729664238,174.41351318359375,13862733
2019-10-04,175.75075535611967,177.42229786630017,173.4105987568058,173.93594360351562,6277398
2019-10-07,174.07920711298945,176.8491859230444,172.98077075806611,174.12696838378906,4525369
2019-10-09,173.8881785346174,178.7595221416845,172.59869708218255,177.70884704589844,4536877
2019-10-10,176.18057313218677,177.6133238183927,173.64938608310038,174.07920837402344,4351508
2019-10-11,175.27316607407082,180.71761572928037,175.08213556549558,178.80728149414062,7642682
2019-10-14,181.00420328297662,182.43695423244608,178.66404631378242,180.2400665283203,5222539
2019-10-15,179.4759285520201,186.78296708939519,177.56559396573059,183.91746520996094,6691660
2019-10-16,183.86967991289785,185.44569991084495,178.75952973219412,179.52366638183594,8082988
2019-10-17,177.18351659639785,181.24297721922636,174.36577625549114,180.3355712890625,9520625
2019-10-18,179.52365108720412,182.7712279278289,178.28193095916208,178.99830627441406,7347790
2019-10-22,178.0909010354407,182.3891529409205,176.7536729391687,177.4222869873047,6683536
2019-10-23,176.80145263671875,179.18937061087922,175.7507628982103,176.80145263671875,5610514
2019-10-24,177.89988732812932,178.28194837036563,172.59870656260725,173.21957397460938,6890297
2019-10-25,173.3628317558782,175.1776434485141,172.88524819732206,173.60162353515625,5956396
2019-10-27,173.93594360351562,174.70006566270004,173.17180696963715,173.93594360351562,365752
2019-10-29,175.17766374821184,179.7147080802507,174.27025779674312,176.03732299804688,9687658
2019-10-30,178.42522047699012,180.95640750867284,176.1328106500063,178.80728149414062,5978614
2019-10-31,179.7146981658462,182.34140789738083,178.23420070419132,179.4759063720703,6501134
2019-11-01,179.6191943015002,185.63675055722797,178.95058017857372,185.0636444091797,6921052
2019-11-04,186.7351911310783,194.94963503628765,186.7351911310783,189.07534790039062,15421372
2019-11-05,190.07825853120715,193.61237399096925,188.50223859939373,189.69619750976562,8912298
2019-11-06,190.07826857649658,194.5197901279289,188.78878705527072,192.4661865234375,13028120
2019-11-07,193.8034026282063,198.006146696904,190.31704847350017,196.0002899169922,17556268
2019-11-08,195.85704370998593,197.71961689624337,193.9944705237285,194.71084594726562,10082727
2019-11-11,194.80635036396637,194.80635036396637,190.55585917696308,191.1767120361328,6851401
2019-11-13,188.2157003897456,192.89601385764257,183.72641744763513,184.49053955078125,13457979
2019-11-14,184.6815778267538,184.72932452541488,179.38039712757563,180.04901123046875,6720055
2019-11-15,180.04903232051277,181.62505250298895,178.7118039580903,179.33265686035156,4558349
2019-11-18,180.0967822622948,186.1143386637803,178.80730068529962,184.92037963867188,8873375
2019-11-19,184.92036886767366,185.30242990357652,182.10261407278654,183.72640991210938,3476640
2019-11-20,184.34726148132884,185.15915939545073,181.7205517970094,182.19813537597656,4437118
2019-11-21,181.67278995307427,184.25173835645109,179.61918639984873,180.14453125,6342754
2019-11-22,179.57142444665737,182.7234789609258,178.66401856784978,181.72055053710938,4635776
2019-11-25,182.91450199907368,191.6542752464366,181.81606564984435,190.31704711914062,16931103
2019-11-26,191.1767070383345,193.8034168079452,188.693281091883,189.79171752929688,16163735
2019-11-27,190.4603482882809,194.37653993503213,190.4603482882809,193.89895629882812,7251212
2019-11-28,193.89895616727938,196.09584380726656,191.12897690905376,194.94964599609375,5421765
2019-11-29,193.89894442568175,195.33169524656117,187.73811881083924,191.1767120361328,10212511
2019-12-02,191.03345542644098,193.4691348980673,189.55294323194684,191.79759216308594,5195682
2019-12-03,191.12897542720822,191.5110365030717,185.87555547325863,187.21278381347656,5815771
2019-12-04,185.49347429058565,192.70498983632655,184.1562459902489,192.08413696289062,6574810
2019-12-05,190.1260363645404,192.41843184226875,188.40673246889662,189.64845275878906,4443222
2019-12-06,190.07827639429453,191.70205775006053,186.8784603839095,189.07534790039062,3819461
2019-12-09,189.7439677083053,193.18257562596332,188.26347013582318,189.9350128173828,5743160
2019-12-10,189.79172197806938,191.60654842443,188.83655476673064,190.17379760742188,4876818
2019-12-11,191.03343599512525,191.03343599512525,185.97104702631555,187.78587341308594,4757660
2019-12-12,188.4545034700349,195.09291301762954,188.4545034700349,192.41844177246094,10621630
2019-12-13,197.71961518982593,199.62994963610444,196.09583382542823,198.91357421875,14246993
2019-12-16,200.58511569138156,202.16113577050723,196.95547734964612,197.3852996826172,8779955
2019-12-17,198.57922969264138,205.16989127586686,197.52855465162372,204.11920166015625,16629136
2019-12-18,204.9311314168723,205.8385373673578,202.6864826041019,204.07147216796875,11721371
2019-12-19,202.87751542043674,207.51008235231126,201.68355637353048,206.60267639160156,6847801
2019-12-20,206.6026681686866,208.32197204274135,205.16991736942344,205.83853149414062,8175626
2019-12-23,207.08024600593063,209.51592521183827,203.7849221742647,205.50421142578125,10295626
2019-12-24,208.46523546869355,208.5129967422736,205.50421140306344,206.55490112304688,7782646
2019-12-26,207.032489244328,207.84438718888953,204.69233253459058,205.36094665527344,7436907
2019-12-27,206.41162360786495,207.4145374393958,204.78782781936124,205.79075622558594,5252162
2019-12-30,206.60267557291795,209.1816241890771,201.68355557433935,208.17869567871094,11352906
2019-12-31,207.27129435902708,209.56368994141454,205.838543476361,206.4593963623047,9432449
2020-01-01,206.4593876386056,207.70110793272124,203.64164727002841,204.6923370361328,5085208
2020-01-02,206.31612164058845,211.28298832070058,206.31612164058845,210.28005981445312,15238841
2020-01-03,209.4681581001743,210.08901091539659,206.36386487467493,206.7459259033203,8658243
2020-01-06,205.36093852122434,205.98179134268992,198.72252970257009,199.91648864746094,7798846
2020-01-07,201.11046043092074,203.6416477257986,198.388228032909,199.48667907714844,12767569
2020-01-08,196.76444107583737,199.2956282986341,195.33169029130457,198.10166931152344,12470053
2020-01-09,202.01787385227843,202.44769620085478,199.53443316653292,201.30149841308594,8676205
2020-01-10,202.7820047367591,204.5968166339722,200.77614773483288,202.0178680419922,7800086
2020-01-13,203.2595813200819,203.45061184349368,200.10752667235644,201.73130798339844,6614653
2020-01-14,202.9730224677483,205.12214858799504,201.34924120294517,202.4476776123047,7981507
2020-01-15,201.6358073994801,205.36095375397645,200.58511762016306,204.07147216796875,9564560
2020-01-16,204.4058076706914,205.12218316486437,199.6299710428715,200.25082397460938,6986058
2020-01-17,200.10752865953592,202.49544666263301,198.81804710798556,200.63287353515625,8678002
2020-01-20,200.6806511051413,201.34926528536005,197.48083489129272,198.0061798095703,3977566
2020-01-21,196.76442779353368,199.152345606562,195.47494634462092,195.95252990722656,4479791
2020-01-22,196.38236487157153,198.48372961174823,193.8989245401941,194.47203063964844,6268889
2020-01-23,194.47206355732123,196.14360629319071,193.6601655414491,195.42723083496094,5560681
2020-01-24,195.3317005289466,198.38823278120864,193.1825742395083,196.19134521484375,5749852
2020-01-27,194.42428164948998,194.42428164948998,188.549994770468,189.3618927001953,7942736
2020-01-28,190.46034668240347,190.46034668240347,185.49347982269936,187.21278381347656,6308211
2020-01-29,188.7888005655259,191.4155104951356,188.26347023936037,188.8843231201172,8978837
2020-01-30,188.45448374971807,188.8843060571596,184.06070897995195,184.77708435058594,8588693
2020-01-31,186.06657449118836,186.40087426819733,179.81022638207878,180.8609161376953,6008376
2020-02-03,175.65524116652017,177.27903705625897,172.21664801254946,173.64939880371094,7678833
2020-02-04,174.79558624711032,181.81607054101116,174.79558624711032,180.765380859375,9235507
2020-02-05,181.57729475119675,188.69328764090696,179.8579908364767,187.49932861328125,7411014
2020-02-06,187.59482455531077,188.50224501784584,184.01294770223308,185.30242919921875,7348886
2020-02-07,185.30244033960162,189.5051702700032,184.20400386849747,188.5500030517578,6977770
2020-02-10,187.11723781647797,188.12016623334975,181.0996964646352,182.2936553955078,5385023
2020-02-11,183.7741653771289,188.120179097639,183.39210432300064,184.96812438964844,7530810
2020-02-12,185.5412305455358,187.59483421719142,182.62796764004915,184.96812438964844,10581151
2020-02-13,185.97106925784354,188.1679569493488,183.77418156633829,186.4964141845703,6711481
2020-02-14,186.73517994044983,188.1679306816809,184.7770843458285,185.30242919921875,3798528
2020-02-17,185.3024273545294,185.971041445509,181.24296696145336,181.72055053710938,3484321
2020-02-18,180.66988966459476,180.95644277064343,173.60165744710824,176.08509826660156,8152961
2020-02-19,177.66111974685177,180.1445605839444,176.13284622022604,179.66697692871094,4317249
2020-02-20,179.38040209836277,182.43693420678355,177.08799208602613,181.4340057373047,6207445
2020-02-24,178.52075951108455,178.52075951108455,169.92425395694508,171.022705078125,14690243
2020-02-25,172.88525399171067,173.31507629387832,166.24684522022744,166.62890625,10694830
2020-02-26,165.19617629402146,165.43496811132263,160.22930940909598,162.2829132080078,16855158
2020-02-27,162.33064200294675,162.6649563101482,158.70100419134462,160.80238342285156,7657497
2020-02-28,154.73707842822134,154.92810894344083,147.1912637668462,148.91055297851562,14033411
2020-03-02,153.35211023267743,154.21175495767886,140.26632136777852,143.0363006591797,11441351
2020-03-03,145.28094097427862,153.2565785703934,144.039220664943,152.15814208984375,21836942
2020-03-04,152.82675042341714,154.450531731727,149.86572630408557,153.3998565673828,12074078
2020-03-05,155.4057204851153,160.37258764811256,147.90766574689442,148.5285186767578,12338386
2020-03-06,142.2721544215698,144.66007247018527,133.7234107224655,143.37060546875,11173720
2020-03-09,137.44856013643718,139.26338663897508,134.0099668139943,137.01873779296875,10550403
2020-03-11,135.63372329615083,135.96803759894098,130.95341050524527,131.6220245361328,9682790
2020-03-12,124.17172955077844,124.17172955077844,112.8530002761192,114.81108856201172,15926851
2020-03-13,108.7935426256115,124.17173267654492,98.47773422677503,121.73605346679688,15365436
2020-03-16,115.38420041710228,123.2643297994934,109.31888288077786,110.465087890625,20577663
2020-03-17,111.75456925688574,115.43196174504874,108.74579093480772,110.22630310058594,11615932
2020-03-18,113.6648938570936,113.6648938570936,103.30133146288688,104.30425262451172,12105333
2020-03-19,98.38220895561659,103.06252909155695,93.17655129960265,95.27791595458984,11569487
2020-03-20,96.6629196450432,102.87150656836222,94.27500159761281,100.7701416015625,13928853
2020-03-23,90.69312235841512,95.46895833910781,81.09369640963126,83.95919799804688,14591356
2020-03-24,85.05763306166374,90.54984387967237,81.18920339664942,84.77108001708984,16845493
2020-03-25,84.96212328710405,92.8422530360288,84.10247859891771,90.31106567382812,7876385
2020-03-26,93.12880612365606,93.2243213904159,88.11417810161304,90.31106567382812,11013083
2020-03-27,93.12879021724149,94.84809387465224,86.25159016229148,87.44554901123047,9158997
2020-03-30,84.15023383373702,87.35004268529744,82.66972895868409,84.81885528564453,9970397
2020-03-31,87.8276230438176,92.8900122293538,86.92021709893261,91.40950012207031,15557731
2020-04-01,90.69312409537312,91.12295371427601,86.92021651330599,87.54107666015625,9270755
2020-04-03,87.97090285944446,89.26037719815116,84.43678692560421,84.81885528564453,8216768
2020-04-07,88.01865853867075,101.77306761382115,85.96504761050585,99.28962707519531,23639659
2020-04-08,95.03913145639886,106.78769032021914,94.46603262367893,96.32860565185547,24227474
2020-04-09,100.29255410840224,104.11322283634138,97.28377602768072,102.72823333740234,14943427
2020-04-13,104.11323046925334,109.2233738100453,100.38807672893894,108.69803619384766,23259069
2020-04-15,114.62006377007297,118.44073256240874,108.6980300568915,109.93974304199219,45561393
2020-04-16,113.56938129624908,116.43488289016278,109.31888289286866,115.1454086303711,18971910
2020-04-17,118.4407383483968,120.06451974952442,113.76041739167609,118.58401489257812,14577288
2020-04-20,119.39589181498617,119.53916834263353,110.5605958206772,111.22920989990234,18342210
2020-04-21,108.55474866128915,108.60250264664766,101.05668794937903,102.29840087890625,22935311
2020-04-22,101.72529921949112,103.87442525933953,98.14342248641044,103.4446029663086,14419829
2020-04-23,104.11322576972876,108.22044768292311,103.49236562647647,106.2623519897461,16545796
2020-04-24,105.02063938879785,105.02063938879785,98.2389531668083,99.00308990478516,16901936
2020-04-27,101.6298014502774,104.78184914531464,100.57911888526499,103.3490982055664,18657007
2020-04-28,104.3042500989351,105.6892468419488,101.91633221858085,103.87442779541016,13489808
2020-04-29,104.11322185189738,112.37541935541189,103.44460774576903,111.08594512939453,35702215
2020-04-30,114.62004618186296,126.27308129541386,114.14246265610521,124.36274719238281,45993216
2020-05-04,115.9572999277397,117.48556599541381,109.46216003094044,110.7038803100586,22496677
2020-05-05,114.62006438576957,115.33643978818063,109.84422836969583,110.7038803100586,19405341
2020-05-06,110.79938854197444,115.28867119727082,110.32180497067282,113.28282165527344,15993752
2020-05-07,111.75455190812355,116.53038745975275,111.46799886008709,112.37541198730469,16729796
2020-05-08,117.39004729964158,117.48556255970034,110.65611579896377,111.8500747680664,21602930
2020-05-11,113.61713469296204,115.9572986882318,112.27990645263344,114.38127136230469,13916698
2020-05-12,113.56938842647614,116.76919728310389,111.1814702816274,115.6707534790039,13673363
2020-05-13,119.87347540247447,121.25846483282326,116.14832211974891,118.01090240478516,13922270
2020-05-14,113.66488319800271,115.47970211829727,111.7545490266077,111.9455795288086,12778232
2020-05-15,113.09179587570846,115.47971383217465,112.13662869312198,113.9036865234375,12509914
2020-05-18,115.14540929181652,115.5752316184337,109.17561427020321,110.17853546142578,14500038
2020-05-19,112.47094478829115,115.00213948303436,111.32474699201204,112.04112243652344,15916351
2020-05-20,112.04111583894351,116.48263750349541,111.03818736074619,115.38420104980469,8718400
2020-05-21,115.95729994247793,124.88811183620145,115.24092453997582,123.69415283203125,34325670
2020-05-22,120.82865186305416,120.82865186305416,118.05866550121426,119.25262451171875,17058546
2020-05-26,119.92124162952248,124.6015549529817,119.87348035587607,123.31208801269531,18786655
2020-05-27,124.55380532446794,128.75655002848114,124.17174424896483,127.32379913330078,32423355
2020-05-28,128.3744755642105,133.15031192559775,127.61035340614531,132.1951446533203,21951352
2020-05-29,129.85499084088102,134.82185785996356,128.5655237374431,132.62498474121094,19390589
2020-06-01,135.538224165865,138.92907074877368,132.33842268879536,132.91151428222656,14504755
2020-06-02,134.58303135789615,137.0664715148719,132.6249505674377,134.8218231201172,12836264
2020-06-03,136.49338089307105,140.21854154985047,135.92028934373943,136.9232177734375,12470626
2020-06-04,136.87546030959552,138.16492726249535,132.1473856662403,136.2545928955078,11358214
2020-06-05,137.35304238393098,144.23024311417112,136.97096676993772,142.55870056152344,21825018
2020-06-08,148.05091733104345,148.8628152882207,138.97682884946337,139.78872680664062,16211802
2020-06-09,141.3647293426929,143.6093778344305,134.86959021471162,136.2068328857422,19223606
2020-06-10,137.44853860414315,141.36472950823503,135.44269645728815,140.36180114746094,17278002
2020-06-11,139.35889836077283,140.8394105388752,136.06357420609072,137.9261474609375,12532780
2020-06-12,131.81306818876348,140.26630339161622,130.093764384406,139.50216674804688,15804914
2020-06-15,142.36765978768864,145.51971414630444,137.30527122078368,139.26336669921875,34911162
2020-06-16,143.17956036510466,147.66885795625782,140.31405870676613,143.37060546875,28477417
2020-06-17,142.9885428585411,145.28095313880556,140.6006245924509,141.36476135253906,13573256
2020-06-18,141.79456636274463,144.61230665675933,140.6961299247253,144.03921508789062,9854686
2020-06-19,145.51970468876604,145.51970468876604,141.8423057469316,144.27798461914062,14631215
2020-06-22,144.13472758455086,144.66007247018527,142.31991569748115,143.37060546875,8037341
2020-06-23,146.04505950587418,152.34916887542488,143.84818659877442,151.250732421875,22570926
2020-06-24,152.25365816431642,152.9222869181506,143.70491394783753,144.61231994628906,15907046
2020-06-25,142.31990695261595,145.47196149804898,138.11717727516807,140.0275115966797,18500612
2020-06-26,142.31988926796504,145.18539039416567,141.55575271937303,144.27798461914062,12107599
2020-06-29,142.7497507788174,142.7497507788174,136.87547768453,139.3111572265625,13110757
2020-06-30,141.36473526783195,144.80334276638644,138.69026438836664,139.6454315185547,14655358
2020-07-01,140.88715999039073,142.17664152187555,138.02165843126414,140.93492126464844,8255166
2020-07-02,142.2243978122372,143.56164070815572,140.1707940529244,141.12596130371094,9519798
2020-07-03,141.93783555887742,142.74971884144813,138.06940592521434,139.83645629882812,10780269
2020-07-06,141.1737060365498,148.19417576226013,140.50509195429555,147.4300537109375,24254504
2020-07-07,148.0509336966054,149.86574576365288,144.99440120619542,145.47198486328125,13160047
2020-07-08,145.901792341663,150.91642022901965,145.56747798596118,148.05091857910156,18306575
2020-07-09,149.96122378819246,158.9875493114605,149.86570125526575,157.41152954101562,45180719
2020-07-10,156.3608856201172,157.12502238250943,153.16108387872592,156.3608856201172,16256492
2020-07-13,157.88914082085432,162.85600733792236,156.7429430976378,161.66204833984375,21894776
2020-07-14,160.18152101141038,161.13668811890201,154.68931014333342,156.4563751220703,16396492
2020-07-15,158.89207016145164,160.945673819478,157.12500500477228,157.98464965820312,11233286
2020-07-16,157.5070483619339,159.32187458985743,153.82966378571606,158.60549926757812,12766387
2020-07-17,159.03533898979757,161.5187795426393,153.92518863382102,154.88035583496094,14372019
2020-07-20,154.92810629816478,155.64448164902686,152.492427190295,153.68638610839844,14067880
2020-07-21,155.5489840536786,155.69225330352785,150.48659498837952,152.82675170898438,13098754
2020-07-22,153.3520991233731,156.55190054547143,150.3433136544417,152.73123168945312,17455691
2020-07-23,153.49537075208326,155.16691340247087,152.54020352329036,154.73709106445312,8258361
2020-07-24,152.77899002059326,153.73415721618895,147.38230119535547,149.19711303710938,15793319
2020-07-27,149.96125463514662,152.63572578561696,147.66885912028363,151.10745239257812,12745516
2020-07-28,151.44176739798064,157.8413849310793,151.44176739798064,157.3160400390625,15539141
2020-07-29,156.9339669603772,160.94566610868145,155.97879980246216,156.69517517089844,15845599
2020-07-30,157.55483147445318,158.2712068960479,152.82675660686726,154.73709106445312,8980592
2020-07-31,154.641553281509,157.12499366166205,152.44468053140497,155.7877655029297,9872721
2020-08-03,155.78776871653213,159.99049836612278,153.54312007375665,154.11622619628906,16525131
2020-08-04,154.73708153465725,157.22052200644924,153.54312257219846,155.07139587402344,13653194
2020-08-05,156.55189879691682,169.44665604195484,156.1698377454603,167.87063598632812,47894708
2020-08-06,170.01974487304688,170.87938943859504,166.39010695520045,170.01974487304688,23198186
2020-08-07,168.53925948158076,170.97493890040838,167.48858424432862,169.63771057128906,10117475
2020-08-10,168.9690842302939,170.97494132713868,166.58116605533385,170.59288024902344,9378730
2020-08-11,171.93008293976968,178.23419181077205,170.01974868488335,170.92715454101562,30405569
2020-08-12,169.39890806504744,169.39890806504744,164.95737185818638,167.91839599609375,17437072
2020-08-13,170.0197721647936,176.3238819064002,170.0197721647936,175.32095336914062,26526442
2020-08-14,176.0850506075553,180.9563937931231,172.50317418815584,176.65814208984375,28520464
2020-08-17,176.84921849587204,184.7771099439127,175.98957376192024,183.91746520996094,25968766
2020-08-18,184.5383125583449,188.40674289391967,183.43987603421556,187.21278381347656,20401535
2020-08-19,188.02467472850446,188.78879685141982,185.58899538129972,187.97691345214844,16328384
2020-08-20,184.39502071711496,193.27807810271028,183.82191459880792,190.07826232910156,28491717
2020-08-21,192.70498836055683,194.04221665065285,186.5919239276961,187.45156860351562,18332315
2020-08-24,188.59775756375603,188.93207190803014,183.82192164380936,184.63381958007812,10628826
2020-08-25,186.6396412414364,187.5948083195905,181.52950611812767,182.7234649658203,13439855
2020-08-26,183.39212390988374,186.25762584597567,182.67574842586075,184.8248748779297,8427317
2020-08-27,184.82485062592355,186.87845424744484,183.96520598777383,186.16207885742188,7659778
2020-08-28,186.3531400425788,187.35605401543785,184.3472829474689,185.11141967773438,8153155
2020-08-31,186.25761333264802,188.1679478283675,175.9895654181559,176.94473266601562,17662183
2020-09-01,176.89695406345456,186.6874173951421,176.7059235475312,185.35018920898438,24334797
2020-09-02,185.3024586793619,188.0724380565459,183.9174689907699,187.40382385253906,11183054
2020-09-03,188.3158489598718,188.3158489598718,183.89957973689405,184.33160400390625,11310236
2020-09-04,180.53938855009665,186.25174586718177,177.46719773370614,180.77940368652344,16804686
2020-09-07,180.77937325864784,183.8515635579427,179.14727353552482,180.01132202148438,6839463
2020-09-08,180.68339721762786,180.68339721762786,172.37887910672498,173.05091857910156,9202151
2020-09-09,170.26671260577254,176.4590990670025,164.89036867003378,175.49903869628906,22609497
2020-09-10,177.61120776882723,177.89922887345986,166.42650784204855,169.59469604492188,19154786
2020-09-11,171.56279171679986,172.81087317515895,167.81856199108176,171.51478576660156,15780805
2020-09-14,171.850815915559,173.2909065517229,167.62655590922202,168.77862548828125,11605907
2020-09-15,170.31473785130336,172.18686766682728,167.5305680810478,169.69070434570312,10726507
2020-09-16,170.02671932501102,177.2271730290737,168.44261072050088,176.45912170410156,14453126
2020-09-17,175.40305053723526,175.40305053723526,168.34661464714046,168.82664489746094,18642039
2020-09-18,170.3627143229817,174.92300120351737,169.49866582641332,172.33084106445312,28529202
2020-09-21,172.23484689544637,173.48292846847204,156.5858725507787,160.47410583496094,26161690
2020-09-22,161.29015290436513,162.20220738675005,154.37772070976428,156.921875,18465421
2020-09-23,158.8900011906375,160.76211609956763,155.81781074401368,158.8419952392578,17256291
2020-09-24,151.68956354494168,155.81782674850535,148.2333397816416,152.74563598632812,19292629
2020-09-25,155.48177740778763,158.2659613315754,151.353514796212,155.57778930664062,20236970
2020-09-28,157.40189458747682,161.96218134080044,155.62579169421863,161.0021209716797,12412713
2020-09-29,162.68225739511226,170.2187385782627,161.38618444121346,169.35467529296875,36624865
2020-09-30,170.4107465757623,170.6027557547078,165.80245303426378,168.2506103515625,15625518
2020-10-01,170.12272428628492,172.09085131769848,166.57050322800941,167.14654541015625,12663078
2020-10-05,168.01060121502738,172.7148921893034,165.89847087248228,171.8988494873047,13647813
2020-10-06,173.38693721106247,175.115034441919,168.58663457121426,169.83470153808594,13192286
2020-10-07,169.83470568161994,170.84277219045455,163.9783451077415,165.94647216796875,11851388
2020-10-08,165.94647889464048,169.40268823013534,164.69839719736646,167.29055786132812,11214012
2020-10-09,169.93068883559283,174.2029546363334,162.49022082160502,163.21026611328125,30474092
2020-10-12,167.05054732210237,168.01060793889607,162.922283740017,165.27442932128906,16792391
2020-10-13,163.64230263308175,167.91456875428128,162.9702632403133,166.33047485351562,9712302
2020-10-14,166.0904536126235,168.0105744636365,164.21833871275774,167.24252319335938,10703596
2020-10-15,167.91455300263007,171.13076110473463,164.84236274576884,166.7144775390625,19813786
2020-10-16,167.1465392929132,173.33892660223657,165.4664334140617,172.61888122558594,15546394
2020-10-19,173.77093066170613,176.50710863407878,170.60272844352698,175.4030303955078,17095601
2020-10-20,174.5390095168922,175.83508245935727,172.1388581611851,173.57894897460938,10427991
2020-10-21,173.86695470665302,180.0113357746849,173.7709428011625,178.5232391357422,24286914
2020-10-22,177.51518470553398,180.20335709772516,174.8270269627038,177.08316040039062,17453750
2020-10-23,178.18723204715846,179.147292533082,174.394981408272,174.9710235595703,9732876
2020-10-26,175.01902702052695,175.59505451425912,162.82626195286025,165.51441955566406,15615702
2020-10-27,165.9944473057441,168.3945984504157,164.21834424830314,167.4825439453125,15437539
2020-10-28,167.48254533002174,170.02671435402428,162.49023383770145,163.64230346679688,14425414
2020-10-29,161.77017968110857,163.69030050818404,158.69798928765968,161.1941375732422,12266096
2020-10-30,161.482174750216,165.08240166044388,160.2340931581315,163.83432006835938,12957793
2020-11-02,164.65037373533013,165.61043422358279,160.9541349958132,163.93032836914062,11083051
2020-11-03,165.56241776686946,173.19489523444082,164.98639030007436,172.57086181640625,22507173
2020-11-04,169.9307138588881,173.96296515617593,167.14654418083157,169.45068359375,11618409
2020-11-05,171.75481716355645,180.44336759684316,170.98678048495304,179.86734008789062,23733769
2020-11-06,178.57125177546135,182.74752078156715,177.99520961966724,180.6353759765625,14037270
2020-11-09,182.2674826868782,187.93183349439835,181.73944650836296,186.92376708984375,14673743
2020-11-10,190.13997468108272,192.6361230565925,182.50749704835874,184.66763305664062,23544708
2020-11-11,184.81162892450178,199.932580381961,184.42761062024653,195.90032958984375,42959437
2020-11-12,196.86039819540488,202.9567732630732,196.09234690556008,200.26861572265625,40805593
2020-11-13,197.77245380964234,202.62076203921674,196.1403539653571,202.14073181152344,15133046
2020-11-14,203.53280344339757,204.01283364019804,198.78050742494477,200.94064331054688,1794824
2020-11-17,201.90072321901667,207.37306506160357,201.7087140516095,205.0209197998047,22284208
2020-11-18,203.96485285214092,211.4533277758926,202.14074373901718,210.5892791748047,16606283
2020-11-19,208.76515372797581,218.1737495998894,204.20486633259858,205.30894470214844,28576299
2020-11-20,205.98097955606926,211.21330625851027,203.62883430260794,206.9410400390625,17773062
2020-11-23,208.3331352944778,213.08543199459484,206.94105045394915,209.34120178222656,22567883
2020-11-24,211.2133005868017,218.17373890159405,209.86922180644788,216.97366333007812,18538052
2020-11-25,216.97365443188787,220.8138961032487,213.13341276052702,214.52549743652344,18591189
2020-11-26,215.245553775679,222.01398299803157,211.5493297672738,220.7178955078125,16363181
2020-11-27,220.81390722467745,221.38994936413806,211.7413387490138,217.3096923828125,42583153
2020-12-01,221.5819516162885,222.2539909917913,213.6134470655446,220.14186096191406,16869243
2020-12-02,220.18987566940314,227.43832053183306,219.4218243599901,222.59002685546875,20100114
2020-12-03,225.2301986778736,233.43870421582332,223.79010793095463,232.3346405029297,28072333
2020-12-04,234.78278259217024,245.727465704621,233.2946859862543,242.60726928710938,41978766
2020-12-07,242.22326113226828,243.80735505862782,238.57502839197565,241.21519470214844,17202162
2020-12-08,241.7912367975138,242.8953004854307,234.6867804838178,235.88685607910156,14240101
2020-12-09,236.65492093414687,238.14301768733725,230.36652152509143,231.3745880126953,14737004
2020-12-10,230.22251372434962,235.69485571327863,228.49440187275076,233.00668334960938,19673032
2020-12-11,234.49477384113047,238.09500066571283,231.32657130562592,233.91873168945312,12610389
2020-12-14,236.1268618105515,238.23899184440768,234.30275283798474,236.51089477539062,10448747
2020-12-15,235.79088821083252,236.17490658944448,232.91070642315634,234.78282165527344,15446054
2020-12-16,238.0950054878847,242.07925072803846,236.0788725655414,241.40721130371094,19222530
2020-12-17,241.83923819311406,244.719419741977,234.68679027664325,236.0308837890625,13711470
2020-12-18,236.84692248816924,241.3592039095934,235.40683173775554,239.9191131591797,18866376
2020-12-21,236.17485823218885,239.77508472963075,219.51780444428064,223.02203369140625,16278713
2020-12-22,224.55815206550236,229.69448175979178,217.9337402694785,222.63803100585938,18337596
2020-12-23,222.10998167113888,228.39836563595938,218.41374323359585,226.76626586914062,13095413
2020-12-24,228.39838265240638,234.8787909014901,226.67028550547235,227.486328125,14541771
2020-12-28,229.59845136469812,231.51857226977395,228.20636663839014,230.31849670410156,8213627
2020-12-29,232.23861566284225,232.33462756703537,224.94216507431983,226.19024658203125,9405315
2020-12-30,226.95828974761423,229.59845604592317,223.35806297719293,227.91835021972656,8480116
2020-12-31,226.9583058857804,232.23863885786324,225.32620589700886,230.94256591796875,10380624
2021-01-01,229.45446255070098,230.41452306346542,228.1103836925751,228.83042907714844,5091899
2021-01-04,231.2785529617472,247.69559226211993,229.98248016394493,244.14337158203125,24902369
2021-01-05,241.0711976930795,242.65529166019707,237.1349437787089,240.3031463623047,12297457
2021-01-06,240.7351686831084,249.61572824569566,237.8549872033504,248.7036590576172,18029077
2021-01-07,251.00784305691616,264.40067017899094,250.5758040889977,262.0005187988281,32739259
2021-01-08,263.00859888426515,263.4886291583385,254.5600484813409,257.4882507324219,20606695
2021-01-11,256.91217535162093,258.6402723955316,247.69558942041968,254.1280059814453,13163440
2021-01-12,250.04774716458869,259.6963426296789,250.04774716458869,253.79197692871094,13136084
2021-01-13,254.896075269723,257.68024499672873,248.51167849088503,252.15989685058594,13300126
2021-01-14,252.20790457640203,254.512043912153,249.18369056833757,250.95980834960938,7601547
2021-01-15,251.53584035602998,252.78390723372834,241.07118720859563,243.2313232421875,17738049
2021-01-18,242.22326783638846,244.09538288736334,230.9905628811784,233.43870544433594,17989695
2021-01-19,236.6549261442469,242.55929268120462,233.63074126421714,241.50323486328125,10254337
2021-01-20,241.5512197656877,243.51933200687995,238.671038359814,242.03125,11090894
2021-01-21,242.75131149164164,244.38341146694728,236.6069152942965,238.9590606689453,8781513
2021-01-22,237.3749275414831,239.82308442577659,226.1422240922432,229.6464385986328,16005359
2021-01-25,231.08654822888474,234.15873875023013,224.27012779861218,230.70252990722656,8297942
2021-01-27,230.4145155004639,230.46252145439857,220.57389556763158,222.15798950195312,14139166
2021-01-28,216.0136076020412,222.8300428572275,215.58158331670916,219.90185546875,13756664
2021-01-29,220.90992096410432,224.9421720257069,216.013606686141,217.26168823242188,14992241
2021-02-01,218.26973316812345,234.2067266803296,217.50168193454945,231.5185546875,12417894
2021-02-02,234.44676059947776,247.11955569821927,234.15873953259182,245.1514434814453,18251184
2021-02-03,243.85535889858176,252.87992143902144,242.46327414970204,246.97555541992188,15670948
2021-02-04,249.56772147990287,256.72015413231236,248.60766104612557,251.39183044433594,21296401
2021-02-05,253.45597677566198,255.37609781184122,245.6794807193916,251.58384704589844,12833374
2021-02-08,253.45598215616116,269.3449723483557,253.0239431943605,267.80889892578125,27556901
2021-02-09,267.4248239213133,274.4812740171365,264.6406545042368,266.9447937011719,22066741
2021-02-10,269.77700846682586,272.0331565681968,263.7286388576991,268.24090576171875,16789592
2021-02-11,269.58494941605585,285.47396666335396,268.67290961252775,283.6018371582031,47356292
2021-02-12,285.1379329524163,285.37794804749404,275.057298959149,279.185546875,15454237
2021-02-15,280.8176996196823,284.2259027160906,277.4574878293613,279.7616271972656,8041775
2021-02-16,281.82571455750764,295.0745654619726,281.29769306475714,290.61029052734375,27519511
2021-02-17,290.6103046792058,296.17864346902223,288.9781902242324,291.7623596191406,18221106
2021-02-18,293.82646676562,300.1148798164318,292.8184150888993,297.522705078125,16202053
2021-02-19,295.6986083984375,300.8349374884788,290.1782610013887,295.6986083984375,17410357
2021-02-22,297.6187532975831,314.8998421987331,297.6187532975831,303.4751281738281,45975603
2021-02-23,309.0914902959738,324.64445284700673,304.0031520568392,319.7481384277344,50677230
2021-02-24,320.852256439664,324.0204446231565,314.8998691448751,319.5081481933594,14777374
2021-02-25,324.1164385873266,340.4374674865236,323.5403964134929,336.6932373046875,35967464
2021-02-26,329.3007806221586,335.68517765202705,321.3802807966985,326.6606140136719,20379210
2021-03-01,328.34070902061814,333.1410117840775,321.2362667904429,330.3568420410156,14556212
2021-03-02,330.50084642635403,335.34914051500743,325.2205133679809,331.4609069824219,12878208
2021-03-03,336.69325413334275,346.8698727519255,336.5012302995597,344.9977722167969,20104887
2021-03-04,337.9412759552233,343.41363220012244,333.14097373995025,335.4931335449219,13623173
2021-03-05,331.4608871424121,333.7170351738715,319.8441492495811,324.3564453125,15127687
2021-03-08,326.468532405294,330.16477086283345,321.3322326239556,323.1563415527344,10555735
2021-03-09,326.37254083504246,330.6447919852255,315.33184636577084,319.94012451171875,13883599
2021-03-10,322.388268903066,328.676682069187,317.25196922908435,326.7565612792969,10886045
2021-03-12,327.9086568019541,331.22087729438664,314.371826994987,317.0119934082031,15035151
2021-03-15,318.6440611498386,322.484302993883,312.0196498286061,320.4681701660156,14049436
2021-03-16,322.58031127199075,323.3003566096515,313.26771318542455,320.5641784667969,13294567
2021-03-17,319.6521839512044,320.22819686404694,312.01969057007756,313.36376953125,11028678
2021-03-18,316.19590422535174,326.90057201606044,316.19590422535174,318.54803466796875,23744146
2021-03-19,316.8199636867237,326.13256221760986,307.7954008838764,321.7162780761719,16753538
2021-03-22,321.7162667032526,328.9647114724798,317.87602485492664,326.1805419921875,8470164
2021-03-23,328.2446557079635,328.77270652458094,317.10794884153523,318.4520568847656,13880498
2021-03-24,315.18783000055305,315.18783000055305,304.1471349661928,305.0592041015625,20388678
2021-03-25,306.3072779774666,307.12333522803465,293.2024585610362,301.458984375,20856373
2021-03-26,305.3952650614032,315.3798888643347,305.3952650614032,314.08380126953125,13857627
2021-03-30,317.3479569395292,319.6041047637221,311.9716420802421,313.2677001953125,9159261
2021-03-31,310.19554953713424,322.58032397277333,308.0834047440146,313.7957763671875,10387652
2021-04-01,316.5799016632581,337.9412445351535,315.3318349228139,336.2611389160156,25631843
2021-04-05,335.9251572741853,338.80533872431903,324.5004433817324,336.64520263671875,14771653
2021-04-06,338.61332198096954,343.9896368960185,334.5810564959639,336.45318603515625,11185963
2021-04-07,336.40514403770817,346.2937833176911,335.06106539443664,338.1332702636719,12542475
2021-04-08,341.685495282827,359.06259462579783,340.4854197660295,350.61407470703125,28768469
2021-04-09,352.3422243270707,355.22240599731924,340.5334911985409,346.6298522949219,16371164
2021-04-12,338.03729434488673,339.8614033619441,318.35605488466115,322.7723388671875,16096812
2021-04-13,322.772375204749,336.3092057965321,322.772375204749,334.77313232421875,12942071
2021-04-15,339.86142127414064,352.1501841091972,335.78116409782683,339.42938232421875,21825520
2021-04-16,342.5015800888474,361.46277478192303,338.6133468206418,355.2223815917969,28438547
2021-04-19,344.37370511915407,351.38213488786647,339.7174059419068,346.9658508300781,15435944
2021-04-20,353.87833250287656,356.6625023003893,340.38946389451604,344.9977722167969,15526407
2021-04-22,346.3897628466487,350.99807010968544,340.5334181457844,341.6374816894531,12756931
2021-04-23,339.90940115898206,348.1659271451345,331.5088719606016,335.5411376953125,12805877
2021-04-26,338.9013481086242,343.94166560882326,331.70089453691116,334.43707275390625,16472269
2021-04-27,336.11719048505097,355.2223887785303,336.11719048505097,351.6221618652344,41263319
2021-04-28,354.11832868993076,354.1663199964458,343.7016661873572,348.1179504394531,15197329
2021-04-29,352.7262117785225,362.23080459765384,350.0380541746924,357.2864990234375,34391622
2021-04-30,354.16631104956537,361.9428069254804,346.8698454215621,349.8460388183594,19935239
2021-05-03,349.84605439075455,358.2946047092976,343.3656457554887,355.1744079589844,15890242
2021-05-04,357.14249903914447,369.09526375066866,345.3337668387901,348.0699157714844,29767756
2021-05-05,352.3422205074963,358.77463788747644,349.7500453128839,352.438232421875,15192338
2021-05-06,355.22236358417655,373.07949366734124,353.11021889202607,370.53533935546875,31912131
2021-05-07,374.42358413009873,388.7764999079074,369.86329688748856,385.08026123046875,46343220
2021-05-10,391.5126895854229,410.42589457540464,390.4566463950849,408.74578857421875,39516234
2021-05-11,398.28109934348697,403.80144714999903,392.5207364149527,396.3129577636719,27497466
2021-05-12,399.38518434285965,400.96927837293657,377.9758460362771,382.87213134765625,18242276
2021-05-14,386.9043722730096,387.52840572338323,353.4462587861826,367.5111389160156,41384078
2021-05-17,369.14324525135004,379.55990705641824,362.18280694687076,377.2557678222656,20821967
2021-05-18,384.9842413634534,396.31294298084515,380.6639693282027,386.0403137207031,30540086
2021-05-19,384.0241949238665,390.2165967865022,378.4558558169588,387.1923828125,16113667
2021-05-20,374.42358618925937,377.49579143645434,364.2949598720894,369.8153076171875,30689219
2021-05-21,373.17549385104564,376.2476695901087,368.03916478727865,374.2315368652344,22406993
2021-05-24,377.20774939946256,377.975815347764,364.2949537737154,373.75152587890625,23694105
2021-05-25,378.26381056884856,383.5441429498858,373.99152992288526,375.5756530761719,18155697
2021-05-26,373.7035184845211,373.94353358952077,365.06297470453217,365.78302001953125,15340621
2021-05-27,366.791144193972,372.9355555346561,364.8230316636972,370.43939208984375,17374666
2021-05-28,377.3037758685173,382.9201356438616,369.43126806220477,372.2634582519531,14862168
2021-05-31,375.9116095755209,379.6078476967525,372.50340713181674,378.5037841796875,13703439
2021-06-01,380.1839800889626,380.95201681409753,371.0634048090506,378.9359130859375,11399189
2021-06-02,373.4635497821452,386.61639088984856,373.4635497821452,382.87213134765625,9587386
2021-06-03,386.90435193493823,389.30450300153217,382.1040498017504,383.2561340332031,12441261
2021-06-04,384.02419220149744,384.02419220149744,376.6317147821303,379.2718811035156,10040657
2021-06-07,380.3279712149873,385.36828897250933,378.5038620767714,379.2239074707031,6176784
2021-06-08,379.22389686530363,379.70392711450023,365.87906179738275,372.2634582519531,17334691
2021-06-09,372.50343626421824,375.33562617179695,367.03108024909676,367.8471374511719,11807015
2021-06-10,370.7273390428187,374.3755863530613,368.9032300370574,370.0072937011719,5796380
2021-06-11,372.8874969919396,379.22390223072904,367.8471793040628,377.4477844238281,9630564
2021-06-14,377.25577192799705,381.62403532989515,366.11906465988375,379.0318603515625,11601461
2021-06-15,375.38365775713726,380.51998732276564,374.4235972513645,375.2396545410156,7929361
2021-06-16,371.8313716910853,375.7196337908756,361.94276154346954,365.0629577636719,17978012
2021-06-17,360.98275841549594,365.11100696512045,350.47008391768344,354.5023498535156,14321673
2021-06-18,354.02230004083526,358.4385840841396,345.4297470728983,356.5184631347656,22723111
2021-06-21,352.2461893430022,355.1743914285537,346.0057961328145,352.9182434082031,13172227
2021-06-22,356.1824290315794,356.99848627859245,351.6221418674284,352.8702087402344,9787216
2021-06-23,353.350233793222,361.942786464588,352.6782090633683,353.39825439453125,14295574
2021-06-24,354.2623419440785,357.57456255166267,351.4781722167287,354.3103332519531,9066954
2021-06-25,356.7104800803427,365.1590303680636,356.7104800803427,360.8867492675781,12815999
2021-06-28,363.7669279960571,369.57531176644267,359.3026524030977,367.0311279296875,14518487
2021-06-29,368.08719055456874,368.1832024644993,357.8145607638664,359.3026428222656,9106037
2021-06-30,361.51073200634283,364.2469100068875,356.13441720374357,357.1904602050781,10110801
2021-07-01,357.43051282492155,365.59102708392635,357.1425063940923,364.2469482421875,8232292
2021-07-02,362.9028301778078,365.3989930705205,359.25461238757106,361.03070068359375,5070326
2021-07-05,363.86292033059107,375.38364604026674,362.4228296168816,373.9915466308594,12836172
2021-07-06,373.8475225411645,375.3836250764128,368.66320212108053,369.95928955078125,6153733
2021-07-07,367.6071454326345,379.22388289498446,365.0149997616984,377.92779541015625,10577866
2021-07-08,376.8237574442855,377.20777579594926,365.97508519149306,367.7991943359375,12333337
2021-07-09,367.70317329619115,375.76767567584113,366.83912470171464,374.4715881347656,7375406
2021-07-12,377.3037836059746,377.3037836059746,371.15940214999824,372.8395080566406,5679273
2021-07-13,374.9036039373083,379.17588463892423,374.42357371459724,376.5837097167969,5467940
2021-07-14,376.58373259167524,378.6478568149701,375.38365696200134,376.0076904296875,3341557
2021-07-15,376.1516534554454,386.80832976807767,374.4235564528427,385.416259765625,10347950
2021-07-16,386.90438364877946,389.78456516477536,383.4001686640621,389.3045349121094,9287112
2021-07-19,382.10412125291896,388.7765541852424,380.3760238813152,381.0960693359375,5708367
2021-07-20,380.61598040080355,380.61598040080355,365.97505841217935,367.7031555175781,9214553
2021-07-22,374.6155952279902,379.4158974256901,373.4635109810544,377.7837829589844,7381389
2021-07-23,378.35981605170343,380.7119464932037,375.19159909760924,376.1036682128906,5217004
2021-07-26,377.3037895502256,386.37637330851766,374.61563177673577,384.07220458984375,7083799
2021-07-27,387.8644307340196,402.93739186569616,387.43239180208013,400.6812438964844,28240273
2021-07-28,402.2653009775155,402.64931927144977,391.2725978590008,399.6731262207031,12775129
2021-07-29,403.7054310962592,455.06866668163343,400.1531956073151,439.8037109375,61414603
2021-07-30,439.803703310058,441.29178530602064,424.4907272283509,427.0348815917969,12987115
2021-08-02,430.10707877765935,434.18733566338494,425.0187701455365,427.99493408203125,7683565
2021-08-03,429.86707030834043,432.843263589538,422.6186255659011,430.8751220703125,8879300
2021-08-04,428.18695604159103,437.30753021736484,423.38665384381534,425.0187683105469,8621637
2021-08-05,427.22694120135395,427.8989953002608,415.6102027831007,425.40283203125,11790679
2021-08-06,426.93895577331045,437.64362548406285,421.75460515220703,424.49078369140625,18059875
2021-08-09,424.29872558297666,427.22689822208963,411.6739072864268,417.3382873535156,13778833
2021-08-10,419.0663928674,422.23458068161733,406.3455917093403,409.8978271484375,10417993
2021-08-11,412.1539680446275,426.746899616002,411.91395291548463,419.2104187011719,19239106
2021-08-12,422.3521695825276,429.50575969637447,419.40373978267326,422.6905212402344,8349354
2021-08-13,422.83552922292824,434.62930766387416,420.99880097429815,427.3306884765625,13343808
2021-08-16,427.86241324566805,432.1158971608393,421.675524868927,427.04071044921875,8288547
2021-08-17,425.4456218293668,429.0707548894306,414.71522207129635,422.0621643066406,8413999
2021-08-18,424.18888673469314,425.0105894530125,410.2683818352763,412.7334899902344,12169397
2021-08-20,402.14812906792366,402.14812906792366,387.74427169149413,390.2093505859375,23309477
2021-08-23,397.31460363416085,401.9064390776213,386.1975283499933,393.30279541015625,15943020
2021-08-24,401.18139536502645,409.6400392432047,398.8129632785731,406.83660888671875,15050015
2021-08-25,409.59175730962005,420.4671576801107,409.59175730962005,416.3586730957031,17974391
2021-08-26,417.13201471636603,417.90536470438354,406.7882889935187,409.9784240722656,7695674
2021-08-27,412.7818600836972,424.38228706497205,412.7818600836972,423.31890869140625,15558923
2021-08-30,426.2673281750546,437.4327262942675,425.97729982694256,433.1308898925781,11735730
2021-08-31,433.08259139926906,455.4617417286591,429.98913251728163,452.7066345214844,20847646
2021-09-01,458.21684201227885,458.21684201227885,439.8978235532071,442.8462829589844,10038500
2021-09-02,444.73131116162455,449.51649859236466,440.52618042108065,441.73455810546875,5360608
2021-09-03,442.0245955444997,449.03318672590507,435.0160043630942,445.9397277832031,8516918
2021-09-06,451.40162714458825,459.1835684514643,446.3264403353878,453.6250305175781,12183840
2021-09-07,454.35005214327407,456.67013161563835,445.55305587170716,446.90643310546875,5684070
2021-09-08,449.37152266609013,450.338224864145,440.04285235514254,441.106201171875,6689343
2021-09-09,442.99126693937944,451.1115592219472,440.8161870689733,448.1147766113281,6926659
2021-09-13,460.1502713981427,464.50043152690665,452.9483278288467,462.4220275878906,16632808
2021-09-14,467.0138807508233,467.35223245155646,457.4435340097886,462.0353698730469,15253798
2021-09-15,462.2770215693242,471.364016697537,458.55521205630725,470.59063720703125,12415050
2021-09-16,466.9171544659285,471.75066538172484,464.45207569943614,467.2071533203125,8011765
2021-09-17,467.88386275843817,469.28559274288585,454.4467081373518,457.2984619140625,12113274
2021-09-20,446.6164119609405,448.54981634172384,427.66904312898237,429.6024475097656,18031539
2021-09-21,430.1824531639759,437.3843959220034,424.1888880833752,435.982666015625,18750888
2021-09-22,437.8194315164042,448.9365070966469,437.1427576601924,447.5831298828125,13613171
2021-09-23,457.73349742622986,468.6572206223213,452.4166352597161,467.1588439941406,12757667
2021-09-24,464.9837346248776,469.47889372668675,457.83014460785347,462.80865478515625,9226843
2021-09-27,459.0868582093279,473.6357436820193,456.57342664746466,465.37042236328125,6825039
2021-09-28,464.8870686686219,470.6872817012969,459.2318550614819,462.2286376953125,6148679
2021-09-29,459.18352153278715,480.3542927305434,457.6367921915529,477.69586181640625,9508220
2021-09-30,478.7592455219309,487.217889435746,469.4305755629767,471.70233154296875,14333358
2021-10-01,467.0138207827407,469.81725115478173,457.68515081132773,468.2221984863281,8072310
2021-10-04,469.81728244745057,492.486461477218,464.9837713111599,488.861328125,10303925
2021-10-05,479.4842900088047,489.3446642248723,477.7442378536915,478.8075866699219,8162109
2021-10-06,481.41771421349006,481.9010653321783,458.2168605164544,460.0535888671875,11231113
2021-10-07,468.8505779486052,469.430605182432,457.2501512777119,461.6003112792969,9774465
2021-10-08,464.93545356578903,474.40912370575734,456.9118072826545,457.8785095214844,7086881
2021-10-11,462.56704392653245,473.68412021734775,460.3919637826773,471.2673645019531,5565678
2021-10-12,476.3908371976741,482.8677538040178,471.2190039762768,482.0460510253906,8685800
2021-10-13,483.3027621399181,494.95151149864887,478.5175745934203,491.1330261230469,8901206
2021-10-14,494.3714954227181,505.9235689240816,491.4230655356888,498.91497802734375,8876529
2021-10-18,517.620714447014,533.4745954210834,508.9687177950431,524.7259521484375,23481789
2021-10-19,529.4628022993197,529.4628022993197,508.53367624374965,515.977294921875,11017925
2021-10-20,513.3188980045984,513.3188980045984,493.5015017539501,495.86993408203125,9440844
2021-10-21,499.0117118722615,503.45851860885,475.2308306876636,477.3092346191406,14173662
2021-10-22,472.7173788213138,475.6174854398495,449.0331747699392,454.7850646972656,19392383
2021-10-25,457.78178961483326,462.08362596676074,444.0546368371677,457.4917907714844,9196105
2021-10-26,459.23187620315485,471.7506817089041,456.8151206616133,469.8656005859375,8120433
2021-10-27,466.9171764324293,471.4606887075949,459.81190915165365,463.8720703125,8972879
2021-10-28,440.6712260201679,461.2619721192492,438.351146523307,453.19000244140625,12659503
2021-10-29,453.81841657875015,458.41025260536935,441.444609164065,444.4897155761719,8306338
2021-11-01,448.35645562521626,465.080420903608,447.92145734861106,462.2286376953125,7466267
2021-11-02,464.0170345943856,464.9837367497906,451.5949059971501,452.80328369140625,5953912
2021-11-03,455.31668276022856,464.4520292785919,454.20498126098914,462.37359619140625,6928590
2021-11-04,465.95042798545825,465.95042798545825,454.35000239245926,456.8634338378906,1615558
2021-11-08,464.01708256882404,465.41881263964865,443.90968745807294,454.1567077636719,13018619
2021-11-09,455.0267416713281,460.3436038219319,446.90641951291417,449.1298522949219,8628327
2021-11-10,448.2115088993349,448.5498605996387,433.5659751701249,434.77435302734375,14672997
2021-11-11,434.0976083057162,441.10619921044963,431.72920563185903,438.83447265625,7789754
2021-11-12,445.16636232673756,454.83338430994576,443.66798571990427,452.94830322265625,17010073
2021-11-15,457.83018483343346,457.83018483343346,439.994516780089,440.71954345703125,8882843
2021-11-16,441.7829115399111,444.58634205859124,428.29740386192515,430.76251220703125,8937525
2021-11-17,427.2823712610742,434.2426388830855,424.8656157675161,430.56915283203125,7474301
2021-11-18,433.1792720921693,438.8828093084507,421.77216815819577,425.63897705078125,9688141
2021-11-22,427.862426499534,432.7926139295411,418.48540276988496,427.4273986816406,10007050
2021-11-23,424.62394949239274,438.3027799844097,422.4971928110471,435.2093505859375,9020906
2021-11-24,438.78613374629043,441.68624041943366,429.40913987064033,437.04608154296875,7761523
2021-11-25,436.46602094049985,443.5229348384208,428.8774031589714,432.1641845703125,8633424
2021-11-26,427.08897694496426,427.9590324380567,400.8913735768644,403.1147766113281,14826141
2021-11-29,400.21472971623336,419.06542350721537,393.5444901212451,406.1599426269531,19069247
2021-11-30,404.99988234022817,415.6819294236921,396.34788619468316,399.0063171386719,14850682
2021-12-01,405.5315838982389,411.91182449155656,402.2448022293816,410.75177001953125,8183556
2021-12-02,413.7485208933112,419.45205768758683,406.981605831972,417.7120056152344,7775405
2021-12-03,413.55520748151457,419.3554209356812,409.8817507611069,410.5101013183594,5938378
2021-12-06,410.8001413961546,418.0987317333629,404.2749010743044,407.32000732421875,8160853
2021-12-07,413.16853714570993,429.60247545123605,411.0418098893711,427.7657470703125,18303734
2021-12-08,431.1491742141715,443.18462820972735,425.44563722686684,442.2179260253906,13700443
2021-12-09,442.2179258703228,443.42630360031995,437.14273940433475,440.47784423828125,5586232
2021-12-10,440.23616584494744,445.60138063227964,438.35111429918953,439.9461669921875,5308752
2021-12-13,444.68300077997134,453.8666714482534,442.217922032733,442.99127197265625,9401208
2021-12-14,439.75282337723866,448.93649424586135,439.55950063874513,446.326416015625,8027659
2021-12-15,446.2297644901631,448.4048445526138,440.8645493019379,443.0879821777344,3651118
2021-12-16,448.54980793909544,448.54980793909544,433.6142475767667,435.49932861328125,8879417
2021-12-17,434.53266018169535,441.7829270367848,429.94082450680537,435.1610107421875,14337902
2021-12-20,429.98910849626105,430.4241362683478,412.49182302056124,418.6787109375,5952052
2021-12-21,423.41557972846374,434.726007699857,422.78722917481105,430.6175231933594,5029410
2021-12-22,435.83770055563235,449.1781793533688,432.4542427951938,447.9214782714844,7765878
2021-12-23,449.5648611528956,452.85167234254544,444.0063233193672,445.9397277832031,6986665
2021-12-24,448.5498468302184,448.93652183237594,437.7711225749901,443.6196594238281,3122116
2021-12-27,441.6862635481029,443.32966921617106,436.07940215365653,437.7227783203125,6146709
2021-12-28,441.39624613993595,443.861325037162,437.7227599482644,442.8946228027344,2889804
2021-12-29,441.7829122926484,442.4112628321699,435.4993478946129,439.1244812011719,3050356
2021-12-30,438.88280333600943,440.81620775599185,433.46926505977666,434.6776428222656,3843627
2021-12-31,440.3328430498661,461.45529158601965,440.3328430498661,459.7152099609375,18257598
2022-01-03,459.71520259620087,463.9687157217644,456.38009782902213,462.1319580078125,5549693
2022-01-04,463.05034817024335,465.4671036408605,456.2834328525154,460.2469177246094,5063834
2022-01-05,457.44350772375367,463.43704385791085,456.28345324544665,459.52191162109375,4489031
2022-01-06,458.7001976349164,469.52727416363865,457.7334954270451,463.14703369140625,12132277
2022-01-07,465.0804340282008,478.75926424932817,464.0653790179923,477.0675354003906,9300149
2022-01-10,480.45100331260295,480.7410021780222,473.7324110834219,476.4875183105469,4746931
2022-01-11,475.5207944063309,480.64433363924604,469.5272586168308,470.1556091308594,5346073
2022-01-12,477.550899176102,484.1728153179961,474.6507925009435,481.369384765625,9296587
2022-01-13,485.4778392015603,492.0514021248653,482.5293798966269,490.6013488769531,9366574
2022-01-14,489.1513333743569,492.53479121390285,486.2512266547461,489.48968505859375,5461072
2022-01-17,492.051396075872,492.051396075872,479.4842680817928,489.10296630859375,6721706
2022-01-18,491.8580596066313,495.2898405605792,477.357526841089,479.4842834472656,6194537
2022-01-19,478.7109542025033,489.3930020011745,473.97408969311647,487.99127197265625,5799747
2022-01-20,487.07290620570626,491.08471440935904,481.5143685918208,486.63787841796875,4243563
2022-01-21,484.3177887422362,498.62496910411784,482.6260599392443,489.8280029296875,14173177
2022-01-24,482.3361170973105,483.83449383910437,459.66693670428396,462.4703674316406,11020372
2022-01-25,459.7152178342379,470.30061868853136,458.84519175750097,469.5755920410156,5498495
2022-01-27,466.53047824052504,476.4391755913072,462.5186700914658,472.86236572265625,6746500
2022-01-28,476.6325086632036,489.73134119476464,472.18570213729913,474.0224304199219,6616401
2022-01-31,482.2877394743436,483.1094422749434,471.89569044091564,472.7657165527344,4846015
2022-02-01,476.39081118745025,495.5798844063323,471.4606537876866,493.98480224609375,9809417
2022-02-02,497.8516649789319,501.1384762711844,490.7463974522512,496.8366394042969,7283452
2022-02-03,495.9182477190247,499.3017055494664,492.0514387699485,495.5799255371094,5078613
2022-02-04,495.9182108605033,510.9020944245146,494.99983200279064,507.6636657714844,12631663
2022-02-07,510.2737647499379,515.4939805592624,502.1535011611064,505.1985778808594,10939353
2022-02-08,508.4853475649834,515.3489094538015,496.933244693314,509.2586975097656,9863290
2022-02-09,518.1522817616077,526.2726023157117,514.3821202894576,524.2424926757812,9235351
2022-02-10,529.462798780117,535.0696596552542,522.9858823369333,529.0277709960938,10906403
2022-02-11,529.5111681568565,535.4080284001026,521.5358744329056,524.6293334960938,9110193
2022-02-14,513.3188706651866,516.1706539694461,502.39514755329,503.8935241699219,4995178
2022-02-15,508.9204133326803,518.4907302439658,496.59495959626764,516.073974609375,8233217
2022-02-16,518.9740660750045,520.0857972352792,508.6787227767797,511.67547607421875,4348474
2022-02-17,516.0256997080027,522.7442928030317,510.7088368131036,514.8173217773438,5340469
2022-02-18,513.3188607630824,519.8924238272812,510.4187542050989,511.9654541015625,3344269
2022-02-21,510.90209326148033,511.38544434309006,494.17815763834733,494.9515075683594,6308263
2022-02-22,485.1878290496395,501.9601181465367,484.8494773788206,499.0116882324219,10664925
2022-02-23,502.4917850840428,505.8269194303009,498.4800064090295,501.4284362792969,8928934
2022-02-24,488.28123166278743,509.83870597520115,488.28123166278743,500.4133605957031,24819208
2022-02-25,507.5186415008406,528.68944271886,505.6818837685674,516.122314453125,13815949
2022-02-28,519.1190799887663,560.7355977850672,514.092216761868,554.6453857421875,35212827
2022-03-02,556.0954542944199,593.796841026245,556.0954542944199,580.1179809570312,41248362
2022-03-03,593.4586066915444,593.4586066915444,577.024666452846,586.1116333007812,18676314
2022-03-04,587.5616335098953,597.4220085585133,561.2673197145219,564.3607788085938,20490598
2022-03-07,567.2125926138942,602.2555521064442,567.2125926138942,599.11376953125,20963374
2022-03-08,597.422081762795,597.422081762795,567.7926296729411,570.3060913085938,19477245
2022-03-09,571.6110205493665,579.0063162585233,565.6174548834722,568.46923828125,15686460
2022-03-10,554.4037275747447,576.6378788113954,550.8269175317627,574.0277709960938,14824703
2022-03-11,575.1878196160847,582.9214373588219,566.2458241010446,569.4842529296875,7635725
2022-03-14,566.3908193278808,573.7860554525765,558.9955242003676,571.1276245117188,7904911
2022-03-15,560.6872923877847,562.5240502225975,537.438115598821,541.111572265625,13005715
2022-03-16,549.7635622284231,556.2404788784099,544.5433466591033,553.63037109375,10485661
2022-03-17,555.902143053714,564.9408449155216,554.7420884989099,557.5938720703125,11581454
2022-03-21,564.5542002418646,580.9398176830124,563.1524699646702,570.3060913085938,14159371
2022-03-22,579.8280504039712,582.7764807336554,567.6476245489886,573.6895141601562,7490300
2022-03-23,580.9879985093559,591.4283700430703,577.6045409473213,588.18994140625,13581577
2022-03-24,589.881667152084,605.3489016417994,589.6883149203992,601.2404174804688,12139664
2022-03-25,600.3704327906001,609.9408088616638,596.1169782056572,601.9655151367188,11087146
2022-03-28,600.8054380463637,613.6625659497681,596.4552779961487,609.2157592773438,7075442
2022-03-29,609.0223517456219,614.8225646193897,603.7054899446681,610.279052734375,5245788
2022-03-30,601.2887415777741,601.2887415777741,578.9095630449342,579.8279418945312,11195965
2022-03-31,580.0212803171642,580.3112791567596,549.2318409547877,550.536865234375,23497993
2022-04-01,550.9236033595805,557.787165328351,542.7549580286448,551.5036010742188,15300787
2022-04-04,552.9536764461436,570.0159944341157,550.1018930625091,567.9375610351562,15845385
2022-04-05,571.2726573525425,571.2726573525425,562.6689844656677,567.3091430664062,7065571
2022-04-06,563.5390965672398,569.8226612828817,556.8688273448905,561.8956909179688,9648592
2022-04-07,562.0407151849361,565.4241730806075,550.0535836105712,555.6121215820312,9357569
2022-04-08,560.1073016566322,565.0857827927122,559.0438937905601,562.3790283203125,7157576
2022-04-11,563.9741114837093,567.8892437625491,555.4187612418361,557.1588134765625,8297062
2022-04-12,551.6002296100978,551.793581842912,520.665760449987,524.2908935546875,16701775
2022-04-13,528.7860480833119,533.5229119689131,525.4509140416387,528.5443725585938,7396320
2022-04-18,526.8044555373075,537.1481824456504,519.505864621638,527.1911010742188,7550655
2022-04-19,533.6195557186771,537.6797163127515,519.6990219683689,522.79248046875,8143101
2022-04-20,526.8043378268497,530.7194696548883,518.7323396353273,526.8526611328125,4725779
2022-04-21,526.8526997140358,529.1244262859867,513.7538966868472,522.2608642578125,8575442
2022-04-22,511.3854411779719,512.2071144104958,496.2082055087995,497.0299377441406,23871439
2022-04-25,485.91286096042427,491.56807480089356,475.85916385592895,479.0009460449219,10749312
2022-04-26,481.4177402088022,484.2211709482898,473.4424463198009,477.0192565917969,11623406
2022-04-27,472.7173653144501,481.0310099503235,460.58526477412147,475.907470703125,17623544
2022-04-28,485.28449171775054,485.28449171775054,464.0170438735463,472.3306884765625,25042778
2022-04-29,476.5842009171397,481.22435983544403,463.29204521204707,466.5788269042969,12462169
2022-05-02,461.93865074024393,469.8172677455719,453.86668149495057,468.2705383300781,14625673
2022-05-04,466.9171745713243,466.9171745713243,443.71632117647596,446.278076171875,10366562
2022-05-05,454.35002881517823,460.0535658298102,444.8763591638511,446.229736328125,6328868
2022-05-06,435.01597917583626,439.12446342360806,424.38225524042696,428.9740905761719,8595262
2022-05-09,419.4037417369407,433.6142459141612,415.19858140335367,429.31243896484375,10773327
2022-05-10,420.5154343192459,427.572348198063,406.3049009451356,408.9150085449219,9661841
2022-05-11,408.9150387856004,415.5852781988423,400.1663955010353,408.4800109863281,14197501
2022-05-12,402.14814270631393,407.94835630303965,381.46072011160805,392.33612060546875,23831422
2022-05-13,397.314626713389,400.6497612929346,372.1320447770101,375.0804748535156,17007818
2022-05-16,382.62073322018006,387.45424440033094,372.1803608716185,377.9322509765625,13900633
2022-05-17,385.71418414167283,422.73886720984564,384.7958052360094,414.1352233886719,37772554
2022-05-18,420.03209751489226,423.8022301193471,409.3983735271735,421.5788269042969,18052317
2022-05-19,408.04496323275526,411.7667722264506,400.021318083772,403.1147766113281,10319381
2022-05-20,417.61538137122,420.51548818629794,407.02997969562074,414.81195068359375,9703961
2022-05-23,404.08151691016593,406.6916246333553,386.0525269004608,399.39300537109375,15828786
2022-05-24,400.60141079152373,401.6647891781984,386.68090414267,387.4542541503906,12840838
2022-05-25,391.514389708813,391.56271301808965,376.72385789815513,383.6357727050781,11103850
2022-05-26,392.96444685365907,396.83125567878733,379.52729208662043,394.2695007324219,13391224
2022-05-27,409.0117226142114,412.7335321291205,392.57778457559925,395.5262145996094,20350558
2022-05-30,396.347898633164,405.5315694551519,392.0944148895778,402.8731384277344,7161082
2022-05-31,401.08474490857276,414.23190099203254,398.28131437273606,408.4800109863281,39115757
2022-06-01,406.9815998285992,407.94830196595933,392.67441999623304,396.9762268066406,12551513
2022-06-02,394.4144924474018,400.6013805462949,392.8677630473262,396.251220703125,7202046
2022-06-03,400.21476872214964,403.0181996076017,391.80444656437936,393.2061767578125,12229014
2022-06-06,389.1943267441203,397.0246207686824,382.76576276459247,395.5262145996094,8810058
2022-06-07,394.36616095948796,399.2479951038994,388.8076234973877,390.74102783203125,7636671
2022-06-08,388.61430818352113,393.4478194793361,387.7442820505568,390.0643615722656,6911005
2022-06-09,385.71415186554583,388.9042571104872,380.3006140092566,386.4391784667969,8798828
2022-06-10,377.01384924482545,378.75390136385323,370.0052584575819,372.9053649902344,14541630
2022-06-13,365.22009367391166,365.22009367391166,348.4961567589958,354.248046875,12269608
2022-06-14,351.7346306405253,357.2931687530893,345.45106581762695,346.3694152832031,11273145
2022-06-15,348.0127943345717,350.81622483309593,344.1943088183922,345.5960388183594,8393144
2022-06-16,348.39945039470643,351.63790851082666,321.23511396754026,324.9085998535156,16614475
2022-06-17,321.91185861646454,331.14385357201746,314.99994322813524,322.58856201171875,18606308
2022-06-20,319.9784091219746,323.4585427347611,298.6626386834456,310.79473876953125,20646347
2022-06-21,316.69166014102467,332.0622198769689,314.75825565848044,327.9537353515625,15208306
2022-06-22,322.87854573354724,322.87854573354724,304.9462311168742,305.9129333496094,19176515
2022-06-23,306.44460045947403,316.73997309197875,300.7410633228132,307.0246276855469,18756690
2022-06-24,310.9881479614255,314.1299304995753,306.0579602320462,311.5681457519531,11621311
2022-06-27,320.4617860648946,326.7453504975396,315.4832755300811,318.9634094238281,15014176
2022-06-28,317.5133839766343,333.7539709051236,314.4682481138061,332.1105651855469,15742835
2022-06-29,328.1470691797303,334.09228172953493,323.89355595577655,332.6905517578125,12659696
2022-06-30,333.51225249468706,338.24908728201086,325.82695835402836,327.3736877441406,21225418
2022-07-01,323.84525337820156,331.4821952441515,319.2534176959734,329.79046630859375,11278576
2022-07-04,326.7453235060458,330.61213206824755,315.7732483105168,329.1620788574219,10905377
2022-07-05,330.37044883689356,345.01598002477283,330.37044883689356,333.75390625,20928565
2022-07-06,328.4853758697807,330.90213122344716,316.88495017218173,329.59710693359375,22317536
2022-07-07,336.2673703940898,352.3629563259823,329.9354532037095,349.60784912109375,18699515
2022-07-08,355.7464290036751,355.7464290036751,339.4091668328647,345.6443786621094,25506273
2022-07-11,340.27919419203045,351.20291788683494,336.2190329153109,344.33935546875,13745531
2022-07-12,338.3457510583723,344.14596393365866,330.22545893325304,335.3489685058594,16896696
2022-07-13,334.47897903873564,340.1825164226399,332.54557453562154,337.28240966796875,13690887
2022-07-14,342.6959244216587,342.6959244216587,334.9623069452884,337.4757385253906,9511166
2022-07-15,333.1256110676647,340.182525900071,333.1256110676647,338.8774719238281,10062417
2022-07-18,344.04932674904495,355.8431060638602,342.40595061593893,354.87640380859375,13863266
2022-07-19,352.3629551780188,358.9848712099042,351.20290072666285,355.6980895996094,10868823
2022-07-20,362.5133140007144,363.6733684060803,355.1663716033514,357.05145263671875,10150339
2022-07-21,359.2748645248211,366.8634826485312,358.5015145701312,363.43170166015625,12521152
2022-07-22,366.1384811651511,369.2802635117828,364.205076644147,368.55523681640625,9498042
2022-07-25,368.3135422831486,375.6121321734973,367.63683893508266,374.1620788574219,7734139
2022-07-26,374.5003943602567,376.4337985949523,368.36183001481663,369.18353271484375,5532712
2022-07-27,369.183591456761,376.8688863130695,366.5251602110635,375.7088317871094,4744697
2022-07-28,380.8806833448915,382.08906114738164,373.05038928447317,379.3339538574219,7586494
2022-07-29,383.2974223178537,402.92146517820385,382.04072125835916,401.229736328125,15509534
2022-08-01,406.01493547547534,413.74855329405585,404.90323381433655,409.8817443847656,15535311
2022-08-02,405.0482584739708,406.49831190526186,394.02785829644125,404.4682312011719,15535733
2022-08-03,403.1147907374491,408.43165248578475,395.961200830879,400.45635986328125,6883530
2022-08-04,412.78186590126427,418.5820794736474,404.4682205472328,407.6583557128906,20678616
2022-08-05,408.8667015027529,412.29848246360956,395.4295175118383,397.1212463378906,12217436
2022-08-08,401.0847220649076,408.47998772146775,400.21469601732565,407.3682861328125,7643955
2022-08-10,408.9633871600068,429.6024867083408,402.7281751639019,425.4456787109375,23766201
2022-08-11,435.5915458001618,435.5915458001618,421.4457957125865,422.9091491699219,14865139
2022-08-12,425.00660214533224,431.88438102564106,422.42135041245075,425.5919494628906,9420634
2022-08-16,423.39691629438755,424.12859299305296,412.03154419618494,418.4215087890625,11154059
2022-08-17,420.42149135047373,431.59173903920777,416.1777600553807,428.2260437011719,12297570
2022-08-18,426.3236563940058,430.22593242507224,423.05549426358704,427.3479919433594,6755688
2022-08-19,431.20147235618765,431.20147235618765,414.71436319108665,416.9093933105469,8116871
2022-08-22,411.6900955619493,415.0070240267685,406.17813696676427,408.2756042480469,7407485
2022-08-23,404.9098862385133,421.2506663709492,403.73922134595796,417.4459533691406,8605014
2022-08-24,419.4946706140384,421.59213801270795,414.8119513159853,418.3727722167969,6538727
2022-08-25,420.42147792036445,426.0797662850682,419.2020166545228,422.177490234375,6818164
2022-08-26,425.5431861586632,434.56719890926206,425.34806046066046,429.2991027832031,11051127
2022-08-29,407.83657218968347,422.42133934850716,407.83657218968347,419.68975830078125,7716457
2022-08-30,423.3969353956079,430.81126556430934,422.76282151589055,428.2747802734375,8824878
2022-09-01,413.64123132620085,421.0555612383349,410.5193988036176,411.6413269042969,14093149
2022-09-02,413.7388272123767,414.81195908845575,403.15389739414894,404.7635803222656,10102220
2022-09-05,404.8611425275436,419.6898035120528,404.8611425275436,418.811767578125,14707728
2022-09-06,419.9336937647404,422.32381998458396,416.66553161515463,420.4214782714844,6180669
2022-09-07,413.88512552041516,422.9579048133584,412.3730055622584,422.2750244140625,7043379
2022-09-08,424.8602488995022,426.27483568982734,408.9096916947995,410.2754821777344,12076714
2022-09-09,415.5924072265625,420.12879726653614,412.90959239117973,415.5924072265625,8000436
2022-09-12,421.4458167700942,422.3238229339645,418.17765459768464,420.6165771484375,5530132
2022-09-13,421.6896802919344,428.5674295076175,421.6896802919344,425.982177734375,7628228
2022-09-14,415.592373809124,436.957327916742,413.73879875357756,431.20147705078125,12387075
2022-09-15,428.7625609785299,428.7625609785299,413.3973497489239,414.0314636230469,13039806
2022-09-16,413.6412541429924,413.93391293287726,395.8858865139024,402.4222106933594,14826674
2022-09-19,404.4708747246657,406.08055746652934,395.7395210997684,402.0807189941406,6080201
2022-09-20,405.8366714037883,417.05571400269105,405.6415457106592,411.1535339355469,8758050
2022-09-21,407.6902886769167,413.5437028137626,400.76374266058156,401.3003234863281,6859320
2022-09-22,399.0077126309077,404.86112650813374,393.6420832434505,402.031982421875,8704463
2022-09-23,400.66619964930476,402.61733764658015,384.81320342144215,386.6667785644531,9228856
2022-09-26,380.47191749367477,380.47191749367477,360.5703154560987,364.2774658203125,13092570
2022-09-27,366.13101404461844,370.66743346755777,356.180228644497,364.4725646972656,14934966
2022-09-28,359.0093676910083,363.0092062745747,350.0341215899327,351.9364929199219,10751444
2022-09-29,357.78990146489303,367.6919200500121,357.05822477478074,362.1311950683594,14020084
2022-09-30,366.81393661376535,385.6912023380498,365.98469702606246,381.0084533691406,17706821
2022-10-03,379.4963547136619,379.93537268832773,369.8382272190518,371.6430358886719,8504297
2022-10-04,386.32531452738993,391.1055965557779,380.7645594549371,384.4229431152344,9017446
2022-10-06,392.178708839818,403.8367694317921,389.642223674016,402.5685119628906,11758976
2022-10-07,399.9344981597447,401.88563603631957,395.8858632482507,401.056396484375,5241693
2022-10-10,393.64209650893883,399.15405547467566,390.2276049654908,397.54437255859375,6519737
2022-10-11,393.1542697718544,402.37340785768686,384.2765867580899,386.3740539550781,7054654
2022-10-12,388.32520195063296,391.5933638312462,382.1791295802865,390.4226989746094,6584436
2022-10-13,400.9588544298939,406.32448386873676,390.2275955522082,391.7397155761719,16565725
2022-10-14,401.20276441313,401.20276441313,386.7155583334162,387.4472351074219,6115990
2022-10-17,385.39850601200504,386.2277455829924,376.8622776059626,378.81341552734375,8966396
2022-10-18,381.93524460212353,388.6666644146572,381.7889152137644,383.8376159667969,7081590
2022-10-19,384.3741739806949,388.3740127100213,379.9841136179712,380.7645568847656,6208852
2022-10-20,373.6429077444066,387.0082142644302,370.8137637446065,385.54486083984375,8222063
2022-10-21,387.4960043753187,388.3252141770437,376.813512311663,384.1302795410156,7988528
2022-10-24,385.3497404829207,389.10568694582554,384.71562661121,385.88629150390625,793366
2022-10-25,384.7643807667456,392.9591538398749,381.93523681878446,388.6666564941406,6156624
2022-10-27,398.0321483894318,403.3002149872443,395.4468965172834,402.32464599609375,9752346
2022-10-28,402.4222050473714,402.4222050473714,389.9837005277254,395.0566711425781,6569623
2022-10-31,395.1054186174457,398.7638021231628,393.15428074772996,395.7395324707031,4257977
2022-11-01,396.08101371383685,404.86113470749336,396.08101371383685,404.2757873535156,7483252
2022-11-02,404.6172071518486,416.4215969677011,403.8855304662214,411.0071716308594,11554760
2022-11-03,404.8611273588094,405.73913348783765,398.9589469290062,400.3247375488281,7304472
2022-11-04,402.37344446555414,421.44580643597345,401.9344265083821,420.0312194824219,13317485
2022-11-07,421.4458024553571,428.1772225123963,415.88504731971454,426.8114318847656,9887999
2022-11-09,419.592185611109,422.42132943816557,405.44643670382635,406.9097900390625,13898567
2022-11-10,405.1537751270294,410.12918275222853,402.6660862004307,404.95867919921875,5574432
2022-11-11,410.080422423314,421.2506692646899,410.03162611162105,419.34832763671875,14060782
2022-11-14,424.372509874753,447.444710491704,423.44570742714495,444.4204406738281,30135088
2022-11-15,444.8594511551428,449.29827806817497,438.56701937802893,445.7374572753906,11841577
2022-11-16,444.4204555401492,444.4204555401492,433.2989746568416,436.4695739746094,7137989
2022-11-17,432.6160991860933,433.54287190336987,425.8358825043135,429.68939208984375,6533823
2022-11-18,429.7381270723825,433.05505558346704,423.83594677054106,427.8845520019531,6128677
2022-11-21,429.05523269893285,433.5916523497003,417.9337520946064,420.0312194824219,6372470
2022-11-22,422.1774543690805,425.6895084707452,418.51907088234674,420.1287536621094,6108017
2022-11-23,423.88474633790827,428.5674658040708,421.00680577157647,422.7628479003906,6031033
2022-11-24,424.9090445922649,428.8601167060211,422.0799005894776,427.6406555175781,4733568
2022-11-25,427.2992086344836,431.0063588097262,423.73838785026334,429.88446044921875,4800030
2022-11-28,424.37252383099764,425.8358773614494,418.5191097091908,420.6165771484375,5613201
2022-11-29,422.42134564350124,430.1283342170079,421.68966894781386,425.2992858886719,6518828
2022-11-30,428.0308735536314,440.9083955043874,427.4455262336877,439.6889343261719,13921394
2022-12-01,443.8838706036231,455.10291348701134,442.95706819576,452.0786437988281,13243436
2022-12-02,451.9811033097807,458.90764912615396,446.8105995469685,449.8348693847656,6621056
2022-12-05,454.7614857494733,472.0290690476527,454.7614857494733,469.4438171386719,14599958
2022-12-06,465.83416196133226,465.83416196133226,455.7858139367259,458.51739501953125,7409338
2022-12-07,458.517420128141,460.5661209384332,451.7860001274688,452.9566650390625,5510513
2022-12-08,453.68834445900075,461.3953632562947,450.0299607661091,460.1271057128906,4902003
2022-12-09,462.419702572793,464.37084055833225,450.6153118058802,451.5421142578125,5405738
2022-12-12,447.7861526765425,455.5419378179762,443.347325816981,450.6640930175781,4809486
2022-12-13,452.9566517185435,454.61513084286537,446.1276690663975,446.90814208984375,4359377
2022-12-14,450.3714065491062,459.4442157830052,449.78605921595107,457.8345031738281,6639699
2022-12-15,455.590718631372,459.1515394928269,447.7861667062093,449.7373046875,3986930
2022-12-16,446.8105560954177,451.44450836933305,441.49369368286216,445.5910949707031,6460140
2022-12-19,447.7861521886406,451.6884280247072,443.9326428917241,448.9080505371094,3690005
2022-12-20,446.8106220805317,448.0300833853366,433.3965477276773,445.8838195800781,7580480
2022-12-21,448.07885177585376,452.5664753504363,440.8596467760495,445.98138427734375,5557133
2022-12-22,448.22518299148305,451.6884409865747,436.27446290058555,444.3716735839844,4435416
2022-12-23,441.83517464387916,441.83517464387916,417.1532919420893,419.0556335449219,7766201
2022-12-26,420.4702642569344,434.5184527463845,418.61668899999387,432.1283264160156,3939359
2022-12-27,437.0061573229232,460.8588021572881,435.8354625823392,459.4930114746094,13898138
2022-12-28,456.2248557553563,462.1270663125481,452.6152681693424,454.56640625,7519133
2022-12-29,448.07882362768834,460.66368737218085,444.12778114083784,458.41986083984375,8427104
2022-12-30,462.3709002833213,470.51687692553145,460.2734032934342,461.7855529785156,8024424
2023-01-02,464.32208661042097,479.00438844100256,463.5416135318363,475.15087890625,11255811
2023-01-03,474.6142981882199,476.51666956560655,466.8097465222266,468.175537109375,5906501
2023-01-04,465.34641729584234,465.7854352586964,448.761744142741,450.22509765625,9899885
2023-01-05,451.9323537302414,456.0297555703264,447.44473023205404,454.322509765625,7087634
2023-01-06,455.5907159015614,462.41969879516085,449.83486484564247,451.34698486328125,6004013
2023-01-09,459.4929767108255,462.4196835688562,454.81025764677696,459.24908447265625,6047398
2023-01-10,466.3219525013423,468.7608748470606,461.7367665825914,465.8829345703125,7092319
2023-01-11,470.1267098520197,481.39455001770017,469.2487036789547,478.95562744140625,11383752
2023-01-12,482.906640528312,483.491987865171,470.4193696113303,473.7850646972656,7278634
2023-01-13,475.73622059423053,478.02881371645503,470.8583755563075,476.5654602050781,7445162
2023-01-16,478.95561515235147,480.6628609119527,469.492583890332,471.24859619140625,3294109
2023-01-17,469.9803290938356,477.34586256055877,465.297610167866,475.9800720214844,7819426
2023-01-18,476.5654313363307,491.68675003789286,476.5654313363307,490.66241455078125,12045667
2023-01-19,481.10184303527427,490.71120357255694,479.004375654325,486.71136474609375,7945795
2023-01-20,485.8333289939969,489.2965867999127,476.32153189019874,477.9800109863281,5664588
2023-01-23,481.93109499068356,488.1259642106528,479.1995136485257,482.126220703125,5559031
2023-01-24,484.5651335751738,485.7357985104411,471.73637742434636,472.80950927734375,3293586
2023-01-25,472.27294252220184,483.6870815642748,472.27294252220184,477.1507873535156,7341066
2023-01-27,481.44329674706825,482.7115245257467,456.5175209519432,467.29754638671875,4591590
2023-01-30,467.2975560417665,471.5412871919536,452.61525434215747,460.8100280761719,5804476
2023-01-31,463.3464453590106,464.7122358186129,454.1273076556968,456.9564514160156,5679604
2023-02-01,461.44409582225876,468.8584255150292,443.4936337784991,456.419921875,6075062
2023-02-02,455.59073205926705,459.4930081368625,449.5421922301926,454.0298156738281,3356544
2023-02-03,456.32240299655865,457.493097713689,439.20117883354897,448.4202880859375,5707642
2023-02-06,445.83504196977026,445.83504196977026,435.10378275386773,436.4208068847656,4398369
2023-02-07,429.25034105374914,431.1039161175354,415.1045911781142,419.0556335449219,16652967
2023-02-08,421.44578567976805,429.0552115679632,421.44578567976805,425.8358459472656,6121515
2023-02-09,426.32364457122094,436.7622445736423,421.20190742248207,433.6891784667969,11431814
2023-02-10,433.68916814942185,434.0794195500248,420.4702206840489,422.56768798828125,6648361
2023-02-13,423.8847114858114,429.055215045077,416.12892637491126,417.2508544921875,6437475
2023-02-14,419.00689477597723,424.6164166501609,414.9582892907498,424.1773986816406,3951666
2023-02-15,424.8602644476941,426.567510056841,420.079982696483,423.34814453125,3623450
2023-02-16,426.2260984807222,427.2992303561086,422.42138526071926,424.0798645019531,4282249
2023-02-17,424.12860347228224,427.2992025781705,416.17772243807053,419.0068664550781,4014137
2023-02-20,419.39713772678414,424.9090970242991,418.5191315171632,423.640869140625,3749802
2023-02-21,427.0553447948823,427.5918958549833,419.4946847785251,420.9580383300781,3761409
2023-02-22,419.98240853781954,423.884684110761,416.32402518818697,419.20196533203125,5276939
2023-02-23,419.8848989589956,427.78701395103235,419.5922401626995,425.787109375,5037774
2023-02-24,427.2992048453022,427.2992048453022,404.12944202549414,405.1050109863281,10814032
2023-02-27,404.8611516851143,404.8611516851143,391.6909696423455,401.73931884765625,8301373
2023-02-28,403.3977678746847,403.78798950710376,388.27644888542807,389.4471435546875,12174759
2023-03-01,392.17871531668465,404.7635487343869,391.8372602320335,402.958740234375,7935816
2023-03-02,404.86110378547244,406.61711594128377,398.03212131198256,400.7637023925781,4804013
2023-03-03,403.10510389378953,409.10484700934967,402.1295349393244,406.7146911621094,5102333
2023-03-06,408.7633817187264,411.885214203899,403.78797422073313,404.3733215332031,5071598
2023-03-08,399.9345021196747,399.9345021196747,386.42286623620834,397.7882385253906,7044653
2023-03-09,400.9588565429022,408.27562399806465,398.03214956083724,398.86138916015625,6982179
2023-03-10,393.15428074772996,399.49547882430625,385.73995088840974,395.7395324707031,5239128
2023-03-13,399.0076667591235,404.8123134288444,388.7641936516154,392.4225769042969,5962595
2023-03-14,394.4224891851192,397.9833394409896,389.69100389981145,392.8616027832031,5841181
2023-03-15,397.9833674230751,402.6660865020633,395.1054270946957,396.2273254394531,5681268
2023-03-16,390.81296831809055,391.0568605811732,373.7405099023028,375.5453186035156,16739755
2023-03-17,379.7402386833023,388.3252340973347,377.1061904368132,387.00823974609375,9861244
2023-03-20,384.13026553813467,384.42292430783954,371.69176170166173,376.3257141113281,6331283
2023-03-21,378.22810220344894,381.0572462667283,375.5452875315111,379.05731201171875,6080002
2023-03-22,380.5694722297378,387.0570001146886,378.76466362829956,383.15472412109375,6511605
2023-03-23,377.5452126963536,390.861723933956,376.5696436712984,389.0569152832031,10453779
2023-03-24,391.00802944173245,391.2031551436224,376.71595005235713,378.9109802246094,8833099
2023-03-27,380.4719232811823,386.9106848603416,379.8865759063488,380.42315673828125,7066058
2023-03-28,383.3986187630524,390.03247608475687,382.17915750744476,383.3010559082031,6424209
2023-03-29,385.25217602382395,391.1055897788742,380.37433122794874,389.30078125,6959623
2023-03-31,394.178611433371,400.27591720218317,391.3007009736921,395.4468688964844,7468634
2023-04-03,396.56881109485903,396.95903275285167,389.7885944207209,392.7153015136719,5200766
2023-04-05,392.17873267523925,394.71521799520104,384.6668395684298,393.44696044921875,5607641
2023-04-06,391.2031664933635,396.5687959589832,389.00813625742813,395.3493347167969,4174551
2023-04-10,396.8614683891336,403.73924789466747,395.5932405624698,401.39788818359375,5327008
2023-04-11,402.8124261128327,407.8366004082415,401.1051803968781,407.34881591796875,4965642
2023-04-12,409.64141083140026,412.08033329380675,405.4464761048621,407.4463806152344,4701591
2023-04-13,407.8365853063013,412.4217712538795,405.2025670195661,411.7388610839844,6368113
2023-04-17,412.031541286095,418.6653980650075,411.29986459259726,418.2264099121094,6920340
2023-04-18,419.4946549155189,422.4213618102783,417.44595413478686,421.00677490234375,4866068
2023-04-19,423.7871779450023,426.6651184737469,420.7629080171021,422.47015380859375,5982454
2023-04-20,421.3482321160736,425.0554120646368,417.59228562781965,419.34832763671875,3830118
2023-04-21,419.4946828169816,420.3239224467183,408.7634234891053,412.0315856933594,5139533
2023-04-24,408.76339374311164,418.4703167921128,408.1292798742828,417.348388671875,2308450
2023-04-25,414.61684107413356,421.15316553633926,414.61684107413356,419.299560546875,3648159
2023-04-26,415.20216494380315,416.5679555650256,411.78767350474556,414.42169189453125,5184973
2023-04-27,414.6168276395758,420.90925963843654,411.73888716245267,420.2751159667969,3271257
2023-04-28,422.90916283097596,426.323654341722,420.3726774685925,425.4456481933594,4913550
2023-05-02,428.2748093754324,438.908505977278,427.29924033357497,435.2501220703125,5178547
2023-05-03,430.2259128813162,433.0550569209199,423.6408223780308,431.494140625,4826725
2023-05-04,434.1281518390283,435.542738624607,429.7380918766112,434.6159362792969,3100187
2023-05-05,432.1770985130613,432.66488304862906,422.079952672407,423.640869140625,3034975
2023-05-08,427.5430840946671,435.9817493950732,425.543179694525,434.17694091796875,4090222
2023-05-09,433.6891378292798,435.7866347588735,428.46986808912743,429.5917663574219,2941913
2023-05-10,430.22593649351256,432.03074512934865,423.0554982642199,425.787109375,3075599
2023-05-11,423.39693278221614,423.39693278221614,409.2999492635005,410.5682067871094,11081500
2023-05-12,408.763399610702,408.763399610702,393.9347393150689,394.8615417480469,11152831
2023-05-15,398.5199350295865,402.7636661183291,394.47132964892523,400.66619873046875,5148782
2023-05-16,403.495341992548,407.49518082353563,400.9588566529946,402.3734436035156,4010692
2023-05-17,401.7392802989848,403.30019656793695,395.6419743827666,397.7394714355469,3727878
2023-05-18,400.95887784500405,403.30023760064694,395.7395774952971,396.5688171386719,4078918
2023-05-19,398.032174943339,398.42239661143145,390.61784416156206,396.8127136230469,5523299
2023-05-22,396.0809923175349,399.0076991573196,392.8616267025723,397.7394714355469,4237198
2023-05-23,399.2028378827343,403.6904313659145,396.95901136914165,400.27593994140625,3690618
2023-05-24,398.9101528667584,400.47106920050317,393.73964914398175,396.9590148925781,7866105
2023-05-25,394.6176715537067,395.8371328378652,388.0813471618153,394.373779296875,8018242
2023-05-26,395.2029933195102,405.15377889033545,393.2518553912697,403.446533203125,6401768
2023-05-29,406.8122743023746,414.61682632736023,405.3489207976898,409.64141845703125,8350721
2023-05-30,411.20231103979097,411.20231103979097,401.54418442172647,403.0075378417969,5596603
2023-05-31,400.47105205799676,400.66617775586343,394.47130899861713,395.9834289550781,22945527
2023-06-01,399.05647317596305,404.2757730924793,395.98343689098687,396.4224548339844,4269628
2023-06-02,401.98318018417626,411.59254044537397,401.98318018417626,410.47064208984375,11695310
2023-06-05,414.47049395569195,415.5923923468286,408.17806202192116,409.4463195800781,8039709
2023-06-06,409.4463096134942,411.6901063411497,403.6904288588952,405.3976745605469,4383684
2023-06-07,407.78785864021154,413.3486140759253,403.7392530794046,412.2754821777344,6911473
2023-06-08,413.59246261151105,415.2997082506896,407.49515675730197,408.0317077636719,5571023
2023-06-09,411.5437683281555,411.5437683281555,404.37333057703336,404.9098815917969,3518826
2023-06-12,407.73905457498273,410.7145279637819,403.88554531355277,406.61712646484375,2813911
2023-06-13,408.76340722174524,413.64125217665867,406.714706386281,411.1047668457031,4247391
2023-06-14,416.5679598231998,419.4946668008804,413.7875822400027,414.66558837890625,7213168
2023-06-15,414.5192249463421,415.25090163068086,410.47061991406747,412.71441650390625,4863359
2023-06-16,417.25084173386915,420.90922520790235,415.3972369560916,416.5191650390625,7931068
2023-06-19,413.88513341692396,421.44579289596027,412.7144387500788,415.73870849609375,3950931
2023-06-20,415.7387258348336,422.6652717298739,412.7144559626889,418.4703369140625,5090801
2023-06-21,418.4703232758101,419.2020000062571,407.8853939542758,410.665771484375,5689533
2023-06-22,411.59255886484993,415.00705039570414,406.0318333778038,409.7877502441406,3566261
2023-06-23,405.8367263999388,406.76352890989443,397.4956228983574,398.51995849609375,5403772
2023-06-26,399.98326500545664,405.8366786396829,398.2272528239893,404.5684509277344,4460980
2023-06-27,405.83669958108914,409.05606533723414,403.8855616023339,407.5439453125,3047635
2023-06-28,409.49506409780616,411.25107628757866,408.12927353109404,409.93408203125,4613401
2023-06-30,409.5926396586522,412.32422087685353,404.51966908541846,410.665771484375,4115005
2023-07-03,413.6412631216088,418.275215951391,411.78768794409666,415.2509460449219,3693861
2023-07-04,417.49474437613617,418.47031332687186,412.8119955494039,415.3972473144531,2721964
2023-07-05,414.6168230267182,416.9581826611743,409.1048641573518,411.20233154296875,4783528
2023-07-06,408.71463398000986,417.54352129485,406.95859196183005,415.98260498046875,5021705
2023-07-07,413.54371186478863,414.6168437677649,408.27564498072854,412.373046875,6769909
2023-07-10,412.6657010315918,425.5432241782588,412.6657010315918,417.397216796875,6502214
2023-07-11,418.7630142039512,421.29949968527177,413.641276697671,414.275390625,3055356
2023-07-12,415.1046033882161,417.6410887052709,411.93400418489836,414.4704895019531,2854995
2023-07-13,419.68975194420096,428.7625307893043,419.68975194420096,424.5675964355469,11590791
2023-07-14,430.2259311257985,437.54269866195153,428.8601404734506,436.03057861328125,10801568
2023-07-17,436.85976027894935,443.05462901448453,432.5672628889412,436.1768798828125,8441112
2023-07-18,436.07933382564244,438.03047178459383,431.39661463296,433.6404113769531,3963196
2023-07-19,433.15262888221866,433.54285052140574,427.7869994703894,428.46990966796875,5062700
2023-07-20,431.2014691012537,432.07947518800984,427.5430855964354,430.762451171875,5156038
2023-07-21,430.6649516399208,430.6649516399208,423.0554954940078,423.8847351074219,4309067
2023-07-24,423.3968940091659,426.86015162509545,420.9579718086523,422.37255859375,3399581
2023-07-25,425.49439788216495,439.4938184761497,424.37249952746976,438.51824951171875,8482756
2023-07-26,438.5182715672958,440.6157389919156,435.4940016710517,438.0304870605469,4218466
2023-07-27,439.98160453910106,448.3715036177504,437.1524604864873,440.371826171875,5615100
2023-07-28,439.493821897116,441.59128923256856,432.5672762413403,440.4693908691406,3886408
2023-07-31,441.9815161167387,451.93233165838495,441.93274957635913,451.2982177734375,4974267
2023-08-01,453.639541706337,460.0295061377014,450.81039783074056,452.76153564453125,6249656
2023-08-02,448.7617168699292,449.93241151839055,438.66457228595544,443.3960876464844,5986653
2023-08-03,439.0060674305868,447.2984042598313,434.12822223691364,442.2254333496094,4026983
2023-08-04,452.6640048037473,454.61514275548757,442.81075219305836,445.83502197265625,7576934
2023-08-07,447.98126657284945,455.93214743358857,447.93247026293005,453.49322509765625,3770469
2023-08-08,453.4932365717285,455.8345961190633,440.9571694934545,443.6399841308594,6448476
2023-08-09,443.63998020815603,458.32228100333066,439.88403379459925,457.44427490234375,6171305
2023-08-10,456.56626880135684,459.4929756526476,451.6884240492056,457.44427490234375,4285159
2023-08-11,455.5906821115722,458.5173888489056,448.7616997244608,451.15185546875,4422888
2023-08-14,450.3172230933598,450.3172230933598,439.5158942924421,442.6580810546875,4566085
2023-08-16,438.92671887923444,439.90865784764435,431.0712071319551,437.15924072265625,5066857
2023-08-17,434.9989742930316,441.13609300484075,432.5441268083079,439.5158996582031,3558210
2023-08-18,439.4177069029304,439.4177069029304,430.2365711676561,431.56219482421875,3990678
2023-08-21,434.9989825436599,442.70720978517414,431.95496561158666,441.28338623046875,3775298
2023-08-22,441.6270781481065,446.1930886381808,440.25236950123696,442.21624755859375,3254685
2023-08-23,446.4876839700672,456.89621359937723,444.7201757558518,452.91937255859375,9182054
2023-08-24,455.6197000359392,457.48537815918564,445.6530250909331,448.2551574707031,5950400
2023-08-25,444.81837565104166,446.09488438930777,440.7924196794629,441.87255859375,3304204
2023-08-28,442.41258997860007,444.6710675844963,437.4538101775134,438.2393493652344,4259997
2023-08-29,439.9086960612415,450.21905612517685,439.2704416696116,447.81329345703125,6062408
2023-08-30,451.8883116773947,456.74889144520813,447.51867141264285,448.5006103515625,5510658
2023-08-31,453.9012947821479,456.60162698474585,448.50063037695196,451.5446472167969,9294166
2023-09-01,454.58864704378607,469.85778566774593,453.7539929463944,464.7026062011719,11151562
2023-09-04,468.9740899250556,483.4085757848235,466.42104243633435,477.8606262207031,10359653
2023-09-05,477.2223567467798,480.90462801797406,469.5632444892558,477.320556640625,4941534
2023-09-06,476.14221792794444,476.14221792794444,465.68457350926116,469.5141296386719,5138246
2023-09-07,466.9611111919794,470.839782492083,464.9972330585401,466.5192565917969,4055611
2023-09-08,464.45716050451716,470.1523948835512,459.25289563975844,467.5502624511719,5637990
2023-09-11,469.3668513708677,478.9898417764298,467.8448578770413,476.0931396484375,5960678
2023-09-12,481.1500901442308,482.0338292144812,466.8137753425719,469.121337890625,6817270
2023-09-13,469.8578056788209,476.04400931561855,465.2917953786703,474.4729309082031,4162140
2023-09-14,477.2223270734511,499.7087229114102,477.2223270734511,488.3673400878906,16108768
2023-09-15,498.628631811128,498.82503160540716,486.0107391383249,487.5818176269531,8515363
2023-09-18,485.07784016927087,485.07784016927087,474.42379659332596,475.7494201660156,6238600
2023-09-20,473.29456297078775,477.6150882577394,466.66647521134206,469.661376953125,5861905
2023-09-21,470.34877001206706,477.66422737772893,467.7957226784294,470.8888244628906,5146457
2023-09-22,470.3487924286581,473.0982097089041,462.9842497497125,470.2015075683594,3684720
2023-09-25,470.15238299795874,470.15238299795874,458.81099949147125,460.8730773925781,5768069
2023-09-26,460.0384055144713,465.7336395300119,457.7799578795085,462.9842224121094,4666823
2023-09-27,457.82906680531886,467.1574874694487,457.82906680531886,466.3719482421875,5656858
2023-09-28,467.4029484484017,470.93793472406435,456.0615653623163,458.418212890625,5869780
2023-09-29,469.3668278598576,485.5688208717565,465.6354717588285,483.7522277832031,11604605
2023-10-03,474.3747179441017,475.79851145738735,467.99211469905856,471.2816162109375,4657602
2023-10-04,465.43908394145546,469.2686400312381,461.51132795882717,464.84991455078125,3302259
2023-10-05,464.8499237880764,473.68737492460406,459.89114374802944,462.0513916015625,4801287
2023-10-06,466.42100909864206,467.84483258666074,460.8730599310644,464.0643615722656,3134022
2023-10-09,463.917103792506,464.9481277809615,456.20887646220245,461.31494140625,2681298
2023-10-10,464.45713643716334,476.0440043870909,458.5655025711528,471.9689636230469,7863825
2023-10-11,476.87867157831784,477.17327125953034,471.42892208948956,475.1602783203125,7006735
2023-10-12,474.37473640506136,485.0778655007658,473.8346519757771,475.6512451171875,6895255
2023-10-13,470.34881337358235,478.69529544806136,468.8759047722037,471.919921875,4652247
2023-10-16,471.08524012959305,477.7133284482481,466.7155995477714,474.6693115234375,5043158
2023-10-17,477.71330510943073,479.6280980722768,472.0180711152407,475.6021423339844,4495043
2023-10-18,478.9898526287644,485.8634259217273,474.81661170089416,476.2895202636719,7437952
2023-10-19,469.8087077697737,473.5400638341624,462.4932505254339,471.2816162109375,6035837
2023-10-20,466.42103816822333,471.18344844595805,461.5113430296105,463.229736328125,2777724
2023-10-23,462.2968850032851,465.3900169320518,446.78226025994,448.4515686035156,2994345
2023-10-25,457.58356489504587,464.4571377582762,451.1027616307203,452.8702697753906,7854105
2023-10-26,448.45155023224,450.1699434705363,440.645123248848,448.4024353027344,6625855
2023-10-27,449.7280616477164,456.01246524951364,446.24219018700705,447.9114685058594,6193726
2023-10-30,450.46451318197,453.4103301619066,445.80030296373707,448.4024353027344,7523779
2023-10-31,456.60165348820897,456.60165348820897,445.0638697710338,451.20098876953125,5236060
2023-11-01,450.21901453486186,457.5835567573514,447.76416712736534,454.3431701660156,4931538
2023-11-02,454.8832537272053,467.2065765151218,454.8832537272053,465.635498046875,3933951
2023-11-03,470.29970294471326,472.7545504807721,465.6845775903624,466.617431640625,3274345
2023-11-06,471.3307208758972,476.0440160980961,469.61232762270384,473.2455139160156,4294682
2023-11-07,473.2946208822997,482.62304183329934,471.62531251503384,475.7985534667969,5425669
2023-11-08,482.5739376464758,482.5739376464758,469.5141308554099,479.2353210449219,8220612
2023-11-09,479.9717892554094,479.9717892554094,474.423839690144,475.70037841796875,3271496
2023-11-10,473.34369303520145,479.43172695130215,470.88884548296744,472.60723876953125,3498064
2023-11-13,473.2946172626202,483.45769231952727,472.4108781199329,478.6952819824219,4918873
2023-11-15,488.0236909157429,504.2256846785392,485.27427365770745,496.27197265625,11674265
2023-11-16,494.89723327859974,498.2849346596259,488.17094544413266,495.1918029785156,4171759
2023-11-17,493.9644273342551,497.303044078852,487.8764232014054,488.7601623535156,3595049
2023-11-20,491.1168000521337,496.8120644081883,487.58181354947936,488.3182678222656,4305637
2023-11-21,493.7189297504254,501.72175677676097,492.83519062126464,497.69580078125,7154476
2023-11-22,495.781006802324,497.6957998840545,489.9384875943375,491.2149963378906,4337970
2023-11-23,489.98757573764135,493.9153318557788,482.7703178772837,492.8843078613281,6628259
2023-11-24,495.7318687284791,503.489180187132,493.4733912373184,498.6285705566406,5973059
2023-11-28,502.5073088744837,508.88991269995347,500.5925157402821,506.2877502441406,7804926
2023-11-29,509.6263330392747,513.8977436494321,504.61846819062123,508.1043395996094,6275280
2023-11-30,509.920894302316,510.3627788246546,502.1144974833946,506.33685302734375,7599701
2023-12-01,510.6573276560217,515.3215375652655,505.99311774677784,507.85882568359375,4933886
2023-12-04,514.5851213892148,517.1381987510074,507.2205788831212,509.871826171875,5985489
2023-12-05,508.9880439240193,519.2493182034798,506.14045685504664,511.2465515136719,6399021
2023-12-06,511.5901992243517,517.4327480350665,506.28770485620083,513.5540771484375,4831956
2023-12-07,511.59022434515686,512.9649629326403,505.7967602115059,506.7296142578125,4628885
2023-12-08,510.11728016961996,515.5670293090305,504.7166159907308,510.951904296875,3733998
2023-12-11,510.9028579274788,514.3396444827337,507.76064109039976,512.9649658203125,2597347
2023-12-12,515.5179436643612,528.7741193585875,512.7194416575876,517.9237060546875,9498031
2023-12-13,519.396609383828,525.5828126607206,513.8486304522172,523.2261352539062,4000017
2023-12-14,530.247089563561,536.0896389258684,527.5467571630057,533.2910766601562,7190654
2023-12-15,545.9581230372364,548.9530252148187,538.2990102761527,547.185546875,8191005
2023-12-18,546.9400372719614,557.1522271115604,541.5393726310353,556.1702880859375,5076184
2023-12-19,557.6923014420064,557.6923014420064,545.6635479499222,554.6482543945312,4484733
2023-12-20,559.2142380698373,560.5889765878164,536.3841572355551,538.2989501953125,6959868
2023-12-21,534.1748595505618,551.5061082866755,531.8673266855519,546.20361328125,4591119
2023-12-22,549.2967409997207,561.6691493371729,548.9039413976917,560.1471557617188,7865384
2023-12-26,564.565854075968,570.359258360356,560.1962134307454,569.3773193359375,4649730
2023-12-27,571.488495134623,596.6752543314597,569.8191868564327,594.6622314453125,12430827
2023-12-28,597.0189352062572,605.3654170306868,594.2695178859468,603.2051391601562,7139743
2023-12-29,603.2051237520193,606.8383100869968,597.1170898843274,603.7451782226562,3995822
2024-01-01,603.4015364180084,609.2931706222525,595.9879086975616,599.3756103515625,2961919
2024-01-02,599.3755502405922,608.8021400488756,596.4297334339041,605.8563232421875,4975013
2024-01-03,597.2644134259439,600.3575453354259,581.3079042304296,582.3389282226562,7226455
2024-01-04,583.2718087243993,585.0883720343417,577.0365195907873,579.8350219726562,6592370
2024-01-05,579.9331497884589,586.8067227927444,571.0466138194784,576.398193359375,2990123
2024-01-08,576.3982079660465,581.7988726062734,566.0387632336259,567.2171020507812,4425767
2024-01-09,571.4394246470498,574.3361567424655,563.2401978707779,565.5477905273438,5314029
2024-01-10,565.5968893272285,571.4885235910538,560.3435394151055,569.57373046875,2408792
2024-01-11,572.42135818437,576.3981991905212,565.1059005692418,566.5297241210938,3899383
2024-01-12,570.506573666305,574.9252992798995,565.3513937837781,571.53759765625,2440863
2024-01-15,575.2689707264378,575.4162855576371,561.9146235671635,564.2713012695312,3778987
2024-01-16,565.5478070697735,574.2870286432812,559.165203253399,569.082763671875,5187155
2024-01-17,560.6381073802883,562.3565007018384,548.0201547452245,550.13134765625,6148035
2024-01-18,550.1313405504185,551.2114495083205,537.9061876627377,544.8779907226562,3784905
2024-01-19,546.4490075952673,550.86773272407,544.4851297602439,547.0381469726562,4451789
2024-01-23,547.9219904449659,551.6533468521164,527.890409831921,531.621826171875,7867972
2024-01-24,540.0664113014446,556.5629733328205,537.1205945125278,554.9428100585938,8619429
2024-01-25,556.268441263079,559.7052277492587,548.3147593681833,556.955810546875,5366990
2024-01-29,557.7413584045697,561.6200294856687,551.8497243369158,557.6431884765625,5126212
2024-01-30,559.6561803651068,573.7469819314748,557.0049329111855,558.9688110351562,7968815
2024-01-31,558.919647387478,570.1137151585991,557.9867934233523,568.8862915039062,5644545
2024-02-01,567.5607667618299,571.2921231380633,559.9998241453972,560.9326782226562,3509803
2024-02-02,566.5788220664631,578.3620904629927,562.74923586447,572.96142578125,7145858
2024-02-05,572.9614090795133,580.227781685347,565.6459515100184,569.4264526367188,4801118
2024-02-06,568.1498572227733,577.1346226631279,558.9687519370235,574.3361206054688,4099573
2024-02-07,579.7368424817222,591.2746263866613,574.09069291122,581.5534057617188,9415146
2024-02-08,581.3078600960099,597.9517373336291,577.2327894685017,590.4398803710938,11844758
2024-02-09,590.1453031056707,591.1272420459463,565.8913992943026,580.6204833984375,5105348
2024-02-12,581.2096940395699,590.9308537779109,569.2791117097902,571.9303588867188,4595403
2024-02-13,529.2651480347811,530.2470870849384,487.3854535388528,500.8871154785156,46100123
2024-02-14,505.6985427525558,507.56425066980955,494.0625605813776,498.6285705566406,16634538
2024-02-15,503.4401218236736,509.13535586218757,498.4322270842083,503.93109130859375,13303658
2024-02-16,510.55916580402607,510.55916580402607,501.7217153100224,506.38592529296875,12066565
2024-02-19,509.3808821397165,509.528196970324,502.556393756296,503.04736328125,5580597
2024-02-20,503.34192493689864,506.582371695866,497.99037518057156,502.3600158691406,5186970
2024-02-21,525.3373626515161,528.283179638347,500.7888877612583,502.5563659667969,18106978
2024-02-22,506.9751388123711,512.7195184330534,504.9621756698642,511.7375793457031,8727844
2024-02-23,515.2233854793438,515.3215554024497,507.6624434834562,508.988037109375,6445580
2024-02-26,510.01911302233236,510.3627676806483,494.89722926608323,495.9282531738281,7605543
2024-02-27,496.37017996359447,502.9491834551125,495.58464072568233,500.4452209472656,6741206
2024-02-28,503.2437201642117,505.1585131348108,492.6878762778404,495.2900085449219,4406098
2024-02-29,497.3521018304066,498.8250103254621,489.98755935512906,494.7499694824219,16860796
2024-03-01,500.7888967745076,513.0631344405494,500.7888967745076,509.7245178222656,9882296
2024-03-04,514.5360180662663,520.2803370429326,510.65734716489413,515.4688720703125,5989974
2024-03-05,514.5360572713438,518.7583831593381,510.80470090364645,512.6703491210938,5729926
2024-03-06,512.6212144523014,518.3655932424888,504.667532967792,517.4327392578125,4637732
2024-03-07,521.2131889837708,531.0816635641891,519.6911955794035,527.0066528320312,7909060
2024-03-11,530.2471174698578,533.4384195657412,522.4897745559724,524.0609130859375,5527908
2024-03-12,523.4716170250127,527.1538879943299,515.8125053953921,519.3966064453125,3703670
2024-03-13,519.7893915376103,520.4276758679272,492.1478443356264,497.84307861328125,5712435
2024-03-14,502.75279628748217,516.8435977571837,497.84310101123725,515.7634887695312,10349338
2024-03-15,512.5721954055672,524.4045492324873,508.15346958310545,522.931640625,8467660
2024-03-18,522.391570012831,525.8774416231606,517.4818748059434,521.5569458007812,4282437
2024-03-19,522.3915564358718,530.0015838087629,519.6912241422654,524.0117797851562,7119131
2024-03-20,523.3734770117667,525.8283244649176,507.0241690006622,518.3164672851562,5005234
2024-03-21,528.6759449881771,535.8931721656171,524.6008744470562,529.9524536132812,8795679
2024-03-22,529.9524591648241,540.704702569953,527.6448666906585,537.8570556640625,5518261
2024-03-26,535.7950348068186,550.867774356648,535.1567504890787,548.5602416992188,7198061
2024-03-27,554.0099965780979,554.4518811152893,546.7436239945961,547.5783081054688,5320703
2024-03-28,550.8678019369144,556.4157814910401,545.270737417305,550.13134765625,8326754
2024-04-01,559.7051827931089,563.6329384618324,553.9117192086235,558.3304443359375,6192790
2024-04-02,560.6872061574555,561.9637149554914,551.4078700059421,560.8836059570312,4626877
2024-04-03,559.9016611637504,573.550578068963,556.9067590324746,566.18603515625,7514291
2024-04-04,579.343999105839,579.343999105839,558.6741955310803,567.3152465820312,7246259
2024-04-05,562.1600348148264,564.6148821284283,557.3485101070485,559.7542724609375,4884617
2024-04-08,561.6691507171578,569.2300935787574,560.1962421051372,566.3824462890625,3276169
2024-04-09,567.6589393188866,584.6956177506605,563.6330131977384,577.9692993164062,7829711
2024-04-10,585.4320667545444,593.9749483762635,580.375056733025,592.1583251953125,11748104
2024-04-12,598.0499596343615,598.0499596343615,584.5482978499633,587.8378295898438,15994496
2024-04-15,603.8924809012364,614.1046704050439,594.7604602497776,601.634033203125,27067692
2024-04-16,601.6340166047212,610.1768975976103,595.8405527307578,597.853515625,10722248
2024-04-18,605.2672553145951,613.71190718433,598.7864216150465,601.7322387695312,9953539
2024-04-19,598.0008841286156,605.169027239163,589.8508019636697,603.6470336914062,6443897
2024-04-22,609.4404647948701,611.2079430096783,601.6340377522673,607.3783569335938,6503652
2024-04-23,607.3293088671275,607.5747936322314,599.3756264508817,600.7503051757812,6154126
2024-04-24,600.7502828647819,626.1334425935169,597.7062958636641,624.6113891601562,11775700
2024-04-25,624.2186046184987,636.5419264962319,616.7558326135115,635.1181030273438,11897458
2024-04-26,639.1931602237825,649.650773897297,631.3867337223052,637.5729370117188,7545608
2024-04-29,643.1209734154017,643.5628579611544,629.6193118845267,638.3094482421875,4157501
2024-04-30,641.795326784846,641.8935566476421,630.6994277194403,632.7615356445312,4771959
2024-05-02,624.4149969542747,635.2163253121812,617.2959396274728,629.86474609375,17929526
2024-05-03,643.2190851845069,643.2190851845069,626.8698379323714,635.4126586914062,10633995
2024-05-06,638.2603632929519,643.1700583952053,617.9342135830622,627.2626342773438,10094421
2024-05-07,635.2164438469648,635.2164438469648,600.701259634909,608.9986572265625,10787196
2024-05-08,603.9906482363933,622.9912036356018,603.9906482363933,622.058349609375,7683352
2024-05-09,622.5492974650801,626.2315685463011,603.8924573202277,608.2130126953125,6588118
2024-05-10,608.9003002956746,618.17963507588,606.8382525368713,614.3009643554688,4364788
2024-05-13,613.8100381276225,624.6605119036707,603.2051090316548,622.058349609375,3582386
2024-05-14,632.712317738041,637.7693271380426,626.6734293529929,634.9708251953125,8339846
2024-05-15,641.2061244114384,647.0977580201193,636.983798978443,641.8934936523438,6764257
2024-05-16,648.0797228376963,653.9713566816754,631.6322450232548,641.5498046875,8781056
2024-05-17,641.2061759065855,646.9014101991343,638.6531584442433,643.6119384765625,5026205
2024-05-21,654.2659528872485,682.8404141475863,651.2219659176874,681.0728759765625,15976672
2024-05-22,685.9334242504475,686.0807390623542,665.165451940978,672.186279296875,8004434
2024-05-23,662.9561914639467,666.2947483643226,653.9223399736967,664.5763549804688,9749101
2024-05-24,666.9820883007595,677.9798174591543,658.9301762419632,661.0904541015625,15930052
2024-05-27,672.6773339839664,677.0469747415201,663.2998280462608,665.6073608398438,10475785
2024-05-28,669.6824254670963,685.3934501114857,666.0983239969739,668.9950561523438,12925385
2024-05-29,682.4475643268414,700.6134347441746,669.9769277835181,692.5615234375,22684652
2024-05-30,692.1196698800261,700.1715815467957,680.8273715480246,682.5949096679688,10361716
2024-05-31,686.277162169255,690.7449724445246,671.9899023747498,676.8995971679688,13620282
2024-06-03,702.0864200616622,702.3319048239215,680.2873611864737,683.3804931640625,7081956
2024-06-04,684.4115030653933,684.4115030653933,583.5172678574031,637.3275146484375,24250212
2024-06-05,615.6757759826726,687.9956100054329,596.036995249573,682.693115234375,25836374
2024-06-06,682.447541747146,682.447541747146,660.8448857493946,665.2636108398438,10420244
2024-06-07,665.263631783461,674.592051712528,660.3048521235163,668.0621337890625,7172942
2024-06-10,664.8217570755114,672.4808689331054,660.8940012579968,664.1835327148438,4054802
2024-06-11,667.7184951077097,668.9459188119517,659.9120683621702,660.7958374023438,5157918
2024-06-12,661.8269296989869,670.6643812825045,659.7157367364692,661.728759765625,10783822
2024-06-13,665.7546973173673,672.2846161830565,663.8399041217076,668.4059448242188,9555904
2024-06-14,677.5379742077349,677.5379742077349,665.1655656083682,671.2535400390625,8326865
2024-06-18,671.2535304625939,675.5740863835175,664.7727565140136,666.4911499023438,4013739
2024-06-19,667.7676509871595,669.6824441556905,648.4725842669899,650.4364624023438,4770356
2024-06-20,652.9894396999723,671.9899355136106,649.7981379270025,664.28173828125,6646966
2024-06-21,667.7185424180515,678.7162715738505,664.7727253191483,672.1372680664062,11973903
2024-06-24,667.3257387859658,675.2794808644647,662.9070131644003,672.8737182617188,8014595
2024-06-25,676.3595271272263,683.429499452954,668.6022454925387,673.119140625,5778636
2024-06-26,671.2044187568118,671.2044187568118,659.2247504831191,662.5142822265625,6069407
2024-06-27,665.7546603158632,675.2794808644647,659.9611960833566,672.8737182617188,7135387
2024-06-28,677.7834168916415,684.9024748742049,673.6101760053112,681.0238037109375,6101211
2024-07-01,686.3753293739741,689.1738314219077,675.9668004266866,677.3905639648438,4870114
2024-07-02,677.4397680638461,690.5977152478313,675.966859502988,682.2021484375,5482768
2024-07-03,686.2771999317381,690.3031259105855,671.0571452352742,679.1581420898438,5875690
2024-07-04,685.0988099066794,693.0034063811448,678.0779225178679,679.3544311523438,5924057
2024-07-05,681.465695039509,689.8121768951802,680.9747255185871,686.522705078125,5174673
2024-07-08,690.9414289460154,693.1507917843428,679.1581604749365,684.60791015625,2636146
2024-07-09,689.3212008334623,697.8149974379356,682.9876820871071,694.2308959960938,5507357
2024-07-10,695.21283609943,699.2387621658679,672.92280804019,680.7783203125,5327276
2024-07-11,689.3211854407264,689.3211854407264,679.5017953347331,683.72412109375,6856272
2024-07-12,684.9024830959381,689.7630933496312,673.7083540227543,679.5509033203125,3839953
2024-07-15,679.5509080001042,688.9284139470348,676.0159513909671,687.4555053710938,2848268
2024-07-16,687.6518454640103,690.4504074750017,676.5559471418574,678.3234252929688,4570179
2024-07-18,673.6101594981874,683.2822347540134,671.7444514098389,677.4888305664062,7841505
2024-07-19,671.5481233309904,673.3156015898521,646.7541629438194,651.0255737304688,6207375
2024-07-22,643.1700596724655,662.8088401204798,639.0949887563819,660.1575927734375,3291634
2024-07-23,660.1575849710778,661.0413540539139,627.1644581814782,641.6971435546875,9602846
2024-07-24,641.206159455382,644.7902607363307,633.3506475478123,639.8314208984375,2610134
2024-07-25,630.3557850080865,637.2784433226424,621.8619882541626,634.8726806640625,6171776
2024-07-26,648.0797073823103,656.426188462234,643.170012629414,655.5424194335938,4730539
2024-07-29,664.5272508230616,664.5272508230616,652.9894670075154,654.8060302734375,6032470
2024-07-30,652.989465452161,652.989465452161,642.7772754027955,648.5707397460938,6714850
2024-07-31,654.9532693643064,661.8268419063606,652.2529372942137,657.5062866210938,8551592
2024-08-01,667.7184795784614,678.4216380036465,655.2969280073022,661.3358764648438,8831127
2024-08-02,647.8833647414936,653.5785991705479,634.872672498925,636.3455810546875,6717210
2024-08-05,616.7068009349688,622.4020353697838,598.2463590039674,603.2051391601562,13451475
2024-08-06,613.7119211573378,617.6396774527448,597.0189569018582,599.2774047851562,7063441
2024-08-07,613.7119336400978,618.0815745941765,605.6109361160484,612.4354248046875,4839670
2024-08-08,613.7119002404928,619.6035344828015,601.9286317558752,602.9596557617188,5396272
2024-08-09,614.2672926240256,618.7113485996014,607.156791007831,615.1561279296875,3629264
2024-08-12,611.3045745092505,626.5131453846473,608.8356545798916,621.52587890625,3586449
2024-08-13,626.5131892183986,626.5131892183986,611.5021429423817,613.6748046875,6793767
2024-08-14,619.0570134800162,626.068782862546,603.9966005849757,613.7241821289062,8646288
2024-08-16,626.0687707235362,634.0186813865832,622.3653905752501,626.2662963867188,6566337
2024-08-19,628.5870580822,652.0911654021913,628.5870580822,650.6591796875,9510274
2024-08-20,654.7575983732667,665.9171049629672,652.8318286757186,664.5345458984375,10295836
2024-08-21,660.5842616829572,687.9398471601078,659.4979007132354,677.0765991210938,7815238
2024-08-22,682.9033248246469,683.3971088628425,668.7811133875243,677.0272827148438,6188728
2024-08-23,681.4712984491346,686.0635138412491,669.373590234253,676.5828247070312,7774920
2024-08-26,685.7672310693347,704.0372387432079,680.9281238451678,703.000244140625,11517668
2024-08-27,703.0496846822004,704.08661902895,694.0134133540237,694.7540893554688,6465241
2024-08-28,697.2229916723651,701.8645732189415,692.4333110950771,696.2847900390625,3599946
2024-08-29,688.9768371552888,693.6183585196754,682.804537174597,691.7913818359375,5728640
2024-08-30,690.3100376314582,699.6919337079944,686.4584982894909,692.6307983398438,7404373
2024-09-02,697.9143670879927,697.9143670879927,674.7065174441992,675.3978271484375,6186645
2024-09-03,679.101181216239,684.0883877218372,669.1267079286731,670.4599609375,4457291
2024-09-04,658.3622769321202,665.4233524556009,653.0293852520276,658.5103759765625,5816848
2024-09-05,661.670582166693,664.0407695566437,658.9547700757103,661.6212158203125,3749608
2024-09-06,659.9423068847036,668.5835267653489,657.1771285781705,658.8065795898438,6311131
2024-09-09,655.7451728655976,655.7451728655976,642.9067884570844,650.3629150390625,5144488
2024-09-10,656.6339776579339,658.510320664531,645.5732041652553,651.3010864257812,3304741
2024-09-11,650.4122825443197,650.4122825443197,637.3764327273885,639.6478271484375,3825823
2024-09-12,649.819767754104,669.472395783051,643.400575519451,667.7935180664062,8594764
2024-09-13,677.4716184030357,677.8666696963237,662.2630477569114,664.880126953125,5977861
2024-09-16,671.6449963865384,679.0023903013966,668.1391419181177,676.6322631835938,4258546
2024-09-17,680.4343188440818,683.3970226997163,672.6325079136982,674.5089111328125,3395470
2024-09-18,676.4840650367111,679.3974026275438,664.9788739806498,676.73095703125,3404940
2024-09-19,681.4219130480084,682.2613217288978,659.8929429229244,675.6940307617188,5134590
2024-09-20,683.4958182299533,690.1125361711995,680.1874893975152,685.7672729492188,9753966
2024-09-23,686.8535001990017,689.3224200415575,679.3973743297561,681.9650268554688,2808114
2024-09-24,688.9274073351138,710.7526961313081,684.3846186809672,708.9256591796875,15201960
2024-09-25,715.9868079280711,721.8134833031364,706.6542781694593,709.5182495117188,9525319
2024-09-26,709.5182919489577,726.9982588432857,701.8646394064341,725.5169067382812,10573166
2024-09-27,737.6639245414084,748.2802804678104,732.874183608793,737.8614501953125,12936973
2024-09-30,740.6760164044288,754.9463863757612,740.1328660476726,746.7989501953125,8566640
2024-10-01,745.6138391238122,755.9833031116268,735.9356847904587,752.0823974609375,4402151
2024-10-03,740.6759829634216,763.0444217594631,735.4418847390865,737.81201171875,5649089
2024-10-04,733.4173799532484,748.132106599058,730.8496670551984,738.6021118164062,4624509
2024-10-07,743.6387346317723,743.6387346317723,713.5179093910431,722.20849609375,5862059
2024-10-08,714.5054156652337,722.8997432853505,699.198112357962,712.8265380859375,5418558
2024-10-09,701.1732600659772,726.6031353430179,701.1732600659772,718.5050659179688,3733320
2024-10-10,722.8010589788698,729.0227254584648,717.2706418931654,721.0728149414062,3890250
2024-10-11,726.8500866750699,740.6266730633836,723.9367488647802,738.0589599609375,5224383
2024-10-14,736.7257656749454,745.6138781294687,730.2572069994272,733.7630615234375,2540789
2024-10-15,736.7256941001477,740.675965918379,711.6908705626522,717.9125366210938,3056619
2024-10-16,719.4432952491485,729.7140266631837,717.0237415694954,723.986083984375,3207796
2024-10-17,731.886644575119,738.009578430219,723.2454242931063,725.6649780273438,6213860
2024-10-18,725.6649731893658,747.045845055148,716.0361849393179,744.1325073242188,5474367
2024-10-21,750.5516848790099,755.9339425692712,727.8376207313557,730.4052734375,2981749
2024-10-22,723.8873291439334,736.5281872292363,709.3700677865921,711.2958374023438,5672302
2024-10-23,707.0986968555361,722.0603763534594,704.4322511668687,708.1849975585938,6522834
2024-10-24,706.1111734099159,706.1111734099159,658.4610138056802,682.11328125,14909729
2024-10-25,685.8660257413243,686.2610770805215,660.1398895308513,670.3118286132812,4091651
2024-10-28,672.5338653935697,688.3349547420236,672.3363397214396,684.2859497070312,2587719
2024-10-29,684.2859234401997,687.5448859379461,668.040417022142,684.9771728515625,4293867
2024-10-30,682.3601443385969,690.1125292857582,676.8791538116687,679.8418579101562,3284187
2024-10-31,678.3110384171945,680.9774840006396,670.8055459299234,677.52099609375,4478581
2024-11-01,678.953035529368,685.2734951706623,678.6567771691383,682.310791015625,472898
2024-11-04,680.4343764344009,681.3232117768658,653.3749881521512,665.9171142578125,5245661
2024-11-05,667.2009219322039,692.7295910986242,666.4108795812693,688.8780517578125,4931994
2024-11-06,697.2230291966431,705.3704654443376,679.2986453411676,699.3956909179688,5500043
2024-11-07,673.5214286050627,679.1505786999982,638.2652361961216,640.0428466796875,26671445
2024-11-08,646.610178002703,652.2393279191689,638.9565256475736,642.3636474609375,7886228
2024-11-11,639.4008860217451,649.4246646227188,630.7596663952,647.20263671875,4933389
2024-11-12,659.6954186122705,665.1270425679105,640.0922180829166,643.5487060546875,12009560
2024-11-13,639.9441001327267,641.8205035492197,614.8104810583509,618.8101196289062,7867492
2024-11-14,622.1678606473978,628.5376865140616,617.3781797989933,619.55078125,6937416
2024-11-18,633.9199049501942,654.8562977227153,631.9447690074005,642.9561157226562,13618683
2024-11-19,643.0054987223236,647.4001883641525,629.7227573840529,632.0435180664062,5015887
2024-11-21,633.0310660992719,645.77071696907,626.4143486729145,639.993408203125,7910597
2024-11-22,644.8325720379248,649.1284689564363,639.3515814009503,643.9931030273438,3586402
2024-11-25,651.8936205185902,654.7575918635329,646.313897417399,651.646728515625,5760810
2024-11-26,654.6588613344252,661.9174621350192,651.0542139686854,657.8190307617188,3604133
2024-11-27,658.9053653676884,661.4730179936713,651.943023195065,652.8811645507812,2910507
2024-11-28,652.7824324065564,654.9057276663826,639.5489974121252,642.1660766601562,4686850
2024-11-29,644.3881007119126,650.4122412210486,641.0303455018714,648.0421142578125,3412007
2024-12-02,648.0421496380641,655.1526514687052,644.9312862507934,654.362548828125,2174126
2024-12-03,657.127802462821,661.2755400383579,648.8322067590071,659.2510375976562,3306465
2024-12-04,659.2510632193331,662.905077189844,651.4493115120843,654.8070068359375,2785457
2024-12-05,655.7451322448146,665.5714456040574,650.5110340577722,662.5099487304688,5156111
2024-12-06,665.0776879615656,668.0897583348528,658.9547542482344,661.8187255859375,2723680
2024-12-09,658.6584815994684,664.1394718771589,646.116356097593,662.5593872070312,5079369
2024-12-10,666.6083689242465,667.5959368782084,656.4364310537123,660.584228515625,3950822
2024-12-11,662.6581516934366,671.3487383488963,659.7448139339964,662.1643676757812,3418716
2024-12-12,666.6083849543003,671.3486991920355,653.7700012440694,660.38671875,6585440
2024-12-13,654.7575486414538,657.2758348501866,639.9440294414209,653.8687133789062,4198819
2024-12-16,653.0787512968083,658.3128500018032,643.9437466680365,645.375732421875,2619582
2024-12-17,641.4254125015308,645.4744171688998,629.1795452577754,631.5003662109375,4800541
2024-12-18,633.9692999986994,634.0680326897633,620.4396061226844,625.1305541992188,3753662
2024-12-19,612.884659153494,625.377418106596,606.465467337161,621.52587890625,5198027
2024-12-20,621.5258981167573,632.6360381422712,612.9834710629603,614.9092407226562,5964142
2024-12-23,617.7731750808275,627.9945404559189,617.7731750808275,626.2662963867188,2921238
2024-12-24,627.1057240362754,630.167160940707,617.9707193948021,619.6495971679688,4830151
2024-12-26,622.1678707054548,625.5749925288777,618.9582745470536,620.9334106445312,4476967
2024-12-27,620.9333596263629,624.9823641829628,608.0456097045002,609.7244873046875,3391148
2024-12-30,607.7493452099058,612.5883920362659,591.7013658991085,593.6270751953125,8023050
2024-12-31,593.9233928499087,598.3674486519159,590.0224873684294,594.9603271484375,3807525
2025-01-01,594.0221860395169,596.2442141668467,580.1962332472422,585.5784912109375,9217246
2025-01-02,587.5042786481409,593.0840021698908,581.2825514833771,591.5532836914062,8525001
2025-01-03,591.5532269078764,592.2939029015006,582.6651149843858,583.8008422851562,6291674
2025-01-06,585.2327766792422,586.4672366876581,564.4938485378558,566.9627685546875,11202314
2025-01-07,565.9258543724453,581.0850599818856,564.9382863305158,577.2335205078125,5379682
2025-01-08,575.5052720785162,580.2949529350741,570.2711735511798,579.3568115234375,4077369
2025-01-09,572.7894946403002,589.4299929171459,571.4563018236694,581.9244995117188,7595188
2025-01-10,578.7148704672406,581.9244665918457,564.4938666045967,567.3084716796875,10613705
2025-01-13,564.4938396990432,566.8146606443462,555.0132110934036,556.741455078125,7689295
2025-01-14,562.815027086385,584.5908894224385,561.284248465901,583.553955078125,8506497
2025-01-15,586.6154155688919,588.788077311458,579.2580216180149,584.1958618164062,4390121
2025-01-16,588.5905347089101,599.4537828327323,583.2082769922882,595.1084594726562,4959410
2025-01-17,596.3429242119653,611.304603811601,596.194825174924,609.3294677734375,6414327
2025-01-20,609.3787880211507,614.2178950591325,604.6384739434249,610.4651489257812,2995173
2025-01-21,618.2669119327091,620.5383061950982,605.8235796943236,607.304931640625,3529837
2025-01-22,607.3543267602018,607.7493780751458,597.82427134358,605.8236083984375,4426051
2025-01-23,603.4040444056977,608.5394100303813,599.6512980833252,600.688232421875,6826419
2025-01-24,601.1326518432745,607.6999428576584,592.4420655247441,599.3550415039062,4608870
2025-01-27,592.5901197074464,594.1208379317044,578.0728591946921,579.6036376953125,2919161
2025-01-28,582.7638615928349,584.2946402373157,561.2348909191919,566.7158813476562,6250865
2025-01-29,569.3330075547336,580.5418813379332,564.4938997719933,576.8385009765625,4618198
2025-01-30,579.6037286648711,594.3678231990763,574.4683626077524,580.5418701171875,4604752
2025-01-31,582.6650909606655,588.9855499562082,577.035941585942,586.91162109375,3750965
2025-02-01,586.615428567325,587.998047964059,574.7646118285911,579.1593017578125,1740719
2025-02-03,567.8515927565871,569.431677425885,550.6678856652326,566.9133911132812,8169543
2025-02-04,573.2831861866454,588.4917564940457,572.9869278614598,576.6903076171875,5318376
2025-02-05,577.2335399172581,596.9849014199872,577.2335399172581,593.1333618164062,3974704
2025-02-06,593.5777198355211,599.2562356967175,583.8995657273639,588.04736328125,3571342
2025-02-07,588.0473664868333,603.0089852368558,586.6153808587568,599.8488159179688,4687823
2025-02-10,597.4786888993026,598.5649896776616,582.1713836465105,588.590576171875,3434505
2025-02-11,586.6647115743328,599.4537282100334,584.2945847291056,588.4423217773438,5303293
2025-02-12,591.6026278501597,597.4293034513046,579.0605015693635,591.4545288085938,3764143
2025-02-13,588.6398790995424,600.3919621057221,582.7638375964526,595.0097045898438,4415122
2025-02-14,601.4288744611977,608.3418500297171,587.6522896658039,598.6636962890625,11475440
2025-02-17,598.6637651345095,604.2929150857777,582.319525930362,603.2559204101562,4470099
2025-02-18,601.4288961156607,606.0704776483452,594.2196619613371,603.8484497070312,2956837
2025-02-19,599.4537445990024,620.5382961839902,599.0093269670089,618.5137939453125,6101855
2025-02-20,619.2051685159867,636.1913510632464,617.2300324122674,630.8584594726562,6904537
2025-02-21,631.2534722597997,648.042128116303,630.0190122703509,645.425048828125,7490723
2025-02-24,634.0186545642296,639.8453298615816,628.3401385770889,633.919921875,5931712
2025-02-25,628.0932621504495,630.5128158602336,609.4282024193934,611.7490234375,10249548
2025-02-27,617.3287507657813,626.0193976413505,611.7983939143909,624.0936279296875,7263151
2025-02-28,622.1678483699422,628.6857731470801,611.7490178850525,626.4637451171875,13041185
2025-03-03,626.5625448345236,635.5000233957716,612.9834845055541,628.6364135742188,5368388
2025-03-04,620.1927072859984,635.8456360583862,616.3411679550446,633.6730346679688,4430660
2025-03-05,630.0683788761063,654.2637946793424,630.0683788761063,649.1777954101562,7876653
2025-03-06,656.6833889949494,679.0517692328922,653.6218918643733,673.4720458984375,10993614
2025-03-07,670.1636346900718,685.9647230201778,670.1636346900718,682.755126953125,8142832
2025-03-10,681.2244025731829,700.4819788057937,677.9654401890916,680.58251953125,10707412
2025-03-11,675.4964840941768,690.310003482207,668.3859827326494,686.853515625,5262297
2025-03-12,691.2976436544758,693.2727797792029,675.2990289889124,681.2738037109375,5219333
2025-03-13,681.6194849155113,684.3352970719379,664.8801942960804,668.92919921875,4877884
2025-03-17,669.8180062318172,678.9530103713591,669.4229549152358,672.2869262695312,4033068
2025-03-18,672.2869262695312,672.2869262695312,672.2869262695312,672.2869262695312,0
2025-03-19,694.2602901535626,694.2602901535626,681.9156903997653,689.8656005859375,5462686
2025-03-20,693.7665233478166,701.0251240722965,688.9274160139182,697.1736450195312,4670064
2025-03-21,706.1111185720854,706.1111185720854,685.5697162688981,686.7053833007812,7595841
2025-03-24,696.087259251627,696.9760945347998,686.4584715481707,692.7789306640625,4296847
2025-03-25,691.742016515958,695.5934955437941,674.7558348886612,684.8290405273438,4552278
2025-03-26,686.3597631839427,693.6677905283907,681.9157071633273,682.7057495117188,3646226
2025-03-27,682.3600976585461,689.2237070724453,680.6318537193238,684.730224609375,5002247
2025-03-28,681.9157309716677,688.7793408984161,670.8549568789099,673.9658203125,4362212
2025-04-01,663.6457274011299,674.6077086092613,653.7206805867888,655.498291015625,5131883
2025-04-02,660.3867405460353,660.6829988938532,644.6350187264017,652.97998046875,8357384
2025-04-03,649.8197809075043,649.8197809075043,639.5490490136156,644.5363159179688,5646497
2025-04-04,636.9813830314843,636.9813830314843,589.133699646171,592.491455078125,9393865
2025-04-07,552.0505562966761,562.9138051683459,539.6565889574545,554.8157348632812,13117998
2025-04-08,567.85165368929,577.0853912517754,549.038493565815,561.2843017578125,8831753
2025-04-09,560.691783661538,560.691783661538,545.3351119018643,556.9884033203125,7009318
2025-04-11,577.7272583542062,600.391955160298,568.9378793729724,592.8370361328125,12562852
2025-04-15,605.3792081992672,611.6008747926969,598.8118566261987,609.9219970703125,4871858
2025-04-16,610.4651850466074,611.6502184288837,594.5159376907036,602.3177490234375,4447732
2025-04-17,601.3302127697656,608.3419218493642,596.491105189961,601.9227294921875,4518317
2025-04-21,603.8978693431596,617.1313054720209,599.5031794161323,614.267333984375,2655716
2025-04-22,617.2300377825447,623.2048124930055,611.3539957675807,612.3909301757812,4970919
2025-04-23,620.9333670169923,625.1305309292343,612.9834568384892,621.2789916992188,4674766
2025-04-24,622.1678413923186,624.6861277426806,618.3163020731524,620.538330078125,3367773
2025-04-25,624.5380264389287,626.4143694704898,605.3298168104626,614.3660278320312,3925971
2025-04-28,614.7117220230963,623.6492004894851,614.6623556776977,620.8346557617188,3965901
2025-04-29,623.2047525105901,626.3649820551441,613.9216498016463,614.8104248046875,4528870
2025-04-30,614.8104703672076,624.6861507530799,607.3543437311479,616.8843994140625,5905186
2025-05-02,616.2424291237113,642.0179296928583,614.0697674785787,622.66162109375,5494275
2025-05-05,627.3526115703148,633.6236446553138,621.7234615599823,625.525634765625,2552160
2025-05-06,631.0066036827478,634.7099837885512,619.6495713582843,622.2172241210938,2778131
2025-05-07,625.1305639186202,630.7597137532559,621.5259164932179,628.3895263671875,3587997
2025-05-08,627.8957217330385,628.3895057325575,607.4036857530016,612.4896850585938,5791783
2025-05-09,601.5276215490239,622.4640743988838,596.2441570628228,619.353271484375,3870212
2025-05-12,632.1916803394329,646.1163650515482,630.1177513702372,643.844970703125,5474816
2025-05-13,636.9813982921117,638.3145910617097,624.1430135203328,626.8588256835938,6025310
2025-05-14,627.5994551729113,644.8325285858043,626.1181031937464,642.4623413085938,4819584
2025-05-15,641.4253954434096,655.39950630611,638.265165889416,653.1280517578125,7133226
2025-05-16,651.3010747682766,654.7081963124815,646.2150756235279,649.3753051757812,2701320
2025-05-19,646.8570156732465,653.5230994225509,643.8943117846668,650.1653442382812,3320756
2025-05-20,659.6954130664136,662.6581170173107,647.4001796149175,654.5106811523438,7950974
2025-05-21,658.8066343647031,662.6581739422783,646.4620335088484,654.7576293945312,8623519
2025-05-22,654.757532046629,655.4488416470487,634.5123896530303,641.4747314453125,6784976
2025-05-23,644.8819156984381,647.4002020888474,634.6111842015756,642.0179443359375,3448707
2025-05-26,646.8570420008052,661.3743037009822,645.1781643403388,653.2268676757812,6826417
2025-05-27,653.177539794163,657.4240704020874,648.3384321836907,651.2517700195312,4223074
2025-05-28,651.2517076953656,653.7699939551767,639.8453097352575,641.8698120117188,3546275
2025-05-29,641.8698231092095,645.4250437402495,637.0800822220857,641.919189453125,4545776
2025-05-30,639.7465389718514,642.8080359406728,624.2911359225212,625.6243286132812,9054009
2025-06-02,621.1309153233964,627.8463657726513,610.317033499801,623.254150390625,8397065
2025-06-03,628.0932775569868,632.9323850952537,621.7728179490099,624.1430053710938,3783426
2025-06-04,626.2168244153279,632.9323348190031,622.8097631467272,627.945068359375,3066925
2025-06-05,630.0683737418473,633.4261289977266,625.624317814201,629.3276977539062,3565664
2025-06-06,629.3276712115161,643.1536224032952,627.2043760250903,642.0673217773438,5492102
2025-06-09,645.2769414261961,646.4619747796041,641.1785102038348,642.709228515625,2822003
2025-06-10,645.6719220625416,655.2513433575558,644.0424710896417,650.1653442382812,5693888
2025-06-11,652.2886637725892,654.6588510823098,645.9682044642459,647.0545654296875,3928464
2025-06-12,647.8445892363438,653.5231050718758,640.1415711147214,642.9561157226562,6539340
2025-06-13,627.1056558706968,639.9440393767111,627.1056558706968,633.8211059570312,4543933
2025-06-16,633.8211513222029,642.9561556245426,628.0932687879015,641.524169921875,3422978
2025-06-17,641.0798059324577,642.3142659606136,629.6733470512025,633.722412109375,4199339
2025-06-18,630.0684252030612,640.8329412175491,630.0684252030612,637.3270263671875,3412544
2025-06-19,635.0062202853896,636.6850979308422,627.1550426760434,633.376708984375,4392425
2025-06-20,633.3766945487508,646.3632374873469,630.660882626535,641.0797729492188,7166880
2025-06-23,635.9937831626029,657.7202788607042,632.1916705259816,653.177490234375,6080547
2025-06-24,660.4854869805093,665.6208527962289,656.4364821645518,661.0780639648438,5510353
2025-06-25,668.534127734697,668.534127734697,660.139800261065,664.28759765625,5533268
2025-06-26,665.7195926476951,684.3846527421189,664.337033555452,682.0144653320312,8196123
2025-06-27,686.3597812309471,691.3469877299412,682.7551338088988,688.6805419921875,5666934
2025-06-30,691.2976470213063,691.2976470213063,682.8539521022489,684.2365112304688,4919088
2025-07-01,683.792174846905,690.902616928091,675.8422034406135,685.6685180664062,5468762
2025-07-02,687.051071778047,696.976118153439,685.0265694270654,689.6680908203125,4566893
2025-07-03,692.2852150884796,699.2969242548614,683.199576815211,684.2365112304688,4216075
2025-07-04,683.3970618481719,692.0382819221192,680.8294091367461,690.7544555664062,2680991
2025-07-07,690.7545112221592,690.7545112221592,679.5455772572876,683.495849609375,2481724
2025-07-08,683.4957911441475,687.6435888143172,674.607679112227,677.0765991210938,3923236
2025-07-09,683.3970626871208,683.3970626871208,655.8438911069629,665.5714721679688,6703774
2025-07-10,666.6084095334736,671.0524655970302,664.188855843597,666.6577758789062,3641238
2025-07-11,664.6332670023093,667.645337360642,653.3256012959563,662.6087646484375,4450346
2025-07-14,662.6581061464096,672.0893681801056,656.7326983418218,658.2140502929688,4338084
2025-07-15,661.6705400663039,665.8677039398589,654.6588315880878,662.5099487304688,4815703
2025-07-16,659.6954585999016,662.2631114240237,655.7451863927165,658.4609985351562,4497141
2025-07-17,661.6705789911477,669.5711232179077,660.0904942563434,666.1640014648438,4022119
2025-07-18,668.0897701234953,670.8549485432338,662.6581459761499,667.4972534179688,3400654
2025-07-21,670.5586937457606,678.6073973173214,670.5586937457606,674.2127075195312,4912558
2025-07-22,674.7064965177776,683.8908672281672,674.7064965177776,681.4713134765625,3802270
2025-07-23,683.3970664156216,687.3473384758274,681.0268790689507,686.7548217773438,3640968
2025-07-24,688.3348898059177,695.6429170507022,683.0019985433596,686.9522705078125,4593102
2025-07-25,688.3348948662962,690.112505208095,679.3974165362898,684.8290405273438,5220901
2025-07-28,684.8290331774136,685.3228171713008,674.31140999707,680.7799682617188,5031797
2025-07-29,677.5703938141746,686.359773294974,676.4840931036795,684.08837890625,2985507
2025-07-30,680.5825013670197,688.878036279999,676.2865444639648,680.23681640625,2829322
2025-07-31,668.682247108587,683.6932922793982,666.559012142932,674.5582885742188,6136890
2025-08-01,671.5462139460769,674.8051761643658,662.5099429861094,664.090087890625,3475656
2025-08-04,667.59601525728,680.2368744968181,663.4482173083953,679.1505737304688,2286286
2025-08-05,683.39709095651,683.39709095651,673.6695697694836,678.5579833984375,3302614
2025-08-06,683.3970729860537,683.3970729860537,674.8545854631805,676.3359375,2498667
2025-08-07,673.4226109134614,681.3231545333813,665.9664246510707,678.2616577148438,3417324
2025-08-08,680.4502834970735,682.8378526388115,665.5778565313439,669.2586669921875,3471816
2025-08-11,670.2534468287026,679.9031189860951,663.7871798092049,669.3580932617188,3235082
2025-08-12,654.5852349727745,674.2327401258327,654.0878297790263,663.5882568359375,12238878
2025-08-13,669.507340425087,701.2915420584875,667.4679914277997,696.8646240234375,13151356
2025-08-14,697.3620663409351,698.7050360472392,684.429531587109,691.6419067382812,4179259
2025-08-18,696.3672566802791,715.2686536473152,693.4822823295268,710.44384765625,7211389
2025-08-19,710.2945739513842,711.4386301155581,701.888414538951,703.032470703125,5641195
2025-08-20,697.362075434004,702.2366705767544,694.4273726733037,697.2128295898438,5358070
2025-08-21,697.411768940391,705.3205231989257,696.8646354031698,703.6293334960938,3231092
2025-08-22,704.3257384348045,705.9174107314756,697.9091994367385,700.5454711914062,5623045
2025-08-25,704.3257119461114,717.1587894596097,703.8780351550073,712.1349487304688,4539337
2025-08-26,710.2945722475216,710.2945722475216,697.6107406002444,702.0376586914062,5229246
2025-08-28,697.1630871194591,703.3309234860733,694.4770870077265,697.760009765625,5620555
2025-08-29,697.3620502748641,705.0718304312553,693.3828089038235,700.2967529296875,5335149
2025-09-01,700.8438670437796,717.2582372442372,698.7547896692644,715.865478515625,3771744
2025-09-02,716.2634751222164,722.33179416575,710.4935870496355,717.2085571289062,4660894
2025-09-03,721.2375024573848,740.1388990735095,719.3473385084104,739.0943603515625,8986550
2025-09-04,740.1886515121763,741.1337335173899,733.3742246927013,735.214599609375,3763325
2025-09-05,734.1700534012493,742.7751873931117,734.1700534012493,739.93994140625,2778157
2025-09-08,741.1337023120241,745.9585081672305,733.5731680254645,734.9161376953125,2703395
2025-09-09,736.856021834706,746.6548792747059,735.1648321340186,739.0446166992188,3393363
2025-09-10,741.133709818763,745.9087873490821,737.2041967975194,739.2933349609375,3351988
2025-09-11,738.1492474508896,744.0683809184687,734.1700062247393,738.7958984375,3756027
2025-09-12,745.0134886084255,755.6579106816326,741.2829498299451,754.115966796875,5698959
2025-09-15,754.2154770578222,759.4382312978076,748.6942311436859,749.7388305664062,2554957
2025-09-16,750.4849725635102,753.3698862252562,745.2622180851833,752.0269165039062,2662690
2025-09-17,752.0766196693507,755.7574300839002,740.536843972368,746.2072143554688,4182521
2025-09-18,742.4766910840257,747.5502603728359,732.4291306922818,746.2570190429688,4915450
2025-09-19,748.0973668827162,752.8724443148825,735.1648326147969,739.4425048828125,5132517
2025-09-22,739.4425090363038,748.594776251767,737.7015909519974,741.830078125,2232330
2025-09-23,741.1336991460315,748.3460740706071,735.8114881442237,742.029052734375,3783529
2025-09-24,740.1388651340051,745.063188275553,733.871572371309,737.2041625976562,2415165
2025-09-25,742.1284937949844,765.1085877471194,736.2093602865851,741.7803344726562,4702510
2025-09-26,742.0290337315025,745.6103265563535,728.1514177780007,739.9896240234375,3636265
2025-09-29,741.133681892825,754.862052044609,740.9844360587741,749.8880004882812,4347158
2025-09-30,756.0061069198739,765.7055074384184,754.1159430442837,757.9957275390625,4718308
2025-10-01,757.946005939761,765.4070833283854,751.3802214067294,761.9749755859375,3663841
2025-10-03,762.02472770584,786.4970380158195,760.1345637544555,776.3002319335938,6522416
2025-10-06,777.9914003899243,780.8763746118773,770.3313487647414,772.669189453125,3544658
2025-10-07,766.9987738912934,776.6981747284401,761.9252654330708,763.8153686523438,4918764
2025-10-08,766.003964345363,777.4442832933781,762.1739688109981,764.2133178710938,6393179
2025-10-09,766.2526461709643,775.952046755407,765.2578358546112,770.0826416015625,6806889
2025-10-10,770.4806052207987,771.7241181407807,760.3335276500653,769.9334716796875,4365229
2025-10-13,768.2422909635083,770.5800709930958,763.218510851617,766.2029418945312,3077938
2025-10-14,772.0225719448762,777.4940289547171,750.5346923390451,756.1553344726562,3510594
2025-10-15,761.0299212424865,764.7107316980594,755.4092184518302,760.2838134765625,5690264
2025-10-16,761.1293587309847,776.7976214189196,759.5376864913179,776.051513671875,4180590
2025-10-17,775.9520753967423,777.8919677289152,762.0247304537239,768.7894287109375,3254932
2025-10-20,770.281651283456,785.3530525576724,768.0433279685767,782.2691040039062,4845432
2025-10-21,786.8949943396979,787.8400763248742,778.4391062842144,780.8764038085938,457667
2025-10-23,787.392366153619,795.6990080158254,779.931288773768,788.2877197265625,5916416
2025-10-24,807.1393349963821,822.2107357466126,807.1393349963821,820.17138671875,16905398
2025-10-27,830.5671940213568,840.7142111207091,822.708167888386,836.4862670898438,7308067
2025-10-28,833.651065119,855.4374358575624,832.6562547787626,844.5442504882812,8010504
2025-10-29,849.56801223198,854.3928179906668,845.1410941697603,851.8063354492188,5663683
2025-10-30,847.6778869447647,859.516154564673,843.6986454884468,856.8798828125,4704178
2025-10-31,852.5027620048522,856.1337834383199,841.3111452991656,843.449951171875,4138495
2025-11-03,843.4499350261364,851.5576637050832,838.2271806634592,842.8033447265625,4885067
2025-11-04,837.1826154997383,842.6043439058593,824.9464606658015,827.0853271484375,4673187
2025-11-06,783.9105232688397,790.8741954298573,766.1531835456059,784.3084716796875,34786635
2025-11-07,784.4079318210144,798.4347329473201,778.9364750993713,786.298095703125,13189011
2025-11-10,787.8898205067395,795.7488467915811,779.7820916270409,781.1251220703125,5914226
2025-11-11,786.6960345467713,790.5758193071902,774.061930606215,789.6307373046875,5411465
2025-11-12,793.8586366203243,804.8015501576972,787.6410721104534,790.27734375,7589035
2025-11-13,798.8327024099622,812.2626419897063,794.853461053001,807.7362670898438,5854638
2025-11-14,802.8119605358912,808.2834175159995,791.8690465756746,799.4793701171875,4113598
2025-11-17,796.8430738276206,804.8015564626031,795.5995609159046,802.961181640625,2770547
2025-11-18,800.3248930018485,800.3248930018485,784.2586822359543,793.0130615234375,7299555
2025-11-19,793.0131123290018,794.6545130117618,785.9001938818227,786.8452758789062,3005726
2025-11-20,795.6492919921875,798.4845378715761,785.2037834982808,795.6492919921875,6016713
2025-11-21,781.9209150140596,782.915725338505,772.2215143507173,773.6640014648438,5099356
2025-11-24,778.7872793289849,784.0100338081136,767.8443651822392,770.6298828125,5666985
2025-11-25,773.9127382699147,787.641109210676,768.6402554608753,785.2535400390625,6090783
2025-11-26,786.0494103688002,798.8326988842563,783.1147077373129,796.6441040039062,3842280
2025-11-27,803.7072898707509,809.7258802233932,796.2959407687878,803.3590698242188,4481695
2025-11-28,807.9849791036094,810.7704359423068,803.0109273493621,804.2047119140625,3200488
2025-12-01,813.7051424505047,813.7051424505047,804.0057414840745,806.5922241210938,2064678
2025-12-02,806.7912070338888,809.2782329495296,798.4347756699731,802.6627197265625,4237151
2025-12-03,806.5922028567913,815.3465216109944,796.7933454004989,812.0636596679688,4948661
2025-12-04,819.7237329577879,821.9620562577334,804.8015776248185,806.5922241210938,3381601
2025-12-05,807.3383071508871,827.5827336967028,803.8067426406393,818.9776000976562,4273147
2025-12-08,821.5143478876886,829.1743994746262,813.0087318184022,815.1973266601562,4354685
2025-12-09,814.7496541291194,815.1476025454816,798.9321457139766,808.6813354492188,3394966
2025-12-10,811.8149814070549,827.4335161887442,809.3776838835572,817.4854125976562,5280811
2025-12-11,821.7133608023012,826.5879558740841,816.8885548234515,820.0718994140625,3098584
2025-12-12,826.4884085964972,850.5628306847041,826.2894343871591,847.6778564453125,8178645
2025-12-15,847.5287101356581,851.8063825994838,840.9131968622673,843.449951171875,2521938
2025-12-16,840.61471765618,840.61471765618,826.836619056514,832.8054809570312,2713249
2025-12-17,839.6696703318439,847.4789680713794,835.7401572749724,844.39501953125,3270389
2025-12-18,845.5887869150658,857.4767825924349,843.101761071198,852.2540283203125,4174631
2025-12-19,853.5472923601177,859.914102977439,843.1515119120504,847.5784301757812,4939377
2025-12-22,855.5369184160693,867.8228022013096,852.8011898978784,860.0632934570312,4865457
2025-12-23,866.4798004962512,867.2756366193867,856.3824513236576,859.3668823242188,5452783
2025-12-24,861.4560216547013,877.721146343037,857.675754525743,859.9638061523438,3683590
2025-12-26,860.7596715093437,870.2103700119022,856.5317274424096,868.3699951171875,2334952
2025-12-29,881.4019419763819,882.8444290815363,856.4322272754732,860.5109252929688,9836341
2025-12-30,863.4953732294697,883.6900109435749,859.3668860401467,879.5615844726562,15280248
2025-12-31,881.7998966827927,885.3811895667124,874.8859527778887,882.0983276367188,3539118
2026-01-01,883.4910546091778,891.3003523501388,877.8704125177965,890.3055419921875,2566505
2026-01-02,893.3396767609288,922.4876072999821,891.8971896380683,920.8959350585938,5357771
2026-01-05,927.6606432582619,933.0326433886206,921.0451302012835,926.8648071289062,5278463
2026-01-06,931.142481738359,965.7618695567453,931.142481738359,937.3600463867188,10369133
2026-01-07,946.1143589087,949.6459234615503,930.2471218890552,933.5797729492188,6555117
2026-01-08,929.2026180802362,929.3518639237614,893.9365781634829,899.2588500976562,6266789
2026-01-09,897.3189528062318,903.7354918297359,889.3604698545136,896.2744140625,4320582
2026-01-12,905.2276782784996,917.1654023222578,892.3448722709296,915.374755859375,6884726
2026-01-13,922.5871422904257,933.0326509587804,918.1602240920611,931.44091796875,6868939
2026-01-14,936.1165247954091,954.0231108170003,931.8885808736445,950.3920288085938,7050653
2026-01-15,950.3920288085938,950.3920288085938,950.3920288085938,950.3920288085938,0
2026-01-16,961.4841842447346,961.4841842447346,925.1736071884151,929.7994995117188,4037987
2026-01-19,933.6295343010171,941.886448246519,923.6317022041814,935.072021484375,4007683
2026-01-20,939.5983610406162,944.9205720434263,920.8959388935998,923.283447265625,5709976
2026-01-21,923.9300866891567,939.2501899375012,921.592306719485,934.3258666992188,5590031
2026-01-22,940.0957785670798,946.462589079658,929.302110582005,939.5486450195312,6165965
2026-01-23,950.0439070336226,958.8977436483143,943.5776396035509,945.3682861328125,5958887
2026-01-27,979.8881594268654,979.8881594268654,945.8159061676064,956.8582763671875,10009735
2026-01-28,966.0105887707211,1002.6693869995049,958.0521058838304,993.0197143554688,12615677
2026-01-29,1005.0071641877512,1024.4557552617289,1003.3159744354394,1018.735595703125,14615261
2026-01-30,994.8103630165241,994.8103630165241,950.5910302367585,957.6044311523438,11977092
2026-02-02,900.9997362424727,931.8885851270214,892.8422793183898,925.6710205078125,9659915
2026-02-03,945.069802611676,967.502763151041,940.2947252263714,950.34228515625,10099249
2026-02-04,953.9733986336938,965.7618770106069,950.4915624037391,959.9422607421875,4388355
2026-02-05,938.255388611682,938.255388611682,918.9063155168184,930.5953369140625,4580529
2026-02-06,921.1943487486254,939.1009343614497,917.2151075013312,937.658447265625,3830296
2026-02-09,955.5153109150165,965.6623883073522,943.3786128856897,959.245849609375,5294536
2026-02-10,965.2147348117335,971.5815452911027,950.043877088591,963.8717651367188,4101779
2026-02-11,964.9660425404197,966.9556632466886,945.219081318063,960.9370727539062,6275356
2026-02-12,945.0698480386666,961.5339474581853,939.051257465891,959.3951416015625,4557796
2026-02-13,918.7570709761302,927.8098814382379,896.3241101087648,904.2825927734375,10170485
2026-02-16,890.355260655997,905.5758468229716,884.8838037469378,902.7406616210938,6943209
2026-02-17,888.2661693586269,894.2350313481303,876.4279021254168,885.4806518554688,7099432
2026-02-18,888.3656263438934,902.2929709898223,886.7241650089759,894.5831909179688,3909665
2026-02-19,905.8742748344301,915.7229215260372,895.6277404363206,900.9500122070312,3522571
2026-02-20,902.7903912061889,932.8336758726543,896.4235806888328,930.8440551757812,5855696
2026-02-23,941.985941241312,941.985941241312,902.9396351472761,911.4452514648438,4932242
2026-02-24,915.7229498873477,922.1892173227283,903.337548578976,918.0607299804688,5179022
2026-02-25,931.1424585512439,941.0905617408939,923.6813811590064,932.5352172851562,5288850
2026-02-26,937.1113574217629,938.2056245284176,926.3674176969142,936.4149780273438,3075442
2026-02-27,934.0771702301458,938.4542992451661,917.8119849256665,919.901123046875,5418634
2026-03-02,896.4235582295727,940.4937041358904,891.4495066120112,935.1217041015625,5573300
2026-03-04,923.1840106693003,940.5931919049822,907.2670449681054,917.0161743164062,7575786
2026-03-05,925.1736106472871,978.3959635178568,921.5923177321431,949.994140625,16533658
2026-03-06,950.0438604643051,966.6074766644736,938.2553823993085,953.9236450195312,8295000
2026-03-09,935.1216977839334,951.287365431794,920.44824561126,940.4439086914062,7016889
2026-03-10,951.0386971577881,954.7692359803212,928.5062183823256,951.6355590820312,4839199
2026-03-11,954.968183801196,973.819851607057,947.5568347349167,954.12255859375,4456510
2026-03-12,962.9764280621616,966.9556695004351,929.6005526423247,964.7173461914062,4664967
2026-03-13,961.9816101115346,963.1256663033727,899.6069889151202,905.3271484375,10347187
2026-03-16,902.1437314515595,938.2553953246486,896.6225462149117,916.3695678710938,10755610
2026-03-17,924.0793434474283,937.1113345341616,911.5944251822551,931.7891235351562,4862641
2026-03-18,928.0585785538337,933.5300353535611,918.2099320269631,928.207763671875,3906519
2026-03-19,907.2670188273779,928.2077640809738,887.5200581106567,892.3945922851562,4733569
2026-03-20,880.3574345876676,902.7903959183205,865.4850076572329,869.7129516601562,10063637
2026-03-23,850.5628570947077,852.900637151407,831.6117318961033,835.889404296875,11372786
2026-03-24,844.593958073173,860.013517967324,839.1225013365388,850.2146606445312,3526970
2026-03-25,861.5057571120553,870.2600759875269,857.8249466989579,864.1420288085938,4491373
2026-03-27,855.5369069028318,868.4197131678985,850.3141525292971,862.2021484375,4104597
2026-03-30,871.4538865926856,908.2618703871256,871.4538865926856,879.8600463867188,12727309
2026-04-01,904.2825852242021,917.7125246087198,895.4287490463066,899.9053955078125,7777034
2026-04-02,894.2847879806206,916.1706159670633,880.2081970565234,911.4949951171875,7698211
2026-04-06,912.4400350691286,930.8937543092978,912.4400350691286,922.6368408203125,5555538
2026-04-07,929.1031078794174,959.8924993400004,928.1082975622315,949.5464477539062,11877733
2026-04-08,969.9400857660024,971.9297064547532,942.433555456661,946.8604736328125,8174489
2026-04-09,954.0231308158022,984.7130059921184,947.3081609169423,980.5348510742188,9386595
2026-04-10,990.1844274845286,990.3834016921609,973.5711437192797,986.9512939453125,6013190
2026-04-13,972.9742435612111,983.469480533308,960.5888426505694,973.1732177734375,4754347
2026-04-15,1030.6235093696762,1032.613130044135,996.8994146502373,1006.200927734375,11075349
2026-04-16,1011.6226580995581,1043.257554020271,1007.7428734897775,1034.5032958984375,10942179
2026-04-17,1031.1208843859029,1035.348828195493,1019.6805658423064,1033.60791015625,4301884
2026-04-20,1025.6494640809683,1028.6338951112718,1006.1512056370141,1009.981201171875,4286182
2026-04-21,1012.7169403814414,1017.8899663659707,1006.1512163323424,1016.3480224609375,3002043
2026-04-22,1024.6546492541668,1037.9353429935459,1011.7221148461044,1034.5032958984375,4474181
2026-04-23,1034.3540065227644,1043.556001771945,1025.7986622541302,1035.9456787109375,4370028
2026-04-24,1025.6494882501718,1048.5301266883423,1022.217441059171,1042.909423828125,4526003
2026-04-27,1052.8575042993702,1060.965232898143,1046.5404828962462,1056.2896728515625,4241483
2026-04-28,1054.4990163244463,1074.0967324870708,1049.6742102069288,1068.724853515625,7798496
2026-04-29,1072.4054987919935,1074.3951193834444,1047.5352413988583,1061.6614990234375,3710080
2026-04-30,1053.0067716683036,1058.3289828352874,1025.0526246907825,1032.6131591796875,4392857
2026-05-01,1032.6131591796875,1032.6131591796875,1032.6131591796875,1032.6131591796875,0
2026-05-04,1037.8856796444354,1043.9539984506468,1029.1313000494742,1037.2886962890625,3349359
2026-05-05,1030.9220269147952,1053.50417356184,1025.7489401693074,1049.2264404296875,4580696
2026-05-06,1062.258507692142,1068.1277914275,1036.9903012905436,1040.3726806640625,5336857
2026-05-07,1042.5612006252331,1055.3942778592216,1031.220338850155,1050.22119140625,4290514
2026-05-08,1042.9592219707852,1052.509377288307,1029.9272303389826,1038.97998046875,3065690
2026-05-11,1025.7489500655872,1036.9903558415424,1016.7956567194748,1018.1884155273438,3746752
2026-05-12,1021.869104103305,1049.1269309445777,1019.6805699912169,1035.9954833984375,4323348
2026-05-13,1042.5612893428213,1076.782791066628,1041.566478952227,1067.531005859375,5341453
2026-05-14,1078.2749951610976,1099.265469891574,1075.2905640211206,1097.5743408203125,4920811
2026-05-15,1095.4851443135208,1095.4851443135208,1052.1114359365833,1061.9600830078125,6800905
2026-05-18,1044.5508777969617,1054.498981395028,1038.582015638122,1047.634765625,4023849
2026-05-19,1047.0378961171557,1047.9332497218627,1031.717792399671,1042.8597412109375,3674289
2026-05-20,1033.0110364577315,1084.3432234839215,1033.0110364577315,1079.8665771484375,11945517
2026-05-21,1092.9981093995539,1105.1348688251135,1083.646989032887,1093.5950927734375,4584559
2026-05-22,1093.296586411192,1109.2135521824198,1087.1288107495661,1103.443603515625,4136312
2026-05-25,1104.239484507139,1113.9886744766106,1075.5888979560136,1093.8934326171875,7677225
2026-05-26,1096.280948162697,1112.1979129273097,1088.9193276717028,1098.0716552734375,5880899
2026-05-27,1112.496450935139,1148.0111314709106,1112.496450935139,1143.7333984375,7559470
2026-05-28,1143.7333984375,1143.7333984375,1143.7333984375,1143.7333984375,0
2026-05-29,1169.8969824893504,1169.8969824893504,1116.1772230893291,1120.852783203125,11987286
2026-06-01,1124.1356699213757,1144.0318764686567,1121.3501524300334,1135.3770751953125,6934532
2026-06-02,1135.078652658168,1154.9748604172946,1130.502549160932,1140.3511962890625,5325199
2026-06-03,1149.0059238773879,1153.8805187508958,1120.7532863968509,1132.989501953125,4865978
2026-06-04,1128.1149764421427,1131.1988643478755,1115.5803898801485,1119.758544921875,3868557
2026-06-05,1120.753362884573,1126.4238549787588,1084.4427835913227,1086.9298095703125,4546693
2026-06-08,1055.493715918352,1073.0023527056032,1045.346699552105,1056.886474609375,4879594
2026-06-09,1068.4263651933045,1076.8822535584286,1048.331243770913,1071.1123046875,5880133
2026-06-10,1061.3632368095004,1061.3632368095004,1028.8328639666497,1033.906494140625,8048339
2026-06-11,1024.4557096552096,1033.2099675539614,1017.4919767406876,1018.9842529296875,6664493
2026-06-12,1039.5768039874074,1043.556045342383,1010.0309247830317,1016.2982177734375,9388824
2026-06-15,1033.8068737834299,1034.3042789616236,1005.8527270562961,1008.6382446289062,8474101
2026-06-16,984.862231031232,984.862231031232,964.9660243437323,977.3016967773438,11200461
2026-06-17,979.888191335612,1006.3501222660442,966.159820697129,1002.6693725585938,10853418
2026-06-18,1000.7792094830659,1012.1200717307727,993.8155370512751,1003.2662353515625,6184717
2026-06-19,992.8206990157024,1011.523120881536,980.087139067799,1004.7584228515625,6013455
2026-06-22,1008.7376712987868,1012.8163693509964,998.3916196134891,1008.9366455078125,4244908
2026-06-23,993.8155313197628,993.8155313197628,972.9245141448729,981.6788330078125,7191224
2026-06-24,966.9556350775039,983.3700054260418,965.2644453827617,971.53173828125,5029316
2026-06-25,959.9919848136951,965.8613901481046,945.2688038224096,948.2532348632812,12155741
2026-06-26,948.2532348632812,948.2532348632812,948.2532348632812,948.2532348632812,0
2026-06-29,947.1589243576767,968.4478904589283,947.0594676085257,958.7982177734375,9499504
2026-06-30,952.0335075104636,961.5836626087863,943.8760504748434,951.6355590820312,8514541
2026-07-01,946.9600017036402,955.2666438848419,932.6347082968385,934.8233032226562,5637215
2026-07-02,937.1610685984608,957.5049521939509,937.1610685984608,944.2739868164062,3505234
2026-07-03,959.9919848136951,973.8198729237622,946.1143683299613,948.2532348632812,3352734
2026-07-06,955.8634822090474,976.5057965763269,949.0490557293795,975.3120727539062,4642287
2026-07-07,965.3639815261125,973.8695978185315,957.9029039505863,964.4686279296875,4411767
2026-07-08,957.0572672965081,974.814668145208,957.0572672965081,966.6074829101562,6547101
2026-07-09,966.6571973235631,968.8955205371627,949.6956935597445,958.4500122070312,6043658
2026-07-10,976.0,985.5999755859375,964.7000122070312,967.4500122070312,5859033
2026-07-13,963.0999755859375,971.7000122070312,956.4500122070312,966.8499755859375,4070887
2026-07-14,964.0,998.0,964.0,974.2999877929688,8061017
2026-07-15,972.0,976.0,953.0,955.7999877929688,5279138
2026-07-16,972.4000244140625,972.4000244140625,957.2000122070312,959.2999877929688,3388958
2026-07-17,955.0,959.0999755859375,939.5,944.1500244140625,4222686
2026-07-20,944.3499755859375,957.75,944.1500244140625,947.7999877929688,3996887
2026-07-21,944.1500244140625,956.2999877929688,941.0,951.4000244140625,4965762
2026-07-22,955.0,961.9500122070312,945.2000122070312,950.0,4055709
2026-07-23,950.0,964.0,947.5499877929688,955.6500244140625,4722307
2026-07-24,947.5999755859375,950.9000244140625,939.7000122070312,942.7999877929688,4494329
2026-07-27,944.4500122070312,951.25,943.0499877929688,945.25,2035425
2026-07-28,945.0,947.9000244140625,935.0999755859375,936.4000244140625,3835947
2026-07-29,940.0,964.7999877929688,938.1500244140625,962.4500122070312,2939377
2026-07-30,968.0,973.0499877929688,960.5999755859375,970.4000244140625,4259226
2026-07-31,979.7999877929688,988.0,971.0499877929688,974.4500122070312,5579336
2026-08-03,990.0,994.9000244140625,981.3499755859375,994.9000244140625,5617219
2026-08-04,995.0,1020.0,993.0999755859375,1020.0,7690755
2026-08-05,1028.5,1040.0,1011.2999877929688,1040.0,5041671
2026-08-06,1044.0,1044.0,1016.0,1027.0,6345953
2026-08-07,1017.0,1059.5999755859375,1017.0,1059.5999755859375,9284747
2026-08-10,1065.0,1068.3499755859375,1040.449951171875,1054.050048828125,7055761
2026-08-11,1053.4000244140625,1068.75,1049.0999755859375,1049.0999755859375,4831839
2026-08-12,1063.199951171875,1087.949951171875,1056.9000244140625,1078.5,8786842
2026-08-13,1072.300048828125,1073.0,1040.0,1046.25,4983399
2026-08-14,1035.800048828125,1036.800048828125,1021.3499755859375,1029.5,3423326
2026-08-17,1033.0,1060.0,1032.699951171875,1049.9000244140625,3062996
2026-08-18,1048.949951171875,1050.5999755859375,1038.0,1041.5999755859375,2525385
2026-08-19,1030.5999755859375,1039.199951171875,1025.550048828125,1038.949951171875,2125136
2026-08-20,1044.0,1048.0,1013.0,1029.8499755859375,4321761
2026-08-21,1029.800048828125,1040.449951171875,1024.5999755859375,1034.0,2644211
2026-08-24,1047.949951171875,1058.5,1043.300048828125,1058.5,4052159
2026-08-25,1055.0,1057.0,1040.449951171875,1051.050048828125,3495294
2026-08-26,1052.6500244140625,1059.5,1039.1500244140625,1053.0,2289903
2026-08-27,1060.5,1061.800048828125,1020.0499877929688,1024.0,3635432
2026-08-28,1030.0,1037.4000244140625,1025.949951171875,1037.4000244140625,1687987
2026-08-31,1029.9000244140625,1029.9000244140625,1005.4000244140625,1015.4500122070312,5759006
2026-09-01,1023.0,1033.9000244140625,1010.0,1014.4000244140625,2765114
2026-09-02,1004.0,1011.2000122070312,998.2000122070312,1009.7000122070312,1902917
2026-09-03,1014.5,1022.5,1002.0999755859375,1010.0,1459349
2026-09-04,1012.9000244140625,1020.7999877929688,1005.0,1011.0,3682428
2026-09-07,1011.0999755859375,1014.7999877929688,999.7999877929688,1006.0,1848438
2026-09-08,1014.0,1024.699951171875,1007.5,1009.0,3094146
2026-09-09,1013.9000244140625,1032.4000244140625,1010.7000122070312,1026.9000244140625,3255790
2026-09-10,1027.5,1029.5,1007.7999877929688,1014.0,2172772
2026-09-11,990.0,992.7999877929688,973.0999755859375,981.5,4754493
2026-09-14,981.5,981.5,981.5,981.5,0
2026-09-15,980.0999755859375,981.0,958.7000122070312,958.7000122070312,2245506
2026-09-16,956.4000244140625,978.5,956.4000244140625,972.7000122070312,3439776
2026-09-17,972.0,987.2000122070312,970.5,980.5,2724042
2026-09-18,982.9000244140625,999.2999877929688,979.4000244140625,986.5,8310236
2026-09-21,987.0,993.5,976.0,981.2000122070312,3348127
2026-09-22,987.0,987.5,967.0999755859375,973.0,3336085
2026-09-23,979.5,1003.7999877929688,978.2000122070312,1003.7999877929688,5158521
2026-09-24,983.5,991.9000244140625,976.5,982.0,4331000
2026-09-25,979.2000122070312,983.4000244140625,971.2000122070312,977.0,2469481
2026-09-28,972.0,972.9000244140625,951.0999755859375,955.9000244140625,3354458
2026-09-29,955.9000244140625,963.5,947.0999755859375,955.2000122070312,5092531
2026-09-30,950.2000122070312,956.7999877929688,941.0999755859375,941.7999877929688,4420021
2026-10-01,935.0,946.6500244140625,923.5,941.8499755859375,5877840
