Date,Open,High,Low,Close,Volume
2019-10-03,260.0909049515181,265.3635653529593,258.20221318101267,260.2286376953125,2944050
2019-10-04,261.66483400914626,261.7730268616276,251.51301820664673,253.4804229736328,4622255
2019-10-07,251.827815805871,260.09091000795814,250.09650497584434,259.5400390625,4864720
2019-10-09,259.67776241186834,259.67776241186834,246.13217657559943,257.2480163574219,10281230
2019-10-10,254.27724336720493,261.9599573017104,254.00180787478516,260.85821533203125,5001880
2019-10-11,261.72381829282205,263.63220305987227,256.1560599541324,260.454833984375,3719320
2019-10-14,257.7300529804611,263.8290204407576,257.5726569792683,260.1106262207031,2609385
2019-10-15,260.87789312085215,263.2387729187345,256.49055872438555,259.2252502441406,3167835
2019-10-16,261.62548695090925,262.6485458723269,253.79522410134962,255.7429656982422,4378315
2019-10-17,257.3365374424628,266.5439769099151,256.18559249892485,264.2618103027344,5988030
2019-10-18,264.4290426940729,271.50186543064046,261.87141042148033,267.4883728027344,3513550
2019-10-22,266.95714865169987,285.2736816127019,264.5274026454314,281.11260986328125,19636090
2019-10-23,289.20852925264,306.6298917757691,287.83135178405183,304.239501953125,23204015
2019-10-24,304.23946389834185,305.4494286052306,299.3603086112579,302.9606628417969,6442300
2019-10-25,302.586818423033,302.586818423033,293.73349816369966,299.6357116699219,6359020
2019-10-27,300.6194260577246,303.76725537600277,300.30463411983334,302.0457763671875,806855
2019-10-29,303.3738194125707,315.07987217136065,297.0879765781665,310.7810974121094,6634280
2019-10-30,308.88257288169655,317.2243805617032,302.58688313273717,307.7021179199219,6915735
2019-10-31,307.7020941032648,315.9357082849252,307.11189668827643,314.9618225097656,4629435
2019-11-01,313.86005229758155,315.17820977237335,307.99719501651344,309.964599609375,3715260
2019-11-04,311.22379831618065,313.40761904287194,305.91181087888805,307.6234436035156,2456995
2019-11-05,305.9314094840239,313.0042312881814,305.1444596670691,311.60736083984375,3218565
2019-11-06,309.0792469870774,310.45642407969564,304.7116067646245,306.472412109375,2393665
2019-11-07,307.11190617356317,319.50653259456266,306.6790747090606,318.1785583496094,7097060
2019-11-08,318.11951499393564,321.08043863151744,316.15211030866874,317.5784606933594,4676580
2019-11-11,316.1619472405824,322.26091416502396,313.6141616118209,321.296875,2778765
2019-11-13,319.3688015310441,320.6279393105492,308.74479837252,310.436767578125,4171140
2019-11-14,311.80413767940473,321.2870128019399,310.84994519114235,317.3522033691406,5918130
2019-11-15,318.71953484269744,321.2181470091603,316.8406599083291,319.26055908203125,2864520
2019-11-18,319.26059592844695,319.26059592844695,310.69255659068625,312.1287536621094,3289770
2019-11-19,312.81736219653726,315.9652218745254,309.90561150753774,313.2600402832031,2639600
2019-11-20,313.0730977594741,315.7684324046851,310.8499209965124,312.994384765625,2540545
2019-11-21,310.86963611692767,317.69653349245164,306.73810385666434,313.04364013671875,4738815
2019-11-22,312.6993172018129,312.96490603700346,305.5477816898395,307.44635009765625,3085285
2019-11-25,309.07933239794494,318.49334235193345,306.3052841889572,316.8702392578125,3799935
2019-11-26,316.35868501694097,324.621778837862,315.42415576674654,320.61810302734375,5549300
2019-11-27,320.59844972282804,323.7561259909935,316.555417286951,320.1361083984375,2837695
2019-11-28,320.68697430611456,323.9528733965374,317.5391146974781,319.9000244140625,3530985
2019-11-29,318.6999642991861,321.15922068454864,310.29913608112605,318.3655090332031,4197885
2019-12-02,317.7359050697817,318.3654890746709,312.227165107872,313.722412109375,2078230
2019-12-03,313.9092071566851,320.6279102620656,309.2759780154865,310.5252990722656,6595565
2019-12-04,309.8662674431413,312.8173747521236,306.6790811559095,311.5090637207031,4264340
2019-12-05,310.810606657349,312.9944272195954,309.07931082058616,310.7515869140625,2084200
2019-12-06,311.8336310638299,315.7684402886101,307.4069706859522,308.7251281738281,2906080
2019-12-09,310.6532018899678,318.1293460372191,308.4497181489645,310.33843994140625,5001990
2019-12-10,311.833713056822,312.1681683264439,306.5217252106866,307.2988586425781,3034095
2019-12-11,307.7020682922112,312.62057980596273,307.7020682922112,311.9024963378906,3575710
2019-12-12,311.63690179221504,317.2440173629955,310.2695710953324,314.41094970703125,3296290
2019-12-13,314.83392711160974,322.0936553040123,314.6372046524867,318.709716796875,4446880
2019-12-16,320.6869654355979,321.31654934799593,312.9944058696842,313.93878173828125,3389120
2019-12-17,314.3913367112706,317.9228252153491,309.8662990387248,311.568115234375,3646330
2019-12-18,311.83366058212437,313.5157832792889,308.29232594055566,309.5908203125,3289655
2019-12-19,309.27604397990984,317.244039821326,307.416861961702,315.41436767578125,3633525
2019-12-20,316.3390017660345,316.9489224655835,309.86625324057036,310.3974609375,3727215
2019-12-23,310.6532018899678,313.4075865864364,307.50537226285087,310.33843994140625,2685145
2019-12-24,310.78107554413776,311.8926640004164,307.89883486985576,309.31536865234375,1961160
2019-12-26,309.4727671498503,314.7749072372919,308.29231231476246,314.05682373046875,3378895
2019-12-27,315.1979222014228,320.56892866093744,312.8763690301404,320.09674072265625,4974830
2019-12-30,320.9624116476011,323.43151423019293,319.0540266269882,320.4508972167969,4032440
2019-12-31,320.09674814862797,327.67126847563054,318.95564978646934,325.07427978515625,8140790
2020-01-01,325.98917241429496,329.14684890315357,325.17268256171167,327.2089538574219,5713470
2020-01-02,327.5728914792447,332.16679478786284,325.70386296733983,331.0552062988281,4202570
2020-01-03,330.7207611328195,333.8489275812001,328.17294548173743,331.0650329589844,4878755
2020-01-06,328.61564083453584,332.26516854935096,327.42536926559393,330.4453430175781,2934495
2020-01-07,332.0979147306029,334.95064550175886,331.32078147928576,333.2095031738281,4226925
2020-01-08,332.34390633940643,341.12836274264856,330.0420460176511,339.5151062011719,5628625
2020-01-09,341.9349869508058,342.13170943404185,335.6491137141458,337.272216796875,4135465
2020-01-10,337.4099164466927,341.14797348378903,337.27218370374635,339.9281921386719,1890280
2020-01-13,340.51839407003354,344.87618808361196,339.9675231799303,340.6265869140625,3299745
2020-01-14,340.75450792349295,343.0563679544113,337.84275720321347,338.49200439453125,3422905
2020-01-15,338.393637682408,346.19439078808375,337.01646027727855,344.974609375,2649585
2020-01-16,345.86978356397003,347.77816869728883,341.96448368024636,343.6466064453125,2997135
2020-01-17,343.64659712512525,346.24358590341143,342.78093419902984,344.1581115722656,2080705
2020-01-20,349.784826388182,351.8801169452312,344.7581223931888,347.2763977050781,4074275
2020-01-21,346.0567040417554,348.5159602431546,343.36133883127405,347.09942626953125,1707350
2020-01-22,347.83714268521373,352.55890176329865,347.45348437476065,348.9782409667969,2958945
2020-01-23,348.2405081751095,353.89679716912,347.2568057413685,352.8638916015625,3754060
2020-01-24,351.18175881300255,357.8709231632595,351.0538726970351,356.11993408203125,3787295
2020-01-27,353.9360876397046,360.0350541164287,353.8475580321015,358.63818359375,3201035
2020-01-28,357.0839769226353,359.5432329620474,342.8694650067473,345.1418151855469,4247175
2020-01-29,346.6567020917182,349.4110866834947,338.03948992056297,344.07940673828125,10925815
2020-01-30,348.23062676240704,361.99261282940245,348.23062676240704,360.5170593261719,15293175
2020-01-31,358.85458592270965,374.5938226740603,358.10699259076443,371.8886413574219,11118030
2020-02-03,369.08510157056185,388.3361320674024,366.0356185472135,384.7062683105469,8331335
2020-02-04,384.4308884420676,385.75889269485094,376.1677942317266,380.2796630859375,4788085
2020-02-05,381.08631793754006,386.1917359851481,378.96151707204285,382.1979064941406,2433855
2020-02-06,382.0699812360717,382.1978673429649,365.50443750295784,366.5274963378906,7176670
2020-02-07,367.85545671618013,376.1677224526397,363.6550290291091,374.2298278808594,5581105
2020-02-10,375.90217448116135,375.90217448116135,363.409142938076,364.9634094238281,3536520
2020-02-11,366.92097174806526,368.4949014915098,358.06765071392965,359.1595458984375,6114670
2020-02-12,360.99910129793244,365.9176130763762,354.95915442430106,358.0676574707031,6407445
2020-02-13,358.7759485857152,363.1337431107251,356.3757122741967,361.0384521484375,2198280
2020-02-14,363.2911336399282,365.9372955171939,354.5263415884212,356.6117858886719,3642685
2020-02-17,358.0577756851598,362.16967394357874,356.34614336078454,360.63507080078125,2596125
2020-02-18,360.6253026673196,365.52412136322874,356.49374061562827,360.50726318359375,4786930
2020-02-19,362.986178556946,374.6233645142541,360.37937325156906,373.334716796875,6564240
2020-02-20,373.5609985915712,376.75803149590985,368.29818457577056,370.4918518066406,4217155
2020-02-24,369.2228675478675,378.31226842104013,365.4651170494842,366.7931213378906,5611935
2020-02-25,367.9046684026805,371.0918543192732,361.4417369427343,362.1303405761719,3798265
2020-02-26,361.60897283638315,366.9209592722065,358.06763853909695,363.22222900390625,4327175
2020-02-27,363.7731186378376,365.90776595571384,359.05135934494837,364.5404052734375,2525015
2020-02-28,359.05132992961774,359.44480483508744,341.10861006234217,345.6434631347656,9068065
2020-03-02,351.57518814529175,352.9327020921351,321.8673973624831,328.1630859375,9712070
2020-03-03,328.55658218244434,338.55100157820414,319.9098301918036,333.7603759765625,12970445
2020-03-04,335.24578242656713,337.21318732348414,318.3261183252109,325.6448669433594,7739145
2020-03-05,325.80224882820056,343.312139644384,321.86743920476925,336.6131286621094,9275725
2020-03-06,320.2934801674849,335.334296988252,320.2934801674849,332.91436767578125,5163440
2020-03-09,323.8024902906177,331.6013857081858,315.9048685762124,325.8953552246094,5998940
2020-03-11,325.89537867594686,334.41494353375276,321.0482093846854,324.4540710449219,8872840
2020-03-12,304.0584440279559,311.35388674012376,288.5001191993801,291.047119140625,12819000
2020-03-13,261.9444054891394,318.26434720825637,250.74952857659457,300.5045471191406,7570330
2020-03-16,275.4295694843763,290.2277291862721,269.93084289177995,277.63104248046875,10290205
2020-03-17,284.31444108295034,284.33417429562365,259.1012700596752,262.33929443359375,9447835
2020-03-18,258.64713216782474,260.5919228781376,236.9286706880837,246.66249084472656,13508595
2020-03-19,226.66176631451057,250.45334448444518,224.73670882569985,242.39776611328125,6441020
2020-03-20,241.27235868696752,326.76412733140836,232.99960945270686,290.4646911621094,14725480
2020-03-23,261.42114885004287,266.5447333569561,246.8994053312395,253.62225341796875,3677820
2020-03-24,252.5264544948031,276.02188184399597,229.08039029347447,256.4752502441406,13624020
2020-03-25,232.97986680417813,269.90124645027987,232.97986680417813,265.9721984863281,14657885
2020-03-26,258.647144430741,280.7209855020953,258.647144430741,265.1626892089844,10245220
2020-03-27,266.5447427337722,288.21385516609183,255.29063739930922,279.2105407714844,6796615
2020-03-30,266.5447616243629,292.21203496596814,266.5151467448195,275.87384033203125,7515585
2020-03-31,278.64784781422185,295.94362852521306,268.4796417794239,290.5238952636719,5604410
2020-04-01,286.2887945699848,293.54474073363144,269.7038005905383,273.08001708984375,5650750
2020-04-03,273.4551931498407,275.3999839957352,249.76232442927684,256.2383728027344,6753255
2020-04-07,266.54474025379636,281.8562644179162,258.8445709195014,278.4405212402344,5911410
2020-04-08,274.8274054649741,287.473471084414,269.9012429436369,277.7593688964844,4936185
2020-04-09,279.97072704022355,286.26908588055875,276.4167908467856,280.8789367675781,2908620
2020-04-13,278.3911859118982,279.7732637881809,259.6442146289088,272.744384765625,6051830
2020-04-15,274.4423720817144,291.21493762691955,266.7520540111922,280.6518859863281,9690040
2020-04-16,276.4167753551097,301.392993363167,273.74146428635044,296.01275634765625,11076115
2020-04-17,306.03283900028043,317.72131542943396,299.7838591243317,305.6280822753906,9498065
2020-04-20,302.0840842180256,312.7458633749041,297.8588570556133,299.9023742675781,8120160
2020-04-21,294.1667051476327,301.88660825095167,289.8427520051294,297.1579284667969,5738915
2020-04-22,296.1608050487545,303.0712238332255,293.23869354117664,298.4708557128906,4665840
2020-04-23,298.47088491013034,315.6087408381485,293.347300071421,295.55865478515625,8577880
2020-04-24,293.0017853638065,295.1144138627479,285.1930375577113,291.9553527832031,6852425
2020-04-27,292.21199235210725,299.87269476523255,289.55641474117704,293.1596984863281,8473090
2020-04-28,293.7915576172738,305.6379911492039,293.7915576172738,300.4156799316406,6595780
2020-04-29,301.2942978647228,309.93232211397475,301.2942978647228,306.7337646484375,4952205
2020-04-30,311.1662822451109,325.184541569776,311.1662822451109,317.5830993652344,8529860
2020-05-04,306.03283296450616,311.0181944829526,300.12935005061945,305.6181945800781,3985790
2020-05-05,307.0299716024558,312.2917495984676,295.7955982180146,299.1224670410156,4711975
2020-05-06,297.54292529078555,308.79703146512753,295.0749182294369,307.4248352050781,6915310
2020-05-07,304.5125643204152,311.2156797034447,301.09685110087435,304.9568176269531,3660425
2020-05-08,308.0072969490311,317.484450572871,305.44056344904766,309.34002685546875,5641040
2020-05-11,311.36376368331355,317.1784027593348,308.9944829385853,309.87310791015625,4137940
2020-05-12,310.9688469415292,317.22770837266364,304.25588070916103,314.60174560546875,4335505
2020-05-13,328.33372980242467,342.47047915546926,320.05111513271106,335.4613342285156,9483255
2020-05-14,327.9487554143496,338.59079952371394,326.2507655320096,333.60540771484375,6993815
2020-05-15,333.47705674532494,334.4642594356628,324.3158169840707,328.99517822265625,5088480
2020-05-18,328.34367692625153,333.2599278827274,302.0840748516479,306.0131530761719,9485235
2020-05-19,306.0328645248732,312.88405428923824,294.7886102995777,297.50341796875,9124640
2020-05-20,298.1352076188245,304.0979202067707,293.3768834985258,300.40576171875,7991235
2020-05-21,310.98862549669707,318.86651494700436,305.0654085007775,309.981689453125,17053660
2020-05-22,309.5472745377554,323.4964534340923,307.00030484134317,319.91290283203125,12158155
2020-05-26,320.29792576811684,342.9245946186617,320.29792576811684,336.44854736328125,13036685
2020-05-27,333.51658270815403,335.64894432262463,325.82626463648563,333.53631591796875,5616410
2020-05-28,332.12460479217964,340.58493935683674,332.0554933710968,333.5560607910156,7996015
2020-05-29,332.6873524297544,343.34913090191,318.09649586358444,327.0800476074219,58251580
2020-06-01,328.7384754922517,335.74762018431005,327.75127286314586,330.90045166015625,6989490
2020-06-02,329.13339723226517,338.30451939388183,326.21128547094696,335.77728271484375,6860920
2020-06-03,338.61052418245544,349.64744307546505,330.7129026271795,333.1315612792969,8830650
2020-06-04,333.67451977574217,337.1889590531581,327.1589757902169,332.38128662109375,5501930
2020-06-05,333.279684859396,337.62337133063954,322.81532872841854,332.8058166503906,5873720
2020-06-08,333.69423642884084,339.49899296200726,329.932996657724,331.3841857910156,4855490
2020-06-09,331.7099893584583,337.22844884437933,324.4935400209435,329.103759765625,4642410
2020-06-10,331.3052439793686,338.6105381949008,330.3180412441065,336.9322814941406,4520085
2020-06-11,336.9322539734554,339.1830748209241,329.7256866454904,331.98638916015625,4194315
2020-06-12,321.8280957236305,345.2346644340947,320.840892976012,343.0134582519531,8705800
2020-06-15,341.5622637669656,344.60286505411653,333.7238716609835,335.19482421875,4897210
2020-06-16,341.5721516956714,343.94143227162124,328.73851593831955,334.2865905761719,4866065
2020-06-17,333.87201124130274,334.2471230123315,325.9941217629839,327.8006896972656,4685030
2020-06-18,324.78971542531303,330.69319891008433,324.06904654839246,328.6891784667969,2945210
2020-06-19,331.89756260464213,338.27488366513916,329.8639274355638,333.496826171875,3873250
2020-06-22,334.0694067334624,337.8602617027158,331.3249842758085,332.0950012207031,1761230
2020-06-23,334.6617405541513,348.2357787034716,329.7553415598246,346.4489440917969,5378215
2020-06-24,349.6080077029658,358.9469375857698,345.7282778728849,349.00579833984375,6341445
2020-06-25,344.53380609805555,356.4592036664111,343.0924983247355,352.02667236328125,4006290
2020-06-26,352.8164016554753,355.69901678469273,345.7282630868143,349.4401550292969,2481785
2020-06-29,347.4657415350607,349.06500511640144,343.7834645546264,345.34326171875,1879725
2020-06-30,348.48257410572324,350.2990235679703,339.41017833569737,341.0292053222656,1966205
2020-07-01,341.5721355155921,344.533743626999,333.6745138851738,335.07635498046875,2920785
2020-07-02,336.66575008369,342.37178073049574,335.954962903979,340.7132873535156,2138525
2020-07-03,342.55935458498476,346.49828392068474,341.3549660237255,342.964111328125,1839480
2020-07-06,345.12605899213446,345.54066724183616,338.94616064561467,342.8653564453125,1713500
2020-07-07,341.57217142951544,357.169963738776,339.5977658143159,344.6818542480469,6186520
2020-07-08,347.4953467523031,347.4953467523031,328.93594823793734,334.0989990234375,2981805
2020-07-09,335.6489109484758,336.42880950066115,328.43246177324636,332.7662658691406,3475655
2020-07-10,331.1077828116294,332.18383014997,318.47160017814423,319.9721374511719,5719855
2020-07-13,323.40759381583626,325.57942156726835,315.12494913031264,322.74615478515625,4936315
2020-07-14,321.56159833886494,328.8471301368061,319.5871926194462,326.2310485839844,4718410
2020-07-15,328.72863282855593,341.96702527082846,328.5904401101421,339.7458190917969,7325360
2020-07-16,339.7458037797912,342.46061120958717,330.37725978089196,334.2076110839844,3009880
2020-07-17,335.2540539616569,347.73228083362557,331.89757069677194,346.5772705078125,5079355
2020-07-20,346.5081730355501,352.0365145851716,343.7933654120522,345.88623046875,2761320
2020-07-21,347.1004996576228,351.84894256705866,341.3944688570325,344.4548034667969,3581000
2020-07-22,344.5337572663948,345.471611922949,330.3278953353214,335.60943603515625,5135410
2020-07-23,335.60944571729397,346.4588246609686,334.720969248474,344.4054260253906,3678480
2020-07-24,340.5849393808301,345.9059765179312,337.6233312123012,340.7527770996094,2927520
2020-07-27,340.7528267396563,341.5524586514847,326.79376374415665,332.9736633300781,3331605
2020-07-28,333.26981091454195,335.9945004571535,328.837279700197,334.8098449707031,3219975
2020-07-29,334.7210125363271,338.82778021155383,330.71297117641217,332.4306945800781,2753720
2020-07-30,332.7070780086355,351.7798434038225,332.7070780086355,349.5290222167969,8210825
2020-07-31,349.4697985595036,357.73268134918595,338.41311491584486,339.6866149902344,6590755
2020-08-03,339.61748533682675,354.40579364437866,339.61748533682675,343.280029296875,5447675
2020-08-04,345.2544362468195,359.9341366439874,345.1162133977816,356.6566162109375,9894635
2020-08-05,359.68732804479754,370.5761731739383,357.8708785997547,367.5158386230469,9976800
2020-08-06,368.01932213009707,372.491349388859,363.74471734539287,370.7834777832031,6675950
2020-08-07,372.95537717327215,374.34733682208105,367.436916797295,369.6778564453125,4844755
2020-08-10,371.1882293257096,378.47379034929,367.6046785680105,371.3363037109375,6728655
2020-08-11,373.16264245871156,375.5319230520896,368.4240812719556,371.8595275878906,2577025
2020-08-12,371.78053174296286,378.85875801944667,366.2620724300043,368.0785217285156,4275915
2020-08-13,369.92464627302394,377.0917484713017,368.4339603566118,373.79449462890625,4194310
2020-08-14,375.67014015091894,378.68109646540563,368.02917043586723,369.14471435546875,2797310
2020-08-17,372.6197204589844,374.0709098250409,364.08039187270407,372.6197204589844,2512670
2020-08-18,369.50998409496174,384.8116270024144,369.50998409496174,378.2467346191406,7083925
2020-08-19,378.69096233084883,385.9962562967354,378.62185091125343,383.4097900390625,2621570
2020-08-20,377.5458274738925,390.93229454355424,377.5458274738925,388.5037841796875,4039855
2020-08-21,391.32713977057097,395.078528063807,387.79296740096294,390.5472412109375,3752100
2020-08-24,390.54726503522784,422.0587900363249,389.95496748751157,419.3242492675781,19423760
2020-08-25,420.5483843072567,421.41712757403906,407.32972462122177,415.9776306152344,7227505
2020-08-26,415.6222440752437,424.09243050925676,408.6032167780355,410.0939025878906,6048780
2020-08-27,410.67633679542695,437.32092890984393,409.3139922040009,428.0412292480469,9737755
2020-08-28,428.446003690655,431.21015940558607,420.9432565867936,428.07086181640625,6244425
2020-08-31,426.47156644315004,428.62366109887927,409.89642467290304,414.0328063964844,7481350
2020-09-01,414.62515704183284,432.22696890511713,414.0328293635085,424.2799987792969,6116350
2020-09-02,421.5355750629724,451.4083399762368,415.0595274206457,444.3893127441406,15579930
2020-09-03,443.0072332611302,455.87048386528,436.3732295880492,452.2474365234375,9684890
2020-09-04,440.29243268258193,453.511092151676,439.3249631282634,443.53045654296875,4811405
2020-09-07,443.2737517387717,448.64413691241884,437.4690250878923,441.0426940917969,4452945
2020-09-08,444.0437963137944,454.11327667345574,440.23320806181704,448.9501953125,6149190
2020-09-09,445.8602558526344,451.34910062637374,437.4986475166803,439.4730529785156,5300240
2020-09-10,445.3863821017996,455.8902033607717,442.45438882271986,447.2225646972656,6612450
2020-09-11,447.6767176878249,469.49387454502505,447.59772459601857,459.5033874511719,15407655
2020-09-14,465.5549622721134,467.53924952983476,458.86172853006656,463.46209716796875,3863645
2020-09-15,464.5776377847101,472.7516756594565,463.59043499729125,466.62115478515625,4277890
2020-09-16,466.6211196759414,471.78417058436236,463.0178056713504,470.44158935546875,2396950
2020-09-17,469.513643286069,476.7893228782978,465.959707289807,475.3874816894531,3472680
2020-09-18,475.3874943697622,478.5169404890237,463.4818310599955,466.11767578125,4041985
2020-09-21,465.51542635177964,466.7395781998843,452.13884166766627,456.0975341796875,3212785
2020-09-22,456.0975650523547,458.06208893969824,447.1041320797419,455.4855041503906,3070155
2020-09-23,456.10743026137567,463.8470966566927,452.34618997507954,457.193359375,3797345
2020-09-24,456.87745194064223,457.07490455498055,441.8719871891428,446.5315856933594,4094630
2020-09-25,452.5337483982863,459.64162046622755,447.79518710435076,456.91693115234375,2881215
2020-09-28,461.22115540695,485.26940090349615,458.66427366978735,478.2109069824219,6450520
2020-09-29,482.2386568475631,482.9889405706547,467.3911493286409,468.3191223144531,3731420
2020-09-30,467.93416763365,481.63654850198304,461.67530495607355,462.86981201171875,5275220
2020-10-01,468.92126317652117,472.53442852487274,463.1954998032847,467.18377685546875,1899405
2020-10-05,466.94688762879747,473.5710094595894,463.39295180325564,469.3260498046875,1864800
2020-10-06,469.41494494259973,477.5791014884014,456.96633173643636,459.71075439453125,4001080
2020-10-07,459.99702443292256,464.972535155508,455.1005068082573,463.4423828125,2867945
2020-10-08,465.56481173113986,468.1216631769172,455.1004568073425,459.937744140625,2321085
2020-10-09,461.0829413687665,462.9981172275896,452.78056213330007,454.4884338378906,1747795
2020-10-12,452.92863778705856,456.8873307011414,446.4427382131748,449.9472961425781,3357250
2020-10-13,447.2028627097368,456.66025215750284,447.2028627097368,449.878173828125,2145575
2020-10-14,449.17727376747246,459.14802806771854,447.53851350507614,457.08477783203125,4000750
2020-10-15,459.9476586219434,465.5648449452831,452.13888088486624,453.5604553222656,4204870
2020-10-16,454.69568247255694,459.0492499420906,447.59769273533254,457.81524658203125,2476895
2020-10-19,458.25957258819415,459.55280590466595,441.5659688680655,443.8464050292969,3014355
2020-10-20,443.1059193657204,454.8635066456256,439.70005814252374,452.1783142089844,2771740
2020-10-21,453.2050288623258,454.8832856016503,440.91437260211035,446.9461669921875,1979380
2020-10-22,445.79118515404946,445.8010366958738,429.4332271779538,431.8321228027344,4012840
2020-10-23,435.2971669351854,441.84232574653237,431.92092039885324,438.3377380371094,2530640
2020-10-26,439.70010043323134,440.7761478194236,421.60468721542577,427.29095458984375,2428440
2020-10-27,425.80027575654447,431.6346473282688,422.522755562348,429.3443298339844,2706530
2020-10-28,429.34431581148687,438.8313189868164,426.6196268080674,430.3414001464844,3742070
2020-10-29,428.2485069212159,444.2313205857751,424.54649690243974,438.66351318359375,2431175
2020-10-30,438.9103818473196,442.1187910273044,426.8862586740509,429.3838806152344,1886115
2020-11-02,428.56448597021625,432.3652228754352,414.6646834370902,427.85369873046875,2676720
2020-11-03,429.58128914172227,430.73632966487304,415.47415280097334,425.5831298828125,2890295
2020-11-04,426.076743570295,433.38203842030924,420.3509491322542,428.2584533691406,2291215
2020-11-05,430.8152625919853,443.7969723830737,428.4459820805416,442.02001953125,3600570
2020-11-06,441.4968149577127,451.7439843206626,436.5410679995951,446.83758544921875,3423935
2020-11-09,451.1516637149964,462.42553254994164,446.84747411952503,461.14215087890625,5649830
2020-11-10,460.6485657623248,460.6485657623248,430.81529593822194,442.1286315917969,7085130
2020-11-11,441.08220201182644,461.9911803556605,439.3052490104648,459.5922546386719,5485370
2020-11-12,461.85296630859375,479.58312062061196,457.0749082479848,461.85296630859375,11979790
2020-11-13,466.90744829620155,493.99629672446315,464.9725391590514,490.0474853515625,17180645
2020-11-14,493.6013798180409,493.99625489648787,486.02952139573574,488.8035888671875,639795
2020-11-17,495.5757811514413,500.4130686073925,485.9406726581239,497.67852783203125,4999020
2020-11-18,496.16810654336814,512.9900497836063,492.7425118070544,511.55859375,5678155
2020-11-19,508.2120006188995,520.2558870958428,492.614208085058,495.6449279785156,4860595
2020-11-20,499.9096550093302,518.6763904281858,497.8858711337738,516.9389038085938,5384930
2020-11-23,517.4916714023077,522.230232348226,507.61964432578174,517.3435668945312,3998695
2020-11-24,519.9004345477858,525.1819447911838,500.8474047222192,502.11102294921875,4451890
2020-11-25,505.66498550037267,505.84273502662705,477.80615161533615,479.0302734375,6388310
2020-11-26,480.7677351293514,495.3684721122792,472.3370152810405,492.82147216796875,5236660
2020-11-27,494.7860376897051,500.5118016738174,480.1754186967716,493.75933837890625,7585120
2020-12-01,503.47341406883453,503.47341406883453,486.90815274827867,495.9608154296875,3346830
2020-12-02,498.5374018259608,504.2533143339518,495.74363122608025,500.3538513183594,2846480
2020-12-03,503.46355674818824,511.9633585710736,495.6843937029084,502.22955322265625,2714100
2020-12-04,503.4734432979425,507.40249128002114,500.80798360613755,505.8624572753906,1830320
2020-12-07,505.44785266226086,510.16671114618305,495.5758242899511,503.00946044921875,3547825
2020-12-08,503.4733977958892,513.236847363144,502.308505792262,505.4280700683594,3049375
2020-12-09,509.18928336506735,510.2061311167951,495.57577917055403,497.1651611328125,2842160
2020-12-10,497.1553238833545,515.0730482374579,497.1553238833545,509.0313720703125,5092470
2020-12-11,508.00472517930746,525.1918997475989,508.00472517930746,522.8522338867188,5368155
2020-12-14,526.5740049988422,528.9333739307979,511.7757842060968,519.9893188476562,4457505
2020-12-15,521.0357671167942,526.0507744332765,508.4094644389916,509.70269775390625,3263880
2020-12-16,514.9249152543539,531.3717463311258,509.2090331903155,528.3804931640625,4851580
2020-12-17,532.8821478406974,577.3161530178405,531.3717589735082,553.8207397460938,34753440
2020-12-18,557.7399425038765,568.5794703277311,541.184592357101,544.5904541015625,12480365
2020-12-21,545.9132617177511,556.5553367259727,514.1253197988719,528.953125,8822125
2020-12-22,533.0894496087321,537.729314276511,509.4262301841648,534.777587890625,6202105
2020-12-23,542.9614997666166,554.2649830398452,534.3827056601411,544.1066284179688,7428590
2020-12-24,550.8592214822108,551.3330595957275,531.9049136384579,534.5703735351562,4385835
2020-12-28,540.2861217419427,542.7640100575519,527.1662200907007,538.1241455078125,4653165
2020-12-29,540.9870990948028,543.3564097618108,531.1348350750732,533.7015380859375,3315330
2020-12-30,538.0254586796094,538.1340365130451,526.4652936466063,529.5651245117188,3504815
2020-12-31,529.7329809584834,553.7516411637887,529.7329809584834,551.086181640625,9822935
2021-01-01,553.4258593023819,559.5761736494082,550.3162066700925,551.4119873046875,5016270
2021-01-04,551.9549996769904,556.0815005738755,541.1056494325114,542.4285278320312,3772730
2021-01-05,542.9615238723509,560.1783426031209,542.4284560676525,548.02587890625,7607185
2021-01-06,552.8335538852077,563.900118682127,542.3889316567353,550.5827026367188,5143125
2021-01-07,555.7951051169367,570.2082400467606,554.0181523556538,565.0846557617188,7623240
2021-01-08,572.5775984261539,582.0547207812328,568.1055410199388,575.0653686523438,6998630
2021-01-11,578.5008624635287,589.972154608776,575.3418013344137,577.7999267578125,5885615
2021-01-12,576.723934702504,577.6814925744031,563.7027263016257,568.2438354492188,3686320
2021-01-13,568.8262447270095,575.736664075731,549.101892527459,559.8624267578125,3917515
2021-01-14,562.1133671119503,565.3217766040183,541.9842850991956,549.5955810546875,4103045
2021-01-15,556.387495788029,556.387495788029,533.6818304979967,539.6149291992188,4030660
2021-01-18,539.0028744263046,558.9542657161054,536.0511475454823,553.3074340820312,7083110
2021-01-19,551.8463165523953,558.9541881366215,543.1589447290395,553.1790161132812,4820715
2021-01-20,554.8079614417877,563.3867559959527,549.4573392541843,554.9757690429688,3909270
2021-01-21,556.7823938504165,566.3779763969445,541.9743514607777,545.9330444335938,4053065
2021-01-22,551.8464135233035,560.2771044820824,539.7432964948225,542.2113037109375,4670360
2021-01-25,545.370226307097,547.6704253187033,529.1406125710607,536.97900390625,3375370
2021-01-27,536.9790196265118,538.4005938732586,518.5874291703798,520.8777465820312,2447900
2021-01-28,511.0748583306374,537.4331829093082,510.5614936368068,534.8071899414062,4425780
2021-01-29,534.8664973200115,539.9999642411271,507.42226987191845,511.4007263183594,3913670
2021-02-01,519.2686545599296,522.625168063658,502.27890340429025,515.86279296875,3710040
2021-02-02,520.2361501591837,537.0185989816976,516.1294127238233,532.8032836914062,3823535
2021-02-03,538.5882774818937,545.6665051947685,512.5063945050938,522.3882446289062,9978315
2021-02-04,540.0097867193056,566.4569267395756,529.4861716464113,557.8090209960938,16989280
2021-02-05,558.7567602775804,562.6068751302395,540.2960566769585,543.0108642578125,4503040
2021-02-08,546.9103957294719,558.5199112433717,545.9231928490939,554.8672485351562,2640645
2021-02-09,554.8078937056027,557.5918124311974,548.1343940979591,553.2283935546875,2800040
2021-02-10,554.8079785962155,557.3549787142937,547.3743125233161,549.0822143554688,2215300
2021-02-11,548.5392828983058,556.7824025219546,544.9754348479282,551.4613647460938,2532710
2021-02-12,554.4130147043729,571.3929132713255,545.9230955479323,550.7208862304688,6498825
2021-02-15,555.755679371478,569.6159842286602,552.1424835801898,566.6840209960938,2971465
2021-02-16,565.4697351403954,575.7366680597431,563.6137891107128,568.95458984375,5671330
2021-02-17,568.0364548347301,581.3636912179363,566.0817525257584,568.984130859375,3124190
2021-02-18,573.7425798105844,585.8456971237723,567.8391256920743,573.0712890625,4123700
2021-02-19,572.3801305579185,593.3581885614293,571.9457589467416,582.6964111328125,7027000
2021-02-22,584.4141904584626,617.7915155459787,581.4624636537422,614.8496704101562,14758755
2021-02-23,617.5939653333606,634.8700120327089,596.2704117946498,632.5501098632812,10229425
2021-02-24,629.8353472699176,629.8353472699176,602.2134339233021,606.3892822265625,3649250
2021-02-25,612.0656972935839,613.0529000311542,595.5695178573178,603.4276733398438,4350265
2021-02-26,596.8529506112754,610.4862184864527,577.5827332148489,591.314697265625,6726370
2021-03-01,591.749080526294,602.1937029335618,586.1714209056669,599.7059326171875,2650710
2021-03-02,602.3318447717024,617.9691011466462,602.3219631044623,616.3106079101562,3172115
2021-03-03,627.4265656240651,627.4265656240651,610.7526970279971,620.3680419921875,2096420
2021-03-04,614.4447761703491,627.4659815614688,614.4349547572456,617.4261474609375,2045860
2021-03-05,616.8042266954532,617.3175913739196,604.562949530908,606.74462890625,1859050
2021-03-08,612.4507004308243,616.9819271031249,591.5911024601531,593.901123046875,1743920
2021-03-09,599.2517883188015,604.1088086188664,584.4239848278468,590.8111572265625,2242935
2021-03-10,596.2704721999365,603.180891579737,587.9779448425456,592.6375732421875,2266495
2021-03-12,598.2449064802604,599.2321092962345,584.4537120630608,586.7637329101562,1806160
2021-03-15,590.347203695275,592.0945717233008,580.810852301219,584.99658203125,2138565
2021-03-16,584.9966130263803,591.2752079540884,575.0653559317983,581.9856567382812,3276215
2021-03-17,584.6313799310058,584.6313799310058,563.0708447078574,566.6149291992188,2564905
2021-03-18,573.3476342521545,574.5421110007663,548.4898163223846,551.0565795898438,2366350
2021-03-19,542.1717558191338,569.2507196949176,531.1150731015216,566.2693481445312,4233880
2021-03-22,567.24659359079,572.5972751009236,556.5552327453689,568.490478515625,2453440
2021-03-23,570.6032547088206,581.8079831001728,566.8518958809283,578.8463745117188,2281030
2021-03-24,577.5037201245138,582.9432168521347,564.2850610002846,566.2693481445312,2578305
2021-03-25,587.9779307684613,589.3501570448678,554.8079426410192,557.700439453125,7415190
2021-03-26,566.6444691372471,575.9834283872746,564.6799454014146,568.7866821289062,4176205
2021-03-30,574.5026170823063,588.856522493097,572.6960192897685,583.5750122070312,4821595
2021-03-31,584.6215340958203,597.2577184012624,570.9290355207326,574.7396240234375,5042105
2021-04-01,581.4525283719986,586.0035185125225,573.801707187262,582.5977172851562,2328705
2021-04-05,580.2875730248338,585.6579577190107,554.3241560187403,560.1387939453125,3348860
2021-04-06,563.4952731912656,565.4795602028638,550.0693409521571,552.221435546875,2596305
2021-04-07,552.8829302006541,568.6288273133588,547.3447368122788,565.9436645507812,4213170
2021-04-08,569.4185810425836,576.5264534787539,564.680019503163,566.3582763671875,3408280
2021-04-09,566.654355275076,574.1570717659397,564.8774024487211,568.8953247070312,1807805
2021-04-12,561.9158007547711,561.9158007547711,534.0766719761781,538.8942260742188,2983345
2021-04-13,536.0707996493087,547.4630964828468,525.3300300497783,545.4591064453125,3148300
2021-04-15,547.305215030025,552.0042493892215,536.051079859522,547.1669921875,2304365
2021-04-16,549.8324785498808,560.7311754804275,545.7256812688686,556.9107055664062,2660175
2021-04-19,534.1753410726063,551.6784853988,534.1753410726063,548.9537963867188,1664885
2021-04-20,555.7556574132965,566.6543536029751,551.4612894870331,558.786376953125,3151240
2021-04-22,552.6361436946602,570.5637812031791,548.164146113729,567.908203125,2624750
2021-04-23,567.6317386588694,578.0961246817053,557.8090585693395,561.6492919921875,3043970
2021-04-26,561.7381469463778,572.7750668314479,553.741768250459,569.7838134765625,2700145
2021-04-27,569.6160059368116,583.73299368651,566.8518501945192,582.6470947265625,2511380
2021-04-28,581.9658508207257,585.7962019689824,570.6031385423203,572.9329223632812,1953785
2021-04-29,578.174985343297,593.1113669346788,574.0287219746748,580.1099243164062,2998040
2021-04-30,576.3092279350327,585.4112080145866,568.9347923468125,570.9388427734375,1930245
2021-05-03,570.4057556919149,576.9805599658115,562.1034068026763,570.3958740234375,1470370
2021-05-04,571.9852390056432,574.0978068816827,545.6170345560043,548.9340209960938,2756995
2021-05-05,549.9311061107757,554.8078896147047,542.961457807985,552.20166015625,2006970
2021-05-06,555.1040910809563,559.7044896117741,549.3388607964022,558.3125,1343790
2021-05-07,558.3224037454004,561.7973768241225,539.9999224964516,541.095703125,2210535
2021-05-10,543.3564910563224,548.0950528452271,532.2998067128233,545.8837280273438,3045795
2021-05-11,542.9418124489838,567.582417652559,541.1056295809361,556.4862670898438,4043850
2021-05-12,561.5012901795561,561.8369054207566,548.3714435046031,556.920654296875,2036960
2021-05-14,560.533674297556,564.0678767923786,550.2865055739262,553.8700561523438,1545720
2021-05-17,555.40021324227,562.3106321214156,550.967682773298,556.0221557617188,1630300
2021-05-18,559.7439334209104,589.3600145542919,556.2294942032453,585.2236328125,6597620
2021-05-19,585.7962134138065,602.9833855804039,581.6301867673423,595.2042236328125,4464680
2021-05-20,594.0985793755426,604.6517787653462,585.8850455902729,589.5179443359375,2863455
2021-05-21,594.0196136521124,608.6993740733575,586.3984372947492,596.3001098632812,4446305
2021-05-24,592.4105600372839,601.1966288830489,589.0441647170338,595.026611328125,2681550
2021-05-25,596.3099336085867,609.8741501478136,596.3099336085867,606.92236328125,3268120
2021-05-26,611.6510583024105,622.5102878704147,606.1424504322289,620.83203125,3072140
2021-05-27,622.0266901923798,624.9784171677735,606.932319569782,611.3352661132812,3593220
2021-05-28,613.5267657994862,623.8035805044562,610.5454543700181,616.1329956054688,1932345
2021-05-31,615.5603901173214,627.7918468310994,610.6243762945611,614.2770385742188,2762055
2021-06-01,617.3472726697319,619.6672354991009,601.9863988701526,603.3290405273438,1843100
2021-06-02,604.1680366315252,608.906597417037,596.5665639891055,600.8115234375,2381030
2021-06-03,604.1681204770872,637.3381108330216,600.81160681725,627.189697265625,6751425
2021-06-04,632.7377070884608,639.6875924724392,623.1025990023071,626.7750244140625,3742305
2021-06-07,630.8225411725175,632.7969466221967,616.2316559774331,621.1775512695312,2337265
2021-06-08,623.3198346618874,635.4228896510452,618.7786659016239,620.6839599609375,3344080
2021-06-09,621.9179890988249,632.4020778195588,618.2159786676597,624.5044555664062,2166480
2021-06-10,627.8609125340997,637.5256052038118,626.942821260411,633.29052734375,2916995
2021-06-11,635.7586137242619,642.0372091752183,630.1808937102982,635.3637084960938,2622165
2021-06-14,638.7004473806887,639.3125082955173,624.8993715370518,631.7703247070312,1572435
2021-06-15,636.5482207316355,637.1109334408546,619.7263102168132,627.0612182617188,6647325
2021-06-16,641.6818273481764,658.0101401556911,634.1791100838904,638.2167358398438,15188705
2021-06-17,635.7586042203103,649.4807472639635,630.4770933334651,642.392578125,5478790
2021-06-18,646.4203614034342,653.5282333944915,632.0171067390312,650.0137939453125,3604075
2021-06-21,646.0057648868714,647.8320659420657,637.3578588279561,641.3560180664062,1591495
2021-06-22,645.6305903795641,649.964424858533,634.2284108112901,635.7882080078125,1926455
2021-06-23,641.2869455965437,641.9088882107584,628.1176933539552,635.90673828125,1783720
2021-06-24,634.573906161206,643.4587307783625,622.3326283966788,624.455078125,2351025
2021-06-25,624.8895218587123,627.8610120753823,610.4960874465964,615.590087890625,2008430
2021-06-28,617.0017867743462,621.0394729787931,611.0884512905538,615.5999755859375,976015
2021-06-29,615.6196911945979,623.4482630480475,611.3451461118013,613.7835083007812,1923625
2021-06-30,614.6324198242253,620.950541646905,606.142500113195,608.1563720703125,1614420
2021-07-01,612.4607039006435,617.5941107827327,606.1425812324181,614.6226806640625,1029990
2021-07-02,617.0017173079457,621.9377310464092,610.6638925388992,621.0986328125,1516100
2021-07-05,625.0967838151367,630.2302500876419,618.7984255458905,620.5753784179688,1778490
2021-07-06,620.950457824565,629.2034573976323,617.3175593558568,618.5317993164062,1554160
2021-07-07,618.9761124556765,623.4284064139918,616.5673353814118,622.2042846679688,782820
2021-07-08,623.5172105876283,623.7146631814095,614.0400886268491,617.2879638671875,1287630
2021-07-09,614.8298247018623,619.5683855739975,611.0784665220082,613.7932739257812,821470
2021-07-12,615.0272443121829,617.7913996515365,609.6963259580908,611.4930419921875,682585
2021-07-13,613.0529145497904,616.2119754356445,607.129697984092,610.1900024414062,1184680
2021-07-14,608.9066107753052,624.6426241579849,606.3991376192054,622.984130859375,1692105
2021-07-15,626.8736614008671,626.8736614008671,612.0656221551774,613.1021728515625,1899415
2021-07-16,614.8791424255604,622.9248680720161,612.885034058381,620.9899291992188,1436260
2021-07-19,617.5939506507495,617.5939506507495,607.327079294519,608.6400756835938,1321870
2021-07-20,609.5582216453787,611.3351745152344,596.8726303648168,605.0565795898438,1564855
2021-07-22,633.1918462678568,693.6086042956144,633.1918462678568,677.211181640625,26416610
2021-07-23,672.8773833914663,718.3973488728068,669.3333591922868,704.7344360351562,17494475
2021-07-26,691.0418758257408,714.7643851421122,689.0674704662387,702.7896118164062,4354885
2021-07-27,708.4166698803724,732.1292992361573,706.8569329170243,724.5179443359375,7170100
2021-07-28,724.5080687930424,729.4934302613614,704.8627114179998,722.6915893554688,3341965
2021-07-29,719.7004365543986,738.4276434564665,716.7190650227764,735.1106567382812,2789580
2021-07-30,740.5995305632139,753.5121596739473,735.9991319098842,745.3677368164062,4008010
2021-08-02,744.3509697715817,745.2987062256251,735.4661438724514,737.2332153320312,1401590
2021-08-03,744.4890928257458,756.1676579200918,735.7819573814277,747.1742553710938,3125235
2021-08-04,748.2997019502385,750.0766548908621,729.7501835366332,736.8975219726562,2066025
2021-08-05,740.0071959701926,741.063510198383,727.6770426189864,728.9702758789062,1550205
2021-08-06,729.9393434177421,738.5420000055419,728.3770071700072,734.8536987304688,1030220
2021-08-09,735.4767141504564,744.7715503731655,728.7528196084899,732.5993041992188,984770
2021-08-10,736.218214138214,760.0188696980359,733.7264548552732,741.9631958007812,4937015
2021-08-11,742.5960286385837,750.8525648694043,710.1828201505467,726.2509765625,2151325
2021-08-12,726.8245716141162,741.1920057949548,715.0676095749981,739.8373413085938,2267095
2021-08-13,742.9125388148184,750.5065903524101,737.9289594673179,747.8367919921875,1922705
2021-08-16,749.4979720107207,756.4394355555675,737.6520508816384,741.913818359375,1946455
2021-08-17,741.6073132034065,779.1820837390458,738.8682908806181,769.2544555664062,4511580
2021-08-18,775.6124494773713,823.480700154418,775.6124494773713,799.037353515625,12645185
2021-08-20,792.8177352927971,810.6262082673708,775.2466273503135,784.7589721679688,4534060
2021-08-23,790.573246062297,791.720238897767,744.5737939544385,749.7947387695312,4398145
2021-08-24,754.4618003226615,756.4295219672894,722.9187467842992,731.7191772460938,4155405
2021-08-25,735.4271972432167,769.8674551905339,728.3571839120509,756.9635009765625,7677000
2021-08-26,758.6148775622938,763.1534806689004,742.012722680905,757.2997436523438,2325610
2021-08-27,757.4084147172757,758.5949983964115,738.0969931687192,753.9376831054688,2158315
2021-08-30,757.5666684842414,774.989490350244,754.8671769978359,772.744873046875,2800285
2021-08-31,774.8312063951124,794.2415443721119,768.6413087714253,790.0588989257812,3611610
2021-09-01,790.4940092778248,806.8686950875748,786.6673206623832,791.5718383789062,2548810
2021-09-02,793.3616326803974,817.3995950255274,791.8586225641692,813.95849609375,3377045
2021-09-03,816.5294477092708,825.6561424018123,801.1336726380343,813.4146728515625,2678800
2021-09-06,819.2288015955467,832.1821839735775,806.9675376963457,821.3250732421875,2078110
2021-09-07,821.3251055819601,826.990965832308,803.6451833738388,806.097412109375,2211825
2021-09-08,810.1317904895409,810.1317904895409,792.8672114257992,801.0940551757812,1799430
2021-09-09,797.9694276820068,819.6342216481403,796.980617982277,810.3690795898438,3022330
2021-09-13,810.8239576573758,818.7344352930576,804.8910994306145,817.78515625,1525225
2021-09-14,817.5478499678749,822.679774738007,809.0441106671192,813.9881591796875,1855170
2021-09-15,816.7469311708077,832.3404797717991,813.1971380723268,823.5301513671875,2252430
2021-09-16,827.5545661548612,828.6224974893689,808.8463042318662,810.1021118164062,1929805
2021-09-17,812.4851475834246,844.9477869541912,809.2517205496272,811.377685546875,5472790
2021-09-20,808.846383879729,830.7979726275812,797.0004622646945,807.53125,2773360
2021-09-21,811.0909861974635,821.0680426947529,789.6733333934357,817.8148803710938,3060505
2021-09-22,821.8095962492753,827.6336997319055,810.3196326295566,812.6433715820312,1582330
2021-09-23,824.6673490116483,837.5218760346116,817.9434546392993,826.8723754882812,2501110
2021-09-24,826.8722460300864,830.3034467813677,803.7736678805098,814.1759643554688,1562340
2021-09-27,819.5056988621592,820.712017678147,799.8579953968964,806.1270751953125,1449745
2021-09-28,806.2754019632844,806.4731156089179,783.6810655517949,791.3641357421875,1565620
2021-09-29,789.0701774615402,815.8668974424914,779.5380370237276,804.989990234375,2657945
2021-09-30,809.2220398550023,817.4192500625035,796.1005165896196,799.1361694335938,2322220
2021-10-01,801.3709098381646,815.7679761917783,793.4209018333252,800.125,1812985
2021-10-04,804.6141551821884,822.2940764590453,802.2509459987966,819.8517456054688,1898605
2021-10-05,819.8517879883432,821.4437571142224,802.9233708227364,804.6141967773438,1843705
2021-10-06,806.3248534666019,812.8707686213136,774.4357417675075,777.9855346679688,3460435
2021-10-07,783.5328176881831,794.6470288792285,779.5874163534874,786.0443725585938,2519825
2021-10-08,790.0588189998662,798.5625568657654,785.9058068796256,792.3923950195312,2792715
2021-10-11,797.5739270945387,814.779241033934,793.2232003682736,803.7342529296875,1616295
2021-10-12,806.2754615925488,865.9995318591584,799.9668508152205,845.6201782226562,12912260
2021-10-13,854.35138024547,904.7114512563844,843.454677988544,895.01123046875,6192620
2021-10-14,898.6302975962067,903.4655918059335,868.8967808780719,872.0510864257812,2794435
2021-10-18,907.7272705620139,907.7272705620139,857.2979777530131,864.0614624023438,2727295
2021-10-19,874.0879935551221,874.0879935551221,846.826502439059,856.53662109375,4050010
2021-10-20,858.2868487721277,858.2868487721277,770.8859419339599,784.1656494140625,14032595
2021-10-21,790.0589361779331,790.8499718533627,728.7527358737631,765.0914916992188,13802435
2021-10-22,771.2715546241768,777.2044127366705,727.170666795502,731.9663696289062,4562670
2021-10-25,737.6520016090716,739.619723163454,710.0740858847737,725.9939575195312,4525540
2021-10-26,721.8310818036352,737.2367538453901,721.8310818036352,734.8042602539062,2543940
2021-10-27,739.6098273877359,761.9964924903138,735.1107555221159,747.9553833007812,4515105
2021-10-28,752.4149286120427,756.8744698425172,731.7290473885158,736.61376953125,1778985
2021-10-29,737.2565272412169,746.1261821032783,725.2326272071023,729.6031494140625,2101515
2021-11-01,731.7191719802393,745.4932837456629,718.8646459859918,740.9843139648438,2192520
2021-11-02,743.5849401319075,750.5066084576034,737.6520815670252,742.5961303710938,1381040
2021-11-03,745.5624950899328,751.3173746417713,734.586731836234,736.7225341796875,1711960
2021-11-04,743.8419916059811,749.3199755953157,741.6171697898715,746.6798706054688,334380
2021-11-08,750.4077125110448,773.051418642191,743.7134514665511,766.02099609375,2466660
2021-11-09,770.0850434308186,776.0179021018606,762.0163821931516,772.0824584960938,1315740
2021-11-10,769.2939336555357,777.9163251254175,763.9346020703174,766.515380859375,1838740
2021-11-11,763.3610580668504,775.0289999927786,760.3946290847254,771.2814331054688,1673865
2021-11-12,777.9954602833683,796.9806186034089,777.2044245933987,791.7893676757812,5123110
2021-11-15,791.4432466189986,800.4413900500415,783.8986243651542,791.0180053710938,1928590
2021-11-16,792.1552540364914,806.3545474175826,788.1307911526568,793.4209594726562,2682120
2021-11-17,790.0589214692413,791.9178884655764,772.458121521959,775.6717529296875,1690930
2021-11-18,776.2056653009663,781.1398157205938,739.234058583869,754.6199340820312,4049515
2021-11-22,757.8039448104319,764.2905337039002,726.9728671487952,740.064697265625,2072950
2021-11-23,736.6632962418091,765.9123068354914,733.3705427304724,752.1282958984375,2376310
2021-11-24,754.7980605840016,756.370234288177,741.6073119734184,745.2164916992188,1244015
2021-11-25,744.5737398186088,751.2877362769162,738.8386553539169,743.1992797851562,931105
2021-11-26,737.6520519014866,740.1141784505501,712.3385471835311,723.5120849609375,2207685
2021-11-29,714.9094161306687,734.7844670440618,697.4173700494296,719.9028930664062,2231210
2021-11-30,719.8929459818505,740.5689892768673,718.0735700480183,722.02880859375,2394100
2021-12-01,728.752798918713,741.5974281469729,725.9544503770421,731.8477783203125,1525445
2021-12-02,727.7639649607053,745.5625401907225,727.7639649607053,744.158447265625,1715570
2021-12-03,747.5302955483488,761.3835302154985,744.5737639639874,751.6041870117188,2025950
2021-12-06,751.0997717609227,770.4606812395102,730.7698481563929,733.0144653320312,2539820
2021-12-07,738.6408643370942,753.0774621765819,734.6955231919599,749.9824829101562,2097320
2021-12-08,754.5706296761016,761.5813176915216,745.9581349699345,758.0018310546875,1526165
2021-12-09,763.3611416245246,763.3611416245246,752.9292106326005,756.59765625,1473155
2021-12-10,759.3959911587889,763.2325778215722,746.9172169269647,749.1321411132812,1510685
2021-12-13,751.6931185533514,753.2751898747013,735.7139205878167,739.3428955078125,2367040
2021-12-14,737.2664312736168,743.7728163983561,725.1040832860757,742.1808471679688,1967555
2021-12-15,740.6184826314837,741.6072923546233,726.1917222159299,727.30908203125,1069360
2021-12-16,735.8721461623328,737.4542174454808,721.6036302993152,726.4191284179688,1088575
2021-12-17,725.7862925240499,725.7862925240499,696.2011243105005,702.7173461914062,3831670
2021-12-20,696.1220789510724,696.191302877318,660.5249271865289,671.0656127929688,3669085
2021-12-21,675.3570757860342,678.3235051086668,665.4689780439254,674.8033447265625,2253175
2021-12-22,676.9391794201733,682.2787765952619,668.4848675197513,678.2147827148438,3321825
2021-12-23,700.4728487019847,715.7004825898451,685.7790899984074,698.979736328125,6200385
2021-12-24,698.9796632726549,701.7779511097884,677.334605695193,679.1638793945312,1580800
2021-12-27,676.9391368485075,698.5742992028961,662.5025385084406,696.24072265625,2778315
2021-12-28,698.0996783144694,703.6369887324748,690.189200373229,693.64013671875,1520955
2021-12-29,691.9690798222193,707.483507860478,687.9248815733573,701.857177734375,1934990
2021-12-30,704.0325178788709,709.5698281482919,693.4028134305593,696.3890380859375,1748360
2021-12-31,698.0996359747626,713.9205908977034,695.1431046798826,710.182861328125,1672205
2022-01-03,712.5361900409556,726.7750727499783,712.3384763981177,722.6912841796875,2139040
2022-01-04,728.7132592146036,728.7132592146036,707.9877850104265,712.8626098632812,1862140
2022-01-05,713.1295607342602,722.8099858757861,705.2190832116443,719.4381713867188,2540320
2022-01-06,716.8475087743444,716.8475087743444,693.3039520036443,707.9679565429688,3144775
2022-01-07,711.5474124336711,746.1557507884635,708.9765314396046,744.2671508789062,7050815
2022-01-10,748.4894100237274,755.2034061400826,741.6072728053184,747.985107421875,2584510
2022-01-11,747.9850997970427,767.2866238477011,747.9850997970427,752.8005981445312,3322805
2022-01-12,756.6371563069654,776.2155753079979,754.2639890059274,774.6730346679688,3305745
2022-01-13,781.1596546966758,782.1484643861653,768.3051287333128,774.9400634765625,2103550
2022-01-14,771.2715486978351,797.3761483330846,763.3610712752932,777.5010375976562,5458050
2022-01-17,787.0925096563828,788.0813193418809,763.717034206694,770.0750732421875,2372980
2022-01-18,776.1957854937493,776.1957854937493,746.551291279855,748.9639892578125,2156370
2022-01-19,748.9640044672426,751.2975808214002,733.6967806340332,739.92626953125,2341835
2022-01-20,742.3786257971007,744.9099763863973,721.8509253789467,730.8391723632812,2011865
2022-01-21,725.7863396970633,742.7740835665152,714.1183969876236,732.055419921875,2423690
2022-01-24,730.7303778333578,731.521413533247,687.0249764527314,692.2953491210938,2615020
2022-01-25,682.4765115236133,697.3580864088037,658.3198962193043,682.5259399414062,4885455
2022-01-27,677.2950732953236,677.2950732953236,619.9342163756479,641.351806640625,8319735
2022-01-28,652.297933559032,681.2898393343573,646.6221759036501,653.5240478515625,5080915
2022-01-31,671.4017828560504,694.3421798488088,664.499910498143,669.2758178710938,4892750
2022-02-01,682.2787468988122,682.3479708255393,666.4577904489846,680.3802490234375,2220380
2022-02-02,685.2451418532182,698.8709688810372,650.6368013555809,652.9308471679688,12132530
2022-02-03,649.4403291463851,659.733872364549,611.0151970316382,630.3662109375,17304120
2022-02-04,638.7710344534971,642.7262730569244,625.975835157324,634.4005126953125,5531130
2022-02-07,635.8046223181858,639.7598610262305,619.1234078951795,627.6766357421875,3542440
2022-02-08,629.6739967793093,644.6742228365017,618.9948642272884,640.7882080078125,3969265
2022-02-09,642.7263254911657,646.4145664770633,635.1322739953134,637.1395263671875,2433950
2022-02-10,640.9464967745058,642.330794223479,625.323314679056,628.9324340820312,3717080
2022-02-11,624.9277676669034,624.9277676669034,605.151572487571,609.1068115234375,5502270
2022-02-14,591.3081612912611,597.0432450995756,571.5813970172178,582.9428100585938,6064160
2022-02-15,583.3977063825748,624.1366769326021,583.3977063825748,621.8624267578125,7265045
2022-02-16,625.1254875927442,630.8308783687876,602.6597004300186,605.1812133789062,3481830
2022-02-17,607.5247249384973,618.0357772430352,593.7703477361869,599.3867797851562,3068725
2022-02-18,598.2298432799226,602.7783435673058,587.3529370384695,589.3997802734375,3648860
2022-02-21,590.9126787790714,597.2410852805226,575.2894968968004,589.5877075195312,3354235
2022-02-22,573.7074755538059,596.8455893692421,565.9947709486605,592.1487426757812,2728265
2022-02-23,595.2634907445364,608.6223206001489,595.2634907445364,599.060546875,3525695
2022-02-24,569.1588751992625,593.0880835240914,564.0171127155816,570.464111328125,6289185
2022-02-25,587.4715952177386,589.3305622220474,574.3006431956184,581.5585327148438,4074325
2022-02-28,578.2559189511364,578.4437952142208,566.6769956198432,575.5861206054688,2825805
2022-03-02,572.5801249538765,574.5874375525112,560.8824896620797,565.0552978515625,3649035
2022-03-03,572.9163823341199,574.5478821791238,551.7558299479421,553.6246948242188,3587120
2022-03-04,549.7782245225242,549.7782245225242,517.1475025634535,519.7183837890625,7210845
2022-03-07,505.2817483143892,508.3174012852683,489.4607933769523,504.9752197265625,6908905
2022-03-08,509.41498809724914,555.4638643424988,497.97445230947596,509.70172119140625,4165890
2022-03-09,517.7407410573105,538.5057450091089,509.9291805438795,532.9190063476562,5473380
2022-03-10,555.7110226470838,561.1593734685267,537.7146749677978,544.883544921875,5231800
2022-03-11,544.8835862649194,569.4357486070704,539.4451327836664,566.5088500976562,4735320
2022-03-14,529.0032782783474,532.365255313614,483.19173932117315,497.1734924316406,41839070
2022-03-15,503.8974175453618,512.0847604656814,491.0923201549618,499.1610107421875,18169680
2022-03-16,506.0925602603668,511.9067658070463,501.32649052436614,506.95281982421875,8755715
2022-03-17,513.7855086783012,517.0288335435002,504.4907334798563,506.43865966796875,9528220
2022-03-21,511.2146165887393,515.3379361527569,501.32651955607514,504.8170166015625,6258410
2022-03-22,504.0952114779357,522.0915614624129,490.84516652149193,518.4033203125,8005120
2022-03-23,524.0691327358658,532.563034479872,519.4316129019094,524.3262329101562,7861670
2022-03-24,518.3340957069755,524.919542248209,515.0413422602793,517.9286499023438,3567810
2022-03-25,520.1138286694063,523.6240905377155,514.3886430425746,517.5626831054688,4034935
2022-03-28,516.751906205967,526.9564291795289,508.24816723740827,522.9715576171875,4974575
2022-03-29,525.0382162649338,531.3864187308981,518.3341171022439,520.0447387695312,3625680
2022-03-30,522.5265575164879,527.9551126688491,514.3787759116785,517.2364501953125,3693390
2022-03-31,519.1251027429013,525.4535090886294,514.4677872372317,521.3993530273438,6931205
2022-04-01,524.4646787865212,540.799773672295,523.2879928523968,538.9902954101562,8133585
2022-04-04,542.945551233046,557.4909034689367,536.9533667933391,553.041259765625,6490910
2022-04-05,555.7012240603884,564.0072507337193,549.4124080560402,558.3215942382812,5490395
2022-04-06,554.3267488581243,555.7111067167883,543.4597388297414,547.5336303710938,3911870
2022-04-07,544.9329833449697,551.9535681919887,540.9876424299687,544.3990478515625,3015975
2022-04-08,551.409729082766,558.6576604112918,547.5138166221076,552.1216430664062,4996095
2022-04-11,551.3207095864664,553.0115958256181,544.043085000167,551.4690551757812,3515880
2022-04-12,548.789296624218,551.3601772963743,528.0440917149655,548.9771728515625,5227585
2022-04-13,541.8678005404887,562.2372594126414,540.2857289133528,549.9364624023438,4858600
2022-04-18,548.5916408511489,565.7969547555945,542.0358273371974,562.5734252929688,6693325
2022-04-19,570.543218465738,576.7727077407732,524.0691608090834,540.087890625,7231554
2022-04-20,548.5915919836667,550.5692113205597,532.6223520495479,545.5263061523438,3235878
2022-04-21,549.7782833681431,594.1263815457328,548.7894735059702,588.0946655273438,7144617
2022-04-22,587.3530502701869,587.3530502701869,564.5609953225594,567.9229125976562,5349486
2022-04-25,559.1718606578385,561.7922303879888,523.5747130297532,534.5504760742188,9956364
2022-04-26,546.4162469099806,547.7017478742371,533.0178867894261,540.1373291015625,4684631
2022-04-27,534.0066901606003,545.6746330690156,524.0691643041328,526.1951293945312,3370736
2022-04-28,536.5281372070312,539.8901144414856,519.1251100398899,536.5281372070312,3755399
2022-04-29,539.89013671875,555.7110931061126,537.4675407015033,539.89013671875,3314953
2022-05-02,531.1391449825521,543.845325259108,523.080321931033,541.1260986328125,3430114
2022-05-04,541.1261475219269,542.6093621793648,509.2864608051615,515.0215454101562,2924707
2022-05-05,524.0691228232954,526.046742154704,503.79852467635664,507.35821533203125,2838252
2022-05-06,489.4607653517465,501.52425487124987,486.6921104666515,490.993408203125,2589808
2022-05-09,490.99344525489136,496.6296726243946,481.94584252054347,484.07177734375,2832425
2022-05-10,484.51672806539165,489.4607763109569,469.68458332869596,474.4803161621094,4206212
2022-05-11,475.6174552605324,480.56150365201404,458.1155118842568,463.3067626953125,2001979
2022-05-12,456.63235784648066,466.7182299713792,446.1509980091743,463.6034851074219,2600931
2022-05-13,472.3543990767352,484.6156331480264,467.2125766390598,469.9812316894531,2322936
2022-05-16,479.5232953373083,482.53915297295794,469.73405477342857,480.462646484375,2900054
2022-05-17,485.45612818725954,493.4160341018384,478.92997821402383,489.9552001953125,2024441
2022-05-18,495.3936505874112,498.8050560600905,479.572695678432,484.4673156738281,2702106
2022-05-19,468.9924456785308,490.4496290185225,468.69581482818484,476.3096618652344,2051048
2022-05-20,482.539123154314,487.08765371106585,477.59507476133945,482.0941467285156,1686011
2022-05-23,486.1977505317655,494.89926398189516,477.6445223280793,479.9682312011719,1862599
2022-05-24,479.5727302858134,483.77517173677154,466.71820349464724,472.79937744140625,2221502
2022-05-25,473.7881388108197,477.29843118173375,453.3197971161669,459.2526550292969,2043894
2022-05-26,467.7069876884751,484.5167525736846,460.29091494500034,481.4020080566406,4755358
2022-05-27,485.4561582929488,513.1428312621524,484.1706875137314,510.9674377441406,5660230
2022-05-30,523.8219007846224,567.3295244458275,505.77612506150894,560.5067138671875,16680979
2022-05-31,549.7781444404502,558.6774309511769,541.0766319226138,544.78466796875,8026161
2022-06-01,544.7846608010301,558.2324472105586,544.2408275918485,549.7781372070312,3454296
2022-06-02,549.3332094157574,550.9647695397928,540.4339222348094,546.1690063476562,2082435
2022-06-03,548.987156229533,562.7810635827799,534.7482724418933,537.3192138671875,6404432
2022-06-06,536.429305932392,537.9125206031729,523.129802313959,525.107421875,1641770
2022-06-07,509.484215657635,524.069159240265,509.484215657635,516.7025146484375,2454574
2022-06-08,521.8443549067729,522.6353906505059,508.2482206008172,510.5718994140625,1968109
2022-06-09,506.27056513312607,521.1027105960106,496.5802421678057,518.9767456054688,2551070
2022-06-10,518.5812277657825,529.0131573972991,512.7966551605215,518.8284301757812,3239055
2022-06-13,503.3040630155255,516.1091588110058,503.3040630155255,512.1044921875,1603293
2022-06-14,504.8367549056889,522.7836742000438,504.8367549056889,511.3134460449219,1977805
2022-06-15,512.3517489792746,521.1026903210345,510.02801006920834,518.2846069335938,1382078
2022-06-16,523.2286790341325,532.2762516148143,502.0681272267941,505.6772766113281,4490231
2022-06-17,503.9963386510156,503.9963386510156,481.55034538894347,485.06060791015625,5731010
2022-06-20,487.5326151577468,502.11755837165134,482.5391381956207,491.33953857421875,4782123
2022-06-21,496.3824448809552,514.6259950152373,490.94399179959015,512.0550537109375,3394802
2022-06-22,506.9627660302592,511.5112666957456,499.34891895789553,501.7715148925781,2511853
2022-06-23,504.2929278093173,523.9702642313653,504.2929278093173,521.8442993164062,3345874
2022-06-24,526.8872379209593,531.4852272839057,520.4599747072933,527.6288452148438,2747036
2022-06-27,533.957205994796,541.6699091220684,522.5858951263883,536.5775756835938,3161813
2022-06-28,532.9189838556739,533.7594479345315,517.3452315491193,529.5570068359375,2391155
2022-06-29,524.0691865680816,524.0691865680816,500.63438256998256,507.65496826171875,5638542
2022-06-30,504.2930002058931,513.1428600250366,499.64558205513214,506.517822265625,3291998
2022-07-01,506.517737676101,538.901253359639,502.809701529131,535.3909912109375,5437843
2022-07-04,531.6830085860953,548.2455717098397,519.3723152684629,542.1643676757812,3722672
2022-07-05,539.2473499783835,557.6392467537509,539.2473499783835,548.8882446289062,5470479
2022-07-06,547.5533900396308,558.4302971103955,538.9507332859583,556.6504516601562,4036712
2022-07-07,559.6662623675588,567.9722875753586,555.7110237642546,564.4125366210938,3217264
2022-07-08,566.9889301830112,573.5783316886477,562.034465676832,569.9616088867188,2693832
2022-07-11,566.790749841447,578.6814648730858,562.0344759246524,576.650146484375,2514396
2022-07-12,572.7360744683782,577.4923481120479,570.7542887435742,572.9342651367188,1348821
2022-07-13,575.7088286297162,584.577333008256,573.8261077522845,576.4024658203125,1532767
2022-07-14,575.4115056156535,583.0909254103467,549.2519094781388,554.55322265625,3111276
2022-07-15,555.7919015707638,561.1426874223245,550.7383110406522,560.1517944335938,1787042
2022-07-18,563.8180940921305,564.2144754677493,549.6483368637081,554.8505249023438,2647404
2022-07-19,554.8505496814714,558.8636542517792,546.8242800615465,553.7109985351562,2504705
2022-07-20,559.8544173766733,579.5732077733396,553.9585932748121,572.0919189453125,4421997
2022-07-21,572.290213861193,581.6541643784797,568.0293862520672,578.7310180664062,2633448
2022-07-22,578.7310407971081,580.663294230426,568.6239201668601,575.7583618164062,2183827
2022-07-25,573.726987025225,585.5186366843039,565.2053323077631,568.12841796875,3321798
2022-07-26,568.7229291994253,568.7229291994253,542.0183563997745,547.3692016601562,2566764
2022-07-27,549.648338630273,554.9000592379133,540.0366647940406,553.5623779296875,1612319
2022-07-28,557.8727152834424,592.2567117848724,557.1295455916794,560.3004150390625,8784911
2022-07-29,571.6461511408536,571.6461511408536,539.0457498012267,545.2388305664062,8043330
2022-08-01,549.9455465877135,559.2103707934615,540.2348084915744,554.55322265625,4604791
2022-08-02,552.9181993044214,564.7098481766474,548.756437321324,560.7462768554688,4218800
2022-08-03,560.8453567016057,574.7178566906914,556.5845295151038,567.9797973632812,4311772
2022-08-04,571.6957118672128,577.1951557618722,552.5714896176595,564.1153564453125,4430089
2022-08-05,565.7998554835152,574.5197010553513,565.4034741250802,570.4075317382812,3043077
2022-08-08,569.7633894230174,575.9069371961343,559.9039934580113,562.3812255859375,2197845
2022-08-10,566.2456503308323,567.8310544726112,553.7108333774175,563.4215698242188,2096534
2022-08-11,566.7907561551433,589.58129355299,566.7907561551433,582.793701171875,6796284
2022-08-12,585.6176625731354,585.8158532350096,567.6329335155912,568.921142578125,3001351
2022-08-16,571.7452254158644,580.4155386262436,565.8494003369455,578.92919921875,3037092
2022-08-17,579.6723061266061,605.4355197322332,574.4701187639315,600.3323974609375,8247970
2022-08-18,605.4355640419827,621.0916598215122,603.4537782349714,614.5022583007812,11246536
2022-08-19,619.2586012854571,619.7045152376841,587.5995573876788,591.166748046875,6548156
2022-08-22,587.5994447713991,587.7976354321058,556.980832310816,559.5571899414062,5768154
2022-08-23,556.5844793967663,577.492292591641,552.4722502214294,575.9564208984375,4760268
2022-08-24,575.8078029989645,578.8796070791633,566.9888930432173,573.8756103515625,2217061
2022-08-25,581.3073608053036,591.9098667587989,577.6905774238782,579.67236328125,3525097
2022-08-26,584.5772503820672,592.5539257482022,581.9513601314295,585.61767578125,2667023
2022-08-29,564.8089479237169,601.2242616714303,564.8089479237169,597.7066040039062,4316180
2022-08-30,602.4627970264598,613.0653616357778,599.4901187516582,610.6871948242188,4740168
2022-09-01,608.0117886619598,617.1775469228734,602.6114713673448,612.8671875,2718162
2022-09-02,610.3900504647187,616.6821964360663,599.2425049002251,600.8775024414062,2838413
2022-09-05,601.4719474728755,604.9400723759317,592.0584655931518,593.4457397460938,1947585
2022-09-06,599.4902029260536,613.1645128142915,596.9139055845387,605.7823486328125,6253301
2022-09-07,603.4041990677025,614.0562969574263,600.9764995458127,606.6741333007812,2322465
2022-09-08,610.3900015695903,613.3626801486629,599.9856265428359,601.8683471679688,1846763
2022-09-09,607.8137070347684,608.3091534668217,593.5943581472568,595.526611328125,1592144
2022-09-12,601.3728712368326,622.2806853589245,599.6883413621352,619.4566650390625,4083711
2022-09-13,623.2716215513303,627.1361279752454,615.4435436072162,618.5648803710938,3929890
2022-09-14,605.4355368149216,632.6850904358879,603.4537510970332,629.5142211914062,5014125
2022-09-15,634.1219361259934,634.6669151360262,620.2989677988328,628.7215576171875,2521612
2022-09-16,626.6902253950078,632.1401363336518,609.3991322301772,620.8439331054688,3971442
2022-09-19,620.2494126168486,620.2494126168486,601.5710454724567,609.1018676757812,2653096
2022-09-20,614.3536134367681,627.1856889100584,612.8177414990372,618.6144409179688,2219089
2022-09-21,617.8217073464856,631.0996960585637,615.3940077077241,617.3757934570312,3488225
2022-09-22,616.3354048790251,632.1401592704174,613.4122586281912,629.16748046875,2847430
2022-09-23,629.0683533266232,641.1077266352198,612.4213641744599,615.39404296875,4538949
2022-09-26,609.3991240267949,609.3991240267949,576.204212392815,597.16162109375,5503642
2022-09-27,603.5528542754973,609.3991467038904,588.6894604534511,601.7197265625,3293021
2022-09-28,594.5357251884615,609.5973089890961,592.8511952045671,597.90478515625,2596978
2022-09-29,600.4810723258541,608.4082151948423,591.5630365982424,598.1029052734375,7240740
2022-09-30,599.4902354043694,619.8035409015423,585.617734089227,617.029052734375,3565158
2022-10-03,617.8216698075033,621.78524106529,606.6245931001154,609.3495483398438,2938532
2022-10-04,616.3353285231132,631.6941670956344,612.4708223679855,627.6315307617188,3297431
2022-10-06,633.9237632049874,646.4089901525895,629.4647449409429,633.3787841796875,5448177
2022-10-07,633.8741990226914,634.1714547962666,609.3991323432874,613.3131713867188,4594258
2022-10-10,604.4446390564733,612.3717818637713,598.4992819509998,610.1422729492188,1873278
2022-10-11,613.3625968190739,613.5607874599466,591.6620219482976,594.7338256835938,3651280
2022-10-12,598.4993235716147,600.1838536311705,589.5812872932297,598.598388671875,1978846
2022-10-13,598.5983645951737,604.841038122395,595.5266208590027,599.0938110351562,1797963
2022-10-14,609.8945376086269,611.0340885562358,589.5812345688595,592.1575317382812,1556750
2022-10-17,588.590343343488,593.2475517587324,580.6632006721953,590.869384765625,1828274
2022-10-18,594.5356994756497,600.3819913788799,592.1575324860277,595.9229736328125,1511885
2022-10-19,598.4992754659643,613.9076470348325,596.5670223317624,599.5892333984375,3236578
2022-10-20,598.3506190522995,602.1655927854194,581.1586524180133,586.36083984375,2920071
2022-10-21,588.5903075925894,592.4548136018345,579.1768262422029,585.3203735351562,2144916
2022-10-24,597.0624649775724,597.1119975234083,588.7885340061302,590.869384765625,399440
2022-10-25,593.5448322258208,593.5448322258208,579.0282274128843,585.9644775390625,2477103
2022-10-27,589.779440163941,595.031160206456,582.2486181685023,587.4508056640625,1714634
2022-10-28,588.937110815846,592.5538937234352,586.6580694743075,588.7885131835938,1037013
2022-10-31,589.6802860744051,609.1018214062047,589.6802860744051,604.3950805664062,2453520
2022-11-01,608.8541333520425,617.27672270948,604.9400944371378,614.3535766601562,2358194
2022-11-02,614.3535579893428,622.0825100101231,607.516373232903,610.3404541015625,1598010
2022-11-03,607.9128439773332,614.2545832488524,601.4720395994152,602.8593139648438,1520808
2022-11-04,604.4446641068171,609.2504704411913,594.5357351870332,600.827880859375,1314231
2022-11-07,603.850182577302,610.0927960111901,597.5084435617076,607.1201171875,2282855
2022-11-09,604.4446307327332,604.4446307327332,558.9130927644651,561.291259765625,13734814
2022-11-10,562.8271361672013,563.2235174970671,544.2478953166114,549.2518920898438,4827814
2022-11-11,562.8271732142108,564.3135125800934,549.2519282432891,557.9222412109375,3162712
2022-11-14,560.7462760943855,565.5025495774846,554.8999842118625,556.9808349609375,1811391
2022-11-15,559.8049693201169,559.8049693201169,552.3237398423108,555.8909301757812,1608098
2022-11-16,555.8909089169828,559.7058223354765,546.1801707322969,550.0446166992188,2206030
2022-11-17,546.774718631884,552.2246298660315,542.0184445597619,547.4188232421875,1883844
2022-11-18,549.1033596487244,558.8636311427392,543.306599527479,546.0315551757812,2587776
2022-11-21,546.8738119333736,548.7069395940209,530.3754210703381,531.7626953125,2816549
2022-11-22,534.4380615393726,540.7798002924714,533.1499128649533,539.8384399414062,1843217
2022-11-23,539.8384309865263,544.4956396361445,533.2985621453107,535.6271362304688,1965730
2022-11-24,541.0275223146252,546.031519353726,535.0821649265524,544.8920288085938,3233256
2022-11-25,545.7342928699965,552.4228202905548,541.2752745896244,551.1842041015625,1867320
2022-11-28,551.1841750365378,554.2559188315371,545.7837966414428,548.0133056640625,1875927
2022-11-29,548.9546365873606,550.9364222790117,539.7393452170428,541.0770263671875,2376188
2022-11-30,539.5907702111411,544.991149148566,534.7849633603728,541.8698120117188,3664904
2022-12-01,544.0001808242417,549.3510264666922,539.0457165180101,542.1670532226562,2758347
2022-12-02,542.4148133889065,545.982003740681,539.2934764716254,542.6625366210938,1998883
2022-12-05,543.5542493395956,550.0941782996275,538.1538713248165,548.8059692382812,2164470
2022-12-06,546.8737983858184,551.8282627289431,544.0001848750857,550.2427978515625,1249045
2022-12-07,548.9546553099962,550.936441069238,531.9112856846558,533.7940063476562,2762585
2022-12-08,533.7940035349076,537.0144053767061,528.09636950711,531.9608154296875,2127499
2022-12-09,533.1004249044848,538.3521456190205,528.2450250956017,530.7718505859375,2010123
2022-12-12,530.1277177984064,530.6231642636386,521.2096814242276,523.1914672851562,3233744
2022-12-13,525.8173090509982,526.0650322606747,515.8587876385646,516.6515502929688,2828732
2022-12-14,520.2188328806235,529.5827839683368,518.3857049945777,528.5423583984375,2436582
2022-12-15,526.3623227656943,528.2945760245937,515.1652450449715,519.0792236328125,2667641
2022-12-16,515.264272716617,517.4442490432009,510.80525497195396,515.4624633789062,1398385
2022-12-19,518.0883364636501,519.4756107364991,512.3907022018764,514.5706787109375,1339179
2022-12-20,514.2734212164592,516.7506534959218,508.47672187423785,515.8588256835938,1179377
2022-12-21,524.1823213290112,529.6322320422618,514.422050879728,516.453369140625,3791885
2022-12-22,518.7818869150813,529.8303652639413,516.7010363328078,528.9385375976562,3470824
2022-12-23,522.8446303642394,526.7090761463515,504.3644547366863,506.5939636230469,3842819
2022-12-26,509.12073284450344,518.4351498007999,505.6030753324648,516.5524291992188,1756911
2022-12-27,518.7323936515454,522.6959649497425,512.2915902919751,514.91748046875,1381797
2022-12-28,515.2643029868198,515.9579401059317,508.8234991994845,509.81439208984375,1186625
2022-12-29,509.2199096332464,509.8144212096986,497.52735471535465,505.4544982910156,2143820
2022-12-30,509.31895918843367,511.6971263802569,505.0085689528191,506.39581298828125,1447137
2023-01-02,507.33715709945653,509.1207521965239,498.9145675772976,500.450439453125,1782661
2023-01-03,501.83772513619283,507.2380733386745,500.9954601168254,502.7295227050781,1235364
2023-01-04,500.4009091830347,503.37358785144875,494.30692396071606,494.7528076171875,1783259
2023-01-05,496.4373345323911,500.8468199589284,488.1138403606165,499.2118225097656,2849377
2023-01-06,499.2118273272617,504.2653871287805,490.0956308567358,493.46466064453125,1987283
2023-01-09,499.3109113514028,499.3109113514028,491.4828637230981,494.95098876953125,1021323
2023-01-10,496.43734907488823,496.734604852725,484.19981555974255,487.618408203125,2126782
2023-01-11,487.5192952228933,493.41511993374587,485.9338605726122,486.7265930175781,1146217
2023-01-12,488.75788586294317,488.9065137387426,481.17756180068244,484.1006774902344,1032374
2023-01-13,486.67702474468376,494.10872123444165,483.30799505059025,493.1178283691406,2042984
2023-01-16,495.4464472808614,498.2209352897737,491.48287570261454,492.8205871582031,1168880
2023-01-17,494.4555704691046,494.9014843820218,486.0329805913743,491.23516845703125,1314998
2023-01-18,491.48287011590014,501.3422664005775,488.163372908921,499.2118225097656,1670358
2023-01-19,497.42824035106514,506.9903508756204,493.9601151693346,505.850830078125,1509982
2023-01-20,508.42712098458674,510.3098416795918,502.9276775050653,505.3553771972656,1833806
2023-01-23,505.8508034457562,508.873014563431,501.2926902561014,504.5130920410156,863833
2023-01-24,505.3553999919218,506.24719759103584,495.4960031315124,498.6173400878906,671817
2023-01-25,495.44640168498313,498.0227290216747,487.5192592580234,489.3524169921875,1214554
2023-01-27,491.8296815105238,493.4151161486426,470.9713684770637,479.889404296875,2368385
2023-01-30,480.5830847845376,486.67707043026655,473.99365265964934,480.8803405761719,998038
2023-01-31,485.68616382274234,485.68616382274234,475.7277019673633,482.4162292480469,1447222
2023-02-01,487.51928955588147,497.3291228709661,436.98375344338154,452.2930603027344,6486792
2023-02-02,436.9837499503459,441.1950445927245,420.5844852623551,431.6329345703125,7379945
2023-02-03,432.9706407082895,434.40741718971543,414.93637883385946,426.08392333984375,3686972
2023-02-06,427.0748202449425,442.63185015482946,423.0617162804962,440.4518737792969,1928341
2023-02-07,440.947341085352,441.93823398666734,431.03841207219796,433.1192932128906,1401784
2023-02-08,434.2587878715499,441.2445703096191,433.2678950298578,439.3123474121094,1567296
2023-02-09,439.3123490755097,455.81070890422166,436.9837448407864,453.7298278808594,2724798
2023-02-10,455.71164834552354,458.6347945584983,449.22131180847043,456.1575622558594,2186261
2023-02-13,453.8289223990311,459.72474691470376,450.01397890298705,454.3739013671875,1052809
2023-02-14,453.0362483027273,455.6125456642384,445.60455151455693,446.8927001953125,997723
2023-02-15,445.4558592342378,452.3921090380653,442.68137140856646,450.1130676269531,1324967
2023-02-16,450.1130928034721,463.24242352366144,448.03221169800247,462.1524353027344,2305148
2023-02-17,459.774295885126,464.5801323965106,449.86536709449825,452.78851318359375,1921805
2023-02-20,452.7389247491794,457.7429516487697,447.2890142230596,454.57208251953125,2036745
2023-02-21,455.2657574066906,461.6074659522728,443.0282239790917,456.3061828613281,2772437
2023-02-22,454.7702912761659,456.4052584511305,447.4376599029787,449.1717224121094,2277856
2023-02-23,447.3881162862062,451.2030597598324,437.8755389949815,438.7178039550781,1461802
2023-02-24,439.956418288847,445.2577009985907,434.4569751560962,438.1232604980469,2080233
2023-02-27,437.6773861592986,439.7582369631257,428.2639040365848,430.3943176269531,1496635
2023-02-28,431.0383843772154,440.00595246207695,430.3943100806736,436.8351135253906,2549501
2023-03-01,436.09196708106845,439.9564433054155,433.0697256217788,438.866455078125,1267363
2023-03-02,439.7087361427855,442.9291381539721,436.0919830089218,437.2810363769531,989768
2023-03-03,438.0737360454677,443.5731792798188,434.3578878493791,437.33056640625,1494091
2023-03-06,439.5600732753347,451.7976059920168,438.96553151880136,443.0281982421875,2109182
2023-03-08,439.95644917790713,455.7116402964829,437.4792169190225,453.18487548828125,1784251
2023-03-09,454.42348764770594,462.74698191691067,450.31128818181355,456.4052734375,2536073
2023-03-10,453.7794148131764,454.27486126226177,447.1404202995715,449.4690246582031,1687185
2023-03-13,449.8158422425413,450.31128869054953,437.2314903672715,438.8169250488281,1959485
2023-03-14,439.8078055184145,439.8078055184145,421.1294689083156,433.4165344238281,3363256
2023-03-15,435.99285745145556,438.9160034779561,420.53492282115576,423.45806884765625,2584897
2023-03-16,425.1425733129997,432.02929084783335,417.6613442485361,421.4762878417969,2544948
2023-03-17,427.02529001536664,432.821989053323,419.14767968430505,422.8139953613281,1763622
2023-03-20,415.1841030385141,433.0201742907653,408.3469484397478,431.0879211425781,3403780
2023-03-21,432.02931140637634,443.9200263992124,431.0879510402494,441.1455383300781,2723429
2023-03-22,441.93825154375554,446.79362090516224,432.02932213694487,445.3072814941406,3180661
2023-03-23,441.93822040875915,445.9017918922458,435.4974167480934,444.0686340332031,2340812
2023-03-24,443.4741035414997,445.3072614471646,432.2274933627951,436.9342346191406,1674735
2023-03-27,437.97464938951316,439.1637329316798,419.3954080409761,435.8937683105469,3497807
2023-03-28,435.99283382123696,436.9341940810286,425.093012975706,427.0747985839844,1558503
2023-03-29,426.579367242606,435.2001470388391,424.49848623251705,426.1334533691406,1419105
2023-03-31,428.01620873335213,445.90181383695125,428.01620873335213,436.09197998046875,3084694
2023-04-03,439.9564547722781,439.9564547722781,428.2639304575243,431.7320556640625,1694155
2023-04-05,431.7320136438223,436.6864777423759,430.344739504508,431.33563232421875,1249672
2023-04-06,431.97975615205087,432.9706490160403,425.1425711988035,429.0566101074219,1642693
2023-04-10,430.8897938478418,430.8897938478418,421.1294925030754,421.62493896484375,1560736
2023-04-11,423.11125894732214,425.7866818140438,416.47226456821346,418.2558898925781,1638136
2023-04-12,420.9808558408004,430.8897848697017,420.13859082541353,426.8271179199219,2789200
2023-04-13,428.06573562863304,432.02930725482406,425.83622658890056,431.1870422363281,1537437
2023-04-17,432.02926260468024,435.69557807585466,425.9848104515016,427.0747985839844,4291140
2023-04-18,430.09706351466895,443.67230873082536,430.0475309641055,436.636962890625,3890285
2023-04-19,437.380119733989,439.2628101948617,432.87156913771605,433.76336669921875,1166939
2023-04-20,434.01109887096106,439.9069238396124,430.6916015417117,434.20928955078125,1129141
2023-04-21,437.03331392787265,441.6409902361581,433.26793289621924,438.5196533203125,3330460
2023-04-24,439.7582282677102,446.89266877866174,436.9837404243677,445.654052734375,2513831
2023-04-25,447.883575407131,452.09487008739717,442.9291110774061,446.0008850097656,2626669
2023-04-26,444.86134039603076,447.7844560499595,438.5691649869114,440.2041320800781,1292213
2023-04-27,441.4427473009366,446.6449345586918,439.8077802107147,440.84820556640625,1818099
2023-04-28,440.8482226953419,443.91999657672693,438.37099057158787,442.3841247558594,1572590
2023-05-02,444.663139757614,458.78336202289756,443.9695027083724,457.3961181640625,3107925
2023-05-03,457.7925205813745,463.58925010419887,452.8380560729181,453.8289489746094,2730106
2023-05-04,453.72985528301245,471.3182043518577,452.88759026558813,467.60235595703125,3385806
2023-05-05,469.3859706506072,470.17867286094014,459.9229254766333,460.913818359375,1641247
2023-05-08,463.589230837922,467.35461161200305,460.4183615884272,461.7560729980469,1314719
2023-05-09,462.7469900590768,465.9178594744002,457.0988883629232,459.3779602050781,1038986
2023-05-10,460.765181039851,468.7914192736365,460.02201139301246,464.87738037109375,2311566
2023-05-11,465.7196414635361,471.3181800417103,464.7287486093584,466.215087890625,1976291
2023-05-12,466.7105641360509,467.4537338241656,460.7156740811195,463.09381103515625,1250554
2023-05-15,465.3728010097931,469.68319077049,454.9188939861828,464.77825927734375,1819803
2023-05-16,468.69231991523344,472.60635878416997,459.6256563495813,462.44970703125,5620738
2023-05-17,463.73789390653855,480.5830738134,445.4063745961305,476.7185974121094,12060387
2023-05-18,473.64682670554816,480.4839819636182,451.45083083254923,470.37689208984375,8989464
2023-05-19,464.72877433153354,470.4759411080031,460.7652026954437,464.4315185546875,2310380
2023-05-22,464.33237988851687,471.66498068314013,457.24750229803396,465.3232727050781,2005911
2023-05-23,466.16553960378644,476.5203514365255,464.77826546305863,469.6831970214844,3068427
2023-05-24,467.800546591674,473.64680868440894,464.2828586344318,469.48504638671875,1193674
2023-05-25,468.7914031478522,488.3119737228714,468.3950520644357,484.6952209472656,3098642
2023-05-26,484.9429648164111,484.9429648164111,478.6012564925967,479.2453308105469,1409515
2023-05-29,483.55571998046725,483.9025385324817,476.71856523359156,478.0067138671875,1004989
2023-05-30,478.50216785804326,484.4475251648062,475.9754030985294,483.5061950683594,1557057
2023-05-31,482.31706020114956,486.1320034484103,477.1148731111526,478.8984680175781,2061546
2023-06-01,482.56484665584463,489.9965434729265,478.89853079689027,487.02386474609375,1586384
2023-06-02,488.90652854066474,492.027834985548,486.0329453094968,487.5688171386719,1134309
2023-06-05,489.40197278226077,491.9783002413236,488.31198459885155,489.5010681152344,779958
2023-06-06,490.1946782885889,490.1946782885889,480.6325386152453,486.2806396484375,1177086
2023-06-07,486.57793713831273,490.98742255479635,483.5557259470043,488.5597229003906,1040574
2023-06-08,490.5910417783293,490.9873928588426,480.58301823721223,481.6234436035156,954493
2023-06-09,481.5739185971345,485.04204352530314,472.6558830675579,475.1826477050781,965552
2023-06-12,473.49815788215244,482.41619359735176,470.32728864311036,478.7498779296875,944735
2023-06-13,478.749880486456,483.3079937020528,477.70945507665306,480.5830383300781,2153441
2023-06-14,480.5830780735116,491.4829004628078,479.64171768039307,489.7983703613281,1374519
2023-06-15,490.69015981813135,495.4464334837148,489.50107628191023,492.4737548828125,2793881
2023-06-16,491.6314650984548,495.44640849177125,488.5101587728864,493.6132507324219,2224342
2023-06-19,495.3473103649783,496.932744911129,488.65878388810864,489.89739990234375,1673846
2023-06-20,491.3342341337301,495.4464334837148,487.61838588260224,492.4737548828125,1155328
2023-06-21,492.3746569906075,495.05007981338264,485.1906837424099,490.6405944824219,1763858
2023-06-22,490.64058720875107,505.1571613712833,488.3615457562108,490.7892150878906,3947127
2023-06-23,492.37464791995745,492.37464791995745,472.80451425953123,474.4890441894531,2127202
2023-06-26,475.52945828738706,486.52837463771743,473.1513215672303,482.2675476074219,1751660
2023-06-27,482.26761314257345,491.7306287639838,475.9754368323732,489.6993103027344,2135903
2023-06-28,489.6992716715981,496.5859590196154,482.86208663189575,490.4919738769531,1739372
2023-06-30,490.5910432559352,498.41909051833306,489.64968297718804,496.6850280761719,1761328
2023-07-03,496.93276671432886,500.2522638260535,490.49196315771246,497.62640380859375,1627007
2023-07-04,497.6264228715021,505.30584279087924,494.0592024094095,495.34735107421875,4374241
2023-07-05,495.4464161275774,499.21179679428724,480.5830236437501,489.0551452636719,3151284
2023-07-06,489.45151866768924,491.38374151552875,486.6274680935327,487.9651794433594,885946
2023-07-07,487.5193184158008,495.9419082664803,483.6548420616548,488.7579345703125,2212657
2023-07-10,489.5011217032142,493.4646935388678,475.7772481743331,477.1149597167969,2558346
2023-07-11,478.4030511406433,483.06025958532575,473.4485869397681,475.7771911621094,1495220
2023-07-12,479.80039595254726,481.7374904226216,475.82689370863386,476.62158203125,1052006
2023-07-13,478.50899954170507,483.5255337855795,463.3103359145118,468.02886962890625,2347552
2023-07-14,470.36331804709806,474.1878199380193,465.3964403486071,467.5818786621094,1214997
2023-07-17,469.86662542814423,472.648064784428,467.63153048688986,471.7043762207031,1359337
2023-07-18,472.7474349264329,473.84015413321976,465.3964616591477,467.68121337890625,2200964
2023-07-19,467.87986319405695,473.84011622837613,466.8368310392169,472.84674072265625,1347007
2023-07-20,472.8467295645118,474.585136658499,467.03547693010046,469.916259765625,1053824
2023-07-21,469.7176295865637,473.39310089088923,461.671281659168,463.8567199707031,1255877
2023-07-24,463.4096843057833,468.4759055670646,462.4163087767248,463.9063720703125,1340737
2023-07-25,465.8434583889454,485.6612816602839,461.96926964055893,473.492431640625,6580064
2023-07-26,468.8732564808196,469.81697537320787,456.9030933091175,464.85009765625,4298762
2023-07-27,466.8865250369251,472.7474349264329,462.91302269618535,467.68121337890625,2905797
2023-07-28,468.7738958120136,475.2308366091913,466.1414567808626,474.5354919433594,1342861
2023-07-31,475.82688796981125,480.9924529507647,473.9394804897991,475.3302001953125,1515667
2023-08-01,476.82026745570954,489.4361491583083,473.49245327600835,487.1513671875,3402850
2023-08-02,486.55533226131917,488.64142697939155,479.80039064752043,484.8169250488281,2405246
2023-08-03,484.767257076972,490.0321352428304,481.78713049658074,487.9957275390625,1147745
2023-08-04,489.73413870859696,516.5552781510556,488.74076317369105,513.7241821289062,6743300
2023-08-07,518.4923892681761,528.8234587854076,508.5089466316091,510.14801025390625,4594121
2023-08-08,511.5387642907435,514.5685476672508,499.36991350131524,502.6480407714844,1671333
2023-08-09,502.151306953915,502.7969949551647,492.8632401192811,497.73077392578125,2044457
2023-08-10,498.57517767790563,499.61824018460476,487.54870311606777,488.939453125,1784562
2023-08-11,489.18778386448065,503.19435435579834,488.93943998604715,494.8500061035156,3049985
2023-08-14,493.65802465881853,493.65802465881853,477.41632726882307,487.8467712402344,1974941
2023-08-16,486.704335427708,486.704335427708,475.42951750734886,479.35333251953125,1851734
2023-08-17,479.35334621439733,481.4891278399181,473.5917803105659,475.1315002441406,1496275
2023-08-18,474.8335321450868,479.80041009639524,467.3832152181241,478.1613464355469,2138955
2023-08-21,482.33346577064975,484.36990375124543,474.88314946084415,480.29705810546875,2341087
2023-08-22,481.68780654750844,490.9758741653639,480.4460870883143,488.7904357910156,1521486
2023-08-23,488.5917514610112,493.70762928285114,487.9957200909469,489.4361267089844,1171499
2023-08-24,490.7275112463046,491.2738556609997,482.5321631333855,483.5751953125,3138918
2023-08-25,480.84341211591305,484.0222259311085,476.67125308831123,481.886474609375,1250019
2023-08-28,482.78050701559516,488.64141657266026,480.0487243112888,483.5751953125,2080427
2023-08-29,484.71761808961264,487.15137002970073,481.34011692309633,482.0354919433594,2121039
2023-08-30,483.72423152598486,506.6215256061351,482.5818254021875,504.5354309082031,5642867
2023-08-31,506.57186410425714,515.5122438822801,502.89636251379267,508.6579284667969,4612686
2023-09-01,509.2540079828845,509.94932237417333,501.6546606533277,502.69769287109375,1493295
2023-09-04,502.69771814191523,506.42287670036853,497.73084006397744,499.36993408203125,2030821
2023-09-05,497.78047743349686,536.3234656669925,497.78047743349686,529.7671508789062,9790421
2023-09-06,534.4856946416245,540.3962912028215,526.737377592456,537.1181640625,3856124
2023-09-07,530.462526797004,537.7141559547671,527.7804007713025,529.4194946289062,2639005
2023-09-08,529.4691431028614,531.9525818603795,523.508890084818,529.171142578125,1566030
2023-09-11,529.4691752619987,545.363184275492,529.4691752619987,542.035400390625,3409024
2023-09-12,543.3763925956957,545.015486405217,523.0618517152669,524.5022583007812,3019734
2023-09-13,524.452622384051,530.0155010911735,510.5950216356716,515.1148681640625,3123139
2023-09-14,516.5552747381847,520.9758079654756,513.1281170392364,519.187744140625,2116646
2023-09-15,519.5354465029283,535.2804257440383,517.7473825225844,529.8665771484375,2744458
2023-09-18,528.3764752939165,541.2903573460703,524.0055986547012,535.3797607421875,2694129
2023-09-20,534.8830139605355,538.7571417702736,526.0419483555714,530.2637939453125,2211629
2023-09-21,527.5817340502776,532.846673006843,524.5022940760279,531.9029541015625,1333662
2023-09-22,531.9526118908898,532.3996430186453,521.7705124102519,527.482421875,1702375
2023-09-25,526.6381057242598,539.849989257013,526.3400445355554,537.66455078125,6066017
2023-09-26,536.9195086837552,544.568512885528,533.7903513095827,542.1843872070312,6076761
2023-09-27,542.1346745095913,552.1180860734328,541.2406123148712,547.896240234375,5143120
2023-09-28,548.641269493521,552.8134586662242,535.4293876389844,537.0684814453125,2845627
2023-09-29,540.1479553049983,540.1479553049983,527.5320736940072,529.5684814453125,2840028
2023-10-03,529.5684485187925,537.6148263518872,525.9923210135247,536.7207641601562,2134535
2023-10-04,527.4823883114909,533.442641286762,525.197636797136,530.9095458984375,3313210
2023-10-05,532.5486236785437,541.3400339316722,525.5453379723793,526.687744140625,2723043
2023-10-06,526.6877468434981,535.1810959618299,525.1480268142295,529.369873046875,3273021
2023-10-09,526.5883812057025,536.3731672423089,522.1679082912265,533.3433837890625,2831589
2023-10-10,531.505546878094,533.7406417435451,526.4890127506918,526.836669921875,1309648
2023-10-11,526.9857503867665,532.3500028239986,525.7440308995216,527.9791259765625,3212636
2023-10-12,529.4691461527123,543.8730910292869,528.8234278197065,539.6512451171875,3254548
2023-10-13,536.9690866710516,542.1843077767502,533.3929593080458,534.5850219726562,1560155
2023-10-16,533.4426111782269,535.1313615520697,525.6446382280448,528.525390625,1771724
2023-10-17,529.7671714635552,533.9393609215739,527.9791075903563,532.2506103515625,1356261
2023-10-18,531.9526283357465,531.9526283357465,525.4956870020726,527.9791259765625,1728569
2023-10-19,526.4890665555687,530.0155377997268,519.1380628834023,526.24072265625,2470527
2023-10-20,524.502286675759,530.1148827457395,522.7638794756026,523.5089111328125,1556297
2023-10-23,523.7076380265187,528.1281716535519,519.237447744744,521.3731689453125,2391683
2023-10-25,518.6413419662356,535.2307255075523,518.6413419662356,525.594970703125,3244900
2023-10-26,506.62153848157845,516.4559808338481,491.96924888823867,502.69769287109375,10081408
2023-10-27,506.72088455840355,508.21094791410434,498.6248797221791,501.6546630859375,1511883
2023-10-30,499.6678692071674,499.6678692071674,487.99570725252687,491.2738342285156,2502645
2023-10-31,493.40965410280637,501.455971908075,488.7407768321055,497.6315002441406,1351546
2023-11-01,495.793732419991,500.3135789492525,492.41626168561163,495.446044921875,758995
2023-11-02,497.6314599156344,500.41289913952477,494.84999037633014,498.0784606933594,546222
2023-11-03,501.7042808746264,506.4228144688325,499.7175298875923,503.44268798828125,1544652
2023-11-06,508.6579597175154,509.5023653491498,501.90301781861234,504.58514404296875,988215
2023-11-07,504.63477410726773,507.9129012617196,499.66789640936156,500.8102722167969,695190
2023-11-08,501.8533351383612,505.6281500657309,499.7672404404293,504.5354309082031,537059
2023-11-09,504.7340966869243,506.62150407037814,500.66125108131484,502.399658203125,536401
2023-11-10,502.151332074834,506.0254905915567,501.4559570753693,504.2374267578125,469008
2023-11-13,504.9327334851841,506.52214028204236,497.3334172899019,501.6049499511719,2099863
2023-11-15,504.63477461903176,514.0718422546239,502.7473671549965,512.3334350585938,2125442
2023-11-16,515.3632186319891,524.8996602057043,511.58840370171555,523.8565673828125,3415182
2023-11-17,523.5089087288309,528.326755837665,521.5221576520611,524.5519409179688,875286
2023-11-20,524.5022200989208,531.2075041626855,515.1148102834857,517.7969360351562,1794031
2023-11-21,518.54203502708,521.1745044763892,513.5751572969356,515.0155639648438,698524
2023-11-22,515.0155636795823,532.4492923765666,514.5685325579506,526.8864135742188,4769051
2023-11-23,525.942756101309,539.9493286759629,523.9560047783318,533.9890747070312,4181883
2023-11-24,534.3864064835316,543.326786721874,532.8466864575394,541.2406616210938,2629176
2023-11-28,541.2406447588518,546.1082092115238,536.2241103520156,541.0916748046875,2168765
2023-11-29,541.5386658996225,563.6412702775959,541.5386658996225,559.5187377929688,5940108
2023-11-30,559.270425203445,563.0452401035188,554.3532041878348,557.1346435546875,3791559
2023-12-01,559.4691027541933,563.2439175889408,555.9922884480887,561.654541015625,1946123
2023-12-04,563.2439350493331,572.2836282731008,557.0849945328565,557.730712890625,2757190
2023-12-05,557.7306350333388,560.810074546282,551.3233515245911,553.1610717773438,1548224
2023-12-06,553.7572229330517,558.2274129924848,551.323440663416,552.1677856445312,966974
2023-12-07,547.5485630362309,562.2505076471284,547.5485630362309,557.2836303710938,1542794
2023-12-08,559.1710882016914,561.2571524807042,552.3167730606576,556.0419311523438,1459271
2023-12-11,554.3035135584504,560.7604541285757,553.3597947335744,556.8366088867188,1366986
2023-12-12,558.2770027550547,559.2207215584748,550.826686881989,554.6015014648438,881316
2023-12-13,555.4956035256912,556.2902918164057,550.3300386898013,552.4658203125,876304
2023-12-14,551.3234203714022,568.8565227670773,550.5783887222517,565.2803344726562,1964812
2023-12-15,574.1214181572321,574.1214181572321,558.823410250814,561.7042236328125,1668246
2023-12-18,561.7041495643301,561.7041495643301,554.303490477489,555.3961791992188,1537409
2023-12-19,557.6811091666638,569.9989307378187,555.4956706300732,561.2075805664062,2388964
2023-12-20,564.5850095815591,582.1181135333187,552.8135327325799,558.624755859375,6426496
2023-12-21,551.3234024654965,563.2439084647505,548.9889942929742,561.7538452148438,1457094
2023-12-22,564.2372927578579,583.0617709012095,560.6611651546823,577.5982055664062,4247513
2023-12-26,581.124674954617,581.124674954617,565.2803234002013,566.4227294921875,2245311
2023-12-27,568.955760401251,572.6809181515865,562.2504764506469,563.7405395507812,1781474
2023-12-28,563.7406383860642,572.6810185543013,559.7174794365242,566.3731079101562,1992873
2023-12-29,566.2240446655726,568.9558273372047,557.2836650129583,561.3068237304688,1252152
2024-01-01,563.2439874853743,563.9890192148523,555.9427007888248,557.830078125,1135356
2024-01-02,557.8300060161145,558.922755456595,551.3234085459275,554.8995361328125,2611704
2024-01-03,554.3531756662303,554.8995200552262,548.3432661256205,550.3300170898438,2337048
2024-01-04,551.2240814351404,558.5750236530624,547.3995494355338,557.4326782226562,1534693
2024-01-05,561.3068182962924,562.0021932775962,548.0949361748364,551.8697509765625,1383045
2024-01-08,551.0254720743785,552.8135360756797,528.823490446476,530.8102416992188,2398993
2024-01-09,533.3433228454976,534.7836687959666,518.4923471991832,521.124755859375,2677935
2024-01-10,519.5354094934701,522.1678789373088,513.7738434646419,519.4360961914062,1685143
2024-01-11,519.535407503056,526.3897229824844,518.6413452645807,524.2042846679688,2018155
2024-01-12,527.8798174074328,528.2771312684164,519.9328126177437,522.1679077148438,1151034
2024-01-15,522.763866529819,534.4856855201411,522.1678654711432,529.4194946289062,2290287
2024-01-16,528.4261335435443,534.0883862789391,522.1181624512559,526.8864135742188,1319117
2024-01-17,521.5221585833737,532.747290061002,517.0519686526591,524.2042846679688,3087685
2024-01-18,523.558564954905,524.2042833066639,511.3400579688482,520.8267822265625,2523704
2024-01-19,523.5088924309522,533.7406480316151,523.5088924309522,528.1281127929688,2265385
2024-01-23,524.4029345484673,524.8002483577311,510.2473341095207,517.1512451171875,2795481
2024-01-24,516.555294251011,522.8632048419354,511.5884164216743,522.0188598632812,4201628
2024-01-25,522.0188457228196,523.2109084957362,502.6480227131241,504.88311767578125,3530518
2024-01-29,505.3797948545635,515.0155495067035,500.76060475828785,509.75067138671875,6212204
2024-01-30,513.7241975992378,518.442731532135,504.68444358087186,506.7705383300781,2464481
2024-01-31,510.5950539612822,522.664591648693,506.1248638001426,516.1082763671875,4259420
2024-02-01,509.601670264344,515.0155792773346,494.80038025152345,498.5751953125,6644517
2024-02-02,501.3566235680526,502.4989993222041,490.5288064393262,491.5718688964844,4445535
2024-02-05,491.82022154607233,500.06522616098664,480.5950600828227,481.63812255859375,6124340
2024-02-06,481.6381424080015,483.4758932421234,473.1944502167427,476.6712646484375,3176276
2024-02-07,478.2606493549954,481.14143225850006,467.9295198431771,472.84674072265625,3242329
2024-02-08,475.72754855772286,480.7937699654837,467.9792313332059,471.5553894042969,4024020
2024-02-09,471.90303027164896,480.7937533323702,471.90303027164896,478.8566589355469,1799879
2024-02-12,481.5884345207208,481.5884345207208,470.2639597839388,472.1513671875,2052777
2024-02-13,472.7971106446269,476.32358176195345,464.0553875137604,468.8236083984375,2992024
2024-02-14,466.8864933918478,478.359968496907,460.9758969344446,476.174560546875,3366103
2024-02-15,477.71429907752264,480.7937693658832,474.53551548584085,475.6282043457031,1670215
2024-02-16,478.60831923418937,494.3036708304407,473.19444077355496,492.7142639160156,4764205
2024-02-19,493.0122807784135,496.5884388754611,490.7275291051029,493.2109680175781,1194042
2024-02-20,492.71428562841504,511.5884215698261,490.2308466887557,504.3367919921875,6211416
2024-02-21,504.4360579442889,516.5552509583229,486.80364312792307,491.9692077636719,2828412
2024-02-22,494.701029642232,494.701029642232,482.03549123271705,488.1447448730469,2174922
2024-02-23,488.7407412079692,498.17780836544017,486.7043335791017,490.2308044433594,2842158
2024-02-26,490.23078885524393,491.1248207049672,479.3036588098383,483.27716064453125,4864071
2024-02-27,486.75399061934166,489.08842908641526,477.217579842084,480.0487060546875,2013697
2024-02-28,483.77391724974063,483.77391724974063,464.8997808478,466.5885314941406,3466012
2024-02-29,467.0852192842134,468.57528268433475,456.20774433716036,460.8269348144531,6126766
2024-03-01,464.7010734916853,464.7010734916853,458.98916403828076,460.0322265625,1877308
2024-03-04,466.8865237756389,472.2507458580629,459.485863559837,460.5785827636719,2419910
2024-03-05,460.92623188901035,464.2540458762919,453.6249159026856,454.220947265625,1020957
2024-03-06,454.2209861918562,456.9031123972313,443.2938547580444,446.67132568359375,1596904
2024-03-07,448.0123890330296,458.3931760270349,444.0388866912732,450.396484375,2461910
2024-03-11,451.9858752723551,454.96600192250247,441.55543199683916,447.8633728027344,3679710
2024-03-12,447.9626898036202,450.99247292507897,439.86665529944,442.0520935058594,3081183
2024-03-13,442.05209329344007,446.22428247990337,423.2773025851835,428.14483642578125,3472508
2024-03-14,428.4925581110017,443.2938480384458,418.26077155246105,442.0024719238281,3712470
2024-03-15,440.9593904668797,450.24745770940666,436.98588835802667,444.585205078125,2280413
2024-03-18,444.58521169030195,447.26733777983424,436.0918629324758,437.7309265136719,2890360
2024-03-19,437.7309150161593,443.9891989555483,432.61503717238173,442.9461364746094,2277307
2024-03-20,441.6547830374471,447.5156928181531,437.8799376945702,440.6614074707031,1718057
2024-03-21,446.87001577476246,448.31039219278557,440.6614183296186,447.3170166015625,1328375
2024-03-22,448.5586965833733,453.22757357707286,444.2871940434977,449.4527587890625,2726739
2024-03-26,450.29713041818195,464.10507499119984,446.32362816762515,462.7143249511719,5125414
2024-03-27,465.6944545408355,465.6944545408355,451.14150852057503,451.8368835449219,1962827
2024-03-28,451.9858709428398,455.3633417175713,444.38655412084006,445.8766174316406,4408231
2024-04-01,448.0123815418472,456.8534180413414,446.1746306764304,451.8368835449219,3230159
2024-04-02,453.97261010804505,461.969270873279,453.97261010804505,455.1646728515625,3521884
2024-04-03,459.68451910728606,459.68451910728606,451.38982750223477,457.2010803222656,5011235
2024-04-04,457.6481014814792,463.8566983090692,454.2706005549389,461.7209167480469,2208828
2024-04-05,461.72093503342603,465.6447805100233,455.26399407702036,457.4494323730469,1853163
2024-04-08,457.9957721944461,459.43617882720554,444.038858239483,449.70111083984375,3248361
2024-04-09,450.4461660836698,451.98588609695435,444.0388815062386,445.0322570800781,2416283
2024-04-10,447.46601066824604,452.92957597401016,442.052102011823,450.09844970703125,4040392
2024-04-12,449.89978758689244,459.83354324266577,445.82694170494204,458.2938232421875,7726112
2024-04-15,455.9097146953394,455.9097146953394,447.0189915156944,448.6083984375,2283507
2024-04-16,444.684559560688,447.96271706984925,437.7806176670934,441.7541198730469,1757606
2024-04-18,445.0322532615101,446.9693477400426,437.3832492824113,438.97265625,3360043
2024-04-19,435.59516437356933,435.79385160321243,426.7541283319208,432.7640380859375,2635704
2024-04-22,437.9296229620408,438.3269671241125,432.3170570948097,435.5951843261719,2061010
2024-04-23,438.0786324425293,441.7541342286447,436.0918812749895,439.22100830078125,1287615
2024-04-24,442.0520996738852,442.0520996738852,436.58853439701693,437.2342224121094,1070542
2024-04-25,438.8733279817443,438.8733279817443,434.40313778146,436.0918884277344,1394515
2024-04-26,437.1348850187466,439.3203232867574,433.1613829426651,434.4527893066406,951717
2024-04-29,437.0355722302615,440.3136993206963,434.7507903445937,436.1415100097656,1520447
2024-04-30,439.46933190182403,464.6514078505545,436.0918611360629,460.1315612792969,10520457
2024-05-02,460.42954781291905,466.7374883498143,450.04876163142416,454.5189514160156,3803106
2024-05-03,456.95275700845826,463.90638591945657,451.68787867344037,459.6845397949219,2601200
2024-05-06,460.9262888616488,473.0454835828853,455.2143790320055,469.51898193359375,6567852
2024-05-07,472.3996916252158,494.5519827482369,468.42618975368697,477.11822509765625,9280757
2024-05-08,477.11827636945105,479.45271503291895,462.66467388472614,466.0421447753906,3854283
2024-05-09,466.04213659400875,469.469294392491,449.40309601102615,452.2342224121094,2323904
2024-05-10,451.98589244816617,464.6514311925928,450.99251686036797,459.5355529785156,1811719
2024-05-13,461.7209391928049,471.8533818341465,451.9858710200772,469.2705993652344,2305433
2024-05-14,468.0785764247721,473.19445450035147,459.63488415707656,470.8600158691406,1998478
2024-05-15,470.81031079679724,476.77056354924747,463.85668258560526,464.9493713378906,1077915
2024-05-16,466.93616751909406,469.717637262448,460.5785700299389,468.1778869628906,744649
2024-05-17,468.12822308277714,469.36994250739986,462.76400123149,467.5818786621094,1101702
2024-05-21,465.8931178739928,479.20434375016674,460.0322083817313,476.174560546875,3433452
2024-05-22,481.6877553540324,481.6877553540324,472.49903233256754,476.4725341796875,2326639
2024-05-23,492.6149368080105,499.0718779829694,463.55870152069554,471.8533935546875,12025120
2024-05-24,470.85999247832416,470.85999247832416,462.31695701584545,463.65802001953125,3132331
2024-05-27,464.3037236305176,497.6811480027685,462.11831562095256,487.8963928222656,7860977
2024-05-28,490.37982962181957,509.5023390964257,488.0453910380041,494.7010192871094,11887378
2024-05-29,495.6944137595717,517.0023320483493,495.6944137595717,509.4029846191406,10291773
2024-05-30,509.6016496171974,520.0320927380172,497.97914372783197,499.81689453125,6695083
2024-05-31,502.0520146700897,505.62817283970145,487.74741230705973,490.7275390625,6518005
2024-06-03,508.6082637778163,509.0552948858182,489.7341289891864,494.5023193359375,2677476
2024-06-04,494.65137079691937,501.0586249511306,465.59513575099203,494.9493713378906,6226450
2024-06-05,499.6181676128296,539.3531834582747,494.55194702945306,527.0849609375,7763234
2024-06-06,532.4493296484536,533.6910491672234,512.0851295406303,518.3433837890625,3287561
2024-06-07,516.5056533225548,523.5089391489498,511.091744197599,515.0652465820312,4889430
2024-06-10,518.0453371007858,521.9195259067001,511.5883961781489,519.535400390625,3885085
2024-06-11,525.9923288065398,530.2638313430144,518.7903564102274,525.0982666015625,2990672
2024-06-12,525.0983378200687,536.7705015626921,521.8202103419248,532.1016845703125,2547082
2024-06-13,534.9327171601393,539.1049064674986,527.4824007651513,529.07177734375,1397961
2024-06-14,528.972486160266,534.3367384412666,524.9989839168086,527.134765625,1170512
2024-06-18,530.810171045773,548.7406472198113,528.4757628868562,547.2008666992188,5083829
2024-06-19,548.2936748295848,549.2870504300984,537.4658565316538,540.793701171875,3110588
2024-06-20,539.5519157302077,542.3830115933365,534.1380072429,535.0817260742188,1907171
2024-06-21,536.3234770341013,552.9128000083316,531.0088815291302,548.2936401367188,5254088
2024-06-24,546.3069269028261,570.5949726071173,538.5586092985487,565.8267211914062,7372429
2024-06-25,567.2173719982172,580.7769709051455,554.3034913747903,555.0485229492188,4499732
2024-06-26,557.7306907222002,560.0650989121174,546.9525300890638,551.8697509765625,3453722
2024-06-27,551.8200749593743,563.2438928928268,545.6611349038694,548.69091796875,3128217
2024-06-28,551.3233901022595,563.3432091296354,548.6412641864074,559.5187377929688,2448122
2024-07-01,560.2637609985026,572.9789547957075,556.1412285757042,571.4888916015625,2516716
2024-07-02,572.1843107765912,575.0154068119555,559.2704287625363,571.3399658203125,2257097
2024-07-03,576.1578502096846,576.1578502096846,561.803560608466,566.5220947265625,1053146
2024-07-04,566.5717323225342,570.6942651920073,561.5551978182054,563.34326171875,1143614
2024-07-05,561.2571637816487,568.8067934138134,557.4823489655663,566.7703857421875,837793
2024-07-08,566.2240857058359,573.1777148285391,560.3631454786523,570.3466186523438,2015301
2024-07-09,573.1279721501618,576.5054122671717,564.1875931914723,569.6015014648438,1888512
2024-07-10,569.6511957178882,582.0683895358261,562.3995666543782,576.3068237304688,2224568
2024-07-11,580.0816434234589,581.9690205212258,568.0617633276954,577.9458618164062,2102625
2024-07-12,581.380078448833,584.316605054766,572.0230857926123,579.3892211914062,2542950
2024-07-15,579.3892412955153,579.3892412955153,572.520819972752,576.203857421875,1207106
2024-07-16,576.3532127611562,591.2846431435696,572.0231222527146,583.171875,2903173
2024-07-18,583.1718665911629,584.5157317598903,560.7249620578291,565.254150390625,1678467
2024-07-19,565.2541689700432,578.3440808159261,555.9469348290787,557.5894165039062,2934487
2024-07-22,553.2592827806651,574.2130456533943,546.2415222991675,566.6975708007812,2831309
2024-07-23,566.697514600929,571.3760413766704,546.5898438507305,558.684326171875,1838898
2024-07-24,558.6843167112947,581.3303179677437,555.3994143945547,579.5883178710938,2551785
2024-07-25,576.1540863917907,582.275996848428,570.8783267353516,575.6563720703125,1730391
2024-07-26,579.3394967977408,580.4344440528041,573.6157818379693,578.6924438476562,819648
2024-07-29,580.4344148672293,595.0672280059289,574.7107001952594,588.1489868164062,3982298
2024-07-30,588.2983482623922,591.7823486328125,575.955008361874,577.3486328125,750766
2024-07-31,577.3485769012915,601.6868178546514,577.3485769012915,596.0626220703125,3185194
2024-08-01,598.2526726314774,603.0307184313808,592.7778145624704,597.904296875,2310904
2024-08-02,593.2257167088858,612.6365754031962,589.3932799488872,603.9265747070312,3121946
2024-08-05,592.7778048280537,598.6508585990023,579.3395170611709,582.7239990234375,2837080
2024-08-06,583.8188841088653,605.2205993831033,583.8188841088653,595.0174560546875,3995507
2024-08-07,600.6416684507052,611.4918042230981,598.4517132813689,604.5238037109375,1807315
2024-08-08,607.2115069459172,608.3064542133611,592.2800764472471,594.4700317382812,2003421
2024-08-09,597.2572397842806,601.7864283680818,594.4700514831836,596.1622924804688,967071
2024-08-12,613.6320125751531,653.0012041172753,601.4380114311948,648.3724365234375,21130766
2024-08-13,648.0240910740775,650.1144670654061,636.8752773559823,641.2551879882812,3510842
2024-08-14,646.0331996008035,646.0331996008035,630.8529125531729,634.5360107421875,1641617
2024-08-16,637.0743701550388,648.5218002437622,633.1424146255089,642.051513671875,1127258
2024-08-19,642.0515118405793,645.8838880351537,624.2333137986691,630.355224609375,2672648
2024-08-20,633.9885372183772,633.9885372183772,621.247001778286,622.4415283203125,2421614
2024-08-21,625.1291704918825,653.6979839060359,624.183501155993,643.79345703125,4592836
2024-08-22,648.9199772303913,660.068729780243,644.4405481949937,654.5938720703125,4468871
2024-08-23,654.693421255449,658.9239929274772,646.2322779113927,647.2774658203125,1135838
2024-08-26,647.2775304176945,656.9829605162298,645.5852894287716,653.8971557617188,1411350
2024-08-27,655.937713563084,661.9600446754441,652.3541340104036,658.3765258789062,1769224
2024-08-28,661.9601090911594,664.5980195426287,646.2821065074214,653.1007690429688,2032356
2024-08-29,655.4897943108748,655.4897943108748,645.2866502080859,647.924560546875,1521570
2024-08-30,647.9245641806228,658.724941257298,645.1373152198005,647.3272705078125,1685369
2024-09-02,651.0103282816393,653.3495612749956,639.4135603637678,646.4811401367188,977624
2024-09-03,645.7843740486582,655.98751830145,645.7843740486582,651.20947265625,1003535
2024-09-04,645.0377669806945,652.553241157713,642.0017217410418,647.2277221679688,595342
2024-09-05,653.0011976174811,653.0011976174811,640.3592415489627,642.1510009765625,1221050
2024-09-06,641.5537675271682,648.9199638695031,636.4272856564178,644.6893920898438,1229658
2024-09-09,640.0606117843072,643.096656967359,631.8980848327191,639.46337890625,1822553
2024-09-10,643.0469768598972,668.2313122544186,641.1058786330066,662.8062133789062,3840869
2024-09-11,662.8061544235081,669.7741551009607,657.0326802991335,660.0687255859375,1905249
2024-09-12,661.0143550596102,670.0727918470325,654.5440691069402,666.439453125,1303618
2024-09-13,666.8874245275099,681.3708989798711,665.0458451036087,675.94580078125,1703437
2024-09-16,678.88236005422,681.8686460955142,659.8696965604381,661.2135009765625,2740694
2024-09-17,662.95549164136,678.5837338508011,659.7203484764434,672.3623046875,2173183
2024-09-18,673.8056871976188,677.1901082027055,666.9869643931688,672.5614013671875,869061
2024-09-19,676.5928726222047,693.8137762958221,671.3171128733362,692.2708740234375,2837085
2024-09-20,692.2709000140148,703.8178486056657,684.8051847807545,700.1845703125,3809291
2024-09-23,701.9265458560906,712.1794489314127,696.6009660565743,701.6278686523438,1973734
2024-09-24,701.6278435965717,709.3922354938344,696.7502797768578,705.6095581054688,1506959
2024-09-25,705.6095533541815,705.7588919497163,696.8000343650231,701.5283203125,870179
2024-09-26,701.5283815462842,701.5283815462842,678.5340027076019,684.7554321289062,3947078
2024-09-27,686.895580356695,695.4064838143963,681.8686774406613,685.1038208007812,1486466
2024-09-30,680.8732128264226,688.0900707109132,671.9641140453742,678.7828369140625,1287778
2024-10-01,681.9184569873358,682.8143671699866,651.6076392229838,655.7884521484375,3500039
2024-10-03,647.0286119040604,650.3632735244937,624.4323697678748,632.2465209960938,3816862
2024-10-04,627.1698361868665,636.9250252319127,622.043414869042,626.2739868164062,1692595
2024-10-07,626.2739784289732,631.6990161309626,608.3064421470588,615.5731201171875,2608804
2024-10-08,612.4374533979641,623.586266001134,609.4014082832617,612.5867919921875,1253230
2024-10-09,620.1520605718622,629.9072493734491,615.2744357929965,626.32373046875,1990973
2024-10-10,631.0520511344766,632.0474798575356,616.4689960392033,620.9484252929688,1063332
2024-10-11,620.1520272598491,628.414072614651,612.1885983383744,626.8214111328125,1237202
2024-10-14,626.821467685041,629.8077538000185,608.5553144947396,615.5233154296875,2678416
2024-10-15,620.99816679311,625.0794608944562,614.3786024280342,623.735595703125,1547265
2024-10-16,624.581744502885,625.9753082170075,615.8219841707378,619.2561645507812,1772478
2024-10-17,619.1566775587772,622.0932044990719,606.3156224837965,609.6005859375,1097209
2024-10-18,604.2251682617187,625.6766427267015,601.5374988546312,622.1428833007812,1381352
2024-10-21,620.600011661026,634.4364336132842,612.9351988101013,619.7041015625,2317481
2024-10-22,617.1657850477606,622.1429284755651,610.4466414202244,612.6365966796875,777474
2024-10-23,607.2114456812748,613.0844987206481,603.0803926909871,604.0260620117188,961946
2024-10-24,599.4471522609479,605.5690020770635,590.6375721507171,598.0535278320312,1179846
2024-10-25,598.0535501118261,601.039836208346,578.9911269827282,582.5746459960938,3319865
2024-10-28,579.4390045474169,590.9860135739578,573.5660118476688,582.823486328125,1439253
2024-10-29,584.3166326374179,586.0088735373413,560.5258629856683,572.6701049804688,1695878
2024-10-30,572.9687169404563,583.5700565560429,567.6929571518182,575.8057250976562,1440434
2024-10-31,575.805755877324,577.0500417787116,567.4938896023668,573.366943359375,1832013
2024-11-01,582.1266475680723,582.1266475680723,570.0819855117678,574.9097900390625,160706
2024-11-04,574.9098099997875,574.9098099997875,555.6980490274519,564.507568359375,2406753
2024-11-05,564.5075794333328,592.7777782131253,564.5075794333328,589.2440185546875,2831538
2024-11-06,595.1169882419471,600.5420864822732,587.9499506374111,597.7051391601562,1366681
2024-11-07,601.2388936685348,602.1348037397031,581.628937468846,593.6238403320312,1125466
2024-11-08,593.6238632495264,606.116541667098,591.7325852295838,604.4740600585938,2499471
2024-11-11,607.2114760693522,614.6274316578213,591.6828134428227,599.248046875,1462672
2024-11-12,623.4867197255658,652.951444649324,611.591395789354,633.938720703125,18717555
2024-11-13,632.1469894967784,638.7168554298411,612.3877539256634,622.342041015625,2564649
2024-11-14,627.1200881579858,627.1200881579858,603.6777541566429,605.3699951171875,2007047
2024-11-18,612.1886020934209,614.2789778956735,600.8905115442346,604.37451171875,1321339
2024-11-19,604.3745052099164,619.6045508004063,601.7863543687504,610.2474975585938,982618
2024-11-21,607.2114856118775,614.6772005989087,603.2297709521274,607.4105834960938,935931
2024-11-22,609.3516766690401,641.7031080206924,605.5689991676244,634.735107421875,1511063
2024-11-25,642.8975740184029,643.6441455113821,628.2648213609247,629.8574829101562,2528076
2024-11-26,634.0880422424782,650.7117126440197,631.4999520868025,643.9428100585938,2083758
2024-11-27,648.8203774146467,652.0555205046883,641.2053847486961,648.22314453125,992076
2024-11-28,650.0149296195171,655.440028089929,635.332356553839,639.3638305664062,1301635
2024-11-29,640.5583277077078,647.6756667624726,636.6761317221739,641.603515625,1321468
2024-12-02,641.6035456346151,651.6075917500027,635.9794100279656,648.9199829101562,670733
2024-12-03,653.0011987804673,655.6888683047254,644.1418594335797,654.04638671875,945337
2024-12-04,655.887977341586,661.16373716047,648.7208787403923,657.1322631835938,1620403
2024-12-05,660.9148984053153,666.4892748303556,653.2003259699374,659.0235595703125,919184
2024-12-06,659.023581750809,693.9631667974465,656.1368748734567,691.3252563476562,4327937
2024-12-09,689.8320511440687,695.6552844162043,679.9275239728062,691.5242919921875,1399050
2024-12-10,686.8458088744351,700.9809086865586,684.556334996083,698.9900512695312,1608476
2024-12-11,700.2343017293333,710.6365433582665,694.0626318975527,704.5643920898438,1905715
2024-12-12,704.5644037247777,704.5644037247777,667.086550580087,669.027587890625,3314992
2024-12-13,663.055018802446,687.841217212864,662.5573044629289,678.185546875,3220903
2024-12-16,678.1854988287437,689.0356949639927,678.1854988287437,683.4114990234375,825189
2024-12-17,683.511116769152,698.1936895702643,675.7467245812757,679.7782592773438,1954432
2024-12-18,680.5248449924915,683.9590253517829,664.5979860280497,672.710693359375,610647
2024-12-19,659.9692112731988,678.9321153734847,658.9737825985785,676.2444458007812,1084119
2024-12-20,678.285119503055,682.3663527443636,665.8422611379133,669.6248779296875,897231
2024-12-23,666.9869849827262,693.5649432924162,666.3897520681405,688.48828125,1961409
2024-12-24,693.8137523301534,702.7726099642587,684.4069396631146,700.9310913085938,1423441
2024-12-26,705.5598763674847,706.6050643897096,688.4384899463313,700.6823120117188,1622785
2024-12-27,711.7315194315223,721.5862878491864,699.1891421328098,704.863037109375,5351875
2024-12-30,705.2114523346528,718.6994986413043,701.876729841564,715.46435546875,2398008
2024-12-31,710.2881333650538,720.9889918393023,705.6096063460136,714.8173217773438,1642114
2025-01-01,714.7177625265119,737.6126212146871,711.731476610663,735.8208618164062,2670497
2025-01-02,735.8208921390761,756.4262779587959,728.5542749289532,752.6934204101562,2440864
2025-01-03,751.4988902653607,771.2581251596251,749.159596425664,755.6298828125,3052395
2025-01-06,775.5883212885836,793.1078426794514,755.8787837786721,763.0956420898438,9122503
2025-01-07,764.4891751728679,774.9909348941317,752.6933704052742,755.7791748046875,2264155
2025-01-08,755.7294870390537,755.7294870390537,735.4724763836175,746.9697265625,1563717
2025-01-09,743.5852137908678,752.5440717883481,740.6486870737982,742.1915893554688,699485
2025-01-10,739.6532516354288,742.5897783256127,726.7126790908806,733.6309204101562,1635295
2025-01-13,724.7218301431126,730.19668782132,700.9808806955256,703.369873046875,1791853
2025-01-14,704.9626115927261,713.8218904949117,700.0352274177249,705.659423828125,1873900
2025-01-15,706.2566827828543,709.0936303562671,693.6147257812481,696.8001098632812,2808585
2025-01-16,702.7726249171785,710.1885804899837,681.2713904403,686.4475708007812,1608620
2025-01-17,688.8366350500391,691.773161758201,680.8234464611628,689.533447265625,1887110
2025-01-20,689.8320367481649,697.2977514315867,682.6151792208573,691.3749389648438,2601179
2025-01-21,694.9585135545955,744.5308465509094,659.1230833274566,670.3216552734375,1629983
2025-01-22,670.3216952579158,671.0184467267583,653.0012119791809,661.6116943359375,1473302
2025-01-23,662.258649014198,688.7370867710548,656.6842730423025,684.5562744140625,1423852
2025-01-24,683.3618235467266,685.7010567611425,664.5481962362073,667.9326782226562,619481
2025-01-27,664.9960955567759,664.9960955567759,634.0382889338249,635.7305297851562,1781772
2025-01-28,639.0154413806788,666.9372031836303,631.300869254301,663.204345703125,1540585
2025-01-29,658.9737429998669,689.931548617797,657.5303593571738,685.1535034179688,1761359
2025-01-30,683.1626878519692,689.8320721291218,676.7421607436943,685.8005981445312,1098817
2025-01-31,685.8006402479682,707.7000724536845,684.7056321839933,700.6823120117188,1323333
2025-02-01,704.7137715572068,750.2048760240702,687.8412426718417,736.4181518554688,3639460
2025-02-03,731.6400499059034,757.0234802087614,714.8671016356877,726.065673828125,3667288
2025-02-04,721.6857648367552,731.6898105291258,704.2160043357285,720.9889526367188,1642800
2025-02-05,720.9889631761897,735.9203930117706,716.7583913894417,721.7355346679688,1447673
2025-02-06,722.6812165523512,723.0794123239839,686.4974085935446,690.8772583007812,1097015
2025-02-07,693.5649795642175,721.6858416706964,678.1855932697983,685.253173828125,1273431
2025-02-10,680.9727265344344,689.9315845340427,669.2266804195102,674.7015380859375,638207
2025-02-11,675.846318139772,682.7645596549019,649.5172172583023,658.2769775390625,1243699
2025-02-12,661.9600507286893,661.9600507286893,625.6269050871898,638.0697631835938,1892628
2025-02-13,637.0742947493908,684.8548668555951,637.0742947493908,659.0732421875,7791541
2025-02-14,661.9103269332367,673.6563734547312,649.5669867374074,666.2404174804688,4032606
2025-02-17,662.059603018225,685.701034605755,654.992083561885,678.5339965820312,2131381
2025-02-18,672.412074718904,692.6192648131135,668.6294578783761,689.8818359375,2261848
2025-02-19,689.8817944386069,708.3469832284961,676.8914630706124,706.2068481445312,2035388
2025-02-20,703.9174256396535,712.6771860002922,700.0849887120238,710.1388549804688,1756107
2025-02-21,708.446578278924,716.6091053131751,683.9092378951858,689.1849975585938,1342537
2025-02-24,686.8458152903854,688.4882969772343,663.303901811669,671.66552734375,3119434
2025-02-25,674.9006315047884,683.6603915618814,663.0550061478958,677.837158203125,1898688
2025-02-27,677.6878374226347,694.1124107451506,663.70207653257,667.8331298828125,2820608
2025-02-28,654.9920522689463,656.236338082527,620.1520494886831,623.2378540039062,4478047
2025-03-03,624.0840050002806,632.2962913724072,597.555807144227,630.4547119140625,3139394
2025-03-04,627.1698020558556,629.6583736541695,605.5689884312619,607.4603271484375,1677589
2025-03-05,599.4969191414548,623.4867258913989,599.4969191414548,618.5095825195312,2177307
2025-03-06,624.1337620799684,629.9072360851413,601.836136070029,606.6640014648438,3028625
2025-03-07,608.2068995648664,609.152568924911,591.7823269906924,600.0443725585938,2449005
2025-03-10,598.2525920655919,604.1256451420697,592.0809225586123,598.5512084960938,1721049
2025-03-11,592.2800977000599,613.7315748016642,589.2938114931688,610.1978149414062,1640788
2025-03-12,611.541575910849,613.6817718426037,592.827529164039,600.1937255859375,1020900
2025-03-13,600.3928036338754,607.410563337553,590.1896601568845,593.6238403320312,982164
2025-03-17,592.2800485045228,617.6634791547166,572.421234726966,615.8219604492188,1939749
2025-03-18,615.8219604492188,615.8219604492188,615.8219604492188,615.8219604492188,0
2025-03-19,625.0296945977193,646.7300277442075,623.1881150797763,634.4862670898438,2633328
2025-03-20,622.6406421314924,634.5360270620522,617.1657843669469,624.7310180664062,2969859
2025-03-21,627.1200468060727,632.6944229196694,621.6949485356486,626.1743774414062,1318716
2025-03-24,627.1200911492992,662.358292002052,624.6315193590242,655.0916137695312,2957927
2025-03-25,657.9783327707047,673.6563338919432,654.3948139597359,665.1951904296875,2968535
2025-03-26,668.9280329121598,671.9143187733748,655.9377015671029,657.8289794921875,2152775
2025-03-27,655.0418415415427,674.900656186763,654.046412845102,671.5161743164062,2789732
2025-03-28,675.8960420626732,675.8960420626732,656.534942992271,661.31298828125,2111563
2025-04-01,658.9737467081098,661.8605140097409,643.3455052165231,657.8289794921875,1185082
2025-04-02,659.0235663849962,682.5654797175611,659.0235663849962,679.4796142578125,3584292
2025-04-03,673.1088743200677,691.2754474265174,672.063686374761,689.533447265625,1409878
2025-04-04,686.3978133500078,689.5334378994796,667.7832854466609,676.4932861328125,740290
2025-04-07,656.9828955736958,672.9097536482096,645.2368498949703,666.5888061523438,1690184
2025-04-08,684.8549117525364,686.5471526101303,672.5115721801205,678.8325805664062,2425456
2025-04-09,681.8686367139858,688.3389230477682,668.0819739821534,681.9183959960938,986158
2025-04-11,683.9092364519231,690.2800040642705,670.2220926220806,682.167236328125,1283823
2025-04-15,688.8366135013597,699.7365691754782,685.7009890073865,697.7954711914062,1553424
2025-04-16,696.8000752858096,703.1210230948728,686.8955477787323,699.8361206054688,1166593
2025-04-17,700.2840786984812,705.4603200028475,688.9361674064528,694.5603637695312,1228882
2025-04-21,695.804662322724,703.568994042907,690.8772780992522,692.5695190429688,1553435
2025-04-22,691.5243050302953,707.4511636542554,688.040304706304,699.0895385742188,1249592
2025-04-23,699.0895446306286,712.7766888791698,686.6964455052658,710.1885986328125,2443177
2025-04-24,714.6679930315929,715.1657073437876,699.2388493535573,713.224609375,1337783
2025-04-25,713.2246267849135,716.5095291743552,688.3886698489207,691.1260986328125,1524535
2025-04-28,689.5333998870912,705.9082124255791,687.940677681455,701.9762573242188,1381701
2025-04-29,701.9763291314547,709.7406608152309,698.2434715184713,705.0621337890625,1235338
2025-04-30,702.9717437289613,722.6314600963645,702.5237886731586,712.1296997070312,1976135
2025-05-02,711.7314720425899,717.5547052386634,696.2028096822993,697.7954711914062,687396
2025-05-05,696.8000860497004,720.093141800106,696.7503267662119,717.355712890625,1486713
2025-05-06,721.6857728046772,724.6222994797319,698.6415752050774,702.8223876953125,712690
2025-05-07,688.8366364259193,709.4420219500045,688.8366364259193,703.76806640625,1204483
2025-05-08,703.7680264254028,706.6547936933947,661.960024855577,668.7786865234375,1721745
2025-05-09,649.0194779736584,670.8691489309019,649.0194779736584,667.1362915039062,1131188
2025-05-12,677.6878007558881,696.8000426483279,673.9549433845579,692.9178466796875,1059863
2025-05-13,692.8183540026823,704.3155429846877,688.8863986067544,698.4923095703125,1592174
2025-05-14,695.0083285389051,709.0936081506508,677.4887470144309,690.62841796875,2220144
2025-05-15,700.7817584552103,704.6141343943052,669.923470795961,680.6243286132812,7700809
2025-05-16,681.1718777780236,683.9590661116716,667.3852139677838,671.2175903320312,2570669
2025-05-19,671.5660202635052,699.7864005938119,662.0596272408469,691.3252563476562,3642232
2025-05-20,691.3252145237353,694.7594556024039,671.4166410313311,676.2444458007812,2021406
2025-05-21,677.7874252130986,680.6741319854953,668.0321753614137,671.317138671875,904725
2025-05-22,671.416642813847,674.6517860149515,660.1683109120048,671.1677856445312,1480845
2025-05-23,671.1677246200724,671.4663410448712,659.770055150491,661.4125366210938,1264576
2025-05-26,661.4125852875483,665.0458634428583,655.7883890560965,658.5258178710938,2357378
2025-05-27,659.969252863654,665.5436294903596,656.1866358129503,662.4578247070312,1776278
2025-05-28,666.8376332267345,666.8376332267345,652.3540987137052,656.7340087890625,1091201
2025-05-29,659.0235377003875,668.9778243834419,656.8335824788866,667.2855834960938,1689146
2025-05-30,666.986937711865,667.4348927441297,650.0646510949371,652.55322265625,1875471
2025-06-02,652.0057645133629,659.123103649821,647.0783805539799,657.381103515625,1401512
2025-06-03,662.7564084875826,662.7564084875826,650.3633091676044,653.2003173828125,991111
2025-06-04,661.6614547974401,685.3028859135037,658.6254094790272,683.0631713867188,4691589
2025-06-05,683.8594720854667,689.8320438940734,680.2759533027596,682.9635620117188,1048703
2025-06-06,682.9635962077772,694.7097032910797,682.8640776417744,692.0220336914062,1604498
2025-06-09,693.8137523881614,698.7411362385596,689.6826992874107,696.053466796875,772762
2025-06-10,697.7955079109094,697.7955079109094,688.3886946901252,692.0220336914062,457279
2025-06-11,691.8228734063512,691.8228734063512,679.5293545626655,682.4658203125,319802
2025-06-12,677.4389530284351,678.5837202740363,662.9554783772772,664.7969970703125,721016
2025-06-13,662.3582814153672,685.6512765463534,658.2769872908605,678.3348999023438,2773723
2025-06-16,678.3348606085694,694.5105760498077,671.317100829907,689.3840942382812,972257
2025-06-17,688.8366228577801,689.2845778995953,672.9097645258082,674.55224609375,1751383
2025-06-18,672.4618152810543,682.3165832613736,670.6202965730022,678.4343872070312,748204
2025-06-19,677.4389627850541,694.2119721689827,676.4435341245056,680.1763916015625,1865206
2025-06-20,680.8732164343696,694.4608422051451,678.4841633023174,692.6192626953125,2661018
2025-06-23,686.845803758336,697.696000902774,678.0362840560681,690.2302856445312,1280648
2025-06-24,697.79552094698,699.5872804615203,690.1804670650001,692.3704223632812,851279
2025-06-25,691.8229450584294,714.9169030015371,690.3795612952077,709.7406616210938,3075488
2025-06-26,711.7314848875019,715.6136809257091,703.0712434796002,707.8991088867188,1303874
2025-06-27,711.4328759822661,713.1748761385614,702.8721530462138,706.70458984375,2286595
2025-06-30,706.7045644712209,708.2474666887452,696.7502782212034,698.591796875,1671587
2025-07-01,699.8361089745115,715.663449009704,699.8361089745115,706.5054931640625,1295012
2025-07-02,706.5055151252556,708.6954704019171,697.347558994946,705.4603271484375,682023
2025-07-03,705.3109843513905,708.7452254743704,700.7817959746584,703.7183227539062,661301
2025-07-04,703.7182727390723,707.7497464855466,697.5963624438084,706.8040771484375,554527
2025-07-07,709.8899682627068,711.4328705237874,678.1357699262707,680.9727172851562,3277330
2025-07-08,677.6878197252103,687.4928284820442,676.2942560545913,685.0540161132812,966000
2025-07-09,688.836619984909,688.836619984909,678.633476408543,679.8280029296875,726810
2025-07-10,679.8777761237566,686.0494459791835,674.9006328139194,684.8549194335938,689947
2025-07-11,681.8686314902922,684.2576845746134,671.2175326865873,675.4978637695312,851125
2025-07-14,679.3800523135404,679.8777666375797,670.0229987191458,676.6923828125,1128532
2025-07-15,677.3891692949678,688.8365983131781,676.8914549898283,688.0900268554688,370386
2025-07-16,688.8366119811495,691.7731385909681,682.8640402009662,690.7777099609375,392874
2025-07-17,690.9270311792511,692.3206556512447,683.8595117647809,686.3480834960938,774894
2025-07-18,686.2483911196356,686.2483911196356,676.575886538346,679.8665161132812,549392
2025-07-21,676.1769457651509,679.6670200836658,673.0857614278642,677.4234008789062,576701
2025-07-22,677.4234324455805,680.7141227888874,658.1283307303588,660.2223510742188,686128
2025-07-23,663.7124036057638,666.0557757685627,652.8433513840295,657.081298828125,913822
2025-07-24,657.0813342510663,664.0116373233159,652.643941574441,654.2393798828125,720562
2025-07-25,652.5442150682916,654.388944318878,644.2178582690511,647.2093505859375,413086
2025-07-28,647.159502402146,653.1923330487357,642.3731268834496,644.1181640625,782559
2025-07-29,644.1181824869124,656.1339980910908,638.4343347687249,650.7991943359375,868584
2025-07-30,650.7492661586986,658.7265789445216,644.3674524472799,654.1396484375,865911
2025-07-31,650.4003297295122,658.1283520451944,643.1708894987128,653.64111328125,628708
2025-08-01,649.5527296725747,653.4914792421233,638.3844793981183,640.1295166015625,1036003
2025-08-04,643.1708714415012,654.6382590718536,640.1295329815173,646.9600830078125,1196098
2025-08-05,650.1510094444174,652.7436118243685,633.3488182844311,639.6807861328125,707823
2025-08-06,642.0740042739914,642.0740042739914,623.5765610701484,628.2632446289062,1035230
2025-08-07,623.4769000372432,638.1850716094933,622.1307527466455,633.8972778320312,2776731
2025-08-08,633.8972343764447,636.6394356680305,619.1890638124845,622.6791381835938,1820049
2025-08-11,620.136368623181,631.3544645761181,618.2417325174143,628.662109375,1268903
2025-08-12,628.6621404472246,636.7391455877266,625.2717580468268,631.0552978515625,2370696
2025-08-13,631.0552733779396,642.1736773855754,629.6094341293798,637.9357299804688,712697
2025-08-14,655.3860976813692,668.5486758323202,626.5181851242079,630.05810546875,6696309
2025-08-18,632.9499455997276,648.2065449557513,631.7034904094957,633.398681640625,1695485
2025-08-19,636.8887295484938,636.8887295484938,623.4270140567494,632.2518920898438,1619515
2025-08-20,632.2518902968349,637.1878648022233,628.2133878331779,632.4014892578125,1293506
2025-08-21,632.401533989504,636.3403446658248,623.6763474302174,625.5709228515625,1187889
2025-08-22,625.5709236563551,630.6066514524218,614.7517166537496,617.3942260742188,894008
2025-08-25,618.191894835668,648.9045368870279,614.7516665245528,645.962890625,5226858
2025-08-26,643.1708897731536,648.9045837517515,636.9884597455556,638.9827880859375,1466400
2025-08-28,634.1964167162288,641.525549074017,631.4043691924081,633.7476806640625,884338
2025-08-29,630.2077351839406,638.1850482875349,623.8258603562377,625.9697875976562,756600
2025-09-01,624.2247720880214,631.9029483899528,623.9256350086363,629.1109008789062,639421
2025-09-02,633.1992112290864,636.6892856216876,624.8230083420164,633.7974853515625,916379
2025-09-03,636.5896029219817,637.3873220510433,631.5040293578369,633.0496215820312,593520
2025-09-04,645.0655016034477,662.1668299571068,638.1850447449636,652.3447875976562,2541357
2025-09-05,653.0427922742759,659.3249139206984,648.8546908893054,654.1396484375,1227777
2025-09-08,652.1453541449837,663.5628958356853,652.0955081098942,657.9288940429688,1032570
2025-09-09,657.928884958704,664.1113147761813,655.6354196176264,661.9175415039062,748419
2025-09-10,664.4104751269689,665.8563753476858,651.3476488285106,655.1867065429688,1023567
2025-09-11,655.1866515082936,656.1339695638156,648.804837865642,649.802001953125,353574
2025-09-12,651.8461981936097,652.0954892239068,629.7091425308021,633.3488159179688,1509984
2025-09-15,633.6978203261372,634.1964024034984,625.969798127038,630.00830078125,861349
2025-09-16,630.9555843044524,635.4926687872509,628.1136909641464,631.155029296875,1342924
2025-09-17,632.2020435740639,634.1963717872312,621.5323754612049,625.919921875,1451523
2025-09-18,630.2077104904179,630.2575565229484,618.2915873364215,624.6734619140625,2197144
2025-09-19,628.1635778394775,629.5595711530691,622.9284659738499,624.6236572265625,1518691
2025-09-22,624.2247508931586,629.80884572565,619.2887762336503,621.0338134765625,1381355
2025-09-23,622.8286706895127,623.8757416810968,612.7573376538609,614.9511108398438,1702093
2025-09-24,614.9511436561162,630.8060171284817,609.815723937296,628.6123046875,3120429
2025-09-25,627.2162366471485,633.0995293484436,616.4468762348417,619.9369506835938,1675879
2025-09-26,621.1335816916244,622.1805918907212,602.6860446697658,605.178955078125,2045929
2025-09-29,608.2701376556206,616.8956319852374,602.4367516639153,605.3284912109375,3154893
2025-09-30,609.0678500213995,619.0893375461824,607.2729667256588,615.649169921875,1991845
2025-10-01,615.6491653691422,623.127896431148,612.6077660476045,617.6434936523438,983213
2025-10-03,617.8428469151374,628.2133778143597,617.6434627864367,626.6677856445312,580209
2025-10-06,627.2162158377889,633.1992004085787,616.2474107913412,621.5822143554688,1531490
2025-10-07,622.7289725991034,627.1663649605733,609.5165484406756,612.1590576171875,2065698
2025-10-08,612.1590915272263,614.4027108482238,600.392505954117,601.2899780273438,1674676
2025-10-09,603.1846216248697,604.03218681168,595.8055825340138,597.450927734375,1733574
2025-10-10,597.450888580565,601.2899459803895,595.7058514239055,600.5919189453125,1355094
2025-10-13,600.5919428907446,601.9879970165589,591.9166027936265,595.4066772460938,1610741
2025-10-14,600.2928106204619,600.2928106204619,580.49912684101,581.994873046875,3465924
2025-10-15,586.3324995237338,586.3324995237338,579.8509327772979,583.0418701171875,879705
2025-10-16,583.0419005815271,595.3070076624601,582.892301611658,593.61181640625,1285374
2025-10-17,595.3070000776521,598.2984925403539,588.5262960012755,590.9693603515625,705171
2025-10-20,593.3625005977012,593.8112366265076,587.778405840751,589.07470703125,408741
2025-10-21,590.3211424557624,593.8610628098997,586.5817771108145,589.0248413085938,117879
2025-10-23,591.8169026848748,599.8939076774486,587.5789551930285,597.7001953125,777837
2025-10-24,600.0434941772429,600.4922301924144,584.8367417282143,588.875244140625,863280
2025-10-27,589.8724256907351,594.5092632146066,585.9336152264451,594.0106811523438,804991
2025-10-28,594.0106592131402,599.9437977073468,590.4208319801938,599.0463256835938,1169233
2025-10-29,602.2871391291959,613.1562525742028,596.3041543034092,611.3114624023438,2442944
2025-10-30,611.3114802871936,613.4055615547259,605.4780942562146,611.5109252929688,842569
2025-10-31,614.5023850520674,616.9952953362543,593.8112296933164,596.154541015625,1402478
2025-11-03,596.1545703904934,599.5947989245983,591.866776662829,598.6973876953125,681584
2025-11-04,598.6973930091978,601.5891325897678,586.9308070939588,591.76708984375,1126048
2025-11-06,590.3211948805186,591.7172490781053,579.8509709848338,581.5960083007812,950388
2025-11-07,580.2498228705819,580.2498228705819,563.347878948707,574.8651123046875,1703407
2025-11-10,576.3109964172264,587.229955345381,573.8679322309716,582.6928100585938,866793
2025-11-11,582.6928227934865,588.9250984752089,574.4163728605727,578.405029296875,2599968
2025-11-12,579.4021892853185,584.9863447736683,576.3608509466811,583.64013671875,1226844
2025-11-13,583.8396273864905,587.0804109714711,569.3309007399921,571.8736572265625,2703484
2025-11-14,603.2344297022897,621.1833833605058,597.6004282369677,613.5550537109375,15681619
2025-11-17,613.8542401375379,617.2446226682663,599.4452665371197,601.4894409179688,2846271
2025-11-18,604.1817705471464,604.1817705471464,593.412349256427,598.6474609375,1729923
2025-11-19,598.6474852691185,601.539285707693,591.8169350476846,593.4622802734375,1189327
2025-11-20,592.5149100568789,594.1103482442221,586.1330355833744,589.4735717773438,2658325
2025-11-21,589.4735977846643,595.3069835804495,585.3353423144453,587.3795166015625,1887192
2025-11-24,587.3795166015625,591.5676181056979,580.3993677153595,587.3795166015625,3314692
2025-11-25,587.3795076171082,594.8083924190639,584.8367513055842,591.3681640625,1338159
2025-11-26,591.3183321361699,607.6718482972423,590.4208600697192,603.2843017578125,1896432
2025-11-27,603.2842813526916,611.1619020986525,601.0406621245204,604.9296264648438,922708
2025-11-28,604.929670327731,606.9239986751566,594.4095396054033,599.7942504882812,923045
2025-12-01,599.7942340380564,608.7687113553341,598.4480867852926,607.6219482421875,1073603
2025-12-02,608.2701213977045,608.2701213977045,597.3013159298771,601.7387084960938,1067276
2025-12-03,600.7913844403656,601.2401204683778,586.3325046488546,587.5291137695312,1130814
2025-12-04,587.5291130189316,590.321160388898,584.088884624657,589.2243041992188,838723
2025-12-05,588.3268239114171,593.2129523870337,582.2939932284677,591.5177612304688,1155927
2025-12-08,591.3183057510223,593.9109080418665,579.1030456406513,582.5432739257812,921220
2025-12-09,578.3552013877731,586.7812505459226,573.3693806861544,581.8452758789062,740390
2025-12-10,582.8424041530286,586.9307525319448,579.9007579476789,581.4463500976562,860357
2025-12-11,582.0945707500433,597.5007689919873,579.7013524526672,596.2044677734375,1047488
2025-12-12,597.3013402632372,604.6304725977657,575.7127115499628,581.8951416015625,2413068
2025-12-15,580.299677549251,580.299677549251,568.9319821239253,575.8124389648438,1661085
2025-12-16,575.8622544852177,576.2112375673523,557.6640100794078,558.611328125,4616765
2025-12-17,558.6113433513486,561.3535446379286,546.8448190940736,552.478759765625,1554041
2025-12-18,555.4204094260477,559.7580489609396,548.9886887423273,557.1156005859375,1224222
2025-12-19,557.1156197071642,564.793795792264,555.4204284890924,562.1014404296875,1860282
2025-12-22,565.3920711628051,568.7824536063164,560.5059424992863,566.8878173828125,1672475
2025-12-23,566.8878237686977,568.4832620765168,561.5031129711854,564.743896484375,1539279
2025-12-24,566.3892142388576,566.3892142388576,558.7110384227132,562.0515747070312,2850948
2025-12-26,562.0515817662302,564.3450470746457,553.4260877652421,558.2124633789062,2395184
2025-12-29,558.2124972628026,563.2980711114488,556.7167509888603,562.001708984375,1658716
2025-12-30,562.0016936915475,575.8124537623804,553.8249963061534,556.7167358398438,4282934
2025-12-31,560.4062515911645,560.4062515911645,554.0243766944088,557.015869140625,1176977
2026-01-01,557.0158556526569,557.7138827122855,549.985860746692,551.5813598632812,826911
2026-01-02,552.030017115368,555.8192893555064,547.4430866359227,551.3818969726562,2603875
2026-01-05,551.3819067419772,552.7280539455162,531.2391795495706,537.5213012695312,2594502
2026-01-06,537.5213103952041,549.2878349193824,531.3388806364455,544.9501953125,2208300
2026-01-07,546.246508221891,554.5728653767603,533.5326653321001,535.8760375976562,3508452
2026-01-08,533.432973430554,534.9287196533546,521.766140720295,524.45849609375,2400767
2026-01-09,524.4584872679643,528.8459729304368,518.2262114445073,520.2703857421875,2238658
2026-01-12,520.27038301544,523.9100564220906,510.6477248496275,522.1151123046875,1704055
2026-01-13,525.0069392811168,527.1009597083497,519.0239542180841,526.502685546875,784250
2026-01-14,526.5026490273177,529.2946963573219,521.7162734813011,527.7989501953125,1434389
2026-01-15,527.7989501953125,527.7989501953125,527.7989501953125,527.7989501953125,0
2026-01-16,524.8074764413144,530.2918792294115,522.8629941894843,526.30322265625,3065491
2026-01-19,523.1122940083246,528.9955868973457,514.4868605412839,515.8330078125,1822460
2026-01-20,515.8329856823235,517.8771599502776,502.37127009941423,505.3627624511719,2031428
2026-01-21,503.5678807150554,509.7503104328816,497.6347420272862,506.060791015625,2067208
2026-01-22,508.55370070406065,512.293066150414,496.8868683390245,499.5792236328125,3527811
2026-01-23,503.5678932779366,504.5152113882001,488.61043110136427,491.20306396484375,1831633
2026-01-27,493.59623386952524,493.6460799025532,479.7356588430322,486.91522216796875,3228069
2026-01-28,486.6160898515652,493.89537574455414,483.92373455907125,492.25006103515625,1030723
2026-01-29,492.15034278189086,495.9894307576207,483.923738732913,487.01495361328125,1099442
2026-01-30,485.61892418980295,498.78150268522546,481.6801137616405,495.6404113769531,3196265
2026-02-02,492.4993579839116,496.38829200678236,487.0648317311287,495.0421447753906,779665
2026-02-03,518.5253448335699,518.5253448335699,500.1775310256657,505.0636291503906,1605604
2026-02-04,502.32141441478905,518.5253310088145,499.8783502020458,515.1349487304688,818446
2026-02-05,514.536686598175,545.9473564195753,514.4868405645229,543.5541381835938,6629518
2026-02-06,538.9672383355284,543.9530592266989,531.4885069987727,542.7066040039062,1345771
2026-02-09,542.706573320217,549.3875851090669,542.5071283234321,546.794921875,788188
2026-02-10,546.445964485895,558.312242439085,545.7977834313664,552.877685546875,1906312
2026-02-11,568.3835670150394,573.3693877783293,537.222187244478,545.4487915039062,10490938
2026-02-12,542.8062581451773,543.8034222537287,532.4856339664962,539.2164916992188,1901959
2026-02-13,539.2165260621617,542.1083265060753,523.7604813946378,531.5881958007812,1514289
2026-02-16,531.4386194016113,534.479957734966,524.6080087976464,533.0340576171875,541328
2026-02-17,531.5882024169514,534.8788929154887,526.7021344301,529.4443359375,661200
2026-02-18,529.4941455514683,531.887363774494,520.8188055705843,522.5638427734375,986314
2026-02-19,521.5667105822364,526.6023775034288,520.5695464052845,523.2619018554688,834188
2026-02-20,521.5168307530963,538.8675106526151,521.5168307530963,530.8901977539062,1977021
2026-02-23,530.8901923901828,536.1253039270689,528.0482381814903,534.5796508789062,1456796
2026-02-24,533.4827841816267,533.5326302133427,512.193355363317,517.428466796875,3283010
2026-02-25,517.4285193188998,524.05962462393,509.00246979337135,516.481201171875,1325873
2026-02-26,519.0239188269709,523.5111573182704,509.2018462653643,514.686279296875,1033265
2026-02-27,512.5423664264628,535.2776965780243,506.559381604364,518.4256591796875,8947909
2026-03-02,498.5820627130957,508.35425896985873,498.5820627130957,504.2160339355469,1497360
2026-03-04,496.43818132198965,508.55371973536035,493.5962573902027,498.08349609375,3801903
2026-03-05,498.58207588310125,505.4625024440811,491.1531907800291,499.0806579589844,1708258
2026-03-06,498.5820801277471,501.57357260851353,488.85972956525603,490.6047668457031,1716661
2026-03-09,479.6359521119145,490.2058980991324,475.94643261556286,487.2642517089844,1841013
2026-03-10,487.26423844794544,492.5492265132392,476.6942927483917,480.98211669921875,3219335
2026-03-11,478.73850890059504,481.7798473501014,469.863754155625,471.9079284667969,2520552
2026-03-12,468.6671560934962,468.6671560934962,450.7182011792772,460.4405517578125,4042856
2026-03-13,461.0886860635316,465.7254931661143,451.7153493594972,456.8507385253906,1906381
2026-03-16,458.6954902742342,470.86090458000774,447.0785344871913,466.4733581542969,2085255
2026-03-17,466.4733735377982,470.2127390709604,458.79522790165913,464.42919921875,1940585
2026-03-18,464.62863502291816,478.48921023861504,461.58726619085843,476.5946044921875,823728
2026-03-19,468.46769275929944,468.46769275929944,450.6184610458518,452.9119567871094,1710479
2026-03-20,455.10569169548194,461.53741234881534,448.6241250092835,450.2694396972656,1623484
2026-03-23,446.72953462102817,446.72953462102817,434.9630099440488,436.8077392578125,960419
2026-03-24,444.6354645909659,454.20824600460213,439.8490890996644,447.32781982421875,2152093
2026-03-25,448.7238655906473,468.7169945406611,447.32784187279447,461.0388488769531,3256950
2026-03-27,460.6898228596841,463.18273315654386,447.2281072566414,453.0615234375,2740257
2026-03-30,440.34768853945735,446.4802418895899,429.2791605437598,432.86895751953125,5165320
2026-04-01,446.7793816158939,451.31649672026134,436.658171661589,442.4417419433594,2942527
2026-04-02,432.5199416711373,450.1198824909721,429.777740311839,445.28363037109375,2727623
2026-04-06,445.2836324874238,463.48187795834986,433.66667639629975,459.7923889160156,2531547
2026-04-07,438.75222658661306,438.75222658661306,407.64069289260294,411.9783630371094,26718173
2026-04-08,428.58114330888617,442.04285945359896,422.398743782528,434.5142822265625,12865710
2026-04-09,432.6695191755498,435.2123060200603,424.3930688919311,426.6366882324219,3101085
2026-04-10,428.78057518433985,445.5827968330028,427.5341200239203,443.738037109375,3524006
2026-04-13,431.77207438762565,439.84911004089906,429.4786090286503,436.6581726074219,2027301
2026-04-15,443.7380466670357,457.10004018833047,442.2921464773921,453.56011962890625,3762656
2026-04-16,457.69834596915337,465.2269231476481,451.26662501351274,458.34649658203125,2123127
2026-04-17,442.2921462897156,462.58444281601805,439.7493898811839,457.64849853515625,2801827
2026-04-20,455.35499686319014,462.23542331908516,445.7323690318197,454.8564147949219,1529341
2026-04-21,452.6127830943643,472.10735968847723,452.31364603400806,470.5617370605469,3095871
2026-04-22,473.2540935694758,493.24722183962353,471.9577619654526,491.7016296386719,4625853
2026-04-23,493.49653641496127,497.33562451496806,484.62178148225456,491.4523620605469,2590534
2026-04-24,491.80135627334323,494.99226319948156,482.22857463286044,490.5549011230469,3003638
2026-04-27,494.59341785358197,496.6375921864096,482.1288659923526,483.7243347167969,3129078
2026-04-28,481.38099596243075,488.6104360882259,474.15155583663557,481.031982421875,3030435
2026-04-29,481.5305576647568,486.9651144063211,475.89658635358757,484.0234680175781,2549457
2026-04-30,482.3781566101386,482.3781566101386,468.2682900017027,477.2427673339844,1109585
2026-05-01,477.2427673339844,477.2427673339844,477.2427673339844,477.2427673339844,0
2026-05-04,480.03480131321703,482.52771161338023,471.5589062926622,475.0489807128906,723140
2026-05-05,474.5504038828729,475.0489859484004,463.28246137436497,464.03033447265625,907566
2026-05-06,467.66998540336954,471.35950492331534,459.69267221951674,469.9136047363281,1607186
2026-05-07,471.7084931626193,481.92942579063765,465.9249532138132,477.6416320800781,2072767
2026-05-08,477.6914573357344,481.03196320871143,470.16288043647165,471.957763671875,1392176
2026-05-11,469.4648703856072,469.4648703856072,457.29948599510357,459.194091796875,1179149
2026-05-12,459.19408620886367,462.3351471618705,438.8519438506388,440.8961181640625,2080216
2026-05-13,432.47009307598444,451.86491704372884,421.0525516751966,447.1283874511719,1835319
2026-05-14,448.5244039705598,462.4847014939071,444.0870419449731,459.14422607421875,1091179
2026-05-15,459.6926734727667,466.4733775251138,454.75669875438706,460.04168701171875,1113072
2026-05-18,454.70685668085497,460.3907045617797,447.8264300672859,455.6541748046875,1007445
2026-05-19,453.2609401218372,476.64445098812433,453.21109408808053,471.65863037109375,1908777
2026-05-20,470.7113178347586,475.5974464419209,463.93061388801385,471.20989990234375,1290565
2026-05-21,448.0258351833727,448.0258351833727,432.32050000453086,434.41455078125,18865418
2026-05-22,433.7663979130212,438.40320504588453,427.4343995814173,435.4117126464844,5199265
2026-05-25,438.7522230012464,444.9844988961505,434.8632889290332,437.5057678222656,5413480
2026-05-26,437.55559979073297,438.9516538911397,427.0355305907417,428.8304138183594,4452681
2026-05-27,427.7834175346167,432.6196697164947,424.19362053203537,426.0882263183594,1296399
2026-05-28,426.0882263183594,426.0882263183594,426.0882263183594,426.0882263183594,0
2026-05-29,425.7890766344572,436.508590858861,420.9528245958451,426.28765869140625,41607027
2026-06-01,428.7805652947226,433.06835877525646,418.808924241357,422.4984436035156,5149494
2026-06-02,418.808938709623,432.42022313147885,412.1279268006509,429.4786071777344,9674064
2026-06-03,429.5284434354591,436.15957872788454,425.98852299221187,431.07403564453125,3809632
2026-06-04,431.12391663416867,435.71087770712376,425.09105540384655,429.0797119140625,2129882
2026-06-05,429.4287233553258,433.41737984613303,423.8944746467444,425.988525390625,1318907
2026-06-08,422.14944152942167,422.14944152942167,410.5324854733976,413.42425537109375,2178043
2026-06-09,414.02255961071995,423.2961738621411,410.7817761830357,421.6009826660156,2037113
2026-06-10,422.79759432017636,428.78057914546184,419.45708837318506,423.8446044921875,2811676
2026-06-11,421.7007078155606,421.7007078155606,411.0310697990597,412.4270935058594,1395716
2026-06-12,416.8146194152051,420.20497147735136,409.9341927885774,418.1607971191406,2325470
2026-06-15,423.794757821551,432.7692350460074,420.2049608455616,421.451416015625,1465261
2026-06-16,423.7449132896231,426.2876696731545,420.80326690542967,422.1494445800781,1585322
2026-06-17,422.7975772583711,425.73922351784154,418.3103388204875,421.9499816894531,1013592
2026-06-18,423.7947541226328,423.7947541226328,419.1080705516865,421.7505798339844,1609253
2026-06-19,421.99986906755083,422.0497151012922,414.8701212425719,417.811767578125,7105506
2026-06-22,419.8060997978334,434.56411678695866,419.10807273264413,432.1709289550781,4334126
2026-06-23,435.6610157283294,437.4559294762299,421.0027208245022,422.2491760253906,1725704
2026-06-24,421.70070440183287,425.5896384218056,421.1023998377522,423.2961730957031,1412533
2026-06-25,424.79192536058264,429.77774608077726,420.50413171362914,421.9998779296875,1182662
2026-06-26,421.9998779296875,421.9998779296875,421.9998779296875,421.9998779296875,0
2026-06-29,424.4927855122233,426.78625085609224,414.62083620600475,416.5154724121094,1369435
2026-06-30,418.80892875921415,420.3545209667454,412.4769305358145,416.4157409667969,1896454
2026-07-01,417.01403845496617,423.7448961245196,414.4712517434038,420.25482177734375,1571269
2026-07-02,421.9001426304474,431.62249273989283,420.90297851665815,430.37603759765625,2138263
2026-07-03,432.2208018317853,436.6581639261103,426.98569017943396,428.3817138671875,1160020
2026-07-06,429.7777318263557,448.6740039015753,425.2904933270086,437.0071716308594,6625624
2026-07-07,437.95448594393247,456.1028543488863,428.9301325586452,453.6598205566406,10879295
2026-07-08,446.62979976028413,451.1669147293342,425.48993884063776,427.98284912109375,8026465
2026-07-09,427.9828472415206,441.34484019987593,426.78623813974343,428.1324157714844,2442441
2026-07-10,432.918805198881,439.6496631423898,430.4258948494333,436.8077392578125,2119387
2026-07-13,432.1210874759664,437.6054902627293,426.8360992591924,430.1766052246094,1799503
2026-07-14,427.78341859430606,432.47010225248505,418.31035920818505,420.3046875,1952000
2026-07-15,423.2463213626823,430.02702518153706,419.307510930635,427.833251953125,1706508
2026-07-16,431.77205413413844,431.77205413413844,421.30183111240996,421.9499816894531,874460
2026-07-17,423.20001220703125,423.25,414.29998779296875,417.1499938964844,2389067
2026-07-20,418.45001220703125,426.04998779296875,415.20001220703125,424.8500061035156,1530259
2026-07-21,424.6499938964844,426.75,420.1000061035156,425.5,1225065
2026-07-22,424.04998779296875,424.79998779296875,415.8500061035156,417.20001220703125,701088
2026-07-23,416.6000061035156,419.95001220703125,411.6000061035156,412.29998779296875,911817
2026-07-24,410.0,420.0,408.54998779296875,418.25,1545685
2026-07-27,420.79998779296875,428.3999938964844,420.45001220703125,427.45001220703125,1229160
2026-07-28,430.0,433.95001220703125,427.6000061035156,432.20001220703125,2680041
2026-07-29,434.0,441.6000061035156,432.79998779296875,440.1000061035156,2657255
2026-07-30,440.0,442.8999938964844,433.6499938964844,439.79998779296875,1113950
2026-07-31,441.0,441.0,433.0,438.25,2001357
2026-08-03,439.95001220703125,470.79998779296875,439.95001220703125,470.0,6073943
2026-08-04,470.0,472.95001220703125,461.6000061035156,465.0,2099849
2026-08-05,470.79998779296875,495.29998779296875,467.70001220703125,485.0,12392227
2026-08-06,480.0,482.5,470.1000061035156,473.0,3933013
2026-08-07,470.0,488.0,469.3999938964844,486.5,4147385
2026-08-10,487.0,497.95001220703125,482.5,495.0,3352572
2026-08-11,495.0,497.54998779296875,485.20001220703125,488.20001220703125,2648480
2026-08-12,487.0,489.0,477.25,484.70001220703125,3122764
2026-08-13,480.0,504.6499938964844,471.6000061035156,491.54998779296875,8831457
2026-08-14,495.3500061035156,521.0,495.0,504.1000061035156,12894239
2026-08-17,504.20001220703125,512.5999755859375,501.79998779296875,511.5,2025328
2026-08-18,509.8500061035156,510.6000061035156,496.3999938964844,500.54998779296875,2285057
2026-08-19,500.8999938964844,504.1499938964844,494.75,498.29998779296875,859757
2026-08-20,504.8500061035156,510.8999938964844,499.1000061035156,507.29998779296875,1576256
2026-08-21,512.1500244140625,512.1500244140625,500.5,506.75,937437
2026-08-24,506.8999938964844,515.25,506.20001220703125,507.8999938964844,1259699
2026-08-25,506.5,515.0,504.95001220703125,515.0,2203796
2026-08-26,524.3499755859375,527.8499755859375,499.5,499.5,2351201
2026-08-27,499.1000061035156,509.0,495.04998779296875,504.0,974638
2026-08-28,502.25,502.70001220703125,490.04998779296875,490.45001220703125,1153110
2026-08-31,490.0,496.0,480.0,496.0,1471448
2026-09-01,487.0,492.5,481.29998779296875,484.3999938964844,686008
2026-09-02,482.0,486.5,476.95001220703125,486.5,976244
2026-09-03,486.5,488.45001220703125,480.5,482.8999938964844,391251
2026-09-04,482.8999938964844,488.0,481.3500061035156,482.70001220703125,624576
2026-09-07,482.0,484.20001220703125,472.1000061035156,475.3999938964844,391181
2026-09-08,473.0,484.0,471.5,480.3999938964844,1239794
2026-09-09,477.1000061035156,479.25,473.0,475.95001220703125,712724
2026-09-10,474.95001220703125,480.8999938964844,467.95001220703125,473.79998779296875,962855
2026-09-11,470.6000061035156,472.8500061035156,465.6499938964844,470.25,354487
2026-09-14,470.25,470.25,470.25,470.25,0
2026-09-15,468.95001220703125,472.95001220703125,461.6000061035156,466.0,471771
2026-09-16,466.0,472.0,461.6499938964844,471.0,426648
2026-09-17,469.95001220703125,486.75,467.3500061035156,480.20001220703125,817225
2026-09-18,483.95001220703125,502.0,480.29998779296875,500.0,2900829
2026-09-21,498.0,503.6000061035156,485.70001220703125,487.04998779296875,2200207
2026-09-22,487.6499938964844,495.8999938964844,487.0,491.1000061035156,1745967
2026-09-23,491.6499938964844,493.70001220703125,483.29998779296875,483.29998779296875,625258
2026-09-24,484.6499938964844,484.75,476.04998779296875,478.8999938964844,339592
2026-09-25,478.5,490.0,474.1000061035156,484.54998779296875,945073
2026-09-28,484.5,485.6000061035156,476.5,478.70001220703125,1167993
2026-09-29,478.5,478.54998779296875,460.20001220703125,463.0,2376051
2026-09-30,463.3999938964844,466.25,451.1000061035156,456.70001220703125,797358
2026-10-01,453.0,453.6499938964844,437.95001220703125,443.3999938964844,1560787
