Date,Open,High,Low,Close,Volume
2019-10-03,283.6000061035156,283.6000061035156,279.1199951171875,280.45001220703125,42276
2019-10-04,282.3999938964844,282.3999938964844,276.30999755859375,276.8800048828125,67411
2019-10-07,282.0,283.0,272.54998779296875,273.0299987792969,137829
2019-10-09,278.5,281.0,270.010009765625,276.70001220703125,26282
2019-10-10,278.6000061035156,278.6000061035156,274.0199890136719,275.0400085449219,18131
2019-10-11,277.0,277.0,274.0,276.0899963378906,97575
2019-10-14,274.5,279.1499938964844,274.5,278.04998779296875,25243
2019-10-15,280.0,280.3999938964844,277.7900085449219,279.45001220703125,28376
2019-10-16,281.45001220703125,282.5,279.45001220703125,282.04998779296875,19079
2019-10-17,283.0,286.3800048828125,281.5799865722656,285.7099914550781,76880
2019-10-18,287.0,289.9599914550781,285.04998779296875,289.1600036621094,190534
2019-10-22,289.1600036621094,293.5,287.0,290.79998779296875,145761
2019-10-23,291.79998779296875,292.989990234375,287.0,292.0400085449219,77196
2019-10-24,292.0400085449219,293.0,288.8800048828125,290.4800109863281,46208
2019-10-25,292.3999938964844,292.3999938964844,287.1000061035156,289.55999755859375,168136
2019-10-27,294.3999938964844,294.3999938964844,288.20001220703125,291.20001220703125,18429
2019-10-29,294.3999938964844,300.0,290.0199890136719,293.8999938964844,256153
2019-10-30,333.0,333.0,288.20001220703125,295.9700012207031,62570
2019-10-31,297.3999938964844,299.5,296.1000061035156,296.70001220703125,102352
2019-11-01,298.6000061035156,299.9800109863281,296.0,297.75,107586
2019-11-04,299.8999938964844,301.3999938964844,295.8800048828125,297.0400085449219,230407
2019-11-05,298.79998779296875,298.79998779296875,293.4100036621094,293.8399963378906,264741
2019-11-06,294.0,296.760009765625,293.010009765625,296.6400146484375,55924
2019-11-07,299.0,299.3999938964844,295.0,296.5899963378906,267630
2019-11-08,296.5899963378906,298.8900146484375,293.79998779296875,294.3399963378906,160829
2019-11-11,296.0,296.0,292.8900146484375,295.6199951171875,97714
2019-11-13,297.0,297.94000244140625,291.0,294.2099914550781,318180
2019-11-14,295.0,296.0,290.7099914550781,292.7699890136719,452193
2019-11-15,294.45001220703125,294.45001220703125,291.0799865722656,292.6400146484375,529405
2019-11-18,290.54998779296875,294.5,290.54998779296875,292.4100036621094,121906
2019-11-19,292.0,294.5,290.54998779296875,291.5,123696
2019-11-20,291.5,294.3299865722656,290.3999938964844,293.260009765625,120994
2019-11-21,295.79998779296875,295.79998779296875,290.510009765625,291.3800048828125,134152
2019-11-22,293.20001220703125,293.20001220703125,289.54998779296875,290.70001220703125,73481
2019-11-25,290.0,296.0,290.0,295.4100036621094,49378
2019-11-26,297.0,297.5,292.7099914550781,293.80999755859375,70940
2019-11-27,295.5,295.5,293.1600036621094,294.6300048828125,67703
2019-11-28,297.29998779296875,298.70001220703125,292.5,297.6000061035156,167069
2019-11-29,299.29998779296875,299.7900085449219,294.9800109863281,295.75,81470
2019-12-02,295.0,297.7200012207031,294.5,296.69000244140625,61579
2019-12-03,290.79998779296875,298.3900146484375,284.80999755859375,294.6099853515625,38578
2019-12-04,295.4599914550781,299.20001220703125,292.5,294.8900146484375,26665
2019-12-05,291.0,296.6000061035156,291.0,292.8399963378906,32203
2019-12-06,295.70001220703125,295.70001220703125,288.25,289.8999938964844,37133
2019-12-09,291.8999938964844,291.8999938964844,287.5,288.20001220703125,61777
2019-12-10,289.6700134277344,289.6700134277344,285.04998779296875,285.739990234375,39751
2019-12-11,285.82000732421875,287.4599914550781,284.5,287.07000732421875,29756
2019-12-12,289.79998779296875,289.79998779296875,286.42999267578125,289.0,13839
2019-12-13,287.0,291.8800048828125,287.0,290.7099914550781,41721
2019-12-16,292.0,292.3999938964844,290.0,290.3399963378906,61227
2019-12-17,292.0,292.0,288.1199951171875,290.989990234375,142375
2019-12-18,292.5,292.6700134277344,290.0,291.8800048828125,24129
2019-12-19,293.3999938964844,293.9800109863281,291.0,293.4800109863281,67063
2019-12-20,294.44000244140625,294.8999938964844,288.8500061035156,293.9200134277344,27449
2019-12-23,294.7799987792969,295.8800048828125,292.6600036621094,295.3500061035156,106224
2019-12-24,296.5,296.5,293.5,295.1199951171875,22632
2019-12-26,296.0,296.0,290.04998779296875,293.3599853515625,55645
2019-12-27,291.04998779296875,296.6600036621094,291.04998779296875,296.17999267578125,43689
2019-12-30,296.95001220703125,296.95001220703125,294.45001220703125,296.25,57256
2019-12-31,296.95001220703125,296.95001220703125,292.7900085449219,293.75,39718
2020-01-01,294.70001220703125,295.30999755859375,289.3500061035156,293.5299987792969,44008
2020-01-02,294.8500061035156,296.8699951171875,294.04998779296875,295.7699890136719,142780
2020-01-03,296.6499938964844,296.760009765625,294.79998779296875,295.0,30928
2020-01-06,295.8500061035156,295.8999938964844,289.2699890136719,290.1000061035156,56087
2020-01-07,292.5,294.3999938964844,289.6600036621094,292.19000244140625,62540
2020-01-08,287.04998779296875,294.8800048828125,287.04998779296875,291.1400146484375,99920
2020-01-09,305.0,305.0,293.6000061035156,296.1000061035156,54385
2020-01-10,296.7699890136719,298.3399963378906,295.04998779296875,296.8699951171875,47742
2020-01-13,298.6499938964844,298.7699890136719,297.010009765625,298.4200134277344,22333
2020-01-14,299.3500061035156,299.489990234375,296.25,298.7900085449219,64279
2020-01-15,302.95001220703125,302.95001220703125,298.0199890136719,299.8699951171875,27686
2020-01-16,300.75,301.510009765625,298.25,300.8299865722656,89666
2020-01-17,301.75,302.29998779296875,300.04998779296875,301.4100036621094,150590
2020-01-20,302.3500061035156,303.3999938964844,298.739990234375,299.07000732421875,108565
2020-01-21,300.0,300.79998779296875,295.20001220703125,297.7099914550781,88960
2020-01-22,300.45001220703125,300.5,297.0,297.4100036621094,78371
2020-01-23,296.95001220703125,300.7799987792969,296.05999755859375,300.510009765625,40893
2020-01-24,301.45001220703125,305.5899963378906,299.6099853515625,303.9599914550781,57632
2020-01-27,302.0,303.989990234375,300.2099914550781,301.2699890136719,38414
2020-01-28,297.95001220703125,302.4599914550781,296.1499938964844,300.5400085449219,74434
2020-01-29,300.1499938964844,303.0,300.1499938964844,302.1700134277344,68277
2020-01-30,302.95001220703125,302.95001220703125,295.5199890136719,296.8699951171875,74353
2020-01-31,295.45001220703125,298.75,294.0,294.6300048828125,42863
2020-02-03,291.95001220703125,291.95001220703125,282.04998779296875,286.70001220703125,120536
2020-02-04,290.45001220703125,292.8999938964844,286.70001220703125,291.8699951171875,55326
2020-02-05,290.1000061035156,296.95001220703125,290.1000061035156,296.67999267578125,40491
2020-02-06,290.70001220703125,302.54998779296875,284.8500061035156,299.17999267578125,44345
2020-02-07,297.1499938964844,301.6300048828125,297.1499938964844,300.7699890136719,85133
2020-02-10,301.6499938964844,302.0,299.2099914550781,300.4599914550781,47295
2020-02-11,299.04998779296875,302.95001220703125,299.010009765625,300.2300109863281,90219
2020-02-12,301.95001220703125,301.95001220703125,298.29998779296875,300.1000061035156,38165
2020-02-13,300.95001220703125,300.95001220703125,298.1099853515625,299.6499938964844,28968
2020-02-14,301.45001220703125,301.45001220703125,295.4100036621094,296.57000732421875,21251
2020-02-17,297.8500061035156,299.95001220703125,293.04998779296875,293.3999938964844,47636
2020-02-18,293.95001220703125,294.0,289.0,292.04998779296875,94735
2020-02-19,297.8500061035156,298.5400085449219,280.3999938964844,297.9800109863281,117436
2020-02-20,298.8999938964844,301.75,294.04998779296875,298.5199890136719,68013
2020-02-24,291.04998779296875,298.95001220703125,291.04998779296875,292.67999267578125,147536
2020-02-25,295.75,295.7900085449219,289.760009765625,290.57000732421875,86644
2020-02-26,290.45001220703125,290.5,285.8999938964844,286.4800109863281,76811
2020-02-27,288.95001220703125,288.95001220703125,282.04998779296875,285.69000244140625,101103
2020-02-28,284.0,284.0,274.260009765625,276.7099914550781,190907
2020-03-02,283.95001220703125,283.95001220703125,274.0,275.8399963378906,216605
2020-03-03,278.67999267578125,282.0,275.1600036621094,280.4700012207031,164845
2020-03-04,281.95001220703125,282.0,275.25,278.07000732421875,155004
2020-03-05,281.5,282.2200012207031,276.5,280.3800048828125,116252
2020-03-06,271.0,278.739990234375,270.0,274.2799987792969,337933
2020-03-09,273.3999938964844,275.8999938964844,262.25,269.1199951171875,306355
2020-03-11,269.0,269.0,260.04998779296875,260.760009765625,201598
2020-03-12,260.5,260.5,235.0,239.42999267578125,671944
2020-03-13,239.0,259.0,225.0,240.19000244140625,894846
2020-03-16,242.0,249.8000030517578,227.14999389648438,231.7100067138672,180663
2020-03-17,236.3000030517578,239.7899932861328,227.0,232.72000122070312,80562
2020-03-18,237.0,238.0,219.6199951171875,222.2899932861328,189773
2020-03-19,222.3000030517578,222.3000030517578,205.1999969482422,211.14999389648438,344814
2020-03-20,212.0,224.8000030517578,210.1999969482422,220.8699951171875,78638
2020-03-23,205.10000610351562,216.8000030517578,199.0500030517578,200.4199981689453,230515
2020-03-24,209.8000030517578,209.8000030517578,197.5,199.0500030517578,154449
2020-03-25,204.0,215.4499969482422,180.39999389648438,205.30999755859375,104814
2020-03-26,209.0,221.5,205.32000732421875,213.27999877929688,73961
2020-03-27,217.5,222.39999389648438,212.0,214.1999969482422,64353
2020-03-30,213.89999389648438,213.89999389648438,208.11000061035156,211.67999267578125,812373
2020-03-31,217.0,218.89999389648438,211.67999267578125,217.8800048828125,150270
2020-04-01,217.8000030517578,222.75,215.10000610351562,218.6699981689453,96683
2020-04-03,213.1999969482422,224.85000610351562,212.1999969482422,214.72999572753906,81753
2020-04-07,223.5,229.0,215.05999755859375,227.61000061035156,96886
2020-04-08,227.0,236.0,221.0500030517578,233.25,88877
2020-04-09,238.0,240.89999389648438,231.0,239.02999877929688,106828
2020-04-13,246.1999969482422,246.49000549316406,224.6999969482422,236.77000427246094,82097
2020-04-15,236.77000427246094,251.0,233.25,243.75999450683594,117936
2020-04-16,245.8000030517578,245.8000030517578,238.5500030517578,242.7899932861328,92662
2020-04-17,245.0,250.60000610351562,243.0,247.1199951171875,69153
2020-04-20,247.1199951171875,252.0,243.0,243.94000244140625,72914
2020-04-21,234.1999969482422,243.8699951171875,232.30999755859375,241.0500030517578,70952
2020-04-22,233.8000030517578,244.75,233.8000030517578,242.83999633789062,133945
2020-04-23,245.0,249.9600067138672,242.13999938964844,244.3699951171875,147425
2020-04-24,237.0,244.0,236.50999450683594,241.0399932861328,79556
2020-04-27,248.3000030517578,255.0,241.49000549316406,243.57000732421875,195913
2020-04-28,250.0,250.0,242.5500030517578,243.6199951171875,70893
2020-04-29,246.5,247.99000549316406,242.5500030517578,246.58999633789062,113106
2020-04-30,256.5,268.79998779296875,247.5500030517578,250.47000122070312,240560
2020-05-04,251.5,265.0,237.5500030517578,240.3000030517578,258178
2020-05-05,247.0,247.0,235.1999969482422,239.89999389648438,153186
2020-05-06,244.0,245.99000549316406,235.5500030517578,238.47000122070312,94397
2020-05-07,238.0,240.77999877929688,235.0500030517578,238.1199951171875,41819
2020-05-08,252.67999267578125,252.67999267578125,238.14999389648438,239.91000366210938,33538
2020-05-11,240.39999389648438,249.0,234.5500030517578,242.13999938964844,104984
2020-05-12,242.0,242.8699951171875,238.0,241.66000366210938,41391
2020-05-13,248.0,250.66000366210938,241.0,243.55999755859375,63388
2020-05-14,243.0,245.5,238.0,244.80999755859375,55342
2020-05-15,248.0,248.0,241.58999633789062,242.89999389648438,66719
2020-05-18,245.0,245.5,233.60000610351562,236.16000366210938,106804
2020-05-19,243.0,243.0,235.0,235.94000244140625,92404
2020-05-20,240.0,241.25,235.0,240.47000122070312,36289
2020-05-21,241.5,244.25,237.0,242.80999755859375,27442
2020-05-22,243.60000610351562,245.0,240.05999755859375,240.86000061035156,64512
2020-05-26,242.8000030517578,245.0,238.0,242.86000061035156,32913
2020-05-27,247.0,247.0,239.10000610351562,241.4499969482422,86865
2020-05-28,243.0,245.39999389648438,238.0,245.10000610351562,63418
2020-05-29,245.89999389648438,252.2100067138672,242.6999969482422,251.7899932861328,119413
2020-06-01,254.44000244140625,255.89999389648438,250.7899932861328,254.16000366210938,87449
2020-06-02,256.0,258.8500061035156,250.0,256.6300048828125,38649
2020-06-03,259.8800048828125,262.0,254.5,259.1000061035156,104524
2020-06-04,260.0,262.75,252.0,258.25,148889
2020-06-05,262.8800048828125,264.0,256.0,263.5299987792969,99173
2020-06-08,268.0,270.0,263.1499938964844,264.2099914550781,104311
2020-06-09,263.5,267.9700012207031,261.5199890136719,263.0299987792969,43530
2020-06-10,273.6000061035156,273.6000061035156,261.0,263.6600036621094,95728
2020-06-11,264.5,265.5,258.0,259.0199890136719,103316
2020-06-12,269.3999938964844,282.29998779296875,252.0,260.7900085449219,162065
2020-06-15,260.0,265.69000244140625,255.0,259.1400146484375,71833
2020-06-16,265.0,265.0,257.25,259.260009765625,123330
2020-06-17,260.0,261.7900085449219,255.6999969482422,260.45001220703125,64541
2020-06-18,261.0,273.8999938964844,257.0,260.2900085449219,105208
2020-06-19,261.29998779296875,264.0,257.3599853515625,263.3900146484375,140763
2020-06-22,265.29998779296875,269.75,262.45001220703125,267.6400146484375,91162
2020-06-23,264.5,273.0,264.5,272.5400085449219,98512
2020-06-24,276.0,276.8800048828125,270.0,270.5,91502
2020-06-25,268.0,272.8399963378906,267.04998779296875,270.82000732421875,54157
2020-06-26,273.3999938964844,273.9800109863281,269.1099853515625,270.0400085449219,78165
2020-06-29,270.0,274.75,264.5,269.29998779296875,37112
2020-06-30,271.0,271.9700012207031,267.32000732421875,268.8299865722656,23464
2020-07-01,272.0,272.0,261.0,269.4200134277344,42253
2020-07-02,271.0,274.0,269.1199951171875,271.1499938964844,67942
2020-07-03,270.0,274.0,270.0,272.29998779296875,43623
2020-07-06,276.0,277.9200134277344,270.1000061035156,273.2799987792969,54629
2020-07-07,275.29998779296875,276.2200012207031,271.30999755859375,275.57000732421875,30190
2020-07-08,277.5,277.5,270.79998779296875,273.5400085449219,51394
2020-07-09,281.70001220703125,290.0,272.8699951171875,273.4599914550781,33061
2020-07-10,274.3999938964844,275.0,270.54998779296875,274.2699890136719,33360
2020-07-13,285.0,285.0,271.0,273.2900085449219,52513
2020-07-14,273.2900085449219,274.79998779296875,269.8599853515625,271.760009765625,58253
2020-07-15,271.75,273.95001220703125,269.0899963378906,269.7900085449219,443525
2020-07-16,273.70001220703125,273.7699890136719,268.0299987792969,270.1199951171875,54281
2020-07-17,273.0,276.1700134277344,269.1199951171875,275.0899963378906,56970
2020-07-20,278.0,288.0,271.5,276.2200012207031,65411
2020-07-21,284.5,284.5,275.6300048828125,276.70001220703125,57858
2020-07-22,276.70001220703125,278.70001220703125,273.5799865722656,276.4200134277344,55723
2020-07-23,277.29998779296875,279.29998779296875,276.4200134277344,278.510009765625,82624
2020-07-24,279.0,279.8500061035156,267.3999938964844,275.5799865722656,49402
2020-07-27,285.0,285.0,271.42999267578125,272.04998779296875,139574
2020-07-28,272.79998779296875,275.70001220703125,268.0,274.8500061035156,43104
2020-07-29,285.0,285.0,271.5799865722656,275.3399963378906,84082
2020-07-30,276.29998779296875,278.0,273.010009765625,276.69000244140625,499822
2020-07-31,274.75,281.6600036621094,273.7099914550781,279.6600036621094,66020
2020-08-03,280.0,282.8500061035156,240.0,279.70001220703125,74571
2020-08-04,280.0,281.6600036621094,279.1000061035156,280.70001220703125,41292
2020-08-05,282.5,284.3999938964844,279.25,280.25,115513
2020-08-06,282.0,283.8800048828125,275.0,282.510009765625,32455
2020-08-07,284.0,285.0,279.0,283.989990234375,41603
2020-08-10,285.3999938964844,289.0,241.0500030517578,287.94000244140625,101278
2020-08-11,298.70001220703125,298.70001220703125,286.0,286.5400085449219,41452
2020-08-12,294.3999938964844,294.3999938964844,281.20001220703125,284.9200134277344,109733
2020-08-13,278.6499938964844,288.1700134277344,278.6499938964844,287.9700012207031,40133
2020-08-14,288.8999938964844,290.0,283.55999755859375,286.07000732421875,90111
2020-08-17,286.0,290.79998779296875,282.20001220703125,285.92999267578125,66659
2020-08-18,286.0,290.05999755859375,282.1000061035156,289.6199951171875,40844
2020-08-19,291.5,307.0,272.20001220703125,289.4100036621094,876322
2020-08-20,285.5,298.0,285.5,288.2699890136719,72202
2020-08-21,278.20001220703125,331.5,278.20001220703125,289.4700012207031,55841
2020-08-24,332.8999938964844,332.8999938964844,272.1000061035156,289.2300109863281,68803
2020-08-25,332.6000061035156,332.6000061035156,286.20001220703125,290.5899963378906,48880
2020-08-26,334.20001220703125,334.20001220703125,289.260009765625,290.6400146484375,29128
2020-08-27,334.20001220703125,334.20001220703125,289.0,291.75,59790
2020-08-28,318.0,318.0,285.6499938964844,292.8599853515625,41295
2020-08-31,336.79998779296875,336.79998779296875,275.29998779296875,281.9700012207031,151364
2020-09-01,281.9700012207031,324.29998779296875,280.1099853515625,283.0400085449219,62961
2020-09-02,298.0,298.0,277.0,287.42999267578125,28808
2020-09-03,290.42999267578125,296.20001220703125,287.1099853515625,288.7300109863281,34518
2020-09-04,251.1999969482422,332.0,251.1999969482422,282.510009765625,80907
2020-09-07,300.0,324.8999938964844,274.0,281.92999267578125,37549
2020-09-08,324.20001220703125,324.20001220703125,278.79998779296875,279.5400085449219,92043
2020-09-09,330.0,330.0,275.0,279.70001220703125,170246
2020-09-10,300.0,330.0,277.0,282.1000061035156,33407
2020-09-11,294.5,294.5,274.2900085449219,284.29998779296875,21836
2020-09-14,292.0,297.20001220703125,274.2900085449219,284.1300048828125,112686
2020-09-15,326.70001220703125,326.70001220703125,283.0,287.489990234375,49892
2020-09-16,297.6000061035156,297.6000061035156,270.20001220703125,288.260009765625,28263
2020-09-17,250.8000030517578,296.6000061035156,250.8000030517578,288.010009765625,48036
2020-09-18,300.0,300.0,285.0,288.7300109863281,45609
2020-09-21,300.0,300.0,271.3999938964844,280.9800109863281,75850
2020-09-22,270.0,299.0,270.0,275.8999938964844,85292
2020-09-23,295.70001220703125,295.70001220703125,273.17999267578125,275.2099914550781,35791
2020-09-24,300.0,300.0,252.0,271.04998779296875,143476
2020-09-25,290.94000244140625,290.94000244140625,254.8000030517578,276.9700012207031,45207
2020-09-28,290.0,290.0,267.0,281.3399963378906,52763
2020-09-29,289.0,289.0,280.0,281.1099853515625,71877
2020-09-30,300.0,300.0,278.29998779296875,282.17999267578125,20767
2020-10-01,300.0,300.0,270.0,283.80999755859375,153228
2020-10-05,300.0,300.0,272.0,284.1600036621094,614005
2020-10-06,300.0,300.0,267.1000061035156,285.7099914550781,40315
2020-10-07,296.0,296.0,268.6000061035156,284.6300048828125,56605
2020-10-08,293.0,293.0,282.0,286.3500061035156,56313
2020-10-09,300.0,300.0,283.5,286.6499938964844,30810
2020-10-12,293.0,293.0,281.0,284.6700134277344,45793
2020-10-13,300.0,300.0,283.0,284.5400085449219,41786
2020-10-14,296.0,296.0,275.0,286.2200012207031,102511
2020-10-15,292.0,292.0,275.5,282.45001220703125,76854
2020-10-16,289.95001220703125,289.95001220703125,281.0,284.17999267578125,44842
2020-10-19,292.0,292.0,283.6600036621094,286.05999755859375,55899
2020-10-20,293.0,293.0,283.75,285.17999267578125,33364
2020-10-21,303.0,303.0,281.8900146484375,285.4700012207031,35573
2020-10-22,300.0,300.0,268.29998779296875,286.05999755859375,29204
2020-10-23,292.0,292.0,278.0,285.95001220703125,30161
2020-10-26,248.8000030517578,291.4200134277344,248.8000030517578,282.0400085449219,53758
2020-10-27,245.39999389648438,289.0,245.39999389648438,287.2699890136719,68620
2020-10-28,293.0,293.0,283.0,284.75,289373
2020-10-29,289.0,289.0,268.0,284.54998779296875,43692
2020-10-30,330.0,330.0,267.5,284.6600036621094,49689
2020-11-02,292.0,292.0,277.0,285.6700134277344,156531
2020-11-03,294.20001220703125,294.20001220703125,281.0,287.2699890136719,31934
2020-11-04,295.0,295.0,261.3999938964844,289.07000732421875,35494
2020-11-05,299.0,299.0,283.0,293.6499938964844,108022
2020-11-06,346.5,346.5,279.6000061035156,294.69000244140625,87534
2020-11-09,303.0,303.0,283.0,298.94000244140625,132804
2020-11-10,343.79998779296875,343.79998779296875,272.0,296.8900146484375,61640
2020-11-11,309.0,309.0,294.79998779296875,300.4100036621094,80769
2020-11-12,261.3999938964844,320.0,261.3999938964844,302.3900146484375,65335
2020-11-13,312.0,312.0,291.0,304.9800109863281,70496
2020-11-14,350.70001220703125,350.70001220703125,292.0,308.95001220703125,48075
2020-11-17,321.0,321.0,299.70001220703125,309.2300109863281,71251
2020-11-18,319.0,319.0,300.0,310.1600036621094,52861
2020-11-19,269.79998779296875,319.0,269.79998779296875,309.94000244140625,94994
2020-11-20,269.6000061035156,318.0,269.6000061035156,312.7200012207031,44934
2020-11-23,315.95001220703125,316.7300109863281,303.29998779296875,315.69000244140625,46146
2020-11-24,324.0,324.0,315.69000244140625,316.0799865722656,117297
2020-11-25,315.70001220703125,329.0,311.5,314.1600036621094,73323
2020-11-26,328.0,328.0,311.5400085449219,315.9100036621094,32306
2020-11-27,324.0,324.0,297.0,317.2300109863281,80386
2020-12-01,327.0,327.0,309.0,321.7699890136719,67116
2020-12-02,370.0,370.0,309.0,324.3500061035156,58314
2020-12-03,333.0,333.0,317.8800048828125,326.1400146484375,43687
2020-12-04,368.5,368.5,326.1400146484375,327.5400085449219,46103
2020-12-07,336.0,336.0,325.55999755859375,330.5899963378906,106272
2020-12-08,338.0,338.0,321.0,330.7099914550781,77694
2020-12-09,338.0,338.0,316.5,331.42999267578125,53922
2020-12-10,334.0,334.0,327.0,331.5199890136719,53467
2020-12-11,338.0,339.3999938964844,321.0,332.5899963378906,53594
2020-12-14,342.0,342.0,330.5,335.6000061035156,63688
2020-12-15,343.0,343.0,332.25,332.8800048828125,50862
2020-12-16,338.0,338.0,321.0,334.6499938964844,100058
2020-12-17,343.0,343.0,331.0,333.6499938964844,75821
2020-12-18,343.0,343.0,290.29998779296875,335.1099853515625,47651
2020-12-21,338.0,339.7799987792969,313.20001220703125,325.6300048828125,156572
2020-12-22,334.0,334.0,303.0,328.7799987792969,77811
2020-12-23,336.0,336.0,322.45001220703125,334.4599914550781,109345
2020-12-24,343.0,343.0,321.0,334.94000244140625,79936
2020-12-28,343.0,343.0,334.05999755859375,338.3599853515625,67613
2020-12-29,347.0,347.0,335.989990234375,338.3399963378906,128759
2020-12-30,345.0,345.0,318.0,339.5,87763
2020-12-31,344.95001220703125,344.95001220703125,337.9800109863281,340.2699890136719,118010
2021-01-01,345.0,345.0,339.0,342.19000244140625,101472
2021-01-04,354.0,354.0,341.19000244140625,346.6199951171875,94333
2021-01-05,354.0,354.0,341.6300048828125,351.3800048828125,616888
2021-01-06,359.0,359.0,347.95001220703125,353.2900085449219,87070
2021-01-07,368.1000061035156,368.1000061035156,332.1000061035156,354.7300109863281,62490
2021-01-08,363.0,363.0,355.0,357.260009765625,62981
2021-01-11,368.0,403.70001220703125,356.1600036621094,358.6300048828125,153992
2021-01-12,368.0,368.0,359.0,359.8299865722656,33179
2021-01-13,365.2300109863281,367.8999938964844,353.3500061035156,356.6300048828125,84364
2021-01-14,363.0,363.0,341.0,357.54998779296875,135775
2021-01-15,365.0,365.0,336.1000061035156,353.760009765625,56955
2021-01-18,359.0,359.0,344.0,345.44000244140625,822618
2021-01-19,356.0,356.0,314.3999938964844,353.0299987792969,41151
2021-01-20,359.0,359.0,348.29998779296875,353.67999267578125,45579
2021-01-21,363.0,363.0,343.0,351.29998779296875,69679
2021-01-22,359.0,359.0,348.20001220703125,349.3999938964844,42523
2021-01-25,359.0,359.0,344.0,345.010009765625,73257
2021-01-27,354.0,354.0,340.1099853515625,341.6199951171875,105926
2021-01-28,349.95001220703125,349.95001220703125,310.8999938964844,340.0799865722656,112762
2021-01-29,350.0,350.0,330.6300048828125,332.7900085449219,108514
2021-02-01,340.0,371.1300048828125,324.5799865722656,341.8500061035156,153352
2021-02-02,356.0,356.0,340.25,348.989990234375,68048
2021-02-03,356.0,356.0,336.0,350.1300048828125,35945
2021-02-04,359.0,359.0,341.0,354.44000244140625,43031
2021-02-05,365.0,365.0,322.5,353.0199890136719,66604
2021-02-08,363.0,363.0,340.0,356.79998779296875,53388
2021-02-09,365.0,365.0,347.0,356.19000244140625,39345
2021-02-10,363.0,372.0,348.04998779296875,357.19000244140625,42450
2021-02-11,368.0,368.0,349.1000061035156,360.3900146484375,36767
2021-02-12,367.45001220703125,367.45001220703125,359.5899963378906,361.95001220703125,33623
2021-02-15,368.0,368.0,355.0,365.32000732421875,80189
2021-02-16,374.0,374.0,356.04998779296875,366.4100036621094,53732
2021-02-17,358.20001220703125,371.95001220703125,358.20001220703125,367.25,54159
2021-02-18,372.70001220703125,372.70001220703125,360.95001220703125,369.5899963378906,40528
2021-02-19,374.79998779296875,374.79998779296875,361.29998779296875,364.1300048828125,58404
2021-02-22,369.20001220703125,369.70001220703125,358.0,359.57000732421875,102124
2021-02-23,368.0,368.0,312.79998779296875,360.3900146484375,45922
2021-02-24,368.0,369.29998779296875,354.0,363.4100036621094,33188
2021-02-25,374.0,374.0,364.239990234375,368.5899963378906,42433
2021-02-26,359.1499938964844,372.0,358.1000061035156,360.6199951171875,192917
2021-03-01,368.0,368.0,359.5,361.4100036621094,81219
2021-03-02,368.0,368.739990234375,354.0,368.0400085449219,49110
2021-03-03,378.0,378.0,363.0,373.0899963378906,51978
2021-03-04,378.0,378.0,358.6400146484375,374.7099914550781,49897
2021-03-05,383.0,383.0,367.54998779296875,369.2699890136719,53970
2021-03-08,387.0,387.0,363.04998779296875,368.3299865722656,37694
2021-03-09,378.0,378.0,363.30999755859375,365.739990234375,42816
2021-03-10,372.8999938964844,372.8999938964844,365.5,367.5,22602
2021-03-12,372.79998779296875,379.8999938964844,361.04998779296875,364.8500061035156,53939
2021-03-15,412.29998779296875,412.29998779296875,358.25,362.5,71191
2021-03-16,372.0,372.0,355.80999755859375,362.2900085449219,26985
2021-03-17,369.67999267578125,369.67999267578125,356.04998779296875,357.1499938964844,77669
2021-03-18,363.8999938964844,367.0,350.1000061035156,353.8699951171875,85303
2021-03-19,363.0,363.0,344.55999755859375,356.1199951171875,81945
2021-03-22,365.0,365.0,351.0,359.75,45782
2021-03-23,372.79998779296875,372.79998779296875,354.010009765625,363.6700134277344,82283
2021-03-24,369.6000061035156,369.6000061035156,355.1000061035156,359.1199951171875,75935
2021-03-25,368.0,368.0,350.510009765625,351.5,101877
2021-03-26,365.0,365.0,345.54998779296875,355.510009765625,40447
2021-03-30,368.0,368.0,352.510009765625,357.5799865722656,84204
2021-03-31,367.5,367.5,353.04998779296875,359.79998779296875,43563
2021-04-01,367.3999938964844,367.94000244140625,354.0,362.8999938964844,138572
2021-04-05,367.3999938964844,372.0,355.2099914550781,359.95001220703125,121134
2021-04-06,367.3999938964844,367.3999938964844,359.010009765625,361.7900085449219,65130
2021-04-07,368.0,368.0,351.0,365.6000061035156,42373
2021-04-08,373.0,374.0,356.0,368.3299865722656,54260
2021-04-09,369.94000244140625,371.8999938964844,364.20001220703125,369.6199951171875,39517
2021-04-12,374.0,374.0,352.0,353.6199951171875,288216
2021-04-13,373.79998779296875,373.79998779296875,350.010009765625,356.4200134277344,73939
2021-04-15,373.20001220703125,373.20001220703125,346.0,357.7300109863281,79768
2021-04-16,364.95001220703125,364.95001220703125,354.20001220703125,362.7099914550781,46644
2021-04-19,364.95001220703125,364.95001220703125,351.57000732421875,356.69000244140625,169453
2021-04-20,363.0,363.0,346.0,357.82000732421875,55016
2021-04-22,362.95001220703125,362.95001220703125,350.04998779296875,358.2799987792969,40159
2021-04-23,351.0,363.8999938964844,351.0,359.1600036621094,66991
2021-04-26,368.0,368.0,351.0,360.1400146484375,63388
2021-04-27,364.95001220703125,364.95001220703125,354.25,363.239990234375,73390
2021-04-28,368.0,368.0,316.04998779296875,364.5899963378906,51548
2021-04-29,360.9200134277344,370.0400085449219,360.9200134277344,364.2699890136719,46618
2021-04-30,367.95001220703125,367.95001220703125,356.6199951171875,364.3399963378906,53304
2021-05-03,368.0,369.45001220703125,354.30999755859375,366.4599914550781,74523
2021-05-04,371.0,371.0,362.010009765625,365.2799987792969,61837
2021-05-05,371.25,371.25,356.0,369.739990234375,88252
2021-05-06,377.45001220703125,377.45001220703125,361.04998779296875,372.7900085449219,63124
2021-05-07,379.0,379.0,366.30999755859375,373.80999755859375,61034
2021-05-10,383.0,383.0,367.260009765625,378.1499938964844,92737
2021-05-11,384.20001220703125,384.20001220703125,372.5299987792969,378.67999267578125,54759
2021-05-12,386.0,386.0,374.29998779296875,380.0299987792969,59696
2021-05-14,386.0,387.79998779296875,373.20001220703125,374.8399963378906,172571
2021-05-17,383.0,383.0,371.1600036621094,377.67999267578125,85083
2021-05-18,386.0,386.0,374.0,382.760009765625,53965
2021-05-19,387.0,389.0,378.92999267578125,387.1000061035156,54900
2021-05-20,393.0,393.0,384.29998779296875,386.2799987792969,84347
2021-05-21,396.0,396.0,336.1000061035156,386.5199890136719,63000
2021-05-24,398.20001220703125,404.989990234375,336.29998779296875,391.0899963378906,82949
2021-05-25,397.0,397.8999938964844,388.8500061035156,389.6600036621094,97616
2021-05-26,396.0,396.0,374.0,389.5,99547
2021-05-27,396.0,396.0,389.04998779296875,391.5400085449219,88314
2021-05-28,396.0,396.8800048828125,391.25,391.67999267578125,54215
2021-05-31,396.0,415.20001220703125,387.0,393.5899963378906,85270
2021-06-01,399.0,399.0,389.6499938964844,394.2099914550781,105874
2021-06-02,399.0,402.0,383.0,401.1400146484375,110393
2021-06-03,406.95001220703125,408.989990234375,396.0,405.6700134277344,102908
2021-06-04,409.95001220703125,410.79998779296875,400.54998779296875,407.1600036621094,90464
2021-06-07,412.95001220703125,414.70001220703125,403.0,407.82000732421875,154233
2021-06-08,354.79998779296875,414.0,354.79998779296875,410.1199951171875,79176
2021-06-09,410.0,415.95001220703125,403.3599853515625,405.9100036621094,108444
2021-06-10,411.8999938964844,412.8500061035156,401.0,410.8699951171875,43681
2021-06-11,415.95001220703125,416.0,400.1000061035156,410.57000732421875,65798
2021-06-14,414.0,414.8999938964844,403.7900085449219,409.7699890136719,110723
2021-06-15,414.0,414.0,409.8500061035156,410.8399963378906,62462
2021-06-16,414.0,414.0,405.1000061035156,407.4599914550781,73773
2021-06-17,370.79998779296875,410.0,370.79998779296875,402.8500061035156,73734
2021-06-18,405.6499938964844,405.70001220703125,391.1000061035156,401.2200012207031,113515
2021-06-21,405.0,405.0,395.67999267578125,403.3399963378906,100908
2021-06-22,402.0,411.0,402.0,407.2300109863281,53442
2021-06-23,415.0,415.0,401.6499938964844,402.8599853515625,61592
2021-06-24,400.0,408.8999938964844,400.0,401.57000732421875,59891
2021-06-25,404.0,404.5199890136719,397.6000061035156,403.9599914550781,56910
2021-06-28,408.29998779296875,408.79998779296875,401.0,403.9100036621094,73762
2021-06-29,408.25,408.29998779296875,401.1499938964844,405.1600036621094,59857
2021-06-30,406.95001220703125,407.0,403.0,403.4599914550781,51825
2021-07-01,406.95001220703125,406.9800109863281,402.29998779296875,403.25,235851
2021-07-02,407.25,407.25,402.510009765625,403.6300048828125,110298
2021-07-05,409.45001220703125,409.45001220703125,403.0,405.010009765625,379369
2021-07-06,407.0,409.44000244140625,403.6400146484375,405.8599853515625,70660
2021-07-07,408.0,408.0,396.04998779296875,406.7200012207031,81183
2021-07-08,408.95001220703125,431.1000061035156,404.04998779296875,406.54998779296875,113425
2021-07-09,409.25,409.3900146484375,401.04998779296875,408.0400085449219,86505
2021-07-12,419.7900085449219,419.7900085449219,406.04998779296875,408.4599914550781,108697
2021-07-13,415.95001220703125,415.989990234375,405.79998779296875,407.0899963378906,80271
2021-07-14,370.5,409.8999938964844,370.5,407.010009765625,123224
2021-07-15,400.44000244140625,410.82000732421875,400.44000244140625,408.3999938964844,65240
2021-07-16,410.8699951171875,411.45001220703125,394.20001220703125,409.760009765625,52838
2021-07-19,471.20001220703125,471.20001220703125,404.0,408.0299987792969,146399
2021-07-20,414.0,414.0,402.5,405.30999755859375,129363
2021-07-22,409.95001220703125,410.760009765625,402.04998779296875,409.739990234375,92919
2021-07-23,411.70001220703125,411.989990234375,408.04998779296875,410.010009765625,58782
2021-07-26,414.0,414.0,403.0,412.1400146484375,69573
2021-07-27,375.0,474.0,375.0,409.7099914550781,71285
2021-07-28,415.95001220703125,415.95001220703125,405.25,411.1400146484375,91139
2021-07-29,386.54998779296875,412.9800109863281,386.54998779296875,410.7799987792969,119488
2021-07-30,412.95001220703125,416.0,403.04998779296875,413.4599914550781,100813
2021-08-02,410.04998779296875,475.45001220703125,410.04998779296875,416.4800109863281,83355
2021-08-03,419.5,419.94000244140625,411.0,418.20001220703125,78326
2021-08-04,421.95001220703125,422.6099853515625,415.0,415.8599853515625,117777
2021-08-05,419.0,421.0,412.75,416.0899963378906,409854
2021-08-06,418.95001220703125,419.0,414.04998779296875,417.2300109863281,131459
2021-08-09,379.70001220703125,471.45001220703125,379.70001220703125,415.4800109863281,90908
2021-08-10,418.95001220703125,418.95001220703125,410.0,412.55999755859375,93340
2021-08-11,418.95001220703125,418.95001220703125,405.3500061035156,410.29998779296875,115832
2021-08-12,413.0,414.739990234375,407.0,413.4700012207031,110726
2021-08-13,417.95001220703125,417.95001220703125,410.04998779296875,413.6000061035156,203588
2021-08-16,418.0,418.0,407.0,414.3599853515625,108661
2021-08-17,360.5,476.45001220703125,360.5,415.8999938964844,84455
2021-08-18,419.0,422.0,412.0,418.32000732421875,67646
2021-08-20,419.3999938964844,422.0,411.0,413.0299987792969,133429
2021-08-23,419.0,419.70001220703125,409.5,411.239990234375,100392
2021-08-24,415.95001220703125,417.0,403.04998779296875,414.510009765625,109531
2021-08-25,418.95001220703125,419.0,411.0,414.989990234375,86476
2021-08-26,419.3999938964844,419.739990234375,377.6499938964844,417.7300109863281,84882
2021-08-27,492.8500061035156,492.8500061035156,392.75,422.0400085449219,69997
2021-08-30,424.95001220703125,431.0,416.04998779296875,428.20001220703125,111563
2021-08-31,492.3500061035156,492.3500061035156,402.54998779296875,433.8800048828125,172103
2021-09-01,377.5,498.95001220703125,377.5,438.1400146484375,145874
2021-09-02,442.95001220703125,444.0,432.95001220703125,438.75,130480
2021-09-03,436.04998779296875,446.95001220703125,436.04998779296875,445.5799865722656,77487
2021-09-06,449.8900146484375,454.8800048828125,444.5899963378906,445.3299865722656,171916
2021-09-07,448.95001220703125,449.94000244140625,427.4599914550781,443.54998779296875,104059
2021-09-08,416.8999938964844,447.79998779296875,416.8999938964844,444.7200012207031,84829
2021-09-09,454.0,454.0,437.0,447.57000732421875,61012
2021-09-13,454.0,454.0,443.04998779296875,449.3900146484375,124366
2021-09-14,391.0,453.79998779296875,391.0,450.739990234375,83369
2021-09-15,455.95001220703125,455.95001220703125,410.20001220703125,451.8299865722656,57962
2021-09-16,454.95001220703125,456.9700012207031,445.0,455.260009765625,81939
2021-09-17,463.0,463.0,450.25,452.75,81219
2021-09-20,453.95001220703125,454.9700012207031,442.0,444.260009765625,124223
2021-09-21,386.5,501.95001220703125,386.5,448.010009765625,89566
2021-09-22,451.95001220703125,452.94000244140625,421.1000061035156,450.2200012207031,74592
2021-09-23,458.95001220703125,458.95001220703125,450.29998779296875,453.20001220703125,169509
2021-09-24,521.2000122070312,521.2000122070312,447.0,451.3399963378906,71876
2021-09-27,458.0,458.0,447.0,449.260009765625,80217
2021-09-28,454.0,454.0,445.04998779296875,447.44000244140625,111156
2021-09-29,514.5999755859375,514.5999755859375,441.04998779296875,444.739990234375,61979
2021-09-30,449.0,449.0,436.0,444.2900085449219,212954
2021-10-01,447.95001220703125,447.95001220703125,436.04998779296875,443.54998779296875,354479
2021-10-04,416.8999938964844,510.04998779296875,416.8999938964844,449.67999267578125,185163
2021-10-05,452.95001220703125,454.5,442.04998779296875,453.5899963378906,109878
2021-10-06,462.95001220703125,462.95001220703125,447.04998779296875,449.9700012207031,82564
2021-10-07,458.95001220703125,458.95001220703125,447.04998779296875,454.30999755859375,69883
2021-10-08,461.0400085449219,461.0400085449219,450.3500061035156,453.0799865722656,203870
2021-10-11,459.0,459.0,446.04998779296875,454.760009765625,93085
2021-10-12,435.3800048828125,459.44000244140625,435.3800048828125,457.9599914550781,62686
2021-10-13,462.95001220703125,464.5400085449219,451.04998779296875,462.9599914550781,109295
2021-10-14,467.95001220703125,469.8699951171875,463.010009765625,466.8599853515625,84043
2021-10-18,406.20001220703125,474.0,406.20001220703125,468.1300048828125,134768
2021-10-19,477.0,477.0,455.29998779296875,463.2699890136719,110287
2021-10-20,403.0,532.75,403.0,453.3399963378906,118641
2021-10-21,462.95001220703125,462.95001220703125,426.1499938964844,450.8800048828125,86335
2021-10-22,441.04998779296875,462.8500061035156,441.04998779296875,444.260009765625,97788
2021-10-25,449.8999938964844,449.95001220703125,433.55999755859375,440.1700134277344,117354
2021-10-26,506.1499938964844,506.1499938964844,436.04998779296875,445.4599914550781,72755
2021-10-27,525.5499877929688,525.5499877929688,437.04998779296875,447.7200012207031,60101
2021-10-28,453.95001220703125,453.95001220703125,438.0,441.55999755859375,117266
2021-10-29,446.95001220703125,446.95001220703125,426.3999938964844,440.75,91245
2021-11-01,498.0,498.0,434.0,445.760009765625,133024
2021-11-02,454.0,454.0,436.0,447.04998779296875,97970
2021-11-03,456.0,456.0,441.04998779296875,448.25,67845
2021-11-04,506.5,506.5,421.3999938964844,452.1199951171875,47688
2021-11-08,459.0,459.0,443.0,456.8999938964844,104955
2021-11-09,463.0,463.0,447.0,459.5299987792969,61996
2021-11-10,442.0,487.1000061035156,442.0,460.6499938964844,74090
2021-11-11,468.0,468.0,451.0,458.82000732421875,92226
2021-11-12,518.5,518.5,431.29998779296875,463.6300048828125,39997
2021-11-15,472.0,475.7900085449219,456.0,465.75,81773
2021-11-16,474.0,474.0,460.04998779296875,464.80999755859375,73388
2021-11-17,404.3999938964844,469.0,404.3999938964844,464.2699890136719,55190
2021-11-18,403.8999938964844,524.5999755859375,403.8999938964844,457.6700134277344,97412
2021-11-22,517.2000122070312,517.2000122070312,430.20001220703125,449.1400146484375,248142
2021-11-23,390.79998779296875,476.1000061035156,390.79998779296875,455.6700134277344,81497
2021-11-24,396.3999938964844,497.5,396.3999938964844,453.42999267578125,56512
2021-11-25,480.6000061035156,480.6000061035156,426.20001220703125,457.1099853515625,49611
2021-11-26,495.0,495.0,429.70001220703125,446.010009765625,207509
2021-11-29,419.20001220703125,504.0,419.20001220703125,439.5400085449219,165183
2021-11-30,447.0,447.0,430.0,439.739990234375,159956
2021-12-01,413.3999938964844,496.8999938964844,413.3999938964844,440.95001220703125,87010
2021-12-02,498.29998779296875,498.29998779296875,435.0,444.57000732421875,84992
2021-12-03,454.0,454.0,436.0,444.6000061035156,59119
2021-12-06,471.29998779296875,471.29998779296875,435.5,436.510009765625,174544
2021-12-07,493.29998779296875,493.29998779296875,434.0,442.30999755859375,88843
2021-12-08,402.5,485.0,402.5,447.8500061035156,80259
2021-12-09,459.0,459.0,443.1199951171875,448.0799865722656,98706
2021-12-10,485.0,485.0,421.20001220703125,450.8399963378906,77729
2021-12-13,463.0,463.0,443.0,448.9200134277344,77387
2021-12-14,456.0,456.0,441.0,450.010009765625,66859
2021-12-15,459.0,459.0,443.0,446.30999755859375,60437
2021-12-16,485.0,485.0,419.5,445.55999755859375,41655
2021-12-17,454.0,454.0,434.1000061035156,434.8299865722656,154731
2021-12-20,441.0,441.0,417.25,422.6600036621094,486722
2021-12-21,474.0,474.0,397.29998779296875,428.8800048828125,182461
2021-12-22,425.0,493.20001220703125,403.1000061035156,435.4100036621094,129219
2021-12-23,447.0,447.0,427.0,438.75,199929
2021-12-24,381.70001220703125,498.6499938964844,381.70001220703125,436.3299865722656,107626
2021-12-27,397.1000061035156,501.79998779296875,397.1000061035156,437.54998779296875,74468
2021-12-28,485.0,485.0,401.25,441.05999755859375,82211
2021-12-29,447.0,447.0,434.0,440.1300048828125,267554
2021-12-30,382.8999938964844,484.0,382.8999938964844,437.1600036621094,167689
2021-12-31,481.0,484.0,432.0,443.82000732421875,337854
2022-01-03,386.1000061035156,464.67999267578125,386.1000061035156,446.80999755859375,467591
2022-01-04,468.1300048828125,468.1300048828125,420.0,448.5299987792969,201553
2022-01-05,475.3999938964844,475.3999938964844,434.0,447.1600036621094,157286
2022-01-06,485.0,485.0,421.55999755859375,446.9100036621094,74103
2022-01-07,505.0,505.0,426.0,450.07000732421875,59548
2022-01-10,495.0,495.0,430.55999755859375,450.82000732421875,106952
2022-01-11,491.3999938964844,491.3999938964844,423.79998779296875,451.75,81163
2022-01-12,456.8399963378906,478.8999938964844,441.1199951171875,453.2900085449219,61867
2022-01-13,463.0,463.0,447.0,456.3399963378906,55666
2022-01-14,515.7000122070312,515.7000122070312,442.1600036621094,457.2799987792969,50608
2022-01-17,397.79998779296875,516.7000122070312,397.79998779296875,459.07000732421875,108143
2022-01-18,480.0,480.0,450.1000061035156,451.5,199935
2022-01-19,452.0,453.5,445.010009765625,451.29998779296875,76217
2022-01-20,457.0,457.0,441.0,450.95001220703125,68856
2022-01-21,478.0,478.0,423.8999938964844,443.5400085449219,161934
2022-01-24,470.20001220703125,470.20001220703125,385.8999938964844,427.95001220703125,504478
2022-01-25,498.6499938964844,498.6499938964844,389.3999938964844,431.4800109863281,245133
2022-01-27,435.0,435.0,412.0199890136719,423.3900146484375,358434
2022-01-28,436.0,442.79998779296875,417.0,428.739990234375,215506
2022-01-31,488.70001220703125,488.70001220703125,425.0,432.30999755859375,70278
2022-02-01,439.3999938964844,495.0,427.0,437.2200012207031,202918
2022-02-02,447.0,447.0,435.0,444.1099853515625,93635
2022-02-03,444.5,446.8999938964844,436.0,441.7200012207031,111914
2022-02-04,484.0,484.0,402.0,441.5299987792969,89623
2022-02-07,484.5,484.5,403.1499938964844,438.6199951171875,119174
2022-02-08,445.0,445.0,432.5,437.1199951171875,75190
2022-02-09,484.0,484.0,392.5,441.94000244140625,165705
2022-02-10,448.0,448.0,437.5,443.19000244140625,48965
2022-02-11,500.79998779296875,500.79998779296875,436.0,437.1499938964844,95173
2022-02-14,443.0,443.0,421.30999755859375,422.7900085449219,262549
2022-02-15,460.79998779296875,460.79998779296875,397.3999938964844,430.7300109863281,330518
2022-02-16,443.0,443.0,421.0,431.6600036621094,51204
2022-02-17,484.0,484.0,430.0,431.25,123812
2022-02-18,435.8999938964844,436.0,405.3999938964844,428.05999755859375,75701
2022-02-21,477.25,477.25,420.6000061035156,423.05999755859375,173944
2022-02-22,472.25,472.25,397.70001220703125,421.7200012207031,188016
2022-02-23,434.0,434.0,396.3999938964844,425.6700134277344,93815
2022-02-24,400.1000061035156,430.0,399.6499938964844,403.29998779296875,989794
2022-02-25,444.25,444.25,379.1000061035156,416.95001220703125,408966
2022-02-28,450.0,450.0,407.80999755859375,420.92999267578125,146087
2022-03-02,366.20001220703125,450.0,366.20001220703125,420.1000061035156,150018
2022-03-03,429.0,429.0,418.0,421.239990234375,95472
2022-03-04,429.3999938964844,429.3999938964844,408.5,410.2900085449219,251072
2022-03-07,406.8999938964844,409.0,391.0,403.9700012207031,534229
2022-03-08,411.0,411.0,397.010009765625,405.75,186596
2022-03-09,415.0,415.0,405.0,412.4100036621094,393510
2022-03-10,461.29998779296875,461.29998779296875,387.70001220703125,418.4700012207031,230676
2022-03-11,472.8999938964844,472.8999938964844,393.3999938964844,420.6199951171875,90630
2022-03-14,448.70001220703125,448.70001220703125,395.3999938964844,421.05999755859375,154322
2022-03-15,427.0,427.0,411.0,416.82000732421875,134042
2022-03-16,438.70001220703125,438.70001220703125,410.5799865722656,426.20001220703125,79293
2022-03-17,445.70001220703125,445.70001220703125,400.6099853515625,431.25,62254
2022-03-21,458.70001220703125,458.70001220703125,407.1499938964844,427.5899963378906,116675
2022-03-22,463.70001220703125,463.70001220703125,402.1499938964844,427.760009765625,122239
2022-03-23,436.0,436.0,421.0,428.67999267578125,198485
2022-03-24,464.70001220703125,464.70001220703125,419.9700012207031,429.79998779296875,258116
2022-03-25,468.8999938964844,468.8999938964844,404.0,428.7300109863281,221557
2022-03-28,436.0,436.0,421.0,428.2799987792969,93076
2022-03-29,464.70001220703125,464.70001220703125,427.0,430.32000732421875,79291
2022-03-30,468.70001220703125,468.70001220703125,429.9800109863281,432.9700012207031,195681
2022-03-31,464.70001220703125,464.70001220703125,430.80999755859375,434.1300048828125,57174
2022-04-01,392.1499938964844,464.67999267578125,392.1499938964844,438.2699890136719,203669
2022-04-04,445.0,463.25,434.3599853515625,447.9100036621094,164047
2022-04-05,441.0,454.1000061035156,441.0,451.239990234375,164607
2022-04-06,452.25,464.0,411.54998779296875,452.29998779296875,113029
2022-04-07,411.6000061035156,511.1000061035156,411.6000061035156,451.19000244140625,121443
2022-04-08,459.0,459.1300048828125,446.0,458.29998779296875,86561
2022-04-11,461.04998779296875,468.0,453.1000061035156,463.5299987792969,93236
2022-04-12,403.29998779296875,495.0,403.29998779296875,456.0400085449219,1119101
2022-04-13,437.010009765625,485.0,437.010009765625,458.6700134277344,137689
2022-04-18,456.3500061035156,459.9800109863281,449.8699951171875,455.5799865722656,229453
2022-04-19,459.0400085449219,485.0,440.0899963378906,448.989990234375,174268
2022-04-20,467.2799987792969,467.2799987792969,440.0400085449219,450.2200012207031,98732
2022-04-21,456.7799987792969,457.0,448.0400085449219,455.30999755859375,100834
2022-04-22,484.0,484.0,441.010009765625,453.1499938964844,65331
2022-04-25,453.1000061035156,453.1000061035156,421.260009765625,443.7799987792969,143030
2022-04-26,449.94000244140625,501.5,443.7799987792969,453.7699890136719,61137
2022-04-27,468.79998779296875,468.79998779296875,445.80999755859375,448.7200012207031,74502
2022-04-28,454.2300109863281,475.6000061035156,445.4599914550781,453.57000732421875,54142
2022-04-29,462.57000732421875,462.57000732421875,439.4700012207031,449.25,75695
2022-05-02,507.70001220703125,507.70001220703125,443.0,446.3900146484375,146911
2022-05-04,388.3999938964844,486.6000061035156,388.3999938964844,434.4599914550781,347068
2022-05-05,408.3999938964844,447.0,408.3999938964844,435.44000244140625,78900
2022-05-06,492.0,492.0,423.2200012207031,425.8800048828125,287190
2022-05-09,469.69000244140625,481.20001220703125,416.1000061035156,418.70001220703125,583558
2022-05-10,474.0,474.0,400.0,408.989990234375,270742
2022-05-11,458.0,458.0,399.95001220703125,408.3900146484375,186072
2022-05-12,458.0,458.0,383.8999938964844,398.3399963378906,431920
2022-05-13,458.0,458.0,381.010009765625,395.9700012207031,185522
2022-05-16,458.0,458.0,392.0299987792969,401.3800048828125,99912
2022-05-17,458.0,458.0,391.1000061035156,410.4200134277344,118302
2022-05-18,468.0,468.0,392.25,412.5400085449219,80697
2022-05-19,458.0,458.0,396.0,401.3500061035156,194301
2022-05-20,444.25,444.25,400.3999938964844,406.25,72315
2022-05-23,444.0,444.0,396.1000061035156,403.9599914550781,123766
2022-05-24,442.25,442.25,398.6000061035156,400.4599914550781,99743
2022-05-25,440.0,440.0,392.0,393.8299865722656,174063
2022-05-26,400.0,400.0,385.1199951171875,398.0,132675
2022-05-27,438.0,438.0,396.260009765625,400.6300048828125,64082
2022-05-30,438.0,438.0,393.010009765625,410.57000732421875,107649
2022-05-31,438.0,438.0,405.0199890136719,411.45001220703125,94069
2022-06-01,422.4599914550781,422.4599914550781,386.79998779296875,407.6499938964844,100543
2022-06-02,420.0,420.0,404.07000732421875,409.55999755859375,53346
2022-06-03,428.0,428.0,403.0299987792969,403.9599914550781,103343
2022-06-06,400.80999755859375,428.0,390.0,402.6300048828125,144190
2022-06-07,424.0,424.0,397.0,399.3800048828125,107083
2022-06-08,415.3500061035156,415.3500061035156,396.04998779296875,399.010009765625,104961
2022-06-09,399.2300109863281,404.25,395.260009765625,401.2900085449219,83305
2022-06-10,418.0,418.0,390.45001220703125,397.67999267578125,127199
2022-06-13,414.0,414.0,387.0,389.30999755859375,327374
2022-06-14,409.3999938964844,409.3999938964844,382.3500061035156,390.3599853515625,141257
2022-06-15,394.239990234375,398.6000061035156,387.4700012207031,391.2300109863281,69963
2022-06-16,417.8999938964844,417.8999938964844,381.5,383.17999267578125,276833
2022-06-17,403.8999938964844,403.8999938964844,375.55999755859375,377.239990234375,229579
2022-06-20,383.5899963378906,386.0,370.25,374.260009765625,198655
2022-06-21,399.95001220703125,399.95001220703125,368.0,382.739990234375,177678
2022-06-22,386.8900146484375,390.0,371.1700134277344,377.6300048828125,106194
2022-06-23,384.0,384.0,372.5,380.6099853515625,87430
2022-06-24,387.1400146484375,399.989990234375,376.8599853515625,386.6600036621094,51972
2022-06-27,403.989990234375,403.989990234375,383.0,389.9800109863281,126932
2022-06-28,399.989990234375,399.989990234375,366.6000061035156,390.44000244140625,57961
2022-06-29,392.8900146484375,398.3999938964844,384.20001220703125,387.3800048828125,61303
2022-06-30,397.3999938964844,397.3999938964844,384.0,385.510009765625,95309
2022-07-01,397.3999938964844,397.3999938964844,380.0,390.17999267578125,96987
2022-07-04,399.989990234375,399.989990234375,386.17999267578125,392.6400146484375,393177
2022-07-05,397.9599914550781,397.9599914550781,385.25,393.9800109863281,161099
2022-07-06,398.0,400.3399963378906,386.25,399.67999267578125,110619
2022-07-07,413.989990234375,413.989990234375,391.260009765625,404.4200134277344,146163
2022-07-08,409.489990234375,409.489990234375,401.0,405.25,217945
2022-07-11,444.0,444.0,352.6199951171875,410.4599914550781,188959
2022-07-12,410.0,412.0,401.010009765625,409.4599914550781,89277
2022-07-13,418.8800048828125,418.8800048828125,405.1199951171875,409.9800109863281,87630
2022-07-14,402.25,415.94000244140625,402.25,408.3299865722656,69338
2022-07-15,419.67999267578125,419.67999267578125,405.0,411.5,88260
2022-07-18,424.8800048828125,424.8800048828125,410.70001220703125,416.010009765625,121743
2022-07-19,417.8999938964844,419.9800109863281,411.6199951171875,419.32000732421875,183221
2022-07-20,425.95001220703125,425.95001220703125,410.010009765625,420.2099914550781,71448
2022-07-21,433.8800048828125,433.8800048828125,411.2099914550781,425.1499938964844,197901
2022-07-22,428.8800048828125,428.8800048828125,421.0,424.6300048828125,113500
2022-07-25,427.9200134277344,427.9200134277344,420.8800048828125,423.760009765625,194261
2022-07-26,427.05999755859375,427.05999755859375,416.80999755859375,418.3500061035156,590246
2022-07-27,421.8900146484375,422.80999755859375,413.45001220703125,420.8999938964844,93676
2022-07-28,426.0,427.0,421.0,425.8399963378906,104387
2022-07-29,431.3900146484375,432.79998779296875,424.0,432.1000061035156,111258
2022-08-01,435.69000244140625,438.5,424.8599853515625,437.5199890136719,147221
2022-08-02,440.239990234375,440.239990234375,434.5,439.3999938964844,111052
2022-08-03,443.489990234375,443.489990234375,420.010009765625,437.7200012207031,92965
2022-08-04,441.0400085449219,445.0,433.3500061035156,440.0299987792969,102023
2022-08-05,431.0299987792969,444.0,431.0299987792969,440.19000244140625,89866
2022-08-08,442.0,442.8399963378906,437.0,442.1499938964844,101137
2022-08-10,445.44000244140625,445.44000244140625,437.510009765625,441.6300048828125,142803
2022-08-11,449.5400085449219,449.5400085449219,435.010009765625,444.0899963378906,88782
2022-08-12,446.5,447.5799865722656,441.3800048828125,446.9800109863281,355828
2022-08-16,450.8399963378906,454.3999938964844,420.20001220703125,452.75,115447
2022-08-17,446.0,459.0,446.0,457.5400085449219,112497
2022-08-18,398.1000061035156,462.0,398.1000061035156,460.8399963378906,214690
2022-08-19,464.489990234375,464.489990234375,433.20001220703125,454.6199951171875,253854
2022-08-22,395.5,459.0,395.5,447.2099914550781,161212
2022-08-23,411.1099853515625,451.54998779296875,411.1099853515625,450.17999267578125,135304
2022-08-24,451.5,452.45001220703125,445.05999755859375,451.489990234375,271132
2022-08-25,415.5,456.2900085449219,415.5,451.79998779296875,78897
2022-08-26,471.0,471.0,450.7099914550781,454.7699890136719,88037
2022-08-29,454.7699890136719,454.7699890136719,440.510009765625,452.92999267578125,197570
2022-08-30,456.7799987792969,462.67999267578125,451.1199951171875,462.17999267578125,119309
2022-09-01,489.8999938964844,489.8999938964844,452.1000061035156,461.19000244140625,193624
2022-09-02,484.3999938964844,484.3999938964844,453.1300048828125,460.75,132851
2022-09-05,465.0,465.0,458.6600036621094,461.04998779296875,78881
2022-09-06,464.6300048828125,468.3999938964844,458.05999755859375,464.5899963378906,168190
2022-09-07,464.94000244140625,466.5,459.3500061035156,466.010009765625,50581
2022-09-08,474.70001220703125,474.70001220703125,453.739990234375,467.07000732421875,143127
2022-09-09,406.3999938964844,474.3999938964844,406.3999938964844,467.17999267578125,74672
2022-09-12,467.5,472.489990234375,460.29998779296875,472.0299987792969,93436
2022-09-13,474.8999938964844,478.0,472.04998779296875,475.239990234375,85761
2022-09-14,474.94000244140625,478.44000244140625,467.25,476.6700134277344,91365
2022-09-15,480.5400085449219,480.95001220703125,475.1099853515625,480.3800048828125,83200
2022-09-16,486.0,486.0,463.9100036621094,467.1199951171875,156130
2022-09-19,469.6000061035156,471.0,462.4100036621094,468.1600036621094,113708
2022-09-20,476.0,476.5799865722656,469.510009765625,472.489990234375,64145
2022-09-21,469.54998779296875,474.989990234375,465.0199890136719,466.2699890136719,84778
2022-09-22,466.8999938964844,469.2799987792969,461.3599853515625,468.1700134277344,92076
2022-09-23,469.70001220703125,469.70001220703125,459.010009765625,459.95001220703125,139187
2022-09-26,464.3999938964844,464.3999938964844,445.1099853515625,447.5199890136719,196883
2022-09-27,450.8999938964844,452.8500061035156,443.9599914550781,448.5400085449219,89131
2022-09-28,448.95001220703125,450.20001220703125,442.42999267578125,445.5,75647
2022-09-29,449.8999938964844,451.8699951171875,443.5,444.5299987792969,101009
2022-09-30,441.0,511.20001220703125,439.30999755859375,447.75,350727
2022-10-03,450.70001220703125,451.4800109863281,435.6000061035156,438.5400085449219,861872
2022-10-04,445.8900146484375,452.0,441.0,448.8299865722656,220071
2022-10-06,452.79998779296875,453.9800109863281,448.95001220703125,452.2699890136719,198153
2022-10-07,455.07000732421875,481.989990234375,393.5,451.55999755859375,140068
2022-10-10,449.0,449.70001220703125,424.510009765625,447.1600036621094,223235
2022-10-11,450.0,455.0,438.6499938964844,441.8999938964844,152530
2022-10-12,415.3999938964844,449.3999938964844,415.3999938964844,443.05999755859375,95072
2022-10-13,445.0,445.0,437.30999755859375,438.7699890136719,94977
2022-10-14,448.0,448.0,436.54998779296875,437.1400146484375,104923
2022-10-17,438.95001220703125,441.1499938964844,433.3299865722656,439.6600036621094,122372
2022-10-18,444.0,444.8399963378906,440.6600036621094,444.4200134277344,113446
2022-10-19,447.20001220703125,447.3399963378906,443.0,443.7200012207031,90112
2022-10-20,443.989990234375,449.20001220703125,441.25,448.1400146484375,49506
2022-10-21,454.3999938964844,454.3999938964844,440.510009765625,442.3999938964844,72645
2022-10-24,499.8999938964844,499.8999938964844,441.3599853515625,445.19000244140625,117303
2022-10-25,448.0,449.0,442.25,443.6499938964844,97265
2022-10-27,443.6499938964844,454.0,443.6499938964844,447.7799987792969,139368
2022-10-28,451.3999938964844,451.3999938964844,444.30999755859375,446.94000244140625,70233
2022-10-31,451.7900085449219,451.79998779296875,446.1499938964844,449.4700012207031,101784
2022-11-01,452.79998779296875,456.0,450.29998779296875,454.7699890136719,139908
2022-11-02,458.0,458.0,452.3299865722656,453.4200134277344,80444
2022-11-03,454.5,454.8999938964844,449.5,453.5,81530
2022-11-04,456.0,456.0,452.6000061035156,454.3800048828125,273723
2022-11-07,463.0,463.0,455.0,458.42999267578125,106977
2022-11-09,461.20001220703125,462.3999938964844,455.8999938964844,457.5899963378906,137217
2022-11-10,459.5,459.5,450.29998779296875,453.010009765625,110838
2022-11-11,465.0,465.0,455.30999755859375,457.4599914550781,83969
2022-11-14,461.0,461.0,456.2699890136719,459.70001220703125,139399
2022-11-15,465.0,465.0,457.70001220703125,460.6099853515625,63094
2022-11-16,462.8800048828125,462.8800048828125,419.20001220703125,457.07000732421875,83342
2022-11-17,397.70001220703125,460.0,397.70001220703125,453.6099853515625,65460
2022-11-18,455.9800109863281,455.9800109863281,448.30999755859375,451.32000732421875,75850
2022-11-21,392.6000061035156,454.0,392.6000061035156,448.5799865722656,77159
2022-11-22,390.29998779296875,451.79998779296875,390.29998779296875,449.3900146484375,55404
2022-11-23,451.8999938964844,451.8999938964844,447.1199951171875,450.5299987792969,49567
2022-11-24,454.0,454.0,449.6600036621094,452.3299865722656,67377
2022-11-25,459.0,459.0,450.1099853515625,453.6000061035156,78554
2022-11-28,426.3999938964844,460.0,426.3999938964844,454.5899963378906,103572
2022-11-29,456.5,458.0,452.54998779296875,456.8900146484375,68755
2022-11-30,459.0,463.5,455.0299987792969,461.2699890136719,196360
2022-12-01,468.0,468.0,461.3500061035156,463.17999267578125,111937
2022-12-02,469.0,469.0,435.3999938964844,463.989990234375,94687
2022-12-05,403.70001220703125,468.3999938964844,403.70001220703125,463.739990234375,114124
2022-12-06,465.69000244140625,465.70001220703125,462.1000061035156,463.6300048828125,65164
2022-12-07,462.1000061035156,466.6099853515625,462.1000061035156,464.54998779296875,46833
2022-12-08,466.79998779296875,466.9700012207031,461.25,466.4700012207031,83802
2022-12-09,469.5,469.5,460.0,463.8699951171875,86200
2022-12-12,465.70001220703125,465.70001220703125,459.8299865722656,463.8800048828125,67134
2022-12-13,467.7900085449219,491.70001220703125,436.0,463.2300109863281,59684
2022-12-14,472.510009765625,472.510009765625,463.2300109863281,465.0899963378906,62829
2022-12-15,465.0899963378906,466.94000244140625,458.29998779296875,460.4599914550781,91309
2022-12-16,462.45001220703125,462.45001220703125,453.04998779296875,454.1700134277344,184674
2022-12-19,456.69000244140625,459.6400146484375,453.5899963378906,458.9800109863281,76747
2022-12-20,399.29998779296875,461.0,399.29998779296875,458.8900146484375,111970
2022-12-21,459.1300048828125,461.94000244140625,450.0199890136719,451.5199890136719,77118
2022-12-22,454.69000244140625,454.8699951171875,445.1700134277344,448.0799865722656,98212
2022-12-23,443.260009765625,447.8599853515625,430.3299865722656,431.8599853515625,276889
2022-12-26,434.0,443.0,430.5199890136719,441.42999267578125,142260
2022-12-27,443.8900146484375,446.0,441.44000244140625,445.010009765625,99759
2022-12-28,445.989990234375,448.44000244140625,444.4200134277344,447.05999755859375,69467
2022-12-29,448.69000244140625,448.69000244140625,441.8999938964844,447.3500061035156,57754
2022-12-30,449.7900085449219,451.7300109863281,446.0,447.2300109863281,77808
2023-01-02,447.2300109863281,450.0,445.1099853515625,445.6499938964844,255683
2023-01-03,447.19000244140625,449.0,445.6400146484375,448.5799865722656,111751
2023-01-04,446.54998779296875,449.5,442.6000061035156,443.3699951171875,85234
2023-01-05,445.44000244140625,446.8599853515625,441.5299987792969,445.94000244140625,170951
2023-01-06,447.6499938964844,447.8999938964844,441.70001220703125,442.45001220703125,88498
2023-01-09,444.010009765625,447.1400146484375,443.0199890136719,446.67999267578125,228556
2023-01-10,447.9800109863281,447.9800109863281,441.1099853515625,445.1199951171875,93989
2023-01-11,431.75,447.4800109863281,431.75,442.79998779296875,77685
2023-01-12,444.79998779296875,445.19000244140625,442.1099853515625,443.760009765625,60807
2023-01-13,445.69000244140625,446.70001220703125,442.6099853515625,445.739990234375,61585
2023-01-16,448.79998779296875,448.9800109863281,443.3999938964844,446.0899963378906,76496
2023-01-17,447.8999938964844,447.8999938964844,443.1099853515625,446.29998779296875,48062
2023-01-18,459.70001220703125,459.70001220703125,432.8999938964844,445.489990234375,138470
2023-01-19,446.45001220703125,446.45001220703125,442.1700134277344,443.7699890136719,68258
2023-01-20,443.7699890136719,445.5,442.1600036621094,442.8399963378906,62675
2023-01-23,445.69000244140625,446.70001220703125,442.5,443.8399963378906,55827
2023-01-24,447.8999938964844,447.8999938964844,442.3500061035156,442.94000244140625,61751
2023-01-25,443.8999938964844,443.8999938964844,431.1199951171875,431.9200134277344,246420
2023-01-27,444.8999938964844,444.8999938964844,409.8500061035156,415.260009765625,685555
2023-01-30,425.1000061035156,427.8999938964844,406.1000061035156,410.1000061035156,284598
2023-01-31,422.3999938964844,422.3999938964844,407.1199951171875,414.67999267578125,146243
2023-02-01,427.1000061035156,427.1000061035156,402.92999267578125,408.4200134277344,253135
2023-02-02,414.0,414.0,401.0,407.07000732421875,249929
2023-02-03,419.29998779296875,419.29998779296875,394.8500061035156,405.2699890136719,403907
2023-02-06,417.45001220703125,417.45001220703125,402.1000061035156,409.5799865722656,171521
2023-02-07,413.9800109863281,413.9800109863281,406.5199890136719,409.1000061035156,157985
2023-02-08,411.8999938964844,414.4700012207031,409.1000061035156,412.8500061035156,302363
2023-02-09,425.25,425.25,408.010009765625,409.1300048828125,878108
2023-02-10,410.8999938964844,411.1499938964844,403.0,410.2300109863281,92749
2023-02-13,419.0,419.0,403.07000732421875,403.4700012207031,1435293
2023-02-14,409.8999938964844,409.8999938964844,401.7099914550781,404.1700134277344,1767395
2023-02-15,416.29998779296875,416.29998779296875,402.25,405.3800048828125,108065
2023-02-16,417.54998779296875,417.54998779296875,405.3800048828125,409.9100036621094,85735
2023-02-17,410.0,410.0,406.5,406.92999267578125,121715
2023-02-20,408.8999938964844,409.80999755859375,404.5199890136719,406.0899963378906,148727
2023-02-21,408.8999938964844,408.8999938964844,404.25,405.69000244140625,99948
2023-02-22,407.0,407.0,398.75,399.82000732421875,273887
2023-02-23,411.79998779296875,411.79998779296875,395.5,397.8900146484375,175751
2023-02-24,409.8500061035156,409.8500061035156,396.5,397.4200134277344,119001
2023-02-27,403.0,403.0,390.79998779296875,393.9599914550781,280467
2023-02-28,405.79998779296875,405.80999755859375,392.760009765625,394.4700012207031,123327
2023-03-01,406.29998779296875,406.29998779296875,393.20001220703125,398.9700012207031,135778
2023-03-02,400.739990234375,401.44000244140625,397.1099853515625,398.8800048828125,86358
2023-03-03,410.8500061035156,410.8500061035156,398.8900146484375,402.79998779296875,146262
2023-03-06,408.79998779296875,408.79998779296875,403.0400085449219,406.5199890136719,131815
2023-03-08,418.70001220703125,418.70001220703125,403.25,406.70001220703125,103269
2023-03-09,406.70001220703125,408.6000061035156,403.2799987792969,404.1499938964844,79692
2023-03-10,402.8999938964844,404.57000732421875,396.0,403.8299865722656,192552
2023-03-13,405.79998779296875,406.79998779296875,398.0,399.3399963378906,167297
2023-03-14,401.45001220703125,401.70001220703125,392.75,394.82000732421875,397957
2023-03-15,406.6499938964844,406.6499938964844,394.1000061035156,396.510009765625,146043
2023-03-16,408.3999938964844,408.3999938964844,384.6000061035156,398.04998779296875,207844
2023-03-17,410.0,410.0,398.2099914550781,401.010009765625,80213
2023-03-20,403.4800109863281,403.70001220703125,395.04998779296875,398.0899963378906,204267
2023-03-21,410.04998779296875,410.04998779296875,397.7099914550781,399.5,65093
2023-03-22,387.5,403.1499938964844,387.5,402.8599853515625,53331
2023-03-23,407.6600036621094,407.6600036621094,399.010009765625,400.29998779296875,78923
2023-03-24,409.8500061035156,409.8500061035156,397.79998779296875,398.2799987792969,80702
2023-03-27,401.9100036621094,401.9100036621094,395.0,395.8299865722656,150184
2023-03-28,407.70001220703125,407.70001220703125,391.0,392.1199951171875,160984
2023-03-29,393.989990234375,397.8999938964844,390.25,394.6199951171875,172537
2023-03-31,397.5,401.05999755859375,393.1000061035156,400.42999267578125,154582
2023-04-03,403.8999938964844,404.79998779296875,397.1199951171875,400.9200134277344,279193
2023-04-05,403.42999267578125,403.70001220703125,398.25,402.9100036621094,167917
2023-04-06,415.0,415.0,401.1099853515625,404.8500061035156,164847
2023-04-10,407.20001220703125,407.44000244140625,401.1199951171875,406.1199951171875,191047
2023-04-11,404.55999755859375,408.6000061035156,404.3299865722656,406.8900146484375,102948
2023-04-12,394.70001220703125,408.989990234375,394.70001220703125,408.4800109863281,77432
2023-04-13,410.29998779296875,410.29998779296875,406.2200012207031,407.4800109863281,98697
2023-04-17,404.6400146484375,411.0,404.6400146484375,409.6099853515625,115572
2023-04-18,397.29998779296875,412.3999938964844,397.29998779296875,411.3599853515625,99711
2023-04-19,412.3999938964844,412.3999938964844,406.8900146484375,407.5799865722656,69440
2023-04-20,408.7799987792969,410.9800109863281,406.510009765625,407.2099914550781,75261
2023-04-21,404.79998779296875,409.20001220703125,395.0,406.2900085449219,58280
2023-04-24,408.70001220703125,409.0899963378906,405.1600036621094,408.510009765625,88806
2023-04-25,409.75,410.989990234375,407.1000061035156,410.42999267578125,137498
2023-04-26,413.5,413.5,398.1000061035156,411.30999755859375,71634
2023-04-27,412.45001220703125,413.6499938964844,409.54998779296875,413.0799865722656,96450
2023-04-28,415.6000061035156,418.94000244140625,413.20001220703125,418.3900146484375,135304
2023-05-02,419.489990234375,421.95001220703125,417.1000061035156,420.1000061035156,242888
2023-05-03,421.3999938964844,423.010009765625,417.3599853515625,421.0799865722656,106448
2023-05-04,433.70001220703125,433.70001220703125,419.25,423.8399963378906,115172
2023-05-05,423.8399963378906,425.989990234375,421.25,423.55999755859375,124365
2023-05-08,426.739990234375,427.7900085449219,422.55999755859375,427.05999755859375,177449
2023-05-09,429.489990234375,429.75,424.3500061035156,426.5400085449219,94297
2023-05-10,429.69000244140625,429.69000244140625,425.2799987792969,428.2699890136719,81222
2023-05-11,429.989990234375,432.0,427.3599853515625,431.6600036621094,105222
2023-05-12,433.2099914550781,433.5,430.0,431.1099853515625,87626
2023-05-15,432.70001220703125,435.0,429.25,433.04998779296875,141457
2023-05-16,420.04998779296875,436.0,420.04998779296875,433.5400085449219,94969
2023-05-17,428.9200134277344,435.95001220703125,428.9200134277344,431.1700134277344,136537
2023-05-18,433.8999938964844,433.989990234375,426.70001220703125,427.17999267578125,103519
2023-05-19,414.3500061035156,429.70001220703125,414.3500061035156,428.760009765625,74401
2023-05-22,429.79998779296875,433.5899963378906,427.29998779296875,433.1600036621094,102590
2023-05-23,446.1499938964844,446.1499938964844,420.1499938964844,434.260009765625,81482
2023-05-24,447.29998779296875,447.29998779296875,425.29998779296875,433.5,56197
2023-05-25,434.8999938964844,436.79998779296875,432.54998779296875,435.8699951171875,82151
2023-05-26,437.8599853515625,441.0,434.25,440.6300048828125,132315
2023-05-29,444.79998779296875,464.989990234375,441.0,443.1099853515625,136732
2023-05-30,445.0,445.1000061035156,442.1600036621094,443.3800048828125,68857
2023-05-31,444.5,444.79998779296875,441.0,444.2300109863281,96160
2023-06-01,442.5,447.989990234375,441.0,446.3500061035156,130023
2023-06-02,446.3500061035156,459.75,444.54998779296875,447.989990234375,101399
2023-06-05,453.1300048828125,453.1300048828125,448.1099853515625,449.0799865722656,106129
2023-06-06,462.54998779296875,462.54998779296875,447.3500061035156,451.1099853515625,108930
2023-06-07,464.6499938964844,464.6499938964844,451.1099853515625,455.0299987792969,92514
2023-06-08,459.0899963378906,459.0899963378906,451.7099914550781,452.3399963378906,185959
2023-06-09,454.20001220703125,454.44000244140625,450.69000244140625,452.0799865722656,70248
2023-06-12,454.19000244140625,454.44000244140625,451.2200012207031,453.6199951171875,117582
2023-06-13,467.25,467.25,453.6199951171875,457.5899963378906,84387
2023-06-14,459.3999938964844,460.0,457.2900085449219,459.04998779296875,84555
2023-06-15,468.0,468.0,458.1000061035156,458.8900146484375,110460
2023-06-16,472.6499938964844,472.6499938964844,458.29998779296875,463.5400085449219,110574
2023-06-19,477.45001220703125,477.45001220703125,462.29998779296875,463.2799987792969,114321
2023-06-20,472.6499938964844,472.6499938964844,449.3999938964844,465.3999938964844,111599
2023-06-21,479.3500061035156,479.3500061035156,462.7699890136719,464.3800048828125,138270
2023-06-22,468.0,468.0,457.54998779296875,458.3299865722656,193830
2023-06-23,462.0199890136719,462.0199890136719,452.5,453.1099853515625,127647
2023-06-26,454.7900085449219,457.0,451.260009765625,455.07000732421875,105907
2023-06-27,468.70001220703125,468.70001220703125,450.1000061035156,456.4700012207031,92948
2023-06-28,470.1499938964844,470.1499938964844,456.4700012207031,459.760009765625,88039
2023-06-30,473.54998779296875,473.54998779296875,459.1000061035156,464.260009765625,188814
2023-07-03,450.3500061035156,467.29998779296875,450.3500061035156,464.7300109863281,641160
2023-07-04,478.6499938964844,478.6499938964844,462.29998779296875,463.8500061035156,143774
2023-07-05,470.95001220703125,470.95001220703125,455.1000061035156,467.8800048828125,154105
2023-07-06,475.25,475.25,465.29998779296875,470.510009765625,111915
2023-07-07,472.29998779296875,472.29998779296875,465.5,466.42999267578125,159296
2023-07-10,480.3999938964844,480.3999938964844,463.1000061035156,463.8299865722656,158537
2023-07-11,449.8999938964844,468.70001220703125,449.8999938964844,466.989990234375,110394
2023-07-12,472.45001220703125,472.45001220703125,465.69000244140625,468.5199890136719,73213
2023-07-13,474.0,474.0,464.30999755859375,466.17999267578125,140506
2023-07-14,473.95001220703125,473.95001220703125,465.2099914550781,469.3500061035156,100295
2023-07-17,483.45001220703125,483.45001220703125,468.1000061035156,470.5799865722656,156233
2023-07-18,484.70001220703125,484.70001220703125,467.29998779296875,468.8800048828125,77637
2023-07-19,482.95001220703125,482.95001220703125,468.8800048828125,471.05999755859375,90468
2023-07-20,485.20001220703125,485.20001220703125,465.25,470.1199951171875,110964
2023-07-21,471.20001220703125,471.20001220703125,466.25,467.510009765625,232335
2023-07-24,481.54998779296875,481.54998779296875,465.79998779296875,467.70001220703125,97997
2023-07-25,481.75,481.75,453.6499938964844,469.6300048828125,90752
2023-07-26,483.70001220703125,483.70001220703125,469.1000061035156,471.5199890136719,73803
2023-07-27,457.3500061035156,488.04998779296875,457.3500061035156,472.8299865722656,116861
2023-07-28,487.0,487.0,472.5799865722656,477.8299865722656,97093
2023-07-31,492.1499938964844,492.1499938964844,477.1000061035156,480.260009765625,68531
2023-08-01,494.6499938964844,494.6499938964844,478.42999267578125,479.2699890136719,140911
2023-08-02,480.8999938964844,481.0,469.1099853515625,473.5299987792969,137166
2023-08-03,459.29998779296875,475.510009765625,459.29998779296875,470.3800048828125,131766
2023-08-04,484.5,484.5,469.1600036621094,475.1400146484375,137266
2023-08-07,489.3999938964844,489.3999938964844,474.19000244140625,475.82000732421875,126848
2023-08-08,478.25,482.79998779296875,461.54998779296875,476.1199951171875,57238
2023-08-09,490.3999938964844,490.3999938964844,461.8500061035156,477.20001220703125,49589
2023-08-10,491.5,491.5,472.1499938964844,474.6400146484375,95027
2023-08-11,460.3999938964844,477.5,460.3999938964844,473.6000061035156,102831
2023-08-14,487.79998779296875,487.79998779296875,459.3999938964844,467.6600036621094,268833
2023-08-16,481.70001220703125,481.70001220703125,462.25,467.6199951171875,96973
2023-08-17,453.6000061035156,481.6499938964844,453.6000061035156,466.45001220703125,90025
2023-08-18,475.25,475.25,463.4100036621094,464.30999755859375,86987
2023-08-21,450.3999938964844,468.1499938964844,450.3999938964844,466.1600036621094,208326
2023-08-22,469.0,471.010009765625,465.260009765625,470.3699951171875,64577
2023-08-23,484.5,484.5,470.3699951171875,471.0899963378906,63119
2023-08-24,485.20001220703125,485.20001220703125,466.0,470.8500061035156,129889
2023-08-25,485.0,485.0,460.8500061035156,467.05999755859375,105204
2023-08-28,460.1499938964844,470.9700012207031,460.1499938964844,470.3599853515625,78145
2023-08-29,484.45001220703125,484.45001220703125,470.3599853515625,473.29998779296875,55516
2023-08-30,487.5,487.5,459.1000061035156,474.8999938964844,50483
2023-08-31,464.04998779296875,478.3500061035156,464.04998779296875,471.7799987792969,51602
2023-09-01,474.6499938964844,476.3500061035156,470.25,476.0199890136719,77278
2023-09-04,490.29998779296875,490.29998779296875,475.1000061035156,480.1499938964844,127796
2023-09-05,482.8500061035156,482.8500061035156,479.5,480.9800109863281,72938
2023-09-06,483.25,483.8399963378906,473.04998779296875,483.489990234375,129689
2023-09-07,498.0,498.0,469.0,486.1700134277344,104411
2023-09-08,494.25,494.25,471.6000061035156,490.0799865722656,127027
2023-09-11,504.79998779296875,504.79998779296875,475.3999938964844,494.2200012207031,166583
2023-09-12,497.79998779296875,497.79998779296875,482.05999755859375,483.6600036621094,178543
2023-09-13,487.3500061035156,487.3500061035156,479.20001220703125,485.32000732421875,117466
2023-09-14,499.8999938964844,499.8999938964844,485.1499938964844,488.510009765625,70919
2023-09-15,503.1499938964844,503.1499938964844,473.8500061035156,489.0299987792969,61763
2023-09-18,503.70001220703125,503.70001220703125,482.05999755859375,488.94000244140625,86920
2023-09-20,487.989990234375,489.9200134277344,484.0,484.8599853515625,94932
2023-09-21,470.29998779296875,499.3999938964844,470.29998779296875,480.489990234375,90522
2023-09-22,494.8999938964844,494.8999938964844,475.6000061035156,480.2099914550781,130593
2023-09-25,494.6000061035156,494.6000061035156,476.57000732421875,478.6300048828125,136396
2023-09-26,487.25,487.25,478.1300048828125,479.5,80182
2023-09-27,469.54998779296875,493.8999938964844,469.54998779296875,479.8999938964844,98302
2023-09-28,494.29998779296875,494.29998779296875,472.6000061035156,474.80999755859375,83778
2023-09-29,478.6499938964844,480.0,474.80999755859375,478.92999267578125,61170
2023-10-03,464.54998779296875,483.0,464.54998779296875,478.2799987792969,913350
2023-10-04,492.6499938964844,492.6499938964844,467.1499938964844,472.989990234375,240503
2023-10-05,487.20001220703125,487.20001220703125,471.70001220703125,473.19000244140625,138830
2023-10-06,487.3999938964844,487.3999938964844,459.0,475.8900146484375,104454
2023-10-09,490.1499938964844,490.1499938964844,461.6000061035156,470.57000732421875,135659
2023-10-10,456.45001220703125,478.3500061035156,456.45001220703125,476.5,139036
2023-10-11,482.6000061035156,482.6000061035156,465.1499938964844,477.9800109863281,94290
2023-10-12,492.29998779296875,492.29998779296875,475.9800109863281,479.3699951171875,79547
2023-10-13,465.0,480.9700012207031,465.0,479.6099853515625,77199
2023-10-16,494.0,494.0,465.0,480.9200134277344,123142
2023-10-17,493.1499938964844,493.1499938964844,466.5,482.6700134277344,65458
2023-10-18,489.0,489.0,477.0,478.6499938964844,75918
2023-10-19,464.29998779296875,489.25,464.29998779296875,477.1600036621094,60635
2023-10-20,491.45001220703125,491.45001220703125,466.5,473.44000244140625,88440
2023-10-23,487.6499938964844,487.6499938964844,463.010009765625,464.55999755859375,171639
2023-10-25,478.5,478.5,458.510009765625,460.4599914550781,199831
2023-10-26,474.25,474.25,451.0,457.2900085449219,189225
2023-10-27,471.0,471.0,443.54998779296875,465.760009765625,203694
2023-10-30,479.75,479.75,460.0,466.6600036621094,75451
2023-10-31,480.6499938964844,480.6499938964844,459.29998779296875,467.7200012207031,127862
2023-11-01,481.75,481.75,453.70001220703125,465.239990234375,125504
2023-11-02,479.20001220703125,479.20001220703125,454.20001220703125,471.4800109863281,115470
2023-11-03,471.4800109863281,477.0,468.0,475.79998779296875,82901
2023-11-06,480.6000061035156,480.6000061035156,469.6000061035156,479.70001220703125,92836
2023-11-07,494.1000061035156,494.1000061035156,465.29998779296875,483.70001220703125,103740
2023-11-08,486.6000061035156,487.0,471.04998779296875,486.1199951171875,96666
2023-11-09,497.3500061035156,497.3500061035156,483.70001220703125,484.1600036621094,152747
2023-11-10,498.70001220703125,498.70001220703125,479.29998779296875,485.3900146484375,92841
2023-11-13,498.3999938964844,498.3999938964844,485.2900085449219,488.5299987792969,85694
2023-11-15,473.8500061035156,503.20001220703125,473.8500061035156,493.239990234375,107140
2023-11-16,502.6000061035156,502.6000061035156,491.2200012207031,494.8599853515625,118278
2023-11-17,509.70001220703125,509.70001220703125,490.1000061035156,498.20001220703125,127859
2023-11-20,500.29998779296875,500.29998779296875,495.0,496.95001220703125,100943
2023-11-21,482.04998779296875,500.5,482.04998779296875,497.0899963378906,69275
2023-11-22,499.0,499.0,493.1099853515625,495.0400085449219,61480
2023-11-23,500.0,500.0,480.20001220703125,496.5199890136719,59352
2023-11-24,502.1499938964844,502.1499938964844,481.6000061035156,495.8800048828125,54461
2023-11-28,510.75,510.75,481.0,500.0799865722656,140988
2023-11-29,515.0999755859375,515.0999755859375,488.6000061035156,504.75,103379
2023-11-30,519.9000244140625,519.9000244140625,489.6000061035156,510.260009765625,85830
2023-12-01,525.5499877929688,525.5499877929688,494.95001220703125,515.5599975585938,149337
2023-12-04,531.0499877929688,531.0499877929688,518.0999755859375,525.719970703125,190598
2023-12-05,531.4500122070312,538.219970703125,525.010009765625,531.75,164489
2023-12-06,529.0800170898438,537.9099731445312,515.7999877929688,537.3800048828125,127541
2023-12-07,553.5,553.5,536.1599731445312,541.4500122070312,85355
2023-12-08,551.1500244140625,551.1500244140625,525.2000122070312,537.8900146484375,142150
2023-12-11,521.75,544.219970703125,521.75,543.8400268554688,106970
2023-12-12,560.1500244140625,560.1500244140625,536.6699829101562,540.4600219726562,123670
2023-12-13,556.6500244140625,556.6500244140625,532.0,543.969970703125,94043
2023-12-14,528.02001953125,552.0,527.6500244140625,550.72998046875,90380
2023-12-15,562.1500244140625,562.1500244140625,550.260009765625,551.6599731445312,88659
2023-12-18,568.2000122070312,568.2000122070312,547.0,556.219970703125,100236
2023-12-19,558.5,558.5,551.5499877929688,556.719970703125,97011
2023-12-20,570.2999877929688,570.2999877929688,539.1300048828125,541.7100219726562,236810
2023-12-21,541.7100219726562,555.25,532.2999877929688,547.739990234375,102889
2023-12-22,564.1500244140625,564.1500244140625,532.2999877929688,552.4500122070312,124029
2023-12-26,540.2999877929688,563.1500244140625,540.2999877929688,557.5900268554688,136938
2023-12-27,564.0,574.2999877929688,556.6799926757812,560.25,144712
2023-12-28,577.0499877929688,577.0499877929688,560.260009765625,562.75,92767
2023-12-29,579.6500244140625,579.6500244140625,545.8499755859375,567.3599853515625,128249
2024-01-01,582.2999877929688,582.2999877929688,550.2999877929688,568.1300048828125,366729
2024-01-02,585.1500244140625,585.1500244140625,559.3200073242188,566.6799926757812,220026
2024-01-03,568.5,575.0,564.6099853515625,571.7100219726562,162026
2024-01-04,588.8499755859375,588.8499755859375,571.72998046875,576.9299926757812,102850
2024-01-05,571.72998046875,586.0999755859375,564.5999755859375,576.3300170898438,130348
2024-01-08,578.8499755859375,579.8900146484375,570.7000122070312,571.5499877929688,201402
2024-01-09,588.2999877929688,588.2999877929688,568.0,573.9400024414062,121301
2024-01-10,569.9199829101562,576.5999755859375,559.25,574.760009765625,114308
2024-01-11,587.5,587.5,562.0999755859375,580.4500122070312,76519
2024-01-12,584.5,584.5,580.2899780273438,581.1199951171875,124006
2024-01-15,585.7999877929688,585.7999877929688,578.6900024414062,582.47998046875,134659
2024-01-16,599.9500122070312,599.9500122070312,570.8300170898438,581.8099975585938,82701
2024-01-17,599.25,599.25,564.3599853515625,576.1599731445312,137378
2024-01-18,592.1500244140625,592.1500244140625,561.0,573.5700073242188,141337
2024-01-19,578.7000122070312,581.97998046875,573.5700073242188,581.6199951171875,85408
2024-01-23,586.5,586.6199951171875,563.510009765625,566.9400024414062,155473
2024-01-24,569.7000122070312,576.989990234375,561.4099731445312,576.219970703125,131762
2024-01-25,574.2999877929688,585.0,571.8099975585938,579.0900268554688,135932
2024-01-29,596.4500122070312,596.4500122070312,578.2999877929688,585.0399780273438,123036
2024-01-30,602.5999755859375,602.5999755859375,582.2100219726562,583.0999755859375,84117
2024-01-31,599.1500244140625,599.1500244140625,582.0,587.7000122070312,66569
2024-02-01,590.7000122070312,593.8800048828125,586.2000122070312,589.9199829101562,87232
2024-02-02,607.5999755859375,607.5999755859375,589.9199829101562,594.9199829101562,115345
2024-02-05,612.75,612.75,589.47998046875,592.280029296875,176362
2024-02-06,577.02001953125,600.9600219726562,575.0999755859375,600.3699951171875,104233
2024-02-07,586.5999755859375,612.0999755859375,586.5999755859375,610.1699829101562,135880
2024-02-08,618.0,618.0,603.2000122070312,611.3099975585938,221522
2024-02-09,629.6500244140625,629.6500244140625,596.02001953125,610.6400146484375,159569
2024-02-12,610.6400146484375,615.989990234375,597.0,599.6400146484375,132535
2024-02-13,601.8499755859375,605.0,592.52001953125,603.469970703125,350821
2024-02-14,602.0,613.5399780273438,593.0,611.9600219726562,78304
2024-02-15,611.9600219726562,618.5499877929688,611.9600219726562,617.8499755859375,81658
2024-02-16,636.4000244140625,636.4000244140625,617.8499755859375,622.7100219726562,108836
2024-02-19,626.7000122070312,626.7000122070312,621.9400024414062,624.1599731445312,114928
2024-02-20,642.9000244140625,642.9000244140625,610.0999755859375,624.9000244140625,105565
2024-02-21,643.6500244140625,643.6500244140625,619.3699951171875,621.1900024414062,91016
2024-02-22,624.7000122070312,628.8800048828125,617.0,627.9199829101562,69003
2024-02-23,631.5,631.5,625.6699829101562,629.5399780273438,72395
2024-02-26,631.8499755859375,632.7999877929688,621.5,630.1300048828125,156441
2024-02-27,631.9000244140625,634.489990234375,626.3499755859375,629.2899780273438,107313
2024-02-28,614.02001953125,648.1500244140625,614.02001953125,621.3099975585938,151431
2024-02-29,622.0,639.9500122070312,614.8099975585938,627.760009765625,85525
2024-03-01,646.5999755859375,646.5999755859375,613.0999755859375,632.469970703125,132294
2024-03-04,655.1500244140625,655.1500244140625,634.25,637.010009765625,104974
2024-03-05,646.0,646.0,631.0,638.5399780273438,99389
2024-03-06,652.1500244140625,652.1500244140625,621.2999877929688,636.719970703125,179722
2024-03-07,639.5,644.9000244140625,636.719970703125,642.8800048828125,104503
2024-03-11,662.1500244140625,662.1500244140625,623.5900268554688,642.489990234375,149661
2024-03-12,661.75,661.75,624.5,630.3699951171875,331342
2024-03-13,633.7999877929688,634.25,603.8699951171875,609.5900268554688,379394
2024-03-14,627.9000244140625,629.8499755859375,601.0,623.1699829101562,171573
2024-03-15,641.8499755859375,641.8499755859375,609.010009765625,617.9600219726562,176196
2024-03-18,636.5,637.2000122070312,599.4000244140625,621.8099975585938,132358
2024-03-19,620.4500122070312,636.0,609.5,610.3499755859375,192443
2024-03-20,628.6500244140625,629.0,603.5,612.7999877929688,131121
2024-03-21,594.4000244140625,626.5,594.4000244140625,625.72998046875,125726
2024-03-22,644.5,644.5,610.0999755859375,628.469970703125,100472
2024-03-26,630.4000244140625,635.5800170898438,613.02001953125,634.4500122070312,190884
2024-03-27,619.02001953125,641.4000244140625,619.02001953125,637.1500244140625,227358
2024-03-28,656.25,656.25,630.0499877929688,643.8099975585938,184687
2024-04-01,659.0,659.0,636.0,655.780029296875,274750
2024-04-02,675.4500122070312,675.4500122070312,636.0999755859375,662.719970703125,186563
2024-04-03,682.5999755859375,682.5999755859375,650.0,664.77001953125,212121
2024-04-04,684.7000122070312,684.7000122070312,660.0,661.6599731445312,231651
2024-04-05,681.5,681.5,644.0999755859375,666.0800170898438,187784
2024-04-08,672.0,679.0,661.0,670.3400268554688,126239
2024-04-09,675.0,675.0,665.0,668.489990234375,138491
2024-04-10,688.5499877929688,688.5499877929688,653.02001953125,674.469970703125,126524
2024-04-12,694.7000122070312,694.7000122070312,668.5,670.6599731445312,471836
2024-04-15,650.5499877929688,671.5,650.5499877929688,660.530029296875,986754
2024-04-16,674.1500244140625,674.1500244140625,640.7000122070312,660.9299926757812,167595
2024-04-18,680.75,680.75,657.010009765625,659.719970703125,229165
2024-04-19,679.5,679.5,641.5,659.4299926757812,233948
2024-04-22,666.5,668.0,662.0999755859375,667.3900146484375,119324
2024-04-23,687.4000244140625,687.4000244140625,665.0,668.97998046875,162258
2024-04-24,689.0499877929688,689.0499877929688,648.9000244140625,673.8599853515625,216901
2024-04-25,694.0999755859375,694.0999755859375,658.02001953125,677.5599975585938,121210
2024-04-26,657.25,697.9000244140625,657.25,682.9199829101562,185512
2024-04-29,703.4000244140625,703.4000244140625,682.2000122070312,684.8400268554688,302013
2024-04-30,705.4000244140625,705.4000244140625,684.4299926757812,690.3300170898438,161356
2024-05-02,693.75,701.530029296875,690.3300170898438,700.5700073242188,201499
2024-05-03,705.4000244140625,708.0,694.02001953125,700.3300170898438,267806
2024-05-06,721.3499755859375,721.3499755859375,685.5,691.280029296875,347197
2024-05-07,712.0,712.0,676.5999755859375,680.5700073242188,253016
2024-05-08,683.8499755859375,692.7899780273438,676.5499877929688,688.25,224047
2024-05-09,708.9000244140625,708.9000244140625,667.5999755859375,675.3200073242188,293118
2024-05-10,674.3499755859375,682.6500244140625,671.6599731445312,681.4199829101562,160103
2024-05-13,701.8499755859375,701.8499755859375,661.0,685.4500122070312,220006
2024-05-14,706.0,706.0,664.9000244140625,695.239990234375,183626
2024-05-15,698.7999877929688,700.0,695.239990234375,698.969970703125,233819
2024-05-16,703.7899780273438,706.0,697.0999755859375,704.0800170898438,226430
2024-05-17,725.2000122070312,725.2000122070312,701.8900146484375,714.260009765625,188106
2024-05-21,741.7999877929688,741.7999877929688,705.0,726.4500122070312,173794
2024-05-22,748.25,748.25,715.5499877929688,728.2000122070312,186951
2024-05-23,731.9000244140625,732.8499755859375,726.25,732.1400146484375,154505
2024-05-24,754.0999755859375,754.0999755859375,727.3499755859375,735.8599853515625,360625
2024-05-27,740.0,740.5,720.02001953125,736.1900024414062,227509
2024-05-28,714.0999755859375,739.9000244140625,714.0999755859375,730.0499877929688,186717
2024-05-29,740.0,740.0,719.0999755859375,725.0800170898438,164030
2024-05-30,746.8499755859375,746.8499755859375,715.5499877929688,719.5399780273438,227611
2024-05-31,724.5,724.97998046875,712.3400268554688,719.9199829101562,215276
2024-06-03,741.5,751.989990234375,730.0,750.2000122070312,434759
2024-06-04,749.7000122070312,769.0,651.989990234375,740.260009765625,1549840
2024-06-05,736.0,750.0,682.0499877929688,712.3499755859375,1081909
2024-06-06,724.7000122070312,732.719970703125,702.0,726.6699829101562,353016
2024-06-07,748.4500122070312,748.4500122070312,720.510009765625,736.5599975585938,302294
2024-06-10,741.5,745.0,733.5499877929688,742.9000244140625,226240
2024-06-11,747.7000122070312,747.7000122070312,741.0,742.219970703125,178970
2024-06-12,736.25,748.3300170898438,736.25,747.510009765625,186639
2024-06-13,754.1500244140625,754.72998046875,736.5999755859375,753.8200073242188,342093
2024-06-14,763.0999755859375,765.9199829101562,744.3099975585938,764.4000244140625,265979
2024-06-18,770.7899780273438,770.7999877929688,755.2999877929688,768.8900146484375,271496
2024-06-19,780.2999877929688,780.2999877929688,755.0999755859375,762.0999755859375,279413
2024-06-20,772.0999755859375,772.0999755859375,756.4500122070312,762.8699951171875,187545
2024-06-21,785.75,785.75,756.1300048828125,757.5800170898438,169097
2024-06-24,759.2999877929688,762.9600219726562,750.5599975585938,761.9400024414062,291966
2024-06-25,761.9400024414062,765.7000122070312,758.3499755859375,759.760009765625,174941
2024-06-26,764.7999877929688,764.7999877929688,756.3499755859375,759.0999755859375,148561
2024-06-27,761.8400268554688,762.469970703125,752.3099975585938,759.0900268554688,174210
2024-06-28,764.7999877929688,764.7999877929688,758.2000122070312,761.0399780273438,165456
2024-07-01,757.260009765625,769.0,757.25,767.8699951171875,422216
2024-07-02,790.9000244140625,790.9000244140625,756.3499755859375,767.7899780273438,291238
2024-07-03,768.0999755859375,775.7899780273438,757.2999877929688,772.8599853515625,211149
2024-07-04,757.02001953125,779.0900268554688,755.0999755859375,776.9199829101562,231721
2024-07-05,779.5900268554688,783.77001953125,772.5,783.1699829101562,183325
2024-07-08,783.2000122070312,787.0,780.1400146484375,783.9199829101562,262570
2024-07-09,787.489990234375,788.8499755859375,782.0,787.0700073242188,237873
2024-07-10,810.7000122070312,810.7000122070312,770.0999755859375,787.260009765625,303765
2024-07-11,790.7000122070312,790.9000244140625,776.2999877929688,789.2100219726562,121508
2024-07-12,789.25,793.0,782.9199829101562,786.1699829101562,207789
2024-07-15,809.75,809.75,774.2999877929688,792.2899780273438,169727
2024-07-16,795.5,795.5,786.7100219726562,788.239990234375,227503
2024-07-18,811.9000244140625,811.9000244140625,764.5999755859375,779.489990234375,352169
2024-07-19,802.8499755859375,802.8499755859375,760.0,761.4099731445312,514021
2024-07-22,779.97998046875,779.97998046875,751.0999755859375,770.1799926757812,232378
2024-07-23,772.0,774.7000122070312,736.8900146484375,764.4500122070312,474819
2024-07-24,760.0,769.52001953125,760.0,766.0399780273438,191560
2024-07-25,789.0,789.0,751.0999755859375,768.530029296875,291032
2024-07-26,775.0,785.0800170898438,753.02001953125,782.52001953125,411420
2024-07-29,792.5999755859375,792.5999755859375,782.8900146484375,790.1300048828125,249256
2024-07-30,775.02001953125,793.7999877929688,766.4500122070312,789.22998046875,129511
2024-07-31,812.9000244140625,812.9000244140625,785.0,794.510009765625,148376
2024-08-01,795.2000122070312,799.0,787.1099853515625,791.5,192589
2024-08-02,781.5499877929688,792.0,781.5499877929688,782.8699951171875,339839
2024-08-05,806.3499755859375,806.3499755859375,750.280029296875,767.489990234375,800045
2024-08-06,745.02001953125,775.7999877929688,745.02001953125,749.8200073242188,510202
2024-08-07,762.0,771.030029296875,741.0,769.9400024414062,254394
2024-08-08,776.0,776.0,755.25,767.0,169102
2024-08-09,777.7999877929688,779.1599731445312,768.4299926757812,775.0399780273438,269482
2024-08-12,778.5,779.5,767.5,772.4500122070312,221899
2024-08-13,776.8499755859375,776.8499755859375,763.2000122070312,764.1699829101562,192442
2024-08-14,767.7000122070312,767.7000122070312,759.010009765625,765.1699829101562,151985
2024-08-16,773.5,779.0,767.0,776.4600219726562,207434
2024-08-19,753.1500244140625,783.5999755859375,753.1500244140625,781.4099731445312,167984
2024-08-20,789.0,789.3099975585938,773.0,788.8900146484375,155852
2024-08-21,791.9000244140625,792.0,786.3499755859375,791.3699951171875,302199
2024-08-22,791.3699951171875,797.5,790.0999755859375,796.8300170898438,372576
2024-08-23,796.7999877929688,799.5999755859375,793.75,794.52001953125,280701
2024-08-26,799.5,800.5,794.52001953125,798.219970703125,171308
2024-08-27,799.0,799.4299926757812,774.25,798.8800048828125,121471
2024-08-28,797.0999755859375,802.7000122070312,796.7999877929688,800.6099853515625,158950
2024-08-29,824.6500244140625,824.6500244140625,793.3499755859375,799.030029296875,148185
2024-08-30,799.030029296875,803.7000122070312,775.0499877929688,801.7999877929688,148349
2024-09-02,825.8499755859375,825.8499755859375,777.75,802.489990234375,203669
2024-09-03,805.5,806.5,801.1500244140625,803.5800170898438,181042
2024-09-04,804.5,806.6599731445312,790.9500122070312,805.530029296875,201989
2024-09-05,808.0,829.7000122070312,781.3499755859375,803.2000122070312,507098
2024-09-06,827.2999877929688,827.2999877929688,790.0,795.7899780273438,217125
2024-09-09,798.5,798.5,785.4600219726562,796.0700073242188,246093
2024-09-10,806.0,806.0,795.510009765625,798.0999755859375,136986
2024-09-11,800.7999877929688,801.8699951171875,792.010009765625,793.8099975585938,126957
2024-09-12,799.5,804.219970703125,796.0999755859375,803.5599975585938,139739
2024-09-13,805.0,807.989990234375,803.3099975585938,804.2899780273438,135687
2024-09-16,808.7999877929688,808.7999877929688,803.3499755859375,804.2899780273438,177087
2024-09-17,780.1500244140625,809.7999877929688,780.1500244140625,803.1400146484375,138931
2024-09-18,827.25,830.0,795.25,800.1500244140625,155079
2024-09-19,791.0,809.0,782.5499877929688,794.8099975585938,414579
2024-09-20,798.7999877929688,806.5900268554688,794.0999755859375,804.5800170898438,197101
2024-09-23,805.0,817.0999755859375,786.25,816.3800048828125,310470
2024-09-24,819.8400268554688,819.8499755859375,806.2999877929688,817.280029296875,181100
2024-09-25,812.0,819.7000122070312,810.9000244140625,814.8499755859375,150285
2024-09-26,817.97998046875,820.75,811.25,819.9400024414062,147066
2024-09-27,822.7000122070312,827.7999877929688,817.0,825.8599853515625,153161
2024-09-30,826.989990234375,828.6500244140625,820.010009765625,821.5999755859375,248333
2024-10-01,824.7999877929688,825.1500244140625,818.3699951171875,821.8300170898438,374051
2024-10-03,820.7999877929688,820.7999877929688,801.3900146484375,807.6300048828125,526815
2024-10-04,801.3499755859375,810.9000244140625,792.25,803.2000122070312,424012
2024-10-07,807.6900024414062,807.7000122070312,772.8599853515625,784.969970703125,907931
2024-10-08,793.969970703125,797.6599731445312,773.2000122070312,796.030029296875,321118
2024-10-09,801.8499755859375,810.0,786.3499755859375,804.7000122070312,248201
2024-10-10,828.8499755859375,828.8499755859375,802.0,803.2999877929688,153130
2024-10-11,806.5,806.5,779.1900024414062,804.1500244140625,106406
2024-10-14,808.5,808.5,803.260009765625,807.010009765625,151410
2024-10-15,804.25,811.5,804.25,809.4500122070312,193297
2024-10-16,809.4299926757812,811.9000244140625,804.0,807.8099975585938,197453
2024-10-17,810.5,810.5,789.0,789.9099731445312,459686
2024-10-18,792.7999877929688,794.219970703125,780.510009765625,792.989990234375,273906
2024-10-21,816.7999877929688,816.7999877929688,781.02001953125,781.989990234375,325284
2024-10-22,784.7999877929688,786.8699951171875,758.0,759.5499877929688,680772
2024-10-23,764.5499877929688,764.8099975585938,749.6599731445312,757.3099975585938,427531
2024-10-24,762.7999877929688,762.7999877929688,752.8900146484375,753.6699829101562,387006
2024-10-25,776.2999877929688,776.2999877929688,734.3599853515625,744.489990234375,535364
2024-10-28,766.7999877929688,766.7999877929688,730.02001953125,747.72998046875,353822
2024-10-29,751.5,753.5999755859375,737.5,752.77001953125,235014
2024-10-30,755.5,756.530029296875,747.2000122070312,749.9099731445312,199333
2024-10-31,751.7999877929688,751.7999877929688,744.1500244140625,746.5900268554688,176289
2024-11-01,746.5900268554688,746.5900268554688,746.5900268554688,746.5900268554688,0
2024-11-04,778.75,778.75,733.4000244140625,741.010009765625,544329
2024-11-05,754.0,754.0,731.0,744.9600219726562,319271
2024-11-06,754.0,763.2000122070312,733.0,762.02001953125,391823
2024-11-07,784.9000244140625,798.9400024414062,739.1500244140625,753.9000244140625,222106
2024-11-08,770.0,776.5,743.0,744.969970703125,191280
2024-11-11,725.02001953125,753.6199951171875,725.02001953125,747.4099731445312,239459
2024-11-12,753.7000122070312,753.7000122070312,729.2100219726562,730.8499755859375,399623
2024-11-13,752.7999877929688,752.7999877929688,708.9000244140625,717.1599731445312,531016
2024-11-14,738.6500244140625,738.6500244140625,705.3499755859375,720.3900146484375,270469
2024-11-18,698.7999877929688,734.0999755859375,698.7999877929688,719.719970703125,360782
2024-11-19,741.2999877929688,741.2999877929688,720.0499877929688,723.5700073242188,236325
2024-11-21,728.5,728.5,705.0999755859375,713.25,441139
2024-11-22,734.6500244140625,734.6500244140625,697.25,726.3300170898438,322547
2024-11-25,743.0,745.0700073242188,704.5499877929688,740.8400268554688,435308
2024-11-26,745.7999877929688,745.7999877929688,735.260009765625,742.52001953125,214116
2024-11-27,764.7999877929688,764.7999877929688,735.1099853515625,749.3099975585938,220932
2024-11-28,753.5,756.0999755859375,745.25,750.1599731445312,200986
2024-11-29,753.7999877929688,757.4299926757812,745.5499877929688,754.97998046875,133510
2024-12-02,774.2000122070312,774.2000122070312,747.0,759.9500122070312,242685
2024-12-03,764.7000122070312,768.3400268554688,755.239990234375,767.9400024414062,247786
2024-12-04,771.7000122070312,772.27001953125,763.5499877929688,771.3800048828125,212631
2024-12-05,755.0,775.5999755859375,748.25,773.469970703125,208389
2024-12-06,792.4000244140625,792.4000244140625,768.25,778.5,216151
2024-12-09,782.7999877929688,782.7999877929688,772.5,776.5,200415
2024-12-10,780.5,780.9000244140625,773.5499877929688,780.6199951171875,192396
2024-12-11,780.6199951171875,783.5,757.2000122070312,782.1599731445312,177892
2024-12-12,772.2000122070312,787.969970703125,772.2000122070312,780.239990234375,164570
2024-12-13,803.6500244140625,803.6500244140625,756.8499755859375,779.0599975585938,269120
2024-12-16,782.5,782.5,775.25,781.280029296875,226580
2024-12-17,776.25,782.9000244140625,769.4400024414062,771.0900268554688,238899
2024-12-18,794.2000122070312,794.2000122070312,759.0,760.8900146484375,250684
2024-12-19,738.0499877929688,756.2000122070312,738.0499877929688,754.1799926757812,295978
2024-12-20,750.0999755859375,757.8200073242188,732.27001953125,734.2100219726562,328622
2024-12-23,741.9000244140625,741.9000244140625,720.02001953125,735.77001953125,242772
2024-12-24,713.7000122070312,739.989990234375,713.7000122070312,736.2100219726562,161172
2024-12-26,739.7999877929688,739.9500122070312,733.8599853515625,738.219970703125,214428
2024-12-27,716.0499877929688,757.3800048828125,716.0499877929688,733.0399780273438,157947
2024-12-30,755.0499877929688,755.0499877929688,720.3900146484375,727.5,241638
2024-12-31,712.02001953125,745.25,712.02001953125,726.989990234375,234575
2025-01-01,748.7999877929688,748.7999877929688,724.3499755859375,729.5499877929688,336470
2025-01-02,724.27001953125,751.4500122070312,724.27001953125,738.739990234375,196273
2025-01-03,716.5999755859375,750.0,716.5999755859375,739.8400268554688,158570
2025-01-06,717.6500244140625,744.7999877929688,714.0499877929688,717.1599731445312,558805
2025-01-07,738.6500244140625,738.6500244140625,712.0,715.7000122070312,256257
2025-01-08,726.0,726.0,704.3099975585938,709.7999877929688,339961
2025-01-09,713.7000122070312,713.7000122070312,688.5,700.969970703125,289225
2025-01-10,705.5,705.5,685.9000244140625,687.8300170898438,587849
2025-01-13,691.0,700.0999755859375,656.010009765625,660.9099731445312,1163898
2025-01-14,671.7000122070312,676.3699951171875,661.1500244140625,674.6199951171875,515655
2025-01-15,694.8499755859375,694.8499755859375,671.2100219726562,680.27001953125,334298
2025-01-16,666.0,693.6400146484375,666.0,689.3200073242188,256893
2025-01-17,692.4000244140625,699.7000122070312,684.25,695.8300170898438,230618
2025-01-20,705.0,705.0,691.760009765625,696.5700073242188,298966
2025-01-21,699.5999755859375,699.5999755859375,675.0999755859375,678.2999877929688,697277
2025-01-22,698.6500244140625,698.6500244140625,661.760009765625,672.25,525912
2025-01-23,685.2000122070312,685.2000122070312,661.0,679.0,290988
2025-01-24,682.7899780273438,682.7999877929688,667.0,668.3400268554688,390661
2025-01-27,688.4000244140625,688.4000244140625,648.0,649.719970703125,817673
2025-01-28,666.0,666.0,637.5,651.510009765625,529416
2025-01-29,671.0499877929688,671.0499877929688,640.0,664.3699951171875,304266
2025-01-30,684.2999877929688,684.2999877929688,655.0,664.989990234375,557135
2025-01-31,678.0,680.0,650.0,676.9099731445312,354916
2025-02-01,697.2000122070312,697.2000122070312,668.9099731445312,678.72998046875,363222
2025-02-03,677.7000122070312,679.2000122070312,664.1099853515625,669.6599731445312,479375
2025-02-04,685.0,685.0,670.0700073242188,680.3900146484375,288606
2025-02-05,685.0,690.0,680.4000244140625,684.5499877929688,264501
2025-02-06,705.0999755859375,705.0999755859375,677.4600219726562,679.3800048828125,270504
2025-02-07,697.0,697.0,672.77001953125,679.7100219726562,223146
2025-02-10,691.9000244140625,691.9000244140625,664.7000122070312,667.3099975585938,381669
2025-02-11,682.0,682.0,647.2899780273438,650.3800048828125,1031129
2025-02-12,654.5,654.5,632.5999755859375,650.75,772405
2025-02-13,665.0,665.0,634.0,651.9400024414062,421091
2025-02-14,663.4500122070312,663.4500122070312,632.1099853515625,637.510009765625,637988
2025-02-17,640.7000122070312,640.7000122070312,624.0,635.6500244140625,667908
2025-02-18,639.5,641.0,629.0999755859375,636.8800048828125,402268
2025-02-19,656.0,656.0,621.02001953125,643.9400024414062,358229
2025-02-20,650.0,653.5399780273438,630.0,653.219970703125,286368
2025-02-21,653.219970703125,672.7999877929688,633.0,647.2100219726562,361960
2025-02-24,647.0,647.0,630.0,639.760009765625,429138
2025-02-25,642.7999877929688,642.7999877929688,633.6699829101562,634.8400268554688,430142
2025-02-27,620.0,650.0,620.0,629.1099853515625,401292
2025-02-28,628.0,628.0,609.25,612.0800170898438,1043197
2025-03-03,630.4500122070312,630.4500122070312,595.0,616.280029296875,831868
2025-03-04,634.75,634.75,607.260009765625,620.3599853515625,655731
2025-03-05,638.9500122070312,638.9500122070312,618.1699829101562,636.1400146484375,584674
2025-03-06,655.2000122070312,655.2000122070312,617.0499877929688,643.9400024414062,445447
2025-03-07,646.8499755859375,647.8499755859375,638.8499755859375,641.0900268554688,508970
2025-03-10,646.0,646.0,630.5,631.3900146484375,433765
2025-03-11,632.4000244140625,636.5999755859375,616.0,634.77001953125,437242
2025-03-12,650.0,650.0,626.780029296875,634.6099853515625,502773
2025-03-13,646.0,646.0,630.5999755859375,631.0800170898438,374371
2025-03-17,645.0,645.0,616.02001953125,635.5399780273438,411202
2025-03-18,635.5399780273438,635.5399780273438,635.5399780273438,635.5399780273438,0
2025-03-19,656.5,664.6500244140625,632.8499755859375,662.989990234375,710252
2025-03-20,675.0,675.0,660.0,666.9600219726562,401090
2025-03-21,686.9500122070312,686.9500122070312,655.8499755859375,671.8300170898438,521610
2025-03-24,685.0,687.4400024414062,659.8499755859375,680.5599975585938,557688
2025-03-25,692.5,694.25,669.75,670.719970703125,607446
2025-03-26,650.5999755859375,690.8499755859375,650.5999755859375,667.8900146484375,540572
2025-03-27,687.9500122070312,687.9500122070312,661.0499877929688,676.25,449816
2025-03-28,696.5499877929688,696.5499877929688,655.9500122070312,672.0800170898438,409090
2025-04-01,692.25,692.25,655.02001953125,667.8499755859375,409123
2025-04-02,687.9000244140625,687.9000244140625,662.6199951171875,675.530029296875,288364
2025-04-03,692.0,692.0,660.02001953125,675.7000122070312,341105
2025-04-04,678.989990234375,680.989990234375,655.0999755859375,658.5,670078
2025-04-07,678.25,678.25,620.0,640.0,1812281
2025-04-08,659.2000122070312,659.2000122070312,640.0,651.0900268554688,530625
2025-04-09,666.4500122070312,666.4500122070312,640.0,649.8200073242188,270401
2025-04-11,669.2999877929688,672.0,655.3499755859375,658.3200073242188,486347
2025-04-15,678.25,678.25,663.7000122070312,677.2899780273438,472450
2025-04-16,697.5999755859375,697.5999755859375,673.75,681.3900146484375,345914
2025-04-17,683.7000122070312,687.3300170898438,677.6599731445312,685.5900268554688,439778
2025-04-21,690.0,706.1500244140625,677.3900146484375,698.1599731445312,553717
2025-04-22,708.3499755859375,708.3499755859375,688.3499755859375,699.2999877929688,424652
2025-04-23,699.2999877929688,711.3499755859375,694.260009765625,704.25,401694
2025-04-24,715.0,715.0,683.1199951171875,702.9199829101562,321371
2025-04-25,707.7999877929688,707.7999877929688,681.8599853515625,687.5999755859375,653269
2025-04-28,691.9500122070312,696.1300048828125,683.0999755859375,694.2000122070312,309154
2025-04-29,704.5999755859375,704.5999755859375,690.25,693.4099731445312,298491
2025-04-30,714.2100219726562,714.2100219726562,685.5,688.47998046875,329940
2025-05-02,709.1300048828125,709.1300048828125,684.0999755859375,687.0999755859375,340426
2025-05-05,684.0,699.1400146484375,684.0,698.3900146484375,348555
2025-05-06,714.0,714.0,681.010009765625,683.0800170898438,559849
2025-05-07,670.0,689.9000244140625,670.0,686.3099975585938,511628
2025-05-08,699.0,699.0,669.219970703125,672.1699829101562,451604
2025-05-09,692.3400268554688,692.3400268554688,651.989990234375,670.1500244140625,455182
2025-05-12,683.4000244140625,697.5,675.3499755859375,696.77001953125,667718
2025-05-13,717.6699829101562,717.6699829101562,691.1799926757812,696.72998046875,421131
2025-05-14,707.0,707.0,696.010009765625,701.9099731445312,408676
2025-05-15,722.969970703125,722.969970703125,699.25,708.010009765625,510126
2025-05-16,729.25,729.25,701.3499755859375,718.280029296875,739392
2025-05-19,725.8499755859375,725.8499755859375,716.7000122070312,721.8400268554688,486755
2025-05-20,730.0,730.0,707.72998046875,708.5399780273438,602502
2025-05-21,715.3499755859375,717.0,706.02001953125,716.3699951171875,360637
2025-05-22,727.0,727.0,709.0,713.9199829101562,278142
2025-05-23,720.3499755859375,720.3499755859375,705.3499755859375,717.7999877929688,269910
2025-05-26,717.7999877929688,723.489990234375,717.239990234375,720.8400268554688,216825
2025-05-27,742.469970703125,742.469970703125,713.2000122070312,717.5999755859375,450453
2025-05-28,720.7000122070312,721.0,715.0,715.8900146484375,177290
2025-05-29,724.0,728.3499755859375,715.239990234375,716.9299926757812,286446
2025-05-30,730.989990234375,738.4400024414062,712.02001953125,714.9099731445312,342588
2025-06-02,736.3599853515625,736.3599853515625,700.010009765625,717.5399780273438,275526
2025-06-03,728.0,728.0,713.0999755859375,713.97998046875,357557
2025-06-04,713.0999755859375,716.989990234375,700.0,716.0999755859375,252076
2025-06-05,694.6199951171875,720.9500122070312,694.6199951171875,718.6799926757812,271404
2025-06-06,740.239990234375,740.239990234375,708.510009765625,726.6099853515625,420725
2025-06-09,748.4099731445312,748.4099731445312,714.3499755859375,735.3300170898438,392386
2025-06-10,745.3499755859375,745.3499755859375,732.989990234375,737.4099731445312,330223
2025-06-11,746.0,759.530029296875,730.0599975585938,734.7100219726562,303590
2025-06-12,732.0,743.989990234375,722.0,723.469970703125,464938
2025-06-13,720.3499755859375,720.3499755859375,706.3499755859375,718.0,495630
2025-06-16,728.0,750.989990234375,708.010009765625,722.760009765625,381522
2025-06-17,729.8499755859375,729.8499755859375,716.6900024414062,717.3200073242188,286619
2025-06-18,729.989990234375,729.989990234375,713.5,715.3900146484375,213675
2025-06-19,723.260009765625,723.260009765625,704.4000244140625,705.5499877929688,358236
2025-06-20,698.489990234375,715.989990234375,698.489990234375,714.9400024414062,430404
2025-06-23,721.3499755859375,721.3499755859375,705.010009765625,715.1900024414062,643068
2025-06-24,724.0,726.0,715.0999755859375,721.8400268554688,428732
2025-06-25,721.8400268554688,731.3499755859375,721.6099853515625,725.030029296875,271706
2025-06-26,743.0,743.0,711.0,729.77001953125,295710
2025-06-27,733.8499755859375,735.9500122070312,730.7000122070312,733.9299926757812,448882
2025-06-30,726.5900268554688,739.8499755859375,726.0,736.9500122070312,319436
2025-07-01,714.8400268554688,745.0599975585938,714.8400268554688,736.47998046875,243085
2025-07-02,744.3499755859375,744.3499755859375,731.010009765625,736.27001953125,390733
2025-07-03,744.0,754.6699829101562,728.0,732.8900146484375,273754
2025-07-04,714.5599975585938,751.2100219726562,710.9000244140625,735.6599731445312,1052567
2025-07-07,728.2999877929688,738.0,710.9000244140625,735.6500244140625,513888
2025-07-08,735.5,742.3499755859375,726.0,736.3300170898438,261612
2025-07-09,758.4199829101562,758.4199829101562,731.0,736.219970703125,230953
2025-07-10,755.989990234375,755.989990234375,729.0,734.530029296875,210828
2025-07-11,756.5700073242188,756.5700073242188,727.5399780273438,728.5800170898438,375326
2025-07-14,745.0,745.0,724.5499877929688,731.9199829101562,273432
2025-07-15,731.9199829101562,736.8599853515625,724.0,736.0900268554688,228448
2025-07-16,743.3499755859375,743.3499755859375,728.7000122070312,737.3599853515625,181002
2025-07-17,745.469970703125,745.469970703125,734.1699829101562,736.3900146484375,315351
2025-07-18,717.97998046875,744.489990234375,714.2999877929688,731.7000122070312,277157
2025-07-21,753.6500244140625,753.6500244140625,718.0,734.52001953125,271776
2025-07-22,753.97998046875,753.97998046875,728.280029296875,731.7999877929688,154922
2025-07-23,753.75,753.75,709.8499755859375,732.4600219726562,249810
2025-07-24,754.4299926757812,754.4299926757812,727.9600219726562,731.4500122070312,258831
2025-07-25,753.3900146484375,753.3900146484375,719.5999755859375,720.489990234375,530197
2025-07-28,725.0,728.0599975585938,715.3499755859375,716.4500122070312,333048
2025-07-29,732.3499755859375,732.3499755859375,710.0,722.969970703125,248719
2025-07-30,718.5,730.5,717.1900024414062,723.3499755859375,155713
2025-07-31,731.5999755859375,731.5999755859375,715.0,719.8099975585938,388785
2025-08-01,741.4000244140625,741.4000244140625,709.5800170898438,711.2000122070312,287098
2025-08-04,718.5999755859375,719.3499755859375,704.72998046875,718.989990234375,259298
2025-08-05,740.5599975585938,740.5599975585938,713.7999877929688,716.75,232796
2025-08-06,723.75,728.3499755859375,709.0,711.0800170898438,303648
2025-08-07,715.0,732.4099731445312,700.4099731445312,712.72998046875,381743
2025-08-08,729.0,734.1099853515625,701.0,704.1300048828125,268994
2025-08-11,718.0,718.0,697.1300048828125,711.7000122070312,261331
2025-08-12,713.989990234375,715.0,704.5800170898438,710.8800048828125,212869
2025-08-13,714.8499755859375,717.1099853515625,710.7999877929688,715.97998046875,179928
2025-08-14,705.0,737.4600219726562,705.0,715.239990234375,122570
2025-08-18,715.239990234375,729.0,715.239990234375,724.4099731445312,275260
2025-08-19,717.1699829101562,729.47998046875,717.1699829101562,729.0800170898438,168920
2025-08-20,730.0,733.0,726.25,732.1900024414062,195616
2025-08-21,754.1599731445312,754.1599731445312,726.3300170898438,729.7000122070312,176989
2025-08-22,736.7000122070312,737.0,723.5,725.219970703125,175697
2025-08-25,719.0599975585938,734.3499755859375,703.4600219726562,727.8699951171875,122410
2025-08-26,728.9000244140625,728.9000244140625,717.52001953125,718.5700073242188,335015
2025-08-28,740.1300048828125,740.1300048828125,708.7000122070312,709.469970703125,303050
2025-08-29,708.9500122070312,716.469970703125,702.2999877929688,707.47998046875,338382
2025-09-01,713.0,724.3499755859375,701.469970703125,716.4600219726562,361714
2025-09-02,723.0,723.3499755859375,711.0,719.5999755859375,225075
2025-09-03,730.0,730.0,715.6500244140625,723.8699951171875,197705
2025-09-04,716.0,734.3400268554688,716.0,721.280029296875,285313
2025-09-05,728.0,728.0,717.0,721.1300048828125,202395
2025-09-08,728.0,749.7000122070312,714.25,724.02001953125,189824
2025-09-09,728.510009765625,728.6199951171875,721.1500244140625,724.9400024414062,106407
2025-09-10,733.3499755859375,733.3499755859375,725.5,728.6599731445312,290812
2025-09-11,732.22998046875,732.22998046875,726.3900146484375,729.8800048828125,179990
2025-09-12,735.8499755859375,735.8499755859375,730.0,732.219970703125,135770
2025-09-15,725.0,739.7000122070312,725.0,736.2999877929688,231942
2025-09-16,743.0,743.0,730.5,739.8699951171875,183863
2025-09-17,743.5700073242188,745.1099853515625,734.97998046875,743.0999755859375,260953
2025-09-18,743.0999755859375,746.5499877929688,737.6500244140625,744.9299926757812,204706
2025-09-19,767.280029296875,767.280029296875,739.5,748.75,199109
2025-09-22,754.3499755859375,756.0,743.0,749.8900146484375,404323
2025-09-23,756.8900146484375,758.1099853515625,745.1799926757812,748.219970703125,195576
2025-09-24,748.219970703125,754.5,738.5,740.1900024414062,216221
2025-09-25,743.8900146484375,746.8499755859375,733.5,734.7899780273438,395742
2025-09-26,737.9500122070312,737.9500122070312,721.4000244140625,722.5900268554688,447678
2025-09-29,716.0,729.7100219726562,716.0,728.9500122070312,192028
2025-09-30,734.3499755859375,734.3499755859375,723.1199951171875,729.8599853515625,212521
2025-10-01,737.3499755859375,737.3499755859375,724.02001953125,731.260009765625,372893
2025-10-03,738.0,738.0,724.0,734.7899780273438,273047
2025-10-06,743.3900146484375,743.3900146484375,728.9099731445312,737.510009765625,527557
2025-10-07,759.6400146484375,759.6400146484375,731.6099853515625,736.1599731445312,322704
2025-10-08,743.0,743.0,730.0499877929688,731.1099853515625,234576
2025-10-09,739.0,739.3699951171875,724.0,734.77001953125,171850
2025-10-10,728.0,756.9000244140625,721.0,736.8800048828125,215425
2025-10-13,737.6099853515625,737.9000244140625,731.2100219726562,735.969970703125,240905
2025-10-14,758.0499877929688,758.0499877929688,730.0800170898438,732.22998046875,209280
2025-10-15,733.0,741.72998046875,730.9199829101562,741.1900024414062,289626
2025-10-16,763.4299926757812,763.4299926757812,738.780029296875,745.02001953125,200354
2025-10-17,751.1300048828125,751.1300048828125,739.5,745.469970703125,394356
2025-10-20,753.969970703125,754.0700073242188,741.0,746.7999877929688,277177
2025-10-21,755.0,755.0,741.4199829101562,747.739990234375,126186
2025-10-23,770.1699829101562,777.0,744.5,746.6300048828125,385135
2025-10-27,768.52001953125,768.52001953125,740.5,748.72998046875,230586
2025-10-28,760.0,760.0,736.0,745.0499877929688,193570
2025-10-29,745.0499877929688,754.989990234375,744.0,753.6400146484375,280254
2025-10-30,765.0,772.0,744.989990234375,751.8900146484375,542493
2025-10-31,759.0,759.0,750.0,750.9500122070312,268711
2025-11-03,761.0,763.0,742.9500122070312,757.6799926757812,294200
2025-11-04,763.3499755859375,763.3499755859375,753.489990234375,754.3900146484375,170707
2025-11-06,759.3499755859375,759.3499755859375,745.0,745.7100219726562,342814
2025-11-07,752.97998046875,752.97998046875,735.5900268554688,746.3400268554688,331370
2025-11-10,746.3900146484375,764.8499755859375,741.0,749.469970703125,350221
2025-11-11,752.0900268554688,753.6900024414062,742.7999877929688,749.9099731445312,224895
2025-11-12,757.3499755859375,757.3499755859375,750.2100219726562,751.4299926757812,226514
2025-11-13,754.8900146484375,754.8900146484375,748.9500122070312,751.3300170898438,274128
2025-11-14,773.8699951171875,773.8699951171875,743.8200073242188,750.8800048828125,258929
2025-11-17,755.0,756.0,749.239990234375,754.510009765625,234880
2025-11-18,758.3499755859375,758.3499755859375,748.0,749.5999755859375,271181
2025-11-19,755.0,755.0,745.6099853515625,749.4099731445312,203290
2025-11-20,755.0,755.0,747.2999877929688,748.52001953125,274326
2025-11-21,750.2999877929688,750.2999877929688,738.5,739.0900268554688,379882
2025-11-24,743.989990234375,744.0,731.1500244140625,731.8499755859375,305348
2025-11-25,726.3599853515625,738.4400024414062,726.1599731445312,733.5800170898438,202459
2025-11-26,755.5900268554688,755.5900268554688,730.0,743.8200073242188,260104
2025-11-27,748.0,748.0,741.0999755859375,742.8800048828125,234579
2025-11-28,765.1699829101562,765.1699829101562,740.02001953125,744.1199951171875,176787
2025-12-01,747.2000122070312,748.5900268554688,741.5499877929688,744.8800048828125,368218
2025-12-02,751.5800170898438,751.5800170898438,740.5800170898438,744.3099975585938,214322
2025-12-03,741.5800170898438,747.1400146484375,734.0399780273438,734.489990234375,619394
2025-12-04,740.72998046875,741.489990234375,732.7999877929688,737.8699951171875,227338
2025-12-05,741.0,741.0,733.5,739.6400146484375,305288
2025-12-08,742.6400146484375,744.6400146484375,721.5999755859375,724.489990234375,689033
2025-12-09,727.489990234375,729.489990234375,714.7999877929688,728.77001953125,430196
2025-12-10,732.0,733.8699951171875,723.8099975585938,726.9000244140625,233376
2025-12-11,730.989990234375,732.5,723.1400146484375,731.1500244140625,240011
2025-12-12,734.1500244140625,737.0,730.010009765625,736.4099731445312,295695
2025-12-15,740.0,740.5900268554688,732.0,737.3300170898438,223822
2025-12-16,740.3300170898438,740.3300170898438,728.6799926757812,735.760009765625,201525
2025-12-17,731.0,738.6500244140625,731.0,732.5399780273438,212889
2025-12-18,735.530029296875,736.0,723.5800170898438,729.6799926757812,279324
2025-12-19,734.8281860351562,734.8281860351562,734.8281860351562,734.8281860351562,0
2025-12-22,737.9000244140625,740.0999755859375,734.2000122070312,738.9500122070312,345578
2025-12-23,742.0,745.0,736.0,742.7899780273438,289357
2025-12-24,742.219970703125,745.9600219726562,738.010009765625,741.4199829101562,191512
2025-12-26,744.4099731445312,744.9500122070312,738.0,741.4600219726562,261406
2025-12-29,744.5,744.5,737.1199951171875,738.5800170898438,273211
2025-12-30,741.5800170898438,741.5800170898438,734.0,739.1199951171875,285477
2025-12-31,742.0,746.280029296875,736.1199951171875,744.8800048828125,361355
2026-01-01,745.4000244140625,748.469970703125,743.52001953125,747.760009765625,232825
2026-01-02,750.0,765.0,747.6900024414062,755.8599853515625,426982
2026-01-05,760.0800170898438,760.0800170898438,752.780029296875,756.1199951171875,405269
2026-01-06,760.0,760.3099975585938,752.0499877929688,759.8499755859375,778747
2026-01-07,759.0,762.989990234375,756.8599853515625,760.8400268554688,424559
2026-01-08,762.4400024414062,762.4400024414062,743.4099731445312,744.780029296875,565734
2026-01-09,747.0,748.2999877929688,734.7100219726562,737.3200073242188,517148
2026-01-12,740.0,740.0,728.0599975585938,738.6699829101562,722511
2026-01-13,740.6699829101562,743.8400268554688,731.3499755859375,737.0599975585938,516660
2026-01-14,740.0,745.0,733.760009765625,741.3099975585938,465966
2026-01-15,741.3099975585938,741.3099975585938,741.3099975585938,741.3099975585938,0
2026-01-16,744.0,746.489990234375,736.7000122070312,740.6900024414062,494936
2026-01-19,742.0800170898438,744.5,737.0,738.6300048828125,546844
2026-01-20,738.6300048828125,741.1500244140625,720.010009765625,722.6400146484375,781740
2026-01-21,725.0,725.02001953125,710.1699829101562,719.0900268554688,760440
2026-01-22,722.0,730.9000244140625,716.5900268554688,727.469970703125,284206
2026-01-23,730.7999877929688,730.7999877929688,711.010009765625,713.2999877929688,585613
2026-01-27,714.8200073242188,719.0,709.2000122070312,717.0599975585938,643370
2026-01-28,715.0,733.0,715.0,732.0,499784
2026-01-29,729.0,734.8099975585938,727.2899780273438,733.9500122070312,428250
2026-01-30,735.9500122070312,735.9500122070312,725.0499877929688,729.6099853515625,780267
2026-02-02,721.219970703125,723.0,705.72998046875,721.2100219726562,581845
2026-02-03,739.6699829101562,749.1900024414062,735.0,738.7899780273438,697688
2026-02-04,743.0,744.8900146484375,730.5999755859375,744.0499877929688,425652
2026-02-05,748.0,748.0,735.5999755859375,740.3300170898438,472540
2026-02-06,745.0,745.0,733.0,742.1900024414062,503509
2026-02-09,748.0,749.25,738.0,748.6599731445312,483720
2026-02-10,748.6599731445312,752.760009765625,747.7000122070312,751.6099853515625,393463
2026-02-11,756.8699951171875,756.8699951171875,749.02001953125,753.8499755859375,444562
2026-02-12,757.780029296875,757.780029296875,747.5499877929688,751.0399780273438,248297
2026-02-13,755.0,755.0,737.2100219726562,740.8900146484375,394474
2026-02-16,734.02001953125,763.1199951171875,734.02001953125,747.260009765625,323804
2026-02-17,749.489990234375,751.6900024414062,743.4600219726562,751.27001953125,269258
2026-02-18,758.0,758.0,744.0,755.3599853515625,297119
2026-02-19,765.0,765.0,741.0,743.4400024414062,403130
2026-02-20,745.0800170898438,749.8300170898438,739.010009765625,747.5599975585938,196205
2026-02-23,753.0,753.9500122070312,735.0,749.6699829101562,262382
2026-02-24,756.0,756.0,743.0,750.280029296875,289249
2026-02-25,749.72998046875,757.2000122070312,749.72998046875,756.010009765625,567721
2026-02-26,763.0,763.0,753.5399780273438,758.6699829101562,323640
2026-02-27,758.6699829101562,758.6699829101562,748.0,750.47998046875,408773
2026-03-02,733.0700073242188,753.97998046875,727.0,739.9500122070312,1145821
2026-03-04,762.1500244140625,762.1500244140625,716.260009765625,719.9099731445312,1063556
2026-03-05,726.75,730.7899780273438,698.3099975585938,729.3099975585938,629291
2026-03-06,731.2100219726562,732.6599731445312,707.4299926757812,727.2000122070312,338737
2026-03-09,724.3599853515625,724.3599853515625,700.5499877929688,711.5399780273438,1262872
2026-03-10,720.0,725.7999877929688,712.5,724.260009765625,486275
2026-03-11,728.5,729.0,715.2000122070312,716.6199951171875,551783
2026-03-12,718.97998046875,719.8900146484375,703.510009765625,715.8400268554688,724196
2026-03-13,717.7999877929688,717.7999877929688,696.5999755859375,699.7100219726562,1226236
2026-03-16,692.0,705.9400024414062,684.4099731445312,693.6699829101562,940865
2026-03-17,701.6500244140625,702.0,691.22998046875,700.6099853515625,593145
2026-03-18,706.780029296875,709.4500122070312,697.4299926757812,706.47998046875,838725
2026-03-19,706.5499877929688,706.5499877929688,683.6099853515625,688.1400146484375,1277879
2026-03-20,692.0,699.5,685.0,688.510009765625,547732
2026-03-23,688.6500244140625,688.6500244140625,660.8400268554688,662.1699829101562,1596516
2026-03-24,668.02001953125,679.0,661.7000122070312,672.2899780273438,1004778
2026-03-25,681.0,689.9000244140625,673.5,686.239990234375,569676
2026-03-27,694.489990234375,694.489990234375,670.0,671.0599975585938,862625
2026-03-30,668.3099975585938,668.3099975585938,650.0999755859375,651.9000244140625,1603413
2026-04-01,640.02001953125,675.9000244140625,632.3400268554688,669.6599731445312,541499
2026-04-02,680.0,680.0,647.5,668.77001953125,1040679
2026-04-06,668.4400024414062,677.6699829101562,663.4199829101562,676.8300170898438,1307896
2026-04-07,689.219970703125,689.219970703125,669.0,680.8599853515625,614444
2026-04-08,692.0,714.9500122070312,692.0,713.5399780273438,872931
2026-04-09,723.0,723.0,707.010009765625,713.9199829101562,655578
2026-04-10,720.2899780273438,730.8900146484375,714.780029296875,729.4600219726562,923386
2026-04-13,723.1099853515625,725.489990234375,707.5800170898438,723.5999755859375,714013
2026-04-15,745.3099975585938,745.3099975585938,730.2999877929688,738.6199951171875,585196
2026-04-16,745.2999877929688,747.1699829101562,739.2999877929688,746.1599731445312,604233
2026-04-17,749.7999877929688,758.9400024414062,743.489990234375,757.5999755859375,692841
2026-04-20,756.9500122070312,762.3699951171875,750.0,756.5499877929688,822748
2026-04-21,756.5499877929688,764.9000244140625,756.5499877929688,762.6099853515625,440267
2026-04-22,761.8800048828125,769.7999877929688,759.0,768.27001953125,498602
2026-04-23,767.0,767.0,758.0,759.6500244140625,464203
2026-04-24,765.0,765.0,747.0,754.260009765625,457599
2026-04-27,761.4299926757812,764.2999877929688,755.7999877929688,763.3800048828125,364426
2026-04-28,766.0399780273438,766.0399780273438,760.0999755859375,761.6199951171875,285565
2026-04-29,764.5599975585938,766.27001953125,758.75,759.760009765625,362237
2026-04-30,757.7000122070312,759.1900024414062,745.0999755859375,752.7999877929688,434879
2026-05-01,752.7999877929688,752.7999877929688,752.7999877929688,752.7999877929688,0
2026-05-04,775.3800048828125,775.3800048828125,752.8900146484375,759.219970703125,373904
2026-05-05,762.7999877929688,763.5,750.5499877929688,762.47998046875,240316
2026-05-06,775.0599975585938,775.0599975585938,763.3400268554688,773.0700073242188,365966
2026-05-07,749.8800048828125,777.2999877929688,749.8800048828125,774.969970703125,395842
2026-05-08,760.02001953125,777.219970703125,760.02001953125,771.72998046875,313544
2026-05-11,770.719970703125,770.72998046875,756.260009765625,758.9000244140625,629827
2026-05-12,752.2999877929688,759.9500122070312,738.1500244140625,740.489990234375,686292
2026-05-13,741.989990234375,750.5,732.5,745.8599853515625,510378
2026-05-14,750.2999877929688,754.9000244140625,742.0,753.2000122070312,389199
2026-05-15,755.9000244140625,755.9000244140625,746.510009765625,747.8599853515625,318629
2026-05-18,746.739990234375,746.739990234375,728.6500244140625,740.5999755859375,542569
2026-05-19,738.1199951171875,748.25,738.1099853515625,744.7999877929688,284574
2026-05-20,744.0599975585938,748.5,735.530029296875,747.489990234375,225433
2026-05-21,756.2999877929688,756.2999877929688,748.1500244140625,749.5800170898438,259355
2026-05-22,748.030029296875,768.3200073242188,748.030029296875,753.3599853515625,271801
2026-05-25,755.2999877929688,767.0,755.2999877929688,764.7999877929688,517432
2026-05-26,766.7999877929688,768.7999877929688,762.510009765625,765.6799926757812,378122
2026-05-27,758.1699829101562,776.9400024414062,758.1699829101562,775.1099853515625,485830
2026-05-28,775.1099853515625,775.1099853515625,775.1099853515625,775.1099853515625,0
2026-05-29,759.6099853515625,780.8900146484375,759.6099853515625,767.8599853515625,718861
2026-06-01,772.2899780273438,772.2999877929688,754.0999755859375,755.2000122070312,818907
2026-06-02,753.0,757.8900146484375,747.0,757.3099975585938,541297
2026-06-03,761.2999877929688,761.2999877929688,746.530029296875,753.780029296875,538082
2026-06-04,768.8599853515625,768.8599853515625,747.4600219726562,756.0800170898438,226193
2026-06-05,762.0,762.2999877929688,753.7999877929688,757.760009765625,363807
2026-06-08,757.760009765625,768.0,741.5999755859375,744.8800048828125,593024
2026-06-09,752.0,756.0,744.72998046875,755.3499755859375,226454
2026-06-10,752.6400146484375,757.6300048828125,743.0,746.6199951171875,261961
2026-06-11,757.6300048828125,757.6300048828125,737.5599975585938,738.47998046875,291787
2026-06-12,749.9000244140625,757.0,743.5,755.72998046875,440665
2026-06-15,773.2999877929688,776.5499877929688,762.0,773.4199829101562,739827
2026-06-16,779.2999877929688,779.2999877929688,770.1900024414062,774.780029296875,312842
2026-06-17,777.5,780.7000122070312,772.4500122070312,779.8400268554688,457488
2026-06-18,778.0800170898438,785.0,775.3200073242188,783.469970703125,372772
2026-06-19,787.3099975585938,787.3099975585938,777.5,781.0399780273438,352600
2026-06-22,787.989990234375,788.0,780.1400146484375,786.8300170898438,451146
2026-06-23,774.0,789.969970703125,774.0,778.2000122070312,472118
2026-06-24,774.25,780.5,774.0,778.4000244140625,302995
2026-06-25,783.5,783.52001953125,779.0,779.6500244140625,537720
2026-06-26,779.6500244140625,779.6500244140625,779.6500244140625,779.6500244140625,0
2026-06-29,784.5999755859375,784.5999755859375,770.6599731445312,772.9600219726562,343731
2026-06-30,778.5,778.5,770.8499755859375,773.97998046875,276959
2026-07-01,777.989990234375,779.52001953125,758.5,779.1500244140625,511310
2026-07-02,784.5,784.5,763.5700073242188,782.4199829101562,457530
2026-07-03,798.0700073242188,798.0700073242188,779.6099853515625,780.7100219726562,760141
2026-07-06,784.989990234375,786.0,780.7100219726562,784.8400268554688,430323
2026-07-07,787.0,787.489990234375,778.6099853515625,780.280029296875,295254
2026-07-08,779.27001953125,779.5800170898438,761.1099853515625,765.8800048828125,697932
2026-07-09,763.4600219726562,774.489990234375,763.4500122070312,771.8200073242188,376074
2026-07-10,776.0,782.5,774.010009765625,781.8499755859375,390193
2026-07-13,786.0,786.0,772.0,779.1900024414062,328470
2026-07-14,779.0,779.0,772.0,776.3900146484375,297157
2026-07-15,782.280029296875,782.5,776.0,778.8400268554688,267168
2026-07-16,782.0,784.0,776.0,776.97998046875,279146
2026-07-17,765.5999755859375,779.0,765.5999755859375,776.1099853515625,251285
2026-07-20,777.5,782.0,772.0399780273438,781.489990234375,309091
2026-07-21,797.1199951171875,797.1199951171875,779.3699951171875,784.4299926757812,283010
2026-07-22,784.7000122070312,786.0,778.5,779.6099853515625,277542
2026-07-23,783.0,784.239990234375,774.3900146484375,776.239990234375,447617
2026-07-24,775.97998046875,778.0,766.52001953125,776.2999877929688,314178
2026-07-27,780.0,784.47998046875,777.3200073242188,783.4500122070312,338305
2026-07-28,781.5,785.5,778.52001953125,779.5800170898438,271082
2026-07-29,783.7999877929688,784.1500244140625,781.0,783.510009765625,249083
2026-07-30,799.1799926757812,799.1799926757812,780.0,784.3499755859375,265371
2026-07-31,784.3400268554688,796.9000244140625,783.0,795.6500244140625,608159
2026-08-03,800.0,805.0,795.0,801.5900268554688,548402
2026-08-04,805.5999755859375,810.5999755859375,801.25,802.0,308254
2026-08-05,818.0399780273438,818.0399780273438,788.0,805.739990234375,376109
2026-08-06,810.5999755859375,810.5999755859375,803.7999877929688,807.25,234994
2026-08-07,812.2999877929688,812.2999877929688,803.1099853515625,807.6300048828125,361061
2026-08-10,813.5,813.5,791.47998046875,809.0,255645
2026-08-11,801.0,810.47998046875,792.8200073242188,807.7000122070312,307666
2026-08-12,813.2999877929688,813.2999877929688,802.5,806.3099975585938,258176
2026-08-13,815.2999877929688,815.2999877929688,782.1199951171875,807.6900024414062,217630
2026-08-14,815.0999755859375,815.0999755859375,794.0,807.8099975585938,586595
2026-08-17,823.969970703125,823.969970703125,804.2000122070312,808.27001953125,263187
2026-08-18,815.0,815.0,805.010009765625,805.9000244140625,262809
2026-08-19,799.8599853515625,806.0599975585938,799.0999755859375,799.8499755859375,1560194
2026-08-20,808.219970703125,808.219970703125,802.2000122070312,803.1099853515625,319972
2026-08-21,800.5599975585938,805.3900146484375,799.0900268554688,800.27001953125,277039
2026-08-24,807.469970703125,807.469970703125,794.27001953125,799.9400024414062,365576
2026-08-25,807.1400146484375,807.1400146484375,797.2000122070312,804.1400146484375,192124
2026-08-26,811.3800048828125,811.3800048828125,800.1099853515625,806.9000244140625,290795
2026-08-27,814.1599731445312,814.1599731445312,803.25,805.780029296875,369315
2026-08-28,821.9000244140625,821.9000244140625,800.5,801.2899780273438,194210
2026-08-31,809.0999755859375,809.0999755859375,792.010009765625,793.8599853515625,371018
2026-09-01,809.739990234375,809.739990234375,786.219970703125,788.1699829101562,381093
2026-09-02,807.8699951171875,807.8699951171875,778.0,788.4000244140625,563104
2026-09-03,793.5,793.5800170898438,787.0,788.739990234375,438702
2026-09-04,795.8400268554688,795.8400268554688,784.0,791.0700073242188,283994
2026-09-07,790.0,796.2999877929688,785.2000122070312,786.260009765625,260292
2026-09-08,788.780029296875,790.0,783.4600219726562,787.5900268554688,233675
2026-09-09,771.8400268554688,791.989990234375,771.8400268554688,789.3699951171875,239411
2026-09-10,791.8200073242188,791.8200073242188,784.5,785.7899780273438,187309
2026-09-11,787.2999877929688,787.2999877929688,773.5,781.9600219726562,470922
2026-09-14,781.9600219726562,781.9600219726562,781.9600219726562,781.9600219726562,0
2026-09-15,797.5999755859375,797.5999755859375,757.6799926757812,762.7100219726562,586902
2026-09-16,760.0,766.7000122070312,754.4000244140625,764.8200073242188,302310
2026-09-17,767.9600219726562,773.4000244140625,761.0,771.9400024414062,212891
2026-09-18,778.2999877929688,782.0,766.1500244140625,781.1099853515625,180919
2026-09-21,787.2999877929688,787.2999877929688,777.0,782.3099975585938,240546
2026-09-22,786.0599975585938,786.0700073242188,777.0,778.5499877929688,232951
2026-09-23,782.4400024414062,785.0,778.2100219726562,784.5399780273438,258317
2026-09-24,780.6199951171875,781.5399780273438,772.0800170898438,773.760009765625,322504
2026-09-25,777.2999877929688,777.77001953125,771.6099853515625,776.6900024414062,343338
2026-09-28,778.4199829101562,778.4199829101562,757.27001953125,761.9000244140625,532878
2026-09-29,765.0,765.0,753.6599731445312,761.6599731445312,412917
2026-09-30,765.2999877929688,765.2999877929688,746.4299926757812,756.3099975585938,325345
2026-10-01,775.2100219726562,775.2100219726562,738.0,747.52001953125,759141
2026-10-02,747.52001953125,747.52001953125,747.52001953125,747.52001953125,0
