Date,Open,High,Low,Close,Volume
2019-10-03,801.9534727093215,802.3626814163337,801.9534727093215,802.3466186523438,0
2019-10-04,802.3461556343585,802.362218389079,801.9690726729334,802.3541870117188,0
2019-10-07,802.3541870117188,802.362218389079,802.2739711817429,802.3541870117188,0
2019-10-09,801.5522953843043,803.1570046843731,801.5522953843043,802.3466186523438,0
2019-10-10,802.3140790967309,802.362218389079,802.0332257481888,802.3541870117188,0
2019-10-11,802.3546500343386,802.3787441803236,802.0336885855884,802.3466186523438,0
2019-10-14,801.5678955794275,802.362218389079,801.5678955794275,802.3541870117188,0
2019-10-15,802.3546500343386,802.3626814163337,802.0336885855884,802.3466186523438,0
2019-10-16,802.3546500343386,802.3626814163337,802.0497513495783,802.3466186523438,0
2019-10-17,808.7734872346134,808.7734872346134,802.3466186523438,802.3466186523438,0
2019-10-18,802.3546500343386,802.3626814163337,802.2744341580718,802.3466186523438,0
2019-10-22,802.3546500343386,802.3626814163337,801.7528840468129,802.3466186523438,0
2019-10-23,802.081365040537,802.362218389079,801.8085920411684,802.3541870117188,0
2019-10-24,802.3381242569983,802.362218389079,802.3381242569983,802.3541870117188,0
2019-10-25,802.362218389079,802.362218389079,801.632048654683,802.3541870117188,0
2019-10-27,802.3543370305936,810.3778804008995,801.7926792003077,802.3864135742188,0
2019-10-29,802.3541870117188,802.362218389079,802.3461556343585,802.3541870117188,0
2019-10-30,802.2739711817429,802.362218389079,801.8326372014359,802.3541870117188,0
2019-10-31,800.8506339699663,804.4384110460728,800.8506339699663,804.4303588867188,0
2019-11-01,804.1166192631051,804.4384110460728,803.8833521344997,804.4303588867188,0
2019-11-04,804.4302323338686,804.4382844919559,804.1245449176997,804.4221801757812,0
2019-11-05,804.4302323338686,804.4382844919559,804.4221801757812,804.4221801757812,0
2019-11-06,804.4303588867188,804.4384110460728,804.4223067273647,804.4303588867188,0
2019-11-07,804.4303588867188,804.4384110460728,804.1488279005215,804.4303588867188,0
2019-11-08,804.4384110460728,804.4384110460728,804.4223067273647,804.4303588867188,0
2019-11-11,804.4303588867188,804.4384110460728,804.2131469782889,804.4303588867188,0
2019-11-13,800.8506339699663,804.4384110460728,800.8506339699663,804.4303588867188,0
2019-11-14,804.4302323338686,804.4382844919559,804.3095481596085,804.4221801757812,0
2019-11-15,810.8656741925395,810.8656741925395,804.4221801757812,804.4221801757812,0
2019-11-18,804.4302323338686,806.2402003566198,804.1889130838734,804.4221801757812,0
2019-11-19,804.3176003176958,804.4382844919559,804.3176003176958,804.4221801757812,0
2019-11-20,802.4593684449457,804.4382844919559,802.4593684449457,804.4221801757812,0
2019-11-21,804.4302323338686,804.4382844919559,804.1889130838734,804.4221801757812,0
2019-11-22,804.4303588867188,804.4384110460728,804.4223067273647,804.4303588867188,0
2019-11-25,804.4303588867188,804.4384110460728,804.3740428697728,804.4303588867188,0
2019-11-26,804.4382844919559,804.4382844919559,804.4141280176939,804.4221801757812,0
2019-11-27,804.4221801757812,804.4382844919559,804.3980728000441,804.4221801757812,0
2019-11-28,804.4303588867188,804.4384110460728,804.4223067273647,804.4303588867188,0
2019-11-29,802.8275760386214,806.4242097318471,802.8275760386214,806.4161376953125,0
2019-12-02,806.4159089483074,806.4239809825523,806.1094669653294,806.4078369140625,0
2019-12-03,802.8273483095433,806.4239809825523,802.8273483095433,806.4078369140625,0
2019-12-04,806.4078369140625,806.4239809825523,806.3997648798177,806.4078369140625,0
2019-12-05,806.4242097318471,806.4242097318471,806.3355157694369,806.4161376953125,0
2019-12-06,806.4161376953125,806.4242097318471,806.3355157694369,806.4161376953125,0
2019-12-09,806.4159089483074,806.4159089483074,806.1094669653294,806.4078369140625,0
2019-12-10,806.4159089483074,806.4239809825523,806.1336830680639,806.4078369140625,0
2019-12-11,806.1742226979509,806.4242097318471,806.1339117350132,806.4161376953125,0
2019-12-12,806.4159089483074,806.4239809825523,806.1417058825878,806.4078369140625,0
2019-12-13,806.4078369140625,806.4239809825523,806.4078369140625,806.4078369140625,0
2019-12-16,814.3996771463901,814.3996771463901,806.0935515523404,806.4161376953125,0
2019-12-17,806.4161376953125,806.4242097318471,806.408065658778,806.4161376953125,0
2019-12-18,806.4242097318471,806.4242097318471,806.408065658778,806.4161376953125,0
2019-12-19,806.4242097318471,806.4242097318471,806.408065658778,806.4161376953125,0
2019-12-20,806.4159089483074,806.4239809825523,806.2626879568184,806.4078369140625,0
2019-12-23,805.811325592041,806.4242097318471,805.811325592041,806.4161376953125,0
2019-12-24,806.2871327699646,806.4242097318471,806.0935515523404,806.4161376953125,0
2019-12-26,806.4161376953125,807.2225538330079,806.3677546958402,806.4161376953125,0
2019-12-27,806.4161376953125,806.4242097318471,806.408065658778,806.4161376953125,0
2019-12-30,806.4159089483074,806.4239809825523,806.4078369140625,806.4078369140625,0
2019-12-31,808.5315307111229,808.5396239222457,808.5234375,808.5234375,0
2020-01-01,809.340062241834,809.340062241834,808.5234375,808.5234375,0
2020-01-02,808.5232788607775,808.5394652798474,807.9249735412598,808.5313720703125,0
2020-01-03,808.5313720703125,808.5394652798474,807.9411599603295,808.5313720703125,0
2020-01-06,806.5504603389725,809.3399034423827,806.5504603389725,808.5313720703125,0
2020-01-07,808.5313720703125,808.5394652798474,808.2079397819489,808.5313720703125,0
2020-01-08,808.5315307111229,808.5396239222457,808.491114004357,808.5234375,0
2020-01-09,808.5315307111229,808.5396239222457,808.5234375,808.5234375,0
2020-01-10,808.5313720703125,808.5394652798474,808.2079397819489,808.5313720703125,0
2020-01-13,808.5315307111229,808.5396239222457,808.5234375,808.5234375,0
2020-01-14,808.5313720703125,808.5394652798474,808.4505386726408,808.5313720703125,0
2020-01-15,808.5315307111229,808.9357964764783,808.5234375,808.5234375,0
2020-01-16,808.5313720703125,808.5394652798474,807.9815766591653,808.5313720703125,0
2020-01-17,808.5313720703125,808.5394652798474,808.0462729866057,808.5313720703125,0
2020-01-20,808.5234375,808.5396239222457,807.9251320630894,808.5234375,0
2020-01-21,808.5313720703125,808.5394652798474,808.5232788607775,808.5313720703125,0
2020-01-22,808.5313720703125,808.5394652798474,807.9249735412598,808.5313720703125,0
2020-01-23,808.5315307111229,808.5396239222457,807.9251320630894,808.5234375,0
2020-01-24,808.5313720703125,808.5394652798474,808.4828621619417,808.5313720703125,0
2020-01-27,809.3399034423827,809.3399034423827,808.4828621619417,808.5313720703125,0
2020-01-28,808.5234375,808.5396239222457,807.981735192101,808.5234375,0
2020-01-29,807.9249735412598,808.5394652798474,807.9249735412598,808.5313720703125,0
2020-01-30,807.9249735412598,808.5394652798474,807.9249735412598,808.5313720703125,0
2020-01-31,810.5355834960938,810.5436967673153,810.1951724029519,810.5355834960938,0
2020-02-03,810.5355834960938,810.5436967673153,809.9276818084717,810.5355834960938,0
2020-02-04,811.3461190795899,811.3461190795899,810.4950666111522,810.5355834960938,0
2020-02-05,810.5355834960938,810.5436967673153,810.2519158303365,810.5355834960938,0
2020-02-06,810.5355834960938,810.5436967673153,810.5274702248722,810.5355834960938,0
2020-02-07,810.5355834960938,810.5436967673153,810.4869533399307,810.5355834960938,0
2020-02-10,810.5354570199555,810.543570289911,810.2517893984618,810.52734375,0
2020-02-11,810.5354570199555,810.543570289911,810.2598531972591,810.52734375,0
2020-02-12,810.5354570199555,810.543570289911,810.52734375,810.52734375,0
2020-02-13,808.5497614222952,810.5436967673153,808.5497614222952,810.5355834960938,0
2020-02-14,810.5355834960938,810.5436967673153,810.1303157043458,810.5355834960938,0
2020-02-17,810.52734375,810.543570289911,810.52734375,810.52734375,0
2020-02-18,810.52734375,810.543570289911,809.96807230581,810.52734375,0
2020-02-19,810.5354570199555,810.543570289911,810.4868268713807,810.52734375,0
2020-02-20,810.5436967673153,810.5436967673153,810.4545497262105,810.5355834960938,0
2020-02-24,810.5355834960938,811.3461190795899,810.5274702248722,810.5355834960938,0
2020-02-25,810.5354570199555,810.5354570199555,810.2598531972591,810.52734375,0
2020-02-26,810.5274702248722,810.5436967673153,810.4869533399307,810.5355834960938,0
2020-02-27,810.5355834960938,810.5436967673153,810.5274702248722,810.5355834960938,0
2020-02-28,812.2423637228587,812.2504940785503,810.2523600166699,812.1124267578125,0
2020-03-02,812.2421875,812.2503178539276,811.633005859375,812.2421875,0
2020-03-03,812.2421875,812.2503178539276,811.7954642119407,812.2421875,0
2020-03-04,812.2421875,812.2503178539276,811.7548620176315,812.2421875,0
2020-03-05,812.2421875,812.2503178539276,811.8523271141053,812.2421875,0
2020-03-06,812.2421875,813.0544296875,811.8766686005592,812.2421875,0
2020-03-09,812.2340087890625,812.2502694959496,812.0390786077205,812.2340087890625,0
2020-03-11,812.2340571460724,812.2503178539276,811.9660033431053,812.2421875,0
2020-03-12,812.2421875,812.2503178539276,811.83606640625,812.2421875,0
2020-03-13,815.1256373505593,815.1256373505593,811.4299453125,812.2421875,0
2020-03-16,812.2503178539276,812.2503178539276,811.633005859375,812.2421875,0
2020-03-17,811.4299453125,812.2503178539276,811.4299453125,812.2421875,0
2020-03-18,812.2421391425061,812.2502694959496,811.5111013871475,812.2340087890625,0
2020-03-19,812.2421875,812.2503178539276,811.8441967601776,812.2421875,0
2020-03-20,812.2421875,812.2503178539276,811.83606640625,812.2421875,0
2020-03-23,812.2340571460724,812.2503178539276,811.4299453125,812.2421875,0
2020-03-24,811.4298970033636,816.3033498382187,810.6176548642211,812.2340087890625,0
2020-03-25,820.2833561501473,820.2833561501473,811.9578742239365,812.2340087890625,0
2020-03-26,812.2421391425061,812.2502694959496,811.9659550020542,812.2340087890625,0
2020-03-27,812.2421875,812.2827896943093,812.2340571460724,812.2421875,0
2020-03-30,812.2421875,812.2503178539276,811.83606640625,812.2421875,0
2020-03-31,813.5631713867188,813.5713149633855,813.555027810052,813.5631713867188,0
2020-04-01,813.5631713867188,813.5713149633855,813.286538059827,813.5631713867188,0
2020-04-03,813.555027810052,813.5713149633855,813.5143595826737,813.5631713867188,0
2020-04-07,813.5635024666996,813.5716460466803,813.482165978843,813.5553588867188,0
2020-04-08,813.555027810052,813.5713149633855,813.1563898010254,813.5631713867188,0
2020-04-09,813.5631713867188,813.5713149633855,813.555027810052,813.5631713867188,0
2020-04-13,813.5631713867188,813.5713149633855,813.1563898010254,813.5631713867188,0
2020-04-15,813.5631713867188,821.6174666458294,813.555027810052,813.5631713867188,0
2020-04-16,813.5635024666996,814.3770659691662,813.5146906427905,813.5553588867188,0
2020-04-17,813.5715424319566,820.0719060438371,813.2867654487766,813.5878295898438,0
2020-04-20,813.5631713867188,813.5713149633855,813.286538059827,813.5631713867188,0
2020-04-21,813.5631713867188,813.5713149633855,813.1563898010254,813.5631713867188,0
2020-04-22,814.3770659691662,814.3770659691662,813.5553588867188,813.5553588867188,0
2020-04-23,813.1563898010254,813.5713149633855,813.1563898010254,813.5631713867188,0
2020-04-24,813.5631713867188,813.5713149633855,813.1808205310256,813.5631713867188,0
2020-04-27,813.5553588867188,813.5716460466803,813.1973889593944,813.5553588867188,0
2020-04-28,814.995382175997,814.995382175997,813.5553588867188,813.5553588867188,0
2020-04-29,814.360447404772,814.360447404772,813.555027810052,813.5631713867188,0
2020-04-30,814.7323425814584,814.7812269765436,814.4145691485032,814.7730712890625,0
2020-05-04,814.7730712890625,814.7812269765436,814.365684753418,814.7730712890625,0
2020-05-05,814.7730712890625,815.5878443603516,814.7649156015814,814.7730712890625,0
2020-05-06,815.5633772979081,815.5633772979081,814.7241868939773,814.7730712890625,0
2020-05-07,817.6655057461784,817.6655057461784,814.6916138738543,814.7730712890625,0
2020-05-08,814.7730712890625,814.7812269765436,814.365684753418,814.7730712890625,0
2020-05-11,814.7728651580741,814.781020843492,814.3654787254951,814.7647094726562,0
2020-05-12,814.7730712890625,814.7812269765436,814.7649156015814,814.7730712890625,0
2020-05-13,814.7728651580741,814.781020843492,814.1617855092055,814.7647094726562,0
2020-05-14,817.6655057461784,817.6655057461784,814.7649156015814,814.7730712890625,0
2020-05-15,815.457502550058,815.457502550058,814.4064134610221,814.7730712890625,0
2020-05-18,814.7730712890625,814.7812269765436,814.4064134610221,814.7730712890625,0
2020-05-19,814.7730712890625,814.7812269765436,814.4064134610221,814.7730712890625,0
2020-05-20,814.7728651580741,814.781020843492,814.7647094726562,814.7647094726562,0
2020-05-21,814.7730712890625,815.5715329853892,814.5286493136362,814.7730712890625,0
2020-05-22,814.7728651580741,814.781020843492,814.4062074227952,814.7647094726562,0
2020-05-26,814.7730712890625,814.7812269765436,814.365684753418,814.7730712890625,0
2020-05-27,814.7728651580741,814.781020843492,814.414363108213,814.7647094726562,0
2020-05-28,815.5878443603516,815.5878443603516,814.4471421686262,814.7730712890625,0
2020-05-29,816.2672119140625,816.2753825575411,816.2590412705839,816.2672119140625,0
2020-06-01,816.2672119140625,816.2753825575411,815.9406851008981,816.2672119140625,0
2020-06-02,816.2670817749885,816.2752524171644,816.0222116146538,816.2589111328125,0
2020-06-03,816.2672119140625,816.2753825575411,816.2590412705839,816.2672119140625,0
2020-06-04,817.0425454668725,817.0425454668725,816.2589111328125,816.2589111328125,0
2020-06-05,816.2670817749885,816.2752524171644,816.2589111328125,816.2589111328125,0
2020-06-08,816.2672119140625,816.2753825575411,814.0632804776951,816.2672119140625,0
2020-06-09,816.2672119140625,816.2753825575411,815.9488557443767,816.2672119140625,0
2020-06-10,817.0508463730588,817.0508463730588,815.8998817045018,816.2672119140625,0
2020-06-11,816.2672119140625,816.2753825575411,815.9406851008981,816.2672119140625,0
2020-06-12,816.2590412705839,816.2753825575411,815.7447889413983,816.2672119140625,0
2020-06-15,816.2672119140625,817.0834791259765,815.5325514949411,816.2672119140625,0
2020-06-16,816.2753825575411,816.9528982933089,816.2590412705839,816.2672119140625,0
2020-06-17,816.2670817749885,816.2752524171644,815.5569333995234,816.2589111328125,0
2020-06-18,816.2670817749885,816.2752524171644,815.899751623992,816.2589111328125,0
2020-06-19,817.7854569711834,817.7854569711834,816.2590412705839,816.2672119140625,0
2020-06-22,816.2672119140625,816.2753825575411,815.7447889413983,816.2672119140625,0
2020-06-23,816.2752524171644,816.2752524171644,815.858948234101,816.2589111328125,0
2020-06-24,816.2590412705839,817.0018723331839,816.2590412705839,816.2672119140625,0
2020-06-25,819.2874105623439,819.2874105623439,816.2590412705839,816.2672119140625,0
2020-06-26,815.4509447021484,816.2753825575411,815.4509447021484,816.2672119140625,0
2020-06-29,816.2670817749885,816.2752524171644,815.7446588856152,816.2589111328125,0
2020-06-30,817.7782521377056,817.7946238388568,817.7782521377056,817.7864379882812,0
2020-07-01,817.7946238388568,817.7946238388568,817.0504102286026,817.7864379882812,0
2020-07-02,817.7946238388568,817.7946238388568,817.7046793099715,817.7864379882812,0
2020-07-03,817.7864379882812,820.8122577915825,817.7455586491265,817.7864379882812,0
2020-07-06,817.7045643896371,817.7945089058815,817.7045643896371,817.7781372070312,0
2020-07-07,817.7864379882812,817.7946238388568,817.377544769287,817.7864379882812,0
2020-07-08,817.7864379882812,817.7946238388568,817.7046793099715,817.7864379882812,0
2020-07-09,817.7864379882812,817.7946238388568,817.7782521377056,817.7864379882812,0
2020-07-10,817.7864379882812,817.7946238388568,817.7782521377056,817.7864379882812,0
2020-07-13,817.7864379882812,817.7946238388568,817.6637500570938,817.7864379882812,0
2020-07-14,817.7700662871301,817.7946238388568,815.5784046229683,817.7864379882812,0
2020-07-15,817.7864379882812,817.7946238388568,817.7782521377056,817.7864379882812,0
2020-07-16,817.7864379882812,817.7946238388568,817.7782521377056,817.7864379882812,0
2020-07-17,817.7864379882812,817.7946238388568,817.7782521377056,817.7864379882812,0
2020-07-20,817.7863230564564,817.7945089058815,817.3938015937784,817.7781372070312,0
2020-07-21,817.7946238388568,820.8122577915825,817.3939164704382,817.7864379882812,0
2020-07-22,817.7945089058815,817.7945089058815,817.7781372070312,817.7781372070312,0
2020-07-23,817.7863230564564,817.7945089058815,817.7781372070312,817.7781372070312,0
2020-07-24,817.7782521377056,817.7946238388568,817.7782521377056,817.7864379882812,0
2020-07-27,817.7863230564564,817.7945089058815,816.9930942816753,817.7781372070312,0
2020-07-28,817.7781372070312,817.7945089058815,817.7781372070312,817.7781372070312,0
2020-07-29,815.5784046229683,817.7946238388568,815.5784046229683,817.7864379882812,0
2020-07-30,817.7782521377056,817.7946238388568,816.3716834229529,817.7864379882812,0
2020-07-31,819.3871893058866,819.4773189047278,817.2565395938828,819.4691162109375,0
2020-08-03,819.4691401940303,819.4773428880605,818.895501792609,819.4609375,0
2020-08-04,822.3782215702013,822.3782215702013,819.419950064622,819.4691162109375,0
2020-08-05,819.4773189047278,819.4773189047278,819.4609135171473,819.4691162109375,0
2020-08-06,817.256563512221,819.4773428880605,817.256563512221,819.4609375,0
2020-08-07,819.4691401940303,819.4773428880605,818.0596772807816,819.4609375,0
2020-08-10,822.3782215702013,822.3782215702013,819.0757870404125,819.4691162109375,0
2020-08-11,819.4773189047278,819.4773189047278,819.4609135171473,819.4691162109375,0
2020-08-12,822.2553312126249,822.2553312126249,819.0675843466223,819.4691162109375,0
2020-08-13,819.4691401940303,819.4773428880605,819.4609375,819.4609375,0
2020-08-14,818.6496470947266,819.878850769043,818.6496470947266,819.4691162109375,0
2020-08-17,819.4691401940303,819.4773428880605,817.256563512221,819.4609375,0
2020-08-18,819.4691401940303,819.4773428880605,818.895501792609,819.4609375,0
2020-08-19,819.4609375,819.8788747641273,819.4609375,819.4609375,0
2020-08-20,819.4691162109375,819.4773189047278,819.0757870404125,819.4691162109375,0
2020-08-21,821.9193208657802,821.9193208657802,819.1003451053575,819.4691162109375,0
2020-08-24,822.2553552772608,822.2553552772608,819.2642729089818,819.4609375,0
2020-08-25,819.4773189047278,821.9193208657802,819.3052123844102,819.4691162109375,0
2020-08-26,819.4773189047278,819.4773189047278,817.2565395938828,819.4691162109375,0
2020-08-27,821.9193208657802,821.9193208657802,819.4609135171473,819.4691162109375,0
2020-08-28,819.059381652832,819.4773189047278,819.059381652832,819.4691162109375,0
2020-08-31,823.3009186924148,823.3009186924148,820.83837890625,820.83837890625,0
2020-09-01,823.6374938528041,823.6374938528041,818.6302995606354,820.83837890625,0
2020-09-02,823.3009186924148,823.3009186924148,820.4361720905897,820.83837890625,0
2020-09-03,823.3009186924148,823.3009186924148,820.83837890625,820.83837890625,0
2020-09-04,823.3009186924148,823.3009186924148,818.6302995606354,820.83837890625,0
2020-09-07,823.300942026034,823.300942026034,820.8055863415115,820.8466186523438,0
2020-09-08,823.2188774043694,823.2188774043694,820.8055863415115,820.8466186523438,0
2020-09-09,820.8466186523438,820.8548351346105,820.2884489637204,820.8466186523438,0
2020-09-10,823.0628912159323,823.0628912159323,820.83837890625,820.83837890625,0
2020-09-11,820.8466186523438,820.8548351346105,820.838402170077,820.8466186523438,0
2020-09-14,820.8548118703178,820.8548118703178,818.9996905486602,820.83837890625,0
2020-09-15,823.1039468536377,823.1039468536377,820.2720159991868,820.8466186523438,0
2020-09-16,820.8465953882838,820.8548118703178,819.2459345071767,820.83837890625,0
2020-09-17,823.0218589062629,823.0218589062629,819.6563578048708,820.83837890625,0
2020-09-18,822.9807998206392,822.9807998206392,820.0257720336914,820.8466186523438,0
2020-09-21,822.9807998206392,822.9807998206392,820.0339885159582,820.8466186523438,0
2020-09-22,820.0257487928956,820.8876276979532,820.0257487928956,820.83837890625,0
2020-09-23,820.83837890625,820.8548118703178,820.0257487928956,820.83837890625,0
2020-09-24,818.6302995606354,822.9807764960933,818.6302995606354,820.83837890625,0
2020-09-25,819.8615926898606,821.5032859271653,819.4511693805345,820.8466186523438,0
2020-09-28,820.8465953882838,820.8548118703178,819.4511461560237,820.83837890625,0
2020-09-29,820.8465953882838,820.8548118703178,820.7234483587755,820.83837890625,0
2020-09-30,824.6784395009801,824.6784395009801,822.5316225258559,822.5398559570312,0
2020-10-01,824.6784395009801,824.6784395009801,822.5316225258559,822.5398559570312,0
2020-10-05,824.7196066568569,824.7196066568569,821.3471631251239,822.5398559570312,0
2020-10-06,818.4271566772461,822.5480893882067,818.4271566772461,822.5398559570312,0
2020-10-07,824.5466041445517,824.5466041445517,821.7335327508185,822.5313720703125,0
2020-10-08,824.5466041445517,824.5466041445517,821.8815838553484,822.5313720703125,0
2020-10-09,824.6784395009801,824.6784395009801,821.8900675442108,822.5398559570312,0
2020-10-12,824.5466041445517,824.5466041445517,821.1412781288659,822.5313720703125,0
2020-10-13,824.5466041445517,824.5466041445517,822.5313720703125,822.5313720703125,0
2020-10-14,824.5468552137204,824.5468552137204,821.7255495322496,822.5398559570312,0
2020-10-15,824.1684688065947,824.1684688065947,822.5316225258559,822.5398559570312,0
2020-10-16,824.5468552137204,824.5468552137204,822.5316225258559,822.5398559570312,0
2020-10-19,824.7196066568569,824.7196066568569,821.7995500051305,822.5398559570312,0
2020-10-20,824.5466041445517,824.5466041445517,822.4984885594725,822.5313720703125,0
2020-10-21,824.1518011991388,824.1518011991388,822.5313720703125,822.5313720703125,0
2020-10-22,822.5478389276492,822.5478389276492,822.5313720703125,822.5313720703125,0
2020-10-23,824.5466041445517,824.5466041445517,821.7992997724984,822.5313720703125,0
2020-10-26,824.1684688065947,824.1684688065947,821.7995500051305,822.5398559570312,0
2020-10-27,821.7995500051305,822.5480893882067,821.7995500051305,822.5398559570312,0
2020-10-28,824.5468552137204,824.5468552137204,821.1415281611346,822.5398559570312,0
2020-10-29,825.6088969641364,825.6583355712891,823.2686855405196,824.0103149414062,0
2020-10-30,825.9879598147049,825.9879598147049,823.474688119255,824.0103149414062,0
2020-11-02,825.6583355712891,825.6583355712891,824.0020667912811,824.0103149414062,0
2020-11-03,825.55121862669,825.55121862669,823.2851902374898,824.0020751953125,0
2020-11-04,826.1527300687807,826.1527300687807,824.0020751953125,824.0020751953125,0
2020-11-05,826.0209105462288,826.0209105462288,823.2686939370714,824.0020751953125,0
2020-11-06,825.9879682389906,825.9879682389906,823.9691328880743,824.0020751953125,0
2020-11-09,825.9879598147049,825.9879598147049,823.2686855405196,824.0103149414062,0
2020-11-10,825.3946546535104,825.3946546535104,824.0020751953125,824.0020751953125,0
2020-11-11,824.0020751953125,824.0185714957311,822.4529317639351,824.0020751953125,0
2020-11-12,825.493531868824,825.493531868824,824.0020751953125,824.0020751953125,0
2020-11-13,825.9385212075523,825.9385212075523,823.293429990895,824.0103149414062,0
2020-11-14,828.0479856020584,828.0479856020584,822.6094873472862,824.0103149414062,0
2020-11-17,826.5317844933829,826.5317844933829,816.6848511711135,824.0103149414062,0
2020-11-18,824.826085518658,824.826085518658,823.2110574728041,824.0020751953125,0
2020-11-19,825.6253932643867,825.6253932643867,822.6919185549393,824.0103149414062,0
2020-11-20,825.9879598147049,825.9879598147049,824.0020667912811,824.0103149414062,0
2020-11-23,825.9879598147049,825.9879598147049,823.2769336906448,824.0103149414062,0
2020-11-24,826.5317929232152,826.5317929232152,823.3099346881177,824.0020751953125,0
2020-11-25,825.9879682389906,825.9879682389906,822.6094957371147,824.0020751953125,0
2020-11-26,824.7766384990699,824.7766384990699,824.0020667912811,824.0103149414062,0
2020-11-27,827.5504165910407,827.5504165910407,824.1655533316768,825.5690307617188,0
2020-12-01,832.1571412238579,832.1571412238579,825.4865790480533,825.5608520507812,0
2020-12-02,827.5505018375636,827.5505018375636,825.1563312462356,825.5608520507812,0
2020-12-03,827.5505018375636,827.5505018375636,825.5608520507812,825.5608520507812,0
2020-12-04,827.5421528385356,827.5421528385356,825.5607670092136,825.5690307617188,0
2020-12-07,827.7568088487312,827.7568088487312,825.1562462463379,825.5690307617188,0
2020-12-08,825.5690307617188,825.5772945142239,824.8673172410652,825.5690307617188,0
2020-12-09,826.3286252818303,826.3286252818303,825.5608520507812,825.5608520507812,0
2020-12-10,827.5504165910407,827.5504165910407,825.5607670092136,825.5690307617188,0
2020-12-11,826.336803913679,827.5504165910407,824.8507897360548,825.5690307617188,0
2020-12-14,825.5690307617188,825.5772945142239,824.8507897360548,825.5690307617188,0
2020-12-15,827.5421528385356,827.5421528385356,825.5607670092136,825.5690307617188,0
2020-12-16,827.5421528385356,827.5421528385356,824.8507897360548,825.5690307617188,0
2020-12-17,827.5421528385356,827.5421528385356,825.5607670092136,825.5690307617188,0
2020-12-18,827.4678294547238,827.4678294547238,825.2387829939202,825.5690307617188,0
2020-12-21,826.336803913679,826.336803913679,824.8507897360548,825.5690307617188,0
2020-12-22,824.826083444418,826.8074694778439,824.1656382295226,825.5608520507812,0
2020-12-23,827.4679146927392,827.4679146927392,825.5608520507812,825.5608520507812,0
2020-12-24,826.336803913679,826.336803913679,824.8507897360548,825.5690307617188,0
2020-12-28,825.5691158041377,827.5505018375636,824.1656382295226,825.5608520507812,0
2020-12-29,827.5504165910407,827.5504165910407,824.8507897360548,825.5690307617188,0
2020-12-30,827.4678294547238,827.4678294547238,824.8507897360548,825.5690307617188,0
2020-12-31,829.0986594524682,829.0986594524682,825.5585538043678,827.121826171875,0
2021-01-01,829.0241962753684,829.0241962753684,827.1135468762517,827.121826171875,0
2021-01-04,828.7345188375097,828.7345188375097,826.3854712194872,827.1133422851562,0
2021-01-05,827.8908386287801,827.8908386287801,827.1133422851562,827.1133422851562,0
2021-01-06,829.0239912116632,829.0239912116632,826.4185883937886,827.1133422851562,0
2021-01-07,828.6931728531301,828.6931728531301,827.0967836980054,827.1133422851562,0
2021-01-08,828.6933778350055,828.6933778350055,826.5593893880994,827.121826171875,0
2021-01-11,828.6933778350055,828.6933778350055,826.4601388076395,827.121826171875,0
2021-01-12,827.8908386287801,827.8908386287801,827.1133422851562,827.1133422851562,0
2021-01-13,827.8910434121937,827.8910434121937,827.1135468762517,827.121826171875,0
2021-01-14,828.6933778350055,828.6933778350055,827.1135468762517,827.121826171875,0
2021-01-15,828.6933778350055,828.6933778350055,826.7082652587891,827.121826171875,0
2021-01-18,828.6933778350055,828.6933778350055,825.7157089706809,827.121826171875,0
2021-01-19,828.6933778350055,828.6933778350055,826.5014848022461,827.121826171875,0
2021-01-20,828.6931728531301,828.6931728531301,826.5012803625475,827.1133422851562,0
2021-01-21,828.6931728531301,828.6931728531301,827.1133422851562,827.1133422851562,0
2021-01-22,827.121826171875,827.1301054674983,826.5428307968527,827.121826171875,0
2021-01-25,828.6931728531301,828.6931728531301,827.1133422851562,827.1133422851562,0
2021-01-27,828.5279433730692,828.5279433730692,825.7157089706809,827.121826171875,0
2021-01-28,828.6933778350055,828.6933778350055,827.1135468762517,827.121826171875,0
2021-01-29,830.3065026552055,830.3065026552055,828.1270424729514,828.6822509765625,0
2021-02-01,830.8865961532391,830.8865961532391,828.6822509765625,828.6822509765625,0
2021-02-02,830.2650782437581,830.2650782437581,828.027603653775,828.6822509765625,0
2021-02-03,830.2650782437581,830.2650782437581,828.276200701716,828.6822509765625,0
2021-02-04,828.6905517578125,828.6988467560112,827.2817677039727,828.6905517578125,0
2021-02-05,827.2817677039727,830.2650840378552,827.2817677039727,828.6905517578125,0
2021-02-08,828.6905459747034,829.461222112949,827.969589246046,828.6822509765625,0
2021-02-09,830.8865961532391,830.8865961532391,828.0690280652224,828.6822509765625,0
2021-02-10,828.6905517578125,830.2650840378552,827.9695950241238,828.6905517578125,0
2021-02-11,827.9695950241238,829.3783790779635,827.9695950241238,828.6905517578125,0
2021-02-12,828.0359044304564,829.4612279014364,820.4036462402344,828.6905517578125,0
2021-02-15,827.1243144759685,830.6711343155354,827.1243144759685,828.6905517578125,0
2021-02-16,828.6905459747034,829.461222112949,827.8618554287286,828.6822509765625,0
2021-02-17,830.596529911004,830.596529911004,827.9695950241238,828.6905517578125,0
2021-02-18,830.5965241145938,830.5965241145938,827.281761930695,828.6822509765625,0
2021-02-19,830.596529911004,830.596529911004,828.1104582557306,828.6905517578125,0
2021-02-22,829.4612279014364,829.4612279014364,828.0690338439941,828.6905517578125,0
2021-02-23,828.6905459747034,828.6988409728442,827.281761930695,828.6822509765625,0
2021-02-24,830.5965241145938,830.5965241145938,827.7541216114114,828.6822509765625,0
2021-02-25,828.6822509765625,828.6988409728442,828.6822509765625,828.6822509765625,0
2021-02-26,830.1771240234375,830.1854339018762,829.637488624826,830.1771240234375,0
2021-03-01,832.0865303928967,832.0865303928967,829.5959989935345,830.1688232421875,0
2021-03-02,830.1771331207173,830.185442999247,829.6126187505942,830.1688232421875,0
2021-03-03,830.1771331207173,830.185442999247,830.0110875600949,830.1688232421875,0
2021-03-04,830.1771240234375,830.1854339018762,830.0110784646347,830.1771240234375,0
2021-03-05,832.1612595106512,832.1612595106512,830.1688141449988,830.1771240234375,0
2021-03-08,832.0865212746933,832.0865212746933,830.1688141449988,830.1771240234375,0
2021-03-09,832.0865303928967,832.0865303928967,829.5545002708767,830.1688232421875,0
2021-03-10,832.0865212746933,832.0865212746933,830.1688141449988,830.1771240234375,0
2021-03-12,832.1612595106512,832.1612595106512,828.6080770982354,830.1771240234375,0
2021-03-15,832.0865212746933,832.0865212746933,830.16050426656,830.1771240234375,0
2021-03-16,830.1771240234375,830.9076839461774,829.5794208157361,830.1771240234375,0
2021-03-17,832.0865212746933,832.0865212746933,830.1688141449988,830.1771240234375,0
2021-03-18,830.8661852239743,830.8661852239743,829.5794208157361,830.1771240234375,0
2021-03-19,830.1771240234375,830.8993740677386,829.8118440620675,830.1771240234375,0
2021-03-22,832.0865212746933,832.0865212746933,829.6209195379391,830.1771240234375,0
2021-03-23,830.1771331207173,832.7174731212671,830.1023948839404,830.1688232421875,0
2021-03-24,832.0865212746933,832.0865212746933,830.0941265790314,830.1771240234375,0
2021-03-25,830.1771240234375,830.1854339018762,829.5959899026229,830.1771240234375,0
2021-03-26,832.0865212746933,832.0865212746933,830.1688141449988,830.1771240234375,0
2021-03-30,832.0865303928967,832.0865303928967,829.5959989935345,830.1688232421875,0
2021-03-31,833.4479400884956,833.4479400884956,831.4096513561905,831.950439453125,0
2021-04-01,833.8637586894552,833.8637586894552,830.5359575566802,831.9419555664062,0
2021-04-05,833.8639153082221,833.8639153082221,831.417978985101,831.950439453125,0
2021-04-06,831.950439453125,831.9587670820355,831.417978985101,831.950439453125,0
2021-04-07,832.6742322731911,832.7241472684294,831.417978985101,831.950439453125,0
2021-04-08,833.8639153082221,833.8639153082221,831.9421118242144,831.950439453125,0
2021-04-09,833.8637586894552,833.8637586894552,831.4094951983905,831.9419555664062,0
2021-04-12,832.6742322731911,832.6742322731911,831.9337841953039,831.950439453125,0
2021-04-13,833.8639153082221,833.8639153082221,831.417978985101,831.950439453125,0
2021-04-15,833.8639153082221,833.8639153082221,830.5361135504096,831.950439453125,0
2021-04-16,833.8637586894552,833.8637586894552,831.4261504530833,831.9419555664062,0
2021-04-19,833.8639153082221,833.8639153082221,831.4512895007431,831.950439453125,0
2021-04-20,833.8639153082221,833.8639153082221,831.9421118242144,831.950439453125,0
2021-04-22,833.8639153082221,833.8639153082221,831.9421118242144,831.950439453125,0
2021-04-23,831.950439453125,831.9587670820355,831.9421118242144,831.950439453125,0
2021-04-26,833.8637586894552,833.8637586894552,831.3429757360502,831.9419555664062,0
2021-04-27,833.8637586894552,833.8637586894552,831.4511333351226,831.9419555664062,0
2021-04-28,833.8554310621088,833.8554310621088,831.4511333351226,831.9419555664062,0
2021-04-29,833.8639153082221,833.8639153082221,830.5361135504096,831.950439453125,0
2021-04-30,836.12642315045,836.12642315045,833.1588957519531,833.57568359375,0
2021-05-03,833.57568359375,833.5840274909734,832.7421079101563,833.57568359375,0
2021-05-04,833.57568359375,834.3008903682828,833.5673396965266,833.57568359375,0
2021-05-05,833.57568359375,833.5840274909734,833.5673396965266,833.57568359375,0
2021-05-06,833.5676879882812,834.301238966539,832.7424558571021,833.5676879882812,0
2021-05-07,833.57568359375,833.5840274909734,833.5673396965266,833.57568359375,0
2021-05-10,833.57568359375,833.5840274909734,833.083851554364,833.57568359375,0
2021-05-11,834.301238966539,834.301238966539,833.0759066208351,833.5676879882812,0
2021-05-12,835.2428349609376,835.2428349609376,833.083851554364,833.57568359375,0
2021-05-14,834.3008903682828,834.3008903682828,829.6828993970454,833.57568359375,0
2021-05-17,834.3008903682828,834.3008903682828,833.0172021314204,833.57568359375,0
2021-05-18,834.301238966539,834.301238966539,833.5676879882812,833.5676879882812,0
2021-05-19,834.301238966539,834.301238966539,833.5676879882812,833.5676879882812,0
2021-05-20,834.3008903682828,834.3008903682828,833.0172021314204,833.57568359375,0
2021-05-21,831.1582937603592,833.5840274909734,831.1582937603592,833.57568359375,0
2021-05-24,834.40960792088,834.40960792088,833.0841996441015,833.5676879882812,0
2021-05-25,835.4928974905312,835.4928974905312,831.1582937603592,833.57568359375,0
2021-05-26,832.7424558571021,833.584375789701,832.7424558571021,833.5676879882812,0
2021-05-27,834.301238966539,834.301238966539,833.1675877737564,833.5676879882812,0
2021-05-28,834.2009443692092,834.2009443692092,833.4840814240009,833.5841064453125,0
2021-05-31,836.9088201574198,836.9088201574198,834.5121685927351,835.0632934570312,0
2021-06-01,837.9106130754724,837.9106130754724,834.7039166648648,835.0713500976562,0
2021-06-02,837.9106130754724,837.9106130754724,832.0651136247888,835.0713500976562,0
2021-06-03,837.9106130754724,837.9106130754724,832.0651136247888,835.0713500976562,0
2021-06-04,836.9920040091388,836.9920040091388,833.6517186087481,835.0713500976562,0
2021-06-07,835.0713500976562,835.0797089661509,834.5703276750818,835.0713500976562,0
2021-06-08,835.0713500976562,835.0797089661509,834.5786355748661,835.0713500976562,0
2021-06-09,837.5351238966662,837.5351238966662,834.4620663323445,835.0632934570312,0
2021-06-10,835.0716523285512,835.0800112000711,834.5455531100858,835.0632934570312,0
2021-06-11,837.0758446816312,837.0758446816312,835.0632934570312,835.0632934570312,0
2021-06-14,835.7981605885788,835.7981605885788,834.6624753739068,835.0632934570312,0
2021-06-15,837.0755417253747,837.0755417253747,834.5786355748661,835.0713500976562,0
2021-06-16,837.9106130754724,837.9106130754724,833.7769996987469,835.0713500976562,0
2021-06-17,835.7978580947444,835.7978580947444,834.4617643220722,835.0713500976562,0
2021-06-18,834.6955577963702,835.0797089661509,834.6955577963702,835.0713500976562,0
2021-06-21,835.0716523285512,835.0800112000711,834.6958598912576,835.0632934570312,0
2021-06-22,835.0713500976562,835.8229347002282,835.0629912291615,835.0713500976562,0
2021-06-23,837.326052936662,837.326052936662,834.5703276750818,835.0713500976562,0
2021-06-24,837.0755417253747,837.0755417253747,834.6955577963702,835.0713500976562,0
2021-06-25,835.0716523285512,835.0800112000711,833.5267901592349,835.0632934570312,0
2021-06-28,837.0758446816312,837.0758446816312,834.5121685927351,835.0632934570312,0
2021-06-29,834.2365806762226,835.7981605885788,834.2365806762226,835.0632934570312,0
2021-06-30,836.8656304430672,837.2589288350028,835.3090882098398,836.848876953125,0
2021-07-01,836.8573608398438,836.8657375858874,836.4473089054674,836.8573608398438,0
2021-07-02,838.8490854448602,838.8490854448602,835.5602421460859,836.8573608398438,0
2021-07-05,839.7025887917549,839.7025887917549,833.8445880158682,836.848876953125,0
2021-07-06,838.8323319527731,838.8323319527731,835.351027805876,836.8573608398438,0
2021-07-07,836.8573608398438,836.8657375858874,835.351027805876,836.8573608398438,0
2021-07-08,839.7026962977872,839.7026962977872,836.8489840938001,836.8573608398438,0
2021-07-09,839.2842676173672,839.2842676173672,835.351027805876,836.8573608398438,0
2021-07-12,836.0205034790039,838.5310755615234,836.0205034790039,836.8573608398438,0
2021-07-13,838.8490854448602,838.8490854448602,836.8489840938001,836.8573608398438,0
2021-07-14,836.8572536980961,837.2589288350028,836.4472018162181,836.848876953125,0
2021-07-15,835.3592976019532,836.8656304430672,835.3592976019532,836.848876953125,0
2021-07-16,839.7026962977872,839.7026962977872,833.8446947719082,836.8573608398438,0
2021-07-19,837.5854226575568,837.5854226575568,836.8489840938001,836.8573608398438,0
2021-07-20,839.7026962977872,839.7026962977872,836.4473089054674,836.8573608398438,0
2021-07-22,839.7025887917549,839.7025887917549,836.020396444398,836.848876953125,0
2021-07-23,833.8446947719082,839.1670953281969,833.8446947719082,836.8573608398438,0
2021-07-26,835.3174138770977,838.8489780481145,835.3174138770977,836.848876953125,0
2021-07-27,839.7026962977872,839.7026962977872,833.8446947719082,836.8573608398438,0
2021-07-28,835.5183025232644,838.8657315380568,835.5183025232644,836.848876953125,0
2021-07-29,838.8322245581724,838.8322245581724,836.4472018162181,836.848876953125,0
2021-07-30,840.9997549597174,840.9997549597174,837.588478221558,838.1500244140625,0
2021-08-02,839.8267193348371,839.8267193348371,836.1472267200376,838.1420288085938,0
2021-08-03,836.1552232634276,840.5639005769044,836.1552232634276,838.1500244140625,0
2021-08-04,840.3711424414068,840.3711424414068,837.5800885362551,838.1500244140625,0
2021-08-05,840.3212505906732,840.3212505906732,838.1420288085938,838.1420288085938,0
2021-08-06,839.8183296455894,839.8183296455894,838.1420288085938,838.1420288085938,0
2021-08-09,839.8179347775877,839.8179347775877,837.588478221558,838.1500244140625,0
2021-08-10,836.8090048376471,838.9881744384766,836.8090048376471,838.1500244140625,0
2021-08-11,840.3631478802698,840.3631478802698,835.8119972466235,838.1420288085938,0
2021-08-12,840.9997549597174,840.9997549597174,836.8509021075442,838.1500244140625,0
2021-08-13,839.8263244628906,839.8263244628906,837.7393390871584,838.1500244140625,0
2021-08-16,840.5639005769044,840.5639005769044,837.588478221558,838.1500244140625,0
2021-08-17,840.6644744873047,840.6644744873047,837.0185423437506,838.1500244140625,0
2021-08-18,840.5642957956466,840.5642957956466,837.5888720413076,838.1420288085938,0
2021-08-20,840.5555108916014,840.5555108916014,837.7393390871584,838.1500244140625,0
2021-08-23,840.245794544086,840.245794544086,837.5888720413076,838.1420288085938,0
2021-08-24,841.0001503833909,841.0001503833909,838.1420288085938,838.1420288085938,0
2021-08-25,838.9047743371463,838.9047743371463,835.7281515107886,838.1420288085938,0
2021-08-26,838.1420288085938,838.9047743371463,838.1420288085938,838.1420288085938,0
2021-08-27,840.8153353529051,840.8153353529051,835.7696558358148,838.1500244140625,0
2021-08-30,840.161999964893,840.161999964893,837.5385850624634,838.1420288085938,0
2021-08-31,842.7034037560522,842.7034037560522,837.5047432022243,839.847900390625,0
2021-09-01,842.7036325031506,842.7036325031506,837.4797504893991,839.8397216796875,0
2021-09-02,840.6040121822441,840.6040121822441,839.4701864527975,839.8397216796875,0
2021-09-03,839.848128362613,840.6040121822441,839.8397216796875,839.8397216796875,0
2021-09-06,841.5275961914062,841.5275961914062,839.4363831210732,839.847900390625,0
2021-09-07,842.485035100311,842.485035100311,839.805918247655,839.847900390625,0
2021-09-08,840.5197684588879,840.5197684588879,839.8394937099814,839.847900390625,0
2021-09-09,839.847900390625,839.8563070712685,839.2852166502327,839.847900390625,0
2021-09-13,838.5041642540991,839.8563070712685,838.5041642540991,839.847900390625,0
2021-09-14,842.7036325031506,842.7036325031506,838.1684321058877,839.8397216796875,0
2021-09-15,839.848128362613,839.8565350455385,839.6381663305224,839.8397216796875,0
2021-09-16,839.2852166502327,839.8563070712685,839.2852166502327,839.847900390625,0
2021-09-17,837.8322449255883,842.1910575790256,837.8322449255883,839.847900390625,0
2021-09-20,842.5186105626374,842.5186105626374,837.4627097990066,839.847900390625,0
2021-09-21,841.5278246193383,841.5278246193383,839.4366109813573,839.8397216796875,0
2021-09-22,841.863784374788,841.863784374788,838.5043918613376,839.8397216796875,0
2021-09-23,842.5188392595747,842.5188392595747,839.2770377865578,839.8397216796875,0
2021-09-24,842.1910737948987,842.1910737948987,839.2600127677393,839.8563232421875,0
2021-09-27,842.1912861870505,842.1912861870505,837.462937123548,839.8397216796875,0
2021-09-28,841.7795403094739,841.7795403094739,839.8394937099814,839.847900390625,0
2021-09-29,839.8479129134005,839.8563195941693,838.9241007132952,839.8226928710938,0
2021-09-30,843.2015371870771,843.2015371870771,841.1574180982858,841.1826782226562,0
2021-10-01,844.0427198652998,844.0427198652998,840.8461846146807,841.1826782226562,0
2021-10-04,843.1173881142252,843.1173881142252,839.7526574013344,841.1826782226562,0
2021-10-05,843.1175076499255,843.1175076499255,839.7527764599893,841.1743774414062,0
2021-10-06,841.9145030453726,841.9145030453726,841.1742581811994,841.1826782226562,0
2021-10-07,843.1175076499255,843.1175076499255,839.7527764599893,841.1743774414062,0
2021-10-08,842.6715879924595,842.6715879924595,841.1742581811994,841.1826782226562,0
2021-10-11,843.1173881142252,843.1173881142252,840.3246554615199,841.1826782226562,0
2021-10-12,842.6463278680891,842.6463278680891,840.5097423484214,841.1826782226562,0
2021-10-13,843.6222481334501,843.6222481334501,840.6107993427745,841.1743774414062,0
2021-10-14,843.0417104245462,843.0417104245462,841.1742581811994,841.1826782226562,0
2021-10-18,841.1827974840569,842.023980281541,839.7527764599893,841.1743774414062,0
2021-10-19,841.1827974840569,841.5949688401483,840.568750471245,841.1743774414062,0
2021-10-20,842.7053362938341,842.865163079025,840.5519103859439,841.1743774414062,0
2021-10-21,848.6693449183543,848.6693449183543,838.7938157488438,841.1743774414062,0
2021-10-22,843.0332903830894,843.0332903830894,840.7705069250018,841.1826782226562,0
2021-10-25,842.0238609008788,843.6221285261885,840.7705069250018,841.1826782226562,0
2021-10-26,843.0334099068665,843.0334099068665,841.1743774414062,841.1743774414062,0
2021-10-27,841.1826782226562,842.7556857235953,840.7705069250018,841.1826782226562,0
2021-10-28,843.8576329783983,843.8576329783983,838.7936968261488,841.1826782226562,0
2021-10-29,844.8812189944648,844.8812189944648,841.5933948666193,843.0265502929688,0
2021-11-01,843.7601782023779,843.7601782023779,842.4787610784603,843.018310546875,0
2021-11-02,844.881418185806,844.881418185806,841.5935932828147,843.018310546875,0
2021-11-03,843.0184013181481,844.54427784005,841.5936839006827,843.0352783203125,0
2021-11-04,848.6750385565176,848.6750385565176,840.7927075803661,843.018310546875,0
2021-11-08,844.881418185806,844.881418185806,840.7927075803661,843.018310546875,0
2021-11-09,844.881418185806,844.881418185806,842.1837222980015,843.018310546875,0
2021-11-10,843.8695768432618,843.8695768432618,841.5933948666193,843.0265502929688,0
2021-11-11,845.4713478705213,845.4713478705213,835.5320319118425,843.0265502929688,0
2021-11-12,844.9657002790029,844.9657002790029,842.6136741726986,843.018310546875,0
2021-11-15,843.8697757960956,843.8697757960956,840.6325304398764,843.018310546875,0
2021-11-16,843.0181117947848,845.4713478705213,841.5343768335879,843.0265502929688,0
2021-11-17,843.8698666590495,843.8698666590495,841.5936839006827,843.0352783203125,0
2021-11-18,844.9655010677911,844.9655010677911,841.5933948666193,843.0265502929688,0
2021-11-22,845.7073685483896,845.7073685483896,834.5962847900391,843.0265502929688,0
2021-11-23,844.9657002790029,844.9657002790029,841.5935932828147,843.018310546875,0
2021-11-24,844.7126033935548,844.7126033935548,842.4617369114645,843.0265502929688,0
2021-11-25,845.4713478705213,845.4713478705213,840.6323322502636,843.0265502929688,0
2021-11-26,844.9655010677911,844.9655010677911,842.4532984132804,843.0265502929688,0
2021-11-29,843.448262421572,843.448262421572,842.4871995786337,843.018310546875,0
2021-11-30,846.747883843608,846.747883843608,843.3686644715391,844.79638671875,0
2021-12-01,852.323626745199,852.323626745199,844.2641555426255,844.79638671875,0
2021-12-02,846.747883843608,846.747883843608,844.5091819472897,844.79638671875,0
2021-12-03,846.747883843608,846.747883843608,844.2303819115112,844.79638671875,0
2021-12-06,846.74760561762,846.74760561762,843.3683873559013,844.8045654296875,0
2021-12-07,846.747883843608,846.747883843608,844.79638671875,844.79638671875,0
2021-12-08,847.4913162304867,847.4913162304867,842.4055745754284,844.79638671875,0
2021-12-09,846.747883843608,846.747883843608,844.3908968941963,844.79638671875,0
2021-12-10,846.74760561762,846.74760561762,843.3683873559013,844.8045654296875,0
2021-12-13,846.747883843608,846.747883843608,843.2588357169232,844.79638671875,0
2021-12-14,842.5235827904717,846.4434883491323,842.5235827904717,844.8045654296875,0
2021-12-15,846.74760561762,846.74760561762,843.1149562988281,844.8045654296875,0
2021-12-16,846.747883843608,846.747883843608,844.255699244148,844.79638671875,0
2021-12-17,847.5924101830498,847.5924101830498,844.7961091339886,844.8045654296875,0
2021-12-20,846.74760561762,846.74760561762,844.3906194426716,844.8045654296875,0
2021-12-21,846.747883843608,846.747883843608,844.255699244148,844.79638671875,0
2021-12-22,846.4944527032619,846.4944527032619,842.5238596285218,844.79638671875,0
2021-12-23,846.4437664751927,846.4437664751927,844.255699244148,844.79638671875,0
2021-12-24,846.74760561762,846.74760561762,844.2301045127288,844.8045654296875,0
2021-12-27,846.747883843608,846.747883843608,843.3686644715391,844.79638671875,0
2021-12-28,846.747883843608,846.747883843608,844.720383158044,844.79638671875,0
2021-12-29,846.5786343919784,846.5786343919784,844.720105598256,844.8045654296875,0
2021-12-30,846.74760561762,846.74760561762,844.720105598256,844.8045654296875,0
2021-12-31,848.46406881693,848.46406881693,845.9414644227326,846.51708984375,0
2022-01-03,848.464425400633,848.464425400633,845.5439298798163,846.5089721679688,0
2022-01-04,846.5428659328808,848.2104805004151,845.0783556181962,846.5089721679688,0
2022-01-05,847.7872217776105,847.7872217776105,845.0783556181962,846.5089721679688,0
2022-01-06,847.3639630548059,848.1681649615996,845.9248730638054,846.5089721679688,0
2022-01-07,848.46406881693,848.46406881693,846.102304736495,846.51708984375,0
2022-01-10,846.5174456091968,846.9322308907733,845.9671886026209,846.5089721679688,0
2022-01-11,847.3636069335937,847.3636069335937,845.8398865053356,846.51708984375,0
2022-01-12,848.46406881693,848.46406881693,845.9668330684303,846.51708984375,0
2022-01-13,848.464425400633,848.464425400633,846.5089721679688,846.5089721679688,0
2022-01-14,849.0146824072087,849.0146824072087,846.5089721679688,846.5089721679688,0
2022-01-17,846.5174456091968,847.2031226734472,845.0783556181962,846.5089721679688,0
2022-01-18,848.2101240234375,848.2101240234375,845.9668330684303,846.51708984375,0
2022-01-19,848.464425400633,848.464425400633,846.5089721679688,846.5089721679688,0
2022-01-20,848.464425400633,848.464425400633,845.9671886026209,846.5089721679688,0
2022-01-21,848.2101240234375,848.2101240234375,845.9668330684303,846.51708984375,0
2022-01-24,848.2101240234375,848.2101240234375,845.9245175473988,846.51708984375,0
2022-01-25,848.464425400633,848.464425400633,845.0783556181962,846.5089721679688,0
2022-01-27,846.51708984375,846.5255632814169,845.9668330684303,846.51708984375,0
2022-01-28,846.51708984375,848.4555953792632,845.9668330684303,846.51708984375,0
2022-01-31,850.4926496027707,850.4926496027707,847.9894432485103,848.541015625,0
2022-02-01,850.4925982592541,850.4925982592541,848.532470703125,848.532470703125,0
2022-02-02,848.5409643993019,848.5494580954787,847.9724564545868,848.532470703125,0
2022-02-03,848.541015625,848.5495093216896,848.5325219283103,848.541015625,0
2022-02-04,856.0930513803959,856.0930513803959,848.1252388138771,848.541015625,0
2022-02-07,850.4502329101562,850.4502329101562,847.0560688476562,848.541015625,0
2022-02-08,851.5956911548071,851.5956911548071,847.9893920561101,848.532470703125,0
2022-02-09,851.2223310588382,851.2223310588382,847.1408510917108,848.532470703125,0
2022-02-10,856.0929996987877,856.0929996987877,848.5239770069481,848.532470703125,0
2022-02-11,850.4502329101562,850.4502329101562,847.9894432485103,848.541015625,0
2022-02-14,851.2563572331667,851.2563572331667,847.1409022328853,848.541015625,0
2022-02-15,850.4501815692003,850.4501815692003,848.532470703125,848.532470703125,0
2022-02-16,846.5044964711666,850.4502329101562,846.5044964711666,848.541015625,0
2022-02-17,851.2563572331667,851.2563572331667,847.9470265558957,848.541015625,0
2022-02-18,850.2380976562499,850.2380976562499,847.9470265558957,848.541015625,0
2022-02-21,851.2393698397874,851.2393698397874,848.159161809802,848.541015625,0
2022-02-22,848.541015625,848.5495093216896,848.1252388138771,848.541015625,0
2022-02-23,850.2380976562499,850.2380976562499,847.9894432485103,848.541015625,0
2022-02-24,847.7009171310793,850.4501815692003,847.7009171310793,848.532470703125,0
2022-02-25,848.541015625,848.5495093216896,847.9894432485103,848.541015625,0
2022-02-28,848.6015014648438,848.6099957669824,848.18569501625,848.6015014648438,0
2022-03-02,851.3169858462079,851.3169858462079,846.3102165684159,848.5929565429688,0
2022-03-03,850.510804109001,851.2830086396799,848.0498391837428,848.5929565429688,0
2022-03-04,850.5108548431396,850.5108548431396,848.2196204302795,848.6015014648438,0
2022-03-07,850.8077938989878,850.8077938989878,847.1163983056226,848.5929565429688,0
2022-03-08,849.4500522954453,849.4500522954453,847.9649997564673,848.5929565429688,0
2022-03-09,848.5929565429688,849.4500522954453,848.5929565429688,848.5929565429688,0
2022-03-10,856.1540244749265,856.1540244749265,846.3526362820536,848.5929565429688,0
2022-03-11,851.2830594198815,851.2830594198815,846.1914504110924,848.6015014648438,0
2022-03-14,849.4501029663086,849.4501029663086,846.3526867681518,848.6015014648438,0
2022-03-15,850.8078446508422,850.8078446508422,846.3102670519836,848.6015014648438,0
2022-03-16,850.2138143190143,850.2138143190143,848.0498391837428,848.5929565429688,0
2022-03-17,847.7528999633788,850.2987044677734,846.1914504110924,848.6015014648438,0
2022-03-21,850.8077938989878,850.8077938989878,848.0498391837428,848.5929565429688,0
2022-03-22,851.2830086396799,851.2830086396799,848.0498391837428,848.5929565429688,0
2022-03-23,850.8078446508422,850.8078446508422,846.3102670519836,848.6015014648438,0
2022-03-24,846.1914504110924,851.2830594198815,846.1914504110924,848.6015014648438,0
2022-03-25,851.2830594198815,851.2830594198815,846.1914504110924,848.6015014648438,0
2022-03-28,850.2647790537438,850.2647790537438,848.0498897710814,848.6015014648438,0
2022-03-29,850.2562847516052,850.2562847516052,848.593007162705,848.6015014648438,0
2022-03-30,850.2392961473278,850.2392961473278,848.593007162705,848.6015014648438,0
2022-03-31,853.257785704907,853.257785704907,850.1532363269775,850.5700073242188,0
2022-04-01,858.1401011552736,858.1401011552736,850.0171160535887,850.5700073242188,0
2022-04-04,851.4206685784696,851.4206685784696,848.8689582830297,850.5615844726562,0
2022-04-05,853.2578771487277,853.2578771487277,850.5615844726562,850.5615844726562,0
2022-04-06,850.5785213306397,850.5785213306397,850.2553005746827,850.5700073242188,0
2022-04-07,853.2578771487277,853.2578771487277,850.5615844726562,850.5615844726562,0
2022-04-08,850.0171160535887,853.257785704907,850.0171160535887,850.5700073242188,0
2022-04-11,853.257785704907,853.257785704907,850.0171160535887,850.5700073242188,0
2022-04-12,850.1532363269775,850.5785213306397,850.1532363269775,850.5700073242188,0
2022-04-13,852.7814685773924,852.7814685773924,850.1702643398195,850.5700073242188,0
2022-04-18,850.5700984799896,850.9868695218962,850.5615844726562,850.5615844726562,0
2022-04-19,850.5614933177977,850.5785213306397,850.2382725618406,850.5700073242188,0
2022-04-20,850.5700073242188,850.5785213306397,850.5614933177977,850.5700073242188,0
2022-04-21,853.2578771487277,853.2578771487277,850.0172071501062,850.5615844726562,0
2022-04-22,852.2711473388672,852.2711473388672,850.5614933177977,850.5700073242188,0
2022-04-25,852.2711473388672,852.2711473388672,850.3233607113771,850.5700073242188,0
2022-04-26,852.2712386769497,852.2712386769497,850.0172071501062,850.5615844726562,0
2022-04-27,852.2712386769497,852.2712386769497,850.5615844726562,850.5615844726562,0
2022-04-28,850.0171160535887,850.5785213306397,850.0171160535887,850.5700073242188,0
2022-04-29,853.4102337411232,853.4102337411232,852.4043826760948,852.4214477539062,0
2022-05-02,852.4212522635114,852.4297848004603,851.8671576384744,852.4127197265625,0
2022-05-04,854.126290649414,854.126290649414,851.8673530017958,852.4214477539062,0
2022-05-05,855.1148805284918,855.1148805284918,852.0461848314088,852.4127197265625,0
2022-05-06,855.1150766366311,855.1150766366311,851.8673530017958,852.4214477539062,0
2022-05-09,853.2738692016602,853.2738692016602,852.4129152150006,852.4214477539062,0
2022-05-10,855.1150766366311,855.1150766366311,851.8673530017958,852.4214477539062,0
2022-05-11,851.8671576384744,854.1260947680385,851.8671576384744,852.4127197265625,0
2022-05-12,852.429980292812,855.1150766366311,852.4129152150006,852.4214477539062,0
2022-05-13,852.4214477539062,855.1150766366311,850.8529693978616,852.4214477539062,0
2022-05-16,854.126290649414,854.126290649414,851.8673530017958,852.4214477539062,0
2022-05-17,855.1148805284918,855.1148805284918,852.0973280254382,852.4127197265625,0
2022-05-18,854.126290649414,854.6377227069959,851.9440938242711,852.4214477539062,0
2022-05-19,854.126290649414,854.126290649414,852.0208346467465,852.4214477539062,0
2022-05-20,852.0206392482264,852.4297848004603,852.0206392482264,852.4127197265625,0
2022-05-23,855.1148805284918,855.1148805284918,851.9524309802994,852.4127197265625,0
2022-05-24,852.4214477539062,852.429980292812,851.9526263631768,852.4214477539062,0
2022-05-25,854.6377227069959,854.6377227069959,850.1198994394355,852.4214477539062,0
2022-05-26,852.7622415754826,852.7622415754826,852.0035741743286,852.4127197265625,0
2022-05-27,852.4214477539062,852.429980292812,852.4129152150006,852.4214477539062,0
2022-05-30,854.6375267083308,854.6375267083308,852.0206392482264,852.4127197265625,0
2022-05-31,857.4903680198271,857.4903680198271,854.7807006835938,854.7807006835938,0
2022-06-01,854.7894287109375,856.4135494943708,854.2337947133929,854.7894287109375,0
2022-06-02,856.8835010376166,856.8835010376166,854.7807006835938,854.7807006835938,0
2022-06-03,854.7892569237143,854.7978131638349,854.7807006835938,854.7807006835938,0
2022-06-06,856.4646626492753,856.4646626492753,854.5328305810764,854.7807006835938,0
2022-06-07,854.2337947133929,857.4905403498933,854.2337947133929,854.7894287109375,0
2022-06-08,857.4905403498933,857.4905403498933,854.7637599854172,854.7894287109375,0
2022-06-09,855.55876006566,855.55876006566,853.2165932063386,854.7894287109375,0
2022-06-10,855.1995390719351,855.1995390719351,854.5755596094834,854.7807006835938,0
2022-06-13,857.4905403498933,857.4905403498933,854.4560483124108,854.7894287109375,0
2022-06-14,854.7978131638349,854.7978131638349,854.3447498150114,854.7807006835938,0
2022-06-15,853.9344676667906,854.7978131638349,853.9344676667906,854.7807006835938,0
2022-06-16,856.4990075683594,856.4990075683594,853.0798498535157,854.7894287109375,0
2022-06-17,854.7892569237143,854.7978131638349,854.7807006835938,854.7807006835938,0
2022-06-20,854.7978131638349,856.4988354375618,854.4045913236595,854.7807006835938,0
2022-06-21,854.7892569237143,854.7978131638349,854.7635882033526,854.7807006835938,0
2022-06-22,854.6184603907541,854.7979849527777,854.6184603907541,854.7894287109375,0
2022-06-23,854.7979849527777,857.4905403498933,853.2165932063386,854.7894287109375,0
2022-06-24,854.7978131638349,854.7978131638349,854.7807006835938,854.7807006835938,0
2022-06-27,854.7892569237143,854.7978131638349,853.2164217352085,854.7807006835938,0
2022-06-28,857.0118603567034,857.0118603567034,854.7466996739432,854.7894287109375,0
2022-06-29,852.4814868189768,857.0118603567034,852.4814868189768,854.7894287109375,0
2022-06-30,858.8227375488282,858.8227375488282,857.0999410524071,857.1085205078125,0
2022-07-01,858.8227375488282,858.8227375488282,857.0999410524071,857.1085205078125,0
2022-07-04,858.822772151772,858.822772151772,857.0999755859375,857.0999755859375,0
2022-07-05,857.1170999632179,859.8169604145661,856.5513790439815,857.1085205078125,0
2022-07-06,858.822772151772,858.822772151772,856.5514135554098,857.0999755859375,0
2022-07-07,857.1171344974399,858.822772151772,857.0999755859375,857.0999755859375,0
2022-07-08,859.8169604145661,859.8169604145661,855.531417812027,857.1085205078125,0
2022-07-11,858.822772151772,858.822772151772,856.6371557991666,857.0999755859375,0
2022-07-12,857.1171344974399,857.1171344974399,856.5514135554098,857.0999755859375,0
2022-07-13,859.8169950575684,859.8169950575684,856.5514135554098,857.0999755859375,0
2022-07-14,857.1170999632179,858.8055786380172,857.0999410524071,857.1085205078125,0
2022-07-15,857.1085550416886,857.1171344974399,856.5514135554098,857.0999755859375,0
2022-07-18,859.3370163592953,859.3370163592953,856.688580219919,857.0999755859375,0
2022-07-19,857.1085550416886,858.822772151772,856.7914290614236,857.0999755859375,0
2022-07-20,857.1170999632179,857.1170999632179,857.0999410524071,857.1085205078125,0
2022-07-21,856.5513790439815,859.8169604145661,856.5513790439815,857.1085205078125,0
2022-07-22,858.5227704921514,858.5227704921514,856.8942433776856,857.1085205078125,0
2022-07-25,857.1085550416886,857.1171344974399,856.5514135554098,857.0999755859375,0
2022-07-26,857.9656635967303,857.9656635967303,856.688580219919,857.0999755859375,0
2022-07-27,857.9656635967303,857.9656635967303,857.0999755859375,857.0999755859375,0
2022-07-28,857.1085550416886,857.1171344974399,856.5514135554098,857.0999755859375,0
2022-07-29,859.9845581054688,859.9931663493364,851.384712524414,859.9845581054688,0
2022-08-01,858.694400719099,859.9929855270843,858.694400719099,859.9757690429688,0
2022-08-02,859.9929855270843,859.9929855270843,859.9757690429688,859.9757690429688,0
2022-08-03,862.7020862137936,862.7020862137936,859.975949861601,859.9845581054688,0
2022-08-04,859.9845581054688,859.9931663493364,859.975949861601,859.9845581054688,0
2022-08-05,861.7043460395965,861.7043460395965,859.9757690429688,859.9757690429688,0
2022-08-08,859.975949861601,859.9931663493364,859.975949861601,859.9845581054688,0
2022-08-10,859.9931663493364,859.9931663493364,859.975949861601,859.9845581054688,0
2022-08-11,859.9931663493364,859.9931663493364,859.975949861601,859.9845581054688,0
2022-08-12,859.9845581054688,859.9931663493364,859.975949861601,859.9845581054688,0
2022-08-16,862.7020862137936,862.7020862137936,859.975949861601,859.9845581054688,0
2022-08-17,862.7020862137936,862.7020862137936,859.975949861601,859.9845581054688,0
2022-08-18,859.9845581054688,859.9931663493364,859.975949861601,859.9845581054688,0
2022-08-19,859.9932250976562,860.1996130074137,859.9760086087447,859.9932250976562,0
2022-08-22,859.975949861601,859.9931663493364,859.975949861601,859.9845581054688,0
2022-08-23,859.9843772850265,859.9929855270843,859.9757690429688,859.9757690429688,0
2022-08-24,859.9843772850265,859.9929855270843,859.9757690429688,859.9757690429688,0
2022-08-25,859.9931663493364,859.9931663493364,859.975949861601,859.9845581054688,0
2022-08-26,862.4011126141734,862.4011126141734,859.975949861601,859.9845581054688,0
2022-08-29,859.9931663493364,859.9931663493364,859.975949861601,859.9845581054688,0
2022-08-30,863.236763844262,863.236763844262,862.8051497826955,863.219482421875,0
2022-09-01,863.2278442382812,864.0479212277569,861.5013885498047,863.2278442382812,0
2022-09-02,863.236484946683,863.236484946683,863.2192035298795,863.2278442382812,0
2022-09-05,863.236763844262,863.236763844262,862.6670037781266,863.219482421875,0
2022-09-06,863.236763844262,863.236763844262,863.219482421875,863.219482421875,0
2022-09-07,864.9542999267578,864.9542999267578,862.6667250646278,863.2278442382812,0
2022-09-08,863.236763844262,863.236763844262,863.219482421875,863.219482421875,0
2022-09-09,863.236484946683,863.236484946683,863.2192035298795,863.2278442382812,0
2022-09-12,863.2281231330685,863.236763844262,863.219482421875,863.219482421875,0
2022-09-13,864.0479212277569,864.0479212277569,862.8048710245639,863.2278442382812,0
2022-09-14,863.2278442382812,863.236484946683,861.5013885498047,863.2278442382812,0
2022-09-15,863.2278442382812,863.236484946683,863.2192035298795,863.2278442382812,0
2022-09-16,863.2192035298795,864.9542999267578,863.2192035298795,863.2278442382812,0
2022-09-19,863.236484946683,863.236484946683,863.2192035298795,863.2278442382812,0
2022-09-20,863.2281231330685,863.6510964834416,863.219482421875,863.219482421875,0
2022-09-21,863.2192035298795,863.236484946683,863.2192035298795,863.2278442382812,0
2022-09-22,863.2281231330685,863.236763844262,863.219482421875,863.219482421875,0
2022-09-23,863.5645157424733,863.5645157424733,862.8911727340892,863.2278442382812,0
2022-09-26,863.2278442382812,863.236484946683,863.2192035298795,863.2278442382812,0
2022-09-27,863.236763844262,863.236763844262,863.219482421875,863.219482421875,0
2022-09-28,863.236484946683,863.236484946683,863.2192035298795,863.2278442382812,0
2022-09-29,863.2278442382812,863.236484946683,863.2192035298795,863.2278442382812,0
2022-09-30,866.1596085896864,866.3675200219825,866.1596085896864,866.3328857421875,0
2022-10-03,866.3328857421875,866.341557531327,866.324213953048,866.3328857421875,0
2022-10-04,866.341557531327,866.341557531327,866.324213953048,866.3328857421875,0
2022-10-06,866.3416137695312,866.5495252153238,866.3242701901264,866.3416137695312,0
2022-10-07,866.3328857421875,866.341557531327,866.324213953048,866.3328857421875,0
2022-10-10,866.3330736464892,866.3417454375095,859.1858257889056,866.3244018554688,0
2022-10-11,866.341557531327,866.341557531327,866.324213953048,866.3328857421875,0
2022-10-12,866.3330736464892,866.3417454375095,866.3244018554688,866.3244018554688,0
2022-10-13,866.3417454375095,866.3417454375095,866.3244018554688,866.3244018554688,0
2022-10-14,866.3417454375095,866.3417454375095,866.3244018554688,866.3244018554688,0
2022-10-17,867.1561006418082,867.1561006418082,866.3244018554688,866.3244018554688,0
2022-10-18,866.3417454375095,866.3417454375095,866.1164903780775,866.3244018554688,0
2022-10-19,866.3417454375095,866.3417454375095,866.3244018554688,866.3244018554688,0
2022-10-20,866.3328857421875,866.549468963623,864.600219970703,866.3328857421875,0
2022-10-21,866.3417454375095,868.0657397937821,866.3244018554688,866.3244018554688,0
2022-10-24,866.3330736464892,868.0657397937821,864.6004074991962,866.3244018554688,0
2022-10-25,868.0657397937821,868.0657397937821,866.3244018554688,866.3244018554688,0
2022-10-27,866.3244018554688,866.3417454375095,866.1164903780775,866.3244018554688,0
2022-10-28,866.341557531327,866.341557531327,866.324213953048,866.3328857421875,0
2022-10-31,872.0154964930069,872.0154964930069,870.2662353515625,870.2662353515625,0
2022-11-01,870.283657848052,870.283657848052,870.2662353515625,870.2662353515625,0
2022-11-02,870.283369448483,870.283369448483,870.265946957767,870.274658203125,0
2022-11-03,870.274658203125,870.283369448483,869.4043835449219,870.274658203125,0
2022-11-04,870.283369448483,870.283369448483,870.265946957767,870.274658203125,0
2022-11-07,870.274658203125,870.283369448483,870.0570895385742,870.274658203125,0
2022-11-09,870.274658203125,870.283369448483,870.265946957767,870.274658203125,0
2022-11-10,870.283369448483,870.283369448483,852.8691650390625,870.274658203125,0
2022-11-11,870.283369448483,870.283369448483,870.265946957767,870.274658203125,0
2022-11-14,870.283369448483,870.283369448483,870.265946957767,870.274658203125,0
2022-11-15,870.274658203125,870.283369448483,870.265946957767,870.274658203125,0
2022-11-16,870.7010842868685,870.7010842868685,870.265946957767,870.274658203125,0
2022-11-17,870.283657848052,870.283657848052,870.2662353515625,870.2662353515625,0
2022-11-18,870.283369448483,870.283369448483,870.265946957767,870.274658203125,0
2022-11-21,872.0152075195313,872.0152075195313,870.265946957767,870.274658203125,0
2022-11-22,872.0152075195313,872.0152075195313,870.265946957767,870.274658203125,0
2022-11-23,870.283369448483,870.283369448483,870.265946957767,870.274658203125,0
2022-11-24,870.265946957767,870.283369448483,870.265946957767,870.274658203125,0
2022-11-25,870.274658203125,872.0152075195313,870.265946957767,870.274658203125,0
2022-11-28,870.283369448483,870.283369448483,870.265946957767,870.274658203125,0
2022-11-29,870.265946957767,872.0152075195313,870.265946957767,870.274658203125,0
2022-11-30,873.7200493563116,873.7200493563116,873.7025580655635,873.7113037109375,0
2022-12-01,873.7200493563116,873.7200493563116,873.7025580655635,873.7113037109375,0
2022-12-02,873.7200493563116,873.7200493563116,873.7025580655635,873.7113037109375,0
2022-12-05,873.7024536132812,873.7199449019382,873.7024536132812,873.7024536132812,0
2022-12-06,874.139413717419,874.139413717419,873.7025580655635,873.7113037109375,0
2022-12-07,873.7199449019382,873.7199449019382,873.7024536132812,873.7024536132812,0
2022-12-08,873.7111992576098,873.7199449019382,873.7024536132812,873.7024536132812,0
2022-12-09,873.7113037109375,873.7200493563116,873.7025580655635,873.7113037109375,0
2022-12-12,873.7024536132812,874.13930921291,873.7024536132812,873.7024536132812,0
2022-12-13,873.7200493563116,873.7200493563116,872.8375924072266,873.7113037109375,0
2022-12-14,873.7200493563116,873.7200493563116,873.7025580655635,873.7113037109375,0
2022-12-15,873.7199449019382,873.7199449019382,873.7024536132812,873.7024536132812,0
2022-12-16,873.7200493563116,873.7200493563116,873.7025580655635,873.7113037109375,0
2022-12-19,873.7113037109375,873.7200493563116,873.2831937044562,873.7113037109375,0
2022-12-20,872.8374880583522,873.7199449019382,872.8374880583522,873.7024536132812,0
2022-12-21,873.7200493563116,873.7200493563116,873.7025580655635,873.7113037109375,0
2022-12-22,874.5850150146484,874.5850150146484,873.7025580655635,873.7113037109375,0
2022-12-23,873.7111992576098,873.7199449019382,873.7024536132812,873.7024536132812,0
2022-12-26,875.4587263183594,875.4587263183594,871.5707003514245,873.7113037109375,0
2022-12-27,873.7113037109375,873.7200493563116,873.7025580655635,873.7113037109375,0
2022-12-28,873.7200493563116,873.7200493563116,873.7025580655635,873.7113037109375,0
2022-12-29,873.7200493563116,873.7200493563116,873.7025580655635,873.7113037109375,0
2022-12-30,877.6156616210938,879.3708929443359,877.6068768940121,877.6156616210938,0
2023-01-02,879.3708929443359,879.3708929443359,877.3962577056884,877.6156616210938,0
2023-01-03,879.3708929443359,879.3708929443359,877.6068768940121,877.6156616210938,0
2023-01-04,877.6156616210938,877.6244463481754,877.6068768940121,877.6156616210938,0
2023-01-05,877.6244463481754,877.6244463481754,877.6068768940121,877.6156616210938,0
2023-01-06,877.6244463481754,878.063254178986,877.6068768940121,877.6156616210938,0
2023-01-09,877.60693359375,877.6245030490484,867.0843297015424,877.60693359375,0
2023-01-10,877.60693359375,877.6245030490484,877.60693359375,877.60693359375,0
2023-01-11,877.6157183213992,877.6245030490484,877.60693359375,877.60693359375,0
2023-01-12,851.2871917724609,879.3708929443359,851.2871917724609,877.6156616210938,0
2023-01-13,877.6156616210938,877.6244463481754,877.6068768940121,877.6156616210938,0
2023-01-16,877.5279214810952,877.6244463481754,877.5279214810952,877.6156616210938,0
2023-01-17,877.6244463481754,877.6244463481754,877.6068768940121,877.6156616210938,0
2023-01-18,877.6245030490484,877.6245030490484,877.60693359375,877.60693359375,0
2023-01-19,877.6068768940121,877.6244463481754,877.6068768940121,877.6156616210938,0
2023-01-20,877.6245030490484,878.1861899644731,877.60693359375,877.60693359375,0
2023-01-23,876.746887330727,877.6245030490484,876.746887330727,877.60693359375,0
2023-01-24,877.6245030490484,877.6245030490484,877.60693359375,877.60693359375,0
2023-01-25,876.7381026030778,878.449463966887,876.7381026030778,877.60693359375,0
2023-01-27,877.6156616210938,877.6244463481754,877.6068768940121,877.6156616210938,0
2023-01-30,877.6068768940121,877.6244463481754,877.6068768940121,877.6156616210938,0
2023-01-31,907.7614644091897,907.7614644091897,881.31298828125,881.31298828125,0
2023-02-01,881.3305991681814,881.3305991681814,879.5591337890625,881.32177734375,0
2023-02-02,881.32177734375,881.3305991681814,881.3129555193185,881.32177734375,0
2023-02-03,907.7614306640625,907.7614306640625,879.5591337890625,881.32177734375,0
2023-02-06,882.2030991210937,882.2030991210937,881.3129555193185,881.32177734375,0
2023-02-07,881.8946580156684,881.8946580156684,881.3129555193185,881.32177734375,0
2023-02-08,881.3305991681814,881.3305991681814,881.3129555193185,881.32177734375,0
2023-02-09,881.32177734375,881.3305991681814,881.3129555193185,881.32177734375,0
2023-02-10,854.8821240234374,881.3305991681814,854.8821240234374,881.32177734375,0
2023-02-13,879.1184729003905,881.3305991681814,879.1184729003905,881.32177734375,0
2023-02-14,881.3218101060094,881.8946907992241,879.1185055807443,881.31298828125,0
2023-02-15,881.3218101060094,881.3306319307687,881.1014796534829,881.31298828125,0
2023-02-16,881.31298828125,881.3306319307687,881.3041664564906,881.31298828125,0
2023-02-17,883.0844208984374,883.5250817871093,879.9997946777344,881.32177734375,0
2023-02-20,881.3218101060094,881.3306319307687,879.5591664857974,881.31298828125,0
2023-02-21,907.7614306640625,907.7614306640625,880.4492773908377,881.32177734375,0
2023-02-22,881.32177734375,881.3305991681814,881.3129555193185,881.32177734375,0
2023-02-23,903.3548553586596,903.3548553586596,879.5768101353161,881.31298828125,0
2023-02-24,881.3305991681814,881.3305991681814,879.6031891196071,881.32177734375,0
2023-02-27,907.7614306640625,907.7614306640625,879.6031891196071,881.32177734375,0
2023-02-28,885.1723836447549,885.1723836447549,885.1546630859375,885.1546630859375,0
2023-03-01,911.7186700439453,911.7186700439453,884.2785935668945,885.1637573242188,0
2023-03-02,885.1637573242188,885.1726176059692,885.1548970424682,885.1637573242188,0
2023-03-03,885.1726176059692,885.1726176059692,885.1548970424682,885.1637573242188,0
2023-03-06,886.6242991342469,886.6242991342469,883.4819245748594,885.1637573242188,0
2023-03-08,886.8453556701779,886.8453556701779,858.6086176643859,885.1546630859375,0
2023-03-09,885.1637573242188,885.1726176059692,884.2874538486451,885.1637573242188,0
2023-03-10,886.6242991342469,886.6242991342469,885.1548970424682,885.1637573242188,0
2023-03-13,885.1637573242188,885.1726176059692,885.1548970424682,885.1637573242188,0
2023-03-14,885.1546630859375,885.1723836447549,884.4111559809232,885.1546630859375,0
2023-03-15,884.5881454647212,886.5355160213437,884.2872201213895,885.1546630859375,0
2023-03-16,885.1637573242188,885.1726176059692,885.1548970424682,885.1637573242188,0
2023-03-17,885.1723836447549,885.1723836447549,885.1546630859375,885.1546630859375,0
2023-03-20,885.1726176059692,885.1726176059692,884.2874538486451,885.1637573242188,0
2023-03-21,885.1723836447549,885.1723836447549,883.5259924575579,885.1546630859375,0
2023-03-22,885.1548970424682,886.0046736988984,885.1548970424682,885.1637573242188,0
2023-03-23,883.4819245748594,885.1726176059692,858.6088446044921,885.1637573242188,0
2023-03-24,886.9340848388672,886.9340848388672,885.1548970424682,885.1637573242188,0
2023-03-27,885.6061051270289,886.6240647893366,884.2872201213895,885.1546630859375,0
2023-03-28,885.1548970424682,886.9340848388672,883.4907848566099,885.1637573242188,0
2023-03-29,885.1723836447549,885.1723836447549,885.1458028065289,885.1546630859375,0
2023-03-31,889.3856897428517,889.6080361652874,888.5941234508699,889.3945922851562,0
2023-04-03,889.394766801864,889.394766801864,887.7493703827039,889.3858642578125,0
2023-04-05,889.394766801864,890.2485424899161,887.8294389953613,889.3858642578125,0
2023-04-06,889.3858642578125,890.8978310838119,889.3769617137611,889.3858642578125,0
2023-04-10,889.3856725616638,889.3945751037963,887.7403307809421,889.3767700195312,0
2023-04-11,889.3767700195312,889.3945751037963,888.656369796108,889.3767700195312,0
2023-04-12,889.3858642578125,889.394766801864,888.6032003545612,889.3858642578125,0
2023-04-13,889.3858642578125,889.394766801864,889.3769617137611,889.3858642578125,0
2023-04-17,890.1861413804867,916.0672427385138,889.3767700195312,889.3767700195312,0
2023-04-18,888.9856297621354,889.394766801864,888.2118684029356,889.3858642578125,0
2023-04-19,889.394766801864,890.2307916856184,889.3769617137611,889.3858642578125,0
2023-04-20,889.3856725616638,889.3945751037963,888.7186333072425,889.3767700195312,0
2023-04-21,888.6299079867155,889.394766801864,887.6070925292969,889.3858642578125,0
2023-04-24,889.3858642578125,889.394766801864,888.8522544527799,889.3858642578125,0
2023-04-25,889.3856725616638,889.9637949623462,888.4962868891022,889.3767700195312,0
2023-04-26,889.3414058213607,889.394766801864,888.8522544527799,889.3858642578125,0
2023-04-27,889.3678674773986,889.3945751037963,889.3678674773986,889.3767700195312,0
2023-04-28,893.384033203125,893.3929757679105,893.3750906383395,893.384033203125,0
2023-05-02,920.1853979739543,920.1853979739543,893.3659964015765,893.3749389648438,0
2023-05-03,893.3750906383395,893.3929757679105,892.7139951782226,893.384033203125,0
2023-05-04,893.384033203125,893.9647546358407,892.7139951782226,893.384033203125,0
2023-05-05,893.384033203125,893.9647546358407,893.3750906383395,893.384033203125,0
2023-05-08,893.3929757679105,893.3929757679105,893.366148073554,893.384033203125,0
2023-05-09,894.0897869593352,894.0897869593352,893.3750906383395,893.384033203125,0
2023-05-10,893.3928240913782,893.3928240913782,892.8478730103241,893.3749389648438,0
2023-05-11,894.8849118355662,894.8849118355662,893.366148073554,893.384033203125,0
2023-05-12,893.384033203125,893.9647546358407,892.8480245943367,893.384033203125,0
2023-05-15,893.383881528111,893.9646028622342,892.8925312988355,893.3749389648438,0
2023-05-16,892.89268289043,894.9027969651371,892.89268289043,893.384033203125,0
2023-05-17,920.1855541992187,920.1855541992187,892.8480245943367,893.384033203125,0
2023-05-18,892.8478730103241,893.9646028622342,892.8478730103241,893.3749389648438,0
2023-05-19,893.384033203125,893.7414086275398,893.3750906383395,893.384033203125,0
2023-05-22,893.383881528111,893.9198900458979,893.3749389648438,893.3749389648438,0
2023-05-23,920.1853979739543,920.1853979739543,893.3749389648438,893.3749389648438,0
2023-05-24,893.3750906383395,893.3929757679105,893.3750906383395,893.384033203125,1183731
2023-05-25,893.384033203125,894.0987295241207,893.3750906383395,893.384033203125,1412309
2023-05-26,893.384033203125,893.3929757679105,876.4097365722656,893.384033203125,1718450
2023-05-29,893.383881528111,893.9646028622342,893.3749389648438,893.3749389648438,1383559
2023-05-30,893.3929757679105,893.3929757679105,893.3750906383395,893.384033203125,1400346
2023-05-31,898.7527706424147,898.7527706424147,897.8726177885682,898.133056640625,1789706
2023-06-01,898.1420467420221,898.4024855940789,898.124066539228,898.133056640625,2134915
2023-06-02,898.133056640625,898.5731330675483,897.6929802137017,898.133056640625,2050292
2023-06-05,898.1328914669313,898.1867772477119,898.1239013671875,898.1239013671875,2190780
2023-06-06,925.0770483398438,925.0770483398438,898.124066539228,898.133056640625,1823874
2023-06-07,898.1418815666749,898.1418815666749,896.686910667913,898.1239013671875,1721282
2023-06-08,898.1420467420221,898.716865054518,898.124066539228,898.133056640625,1729545
2023-06-09,925.0768782109392,925.0768782109392,897.7736163832719,898.1239013671875,2062688
2023-06-12,898.133056640625,898.716865054518,898.124066539228,898.133056640625,1638759
2023-06-13,898.1420467420221,899.9293227539063,898.124066539228,898.133056640625,1317394
2023-06-14,903.4320636018813,903.4320636018813,898.124066539228,898.133056640625,1736557
2023-06-15,899.9293227539063,899.9293227539063,898.124066539228,898.133056640625,1696211
2023-06-16,898.133056640625,898.5821231689454,898.124066539228,898.133056640625,1797834
2023-06-19,907.0245958284438,907.0245958284438,898.124066539228,898.133056640625,2060746
2023-06-20,898.1328914669313,898.6717492747388,898.1239013671875,898.1239013671875,1952286
2023-06-21,925.0770483398438,925.0770483398438,898.1150764378309,898.133056640625,1784596
2023-06-22,898.2408282220066,898.2408282220066,898.124066539228,898.133056640625,1530701
2023-06-23,897.2349235839844,898.1420467420221,897.2349235839844,898.133056640625,1759755
2023-06-26,898.1328914669313,898.1418815666749,897.6389293401606,898.1239013671875,1738773
2023-06-27,925.0770483398438,925.0770483398438,898.124066539228,898.133056640625,2099600
2023-06-28,925.0770483398438,925.0770483398438,897.639094423011,898.133056640625,2202973
2023-06-30,900.9930735946522,902.4459838659615,900.9930735946522,902.4369506835938,2520524
2023-07-03,906.8589137740955,906.8589137740955,901.5345137329101,902.4369506835938,2577246
2023-07-04,902.4368286352602,902.662437842419,902.4277954541142,902.4458618164062,3667172
2023-07-05,902.4369506835938,903.348420816645,902.427917501226,902.4369506835938,2912571
2023-07-06,902.4368286792169,902.9782687442753,901.9404994395179,902.4639282226562,6409153
2023-07-07,875.408952994544,902.4459838659615,875.408952994544,902.4369506835938,11163536
2023-07-10,902.4279174804688,902.4369506628362,875.3638421429512,902.4279174804688,8036256
2023-07-11,902.4279174804688,902.4369506628362,902.4279174804688,902.4279174804688,3048375
2023-07-12,902.4369506628362,902.4459838452037,901.9766990051373,902.4279174804688,2960982
2023-07-13,902.4369506835938,902.4459838659615,875.3638421630859,902.4369506835938,3249346
2023-07-14,902.4369506628362,902.4459838452037,902.4279174804688,902.4279174804688,2436136
2023-07-17,902.4369506628362,902.4459838452037,902.4279174804688,902.4279174804688,2694605
2023-07-18,902.4369506835938,902.4459838659615,902.427917501226,902.4369506835938,2432910
2023-07-19,929.5100592041016,929.5100592041016,901.9406213767938,902.4369506835938,3484903
2023-07-20,929.5100592041016,929.5100592041016,902.427917501226,902.4369506835938,1662106
2023-07-21,902.427917501226,902.4459838659615,902.427917501226,902.4369506835938,1969305
2023-07-24,902.427917501226,902.4459838659615,902.427917501226,902.4369506835938,2380185
2023-07-25,901.5345137121734,902.4459838452037,901.5345137121734,902.4279174804688,2022684
2023-07-26,902.427917501226,902.4459838659615,902.427917501226,902.4369506835938,1784306
2023-07-27,875.3638421429512,902.4459838452037,875.3638421429512,902.4279174804688,1932322
2023-07-28,902.4369506835938,902.4459838659615,902.427917501226,902.4369506835938,1871436
2023-07-31,933.7508047565906,933.7508047565906,905.8289470981656,906.5451049804688,1794741
2023-08-01,906.5541381835938,906.5632125780434,906.5450637891441,906.5541381835938,1488843
2023-08-02,933.7507623291016,933.7507623291016,906.5450637891441,906.5541381835938,2092921
2023-08-03,933.7507623291016,933.7507623291016,906.3728162896224,906.5541381835938,2486533
2023-08-04,906.5541580272268,906.7807965667337,906.5450836325786,906.563232421875,2435549
2023-08-07,933.7508047565906,933.7508047565906,906.5451049804688,906.5451049804688,2416085
2023-08-08,906.5632125780434,906.5632125780434,906.5450637891441,906.5541381835938,1969279
2023-08-09,906.5451049804688,906.5632537701925,888.4230957878241,906.5451049804688,1553165
2023-08-10,906.5450637891441,906.5632125780434,906.5450637891441,906.5541381835938,1962882
2023-08-11,879.3575140380859,906.5632125780434,879.3575140380859,906.5541381835938,1750426
2023-08-14,933.7507623291016,933.7507623291016,906.5450637891441,906.5541381835938,2708604
2023-08-16,908.0500159039703,908.0500159039703,906.5451049804688,906.5451049804688,2079371
2023-08-17,906.5450637891441,906.5632125780434,906.5450637891441,906.5541381835938,1404351
2023-08-18,906.563232421875,906.7807965667337,906.5450836325786,906.563232421875,3206291
2023-08-21,906.5541793753307,906.5632537701925,906.5451049804688,906.5451049804688,1816763
2023-08-22,897.6699186957293,906.5632125780434,897.6699186957293,906.5541381835938,2237851
2023-08-23,906.5541381835938,906.5632125780434,906.5450637891441,906.5541381835938,2999346
2023-08-24,908.276613178812,908.276613178812,906.5450637891441,906.5541381835938,4078264
2023-08-25,906.5632125780434,906.5632125780434,906.5450637891441,906.5541381835938,2192571
2023-08-28,906.5541381835938,906.5632125780434,906.5450637891441,906.5541381835938,1825549
2023-08-29,906.5541381835938,906.5632125780434,905.6475840454102,906.5541381835938,1897692
2023-08-30,933.7508047565906,933.7508047565906,879.3575539940707,906.5451049804688,1481758
2023-08-31,912.2982481831162,912.2982481831162,910.4772754047959,910.4863891601562,2106122
2023-09-01,912.2982897833976,912.2982897833976,910.4773169220421,910.4955444335938,4129505
2023-09-04,912.2982481831162,912.2982481831162,910.4772754047959,910.4863891601562,2115027
2023-09-05,912.0797403411865,912.0797403411865,910.4772754047959,910.4863891601562,1611227
2023-09-06,910.4863891601562,910.4955029155165,910.4772754047959,910.4863891601562,2070170
2023-09-07,912.2982481831162,912.2982481831162,910.4772754047959,910.4863891601562,1685288
2023-09-08,912.2982481831162,912.2982481831162,910.4772754047959,910.4863891601562,2121638
2023-09-11,910.4772754047959,910.4955029155165,910.4772754047959,910.4863891601562,1960502
2023-09-12,901.5636336607225,911.6700103517286,901.5636336607225,910.4863891601562,4214377
2023-09-13,910.4955224329861,910.4955224329861,910.477294921875,910.477294921875,2901708
2023-09-14,911.6700298943751,911.6700298943751,910.477294921875,910.477294921875,1981165
2023-09-15,910.4864086774306,910.4955224329861,910.477294921875,910.477294921875,2526540
2023-09-18,912.2982481831162,912.2982481831162,910.4772754047959,910.4863891601562,3538840
2023-09-20,910.4864086774306,910.4955224329861,910.477294921875,910.477294921875,4302553
2023-09-21,883.1717974853516,912.2982481831162,883.1717974853516,910.4863891601562,2281585
2023-09-22,910.4863891601562,910.4955029155165,910.4772754047959,910.4863891601562,1829589
2023-09-25,910.477294921875,910.4955224329861,910.2587870752612,910.477294921875,2281387
2023-09-26,910.4863891601562,911.078227541782,910.4772754047959,910.4863891601562,1848142
2023-09-27,912.2982677392298,912.2982677392298,910.477294921875,910.477294921875,2369184
2023-09-28,911.396895086108,911.396895086108,907.7549494513983,910.477294921875,2064261
2023-09-29,915.4499988647689,915.4499988647689,914.1239112790739,914.5537719726562,3017548
2023-10-03,915.4498746948242,915.4498746948242,887.0992791748047,914.5353393554688,2715228
2023-10-04,916.3552557497769,916.3552557497769,914.526185071066,914.5353393554688,5119014
2023-10-05,914.5353393554688,914.5444936398715,914.526185071066,914.5353393554688,6154027
2023-10-06,914.5353393554688,914.5444936398715,914.526185071066,914.5353393554688,9879034
2023-10-09,914.526123046875,914.5352773306569,914.526123046875,914.526123046875,7877594
2023-10-10,914.526123046875,914.5352773306569,914.526123046875,914.526123046875,4395558
2023-10-11,914.5353393554688,914.5444936398715,914.526185071066,914.5353393554688,2316399
2023-10-12,914.5353393554688,914.5444936398715,914.526185071066,914.5353393554688,2582862
2023-10-13,914.5353393554688,916.3552557497769,914.526185071066,914.5353393554688,3763704
2023-10-16,914.5444936398715,914.5444936398715,911.7917333374023,914.5353393554688,2154316
2023-10-17,916.3552557497769,916.3552557497769,914.526185071066,914.5353393554688,2211714
2023-10-18,914.5353393554688,914.5444936398715,914.526185071066,914.5353393554688,2776313
2023-10-19,916.3551936015363,916.3551936015363,914.526123046875,914.526123046875,3538334
2023-10-20,914.5353393554688,914.5444936398715,914.526185071066,914.5353393554688,1679118
2023-10-23,916.3551936015363,916.3551936015363,914.526123046875,914.526123046875,2541293
2023-10-25,914.5352773306569,914.5444316144387,887.0992190107372,914.526123046875,3018272
2023-10-26,916.3551936015363,916.3551936015363,914.526123046875,914.526123046875,2960793
2023-10-27,914.5444936398715,914.5444936398715,914.526185071066,914.5353393554688,2513174
2023-10-30,914.5352773306569,914.5444316144387,914.526123046875,914.526123046875,2583800
2023-10-31,918.6696570016891,918.6696570016891,918.6512658498734,918.6604614257812,1747582
2023-11-01,920.4885867727251,920.4885867727251,918.6512658498734,918.6604614257812,1512334
2023-11-02,946.2202539136744,946.2202539136744,905.0642773847497,918.6512451171875,2224527
2023-11-03,918.6696570016891,918.6696570016891,918.6512658498734,918.6604614257812,2197156
2023-11-06,918.6604406928877,920.4885659985732,915.9044593708091,918.6512451171875,3028710
2023-11-07,918.6604614257812,918.6696570016891,909.6576001179255,918.6604614257812,1364622
2023-11-08,918.6604406928877,918.6696362685881,917.7417802521949,918.6512451171875,1516490
2023-11-09,920.4885867727251,920.4885867727251,918.6512658498734,918.6604614257812,1535278
2023-11-10,946.2202752685547,946.2202752685547,918.6512658498734,918.6604614257812,2985803
2023-11-13,919.5791218872071,919.5791218872071,918.6512658498734,918.6604614257812,2722338
2023-11-15,891.1006274721011,918.6696362685881,891.1006274721011,918.6512451171875,3135419
2023-11-16,946.2202539136744,946.2202539136744,918.6512451171875,918.6512451171875,2737257
2023-11-17,946.2202539136744,946.2202539136744,918.6512451171875,918.6512451171875,2551156
2023-11-20,920.4885867727251,920.4885867727251,918.6512658498734,918.6604614257812,2340163
2023-11-21,918.6604406928877,918.6696362685881,918.6512451171875,918.6512451171875,1840629
2023-11-22,918.6512451171875,918.6696362685881,918.6512451171875,918.6512451171875,1547943
2023-11-23,918.6512658498734,918.6696570016891,918.6512658498734,918.6604614257812,2024775
2023-11-24,918.6696570016891,918.6696570016891,918.6512658498734,918.6604614257812,1402047
2023-11-28,918.6512451171875,918.6696362685881,918.6512451171875,918.6512451171875,1693940
2023-11-29,920.4885867727251,920.4885867727251,918.2011311950683,918.6604614257812,1710116
2023-11-30,926.4792508896738,926.4792508896738,917.9028291884512,922.1910400390625,2067164
2023-12-01,924.0261912029683,924.0261912029683,922.1818091228902,922.1910400390625,2882025
2023-12-04,924.0262058397623,924.0262058397623,922.1818237304688,922.1818237304688,3052681
2023-12-05,922.1818237304688,922.2002855631057,922.1818237304688,922.1818237304688,2196146
2023-12-06,922.1910400390625,925.5570598496348,922.1818091228902,922.1910400390625,3376749
2023-12-07,922.1910400390625,922.2002709552347,922.1818091228902,922.1910400390625,2448107
2023-12-08,922.1910400390625,922.2002709552347,918.8250202284902,922.1910400390625,3060307
2023-12-11,922.1910546467872,922.2002855631057,919.4244814828468,922.1818237304688,2242118
2023-12-12,922.1910546467872,922.2002855631057,921.2688635921404,922.1818237304688,1839224
2023-12-13,922.1910546467872,922.2002855631057,922.1818237304688,922.1818237304688,1653660
2023-12-14,922.1910400390625,922.2002709552347,918.8250202284902,922.1910400390625,2223370
2023-12-15,924.0077293706238,924.0077293706238,922.1818091228902,922.1910400390625,2440224
2023-12-18,924.0077293706238,926.4792508896738,922.1818091228902,922.1910400390625,2688435
2023-12-19,922.1910400390625,923.0210344895273,922.1818091228902,922.1910400390625,1971779
2023-12-20,922.1910400390625,922.2002709552347,918.8250202284902,922.1910400390625,3144203
2023-12-21,922.1910400390625,922.209501871407,922.1818091228902,922.1910400390625,2686798
2023-12-22,926.4792508896738,926.4792508896738,922.1818091228902,922.1910400390625,2347923
2023-12-26,922.1818237304688,922.2002855631057,922.1818237304688,922.1818237304688,2083374
2023-12-27,922.1818091228902,922.2002709552347,922.1818091228902,922.1910400390625,2047169
2023-12-28,922.1910400390625,922.2002709552347,922.1818091228902,922.1910400390625,2110142
2023-12-29,925.5730590820312,928.9514233446791,925.563794312641,925.5730590820312,3450372
2024-01-01,930.1083896685317,930.1083896685317,925.563794312641,925.5730590820312,2224313
2024-01-02,925.5730590820312,928.3497782592773,925.563794312641,925.5730590820312,3933071
2024-01-03,925.5823238514215,925.5823238514215,925.563794312641,925.5730590820312,3816754
2024-01-04,925.5823238514215,925.5823238514215,925.563794312641,925.5730590820312,8034703
2024-01-05,925.5730590820312,928.3497782592773,925.563794312641,925.5730590820312,14496427
2024-01-08,925.5730465075455,925.5730465075455,925.5637817382812,925.5637817382812,12601054
2024-01-09,925.5730465075455,925.58231127681,921.222841890461,925.5637817382812,3557518
2024-01-10,925.5637817382812,925.58231127681,922.1946822907948,925.5637817382812,3562454
2024-01-11,925.5730590820312,925.5823238514215,925.563794312641,925.5730590820312,2693688
2024-01-12,925.5730590820312,925.5823238514215,922.7963399047851,925.5730590820312,2772152
2024-01-15,925.5730590820312,929.2753513183594,925.563794312641,925.5730590820312,2453708
2024-01-16,927.4149404308051,927.4149404308051,925.563794312641,925.5730590820312,3632743
2024-01-17,921.2228544058464,926.4986321411133,921.2228544058464,925.5730590820312,3326218
2024-01-18,927.4149278312963,927.4149278312963,925.5637817382812,925.5637817382812,5646475
2024-01-19,925.5730590820312,925.5823238514215,922.7963399047851,925.5730590820312,2523534
2024-01-23,925.5730465075455,925.58231127681,925.5637817382812,925.5637817382812,2598714
2024-01-24,925.5730590820312,925.5823238514215,921.2228544058464,925.5730590820312,2614826
2024-01-25,924.6474860229492,925.5823238514215,924.6474860229492,925.5730590820312,3275555
2024-01-29,928.3405008778038,928.3405008778038,925.5637817382812,925.5637817382812,2316450
2024-01-30,925.5730590820312,925.8044523468018,924.8326119332648,925.5730590820312,4127453
2024-01-31,929.5862092369576,929.5955141770404,929.576904296875,929.576904296875,2325899
2024-02-01,930.5157067260742,930.5157067260742,929.5768156662732,929.5861206054688,3860279
2024-02-02,929.5768156662732,929.5954255446643,929.5768156662732,929.5861206054688,3790036
2024-02-05,929.5861206054688,932.3655740280897,929.5768156662732,929.5861206054688,3015376
2024-02-06,929.5862092369576,929.5955141770404,928.6566230277207,929.576904296875,3040371
2024-02-07,929.576904296875,929.5955141770404,929.576904296875,929.576904296875,2550689
2024-02-08,929.5861206054688,929.5954255446643,929.046944769036,929.5861206054688,1963522
2024-02-09,929.5861206054688,929.5954255446643,929.5768156662732,929.5861206054688,2854848
2024-02-12,929.5861206054688,929.5954255446643,929.0748595866226,929.5861206054688,2392154
2024-02-13,929.5861206054688,930.5157067260742,929.5768156662732,929.5861206054688,2236398
2024-02-14,929.5861206054688,929.5954255446643,929.5768156662732,929.5861206054688,2365594
2024-02-15,926.7973622436523,929.5954255446643,926.7973622436523,929.5861206054688,2152377
2024-02-16,929.5861206054688,929.5954255446643,929.5768156662732,929.5861206054688,2564103
2024-02-19,932.3655740280897,932.3655740280897,928.8424630564712,929.5861206054688,2653666
2024-02-20,932.3655740280897,932.3655740280897,929.5768156662732,929.5861206054688,4138125
2024-02-21,929.5861206054688,929.5954255446643,929.5768156662732,929.5861206054688,3368248
2024-02-22,932.3656629245859,932.3656629245859,929.576904296875,929.576904296875,2205996
2024-02-23,929.5861206054688,929.5954255446643,929.5768156662732,929.5861206054688,2950570
2024-02-26,932.0495465200469,932.0495465200469,929.5768156662732,929.5861206054688,2115550
2024-02-27,929.5954255446643,929.5954255446643,929.5768156662732,929.5861206054688,2868371
2024-02-28,926.1931085702852,932.0495465200469,926.1931085702852,929.5861206054688,3009257
2024-02-29,935.3360713737757,935.3360713737757,933.0035391777307,933.0128784179688,2556271
2024-03-01,933.0129403150764,933.0222795559341,933.0036010742188,933.0036010742188,4992893
2024-03-04,933.4794467852339,933.4794467852339,933.0036010742188,933.0036010742188,4418886
2024-03-05,933.0222176582068,933.0222176582068,933.0035391777307,933.0128784179688,2298404
2024-03-06,935.3360713737757,935.3360713737757,930.5403715115265,933.0128784179688,2657695
2024-03-07,933.0128784179688,933.1061569271758,933.0035391777307,933.0128784179688,2314947
2024-03-11,933.0035391777307,933.0222176582068,933.0035391777307,933.0128784179688,3301282
2024-03-12,933.9459532553915,935.3361334250064,933.0036010742188,933.0036010742188,3503873
2024-03-13,933.0129403150764,933.0222795559341,933.0036010742188,933.0036010742188,4830847
2024-03-14,933.0035391777307,933.0222176582068,933.0035391777307,933.0128784179688,3295995
2024-03-15,933.0128784179688,933.0222176582068,933.0035391777307,933.0128784179688,4028389
2024-03-18,933.0222795559341,933.0222795559341,933.0036010742188,933.0036010742188,3313703
2024-03-19,933.0222176582068,933.0222176582068,933.0035391777307,933.0128784179688,3278408
2024-03-20,935.3361334250064,935.3361334250064,933.0036010742188,933.0036010742188,2928289
2024-03-21,937.3980503358506,937.3980503358506,933.0035391777307,933.0128784179688,3827906
2024-03-22,933.0128784179688,933.9458912963868,933.0035391777307,933.0128784179688,3372838
2024-03-26,933.0129403150764,933.9459532553915,929.2808885538161,933.0036010742188,4794036
2024-03-27,933.0129403150764,933.9459532553915,932.4997945872212,933.0036010742188,3454603
2024-03-28,936.6408081054688,939.4413549748213,936.6314325505049,936.6408081054688,3596176
2024-04-01,936.6408081054688,936.6501836604327,933.2220462886766,936.6408081054688,4782731
2024-04-02,936.6408081054688,936.6501836604327,935.7041672973634,936.6408081054688,4221933
2024-04-03,936.6314325505049,936.6501836604327,936.6314325505049,936.6408081054688,3605310
2024-04-04,939.4413549748213,941.0430313371681,936.6314325505049,936.6408081054688,6995119
2024-04-05,936.6408081054688,940.059569922261,936.6314325505049,936.6408081054688,17173728
2024-04-08,936.640967353433,936.640967353433,934.4398839473635,936.631591796875,13189387
2024-04-09,936.640967353433,936.640967353433,936.631591796875,936.631591796875,4200130
2024-04-10,936.6408081054688,936.6501836604327,936.6314325505049,936.6408081054688,3122332
2024-04-12,936.6408081054688,936.6501836604327,935.7041672973634,936.6408081054688,3579609
2024-04-15,936.640967353433,936.650342909991,936.1258262549941,936.631591796875,4355742
2024-04-16,936.6408081054688,940.3873713378906,936.6314325505049,936.6408081054688,3605775
2024-04-18,936.6408081054688,936.6501836604327,936.6314325505049,936.6408081054688,3904846
2024-04-19,936.1256670946144,936.6501836604327,936.1256670946144,936.6408081054688,4344737
2024-04-22,936.631591796875,936.650342909991,936.1258262549941,936.631591796875,2286908
2024-04-23,936.631591796875,964.7401963740359,932.8944034840192,936.631591796875,2648333
2024-04-24,936.631591796875,937.1092878371096,932.8944034840192,936.631591796875,4287567
2024-04-25,936.640967353433,941.0431913335997,932.2387433732663,936.631591796875,3963306
2024-04-26,940.059729751484,940.059729751484,936.631591796875,936.631591796875,3822558
2024-04-29,933.2220462886766,940.059569922261,933.2220462886766,936.6408081054688,3147643
2024-04-30,940.2655152588487,940.2655152588487,940.2466917724014,940.256103515625,2241973
2024-05-02,939.4568601180248,940.2654665518786,939.4568601180248,940.2466430664062,3230909
2024-05-03,940.2466917724014,940.3501061705053,939.7389741364271,940.256103515625,3028922
2024-05-06,940.256103515625,940.2655152588487,940.1621008607448,940.256103515625,2860437
2024-05-07,943.0674600829483,943.6880612489283,940.2466917724014,940.256103515625,3900448
2024-05-08,940.256103515625,940.2655152588487,940.2466917724014,940.256103515625,2746699
2024-05-09,940.256103515625,940.2655152588487,938.5918318480253,940.256103515625,2699151
2024-05-10,939.3158474121094,940.2655152588487,939.3158474121094,940.256103515625,2819019
2024-05-13,942.2776282824522,942.2776282824522,936.9651586173104,940.2466430664062,2267028
2024-05-14,940.8672442002385,940.8672442002385,939.7389254567324,940.2466430664062,2432484
2024-05-15,940.726182836547,942.2776282824522,940.2466430664062,940.2466430664062,2085866
2024-05-16,940.256103515625,940.2655152588487,940.2466917724014,940.256103515625,2253891
2024-05-17,943.6880612489283,943.6880612489283,940.2466917724014,940.256103515625,4142165
2024-05-21,940.256103515625,940.2655152588487,940.2466917724014,940.256103515625,4552135
2024-05-22,943.0674600829483,943.0674600829483,938.3755913085938,940.256103515625,3431757
2024-05-23,941.1963596191407,943.0674600829483,936.8241457823217,940.256103515625,2411298
2024-05-24,940.2560548091425,940.2654665518786,940.2466430664062,940.2466430664062,3584570
2024-05-27,940.256103515625,940.2655152588487,935.8368883513659,940.256103515625,2255934
2024-05-28,943.0674600829483,943.0674600829483,939.7389741364271,940.256103515625,2357254
2024-05-29,940.256103515625,942.4186810759753,940.2466917724014,940.256103515625,2464421
2024-05-30,940.256103515625,943.0674600829483,940.2466917724014,940.256103515625,5101972
2024-05-31,943.575439453125,943.5848844221235,943.4811049456895,943.575439453125,3812382
2024-06-03,943.5659944841266,943.5848844221235,941.8298479266465,943.575439453125,3192735
2024-06-04,943.575439453125,943.5848844221235,943.5659944841266,943.575439453125,8247682
2024-06-05,943.575439453125,943.5848844221235,943.5659944841266,943.575439453125,6927110
2024-06-06,948.0102555368096,948.0102555368096,943.5659944841266,943.575439453125,5970939
2024-06-07,948.0102555368096,948.0102555368096,943.5659944841266,943.575439453125,5747554
2024-06-10,943.575439453125,947.0100678746403,943.4811049456895,943.575439453125,4775361
2024-06-11,943.5755460442841,943.5849910143496,943.056591012216,943.5661010742188,3751454
2024-06-12,946.8308931963932,946.8308931963932,943.5661010742188,943.5661010742188,3177484
2024-06-13,943.575439453125,943.5848844221235,943.5659944841266,943.575439453125,2615514
2024-06-14,945.4625903320313,945.4625903320313,943.5659944841266,943.575439453125,5852060
2024-06-18,943.5755460442841,944.5191215903285,943.5661010742188,943.5661010742188,4669329
2024-06-19,943.575439453125,944.1887865252793,943.5659944841266,943.575439453125,3764065
2024-06-20,943.575439453125,944.1887865252793,943.5659944841266,943.575439453125,3872961
2024-06-21,943.575439453125,946.396720802486,943.5659944841266,943.575439453125,4031550
2024-06-24,943.575439453125,944.1887865252793,943.5659944841266,943.575439453125,5386573
2024-06-25,943.575439453125,944.1887865252793,943.5659944841266,943.575439453125,2552277
2024-06-26,943.5755460442841,943.5849910143496,943.5661010742188,943.5661010742188,3919890
2024-06-27,943.5659944841266,943.5848844221235,939.1406233694405,943.575439453125,3751597
2024-06-28,946.9109065788989,946.9203849351414,945.2538124923858,946.9014282226562,6510383
2024-07-01,946.9014282226562,946.9203849351414,945.2538124923858,946.9014282226562,4448101
2024-07-02,946.4090591621548,947.526464942284,946.4090591621548,946.9109497070312,3666522
2024-07-03,946.9109497070312,948.4733758919909,946.9014713503569,946.9109497070312,4453767
2024-07-04,946.9109497070312,948.4733758919909,946.9014713503569,946.9109497070312,7984988
2024-07-05,946.9204280637056,946.9204280637056,946.9014713503569,946.9109497070312,17344364
2024-07-08,946.9109065788989,946.9109065788989,944.212233613091,946.9014282226562,16861105
2024-07-09,946.3995954954942,946.9109065788989,946.3901171392515,946.9014282226562,3629049
2024-07-10,946.9109497070312,947.8578606567384,946.9014713503569,946.9109497070312,3267087
2024-07-11,949.0414561187014,949.0414561187014,946.9014282226562,946.9014282226562,3339635
2024-07-12,946.8919929936826,946.9204280637056,946.3901602436639,946.9109497070312,4889523
2024-07-15,946.9109065788989,946.9203849351414,946.9014282226562,946.9014282226562,3601129
2024-07-16,946.9109497070312,946.9204280637056,945.4905832824708,946.9109497070312,2800445
2024-07-18,946.9014713503569,946.9204280637056,946.9014713503569,946.9109497070312,2608786
2024-07-19,946.9109497070312,946.9204280637056,946.9014713503569,946.9109497070312,6146616
2024-07-22,946.9109065788989,946.9203849351414,946.9014282226562,946.9014282226562,6193156
2024-07-23,946.9109065788989,946.9203849351414,946.9014282226562,946.9014282226562,2937668
2024-07-24,946.9109497070312,949.041499343872,946.9014713503569,946.9109497070312,2865245
2024-07-25,946.9109065788989,946.9203849351414,946.3901171392515,946.9014282226562,4976639
2024-07-26,946.9014282226562,946.9203849351414,945.6325999729594,946.9014282226562,4399027
2024-07-29,946.9109065788989,947.5264217861172,946.9014282226562,946.9014282226562,6280886
2024-07-30,946.9014282226562,946.9203849351414,946.9014282226562,946.9014282226562,2737228
2024-07-31,950.1923725310727,950.2018837340204,950.182861328125,950.182861328125,3254243
2024-08-01,950.1827495403588,950.8099089097232,921.6864929199219,950.1922607421875,3470617
2024-08-02,950.1922607421875,950.2017719440163,950.1827495403588,950.1922607421875,3363646
2024-08-05,950.1923725310727,950.2018837340204,945.4414106684173,950.182861328125,5057154
2024-08-06,950.1827495403588,950.2017719440163,950.1827495403588,950.1922607421875,3795438
2024-08-07,950.1922607421875,950.2017719440163,949.669666597806,950.1922607421875,2553313
2024-08-08,950.1922607421875,950.2017719440163,950.1827495403588,950.1922607421875,3358466
2024-08-09,950.1923725310727,950.2018837340204,950.182861328125,950.182861328125,2849038
2024-08-12,950.1923725310727,950.2018837340204,947.9594436536806,950.182861328125,3167644
2024-08-13,950.1922607421875,951.1424530029298,950.1732383385302,950.1922607421875,4702074
2024-08-14,950.1922607421875,950.8099089097232,950.1827495403588,950.1922607421875,3351819
2024-08-16,950.1827495403588,950.2017719440163,949.669666597806,950.1922607421875,2573434
2024-08-19,950.182861328125,950.2018837340204,947.9594436536806,950.182861328125,2683911
2024-08-20,950.1923725310727,950.2018837340204,948.9096360262117,950.182861328125,2986145
2024-08-21,950.1923725310727,950.2018837340204,947.9594436536806,950.182861328125,3030379
2024-08-22,950.0972647141666,950.2017719440163,949.4891277484596,950.1922607421875,2478853
2024-08-23,950.1922607421875,950.2017719440163,950.1827495403588,950.1922607421875,3567572
2024-08-26,950.1827495403588,950.2017719440163,949.669666597806,950.1922607421875,2406589
2024-08-27,950.1922607421875,951.7601011704654,950.1827495403588,950.1922607421875,1888320
2024-08-28,950.1922607421875,950.2017719440163,950.1827495403588,950.1922607421875,2902776
2024-08-29,945.4412994384766,950.2017719440163,945.4412994384766,950.1922607421875,3806822
2024-08-30,953.2005921214818,953.3054407060146,952.7715973302721,953.2958984375,5654992
2024-09-02,953.2958984375,953.3054407060146,953.2863561689853,953.2958984375,4190155
2024-09-03,953.2958984375,953.3054407060146,953.2863561689853,953.2958984375,4648695
2024-09-04,953.3054407060146,981.894775390625,953.2863561689853,953.2958984375,3407358
2024-09-05,953.2864379882812,953.3055225269485,953.267353449614,953.2864379882812,2685496
2024-09-06,953.2958984375,953.3054407060146,953.2863561689853,953.2958984375,5341288
2024-09-09,953.2959802576148,953.3055225269485,948.5295003563268,953.2864379882812,3034901
2024-09-10,953.2863561689853,953.3054407060146,952.7715973302721,953.2958984375,2698651
2024-09-11,953.2768139004706,953.3054407060146,953.2768139004706,953.2958984375,2998829
2024-09-12,953.2959802576148,953.3055225269485,953.2864379882812,953.2864379882812,2825699
2024-09-13,954.8688599437475,954.8688599437475,953.2863561689853,953.2958984375,2727263
2024-09-16,953.2864379882812,954.8689418988675,953.2864379882812,953.2864379882812,2957531
2024-09-17,953.2958984375,953.3054407060146,948.5294189453125,953.2958984375,2975225
2024-09-18,953.2958984375,953.3054407060146,953.2863561689853,953.2958984375,3843192
2024-09-19,953.2958984375,953.3054407060146,953.2863561689853,953.2958984375,3829030
2024-09-20,953.2863561689853,953.3054407060146,953.2863561689853,953.2958984375,4138316
2024-09-23,953.2768139004706,953.3054407060146,950.4360107421875,953.2958984375,2939614
2024-09-24,953.2959802576148,957.7764830017395,953.2864379882812,953.2864379882812,3257370
2024-09-25,953.2958984375,953.3054407060146,953.2863561689853,953.2958984375,3109280
2024-09-26,953.2959802576148,954.8689418988675,953.2864379882812,953.2864379882812,3600482
2024-09-27,953.2864379882812,953.3055225269485,948.8631306755893,953.2864379882812,5206603
2024-09-30,956.7520141601562,956.7711680787285,956.7520141601562,956.7520141601562,5481566
2024-10-01,956.7615356445312,956.771112603262,956.7519586858004,956.7615356445312,5250163
2024-10-03,956.7519586858004,956.771112603262,956.7519586858004,956.7615356445312,9514460
2024-10-04,956.7615356445312,958.3402155367806,956.7519586858004,956.7615356445312,17293198
2024-10-07,956.7615911194424,956.7615911194424,956.7520141601562,956.7520141601562,14619169
2024-10-08,956.6659383187678,956.7711680787285,955.3264487327632,956.7520141601562,6228857
2024-10-09,955.8048295283229,956.7711680787285,952.2647999619624,956.7520141601562,4632763
2024-10-10,956.7520141601562,958.1967335061215,956.2832103238826,956.7520141601562,3081356
2024-10-11,956.7520141601562,956.7711680787285,956.7520141601562,956.7520141601562,2239016
2024-10-14,955.3263933410644,956.771112603262,955.3263933410644,956.7615356445312,2196873
2024-10-15,956.7615911194424,956.7711680787285,956.7520141601562,956.7520141601562,3368879
2024-10-16,956.7615911194424,956.7711680787285,956.2353839235453,956.7520141601562,2814624
2024-10-17,956.7615911194424,958.1967335061215,956.7520141601562,956.7520141601562,1688577
2024-10-18,956.7519586858004,956.771112603262,956.7519586858004,956.7615356445312,2121043
2024-10-21,956.7615356445312,956.771112603262,956.7519586858004,956.7615356445312,4415085
2024-10-22,956.7615911194424,956.7711680787285,956.7520141601562,956.7520141601562,3858801
2024-10-23,956.7615911194424,956.7711680787285,956.7520141601562,956.7520141601562,3495594
2024-10-24,956.7423817270696,956.771112603262,956.7423817270696,956.7615356445312,3186630
2024-10-25,956.7519586858004,956.771112603262,956.7519586858004,956.7615356445312,4020262
2024-10-28,956.7615911194424,956.7711680787285,956.2353839235453,956.7520141601562,2795042
2024-10-29,956.7615356445312,956.771112603262,956.7519586858004,956.7615356445312,2701613
2024-10-30,956.732860241584,956.7711680787285,956.7233416783912,956.7520141601562,3297047
2024-10-31,960.4661254882812,960.4757395290882,959.0254263000488,960.4661254882812,4782773
2024-11-01,960.4661254882812,960.4661254882812,960.4661254882812,960.4661254882812,0
2024-11-04,959.9378808437027,961.9068246765137,959.9378808437027,960.4661254882812,3014622
2024-11-05,960.4661570098724,960.4757710509948,960.45654296875,960.45654296875,3141101
2024-11-06,960.4469289276276,960.4757710509948,955.9519543474855,960.45654296875,4659642
2024-11-07,960.4661254882812,963.9718502951935,956.960400681369,960.4661254882812,2129573
2024-11-08,960.4661254882812,960.4757395290882,960.4565114474743,960.4661254882812,4063235
2024-11-11,960.45654296875,960.4757710509948,957.5847585388427,960.45654296875,3491693
2024-11-12,955.6637948608399,960.4757395290882,955.6637948608399,960.4661254882812,3652828
2024-11-13,960.4661570098724,960.4757710509948,959.7265793098701,960.45654296875,3461236
2024-11-14,955.9519229740463,960.4757395290882,955.9519229740463,960.4661254882812,3138633
2024-11-18,964.9803280025162,964.9803280025162,959.7169337717444,960.4661254882812,3294205
2024-11-19,960.4661254882812,960.4757395290882,957.6807502754853,960.4661254882812,3533521
2024-11-21,960.4661254882812,960.4757395290882,960.1779973750748,960.4661254882812,2902147
2024-11-22,960.4661570098724,962.0509496178195,960.45654296875,960.45654296875,2918661
2024-11-25,960.4469289276276,960.4757710509948,959.9379123479573,960.45654296875,5226359
2024-11-26,960.4661254882812,960.4757395290882,955.9519229740463,960.4661254882812,2906275
2024-11-27,960.4661254882812,960.4757395290882,960.4565114474743,960.4661254882812,2371431
2024-11-28,964.9803280025162,964.9803280025162,960.4565114474743,960.4661254882812,2739316
2024-11-29,961.0118860431146,965.3972547252622,961.0118860431146,963.7973022460938,5253200
2024-12-02,965.3972547252622,965.3972547252622,963.7973022460938,963.7973022460938,5823840
2024-12-03,963.8070068359375,963.8166543181836,963.7973593536913,963.8070068359375,2523617
2024-12-04,963.7973593536913,963.8166543181836,963.7973593536913,963.8070068359375,3574135
2024-12-05,963.7877118714451,963.8166543181836,963.2769247473999,963.8070068359375,2376561
2024-12-06,963.7973022460938,963.8165972094428,963.2768676706395,963.7973022460938,3643021
2024-12-09,963.8070068359375,963.8166543181836,963.7973593536913,963.8070068359375,3483276
2024-12-10,963.8069497277683,963.8165972094428,963.7105925632386,963.7973022460938,2899100
2024-12-11,963.8069497277683,963.8165972094428,963.7973022460938,963.7973022460938,2356268
2024-12-12,963.7973593536913,963.8166543181836,963.2769247473999,963.8070068359375,2778608
2024-12-13,963.8166543181836,963.8166543181836,963.7973593536913,963.8070068359375,3225545
2024-12-16,963.8069497277683,965.3008387346248,963.7973022460938,963.7973022460938,3384205
2024-12-17,963.8070068359375,963.8166543181836,963.7973593536913,963.8070068359375,2973094
2024-12-18,963.8070068359375,963.8166543181836,963.7973593536913,963.8070068359375,4241403
2024-12-19,963.8070068359375,963.8166543181836,963.7973593536913,963.8070068359375,1970269
2024-12-20,963.8070068359375,965.300895931311,960.9155858154296,963.8070068359375,4379493
2024-12-23,959.2771021385863,965.3973119276612,959.2771021385863,963.8070068359375,2361473
2024-12-24,960.915528878585,963.8165972094428,960.915528878585,963.7973022460938,2380725
2024-12-26,963.8166543181836,963.8166543181836,960.9155858154296,963.8070068359375,3777482
2024-12-27,963.7876547644192,963.8165972094428,960.915528878585,963.7973022460938,4282507
2024-12-30,963.8069497277683,963.8165972094428,963.2865151523141,963.7973022460938,5304108
2024-12-31,967.6925659179688,967.7022522937506,967.6828795421868,967.6925659179688,2321563
2025-01-01,967.6925659179688,967.7022522937506,967.5958202866836,967.6925659179688,2464836
2025-01-02,967.6828795421868,967.7022522937506,967.4506427764892,967.6925659179688,5336591
2025-01-03,967.6925659179688,967.7022522937506,967.6828795421868,967.6925659179688,12445125
2025-01-06,967.6924866679574,967.6924866679574,966.2409479379554,967.6828002929688,10246935
2025-01-07,967.6925659179688,967.7022522937506,966.7248733520507,967.6925659179688,3205589
2025-01-08,967.7893115492537,967.7893115492537,967.6731931664049,967.6925659179688,6634462
2025-01-09,967.3634452346549,967.702173042946,967.3634452346549,967.6828002929688,5940965
2025-01-10,967.6925659179688,967.7022522937506,966.2507134448737,967.6925659179688,2643186
2025-01-13,967.6925659179688,967.7022522937506,967.6828795421868,967.6925659179688,3825869
2025-01-14,967.6828002929688,967.702173042946,966.2409479379554,967.6828002929688,2972436
2025-01-15,967.6925659179688,967.7022522937506,967.6828795421868,967.6925659179688,2863068
2025-01-16,967.6924866679574,967.702173042946,966.2409479379554,967.6828002929688,2285497
2025-01-17,967.6925659179688,967.7022522937506,967.6828795421868,967.6925659179688,3153956
2025-01-20,967.6925659179688,967.7022522937506,967.2184060107916,967.6925659179688,2610327
2025-01-21,967.6925659179688,967.7022522937506,967.1603468193672,967.6925659179688,2950936
2025-01-22,963.3959296646211,967.702173042946,963.3959296646211,967.6828002929688,3587688
2025-01-23,967.6924866679574,968.040841787975,967.6828002929688,967.6828002929688,4247302
2025-01-24,967.6828795421868,967.7022522937506,966.8119916708208,967.6925659179688,3022484
2025-01-27,967.6924866679574,967.702173042946,966.976403677945,967.6828002929688,5262695
2025-01-28,967.6925659179688,967.7022522937506,967.0442284365184,967.6925659179688,4232513
2025-01-29,967.6925659179688,967.7022522937506,967.5958202866836,967.6925659179688,2600576
2025-01-30,967.6828795421868,967.7022522937506,967.179660507664,967.6925659179688,5468713
2025-01-31,972.4990234375,972.5087579247952,972.4892889502049,972.4990234375,2913028
2025-02-01,972.4989312637163,972.5086657500888,971.9738032092185,972.4891967773438,1612872
2025-02-03,972.0710293596952,972.5086657500888,972.0710293596952,972.4891967773438,4219952
2025-02-04,972.0807638460677,972.5086657500888,972.0807638460677,972.4891967773438,2607020
2025-02-05,973.1408466760516,973.1408466760516,972.4892889502049,972.4990234375,2292602
2025-02-06,972.4990234375,974.0063850525022,972.1003249548078,972.4990234375,2013772
2025-02-07,972.4990234375,972.5087579247952,972.4892889502049,972.4990234375,3101652
2025-02-10,972.1683476526142,972.5087579247952,972.1683476526142,972.4990234375,1887664
2025-02-11,972.4989312637163,972.5086657500888,972.2169279420344,972.4891967773438,2273814
2025-02-12,972.0515603869502,972.5086657500888,972.0515603869502,972.4891967773438,3908790
2025-02-13,973.1408466760516,973.1408466760516,972.4892889502049,972.4990234375,2680283
2025-02-14,972.4990234375,972.5087579247952,970.0677758789063,972.4990234375,3962813
2025-02-17,972.4990234375,972.5087579247952,971.1958486291767,972.4990234375,4985112
2025-02-18,1001.673994140625,1001.673994140625,972.4892889502049,972.4990234375,4114985
2025-02-19,972.4990234375,972.5087579247952,971.9641608459355,972.4990234375,2120901
2025-02-20,972.4891967773438,972.5086657500888,971.5264323324525,972.4891967773438,2588303
2025-02-21,972.4892889502049,972.5087579247952,972.4795544629097,972.4990234375,3543621
2025-02-24,973.4616957086074,973.4616957086074,972.4891967773438,972.4891967773438,3250239
2025-02-25,974.0062927358501,974.0062927358501,972.4891967773438,972.4891967773438,2225875
2025-02-27,972.4892889502049,974.0063850525022,972.4892889502049,972.4990234375,5124893
2025-02-28,976.064697265625,976.0744674444794,973.6245355224609,976.064697265625,4073941
2025-03-03,976.0743499256688,976.0743499256688,975.5277561439801,976.0548095703125,5321286
2025-03-04,977.0308741500605,977.0308741500605,976.0548095703125,976.0548095703125,2479769
2025-03-05,976.0645797479907,976.0743499256688,975.4106331603507,976.0548095703125,3791825
2025-03-06,977.0017408217341,977.0017408217341,976.0451569079161,976.064697265625,3279734
2025-03-07,976.064697265625,976.9236389651596,976.0549270867705,976.064697265625,3803904
2025-03-10,976.064697265625,977.0017408217341,976.0549270867705,976.064697265625,4529787
2025-03-11,976.0548095703125,976.0743499256688,971.4770643083243,976.0548095703125,3868661
2025-03-12,976.0549270867705,976.0744674444794,976.0549270867705,976.064697265625,2381581
2025-03-13,978.9928913574219,978.9928913574219,976.0549270867705,976.064697265625,2795144
2025-03-17,976.0645797479907,976.0743499256688,976.0548095703125,976.0548095703125,3978630
2025-03-18,976.0548095703125,976.0548095703125,976.0548095703125,976.0548095703125,0
2025-03-19,976.064697265625,976.0744674444794,975.5766649169922,976.064697265625,3132736
2025-03-20,976.064697265625,976.0744674444794,975.6059754535555,976.064697265625,3179569
2025-03-21,977.5775856315344,977.5775856315344,975.6352264158576,976.064697265625,4114816
2025-03-24,976.0744674444794,976.0744674444794,976.0549270867705,976.064697265625,4150893
2025-03-25,976.0549270867705,976.9724302851706,976.0549270867705,976.064697265625,4379826
2025-03-26,976.9039809887529,976.9039809887529,976.0548095703125,976.0548095703125,2579221
2025-03-27,976.0548095703125,976.0743499256688,976.0548095703125,976.0548095703125,4514266
2025-03-28,980.072998046875,980.0828083478808,980.0631877458692,980.072998046875,3896815
2025-04-01,980.0729206517937,980.0827309520248,980.0631103515625,980.0631103515625,3607622
2025-04-02,980.0827309520248,980.0827309520248,980.0631103515625,980.0631103515625,4648565
2025-04-03,980.0828083478808,980.0828083478808,980.0631877458692,980.072998046875,6694564
2025-04-04,980.0631877458692,980.0828083478808,980.0631877458692,980.072998046875,18066564
2025-04-07,980.0533000513313,980.0729206517937,978.7498461364753,980.0631103515625,15263249
2025-04-08,977.6227383501641,980.0827309520248,977.6227383501641,980.0631103515625,4505557
2025-04-09,980.0631877458692,980.0828083478808,980.0631877458692,980.072998046875,4325056
2025-04-11,980.072998046875,980.0828083478808,979.533969861731,980.072998046875,3243046
2025-04-15,980.072998046875,980.5630345458984,980.0631877458692,980.072998046875,6409280
2025-04-16,980.072998046875,980.0828083478808,980.0631877458692,980.072998046875,4167075
2025-04-17,980.072998046875,980.5238531607836,980.0631877458692,980.072998046875,4090040
2025-04-21,980.072998046875,980.0828083478808,979.641763534978,980.072998046875,4034697
2025-04-22,980.5140428597778,980.5140428597778,980.0631877458692,980.072998046875,3254614
2025-04-23,980.0729206517937,980.0827309520248,980.0631103515625,980.0631103515625,3114054
2025-04-24,980.072998046875,980.0828083478808,980.0631877458692,980.072998046875,5673334
2025-04-25,980.072998046875,980.0828083478808,980.0631877458692,980.072998046875,3866076
2025-04-28,981.5920217150232,981.5920217150232,979.7396695384543,980.0631103515625,3628016
2025-04-29,980.0827309520248,980.7197424591061,980.0631103515625,980.0631103515625,2678698
2025-04-30,983.5435606226474,983.5632509007901,983.5435606226474,983.5534057617188,3737677
2025-05-02,983.5632083436969,983.5632083436969,983.0124208615555,983.5435180664062,1803943
2025-05-05,983.5533632050516,983.5632083436969,983.0124208615555,983.5435180664062,4058729
2025-05-06,983.5435606226474,983.5632509007901,983.5435606226474,983.5534057617188,3888844
2025-05-07,984.2024820109804,984.2024820109804,983.5435180664062,983.5435180664062,3746057
2025-05-08,983.9861716615073,983.9861716615073,983.5435606226474,983.5534057617188,4214413
2025-05-09,983.5435606226474,983.5632509007901,982.6780288230702,983.5534057617188,2914237
2025-05-12,984.4188949671787,984.4188949671787,983.5435180664062,983.5435180664062,6504982
2025-05-13,983.1599178472363,983.5632083436969,983.1599178472363,983.5435180664062,2490154
2025-05-14,984.2024820109804,985.0778589117527,983.5435180664062,983.5435180664062,2660864
2025-05-15,983.5534057617188,983.5632509007901,983.5435606226474,983.5534057617188,2588090
2025-05-16,983.5534057617188,983.5632509007901,983.5435606226474,983.5534057617188,3098335
2025-05-19,983.5435606226474,984.4976386425309,983.5435606226474,983.5534057617188,4518552
2025-05-20,983.5533632050516,984.2024820109804,983.5435180664062,983.5435180664062,3620619
2025-05-21,983.5632509007901,983.5632509007901,983.5435606226474,983.5534057617188,2793052
2025-05-22,983.5534057617188,983.5632509007901,983.5435606226474,983.5534057617188,2666477
2025-05-23,983.5632083436969,983.5632083436969,983.5435180664062,983.5435180664062,3092411
2025-05-26,983.5534057617188,983.5632509007901,983.5435606226474,983.5534057617188,3655300
2025-05-27,984.4188949671787,984.4188949671787,983.5435180664062,983.5435180664062,3945218
2025-05-28,983.5435180664062,983.5632083436969,983.5435180664062,983.5435180664062,1770583
2025-05-29,983.5534057617188,983.7501284491383,983.5435606226474,983.5534057617188,5230750
2025-05-30,988.6232442249358,988.6232442249358,987.0833811465502,987.09326171875,3045107
2025-06-02,987.0932545955661,987.1031351676946,987.0833740234375,987.0833740234375,4186099
2025-06-03,984.6255214590772,988.623237090711,984.6255214590772,987.0833740234375,3486196
2025-06-04,987.1919398220692,987.1919398220692,987.0833740234375,987.0833740234375,1604054
2025-06-05,987.0833811465502,987.1031422909498,987.0833811465502,987.09326171875,2138788
2025-06-06,987.09326171875,987.1031422909498,987.0833811465502,987.09326171875,3412668
2025-06-09,987.09326171875,987.1919469459652,987.0833811465502,987.09326171875,2257366
2025-06-10,987.09326171875,987.1031422909498,986.2147342564464,987.09326171875,2517360
2025-06-11,987.0833811465502,987.1031422909498,987.0833811465502,987.09326171875,2186349
2025-06-12,987.0833811465502,987.1031422909498,986.3233000558615,987.09326171875,3613767
2025-06-13,986.3233000558615,987.1031422909498,986.3233000558615,987.09326171875,8161078
2025-06-16,987.0833740234375,987.1031351676946,987.0833740234375,987.0833740234375,1802281
2025-06-17,987.0833811465502,987.1031422909498,986.3233000558615,987.09326171875,2016257
2025-06-18,987.0833740234375,987.1031351676946,987.0833740234375,987.0833740234375,1744417
2025-06-19,986.4319261026681,987.1031422909498,986.4319261026681,987.09326171875,2821123
2025-06-20,987.0932545955661,987.1031351676946,957.4804569576991,987.0833740234375,4146243
2025-06-23,982.4539042494887,987.5868012228639,982.4539042494887,987.0833740234375,3603645
2025-06-24,987.0833740234375,987.1031351676946,987.0833740234375,987.0833740234375,2091285
2025-06-25,987.09326171875,987.1031422909498,987.0833811465502,987.09326171875,2058465
2025-06-26,987.0833740234375,987.1031351676946,987.0833740234375,987.0833740234375,6810573
2025-06-27,987.09326171875,987.1031422909498,984.4774404762387,987.09326171875,4233463
2025-06-30,990.239343216082,991.7742021101843,990.2294311523438,990.2294311523438,3654645
2025-07-01,990.2393798828125,990.2492919469178,990.2294678187072,990.2393798828125,2538487
2025-07-02,990.73446288769,990.73446288769,987.7637448580417,990.2294311523438,4654085
2025-07-03,990.2393798828125,990.2492919469178,990.2294678187072,990.2393798828125,5320239
2025-07-04,990.2393798828125,990.734499572754,990.2294678187072,990.2393798828125,13514627
2025-07-07,990.239343216082,990.239343216082,989.4669275174551,990.2294311523438,9610167
2025-07-08,990.239343216082,990.239343216082,989.6947236651957,990.2294311523438,3436931
2025-07-09,990.239343216082,990.239343216082,989.9026352460468,990.2294311523438,2593059
2025-07-10,989.962083845526,990.2492919469178,989.962083845526,990.2393798828125,2332340
2025-07-11,990.2492919469178,990.2492919469178,990.2294678187072,990.2393798828125,3607325
2025-07-14,989.6055755309645,990.2492552798202,989.6055755309645,990.2294311523438,3408645
2025-07-15,990.239343216082,990.2492552798202,990.2294311523438,990.2294311523438,2498951
2025-07-16,990.2393798828125,990.2492919469178,990.2294678187072,990.2393798828125,2068046
2025-07-17,990.2294311523438,990.2492552798202,989.7541356082122,990.2294311523438,2413011
2025-07-18,990.2294678187072,991.7742388337479,990.2294678187072,990.2393798828125,1629206
2025-07-21,990.2294311523438,990.2492552798202,990.2294311523438,990.2294311523438,1794214
2025-07-22,990.2393798828125,990.2492919469178,990.2294678187072,990.2393798828125,2940228
2025-07-23,991.7742021101843,991.7742021101843,990.2294311523438,990.2294311523438,1729881
2025-07-24,990.2294678187072,990.2492919469178,989.69476031176,990.2393798828125,1773644
2025-07-25,990.2393798828125,990.2492919469178,989.69476031176,990.2393798828125,4470074
2025-07-28,990.239343216082,990.2492552798202,989.7640476719504,990.2294311523438,1984476
2025-07-29,990.239343216082,990.2492552798202,990.2294311523438,990.2294311523438,5296033
2025-07-30,990.2393798828125,990.2492919469178,990.2294678187072,990.2393798828125,3305094
2025-07-31,993.8683471679688,993.878295557186,993.8583987787515,993.8683471679688,6094319
2025-08-01,993.8583984375,993.8782952159277,993.8583984375,993.8583984375,3336184
2025-08-04,994.8224822775951,994.8224822775951,993.8583984375,993.8583984375,4250654
2025-08-05,995.4088309738971,995.4088309738971,993.3217317092084,993.8683471679688,3118805
2025-08-06,993.8583984375,993.9677093970326,993.8583984375,993.8583984375,3103421
2025-08-07,993.8583984375,993.8782952159277,993.8583984375,993.8583984375,3634966
2025-08-08,993.8683471679688,994.7429561663494,993.8583987787515,993.8683471679688,2064005
2025-08-11,993.8683468267138,993.8782952159277,993.8583984375,993.8583984375,3263191
2025-08-12,993.8683471679688,993.878295557186,993.8583987787515,993.8683471679688,1885517
2025-08-13,993.3217313681412,993.8782952159277,993.3217313681412,993.8583984375,1558738
2025-08-14,993.8583987787515,993.878295557186,993.8583987787515,993.8683471679688,3184379
2025-08-18,993.8683468267138,993.8782952159277,991.8806101330605,993.8583984375,2549396
2025-08-19,994.7926371099535,994.7926371099535,993.8583984375,993.8583984375,1862542
2025-08-20,993.8683471679688,993.878295557186,993.8583987787515,993.8683471679688,2600595
2025-08-21,993.8683471679688,995.4088309738971,993.3217317092084,993.8683471679688,4060410
2025-08-22,993.8683471679688,993.878295557186,993.6198800811768,993.8683471679688,2485974
2025-08-25,992.9837894394198,994.8224822775951,992.9837894394198,993.8583984375,1833682
2025-08-26,993.8683468267138,994.7429558247942,993.8583984375,993.8583984375,2704602
2025-08-28,993.3217313681412,993.8782952159277,993.3217313681412,993.8583984375,5506871
2025-08-29,996.9128725984096,996.9328305265904,996.3745561636091,996.9228515625,3507471
2025-09-01,996.922820760657,996.9327997244391,996.912841796875,996.912841796875,3661711
2025-09-02,996.922820760657,996.9327997244391,996.912841796875,996.912841796875,2693635
2025-09-03,996.912841796875,996.9327997244391,996.4343383140588,996.912841796875,3057207
2025-09-04,996.9128725984096,996.9328305265904,996.9128725984096,996.9228515625,2045966
2025-09-05,996.922820760657,996.9327997244391,996.912841796875,996.912841796875,1699291
2025-09-08,996.4841722856288,997.2218854374172,996.4841722856288,996.912841796875,3076631
2025-09-09,996.912841796875,996.9327997244391,996.912841796875,996.912841796875,2002121
2025-09-10,996.922820760657,996.9327997244391,996.912841796875,996.912841796875,2978663
2025-09-11,996.912841796875,996.9327997244391,996.5838402287688,996.912841796875,1789593
2025-09-12,996.9128725984096,997.6905016293526,996.4443480648995,996.9228515625,2900482
2025-09-15,996.4841722856288,996.9327997244391,996.4841722856288,996.912841796875,3595653
2025-09-16,996.922820760657,996.9327997244391,996.912841796875,996.912841796875,1788073
2025-09-17,996.9328305265904,996.9328305265904,996.9128725984096,996.9228515625,1754139
2025-09-18,996.9228515625,996.9328305265904,996.9128725984096,996.9228515625,1938983
2025-09-19,996.9228515625,996.9328305265904,996.9128725984096,996.9228515625,975685
2025-09-22,996.912841796875,996.9327997244391,996.4343383140588,996.912841796875,2264642
2025-09-23,996.9128725984096,996.9328305265904,996.4842030739188,996.9228515625,1942511
2025-09-24,997.1720822753907,997.1720822753907,996.9128725984096,996.9228515625,1654535
2025-09-25,996.9228515625,996.9328305265904,996.9128725984096,996.9228515625,1673135
2025-09-26,996.9228515625,996.9328305265904,996.9128725984096,996.9228515625,4151519
2025-09-29,996.922820760657,997.6904708037916,996.4841722856288,996.912841796875,3804834
2025-09-30,1000.0,1000.010009765625,999.989990234375,1000.0,6345930
2025-10-01,1000.0,1000.989990234375,999.989990234375,1000.0,8177933
2025-10-03,1000.0,1000.010009765625,999.989990234375,1000.0,13839374
2025-10-06,999.989990234375,1000.010009765625,998.6099853515625,999.989990234375,10941036
2025-10-07,999.989990234375,1000.010009765625,999.989990234375,1000.0,3938239
2025-10-08,1000.0,1000.010009765625,999.989990234375,1000.0,2506646
2025-10-09,999.989990234375,1000.010009765625,999.989990234375,999.989990234375,2340913
2025-10-10,1000.0,1000.010009765625,999.989990234375,1000.0,2494471
2025-10-13,1000.0,1000.969970703125,999.989990234375,999.989990234375,2818015
2025-10-14,999.989990234375,1000.010009765625,999.5599975585938,999.989990234375,2550786
2025-10-15,999.989990234375,1000.010009765625,999.989990234375,999.989990234375,2228759
2025-10-16,1000.0,1000.010009765625,999.989990234375,1000.0,2441386
2025-10-17,999.989990234375,1000.010009765625,999.989990234375,1000.0,4699425
2025-10-20,1000.0,1000.010009765625,999.5599975585938,1000.0,2604692
2025-10-21,999.989990234375,1000.010009765625,999.5599975585938,1000.0,705053
2025-10-23,999.989990234375,1000.010009765625,999.989990234375,999.989990234375,3419475
2025-10-27,999.989990234375,1000.8499755859375,999.989990234375,1000.0,2226874
2025-10-28,999.97998046875,1000.010009765625,999.97998046875,999.989990234375,4140634
2025-10-29,1029.989990234375,1029.989990234375,999.989990234375,999.989990234375,5983125
2025-10-30,999.989990234375,1000.010009765625,999.989990234375,999.989990234375,2987518
2025-10-31,1000.0,1000.010009765625,999.989990234375,1000.0,1880440
2025-11-03,1000.0,1000.010009765625,999.6300048828125,999.989990234375,1999307
2025-11-04,1000.010009765625,1000.010009765625,999.989990234375,1000.0,1989262
2025-11-06,999.989990234375,1000.5,999.989990234375,1000.0,2712119
2025-11-07,1000.0,1000.010009765625,999.989990234375,1000.0,2335610
2025-11-10,999.989990234375,1000.010009765625,999.989990234375,1000.0,1780130
2025-11-11,999.989990234375,1000.010009765625,999.989990234375,999.989990234375,1774276
2025-11-12,1000.0,1000.010009765625,999.989990234375,999.989990234375,2080643
2025-11-13,999.989990234375,1000.010009765625,999.989990234375,999.989990234375,1618273
2025-11-14,999.0,1000.010009765625,999.0,1000.0,2589261
2025-11-17,1000.010009765625,1000.010009765625,999.989990234375,999.989990234375,2223597
2025-11-18,999.989990234375,1000.010009765625,999.989990234375,1000.0,2433150
2025-11-19,999.989990234375,1000.010009765625,999.989990234375,1000.0,2664301
2025-11-20,1000.0,1000.010009765625,999.989990234375,1000.0,2464407
2025-11-21,1000.0,1000.010009765625,999.989990234375,1000.0,3600701
2025-11-24,999.1099853515625,1000.010009765625,999.1099853515625,999.989990234375,3025072
2025-11-25,1000.0,1000.010009765625,999.989990234375,1000.0,5954978
2025-11-26,1000.0,1000.010009765625,999.989990234375,999.989990234375,1977815
2025-11-27,1000.0,1000.010009765625,999.989990234375,999.989990234375,3168144
2025-11-28,999.989990234375,1000.010009765625,999.989990234375,999.989990234375,1918006
2025-12-01,999.9000244140625,1000.010009765625,999.9000244140625,1000.0,2220101
2025-12-02,1000.0,1000.010009765625,999.989990234375,999.989990234375,1977553
2025-12-03,1000.0,1000.010009765625,999.989990234375,999.989990234375,2487047
2025-12-04,1000.0,1000.010009765625,999.989990234375,999.989990234375,2916573
2025-12-05,1000.0,1000.010009765625,999.989990234375,1000.0,2835394
2025-12-08,1000.0,1000.010009765625,999.0,1000.0,2432399
2025-12-09,1000.0,1000.010009765625,999.989990234375,999.989990234375,4335018
2025-12-10,1000.5,1000.5,999.989990234375,999.989990234375,3421543
2025-12-11,1000.0,1000.010009765625,999.989990234375,999.989990234375,3018481
2025-12-12,999.989990234375,1000.010009765625,999.989990234375,1000.0,2266391
2025-12-15,1000.0,1000.010009765625,999.989990234375,999.989990234375,1969593
2025-12-16,1000.0,1000.010009765625,999.989990234375,1000.0,2052773
2025-12-17,999.989990234375,1000.010009765625,999.989990234375,1000.0,3031875
2025-12-18,1000.989990234375,1000.989990234375,999.0900268554688,1000.0,2343912
2025-12-19,1000.0,1000.0,1000.0,1000.0,0
2025-12-22,1000.0,1000.5,999.989990234375,1000.0,2161879
2025-12-23,1000.0,1000.010009765625,999.989990234375,1000.0,2351254
2025-12-24,1000.0,1000.010009765625,999.989990234375,1000.0,2653141
2025-12-26,999.989990234375,1000.010009765625,999.989990234375,999.989990234375,3502041
2025-12-29,1000.0,1000.010009765625,997.1500244140625,1000.0,3645339
2025-12-30,1000.0,1000.010009765625,999.9000244140625,1000.0,3575253
2025-12-31,999.989990234375,1000.010009765625,999.989990234375,999.989990234375,4074677
2026-01-01,999.989990234375,1000.5,999.989990234375,1000.0,4785423
2026-01-02,1025.0,1025.0,999.989990234375,1000.0,12254248
2026-01-05,1000.0,1000.010009765625,999.0900268554688,999.989990234375,11095430
2026-01-06,999.989990234375,1000.010009765625,999.9000244140625,999.989990234375,3167175
2026-01-07,1000.0,1000.010009765625,999.989990234375,1000.0,2871904
2026-01-08,999.0900268554688,1000.010009765625,999.0900268554688,1000.0,2768683
2026-01-09,999.989990234375,1000.010009765625,999.989990234375,1000.0,2384434
2026-01-12,999.989990234375,1000.010009765625,999.0900268554688,999.989990234375,4216883
2026-01-13,999.0900268554688,1000.010009765625,999.0900268554688,1000.0,3393622
2026-01-14,1000.0,1000.010009765625,999.989990234375,1000.0,1891317
2026-01-15,1000.0,1000.0,1000.0,1000.0,0
2026-01-16,995.0,1002.0,995.0,1000.0,1919904
2026-01-19,1000.0,1000.010009765625,999.4000244140625,1000.0,3196301
2026-01-20,970.0,1000.010009765625,970.0,1000.0,2930886
2026-01-21,999.989990234375,1000.010009765625,999.989990234375,999.989990234375,5225931
2026-01-22,999.989990234375,1000.010009765625,999.989990234375,999.989990234375,3704766
2026-01-23,1000.989990234375,1000.989990234375,999.989990234375,1000.0,5134105
2026-01-27,999.989990234375,1000.010009765625,999.989990234375,1000.0,5632428
2026-01-28,999.989990234375,1000.010009765625,999.989990234375,999.989990234375,5932859
2026-01-29,999.989990234375,1000.010009765625,998.0,999.989990234375,3547635
2026-01-30,1000.8499755859375,1000.8499755859375,999.989990234375,1000.0,4198968
2026-02-02,1000.0,1000.010009765625,998.0900268554688,999.989990234375,4127700
2026-02-03,999.989990234375,1000.010009765625,998.0900268554688,999.989990234375,3564022
2026-02-04,1000.0,1000.010009765625,999.989990234375,999.989990234375,3148815
2026-02-05,999.989990234375,1000.010009765625,999.989990234375,1000.0,2194126
2026-02-06,1001.8800048828125,1001.8800048828125,999.989990234375,1000.0,4456795
2026-02-09,1000.0,1000.010009765625,999.989990234375,999.989990234375,2536418
2026-02-10,999.989990234375,1000.010009765625,999.989990234375,1000.0,3055840
2026-02-11,1000.0,1000.010009765625,999.989990234375,999.989990234375,2412576
2026-02-12,1000.0,1000.010009765625,999.989990234375,1000.0,2669409
2026-02-13,1000.0,1000.010009765625,999.989990234375,1000.0,4447046
2026-02-16,999.989990234375,1000.010009765625,999.989990234375,999.989990234375,4751501
2026-02-17,1000.0,1000.010009765625,999.989990234375,999.989990234375,2290610
2026-02-18,999.989990234375,1000.010009765625,999.989990234375,1000.0,2739077
2026-02-19,1000.0999755859375,1000.0999755859375,999.989990234375,1000.0,3740200
2026-02-20,1000.0,1000.010009765625,999.9500122070312,1000.0,3238589
2026-02-23,1000.0,1000.010009765625,999.989990234375,1000.0,4198430
2026-02-24,1000.0,1000.010009765625,999.9500122070312,1000.0,4230898
2026-02-25,1000.0,1000.010009765625,999.989990234375,999.989990234375,4951315
2026-02-26,1000.0,1000.010009765625,999.989990234375,999.989990234375,3646806
2026-02-27,999.989990234375,1000.010009765625,999.989990234375,999.989990234375,2711448
2026-03-02,999.989990234375,1000.010009765625,999.97998046875,999.989990234375,4088184
2026-03-04,999.989990234375,1000.010009765625,999.989990234375,999.989990234375,3731779
2026-03-05,1000.0,1000.010009765625,999.989990234375,1000.0,2405298
2026-03-06,1000.0,1000.010009765625,999.989990234375,1000.0,3795516
2026-03-09,999.989990234375,1000.010009765625,997.0,999.989990234375,5450727
2026-03-10,999.989990234375,1000.010009765625,999.989990234375,999.989990234375,3273313
2026-03-11,999.989990234375,1000.010009765625,999.989990234375,1000.0,3390055
2026-03-12,1000.0,1000.010009765625,998.0900268554688,999.989990234375,3197887
2026-03-13,1000.0,1000.010009765625,999.989990234375,1000.0,5804837
2026-03-16,999.989990234375,1000.010009765625,999.989990234375,999.989990234375,4422305
2026-03-17,1000.0,1000.010009765625,999.989990234375,1000.0,3701133
2026-03-18,999.0,1000.010009765625,999.0,1000.0,3971089
2026-03-19,1000.0,1000.010009765625,999.989990234375,1000.0,3911615
2026-03-20,999.989990234375,1000.010009765625,999.0,999.989990234375,2486750
2026-03-23,1000.0,1000.010009765625,999.989990234375,1000.0,3765898
2026-03-24,1000.0,1000.010009765625,999.989990234375,999.989990234375,5766034
2026-03-25,1000.0,1000.010009765625,999.989990234375,999.989990234375,4676396
2026-03-27,1000.010009765625,1000.010009765625,999.989990234375,1000.0,4565204
2026-03-30,1000.0,1000.010009765625,999.989990234375,1000.0,6407847
2026-04-01,1000.0,1000.010009765625,999.989990234375,1000.0,3062381
2026-04-02,1000.0,1000.010009765625,999.989990234375,1000.0,4870565
2026-04-06,998.0900268554688,1000.010009765625,998.0900268554688,999.989990234375,5886068
2026-04-07,1000.030029296875,1001.8800048828125,999.989990234375,1000.0,2581350
2026-04-08,1000.0,1000.010009765625,999.0,999.989990234375,4897526
2026-04-09,1000.02001953125,1000.02001953125,999.989990234375,999.989990234375,3148131
2026-04-10,1000.0,1000.010009765625,999.0,1000.0,3261766
2026-04-13,1000.0,1000.010009765625,999.989990234375,1000.0,3932865
2026-04-15,1000.02001953125,1000.02001953125,999.989990234375,1000.0,5121937
2026-04-16,1000.0,1000.010009765625,999.989990234375,1000.0,7375739
2026-04-17,1000.0,1000.010009765625,999.989990234375,1000.0,17957001
2026-04-20,999.0,1000.010009765625,999.0,999.989990234375,11672917
2026-04-21,999.989990234375,1000.010009765625,970.2999877929688,999.989990234375,5653284
2026-04-22,999.989990234375,1000.010009765625,998.0900268554688,999.989990234375,5077832
2026-04-23,999.989990234375,1000.010009765625,999.989990234375,1000.0,2988556
2026-04-24,999.989990234375,1000.010009765625,999.989990234375,999.989990234375,3379934
2026-04-27,999.989990234375,1000.010009765625,997.1500244140625,999.989990234375,2769743
2026-04-28,999.989990234375,1000.010009765625,999.989990234375,1000.0,5078706
2026-04-29,1000.0,1000.010009765625,999.0,999.989990234375,2768222
2026-04-30,999.989990234375,1000.010009765625,999.989990234375,999.989990234375,2874888
2026-05-01,999.989990234375,999.989990234375,999.989990234375,999.989990234375,0
2026-05-04,1000.010009765625,1002.97998046875,969.989990234375,999.989990234375,2801024
2026-05-05,1000.0,1000.010009765625,999.989990234375,1000.0,1897500
2026-05-06,1000.0,1000.010009765625,999.989990234375,999.989990234375,2776175
2026-05-07,999.989990234375,1000.010009765625,999.989990234375,1000.0,2318196
2026-05-08,999.989990234375,1000.010009765625,999.989990234375,1000.0,2516506
2026-05-11,1000.0,1000.010009765625,999.989990234375,1000.0,2710219
2026-05-12,999.0,1000.010009765625,999.0,1000.0,3850117
2026-05-13,999.989990234375,1000.010009765625,970.2999877929688,1000.0,4089279
2026-05-14,999.989990234375,1003.0,999.989990234375,1000.0,2472326
2026-05-15,1000.0,1000.010009765625,999.989990234375,1000.0,6542842
2026-05-18,999.9400024414062,1000.010009765625,995.0,1000.0,2313957
2026-05-19,995.0,1000.010009765625,995.0,999.989990234375,2903192
2026-05-20,1000.0,1000.010009765625,999.989990234375,999.989990234375,2812289
2026-05-21,999.989990234375,1000.010009765625,999.989990234375,1000.0,1745942
2026-05-22,999.989990234375,1000.010009765625,999.989990234375,1000.0,1725090
2026-05-25,1000.0,1000.010009765625,999.989990234375,999.989990234375,3414550
2026-05-26,1000.0,1000.010009765625,999.989990234375,1000.0,3960094
2026-05-27,1000.0,1000.010009765625,999.989990234375,999.989990234375,3955477
2026-05-28,999.989990234375,999.989990234375,999.989990234375,999.989990234375,0
2026-05-29,999.989990234375,1000.010009765625,999.989990234375,999.989990234375,6224058
2026-06-01,999.989990234375,1000.010009765625,999.989990234375,999.989990234375,2245422
2026-06-02,974.989990234375,1000.010009765625,974.989990234375,1000.0,2706538
2026-06-03,1000.0,1000.010009765625,997.0,1000.0,2660112
2026-06-04,1000.0,1000.010009765625,975.010009765625,999.989990234375,2273252
2026-06-05,999.989990234375,1000.010009765625,999.989990234375,1000.0,2379849
2026-06-08,1000.0,1000.010009765625,997.260009765625,999.989990234375,3082839
2026-06-09,999.0,1000.010009765625,998.0599975585938,1000.0,2213442
2026-06-10,1000.0,1000.010009765625,999.989990234375,999.989990234375,2392444
2026-06-11,997.0,1000.010009765625,997.0,1000.0,2570991
2026-06-12,1000.0,1000.010009765625,999.989990234375,999.989990234375,2538926
2026-06-15,999.989990234375,1000.010009765625,998.0900268554688,999.989990234375,2680064
2026-06-16,1000.0,1000.010009765625,999.989990234375,1000.0,2031814
2026-06-17,999.989990234375,1000.010009765625,998.0900268554688,999.989990234375,3391689
2026-06-18,999.989990234375,1000.010009765625,999.0499877929688,999.989990234375,2720266
2026-06-19,999.989990234375,1000.010009765625,999.0900268554688,1000.0,3972075
2026-06-22,1000.0,1000.010009765625,999.989990234375,1000.0,3217873
2026-06-23,1000.0,1000.010009765625,999.0999755859375,1000.0,3401970
2026-06-24,999.1099853515625,1003.0,999.1099853515625,999.989990234375,4855377
2026-06-25,999.989990234375,1000.010009765625,999.989990234375,999.989990234375,2561339
2026-06-26,999.989990234375,999.989990234375,999.989990234375,999.989990234375,0
2026-06-29,1000.0,1000.010009765625,999.989990234375,1000.0,2860331
2026-06-30,1000.0,1000.010009765625,999.989990234375,1000.0,6804281
2026-07-01,999.989990234375,1000.010009765625,999.989990234375,1000.0,3263342
2026-07-02,1000.969970703125,1000.969970703125,999.1099853515625,1000.0,4816380
2026-07-03,1000.0,1000.010009765625,999.1799926757812,1000.0,14472549
2026-07-06,1000.0,1000.0,998.0999755859375,999.989990234375,10132069
2026-07-07,999.989990234375,1000.010009765625,999.97998046875,1000.0,4297354
2026-07-08,1000.0,1000.010009765625,999.989990234375,1000.0,3761949
2026-07-09,1000.0,1000.010009765625,999.989990234375,999.989990234375,2868723
2026-07-10,999.1099853515625,1000.010009765625,999.1099853515625,1000.0,3183564
2026-07-13,1000.0,1000.010009765625,999.5,999.989990234375,2425128
2026-07-14,1000.0,1005.0,999.1099853515625,1000.0,2981014
2026-07-15,1000.0,1000.010009765625,999.1099853515625,1000.0,3646592
2026-07-16,1000.0,1000.010009765625,999.989990234375,1000.0,2299883
2026-07-17,1000.0,1000.010009765625,999.1099853515625,1000.0,3514326
2026-07-20,980.0,1002.97998046875,980.0,1000.0,3677960
2026-07-21,1001.0,1001.0,999.1099853515625,1000.0,2870847
2026-07-22,1000.0,1000.010009765625,999.5999755859375,1000.0,2902207
2026-07-23,1000.010009765625,1000.010009765625,999.5999755859375,999.989990234375,2142786
2026-07-24,1000.0,1000.010009765625,999.989990234375,999.989990234375,4338278
2026-07-27,1000.969970703125,1000.969970703125,999.989990234375,999.989990234375,2867011
2026-07-28,975.010009765625,1001.0,975.010009765625,1000.0,5583500
2026-07-29,1000.010009765625,1000.010009765625,999.989990234375,1000.0,2770512
2026-07-30,1000.010009765625,1000.969970703125,999.989990234375,999.989990234375,2199229
2026-07-31,1000.0,1000.969970703125,999.989990234375,1000.0,2922698
2026-08-03,1000.0,1000.010009765625,999.219970703125,999.989990234375,2215987
2026-08-04,1001.0,1001.0,999.989990234375,999.989990234375,2882079
2026-08-05,1002.97998046875,1002.97998046875,999.989990234375,1000.0,4078946
2026-08-06,1000.0,1000.010009765625,999.989990234375,999.989990234375,3520701
2026-08-07,999.989990234375,1000.010009765625,999.989990234375,1000.0,3015559
2026-08-10,1000.0,1000.5,999.219970703125,1000.0,2962236
2026-08-11,999.989990234375,1000.47998046875,999.989990234375,1000.0,3399185
2026-08-12,1000.0,1000.969970703125,999.6099853515625,1000.0,1935134
2026-08-13,1000.0,1000.010009765625,999.989990234375,999.989990234375,4110315
2026-08-14,999.989990234375,1000.010009765625,999.0,1000.0,2686770
2026-08-17,999.6199951171875,1000.010009765625,999.6099853515625,999.989990234375,1913872
2026-08-18,999.989990234375,1000.010009765625,999.989990234375,1000.0,2862680
2026-08-19,1000.0,1000.010009765625,999.989990234375,999.989990234375,2458263
2026-08-20,1000.0,1000.8800048828125,999.989990234375,999.989990234375,2354078
2026-08-21,1000.0,1000.010009765625,999.989990234375,999.989990234375,3042098
2026-08-24,1000.0,1000.010009765625,999.6599731445312,999.989990234375,3643933
2026-08-25,999.989990234375,1000.010009765625,999.6199951171875,1000.0,4374134
2026-08-26,1000.77001953125,1000.77001953125,999.989990234375,1000.0,3457981
2026-08-27,999.6599731445312,1000.010009765625,999.6599731445312,1000.0,4828363
2026-08-28,1000.0,1000.010009765625,999.989990234375,1000.0,4166382
2026-08-31,1000.0,1000.010009765625,999.989990234375,999.989990234375,2735032
2026-09-01,1000.010009765625,1000.010009765625,999.989990234375,1000.0,2440409
2026-09-02,1000.0,1000.010009765625,999.989990234375,1000.0,2397673
2026-09-03,1000.0,1000.010009765625,999.6199951171875,1000.0,2625971
2026-09-04,1020.0,1020.0,999.989990234375,1000.0,2607097
2026-09-07,1000.0,1001.0,999.6199951171875,999.989990234375,3518550
2026-09-08,1000.0,1000.02001953125,999.989990234375,1000.0,2577615
2026-09-09,1000.0,1000.010009765625,999.989990234375,999.989990234375,2370214
2026-09-10,999.989990234375,1000.010009765625,999.989990234375,999.989990234375,2258098
2026-09-11,1000.0,1000.010009765625,999.6199951171875,1000.0,3052115
2026-09-14,1000.0,1000.0,1000.0,1000.0,0
2026-09-15,1001.0,1001.0,999.989990234375,999.989990234375,4879279
2026-09-16,999.989990234375,1000.010009765625,999.989990234375,999.989990234375,3811884
2026-09-17,1000.0,1000.010009765625,999.989990234375,999.989990234375,2962685
2026-09-18,999.989990234375,1000.010009765625,999.989990234375,999.989990234375,6909810
2026-09-21,999.989990234375,1000.010009765625,999.989990234375,1000.0,6636668
2026-09-22,1000.0,1000.010009765625,999.219970703125,1000.0,2523773
2026-09-23,1000.0,1000.010009765625,999.989990234375,1000.0,3252975
2026-09-24,999.989990234375,1000.010009765625,999.989990234375,999.989990234375,2147668
2026-09-25,999.989990234375,1000.010009765625,999.989990234375,999.989990234375,4213190
2026-09-28,1000.0,1000.010009765625,999.989990234375,999.989990234375,3571800
2026-09-29,1000.0,1000.010009765625,994.989990234375,1000.0,6333869
2026-09-30,1000.010009765625,1000.010009765625,999.989990234375,1000.0,5812069
2026-10-01,1001.0,1001.0,999.989990234375,999.989990234375,3531595
2026-10-02,999.989990234375,999.989990234375,999.989990234375,999.989990234375,0
