Date,Open,High,Low,Close,Volume
2021-04-19,215.85280471793558,236.64596480544313,209.21879952123976,230.33375549316406,22102730
2021-04-20,231.69521316840456,254.39440091872493,226.42266486479738,249.07235717773438,11705072
2021-04-22,246.54746699731504,268.702083760628,243.37898851543451,259.295654296875,4728296
2021-04-23,258.82531343659156,265.80589201948015,256.30044195539335,262.7364196777344,2300838
2021-04-26,263.3800378731525,290.1141018677958,263.3800378731525,287.1931457519531,4139576
2021-04-27,285.1633316468888,303.3573462962346,282.71270322214957,299.2234802246094,4373976
2021-04-28,299.4215062087401,306.94665607858184,295.16387113057726,304.7930908203125,1970340
2021-04-29,306.32780454071514,306.4515733506306,287.71298761623075,297.8620300292969,3749610
2021-04-30,293.0845135913478,307.88727391527505,291.1537082562297,293.9261474609375,689580
2021-05-03,292.09438430721224,299.5205127218024,282.29190084335204,296.6985778808594,848474
2021-05-04,297.66400530108245,301.00576336475365,288.4803651102446,295.906494140625,587900
2021-05-05,292.5894659061243,302.9860459129409,290.85670257165486,300.0155944824219,582008
2021-05-06,300.01557712062305,303.1097971816856,294.84203513512796,298.0105285644531,281584
2021-05-07,298.5303802912916,315.85801430488226,298.5303802912916,312.7637939453125,2697842
2021-05-10,311.8973966156656,375.31652184072,311.82312324395946,342.4682922363281,3202552
2021-05-11,339.02751130820667,347.8893700080208,334.2500534710506,342.44354248046875,938596
2021-05-12,346.5526629600384,351.6271840962389,314.34802510979364,320.1404113769531,1409480
2021-05-14,329.1755568766535,332.41829382975527,304.2237513511293,320.75927734375,1291314
2021-05-17,320.8087518037613,325.2644289121469,310.7092049379563,320.51171875,2173164
2021-05-18,320.73447811603944,320.73447811603944,304.2237311563532,313.308349609375,1331362
2021-05-19,308.6794381185968,317.8383308294132,308.6794381185968,314.0262451171875,676842
2021-05-20,314.0262175316212,319.3978019960272,304.9910944349097,311.1795349121094,415756
2021-05-21,315.31342273354187,325.2149272286508,311.1547787587986,319.001708984375,1315414
2021-05-24,321.2790669893033,322.7890403524614,315.8579873387583,318.9274597167969,601734
2021-05-25,318.3333980522391,321.79892493616705,310.9072690152506,313.2093811035156,872216
2021-05-26,306.9466251394552,311.7488606406806,305.9564747357796,309.47149658203125,481392
2021-05-27,307.02089978925784,309.4220024414062,301.9958743828125,304.4465026855469,207686
2021-05-28,304.96634903209576,318.3333805643467,304.4712737901605,314.4470520019531,832566
2021-05-31,314.2984899723353,317.590752257909,307.91203779212276,312.46673583984375,471108
2021-06-01,314.86784860279386,315.2639027463168,305.98124211533815,310.06561279296875,327116
2021-06-02,311.8973844954111,315.7094696826425,305.461406720109,305.95648193359375,279100
2021-06-03,307.2189318679599,314.8431025944078,306.60008782253374,308.2833557128906,580872
2021-06-04,310.9072445529989,313.87769593407853,307.4417179417394,310.75872802734375,380764
2021-06-07,313.7291857948295,341.1068405376924,312.66476194147714,331.72515869140625,2295650
2021-06-08,328.2348683178101,351.50340347759453,328.2348683178101,341.97320556640625,2462672
2021-06-09,344.5723899202759,347.8646525716864,322.56628799762905,329.81915283203125,1648102
2021-06-10,331.57662053944443,346.7506877505923,329.8686050285415,343.7059631347656,1125198
2021-06-11,343.58221432527444,346.13186388148887,327.4675214114865,333.1361389160156,998786
2021-06-14,331.8241703681834,349.02803447902915,322.6900264011845,339.176025390625,1202520
2021-06-15,342.4682774855392,353.9787761505754,341.6018958655902,350.9340515136719,1744190
2021-06-16,351.5034253721663,355.48877506714183,333.68071648005645,337.54229736328125,975476
2021-06-17,336.1065874654177,343.0871361575838,327.7398039485144,332.022216796875,533454
2021-06-18,334.571812644724,339.7206067888698,312.9370204565032,337.1462097167969,1099232
2021-06-21,334.1757793891803,350.51326193709576,330.1161564702389,348.5577087402344,656338
2021-06-22,350.5132667737878,353.0381383883267,344.57236394711344,346.4536437988281,691016
2021-06-23,347.8893929150192,348.8052700636164,336.6511784156846,337.66607666015625,402636
2021-06-24,337.1462287902832,345.06743240356445,334.7203480969183,340.61175537109375,314878
2021-06-25,340.11667530109173,340.4879817151759,333.2103699557277,334.79461669921875,227050
2021-06-28,333.68073120339216,343.08716131149964,332.7153283857397,340.240478515625,755846
2021-06-29,340.61175607618895,341.35436891647134,333.18562767336505,334.4975891113281,288388
2021-06-30,342.88909002461793,348.7310018749596,336.6511542531945,338.45819091796875,1182746
2021-07-01,341.47814100907937,344.0030126035377,335.66100703755825,337.41851806640625,279824
2021-07-02,340.48797964204084,340.48797964204084,330.957781738574,334.7698669433594,289698
2021-07-05,339.07702049544827,340.61174154643317,329.3982760497136,332.17071533203125,700086
2021-07-06,333.1856242953785,335.0421563772621,319.32351808398084,322.2196960449219,982870
2021-07-07,324.27428326303453,332.913352272754,324.27428326303453,328.8537292480469,812308
2021-07-08,332.6410500562826,347.54280198627583,330.73499234254376,340.5374755859375,958542
2021-07-09,338.75523402220284,390.61436557328176,335.19068623973214,382.5198974609375,4419464
2021-07-12,391.1094854631008,403.88242210950875,384.00516702281715,391.332275390625,1616146
2021-07-13,395.07003732448715,395.07003732448715,381.034666506336,385.341796875,650124
2021-07-14,383.70807041596305,409.4024882420566,383.70807041596305,391.6540222167969,1570018
2021-07-15,391.18371618782027,415.3681297737869,382.1980884211722,410.6401672363281,2022148
2021-07-16,414.4274690754159,431.95314456341106,408.5608395999484,422.10113525390625,1764134
2021-07-19,407.94197771079416,419.6752663655348,406.4567520637889,411.8035583496094,1110652
2021-07-20,411.65507113496534,413.6601198577679,390.11929772020767,392.6936950683594,769106
2021-07-22,398.98117517986435,429.2302623175182,397.02562180526064,423.908203125,1395546
2021-07-23,420.3188564503076,422.769484801632,411.45699803787966,418.2642822265625,716396
2021-07-26,416.82861514812635,423.19032005995723,412.0016314332132,417.57122802734375,580478
2021-07-27,419.6753007903113,438.1416018060839,413.8581665290441,434.1809997558594,1263070
2021-07-28,435.1711261831977,435.1711261831977,404.00613448196924,422.3734436035156,820236
2021-07-29,425.76471638728356,438.314861928878,421.30903912276545,423.6853942871094,449450
2021-07-30,423.78442308158344,428.2401004270674,416.58108408311693,422.69525146484375,350354
2021-08-02,425.7647060620928,459.4793177925374,422.20015829352286,454.8998718261719,3402276
2021-08-03,457.94461439685153,467.79662413391725,452.3007443596488,456.1871032714844,841332
2021-08-04,455.9147915321477,460.1476787065334,433.6859016116046,437.15142822265625,403084
2021-08-05,437.9930427829061,438.9089198313731,413.4868199744901,429.72528076171875,463746
2021-08-06,432.6957438224334,438.0920758264671,426.75484116125585,432.7452392578125,514600
2021-08-09,435.245408461589,437.99306999469025,420.9624696859817,424.9973449707031,526400
2021-08-10,423.4873685123155,428.98269153929294,389.6242103190116,398.3127746582031,659950
2021-08-11,401.1594816841671,418.784179270247,376.9255413889298,413.7344055175781,1117712
2021-08-12,415.8631809790636,430.66594200785374,408.6598426376463,421.87835693359375,789418
2021-08-13,424.5269895178629,434.37899821271293,415.5908880851128,431.5075378417969,520180
2021-08-16,430.7154561389737,437.15143421921124,423.2893275848535,430.7402038574219,242652
2021-08-17,430.7401915316078,430.7401915316078,417.02660181735376,421.2347412109375,139248
2021-08-18,420.73967919300105,434.1809839999807,414.724533177702,426.43304443359375,480416
2021-08-20,418.858408896771,436.7801389763785,418.3385859280701,422.22491455078125,465826
2021-08-23,422.2992060906091,430.56696915829116,396.5552920030222,400.81292724609375,303248
2021-08-24,399.99605206181275,418.88315461433433,399.0553970052332,415.7146911621094,225588
2021-08-25,420.29413734107527,425.26963753425275,417.9177821968556,421.4822998046875,424412
2021-08-26,422.69524124317235,435.66621880086996,419.74953747038103,429.0569763183594,368752
2021-08-27,431.68086519421115,449.0084987400319,431.68086519421115,441.26055908203125,620758
2021-08-30,440.61697929046665,468.9847855092515,440.61697929046665,462.30126953125,706930
2021-08-31,464.7766439880832,481.83199258962526,456.5831545499942,474.5296325683594,800842
2021-09-01,479.67840743120996,507.4521160367659,477.7476019272967,492.3028259277344,2093950
2021-09-02,490.05017837464294,519.8289639687952,488.2926674446231,513.8880615234375,1464952
2021-09-03,519.3339931854592,544.5828336549143,515.8684660622007,538.9142456054688,2532386
2021-09-06,539.3845069335689,545.5729478116502,518.0467748727431,539.2112426757812,1292892
2021-09-07,536.6615973626828,537.1566726370027,502.9964787089352,508.98687744140625,703248
2021-09-08,514.8782080501805,522.7994112509525,507.6996176494809,521.0418701171875,606406
2021-09-09,517.3536199148613,524.8787393036638,507.9966858985029,512.8236694335938,688002
2021-09-13,516.8337962406715,531.4137989852856,515.0763153187585,526.1412353515625,343822
2021-09-14,529.6809906306636,529.6809906306636,517.3536055503694,519.1358642578125,266326
2021-09-15,519.8289799921308,523.7895817444518,499.0358207924456,505.7936096191406,290150
2021-09-16,510.8681528696235,514.8287547944831,494.58016536684056,502.4518737792969,414828
2021-09-17,497.5506411787866,516.2149544902048,490.12451220596887,497.69915771484375,936826
2021-09-20,493.11968134387786,506.95704019333505,480.7428004797828,486.5351867675781,430956
2021-09-21,481.7577181745652,507.45213597564225,463.464711690308,504.0608825683594,677092
2021-09-22,509.28387128918035,531.9583412800162,503.1202087722815,522.2053833007812,1049552
2021-09-23,531.7108328539664,570.3267033964332,523.0717936818447,547.7760009765625,3459764
2021-09-24,552.3554133001974,555.4744114417814,511.41271570352956,525.7698974609375,1250308
2021-09-27,530.2255406560379,548.0482479049804,523.7895630383642,545.5233764648438,753626
2021-09-28,546.5382101274519,546.5382101274519,516.3634026685893,521.388427734375,427030
2021-09-29,518.8389172856063,536.6616281847301,514.8783148635788,529.5325317382812,456410
2021-09-30,532.1563122308564,534.186108340721,521.0913942700018,523.5419921875,280948
2021-10-01,525.2748402349941,531.7108184848103,520.1013280462381,522.378662109375,303420
2021-10-04,538.5428629360092,544.4837657353739,520.1013104963145,524.3341674804688,706526
2021-10-05,524.7797461735944,544.4342087198969,513.8880910643311,535.8446655273438,2286168
2021-10-06,542.1816918361827,544.5827947991805,519.8290313992178,521.1657104492188,646294
2021-10-07,542.1073782834961,566.8611398489526,531.0424589505348,555.9942626953125,2913302
2021-10-08,566.3660607382963,585.253192770169,552.3059121786249,576.1190185546875,1872180
2021-10-11,584.1888241768886,599.0410824186739,579.2380714296268,589.0158081054688,815064
2021-10-12,591.2187859660556,595.0803967407962,575.6734728676022,590.9217529296875,1093142
2021-10-13,587.6543335944103,591.6149356742379,577.8518192732405,584.48583984375,464342
2021-10-14,589.040528125865,606.4671519091702,583.4956493337314,592.654541015625,601920
2021-10-18,596.4667225030148,602.6551635132387,582.2333081794999,586.2186279296875,295274
2021-10-19,591.614922122444,595.5755241115482,540.2260871402204,547.5780029296875,619186
2021-10-20,551.0682938981278,560.9203042681899,510.44740256346324,520.72021484375,685170
2021-10-21,524.2846747004218,539.607229074492,495.57031102466686,508.51654052734375,818354
2021-10-22,524.2846900684359,536.1664960756526,510.05127662229097,520.9429321289062,1183770
2021-10-25,523.2450413395562,524.7797625205068,470.3214852778127,478.76251220703125,929288
2021-10-26,475.2722623947228,529.7305424607848,472.8216337483507,524.1114501953125,1214192
2021-10-27,526.2649816680804,548.3206078485557,519.2596549146755,530.2008056640625,737406
2021-10-28,533.4435290548097,535.275283124838,512.4028330132047,518.1704711914062,282240
2021-10-29,517.3536489642147,543.3698781646722,500.12503588421225,526.8590698242188,841916
2021-11-01,519.7299774916924,574.1882503674694,518.096205131825,569.3612670898438,1199966
2021-11-02,568.3464152659907,589.1395768001123,555.9695334004422,583.2481689453125,647448
2021-11-03,585.0551821914094,593.3971881455888,544.756044375497,585.1294555664062,546436
2021-11-04,591.0208497380909,591.0208497380909,571.4158217524723,579.2132568359375,138674
2021-11-08,579.2380055134606,582.6787541076596,565.8709746169961,570.9454956054688,214294
2021-11-09,577.1587098113312,603.991762290306,574.6090603673249,586.0205078125,922452
2021-11-10,583.1986217414395,613.8932860436205,577.1834456018757,610.7247924804688,847110
2021-11-11,620.3292572633244,626.7652351918346,601.5163987030639,612.0862426757812,1290202
2021-11-12,611.4178947622623,631.2209034995016,603.0758894184976,620.6262817382812,826108
2021-11-15,630.7258474246499,646.9147833851094,622.7303703175162,635.9736328125,971626
2021-11-16,638.6470860920418,722.1415408683152,636.1717097893594,701.2493286132812,4838454
2021-11-17,698.006591290248,723.7999991456445,689.4417654851752,707.363525390625,1156958
2021-11-18,692.1151935306326,693.1053440220928,667.8565064898594,681.5453491210938,1148046
2021-11-22,690.0854529487704,733.6025826564656,673.3023886737077,680.7532958984375,1063008
2021-11-23,681.6691144472015,683.525646609197,659.4897193783003,672.138916015625,546854
2021-11-24,675.5053904161892,691.7438825428394,668.3515773360767,688.6991577148438,1670310
2021-11-25,695.9768553275469,713.3539856319159,688.7239903623832,700.1602172851562,488030
2021-11-26,697.065957031464,697.065957031464,658.9451625063058,673.030029296875,486842
2021-11-29,650.0832379574446,732.7113015501315,576.2675371651034,695.9767456054688,532176
2021-11-30,712.9083091669481,751.5241759134911,670.8269159175102,701.9176635742188,1579478
2021-12-01,700.1848959076259,761.9207506177435,688.9714302785987,737.860107421875,1657866
2021-12-02,746.3011390343697,746.3011390343697,705.4822100708816,710.1854248046875,733008
2021-12-03,717.1659400185282,724.790110370148,695.5063994934641,707.6357421875,357996
2021-12-06,711.7696266125986,720.3096742414932,699.9868725212407,709.2942504882812,428438
2021-12-07,717.8591470785074,723.527734790461,705.9773405061735,707.9576416015625,358724
2021-12-08,712.9083735328629,727.2655560553998,705.4822446418956,713.4777221679688,499964
2021-12-09,720.7057090749366,722.8097786360346,706.9673725289434,711.5963134765625,365538
2021-12-10,717.3640370023455,717.8838901882623,693.1053497607204,697.4620361328125,417044
2021-12-13,704.8386129197156,706.7694184915625,673.4261123173263,678.77294921875,416282
2021-12-14,682.7087903434009,683.1048747289447,624.4879512740108,646.5435180664062,1238144
2021-12-15,647.533663051258,648.0535162485835,624.9830211870366,632.7804565429688,1066986
2021-12-16,626.4433787903785,663.5740179935934,620.0321792615499,625.23046875,1241892
2021-12-17,631.1961419048062,635.3052904977518,575.4754608883459,586.2433471679688,5157754
2021-12-20,559.4350091978562,567.2819394967099,525.8936624074537,532.2058715820312,2037696
2021-12-21,544.3351844681212,570.1780858327137,542.8499588624783,562.801513671875,2229748
2021-12-22,566.8859973267887,603.3978007589949,559.4598678151535,600.2045288085938,1216016
2021-12-23,602.3828176793544,634.6369826914124,601.9620157985936,631.2704467773438,1196650
2021-12-24,637.0628095553262,642.2610993023795,612.9526103728873,616.9627075195312,560720
2021-12-27,623.6957660546876,630.2307345726562,588.1741201744142,608.8930053710938,655276
2021-12-28,609.9326804223074,621.3194106574641,594.0902731386111,601.318359375,419708
2021-12-29,604.4868712572274,628.6217893356793,604.4868712572274,618.1014404296875,1027698
2021-12-30,618.8193144477116,621.3194687545443,607.036559189097,614.2398681640625,270284
2021-12-31,617.358810902302,624.6116750979357,604.0907705842147,610.7000732421875,173134
2022-01-03,610.5267788497318,662.2621428749814,608.9425622110717,614.6607055664062,687116
2022-01-04,622.6560637378215,623.572001218059,605.4769782266528,610.3782348632812,506730
2022-01-05,621.3194204400578,629.7356994420346,610.031680899105,613.6705322265625,412058
2022-01-06,611.4179063068048,616.9132292483519,589.7831430264669,594.1150512695312,418062
2022-01-07,613.0516691941659,613.0516691941659,585.6987632849464,596.887451171875,772460
2022-01-10,604.9819292490544,611.3684117837347,599.5855971714101,606.3681640625,279504
2022-01-11,608.5217510359431,622.3095845576825,607.5810959812377,617.43310546875,470536
2022-01-12,622.3095958220019,635.7014056495245,609.9327144412938,614.6854248046875,654450
2022-01-13,616.4429334256496,618.0271499847246,600.0559554338895,603.4967041015625,219734
2022-01-14,603.4967336530534,606.1701521071415,590.5257861927613,595.9220581054688,444188
2022-01-17,602.8283163823196,619.8341370492299,590.6247008783796,615.1557006835938,572394
2022-01-18,623.1511911838628,632.2605878440916,609.2148712842031,613.8685302734375,635700
2022-01-19,612.7545480938676,619.7598742289673,599.8083800196328,613.1258544921875,561364
2022-01-20,616.2449453047284,636.1717250183378,612.5071028246031,631.5180053710938,438652
2022-01-21,623.7948139889797,643.5483285187622,616.8637605002133,631.8892822265625,474180
2022-01-24,633.6962984041763,653.6973499093558,577.2577218275544,599.9569091796875,652578
2022-01-25,584.1393168506778,643.1027687840319,572.381279315173,635.7261352539062,438828
2022-01-27,633.2011625555742,651.0238692420485,607.4572528973334,627.3345336914062,670708
2022-01-28,643.573081350812,657.0391651286235,624.784998785957,635.1815795898438,565806
2022-01-31,647.8801897110542,658.4500334239574,633.9685883097212,640.7015991210938,287734
2022-02-01,648.5238185086114,658.4501017346746,635.6766395694151,642.2116088867188,242314
2022-02-02,643.597820187047,689.1447428464379,643.597820187047,679.3917846679688,493516
2022-02-03,675.6291358074616,679.2432091258222,651.0239212831314,659.6134643554688,237370
2022-02-04,660.9254249777457,663.3760231664278,643.5977921131606,648.0782470703125,187602
2022-02-07,635.2310052836185,662.3858691244708,635.2310052836185,653.0784912109375,331554
2022-02-08,663.2770165564065,663.2770165564065,628.745520452798,639.9837036132812,311824
2022-02-09,643.5978000126388,648.5485523204284,635.7508696915901,641.6917724609375,277774
2022-02-10,654.4894245372099,662.9799764355146,637.9291830143064,642.7808837890625,1001048
2022-02-11,641.0729801025168,641.0729801025168,624.3394117796174,637.2608642578125,363374
2022-02-14,608.9425186137132,623.4977421210335,602.4075499046241,605.5017700195312,205274
2022-02-15,613.7943464822214,628.7455955250465,579.9311857860423,609.8832397460938,1020658
2022-02-16,619.3143715505985,641.1224608999822,615.1805052215552,637.0875854492188,314104
2022-02-17,637.0875660032542,647.855452566147,615.6755616885363,626.0474243164062,188246
2022-02-18,623.7700309434936,631.2209375564818,619.5371738579205,628.943603515625,119448
2022-02-21,616.3687633244402,634.7113278042006,615.6013724173849,627.7802734375,517192
2022-02-22,621.3194596440798,628.9931262771341,584.1888146454296,586.7384643554688,1086082
2022-02-23,586.7384607910062,600.1797662856595,583.2729339455187,590.302978515625,843200
2022-02-24,545.0778677404438,573.6932422822493,507.45214753311075,521.8588256835938,2256080
2022-02-25,544.6322826531434,584.1888081021101,540.300374118488,581.6144409179688,1043360
2022-02-28,564.3857053769401,571.5148000579716,547.6026446828821,558.197265625,1024496
2022-03-02,551.5138469988415,556.3656087851751,540.6469690704416,544.2114868164062,743440
2022-03-03,556.8111095109767,559.435032509618,525.7699155090393,536.0675048828125,811090
2022-03-04,522.3291426788911,532.4534069024652,512.4028601990251,516.3386840820312,632932
2022-03-07,487.8966378913862,502.50135713826177,484.45585900846925,492.2285461425781,884690
2022-03-08,489.1838144845033,516.0169277615582,480.29723842840997,510.1502380371094,747400
2022-03-09,519.7299624100534,546.9590980578009,510.9423777237349,533.913818359375,461218
2022-03-10,542.1073952771108,546.4887991247442,522.9975028363322,539.6320190429688,642334
2022-03-11,538.6419095143832,548.5434152039858,526.0917631396107,542.9985961914062,982412
2022-03-14,539.6320353872361,540.9192189811779,510.4225949396701,528.2947998046875,843020
2022-03-15,533.1712561460305,533.1712561460305,505.96689585092906,512.89794921875,838446
2022-03-16,523.6410166784093,538.1467442621985,515.1009694488573,523.22021484375,460234
2022-03-17,531.7107651267554,553.494073940142,525.9184094567895,549.8305053710938,2051924
2022-03-21,556.9595664039496,560.8706723348268,535.2010368500277,548.716552734375,347298
2022-03-22,553.3456055338481,556.4151084706205,521.9825992418629,526.9581298828125,816958
2022-03-23,533.0970191575277,536.1912392714297,527.2551074088863,530.6216430664062,427146
2022-03-24,532.5277327590366,542.429238279833,525.6709522726837,538.567626953125,525926
2022-03-25,540.1270537332565,542.7261985839436,527.7501734918895,533.39404296875,279930
2022-03-28,537.1566106864315,537.1566106864315,525.8441540596942,533.4930419921875,667086
2022-03-29,535.176329698338,542.0826050615527,527.2551259285199,530.8444213867188,534052
2022-03-30,538.1467894487912,556.4645734502681,534.8793049299203,553.2713623046875,1622862
2022-03-31,555.4744191037554,558.9399457826559,548.0482905061117,557.5537109375,1967048
2022-04-01,559.9300566579972,590.0306532850008,559.9300566579972,584.436279296875,1046568
2022-04-04,590.1296082065554,604.4867882719834,586.3917664642049,594.8080444335938,732002
2022-04-05,595.5754942974052,597.4815218224489,580.4756999698317,586.144287109375,345362
2022-04-06,574.8318290741028,594.5853425495144,555.1278714681581,575.326904296875,1514968
2022-04-07,593.5951898736301,604.9324245193151,572.2079645038215,576.02001953125,1281558
2022-04-08,584.0897522426326,588.6444199644744,575.2278939679768,578.6934204101562,352462
2022-04-11,582.6540293798455,584.1392550165854,570.4751912453759,575.1784057617188,242484
2022-04-12,569.3365304718278,577.2082389364537,557.5784934294749,563.370849609375,266472
2022-04-13,568.3463951487558,574.7823734910328,560.5241819130075,562.8262939453125,165306
2022-04-18,562.8262578550913,562.8262578550913,539.7557644404665,541.5133056640625,202330
2022-04-19,544.5828437655824,544.5828437655824,505.7689271776722,515.9427490234375,391534
2022-04-20,517.353619064915,523.2945218675743,491.90673997339326,497.32781982421875,813002
2022-04-21,507.32839692729027,515.8684455703698,485.17377798364913,506.2144775390625,732252
2022-04-22,505.96687672997024,518.3685352108896,499.060571341774,506.90753173828125,293028
2022-04-25,506.4619731186517,506.4619731186517,486.1638881745024,488.0699157714844,511596
2022-04-26,500.02599331701225,504.8777246345111,491.46119769270393,501.0161437988281,145858
2022-04-27,517.353596231785,517.353596231785,490.76805131982485,501.3874206542969,752950
2022-04-28,509.92753036142534,520.2498376999041,502.5508967189129,514.729736328125,502314
2022-04-29,522.3043794767029,524.3094583771998,477.995145388395,499.5804138183594,239760
2022-05-02,499.58042356799024,514.8534829705889,496.6594977180435,509.0611267089844,156000
2022-05-04,510.917635684051,518.8388393380673,500.0259806597786,505.54608154296875,366616
2022-05-05,507.4521117412458,514.97723107835,502.1795484446489,509.9027099609375,222192
2022-05-06,503.49151572132655,503.49151572132655,475.74255474783223,489.80267333984375,508016
2022-05-09,486.163902911293,491.60973074431155,456.65742964828166,465.54400634765625,360746
2022-05-10,465.54397652251646,470.2719691027887,434.3294895773288,439.6268005371094,789232
2022-05-11,440.64172590033075,452.96911187106684,413.8829143362263,443.90924072265625,879468
2022-05-12,449.03324176382756,449.5283170028174,425.76470553130287,435.44342041015625,206032
2022-05-13,445.5676904212879,451.50859296023845,421.6803114625911,426.1607360839844,274756
2022-05-16,438.11685738933454,460.81604597399917,419.8485682081636,455.8405456542969,616590
2022-05-17,463.8607545145098,463.8607545145098,447.05294398784685,456.7316589355469,317736
2022-05-18,462.59831093638564,462.59831093638564,434.5770345496751,450.5184631347656,343098
2022-05-19,436.65636996241625,451.0135521947406,428.7351659721684,446.3598327636719,345510
2022-05-20,458.9347555551002,490.9908779091377,456.2613371252627,489.5799255371094,1003496
2022-05-23,494.0851047527603,496.4119644958969,454.9494118675966,462.994384765625,455496
2022-05-24,460.4199502163661,465.32120693449883,445.64196712686385,447.7955322265625,222748
2022-05-25,449.52832248530746,452.77105929684103,409.3282065456453,421.4575500488281,364456
2022-05-26,423.28934059950956,437.4980063799916,403.09027635465134,435.22064208984375,560162
2022-05-27,442.10219872457475,442.4487574433458,420.8139629517229,437.0029296875,265742
2022-05-30,440.56747355422146,468.68774148694297,440.02287265336014,463.61322021484375,606194
2022-05-31,451.7561534563454,484.5301401669334,451.7561534563454,479.3565979003906,577054
2022-06-01,484.18360896688324,502.5013937641989,479.50514167119667,495.1742858886719,1337190
2022-06-02,496.06540725687074,514.8782670131194,495.4960586248176,512.3781127929688,592016
2022-06-03,518.838905116079,545.572970837709,508.467101940267,540.201416015625,2189472
2022-06-06,540.2013423708497,550.5236486971232,520.8191352782137,530.6958618164062,949510
2022-06-07,528.2452329005912,528.2452329005912,512.4276045988578,518.09619140625,500042
2022-06-08,524.68074692178,550.3008897810163,524.68074692178,544.3847045898438,983694
2022-06-09,534.7801832680977,552.0088236414413,532.205816515291,547.3798828125,394386
2022-06-10,533.2455557628335,546.9591768616235,533.2455557628335,543.4688720703125,1264388
2022-06-13,531.438456192081,549.063181888953,530.2007681759516,547.0333251953125,1173048
2022-06-14,548.0482906539713,551.7365770182005,538.3943234744298,543.1470336914062,775654
2022-06-15,542.8005005760729,542.8005005760729,514.8782451923076,522.9232177734375,570946
2022-06-16,524.6807725922936,527.1808663371027,504.9767535262044,513.71484375,469188
2022-06-17,505.02625152263187,528.5918213864355,491.1889224290155,518.7893676757812,3711084
2022-06-20,524.7797285533152,524.7797285533152,487.7976039033763,502.15478515625,1193512
2022-06-21,509.87795264273177,524.7797038443452,502.50132019057594,510.86810302734375,529278
2022-06-22,513.8880646839156,513.8880646839156,494.4811105329935,500.2487487792969,861338
2022-06-23,504.9520027402286,511.0909176548286,501.8330347366743,506.11541748046875,575322
2022-06-24,505.96686137472227,508.51651077666594,498.045658065529,500.2487487792969,300700
2022-06-27,508.937354622324,517.0813182731805,503.2192415549372,508.6650390625,327940
2022-06-28,506.957056892779,522.3043896698065,490.1492460822805,509.0611267089844,597992
2022-06-29,518.7398986854582,526.710598547162,511.09094940615745,521.2647705078125,308768
2022-06-30,524.2846603750402,541.0677224965061,512.7989393921658,529.2354125976562,399786
2022-07-01,524.8045473768523,530.2008193003217,517.3536406277084,528.19580078125,78134
2022-07-04,533.691152937037,534.5823126164665,520.7944176929293,524.21044921875,111336
2022-07-05,527.4531660355178,529.0868780462256,510.9919145160933,514.9772338867188,108884
2022-07-06,522.2796593767847,542.6025244525522,518.8389102429513,541.7113647460938,220544
2022-07-07,559.3111892231474,559.3111892231474,539.6319506556589,546.0184326171875,195872
2022-07-08,551.1672879905007,551.1672879905007,533.7900987468992,538.8151245117188,124582
2022-07-11,538.1467909713099,549.4097527878668,533.9386513914974,539.6072387695312,112546
2022-07-12,541.1172650483416,549.5335445596149,521.2399810569768,542.7510375976562,623986
2022-07-13,542.7509569784669,563.8906434960786,535.770348426456,545.3995971679688,739236
2022-07-14,541.1419899862348,564.3857472452402,529.730482063515,551.489013671875,621118
2022-07-15,549.038427895926,553.4941049482825,544.0134022445263,544.4342041015625,84612
2022-07-18,547.058148496834,558.4448791895283,547.058148496834,550.4494018554688,756464
2022-07-19,551.464367728256,564.3858204787333,548.8899400060266,557.3804931640625,931658
2022-07-20,565.8710642674708,569.3365913452244,556.959708924676,560.4747314453125,694184
2022-07-21,566.2422637342347,571.8118597709649,546.5630244044547,553.4692993164062,279534
2022-07-22,553.9644381213686,565.8710223005007,551.414848879019,558.5438842773438,404198
2022-07-25,559.4349431665225,574.2871982948374,554.2861493019107,572.4554443359375,497346
2022-07-26,572.4554997473031,579.2132281376222,556.9596212232309,560.8707275390625,493786
2022-07-27,569.7326645579284,573.4952246530211,556.1675896048358,566.83642578125,431770
2022-07-28,566.8611412902137,588.6444515232001,566.8611412902137,579.7825927734375,669050
2022-07-29,578.8172026238896,584.0649878425648,563.6926305557492,566.6135864257812,132550
2022-08-01,566.861144730076,569.8315961435088,555.3754234383985,559.6577758789062,397022
2022-08-02,563.3708731593556,564.3610236885229,537.2556529525687,544.9046020507812,487922
2022-08-03,544.0877085462258,551.3405731627804,539.6320312241912,546.98388671875,480728
2022-08-04,533.1960251505445,535.3990857605332,502.50136075004895,513.5167846679688,16209528
2022-08-05,514.8781860816601,530.5720450799795,514.0365824510809,527.972900390625,3445942
2022-08-08,529.7305064733965,536.859602011799,524.2846788367542,529.4581909179688,892294
2022-08-10,532.2058978845541,535.8446889135248,515.1752970654503,522.4281616210938,492098
2022-08-11,528.7402923188321,541.9587754532101,525.4975257157558,533.7405395507812,1484990
2022-08-12,533.6167959813213,548.0482502494846,529.8790144554578,543.39453125,1043578
2022-08-16,541.6122628096059,553.9891426727139,541.6122628096059,549.7562255859375,1370832
2022-08-17,556.9596387228102,566.2175214328738,548.0730624385616,564.6828002929688,1186200
2022-08-18,563.8907020995154,571.3168307487628,550.5484484666301,553.2713623046875,839214
2022-08-19,555.9695182220183,557.2072063747833,534.6812819944611,542.7014770507812,297980
2022-08-22,543.097566285219,543.097566285219,520.324104070889,523.2945556640625,900684
2022-08-23,519.8289911739729,527.1561287469727,517.3536150255254,522.8489379882812,512156
2022-08-24,521.7845366121255,542.6024750900432,521.7350411738241,538.9636840820312,376946
2022-08-25,547.0581663500973,550.7712308275866,527.4037025561838,529.7553100585938,406866
2022-08-26,530.2256282445401,537.9735685125033,520.3241225817102,523.517333984375,183220
2022-08-29,512.4028752453868,521.5122717809915,506.9322998670837,516.5120239257812,123078
2022-08-30,528.7403523280823,547.0581360697855,520.0765356934929,543.0975341796875,940872
2022-09-01,537.6517251219888,543.0975529086755,526.7600695486151,536.8348388671875,777560
2022-09-02,539.6320253222748,546.5630788585242,535.4486636114921,538.9884033203125,607770
2022-09-05,538.9884217386453,550.4494263145305,535.6962195436183,546.41455078125,575984
2022-09-06,551.4890543105367,552.0089075001647,539.6320261660802,544.0382080078125,321098
2022-09-07,542.1074071637504,549.5335360290073,537.3052013378142,548.4196166992188,258674
2022-09-08,549.5335259882115,552.9990527286777,545.1026266864973,547.5780029296875,159332
2022-09-09,548.0482284135833,550.5236043323439,540.1765209051283,546.7362670898438,330842
2022-09-12,546.7363682040623,548.7661647460429,543.5926522926295,546.4888305664062,146692
2022-09-13,554.4100011529998,554.4100011529998,542.1073933987396,545.3748779296875,284182
2022-09-14,534.0623821519498,537.6516774201784,524.2846467660856,525.4728393554688,732624
2022-09-15,527.2799173123663,531.4880569224123,512.8979571773774,515.1505737304688,390462
2022-09-16,513.9128922205738,524.7797698856472,508.07098004259,513.0712280273438,467240
2022-09-19,509.0363275213125,517.1308558823249,500.42203664597366,510.2492980957031,227474
2022-09-20,514.9525227243861,527.1808569728915,514.9525227243861,523.6906127929688,133990
2022-09-21,523.6906904753147,534.1614850022712,517.8982730504895,532.552490234375,532996
2022-09-22,532.2058327824172,538.2952818334281,528.1462403710657,536.7852783203125,266334
2022-09-23,536.661549790309,536.7853185979175,508.4422616555787,512.774169921875,479030
2022-09-26,504.97673629824465,512.6998978254202,488.1936738580053,496.585205078125,372108
2022-09-27,506.1896804576067,506.1896804576067,485.17373067232984,487.6243591308594,306278
2022-09-28,489.6294315138905,489.6294315138905,472.796872695415,476.73272705078125,269006
2022-09-29,482.69839697370344,484.18362281054556,459.42985886317615,468.66302490234375,586014
2022-09-30,460.91502839138553,463.86073198465397,455.46920098826496,457.54852294921875,420064
2022-10-03,460.4199741242314,462.89535032920037,449.52831882236785,458.5139465332031,745730
2022-10-04,460.91505990453845,483.6885215109926,459.2813176153006,481.3369140625,455752
2022-10-06,495.0752677021867,498.61506795305587,480.2477573911069,493.04547119140625,878236
2022-10-07,497.52587640620385,503.98660234771415,490.12449540691256,498.2189636230469,869040
2022-10-10,498.0457094975661,503.91233921747374,494.08510743396715,499.7784729003906,290698
2022-10-11,502.476622302604,514.2346290688657,480.81708049134215,485.1737365722656,525942
2022-10-12,488.63924436620505,501.5606955802769,471.80668680951715,492.1542663574219,601200
2022-10-13,492.15426908425127,494.08507454854305,484.92618288607,490.02545166015625,321578
2022-10-14,495.075230697005,498.540757311884,482.77262330098205,485.0499572753906,343578
2022-10-17,481.5102009459114,502.99647999304284,477.74764093827395,500.34783935546875,533104
2022-10-18,497.5506362667995,502.50138886646914,483.4162436381418,499.80322265625,822806
2022-10-19,501.5111969410874,515.868378294781,486.16386514920816,509.75421142578125,1154652
2022-10-20,499.20912974404325,504.4816933858558,496.56048917175013,499.4814453125,214342
2022-10-21,501.98154652986995,510.4473512790506,494.10983811313974,497.7734069824219,733992
2022-10-24,499.4318897410478,514.828747640174,497.7733997948579,511.0166320800781,179616
2022-10-25,514.878241480415,514.878241480415,497.4020918274113,499.110107421875,776906
2022-10-27,503.8628156094679,508.8135679121893,500.2982679081097,502.3280944824219,710196
2022-10-28,501.13989025112573,501.13989025112573,488.14416575708566,489.9512023925781,477780
2022-10-31,490.12445710057403,495.7683265721656,481.21310333510905,490.19873046875,448370
2022-11-01,494.58014939315655,500.9666318775233,485.6687953500366,496.1396484375,696388
2022-11-02,487.5996018762964,499.77844034165815,485.17372118358094,487.87188720703125,489744
2022-11-03,487.8719019381069,487.8719019381069,471.8067043357417,473.63848876953125,678700
2022-11-04,473.6384738964994,476.8317151417927,466.36086204413175,469.50457763671875,549138
2022-11-07,471.31161485644736,471.8066900821369,456.95443331145054,460.1476745605469,716486
2022-11-09,465.37071804070916,475.07418050029224,458.93474002525255,472.82159423828125,2832778
2022-11-10,473.29193039392607,477.59909103400616,462.89535033297165,475.44549560546875,1502460
2022-11-11,480.2229653153851,480.2229653153851,463.1428701572606,473.0691223144531,1316984
2022-11-14,475.4454850461864,481.18837584441275,464.35581802432483,468.1183776855469,645278
2022-11-15,469.8016578909772,491.9315272966047,462.8953522076882,487.3520812988281,2955738
2022-11-16,488.2432271339311,501.9815655898855,485.96586280923304,488.2679748535156,1403528
2022-11-17,488.14420489835504,504.9767636879535,478.86154380115005,501.58551025390625,1718704
2022-11-18,501.51114449362774,514.8781740112269,489.6540881929519,512.0067138671875,1732978
2022-11-21,512.0067989955743,512.0067989955743,482.72311611005256,493.1939697265625,975760
2022-11-22,486.16389893843103,488.11945223316087,474.57912591969875,477.74761962890625,680394
2022-11-23,475.7673190423082,496.2881943617777,475.7673190423082,489.2828674316406,1038100
2022-11-24,492.5998546224596,507.15507849408164,483.71324818662544,503.417236328125,1281648
2022-11-25,500.0754810061559,512.4028664005613,491.6344543228595,509.927490234375,1179848
2022-11-28,510.0017679047083,511.0661917519376,490.64430799178064,494.8524475097656,1126786
2022-11-29,496.7832501700119,504.9272438220438,486.8817454786648,493.738525390625,918208
2022-11-30,489.9759811269561,492.50085281597507,485.7183158453812,487.7976379394531,217330
2022-12-01,488.6392706013557,498.5407755780802,488.6392706013557,495.3475341796875,395778
2022-12-02,499.5308529107071,521.314160668954,498.5407025580595,519.30908203125,2424890
2022-12-05,522.700423276376,542.1073470520424,519.8784583600979,538.3447875976562,2147106
2022-12-06,529.7799723082312,533.889120741688,520.8686184916622,522.6261596679688,365676
2022-12-07,520.8191507431582,532.2058812251853,512.452367128262,527.9977416992188,1281882
2022-12-08,533.8891067277161,548.9889002983282,533.8891067277161,538.2952880859375,1667570
2022-12-09,541.092461387176,541.5628191273105,520.3983525389734,522.9974975585938,484890
2022-12-12,516.3635036980008,540.8449514878421,514.0118961787625,536.290283203125,545820
2022-12-13,537.1566495243972,538.839917471456,497.723893534725,508.3680114746094,1321308
2022-12-14,514.7544615566131,519.7052137716322,506.2886873557278,515.5465698242188,720310
2022-12-15,519.7795519193122,523.8639230057188,507.8234717432142,518.4675903320312,1171144
2022-12-16,518.8388506520224,522.0568397066389,500.6448356124596,511.4375,3118380
2022-12-19,512.8979380198272,517.1803508439525,506.4867077511806,514.927734375,281278
2022-12-20,514.878244927514,516.8090504327898,505.7193530706303,509.9522705078125,809214
2022-12-21,513.8880741710939,532.6019415081445,508.0957183179044,513.3187255859375,867856
2022-12-22,514.3831611309183,518.3189850140997,505.273764862399,508.41748046875,535492
2022-12-23,508.4175151776111,514.5812384382716,500.6943531917878,509.1849060058594,1473180
2022-12-26,509.1848571791074,514.3336514872587,503.98656743639407,506.8085021972656,205548
2022-12-27,508.3184548396745,519.7051842882379,497.60006481542564,509.8036804199219,492428
2022-12-28,508.83835574944686,544.0876886571905,507.6253851512825,536.6615600585938,1321834
2022-12-29,533.691074149572,549.508702869372,520.3240435354362,542.0083618164062,597444
2022-12-30,551.5137989197474,551.5137989197474,534.7802321936502,540.0527954101562,378300
2023-01-02,532.7009415506017,547.0581230607945,527.8244626761785,545.1026000976562,392352
2023-01-03,542.5034161601035,547.0580837243054,537.1813578795277,540.3250732421875,147356
2023-01-04,544.5332272540045,544.5332272540045,526.3144356305031,530.423583984375,188614
2023-01-05,535.6961950181868,541.9588485435368,530.0275471814602,533.1465454101562,286350
2023-01-06,535.1762843138895,538.0477446105361,520.8191036986233,523.8390502929688,216584
2023-01-09,527.2551839752886,529.6315695414514,515.3981549505692,521.4380493164062,1023108
2023-01-10,522.7252079957532,524.7550045014048,507.77395912252246,511.4127502441406,428906
2023-01-11,511.4622379875053,517.2546547782161,505.2737972499884,512.4028930664062,448646
2023-01-12,515.3733039969788,515.8188837817563,503.0211712151319,506.1649169921875,1068172
2023-01-13,504.9767720512013,508.93737418493623,500.52109465074955,504.9272766113281,432864
2023-01-16,504.976719664669,510.89284431459686,500.6448115302907,508.26898193359375,319988
2023-01-17,504.9767209014077,544.5827382270082,503.8380539466953,537.8002319335938,1683238
2023-01-18,537.8002417364346,553.9891774397657,512.9227116503325,547.998779296875,1201778
2023-01-19,543.5926951936485,555.722040396057,529.9533461087697,549.1622924804688,876634
2023-01-20,549.038445757998,565.3759288148185,544.8055282469531,555.4496459960938,593000
2023-01-23,559.1627215757741,559.1627215757741,529.730521892803,541.8846435546875,441118
2023-01-24,534.6811798669103,537.9486638793009,527.873896326938,533.5672607421875,611710
2023-01-25,528.0966843678724,535.7703498618189,523.6657855627031,528.146240234375,342258
2023-01-27,529.4582044597996,531.215745779264,495.0752523571892,500.7933654785156,270398
2023-01-30,499.1596319692831,513.3187723489579,495.07526106549284,509.1849060058594,633954
2023-01-31,514.383182194677,515.9179033752549,500.62009635644756,506.1401672363281,877548
2023-02-01,514.8782795041463,522.0073754610023,503.78858139725844,513.96240234375,418686
2023-02-02,510.67011275703004,510.67011275703004,490.5205443392141,502.47662353515625,495830
2023-02-03,502.0062836808034,506.9818139204658,470.32146893171915,482.52508544921875,1034844
2023-02-06,483.66376122232,501.1399111314426,479.28232722300663,494.877197265625,303758
2023-02-07,498.16945441887395,498.16945441887395,490.17397729966405,491.9315185546875,112474
2023-02-08,490.9908620505354,495.7188244796171,485.6935510170274,489.0353088378906,237806
2023-02-09,491.0898582185533,496.2634001813332,486.7084245011304,491.9809875488281,296156
2023-02-10,489.15909604282245,499.7289707891229,481.3121653958858,494.6544494628906,409464
2023-02-13,497.03079439608945,497.05554211474805,490.124488738646,493.0949401855469,498502
2023-02-14,482.6983947753906,490.12452392578126,480.7180936686198,482.6983947753906,104938
2023-02-15,482.69831925663544,483.6141962884281,476.75741686578453,481.80718994140625,114746
2023-02-16,481.9309606738133,484.6538742805391,461.2863187394206,463.11810302734375,1066408
2023-02-17,459.9496027239044,459.9496027239044,443.09229841960706,445.7657165527344,610610
2023-02-20,444.08250101840787,444.08250101840787,423.4873826231929,435.9385070800781,932204
2023-02-21,438.1168503166673,447.57277554341164,431.2105445076181,432.6957702636719,249982
2023-02-22,432.6957591565675,433.6611619166201,418.61086255481115,420.3188781738281,240504
2023-02-23,423.68540592138527,423.68540592138527,396.5552874314003,398.9563903808594,668412
2023-02-24,399.97130231796655,400.11981884799167,351.9984990151762,356.2561340332031,3334292
2023-02-27,354.473879446669,416.85336102527276,353.9788041960452,399.89703369140625,10271222
2023-02-28,396.06017402535184,412.3976562038976,392.3471098938642,406.0606994628906,2861756
2023-03-01,400.9366750943525,430.7649586069342,398.3870557126856,418.2148132324219,3205428
2023-03-02,418.3138272172714,501.8577733952594,413.3878225696,493.7632751464844,13669366
2023-03-03,495.57033632655833,538.4686197846817,478.39121872418656,509.1849060058594,13142818
2023-03-06,495.1247425701004,518.8388589945301,483.5399999174043,490.6443176269531,3480972
2023-03-08,482.6983721143089,484.5054088762016,456.1375726798874,461.5339050292969,1460710
2023-03-09,463.39044402862766,473.7870245036289,456.088083933091,460.1724548339844,803264
2023-03-10,456.9544518145447,457.22673715630066,444.60231839002665,447.3995056152344,392770
2023-03-13,448.01836437042755,449.0332626140833,430.7649733602952,434.601806640625,404536
2023-03-14,433.19085035523307,442.10220499111216,418.3385926287679,420.86346435546875,667636
2023-03-15,428.1410638283873,433.68591258982974,420.6159140962151,427.91827392578125,487046
2023-03-16,428.9826543544936,430.56690101408856,418.78411747452446,423.8091125488281,701570
2023-03-17,430.22037057201845,453.93448593890764,418.833640395774,441.7803649902344,1896546
2023-03-20,442.10216171484575,442.12690943190154,411.407498751441,426.8538513183594,597480
2023-03-21,429.72530741470734,429.9480973156369,418.8336521576525,421.7546081542969,304126
2023-03-22,423.190317604847,432.6957684470836,421.3090376984761,425.4676818847656,232610
2023-03-23,423.80914970577766,423.80914970577766,415.8631982119132,419.2049560546875,215906
2023-03-24,418.8336686659049,419.70005036822795,406.45678720414645,408.9816589355469,421898
2023-03-27,409.42723330423024,412.24916828334165,388.9311057896266,393.7828674316406,836800
2023-03-28,396.0602230049003,410.91248136758406,384.6734915935094,390.06982421875,968898
2023-03-29,390.11926234311886,429.0569393833249,390.11926234311886,428.982666015625,1578236
2023-03-31,430.7154510536159,467.59855577027605,416.70482805699476,460.5684814453125,2512550
2023-04-03,455.4444689296777,470.8165489481507,448.315373451867,453.4146423339844,1388838
2023-04-05,451.0135191857221,463.71221048998774,443.2655800130231,447.05291748046875,538886
2023-04-06,448.0430644060222,465.1974324946632,440.6169362666959,452.7710266113281,872360
2023-04-10,455.96429336495146,469.82640000362534,450.518465756901,466.7569274902344,1165336
2023-04-11,470.32148523690455,482.07952236782717,450.8155083939654,452.10272216796875,1380028
2023-04-12,454.8998694377078,460.0486639893855,449.5530629214238,453.068115234375,480110
2023-04-13,453.0681047438862,457.82081482231627,449.65207360083133,452.9443359375,407128
2023-04-17,456.8059262433122,468.78675299640855,450.6174857940882,467.1034851074219,946646
2023-04-18,467.3262848837448,478.24268802349064,460.6675167762506,462.177490234375,902004
2023-04-19,464.99942654987643,478.7377646779138,463.39043199434053,471.5591735839844,977042
2023-04-20,474.23257452325305,474.7028718177805,463.04385620403497,466.3113708496094,417850
2023-04-21,469.4056264404817,473.76228274619643,446.0875632371853,449.4293212890625,1418682
2023-04-24,455.4692084655319,467.35101390376315,447.34996266260964,449.35504150390625,1472038
2023-04-25,456.4593552638767,456.4593552638767,435.715691348927,442.4734802246094,1203452
2023-04-26,446.5331380971085,454.2315523690651,442.47351490992037,449.0085144042969,692336
2023-04-27,450.5184905697601,478.8368017346871,448.04311424794827,465.6182861328125,2924156
2023-04-28,470.8165473078628,471.4106436317763,453.51366184447465,459.8753967285156,1404372
2023-05-02,460.4199542092991,462.37550737003835,451.0135250372811,453.2413635253906,668564
2023-05-03,453.9344700545219,457.2762277067,448.09255842971265,450.59271240234375,740748
2023-05-04,450.66700146658883,453.711726391118,446.06280760902905,448.6124572753906,552406
2023-05-05,447.5232605441372,449.99863669603025,441.1120302673355,443.63690185546875,799420
2023-05-08,448.66195048250574,491.6097289149001,447.17672471539123,458.31591796875,7539090
2023-05-09,461.88045348899203,484.67866236050764,460.1229424216864,475.0989685058594,3071052
2023-05-10,478.5892322654379,487.00551119972425,473.217647874241,482.8963928222656,927050
2023-05-11,486.1638687771471,494.06032462400356,481.70819177206124,486.7579650878906,1397966
2023-05-12,489.13433181985766,491.01561166807363,468.3659196835003,482.5745849609375,2183476
2023-05-15,480.22300191023834,503.73907674604897,471.33639495520123,497.9962158203125,2475144
2023-05-16,501.9319950998587,502.50134368442644,491.3868990541161,494.23358154296875,1188290
2023-05-17,495.075250602186,496.06540110339034,479.3566113955666,490.3225402832031,871678
2023-05-18,495.07524317837294,495.07524317837294,475.42074998079255,489.876953125,974782
2023-05-19,489.85219926103883,489.85219926103883,474.77715225197505,477.9208679199219,576354
2023-05-22,477.7475788361534,481.856697045957,473.29190193509083,476.1880798339844,372768
2023-05-23,479.55464240277536,490.71858300019124,475.49501939908015,489.82745361328125,791644
2023-05-24,488.63924309308055,495.5702961865994,482.94587805197574,485.2974853515625,850926
2023-05-25,487.7976139669772,492.0800267572049,477.0049800872803,479.2328186035156,817900
2023-05-26,480.1982458170117,512.4028848555998,472.30178951907465,505.10052490234375,1948786
2023-05-29,504.97678672453463,527.2551743741465,495.07528110248495,524.9283447265625,2495412
2023-05-30,525.2748492646513,535.5724388149724,507.6501821489787,520.3240966796875,10026412
2023-05-31,531.710792284315,549.1869719212584,524.6311923847742,540.0775756835938,991117
2023-06-01,544.5827899524809,559.7320809316333,543.3945972330589,553.5436401367188,1081287
2023-06-02,553.3951460249488,571.0693085127347,545.9194613027732,552.0089111328125,823692
2023-06-05,549.4840647357806,558.8904950451154,531.1167839554047,550.8702392578125,1114988
2023-06-06,552.5039628984525,576.2675742059129,544.681750002818,568.296875,3227475
2023-06-07,568.2473294103315,593.5951550608547,557.5536569185956,587.852294921875,2524710
2023-06-08,586.169111614743,587.1592621411193,570.3267031927229,574.4358520507812,2534420
2023-06-09,576.2181248512487,604.9819862515318,566.2671239072325,593.3477172851562,1703170
2023-06-12,595.0804158445774,616.8637255759928,595.0804158445774,607.704833984375,1313871
2023-06-13,607.9523467731028,686.0752376574422,599.6846150907431,672.9061889648438,3350853
2023-06-14,677.2629350381156,702.0166972836607,636.4687227706592,643.3502807617188,4595541
2023-06-15,646.5682490411485,657.1628710280078,630.7753371500534,641.6669921875,2152185
2023-06-16,643.5978111827317,659.3412279683356,614.8834472991944,618.0519409179688,1809974
2023-06-19,618.3489513874243,631.0228649655733,615.3290046243712,623.5472412109375,1131328
2023-06-20,623.7948410046129,638.6470991237703,614.8834861331184,632.2111206054688,1456048
2023-06-21,630.9239162953259,645.5781317387947,630.9239162953259,637.0133056640625,744743
2023-06-22,638.647106531366,645.0830851243178,624.3394189571592,640.2313232421875,722144
2023-06-23,640.2313151697073,657.3609678636989,631.7160446969195,645.1820678710938,1318194
2023-06-26,644.5878767308182,651.0733494252613,634.2902889351051,639.3895874023438,433081
2023-06-27,643.5482752934057,666.7673146472156,643.1026955191819,659.3411865234375,1086206
2023-06-28,661.4205003248329,666.5197993138064,642.1125665578654,661.7670288085938,790158
2023-06-30,657.0143631876601,679.243254371605,652.4596949850039,673.1043090820312,937027
2023-07-03,654.4894480475023,689.9863175388134,654.4894480475023,684.094970703125,1203748
2023-07-04,687.7089600073019,715.3836762479109,685.0355417947341,692.461669921875,3209164
2023-07-05,698.0561198985479,702.7098394513366,668.9456702993946,694.7886352539062,1068883
2023-07-06,698.0561354123793,732.7114045463271,696.1253297595463,720.9285888671875,3435011
2023-07-07,717.8591025702451,727.0674900060724,685.4811695813133,693.7489624023438,1116960
2023-07-10,696.0758409348409,696.6699070949004,663.697905663733,669.09423828125,683955
2023-07-11,668.8961861551712,674.2925186925934,651.8160893160417,655.2816162109375,488916
2023-07-12,656.9648564155292,688.6991678375747,655.9252104778567,676.56982421875,1321922
2023-07-13,673.2033608466664,718.799780078878,665.3811475868553,691.1250610351562,2344967
2023-07-14,691.125057048434,712.809377424553,688.6991762083856,702.6107788085938,756698
2023-07-17,702.9078850059964,706.4229072986245,689.3923061058714,697.7095947265625,624851
2023-07-18,699.9373861677807,707.6605476890671,690.1843678510252,692.1151733398438,338894
2023-07-19,695.234144355702,697.06589846643,683.203792531018,691.0755004882812,385382
2023-07-20,691.9171157502236,698.6006312237495,672.3121491146784,678.2530517578125,504856
2023-07-21,674.3914461085125,712.809331846608,673.3023047890663,699.1947631835938,961926
2023-07-24,697.0164183007074,727.2160068929714,695.2341595853385,714.2945556640625,2387794
2023-07-25,721.4236268500985,731.7212161769287,714.93815319135,720.4830322265625,792562
2023-07-26,722.8097624354302,729.0971930446663,707.3634410008139,720.037353515625,787213
2023-07-27,721.522657152692,727.2160223360719,713.4034112391613,720.2354736328125,372354
2023-07-28,697.0659750057407,744.593200574314,688.303166965132,739.54345703125,1795663
2023-07-31,731.7211898540253,758.10872378352,730.7310393941416,751.8707275390625,1027930
2023-08-01,752.5143492387092,765.3863052125292,740.0384776222942,753.3064575195312,994590
2023-08-02,753.9005661557695,753.9005661557695,707.0169067500453,724.2950439453125,956794
2023-08-03,725.5823260350854,727.9587115780781,701.5216792567618,703.1058959960938,439527
2023-08-04,709.8884173084904,714.641127650124,695.0856551581393,696.0758056640625,579831
2023-08-07,699.6402423167746,737.1669663205195,699.6402423167746,719.591796875,885078
2023-08-08,723.3049246077043,725.7308053670399,709.0962894135785,710.9775390625,363322
2023-08-09,714.3935511380646,716.1758098649171,698.0560686796057,703.5513916015625,297136
2023-08-10,705.9772341915294,708.5021056211258,681.272969660022,685.8276977539062,833794
2023-08-11,689.9863071402453,700.0363582390542,688.2535438772775,689.73876953125,606185
2023-08-14,690.0853441891992,690.3328817930812,666.866304858265,679.49072265625,556188
2023-08-16,680.1343528869965,708.9477061563485,677.015354866485,706.2247924804688,1015281
2023-08-17,707.9575843571452,722.8098413716308,699.7393475625943,709.4428100585938,1215747
2023-08-18,709.3438705670508,709.5418523277274,683.203872154499,689.144775390625,639879
2023-08-21,689.1942057610628,717.7600823848065,683.3523543908217,697.0164184570312,685085
2023-08-22,697.0164589380043,701.5216316415649,688.1545998459952,688.8477172851562,1280561
2023-08-23,688.8477659472442,698.8977580060703,683.3028864762414,687.2634887695312,828452
2023-08-24,689.0951902510965,697.9570485115704,669.3416774754888,675.134033203125,745083
2023-08-25,672.3121787043788,673.3023291884795,645.3305780126345,648.3505249023438,1076909
2023-08-28,653.5488440162582,665.9257256180886,634.7359839814758,638.5975952148438,844704
2023-08-29,641.5679990770327,684.9365768971296,641.5679990770327,666.1237182617188,2105735
2023-08-30,671.4209700512677,690.7289030808869,660.4303246541554,662.9057006835938,639179
2023-08-31,665.777171175319,676.6192700019388,659.7867127457977,663.747314453125,601210
2023-09-01,667.2624758565269,678.451164918292,656.6183575072295,674.0449829101562,941318
2023-09-04,676.6688967048804,702.9078857626488,671.4210505461327,694.838134765625,1749402
2023-09-05,702.7593159686054,731.7707134737483,698.2541432894194,727.7111206054688,2138692
2023-09-06,728.7012214324801,728.8992636053825,704.3434845811463,714.8886108398438,1713408
2023-09-07,716.5719311093287,738.6522752394748,713.8985126644253,735.6818237304688,1486084
2023-09-08,739.8460545104592,773.0607991106294,738.5571362260773,762.6502075195312,2715416
2023-09-11,775.2916427046266,792.1964484310121,769.9871620911018,790.9570922851562,1818016
2023-09-12,811.0346086388433,811.0346086388433,743.6136387275459,778.46435546875,2446554
2023-09-13,776.3326960200033,791.2049698901183,723.7839950122636,786.6937255859375,2252565
2023-09-14,798.492332297543,814.2074041200393,786.6936984107475,793.6836547851562,2582053
2023-09-15,801.0206718802078,803.1027659561421,778.3156435500883,789.4698486328125,1965261
2023-09-18,790.213506221199,794.6751885022472,766.9631720090936,769.7889404296875,436734
2023-09-20,769.7889225734068,785.8509300002494,748.6206830439737,768.3512573242188,1140802
2023-09-21,772.2676234603947,785.0577425374204,745.9436505902208,756.5525512695312,530653
2023-09-22,763.4433817730194,767.5084457035583,728.245667418549,734.293701171875,655291
2023-09-25,736.6236999958307,761.8570021680614,709.8040462297491,753.4789428710938,1490197
2023-09-26,758.188509558909,789.2219745976648,758.188509558909,785.50390625,1079566
2023-09-27,781.2901014883307,816.9835579015031,772.4162995269687,783.2730712890625,2018797
2023-09-28,791.105845348845,798.145364105589,779.9020172912864,788.7262573242188,2433918
2023-09-29,788.1809421439583,799.5334564785921,785.8509162937239,793.1383666992188,1006883
2023-10-03,791.205000090583,795.2700642307373,777.2746484702716,781.6371459960938,546229
2023-10-04,783.1739786302194,784.4628969496551,738.3092850769999,743.7128295898438,1438598
2023-10-05,752.5370381807465,767.6571828872767,740.4409103124352,742.7213134765625,1256107
2023-10-06,750.0583477848363,775.7378316177493,741.6307258996135,772.4163208007812,1152789
2023-10-09,762.5510281201622,801.5659960495536,747.8275012574954,770.5820922851562,931789
2023-10-10,779.2080037780992,806.8703960603337,757.5935846383452,793.534912109375,2420207
2023-10-11,802.7557919739888,822.3376191998449,796.5093885478218,807.0191650390625,2342479
2023-10-12,809.5474022318144,810.2414537489395,785.256022740474,800.1282958984375,1196326
2023-10-13,794.1794205235918,815.0006038331991,783.2730864090356,803.05322265625,889265
2023-10-16,808.0601911109586,812.2244397817342,797.1042951014371,809.7457275390625,817011
2023-10-17,814.5048743031845,814.5048743031845,786.7432961163444,810.7372436523438,1252181
2023-10-18,812.5218760328789,812.5218760328789,798.2940919155977,807.614013671875,947806
2023-10-19,806.0772123115007,815.3971944459995,791.0561920825478,810.0431518554688,646069
2023-10-20,808.0601790699097,812.6706079787524,770.4828778247793,808.1097412109375,1830050
2023-10-23,802.1112954846293,804.0942653127743,770.582087320212,776.8284301757812,1023226
2023-10-25,770.8794675777946,777.274556936028,744.6051191651752,752.1900024414062,1419305
2023-10-26,742.6221997364457,742.6717618790018,695.7249754609832,720.06591796875,2148132
2023-10-27,730.724353523162,767.2605469931464,722.2967320781866,731.1209716796875,1142622
2023-10-30,738.7554102550845,771.3257270932061,735.8801402162901,753.6773071289062,1300281
2023-10-31,762.253586774368,787.2390186117319,761.3612866645485,780.99267578125,1090566
2023-11-01,787.2390220800814,813.0176298560035,779.2080184791419,797.1043090820312,1249290
2023-11-02,797.8478860912061,861.1046086226937,796.8564012223256,843.010009765625,3886302
2023-11-03,849.2068143313376,857.6344359563421,828.4847557766228,842.2168579101562,1805841
2023-11-06,860.6088990949906,872.5067179764882,850.9419212537738,854.1146850585938,1601646
2023-11-07,852.6769857896088,852.8752948661349,814.9014365555682,832.8968505859375,1837594
2023-11-08,833.8387523874763,847.6699780408663,818.9664797527413,837.6559448242188,1018713
2023-11-09,832.5003206616295,853.6684990747893,824.5684414600054,842.11767578125,1092609
2023-11-10,840.779175927465,867.5492676138348,830.4181468568758,846.8272094726562,1541176
2023-11-13,854.7095191153279,863.8807541524723,839.688559661049,843.010009765625,743166
2023-11-15,857.1387173963831,863.979987582934,831.8558518167326,845.48876953125,2894755
2023-11-16,847.7195537817355,870.176710026688,844.7450992070627,861.600341796875,2208645
2023-11-17,866.5578108681536,868.540780687074,850.6940523167915,862.1456909179688,1596502
2023-11-20,869.5322174811629,884.2061812261051,842.8612506863428,851.5367431640625,2171092
2023-11-21,859.3199733188122,875.7785984217196,848.7606349474742,854.362548828125,1906436
2023-11-22,855.6514578540956,862.2944187029792,836.0200691860226,856.6925048828125,2107463
2023-11-23,861.8482587595739,878.2573219311153,858.7250570842102,870.226318359375,1913168
2023-11-24,876.2743705921247,887.3790139309967,865.2689120556919,883.8096923828125,1773089
2023-11-28,892.3364201655945,909.1916636576112,854.4616844510342,862.0961303710938,2749645
2023-11-29,872.5067339921189,880.3394891057231,837.8047616174324,843.4562377929688,2327814
2023-11-30,851.6854816284321,895.0629435856426,837.0610801685725,874.1921997070312,33598797
2023-12-01,876.8196343746956,924.0639133797371,875.9768964281091,911.5712280273438,2360793
2023-12-04,930.0127660106405,939.6301809178879,899.2767364303314,905.2752075195312,1345166
2023-12-05,911.2242168037318,916.9252551761971,891.1962090269402,906.0189208984375,832271
2023-12-06,908.5471269123386,913.7524224253764,888.3704342251178,894.0714721679688,586426
2023-12-07,884.4045363166841,894.6663808895205,879.1992405592149,888.6183471679688,446220
2023-12-08,889.2628078721632,917.1235086308844,889.2628078721632,909.8856811523438,849971
2023-12-11,914.396950083,927.0383825726267,904.9282813801315,917.173095703125,869134
2023-12-12,926.5426898905848,934.9703120030193,878.4556696019885,887.1807250976562,642453
2023-12-13,891.2457761971042,899.1776551780002,875.0349622206375,893.6748657226562,482246
2023-12-14,906.2172161376997,938.8370941851549,902.5487098336172,932.8385620117188,932009
2023-12-15,936.9532445293604,936.9532445293604,914.19865363056,926.8896484375,553971
2023-12-18,936.9532057239163,938.737866393637,911.1745990055864,922.0809326171875,543487
2023-12-19,917.1235355771523,935.9617487403588,894.8646873943818,913.0584716796875,1081968
2023-12-20,917.1235400841922,928.2281831591097,886.040512418324,910.877197265625,775169
2023-12-21,895.3109152160281,920.0980391145893,869.7801776005102,915.4876098632812,1059896
2023-12-22,920.0483697188208,942.8525210471919,913.7028425343186,929.2196044921875,764884
2023-12-26,929.4179970100416,946.8681075610119,914.1491048913645,944.6868286132812,472142
2023-12-27,951.8255649826605,963.7233845449437,944.6868611422025,959.8070068359375,900980
2023-12-28,958.7658614784034,987.4693603341269,941.9106188257324,979.3391723632812,826653
2023-12-29,989.5018641498312,1021.2293788319902,967.2430175275429,1014.8342895507812,937259
2024-01-01,1006.357161672753,1051.9654665367398,988.5104336824973,1043.438720703125,407624
2024-01-02,1046.0165259378657,1054.2458986774961,993.6661375011237,1005.8613891601562,914756
2024-01-03,1003.4322451278363,1003.8784254199985,971.754291600385,995.5003662109375,460650
2024-01-04,1006.3571707770498,1115.3708868247372,1003.3827160850979,1087.758056640625,3271539
2024-01-05,1094.599339630477,1188.6912817088728,1069.8618395611409,1081.263916015625,4672353
2024-01-08,1081.75958434314,1127.2686417269847,1081.75958434314,1114.230712890625,1225361
2024-01-09,1125.2362956748423,1132.2758146243875,1101.1927856007255,1122.2618408203125,680667
2024-01-10,1119.386420438111,1133.2672086454925,1106.4971171026855,1127.2686767578125,285426
2024-01-11,1129.3013447461096,1142.0915246566087,1103.274865115218,1122.757568359375,425621
2024-01-12,1153.0968653480788,1214.5689252376583,1147.594076090779,1197.7633056640625,2588785
2024-01-15,1197.7633056640625,1197.7633056640625,1197.7633056640625,1197.7633056640625,0
2024-01-16,1207.5789842288377,1207.5789842288377,1158.1039845973626,1170.89404296875,382939
2024-01-17,1148.1394583149704,1150.419921886319,1106.3483476079543,1119.9317626953125,549154
2024-01-18,1105.5056707019328,1129.0534372303373,1073.7781536952405,1117.849609375,759062
2024-01-19,1135.2502034235542,1144.1735674679317,1099.2592533655509,1122.4105224609375,700082
2024-01-23,1133.4160339934144,1133.4160339934144,1020.2380038237055,1063.9129638671875,729495
2024-01-24,1063.9129526872093,1096.5823327226078,1022.2705856217939,1052.1142578125,1124885
2024-01-25,1061.2854004827934,1107.9843123964158,1001.647562951659,1047.0576171875,977716
2024-01-29,1041.0591241671955,1059.897336890221,1016.8668688851363,1025.4432373046875,971097
2024-01-30,1044.9753442280928,1048.9909060330958,1017.7591352012976,1026.5833740234375,412872
2024-01-31,1024.2038512665438,1065.8462150160062,1014.7847451803558,1060.9879150390625,778825
2024-02-01,1055.9809864087104,1070.6053879254903,1018.2549395073153,1063.11962890625,716667
2024-02-02,1078.7355303214629,1128.7558932185993,1073.331986233578,1105.307373046875,734225
2024-02-05,1120.3778968420258,1196.8709783414401,1110.4630481974061,1127.566162109375,789294
2024-02-06,1125.2361763717045,1125.4840475833014,1085.97340066092,1101.837158203125,319201
2024-02-07,1110.4630427909676,1125.3353156854896,1110.4630427909676,1121.6668701171875,642341
2024-02-08,1125.2856895342763,1126.3267970460051,1091.6248270665947,1099.407958984375,413134
2024-02-09,1090.6333910723195,1090.6333910723195,1053.7502011684041,1079.52880859375,406648
2024-02-12,1088.650450481549,1104.9603291278706,1012.5539822898742,1023.8073120117188,371633
2024-02-13,1011.3145750225102,1059.3024672983795,1002.1929020466713,1033.672607421875,518413
2024-02-14,1036.1017634062287,1095.5908598697442,1033.6726737129857,1086.1717529296875,628612
2024-02-15,1080.7184877816235,1080.7681104365286,1036.5974119043003,1050.8251953125,559097
2024-02-16,1070.8036065251572,1074.868670084497,1052.956879749738,1064.111083984375,237936
2024-02-19,1074.769629084944,1092.4181086759936,1059.451235828139,1083.6929931640625,239671
2024-02-20,1095.5907523454473,1147.1479642205272,1095.5907523454473,1108.033935546875,1069807
2024-02-21,1115.3708199876437,1169.2581177524116,1100.0028050001333,1126.5250244140625,4372635
2024-02-22,1132.2261460641746,1135.9442144816069,1113.3879327491836,1125.781494140625,762120
2024-02-23,1135.2502471589776,1135.2502471589776,1090.484678272254,1100.697021484375,879892
2024-02-26,1109.4716653842024,1123.3028321033164,1100.4491764938668,1105.90234375,653463
2024-02-27,1100.5482656811805,1151.3618680380819,1098.5652958331063,1137.4810791015625,1669533
2024-02-28,1150.122379818274,1164.0031671609083,1105.5551860126602,1141.843505859375,695676
2024-02-29,1148.1393720835122,1184.7746861914507,1098.8130044141212,1155.32763671875,7182898
2024-03-01,1154.088467836092,1173.918166596162,1140.2573013632932,1163.309326171875,361887
2024-03-04,1165.4905609259624,1183.7339082465896,1155.4765871182271,1174.90966796875,432929
2024-03-05,1176.8925453492886,1211.4953916554541,1169.853026950593,1196.276123046875,1561747
2024-03-06,1195.780308608324,1195.780308608324,1116.4119008172738,1186.4603271484375,1010212
2024-03-07,1186.8074882285991,1223.4428088137806,1139.0179619269832,1162.71435546875,1223851
2024-03-11,1181.8995626946964,1267.018512777471,1154.0883642671497,1170.844482421875,1888131
2024-03-12,1183.7834298471446,1187.1545029465594,1095.8387615447118,1111.5042724609375,6300023
2024-03-13,1108.8271297936171,1111.4545890229058,978.0998680384448,1003.9776000976562,2717829
2024-03-14,973.6381250751812,1041.059095039654,969.027696305261,1016.2223510742188,1117683
2024-03-15,1031.1442624977985,1069.8121723414658,985.8829540771783,995.4012451171875,2154943
2024-03-18,1001.3996718827592,1139.2160623695943,1001.3996718827592,1072.14208984375,1967825
2024-03-19,1115.6683602031374,1116.3128495807239,1037.588925974302,1072.1917724609375,1837325
2024-03-20,1072.8363138882214,1108.3314016634272,1068.1267604840255,1092.76513671875,740931
2024-03-21,1114.5778738272131,1129.3014016976033,1097.0781395771714,1120.873779296875,496251
2024-03-22,1121.2701840738107,1160.0372155319988,1121.1710598000225,1148.337646484375,641678
2024-03-26,1126.3268437095383,1158.0543604337506,1098.7635151430302,1148.63525390625,659912
2024-03-27,1158.8474794652946,1171.3896653261136,1131.2841536887552,1138.274169921875,609014
2024-03-28,1147.3959016733472,1156.815008232774,1113.6854150396086,1126.1781005859375,2245991
2024-04-01,1126.178079069852,1167.0768304543974,1125.7319592852773,1161.4254150390625,628432
2024-04-02,1164.9947389073618,1185.46892597178,1150.271212583515,1157.2611083984375,428175
2024-04-03,1146.3547918626157,1146.3547918626157,1100.5482379391199,1105.9517822265625,1242461
2024-04-04,1110.463139001757,1139.3153267107166,1108.4801691106825,1128.5577392578125,915243
2024-04-05,1140.2077174292667,1155.030369343495,1126.6739233596911,1149.8250732421875,1256137
2024-04-08,1166.4820099596045,1200.8369866903015,1159.9877353124607,1184.2296142578125,1246762
2024-04-09,1193.1032482250919,1207.9260190800726,1186.8569664028262,1189.8314208984375,982122
2024-04-10,1196.5734333293044,1237.3234353109003,1196.5239317067173,1216.6510009765625,1055016
2024-04-12,1216.7007514632328,1243.2724748684125,1170.6958266787035,1188.096435546875,820102
2024-04-15,1130.4910016621868,1208.6200579204149,1127.3679211427884,1184.179931640625,459087
2024-04-16,1183.7337575959752,1189.3851726900562,1142.4383903998662,1149.3787841796875,490464
2024-04-18,1152.2541848207277,1180.6106283627585,1147.1480134501041,1171.3897705078125,683284
2024-04-19,1171.3897773033527,1174.9095970824883,1148.4369988770286,1161.02880859375,1087676
2024-04-22,1184.7253300763948,1195.6811655923316,1170.8940431161784,1185.1219482421875,2026181
2024-04-23,1198.7052146550786,1254.2283676912114,1182.6432080819734,1224.632568359375,2063669
2024-04-24,1238.2653951966533,1265.8286001131967,1227.1111911581852,1239.8021240234375,499197
2024-04-25,1269.0014953379994,1298.2998003051857,1182.692689943056,1202.9686279296875,1227018
2024-04-26,1216.8989604253316,1216.8989604253316,1161.970673092433,1187.352783203125,780758
2024-04-29,1150.271267053563,1223.2445337783604,1150.1721427666253,1216.2545166015625,734557
2024-04-30,1225.9213839703482,1251.1547458073064,1217.7912566816644,1228.0531005859375,869441
2024-05-02,1227.5574626025145,1245.30506698305,1205.6456699453731,1232.7132568359375,612996
2024-05-03,1242.5288474349618,1268.0595840038002,1194.9871941589306,1200.688232421875,610761
2024-05-06,1209.5124566672291,1209.5619582938268,1143.4795863722918,1156.567138671875,1064709
2024-05-07,1165.8870296262799,1166.878514451027,1100.548155469274,1108.7279052734375,1030053
2024-05-08,1105.5056297520407,1119.1881693667,1084.6844474876525,1102.977294921875,1139273
2024-05-09,1106.001405114927,1134.2587247435915,1090.732513460281,1114.08203125,1122432
2024-05-10,1115.4205236927912,1135.7459643467487,1093.6574783317565,1115.718017578125,1673210
2024-05-13,1117.8991497654324,1144.4709917154394,1078.735498842386,1132.821044921875,1322700
2024-05-14,1133.6141839419963,1182.4944356706542,1133.6141839419963,1154.3858642578125,1328849
2024-05-15,1134.2587153865559,1194.739293741958,1134.2587153865559,1179.3216552734375,900246
2024-05-16,1192.1116973189526,1194.6400319124314,1169.9024141098596,1183.8824462890625,1155816
2024-05-17,1189.7818035722444,1206.736170066976,1177.933608190683,1189.633056640625,640004
2024-05-21,1208.6200217323867,1239.0585579526778,1192.6571399911506,1232.1181640625,1604150
2024-05-22,1245.701691015595,1320.4596789892248,1241.9836225258343,1301.423095703125,2573288
2024-05-23,1338.5046665539421,1368.1004677526819,1302.4642132569797,1321.3519287109375,2478906
2024-05-24,1327.5982402794732,1339.4960587136432,1308.3139079797697,1324.425537109375,718310
2024-05-27,1338.1575981109786,1362.3002308340692,1324.7229295182801,1337.959228515625,824184
2024-05-28,1347.3289146834923,1360.912210004705,1325.1692503900224,1333.249755859375,817834
2024-05-29,1305.190831297567,1319.7161102317048,1274.7026686433128,1283.7747802734375,1556064
2024-05-30,1269.1006382412102,1323.6323062906372,1266.0765609643038,1307.966796875,941563
2024-05-31,1366.2661753911132,1387.0873580349544,1319.914256886371,1366.216552734375,13974208
2024-06-03,1388.0788293101584,1446.8243083363204,1384.5590095806315,1421.4918212890625,1397491
2024-06-04,1432.6956106932766,1474.1892275303655,1284.5677496444907,1292.697998046875,1466624
2024-06-05,1303.6043549336985,1336.7198527529144,1166.6801976202619,1285.80712890625,1797849
2024-06-06,1298.6470976190128,1419.8065158527531,1298.6470976190128,1377.4205322265625,1008523
2024-06-07,1407.7598509318232,1455.5989987118057,1400.0263411113044,1421.1448974609375,1023720
2024-06-10,1445.584945881114,1491.9368637274392,1431.059668274969,1462.341064453125,791057
2024-06-11,1482.6169050977542,1484.3025020281877,1454.8058265697387,1465.6129150390625,871745
2024-06-12,1471.115611665527,1493.126526406661,1450.542301510811,1454.4586181640625,520809
2024-06-13,1475.3792225784252,1539.2803789475022,1462.6385441952852,1525.6474609375,1859278
2024-06-14,1531.8441217510863,1575.3703316820965,1510.428072798798,1543.841064453125,1136761
2024-06-18,1531.844172970924,1635.9004649814221,1525.3995211105287,1578.6422119140625,1903465
2024-06-19,1587.069759346065,1587.218506280522,1502.0995556656421,1532.33984375,1114503
2024-06-20,1543.7419988762565,1589.3503045591772,1513.9974516917428,1570.3138427734375,1250154
2024-06-21,1583.5500579729883,1601.0497898434287,1561.6382669168213,1581.2200927734375,3109702
2024-06-24,1571.7018259200452,1576.1635080008525,1526.8867565429516,1535.760498046875,1602379
2024-06-25,1536.7025173580168,1537.0991355362291,1453.070787710809,1467.6951904296875,776003
2024-06-26,1467.6950153227262,1482.0219224409198,1418.1207747326303,1422.6319580078125,994548
2024-06-27,1432.1008301796776,1536.8016126134933,1426.3006676543755,1525.3995361328125,2981561
2024-06-28,1489.25984306176,1545.7248559358459,1472.4046008867058,1490.7470703125,1148196
2024-07-01,1497.1421732598512,1521.9292953336899,1482.8647667391463,1508.5938720703125,417929
2024-07-02,1516.9718657392577,1519.3018310000691,1474.6355097940457,1480.3365478515625,601588
2024-07-03,1501.3063346616593,1501.3063346616593,1455.4997822960252,1481.030517578125,380036
2024-07-04,1487.2273127640028,1512.0144346434029,1474.0405155118146,1496.795166015625,358693
2024-07-05,1507.0074578453552,1525.6474227797253,1494.1677765257814,1520.8387451171875,350222
2024-07-08,1534.8186698716615,1543.6429099446698,1517.0710654389343,1526.539794921875,1202449
2024-07-09,1535.2153036636316,1563.9683668929433,1528.8201531889313,1548.3028564453125,267303
2024-07-10,1557.7218904059978,1581.4184035430044,1488.21882364768,1512.1632080078125,1069175
2024-07-11,1513.2537424917598,1524.3088227036876,1456.3424882649304,1459.76318359375,510491
2024-07-12,1467.2489061394128,1467.2489061394128,1376.0819179296195,1383.9146728515625,1699752
2024-07-15,1404.339167287062,1509.7835569940862,1358.3342459904109,1451.236328125,3531368
2024-07-16,1451.2363788684593,1469.380600690139,1432.6956599171733,1447.518310546875,614567
2024-07-18,1445.0892735278628,1487.2273827044899,1401.9596794294325,1464.026611328125,1056179
2024-07-19,1464.1754001591426,1467.3977262471856,1388.2771788115065,1436.314697265625,659954
2024-07-22,1395.019281820569,1437.6035107033106,1386.1455402028587,1425.6065673828125,601764
2024-07-23,1437.653018952309,1451.5834293758821,1349.4108681338569,1358.235107421875,1185573
2024-07-24,1371.2236670732625,1399.7784816546007,1359.3258478361845,1388.3267822265625,728296
2024-07-25,1378.2136495275606,1413.3121185670243,1365.3243456791397,1383.4189453125,718930
2024-07-26,1393.036314569366,1412.8660129973996,1382.1299804339474,1391.0533447265625,503216
2024-07-29,1402.752949219145,1402.752949219145,1343.5612253579234,1349.4110107421875,878846
2024-07-30,1354.3681903932932,1361.4573306765594,1313.6676923355305,1316.7908935546875,885589
2024-07-31,1338.5046480545511,1362.5481574733087,1285.955947056854,1297.655517578125,2487920
2024-08-01,1307.7685649961647,1307.7685649961647,1245.3050171608666,1262.755126953125,2029007
2024-08-02,1257.1533224147722,1265.6801900026085,1207.1329539666579,1220.666748046875,1778456
2024-08-05,1191.5170879994698,1206.0423673245916,1150.221713915883,1165.2923583984375,2066196
2024-08-06,1174.8600714601305,1196.3753680131986,1138.1256257941106,1180.114990234375,3006216
2024-08-07,1231.3745684086812,1231.3745684086812,1198.3085726696222,1205.1002197265625,1254444
2024-08-08,1215.4612049829477,1217.54329879589,1170.051154058511,1177.9830322265625,568868
2024-08-09,1189.7818214458616,1264.143185286228,1174.5129305311332,1233.754150390625,1480085
2024-08-12,1231.6721050573974,1306.7770855026363,1224.4838396022426,1286.9473876953125,2731445
2024-08-13,1299.836706125939,1324.623828668386,1286.9474024038661,1298.64697265625,1256792
2024-08-14,1308.7600440272581,1308.7600440272581,1265.630451667269,1273.1162109375,909029
2024-08-16,1281.0620342071345,1313.3418563001478,1259.8069886418398,1287.4185791015625,692107
2024-08-19,1288.6105392139482,1318.5065967445767,1268.3984284390708,1279.2244873046875,387206
2024-08-20,1273.513342623226,1281.359846196372,1245.5044396078395,1250.7188720703125,550733
2024-08-21,1243.1208374436046,1246.4481181539263,1219.7800414626454,1231.450439453125,745626
2024-08-22,1236.5653924443081,1236.5653924443081,1206.9176440307517,1214.5654296875,482889
2024-08-23,1210.4435541668288,1210.4435541668288,1148.3669765295845,1153.3828125,1679184
2024-08-26,1153.8794063307175,1215.50908010269,1136.2496585688323,1206.818359375,2271552
2024-08-27,1210.6918229155713,1279.8203946223398,1203.5406498909526,1228.9176025390625,2194264
2024-08-28,1228.718879783739,1251.364463009007,1208.308174518356,1243.2696533203125,686481
2024-08-29,1250.3713413002465,1268.5970011153652,1234.1817205827726,1245.951416015625,1240117
2024-08-30,1245.9513525026205,1273.3147563329997,1235.77079380339,1245.4051513671875,3070120
2024-09-02,1245.4051081143377,1260.4027844529405,1228.8181744539586,1245.7030029296875,632858
2024-09-03,1249.477397483918,1250.9175256371082,1213.1749651407736,1221.269775390625,590533
2024-09-04,1210.7415280774756,1231.2019431055944,1198.4255112544404,1209.9468994140625,748066
2024-09-05,1210.7416832584051,1213.9199558327946,1192.9133369940555,1199.5181884765625,597083
2024-09-06,1200.8589987656412,1207.463849473141,1173.843200080033,1178.809326171875,376467
2024-09-09,1182.1863128373607,1203.2426389102118,1173.743898504979,1185.2156982421875,735162
2024-09-10,1190.8272935661228,1204.1862451233628,1176.0283352233957,1179.7529296875,477252
2024-09-11,1172.0057237909098,1196.8363535322426,1157.7032568112402,1189.6851806640625,655344
2024-09-12,1200.8094238828076,1201.6040526440804,1180.001401718149,1188.9404296875,439179
2024-09-13,1211.7347519765726,1239.2470417003556,1205.1297801044316,1221.8656005859375,1173646
2024-09-16,1266.3622434610108,1288.7098124632641,1240.4390876670616,1267.35546875,1934106
2024-09-17,1263.3825300588865,1281.260584729531,1229.9604758287123,1274.705322265625,786870
2024-09-18,1281.2606450303579,1298.0461769542264,1267.9018131589598,1279.6715087890625,645143
2024-09-19,1294.1725767989428,1312.000922586756,1252.5068236103814,1294.669189453125,1434772
2024-09-20,1298.1453939346397,1400.4475940687391,1298.1453939346397,1386.3934326171875,3434814
2024-09-23,1409.386556253224,1430.2442854155338,1371.4949906930324,1415.1968994140625,1452231
2024-09-24,1419.2196865480562,1424.6824258178767,1361.413900074141,1378.696044921875,1178499
2024-09-25,1319.8971719204426,1385.5493423147936,1302.317010745076,1379.9873046875,1075320
2024-09-26,1367.6711928772652,1398.4611761591789,1342.8405611983026,1375.964599609375,765030
2024-09-27,1343.1882160220152,1374.4252245882576,1272.1726067645347,1291.5902099609375,3315577
2024-09-30,1271.3282770671678,1280.2175942571484,1215.7076649454793,1226.0372314453125,1979310
2024-10-01,1241.531656703165,1243.51810735389,1206.172859368924,1212.77783203125,1338808
2024-10-03,1208.7551552997888,1208.7551552997888,1163.0667928151624,1167.8839111328125,1615291
2024-10-04,1156.1141801952376,1176.9719102503063,1115.3919453258177,1165.301513671875,3151171
2024-10-07,1196.7867246482313,1213.7212637734945,1170.2179490296216,1180.0509033203125,3443411
2024-10-08,1172.9990814128103,1183.4776568440136,1143.3016206406546,1158.99462890625,1353926
2024-10-09,1163.3647827778207,1216.700930157607,1139.9742796639946,1200.809326171875,1022086
2024-10-10,1208.7551826259655,1216.5519769340915,1173.5453944560056,1175.7801513671875,648210
2024-10-11,1181.9380740323043,1182.8320010260347,1159.4414973661349,1161.924560546875,443244
2024-10-14,1171.0125717643932,1206.7686808259014,1163.166068027232,1202.348876953125,664476
2024-10-15,1210.6918854846376,1225.6399741857701,1189.9831630057702,1214.019287109375,640122
2024-10-16,1210.7415216222946,1219.680548443132,1183.030514229037,1214.813720703125,789916
2024-10-17,1202.0012208125952,1209.6987169596384,1157.1074853297491,1161.626708984375,963471
2024-10-18,1159.093873016594,1176.9222178531556,1133.369314653852,1153.134521484375,1210372
2024-10-21,1159.938106286069,1173.9425583319119,1122.5431506552648,1129.4957275390625,509391
2024-10-22,1136.4482013979034,1136.4482013979034,1071.0940573608905,1075.6131591796875,1053565
2024-10-23,1055.798466873677,1092.3492054753804,1036.4305740194561,1080.281494140625,1588467
2024-10-24,1072.6832636285387,1076.5568663291938,1042.8865063055237,1057.8345947265625,967869
2024-10-25,1062.701437205604,1080.529905361078,1036.6292712168176,1075.0174560546875,898227
2024-10-28,1103.4733401598128,1129.2474889416426,1035.9837275735615,1100.6922607421875,1786769
2024-10-29,1110.4258658733397,1190.579097676529,1089.9654493017974,1179.5543212890625,2928166
2024-10-30,1152.836514274994,1193.0125489096215,1152.836514274994,1171.211181640625,1004100
2024-10-31,1168.479840867754,1213.7213012062823,1168.0329379857512,1198.0780029296875,1440322
2024-11-01,1202.8456057069563,1213.6716650011213,1184.4212270116657,1199.2698974609375,99911
2024-11-04,1204.533950554856,1276.7413794480356,1176.9719492125369,1186.8544921875,1854459
2024-11-05,1184.917710399231,1184.917710399231,1144.2451853501627,1153.8297119140625,773396
2024-11-06,1172.005795822672,1216.4029160315092,1158.199940589318,1210.294677734375,1145914
2024-11-07,1221.6671356407392,1252.45712036014,1203.8883782799041,1209.05322265625,969102
2024-11-08,1218.6874063454864,1218.6874063454864,1156.5611172068302,1162.37158203125,765837
2024-11-11,1162.3219412006579,1200.7597129335904,1153.8795259046053,1179.455078125,809247
2024-11-12,1186.9041941549078,1282.2538197941305,1179.4550046518436,1232.5428466796875,4639217
2024-11-13,1224.1502518430118,1231.649151781654,1171.0126952721387,1193.9561767578125,1154288
2024-11-14,1188.8906004712615,1238.8994665598818,1187.0034482853425,1213.8702392578125,917068
2024-11-18,1254.4434074625567,1259.0619288170783,1209.9965804760568,1227.8746337890625,2147088
2024-11-19,1247.490884031607,1285.23344262492,1231.6489901720024,1251.61279296875,1893843
2024-11-21,1256.429979943115,1262.836234505576,1216.1546463179661,1224.3487548828125,1549344
2024-11-22,1167.0397401952243,1275.7979117283112,1155.1707462284407,1236.41650390625,1824580
2024-11-25,1315.9738576392774,1315.9738576392774,1203.9381127225622,1218.935791015625,3951255
2024-11-26,1241.5315846458407,1300.678197835696,1236.7144663460786,1267.4051513671875,3038757
2024-11-27,1281.1116409106319,1300.2809378768334,1258.4661766053164,1273.26513671875,1796183
2024-11-28,1282.154600283563,1317.4140994308548,1257.2742573175099,1264.17724609375,1811936
2024-11-29,1286.2267029500847,1296.1589554825177,1233.5857645281892,1244.7098388671875,1409079
2024-12-02,1245.9514160434503,1307.8791098447698,1237.558710843645,1280.813720703125,3061815
2024-12-03,1288.213153515913,1307.0844333284053,1276.2944504764444,1287.5179443359375,770876
2024-12-04,1291.1928640637404,1372.091014626406,1282.1545382639583,1361.8111572265625,3131476
2024-12-05,1365.6847969205162,1379.192636845029,1340.3078418331365,1360.420654296875,1585598
2024-12-06,1355.7525198754815,1387.9330434970145,1347.5584112388715,1362.0098876953125,1145369
2024-12-09,1346.8134428634671,1372.6372994375454,1344.876702117738,1367.174560546875,731021
2024-12-10,1367.6711751802204,1397.5176425694615,1367.6711751802204,1392.1044921875,2483381
2024-12-11,1390.5153183967486,1412.3662734001261,1374.1271021442155,1401.4407958984375,1723949
2024-12-12,1401.4408109860728,1432.3300916429143,1396.4746847954773,1426.5694580078125,1343959
2024-12-13,1420.2625218175942,1425.0300519314233,1362.7051620490768,1408.4432373046875,1488375
2024-12-16,1418.3256803056354,1474.442907852742,1407.8471052486268,1457.6077880859375,2613659
2024-12-17,1459.0479842164705,1512.6821510971304,1454.6777685923444,1480.650634765625,3153493
2024-12-18,1488.397824279542,1498.3796658150945,1456.9622192337688,1469.4271240234375,1952964
2024-12-19,1425.4272456596102,1472.9530497525932,1414.15416329014,1466.248779296875,1206964
2024-12-20,1469.9733827970704,1484.8717616767706,1382.5695600361635,1391.2105712890625,1023456
2024-12-23,1394.83587974134,1455.86964515667,1392.7998406895747,1430.244384765625,2486998
2024-12-24,1429.2512006922698,1432.230876579745,1381.8246928166227,1393.5447998046875,1021001
2024-12-26,1388.6281993423938,1407.6981969098904,1374.8720538630434,1404.47021484375,614519
2024-12-27,1396.474782666128,1420.1135934873935,1388.5786899670168,1398.808837890625,383153
2024-12-30,1385.5989574355954,1451.3007118629444,1364.1451946704901,1410.8267822265625,4052271
2024-12-31,1385.5493423147936,1392.0550167563265,1342.0460241447834,1379.9873046875,1478192
2025-01-01,1372.6373819568134,1384.208481096793,1349.3958853942634,1355.553955078125,367445
2025-01-02,1364.691522573049,1373.382243695694,1337.4771258946168,1363.5989990234375,456627
2025-01-03,1360.6193278072678,1402.5830956555424,1357.3416359040393,1390.0684814453125,908087
2025-01-06,1411.3731635384875,1438.1902468710273,1332.064146894437,1337.0302734375,878096
2025-01-07,1346.8134330423736,1355.7027504932253,1311.0573242005407,1331.666748046875,519362
2025-01-08,1349.793205465127,1349.793205465127,1317.7119792367275,1341.2017822265625,987831
2025-01-09,1341.152042980526,1346.4657735792941,1293.7255394357041,1300.4298095703125,459750
2025-01-10,1307.0843971179347,1318.9038015533022,1268.1996052802392,1275.003173828125,789698
2025-01-13,1248.3848012652948,1251.3644769205177,1152.4392694157739,1157.4053955078125,2072547
2025-01-14,1157.4054196976524,1170.913258701649,1129.098500381417,1136.398681640625,2127808
2025-01-15,1154.127780641283,1154.127780641283,1102.480065844943,1117.3287353515625,3165699
2025-01-16,1127.211429712941,1158.2993092015327,1118.1731036314227,1120.8050537109375,1364331
2025-01-17,1127.3105708673709,1190.1320630324467,1123.6852747388275,1168.976318359375,4892113
2025-01-20,1172.4527117510247,1214.217882505494,1163.1164912851052,1200.56103515625,2096285
2025-01-21,1193.9561249333667,1201.2067182181756,1128.8998669087239,1139.7757568359375,1534096
2025-01-22,1139.7757170283662,1140.8185308249715,1055.0535522609866,1069.9022216796875,3308966
2025-01-23,1053.5637200686383,1087.234081447,1046.0648206766427,1074.9677734375,1582475
2025-01-24,1069.703672622657,1101.4868829512782,1068.7104472998876,1092.1009521484375,2566066
2025-01-27,1092.5477595257987,1129.2970932553028,1080.0331458017115,1096.0240478515625,5455401
2025-01-28,1112.462000459907,1142.2090484861985,1091.405552211388,1123.3377685546875,2243789
2025-01-29,1100.7915731625167,1142.2090168410805,1094.5342057033658,1127.8072509765625,2018443
2025-01-30,1134.114329573289,1166.195556534034,1125.324309568047,1152.7373046875,1861163
2025-01-31,1159.5407988135375,1227.0305289964845,1150.3534650196916,1196.33984375,3559155
2025-02-01,1210.0960437504527,1283.2471127794643,1161.7756077086601,1271.4774169921875,1269754
2025-02-03,1241.3825371863559,1296.2086429692797,1228.818213700062,1288.6600341796875,2093414
2025-02-04,1271.3283375437234,1289.007795735018,1261.991995816223,1277.7843017578125,1170642
2025-02-05,1277.6352288465716,1294.9173718062048,1256.8272091258025,1259.806884765625,751453
2025-02-06,1243.8160738747565,1258.5654451198677,1186.0102894965942,1190.5791015625,2114481
2025-02-07,1193.8568519695514,1234.5790906806592,1193.8568519695514,1230.4075927734375,1983603
2025-02-10,1227.6264869489603,1236.5158050035666,1162.5205191801867,1168.6785888671875,1288374
2025-02-11,1174.985410487712,1176.7235545860665,1139.874923949611,1162.5203857421875,1144470
2025-02-12,1160.0870449324711,1193.5586860021194,1142.2089911578269,1164.70556640625,2380787
2025-02-13,1170.5159734504343,1186.1095615955946,1157.1074323884225,1165.2518310546875,1182683
2025-02-14,1166.7416014724847,1177.7167885006395,1127.5092058192902,1145.7349853515625,2535663
2025-02-17,1136.2497392495445,1163.9110395097086,1115.9879189513254,1159.8885498046875,820581
2025-02-18,1154.1277498763598,1173.0983280568173,1140.7689186526568,1154.674072265625,1108216
2025-02-19,1151.1480228689577,1191.0756279689856,1142.1592861861589,1173.743896484375,626677
2025-02-20,1171.2609076605902,1192.7642591518675,1161.5272514506705,1184.421142578125,498434
2025-02-21,1179.9516579287806,1214.0689227793193,1174.7869348594181,1207.3150634765625,2045038
2025-02-24,1188.890747581067,1206.7688039356694,1176.9720433446653,1186.904296875,731706
2025-02-25,1192.8139141493161,1206.1231578488039,1175.1841645036375,1188.493408203125,1486433
2025-02-27,1185.9109766749107,1206.7687074204493,1166.5927936007752,1186.8544921875,2220279
2025-02-28,1176.872692038132,1186.8049451210038,1112.462055044374,1123.238525390625,4466895
2025-03-03,1123.5860363201798,1157.8025968405163,1093.7892795558878,1113.2564697265625,1050459
2025-03-04,1113.256476051722,1127.6582419029562,1079.685535985869,1110.3760986328125,1162488
2025-03-05,1107.4461905589073,1152.0420300148314,1104.3672164302327,1144.692138671875,734447
2025-03-06,1150.1549520175681,1164.8050258882581,1124.3310929912668,1130.439453125,779868
2025-03-07,1130.4393563891517,1142.1097532196668,1096.1233750837994,1105.459716796875,1292906
2025-03-10,1110.4259569815893,1120.358210621854,1064.7873000019054,1068.4124755859375,1119938
2025-03-11,1068.41235414207,1142.1593290383935,1057.7848924523169,1124.6785888671875,2683783
2025-03-12,1114.498028438046,1129.7440117722551,1068.3627640868765,1074.3717041015625,1175851
2025-03-13,1079.0895316606166,1083.0624326874763,1043.0355275878549,1048.1009521484375,1369790
2025-03-17,1041.8932477908027,1067.7171033127863,1028.1371028479468,1056.7916259765625,862374
2025-03-18,1056.7916259765625,1056.7916259765625,1056.7916259765625,1056.7916259765625,0
2025-03-19,1105.956316201985,1182.3353621982303,1105.956316201985,1169.4730224609375,1890436
2025-03-20,1172.0057509816754,1229.71211159067,1170.11859882889,1185.66259765625,2406145
2025-03-21,1171.0125882069792,1216.1050395163697,1156.6605316155951,1172.750732421875,2261969
2025-03-24,1181.9380602141975,1231.5993232484077,1180.3985125628099,1208.5068359375,1577877
2025-03-25,1221.3193775837804,1242.5247111147346,1190.6784047597887,1201.6038818359375,672554
2025-03-26,1202.0507884028561,1244.4614555963417,1181.937978268456,1189.2381591796875,1534225
2025-03-27,1184.917794060812,1246.4977632408375,1181.9381181327462,1232.890625,1158000
2025-03-28,1233.3375062040666,1239.8927688818744,1182.9313226406632,1187.6988525390625,965367
2025-04-01,1196.8364457115154,1196.8364457115154,1139.2293802747786,1149.3602294921875,1191228
2025-04-02,1155.7666390662948,1214.7145360907161,1155.7666390662948,1210.1953125,1919618
2025-04-03,1180.9447752001643,1223.4051529460069,1167.1886302843839,1209.5,732130
2025-04-04,1202.7958653739697,1213.9696502504828,1153.2338975397051,1172.85009765625,456039
2025-04-07,1108.9856912368064,1137.1931910840342,1068.710359220528,1099.10302734375,1482723
2025-04-08,1112.4122116443034,1142.0103707728774,1103.4731849435902,1125.026123046875,1767581
2025-04-09,1126.36714178486,1126.36714178486,1087.879663397759,1103.7215576171875,958219
2025-04-11,1095.0308258536359,1141.2157994610682,1095.0308258536359,1114.99462890625,1777845
2025-04-15,1149.161554327121,1208.6557679484663,1137.2428519486202,1205.775390625,3463329
2025-04-16,1231.5992922125872,1246.3983724725144,1216.8995102275626,1232.3939208984375,2739797
2025-04-17,1231.996747577645,1253.8477052632607,1216.7010529490483,1227.725830078125,872152
2025-04-21,1241.5315727863808,1299.1386377636688,1230.6060949458606,1284.6375732421875,1108203
2025-04-22,1291.192832519144,1330.8225444735874,1276.2944536823848,1304.5020751953125,1250475
2025-04-23,1322.678075947385,1360.5200566555993,1320.9896414443713,1357.14306640625,2431953
2025-04-24,1370.551604098574,1370.9489184638699,1298.4434721786004,1311.2559814453125,2388212
2025-04-25,1346.3167528248696,1380.5830220778817,1284.2401780911518,1296.2581787109375,4799027
2025-04-28,1305.7932442875162,1323.770719086544,1263.9784836983908,1301.32373046875,1240596
2025-04-29,1306.0912526764484,1311.156677392537,1275.3012687730493,1279.274169921875,778686
2025-04-30,1311.9513168642236,1353.4680614634724,1294.2718581098297,1320.29443359375,5035119
2025-05-02,1310.958083160956,1373.133962001851,1306.0912549963357,1329.134033203125,2216584
2025-05-05,1349.7931314578113,1349.7931314578113,1309.170193981315,1324.565185546875,663064
2025-05-06,1316.1228022781188,1336.7819367250036,1279.274168414834,1287.219970703125,638709
2025-05-07,1261.3961121636785,1298.0461494350511,1259.8069759560735,1293.1793212890625,702143
2025-05-08,1296.158987807946,1308.4750055039806,1261.6941191581968,1279.0755615234375,1782078
2025-05-09,1241.5315763832969,1262.3893068665363,1216.700944855631,1225.93798828125,1098567
2025-05-12,1291.1928337789327,1302.9129403059453,1272.5201504546487,1296.5562744140625,1038362
2025-05-13,1297.052917395458,1306.985170195418,1253.8476177156315,1265.17041015625,1624657
2025-05-14,1241.5316908068862,1319.0032683132358,1241.5316908068862,1307.5811767578125,1570410
2025-05-15,1308.7729559958548,1369.4591200577788,1297.1522682462619,1361.7119140625,2246902
2025-05-16,1368.6643537371385,1402.23541468462,1344.1317392901187,1385.3505859375,1948465
2025-05-19,1385.350654178971,1422.298585701257,1369.9556625041319,1412.3663330078125,1320018
2025-05-20,1420.3121549028274,1424.2850560354227,1365.684764329642,1370.8494873046875,1204564
2025-05-21,1374.5244167387655,1414.3527241172817,1370.253499762715,1399.454345703125,944200
2025-05-22,1390.5153000512112,1411.1744330064398,1372.63724619341,1400.1495361328125,529470
2025-05-23,1398.8585441738257,1415.3460599924415,1395.5808521691456,1403.228759765625,407529
2025-05-26,1410.379885431526,1459.9418507245794,1401.6394545456085,1429.3504638671875,2067043
2025-05-27,1432.2307968762295,1460.0411036116905,1413.8561299260145,1443.5535888671875,2006076
2025-05-28,1450.108995029864,1473.4497904978105,1442.6598049869024,1457.856201171875,1396273
2025-05-29,1464.0139791872211,1464.0139791872211,1422.3978180810657,1447.129150390625,991951
2025-05-30,1449.9103273228777,1452.095374464278,1408.9893726152375,1415.8426513671875,2215653
2025-06-02,1410.3799350087759,1435.2105676673812,1402.533430839992,1424.185791015625,1479490
2025-06-03,1449.1157004820116,1465.007305148024,1428.754582003683,1436.7996826171875,1650498
2025-06-04,1462.8222713090997,1462.8222713090997,1424.4836777089727,1435.011962890625,1331886
2025-06-05,1449.0164052049267,1469.8741363723004,1441.169901136155,1451.79736328125,1528240
2025-06-06,1455.0750039938573,1519.535347532078,1455.0750039938573,1505.7294921875,2235584
2025-06-09,1519.634689417165,1520.6279147043658,1490.8311560883428,1501.4586181640625,1365885
2025-06-10,1504.736237371101,1507.1200021938173,1452.194597969348,1457.458740234375,977125
2025-06-11,1457.4587634918275,1480.8988552620674,1451.2013958877594,1465.8018798828125,987368
2025-06-12,1467.8876511237438,1467.8876511237438,1435.4091120411836,1439.28271484375,737676
2025-06-13,1423.4904383124638,1448.122474022242,1410.3799129709078,1442.759033203125,948683
2025-06-16,1446.0367217179007,1464.8087039184632,1427.2647395173383,1460.6370849609375,405280
2025-06-17,1465.7024772691323,1493.8108008082643,1433.3233578300637,1436.2037353515625,1293255
2025-06-18,1440.1767101474504,1459.5446038356401,1423.7884924112898,1433.4227294921875,576064
2025-06-19,1430.145175473603,1458.551395634295,1405.6124371013445,1415.743408203125,773708
2025-06-20,1420.312077636458,1486.858167987257,1418.3256271782252,1473.151611328125,3387202
2025-06-23,1467.7883613983358,1484.8717876485364,1451.4001443440209,1463.31884765625,823714
2025-06-24,1485.8650876083816,1499.5716456037037,1457.3595692511929,1460.537841796875,887932
2025-06-25,1470.9666549255908,1485.567018195586,1437.395591616321,1446.73193359375,1049577
2025-06-26,1451.4993925301487,1457.3594457050885,1410.5784398243966,1431.6348876953125,907176
2025-06-27,1440.0773543437265,1443.1563284558424,1406.3076949029153,1412.56494140625,859030
2025-06-30,1417.531074847663,1420.312154136307,1372.6373405708925,1374.8223876953125,1730108
2025-07-01,1383.7614325511126,1386.8405279603915,1354.3619880666204,1382.072998046875,1279409
2025-07-02,1380.5831771965543,1397.4680074212604,1370.650924123198,1389.3236083984375,941661
2025-07-03,1389.5221550613076,1396.7727480418,1356.6464228178131,1359.6260986328125,668346
2025-07-04,1361.711920660095,1372.6373992357778,1345.1251062288889,1358.83154296875,425688
2025-07-07,1356.7457440244223,1375.0211135805896,1349.7931670052635,1367.96923828125,442561
2025-07-08,1375.6170002062472,1379.8879173684752,1342.840566266315,1365.58544921875,964835
2025-07-09,1360.7186904044443,1387.833790177717,1351.4816464175074,1380.6824951171875,1057621
2025-07-10,1376.6102133714285,1404.3212224347117,1373.6305375849101,1402.2354736328125,657475
2025-07-11,1402.2355550821608,1412.3664048474495,1383.5628705713764,1390.61474609375,1140138
2025-07-14,1390.6147175584715,1413.5581977278805,1377.6034903838995,1410.0819091796875,534480
2025-07-15,1417.0344412266336,1430.145087509007,1406.7049954350482,1424.2850341796875,732457
2025-07-16,1424.28504495378,1439.680036722806,1421.5039656852732,1430.4429931640625,694775
2025-07-17,1436.9983897004565,1445.142788533696,1423.4904288404675,1430.6417236328125,1043937
2025-07-18,1437.1969548573027,1448.8176419313854,1431.3369015598082,1435.1112060546875,802788
2025-07-21,1433.6214765037264,1441.1699648206272,1421.3054580691369,1438.885498046875,319633
2025-07-22,1451.598808352409,1451.598808352409,1424.2851119927159,1432.5289306640625,371182
2025-07-23,1390.5153929382964,1394.4882940609773,1321.0889215707846,1324.9625244140625,17783631
2025-07-24,1326.94892092364,1327.9421461638522,1295.463729306236,1317.115966796875,1321225
2025-07-25,1308.6735783091453,1310.5607305517829,1266.4615047597322,1270.732421875,2664662
2025-07-28,1271.3283324273427,1275.301233466178,1182.5339699607068,1195.048583984375,7197953
2025-07-29,1202.8950990790759,1247.4909379073908,1202.8950990790759,1238.0552978515625,4143162
2025-07-30,1238.1546402433062,1246.994369701323,1224.1501876996263,1229.8115234375,1198616
2025-07-31,1209.748386081962,1243.8160615436673,1207.8612338090325,1223.2562255859375,1649835
2025-08-01,1228.6197522474974,1233.883895075396,1189.4866493904635,1199.7169189453125,857479
2025-08-04,1206.073522893179,1238.1546271405036,1194.8500285746584,1235.572265625,630565
2025-08-05,1237.5587181944516,1238.6512417708384,1213.7213111024234,1225.6400146484375,538727
2025-08-06,1228.5204243011729,1237.9560648545714,1200.4120992079286,1219.18408203125,1176641
2025-08-07,1201.8025133262252,1226.6331437668498,1193.360098976413,1214.1185302734375,967280
2025-08-08,1213.522633870671,1223.4548861654275,1187.8973744528737,1194.45263671875,587784
2025-08-11,1200.80937817689,1219.5813604466819,1189.9831982440833,1216.6016845703125,642421
2025-08-12,1216.7010029229718,1225.1434180452945,1202.696550321666,1205.97412109375,673722
2025-08-13,1205.9740951433143,1222.3623123810598,1205.9740951433143,1217.49560546875,964805
2025-08-14,1221.5677911141856,1231.5000438734792,1219.8792353991137,1223.2562255859375,1514599
2025-08-18,1239.5451051273055,1261.296762230366,1229.6128526823752,1238.5518798828125,2175568
2025-08-19,1246.3983092375076,1251.4637334336967,1217.7933754045569,1249.2786865234375,1106601
2025-08-20,1250.867948752871,1293.5766360275102,1245.5045079627403,1291.19287109375,1941354
2025-08-21,1304.1047760765587,1318.6058407317164,1281.757207560395,1284.836181640625,1535305
2025-08-22,1289.071297724837,1296.4454158870687,1255.588950052042,1256.58544921875,789131
2025-08-25,1262.3652552590643,1280.4018667368277,1257.5820103659357,1259.9736328125,881356
2025-08-26,1260.7706937904543,1264.4578136834857,1224.797098294229,1232.47021484375,1154640
2025-08-28,1234.6624370780153,1243.331930957214,1200.881091831792,1203.97021484375,1036875
2025-08-29,1195.7989713045192,1211.9422087599455,1178.4598618920113,1188.1259765625,1005139
2025-09-01,1175.869025991715,1206.4615019938049,1175.869025991715,1202.9737548828125,356624
2025-09-02,1209.2517047284007,1212.4404533148345,1184.4388518479032,1190.4178466796875,927690
2025-09-03,1190.4178489838853,1200.7814643742972,1187.4283515622064,1197.194091796875,731127
2025-09-04,1215.7290034966181,1222.1066225976526,1179.356783310039,1187.8270263671875,1118956
2025-09-05,1187.8269762189914,1203.0734617353628,1163.910996832032,1170.786865234375,638996
2025-09-08,1183.7413722489293,1187.8269944616898,1173.0787582893759,1177.46337890625,308691
2025-09-09,1181.8480187157816,1181.8480187157816,1166.3026559516545,1168.295654296875,382723
2025-09-10,1172.7798815282258,1188.8234936181173,1168.2956353243017,1177.46337890625,881354
2025-09-11,1182.2467023571692,1183.4424527674403,1168.8935884419404,1175.470458984375,375287
2025-09-12,1210.2482981416015,1212.9387973683015,1157.0352156649947,1164.2100830078125,3504642
2025-09-15,1169.9896124695933,1196.7954635845506,1155.5403749825193,1183.6417236328125,1819935
2025-09-16,1183.6417184636346,1207.1590736664723,1178.559475572559,1196.4964599609375,1037458
2025-09-17,1201.7780578051481,1206.0630531029353,1190.0193183667816,1200.3829345703125,1316331
2025-09-18,1195.7990463376777,1212.6399072355273,1193.806047927115,1200.4825439453125,1586089
2025-09-19,1207.856654571872,1218.7185201677003,1194.9021649870967,1211.8426513671875,1146560
2025-09-22,1215.7290254654995,1224.6975182763106,1201.9772878317349,1208.0560302734375,1037077
2025-09-23,1208.0560446801305,1213.4370431164132,1190.218684437315,1201.18017578125,916013
2025-09-24,1201.180095983057,1202.9737214616716,1170.8864975891786,1175.2711181640625,647426
2025-09-25,1175.2711971179813,1177.2641955456384,1140.9915998336853,1145.376220703125,985809
2025-09-26,1145.3762167125233,1153.8464600005548,1132.1227285575917,1137.105224609375,1187515
2025-09-29,1148.7642453398894,1152.949493027316,1135.5107582581043,1151.2554931640625,1010427
2025-09-30,1160.9215808437962,1160.9215808437962,1124.3501084563773,1131.8238525390625,1130788
2025-10-01,1137.5038144025827,1155.7397980607043,1131.823817731609,1135.809814453125,1098688
2025-10-03,1140.6926144783226,1142.98461135357,1104.1211415690982,1109.1036376953125,1665979
2025-10-06,1118.072035388678,1118.2712865595486,1101.4305484032682,1111.1961669921875,1415808
2025-10-07,1114.0860989100029,1148.1663226881662,1094.9533630420808,1140.9915771484375,6502049
2025-10-08,1145.9740155802692,1155.9390070200977,1121.0615369806983,1124.74853515625,1724214
2025-10-09,1133.5177762804838,1137.703024028027,1111.1961711266758,1124.74853515625,682554
2025-10-10,1126.3430396047197,1157.234513301414,1116.676924849331,1151.8533935546875,1061874
2025-10-13,1150.9565339604608,1153.8464058634997,1135.809795330894,1150.259033203125,547636
2025-10-14,1161.0211821600742,1163.9110541402144,1132.5213296492755,1138.0020751953125,479321
2025-10-15,1143.981113264585,1183.2432071599258,1140.1943675425832,1167.8970947265625,1575396
2025-10-16,1172.879574903538,1192.809559183972,1170.8865764754946,1190.6173095703125,2296704
2025-10-17,1190.6172407109418,1193.3077397760073,1174.2746302175672,1182.744873046875,774211
2025-10-20,1190.7169543878433,1190.7169543878433,1169.8900961499357,1181.449462890625,750454
2025-10-21,1191.8129633144108,1192.7098368628883,1174.8724780499083,1180.6522216796875,68509
2025-10-23,1191.813031454526,1191.813031454526,1167.897050890221,1171.185546875,1679963
2025-10-24,1179.9546877841549,1195.3007999149079,1164.110326049436,1168.7939453125,938533
2025-10-27,1179.8550107529736,1185.3357561576538,1169.8900191081004,1172.8795166015625,575452
2025-10-28,1172.8795865648724,1177.7624570907208,1159.1278486174585,1164.9075927734375,1135709
2025-10-29,1167.8970319480134,1186.2326410785206,1163.6120368425536,1175.07177734375,896789
2025-10-30,1183.6418056443165,1185.7344296485,1162.5159494895443,1167.2991943359375,870241
2025-10-31,1194.8025456943337,1209.7500337555641,1180.0543088167324,1193.7064208984375,5985377
2025-11-03,1195.799025868806,1235.6589933977662,1192.610277123676,1230.776123046875,2096532
2025-11-04,1237.6520068832124,1239.6450052839905,1215.729024474653,1218.618896484375,1186673
2025-11-06,1217.7219397740237,1233.1676763259857,1209.6503211303004,1228.1851806640625,1539222
2025-11-07,1228.185277878154,1229.5804011025123,1195.1015527215045,1222.305908203125,804549
2025-11-10,1221.8076699573794,1228.1852892973352,1198.8881878852994,1201.877685546875,516966
2025-11-11,1201.87760218264,1221.2097100485162,1190.9161115171698,1216.7254638671875,1909398
2025-11-12,1216.7254661427364,1238.6484475146776,1207.1590985999367,1212.938720703125,2586644
2025-11-13,1215.7290247538267,1230.477261580159,1210.7465287507373,1213.33740234375,882806
2025-11-14,1208.8531197565628,1212.7394908512363,1197.2937537039938,1205.2657470703125,541800
2025-11-17,1208.155586535233,1218.7184531332246,1206.2622138330075,1216.0279541015625,781591
2025-11-18,1220.7114994125877,1227.6869936949454,1182.445906449347,1187.8270263671875,871832
2025-11-19,1187.926626159526,1202.176612826929,1172.5805147430067,1197.7919921875,849225
2025-11-20,1202.6749343973004,1202.6749343973004,1187.2291964686692,1196.5963134765625,719624
2025-11-21,1196.7955296417783,1197.7920288338198,1157.8324355615514,1172.6802978515625,1730092
2025-11-24,1175.8690876699304,1176.8655868967694,1151.5544822064662,1155.8394775390625,1196025
2025-11-25,1155.9390544842693,1170.4879182552193,1151.9530577446683,1156.1383056640625,504998
2025-11-26,1160.921490302722,1170.8864816357925,1153.846370784834,1159.5263671875,833164
2025-11-27,1163.5123940726364,1167.897014702159,1147.169783531488,1152.5509033203125,598418
2025-11-28,1161.918031727226,1174.473896935308,1141.2905475741602,1144.1802978515625,1536998
2025-12-01,1152.2520914793952,1153.946091488468,1121.1612429716436,1124.2503662109375,684453
2025-12-02,1123.0546285881726,1126.5423758819247,1110.5983882533437,1115.8798828125,1993162
2025-12-03,1116.0791357081478,1122.0581310780128,1096.1491511419308,1100.0355224609375,1062825
2025-12-04,1101.1315983982438,1116.079086159306,1089.7714833712432,1105.6158447265625,962511
2025-12-05,1109.6018689189277,1120.961984227024,1098.1421280185525,1107.70849609375,727204
2025-12-08,1111.4951570026244,1111.9934065690013,1062.2680755159747,1068.2470703125,636718
2025-12-09,1068.2471574407527,1074.7244023319513,1052.5024212018818,1072.233154296875,1064805
2025-12-10,1077.2156369752247,1093.5582482107507,1061.0723985658085,1068.546142578125,759811
2025-12-11,1066.2541654164015,1081.699903326639,1063.3642933497629,1076.7174072265625,419301
2025-12-12,1083.393902155109,1092.3623951254094,1075.6212812332979,1087.2802734375,1174813
2025-12-15,1088.1771632962877,1098.0425300393817,1071.8345515335732,1087.1806640625,2704691
2025-12-16,1088.1771161417155,1095.6508600712602,1067.2506331389902,1071.63525390625,450739
2025-12-17,1117.0756349365722,1125.346627188742,1054.6948075729015,1060.075927734375,980532
2025-12-18,1059.2786788454575,1072.233168803116,1043.9325664131754,1065.3572998046875,455006
2025-12-19,1074.8239352240541,1089.871047729548,1067.649190159025,1086.38330078125,545392
2025-12-22,1094.1560427423265,1104.8185347566753,1086.3833008853337,1091.664794921875,537621
2025-12-23,1089.1736427569851,1090.0705163797068,1076.3187785458977,1079.0093994140625,403609
2025-12-24,1079.009346321711,1087.080965243102,1071.3362297526141,1076.3187255859375,412998
2025-12-26,1075.6211905134212,1081.201561340133,1065.9550759193505,1069.7418212890625,478206
2025-12-29,1071.2366467316867,1078.6107651866196,1057.7839074471492,1060.97265625,643460
2025-12-30,1060.2750706417382,1064.9585678793064,1049.3135802497654,1053.199951171875,656685
2025-12-31,1059.1789690352177,1066.254088659412,1052.5023517559655,1057.5845947265625,509451
2026-01-01,1057.285573174026,1071.1369353604116,1057.285573174026,1069.0443115234375,393122
2026-01-02,1070.2401775388366,1085.287291646775,1066.453431791659,1081.899169921875,1416306
2026-01-05,1086.8816264090792,1126.0440935407366,1082.3973800188728,1116.0791015625,2876700
2026-01-06,1121.4601522077025,1122.4566513439022,1096.6472993877385,1108.2066650390625,1918861
2026-01-07,1116.0791047254252,1134.5143399374078,1100.334368698004,1107.010986328125,2651449
2026-01-08,1110.1000286868607,1124.848264439705,1081.3011795566076,1086.38330078125,1683229
2026-01-09,1078.2120619129018,1078.3116874976104,1049.1143358862998,1057.6842041015625,2660754
2026-01-12,1057.7838703196094,1076.7173545740347,1036.558389314041,1074.02685546875,1566981
2026-01-13,1074.2261668343467,1084.5897831249792,1056.2891807462036,1070.6387939453125,803297
2026-01-14,1050.7087630545566,1065.8555019814316,1043.8328943621457,1055.0933837890625,981592
2026-01-15,1055.0933837890625,1055.0933837890625,1055.0933837890625,1055.0933837890625,0
2026-01-16,1051.3066396149102,1083.0949879280681,1051.3066396149102,1067.1510009765625,1941994
2026-01-19,1060.574073790105,1069.841442722713,1033.1703476873565,1040.3450927734375,795590
2026-01-20,1042.0391526853496,1042.0391526853496,968.397899153172,975.8716430664062,2354624
2026-01-21,973.2807465750043,985.5376741396437,957.9346351061176,976.7684936523438,1199343
2026-01-22,977.0674747686926,985.0394684435009,933.7197591619225,942.1900024414062,2425976
2026-01-23,942.1899681468749,944.5815904908593,889.5748239725622,897.148193359375,3143100
2026-01-27,907.6114204899828,910.3019803795389,860.7759600873136,904.0240478515625,5964791
2026-01-28,908.8072396592016,930.5309093200923,905.8177421603227,925.8473510742188,1884319
2026-01-29,916.7792376289619,955.6427053110592,900.9348764761293,948.0693359375,6125720
2026-01-30,944.3822700454022,973.5796833912,932.7232176603513,968.0989379882812,2914884
2026-02-02,922.8578842868379,962.4189146695049,914.7862650998449,958.0841674804688,1783088
2026-02-03,981.0533925408049,1042.8862121549794,981.0533925408049,1028.2874755859375,2869363
2026-02-04,1025.3976639451091,1056.0898875775238,1009.7028017418677,1052.8013916015625,1867196
2026-02-05,1045.3276484384478,1047.5697716119334,1029.7822854308736,1044.8792724609375,1164041
2026-02-06,1047.5198789081794,1062.8162384829475,1023.8032716465691,1051.40625,1104084
2026-02-09,1061.271659391594,1091.166635712484,1052.8512897183982,1086.582763671875,1350887
2026-02-10,1096.149052744227,1096.149052744227,1076.3186955523527,1091.2164306640625,1030861
2026-02-11,1087.1806453281656,1095.0530134680268,1076.6675299356773,1091.0670166015625,512383
2026-02-12,1085.2872455890881,1092.2129879586976,1076.2191272712296,1081.0521240234375,1511339
2026-02-13,1067.499803864294,1075.2725465426188,1042.238572624198,1069.841552734375,1795630
2026-02-16,1069.642287651564,1096.1491425892182,1056.4884249547106,1094.0565185546875,692541
2026-02-17,1086.1841204760983,1101.1316083725583,1081.4008756920439,1093.1097412109375,490586
2026-02-18,1096.1491369486444,1109.30287793484,1085.0381463682525,1104.2706298828125,598625
2026-02-19,1096.6473006108722,1104.2705433398942,1057.3354583011335,1063.314453125,1005993
2026-02-20,1056.588154451684,1079.9560121237248,1053.6484088146776,1067.400146484375,549915
2026-02-23,1072.6815422321724,1081.6002832828538,1060.2751755365136,1069.14404296875,579542
2026-02-24,1061.2716030313031,1074.6744680462032,1021.0628863436394,1037.1563720703125,798095
2026-02-25,1040.793518470144,1055.4421293818864,1012.0944151111803,1018.92041015625,1280861
2026-02-26,1019.11972635081,1027.2910318135612,994.506184372876,1007.9589233398438,1020849
2026-02-27,1008.4572004747187,1009.4536996846739,981.2527842072371,984.7903442382812,1986835
2026-03-02,945.1794575072578,975.2737444387859,945.1794575072578,962.8175048828125,2083185
2026-03-04,948.6672023666009,950.6602006909004,901.9313673331828,909.6542358398438,3409192
2026-03-05,921.6621004898095,925.7477227308577,897.9453717454393,913.0423583984375,1951445
2026-03-06,913.0423798988735,916.4803142576053,882.8484667033493,886.1369018554688,1595028
2026-03-09,866.9044830402572,889.57483962676,847.4727488232548,885.73828125,959578
2026-03-10,898.2443570660444,903.7251023845001,886.8842424410165,898.7924194335938,732423
2026-03-11,900.7854764488179,916.4803390656455,874.1291224805553,877.3179321289062,673418
2026-03-12,871.9368118796096,883.9446152389118,857.3380740721169,866.0076293945312,728482
2026-03-13,861.971767074028,874.4778192759503,854.0495866458722,863.3170166015625,640875
2026-03-16,864.9612959085051,871.5381662262206,829.0375123153116,845.7786865234375,1542884
2026-03-17,856.9893217466548,857.2882593457578,832.0768414633218,839.2516479492188,1466255
2026-03-18,844.4334206442892,868.2995270989286,843.1379230666283,851.1597900390625,5171884
2026-03-19,843.5365252069334,843.5365252069334,809.157304746639,815.0864868164062,1221650
2026-03-20,819.5209588580699,832.176449924283,789.5262967215302,794.1102294921875,2237596
2026-03-23,786.2378846602448,786.2378846602448,721.4654353536341,725.351806640625,4129352
2026-03-24,737.4094206886655,739.4024191229591,712.9453770720074,723.8570556640625,11500326
2026-03-25,744.982747230662,757.1898619331778,722.5615161444083,731.2808837890625,14941152
2026-03-27,722.4618850623126,727.095630446822,689.4279138512156,697.7487182617188,5401882
2026-03-30,689.5774315252262,700.4891096941489,670.2453231336425,674.6299438476562,4775583
2026-04-01,689.5774274199481,694.559923282809,675.0783766233194,682.95068359375,4257259
2026-04-02,672.6369253012276,700.4890886687377,648.5216337409466,693.6132202148438,4877982
2026-04-06,693.6132491402477,713.2941081457283,684.2461932457194,707.7635498046875,7760768
2026-04-07,707.51439150507,721.3657539208742,699.9410223471292,715.1376342773438,2527244
2026-04-08,752.1575592437432,779.4616607538151,751.4101848683378,776.1233520507812,5440433
2026-04-09,779.2623322828015,790.4729476768955,759.7309733470169,786.785888671875,2930280
2026-04-10,787.2343397802202,839.0522963227157,787.2343397802202,823.6563720703125,8271085
2026-04-13,785.2413683446711,824.5034610904984,781.5543091462686,817.826904296875,2549142
2026-04-15,839.0523139027091,860.0784223809413,834.7175667758669,857.487548828125,4552767
2026-04-16,866.8546439527476,875.3746996097944,845.4299120043405,870.4420166015625,3166380
2026-04-17,874.2287325092481,875.6238557122781,854.1991229977207,869.495361328125,2292458
2026-04-20,865.9578190094355,870.591564694064,843.8853370386561,853.5513916015625,1454799
2026-04-21,857.0889147797611,885.389515635127,857.0889147797611,872.6343383789062,2635667
2026-04-22,875.0757706244564,891.6674453151074,869.4953387785442,881.7024536132812,3123516
2026-04-23,874.9760704953343,876.9192560110187,851.6081531566534,853.5015258789062,1641168
2026-04-24,854.0994475035039,865.1606252136814,830.8810281035868,837.7568969726562,1597049
2026-04-27,848.6186771705974,881.9017741037854,833.4220646789785,876.3712158203125,3641403
2026-04-28,869.9437769374912,886.8842628572361,868.9970905600323,879.8091430664062,3714661
2026-04-29,881.90178208343,918.2241896792985,878.9122845170456,909.5048217773438,4734976
2026-04-30,909.4550159798491,911.0992031611213,889.5748448461308,894.7566528320312,2976918
2026-05-01,894.7566528320312,894.7566528320312,894.7566528320312,894.7566528320312,0
2026-05-04,897.9454061496784,926.6446318102777,897.9454061496784,920.3666381835938,2872626
2026-05-05,913.1420041121223,928.4383030992177,897.8457659465105,904.6219482421875,2290420
2026-05-06,908.7574282651535,946.9233342286742,906.0668683477211,945.8272094726562,2490212
2026-05-07,946.6742038109259,966.6041870490507,927.7407197347073,963.9634399414062,2441466
2026-05-08,963.9634320807841,971.4870493490106,953.0019413892007,958.7318115234375,1812273
2026-05-11,953.2511230025813,953.2511230025813,919.3203369579858,927.8403930664062,1722110
2026-05-12,920.5161341288114,923.0073821237473,873.7802974152204,876.2715454101562,2005707
2026-05-13,870.4918708093805,885.8877957341873,866.0574371703736,870.9403076171875,1661360
2026-05-14,880.9551148449124,883.8947996800732,851.1099513272691,869.7943115234375,1213529
2026-05-15,874.129089866692,876.6701506026931,842.0418042162837,846.9744873046875,1092096
2026-05-18,830.4824610896967,858.18512680152,827.2936514720334,854.7471923828125,2353716
2026-05-19,842.7393862837355,900.8352775262771,842.7393862837355,889.0765991210938,3657358
2026-05-20,880.257498306434,881.2041846615982,853.1028965157457,876.9192504882812,3575772
2026-05-21,879.5600031881555,900.1874870324068,875.5740065695204,880.6561279296875,1339789
2026-05-22,885.8877529921853,891.0695607870321,871.9367647560879,883.6456298828125,1018152
2026-05-25,900.6857344766973,906.6647293904903,893.9095524053616,903.6752319335938,1152800
2026-05-26,906.8142485513353,909.3054964869159,896.699757604285,900.5363159179688,2158528
2026-05-27,906.8142655937502,931.7267454177543,900.6359584331003,920.41650390625,2513863
2026-05-28,920.41650390625,920.41650390625,920.41650390625,920.41650390625,0
2026-05-29,920.4164924320141,965.6077059407944,920.3666188158007,934.8158569335938,9135214
2026-06-01,937.8552397656081,938.7022397510149,884.4926593263966,889.873779296875,2050481
2026-06-02,884.8912507878418,904.8212339136941,867.9507651308674,900.6359252929688,2630026
2026-06-03,900.6359252269076,900.6359252269076,868.498827438828,876.1220703125,1938065
2026-06-04,868.9472800228594,891.8667610326366,853.5015428206182,878.6631469726562,1343237
2026-06-05,887.880791166283,905.8177768464099,881.1046087403097,891.3187255859375,1370207
2026-06-08,877.0188787892954,886.7347455151213,861.9717659322498,867.8511352539062,1371879
2026-06-09,859.3808974688216,891.8667456638506,859.1815854730919,884.7916259765625,1245149
2026-06-10,884.8912786851073,887.4821522445558,853.4019286821135,858.9822998046875,747498
2026-06-11,858.5338636732976,868.4988555581283,845.0313118336486,865.0111083984375,893056
2026-06-12,881.9515594926952,897.8457330805596,872.5346303721157,896.1516723632812,1782006
2026-06-15,916.2809711751798,939.6488884771139,914.4872848640924,917.626220703125,2057483
2026-06-16,922.7084523934759,936.6096284880035,913.2417099320286,934.6664428710938,827292
2026-06-17,921.7119028310346,921.9112148257361,896.9987360250783,911.597412109375,3535454
2026-06-18,913.2915148053851,930.6804379717048,911.7967660086496,920.7652587890625,1976059
2026-06-19,919.4199762097705,919.7687265879013,903.8247399948282,914.9357299804688,1749432
2026-06-22,918.7722602615662,926.7442538430115,914.885889062018,923.406005859375,852381
2026-06-23,923.4060071008303,965.2090998425479,902.6787751040189,907.5616455078125,3850012
2026-06-24,907.56160856032,935.7127097865939,902.9278631449246,934.5667114257812,2227225
2026-06-25,951.6567355027091,968.5972218938568,938.8517451179941,944.1331787109375,4936333
2026-06-26,944.1331787109375,944.1331787109375,944.1331787109375,944.1331787109375,0
2026-06-29,943.6847343637321,952.5536014968001,927.7407472995086,936.2608032226562,4308359
2026-06-30,943.6847046824907,962.6181887257508,935.16464902732,951.9058227539062,3588024
2026-07-01,960.8743213813788,991.6162963419905,950.9591425095431,988.8261108398438,2871907
2026-07-02,990.0219384442684,1011.0480468798161,987.6303160761519,1002.677490234375,3964029
2026-07-03,1011.4467150959747,1058.2821787506653,1011.4467150959747,1053.2996826171875,7862663
2026-07-06,1060.2252547503006,1094.853601282948,1045.427266244079,1092.0634765625,6269479
2026-07-07,1092.0634418764691,1103.7224332642793,1082.397327143986,1098.690185546875,2538415
2026-07-08,1090.1201858467764,1150.9565070177568,1081.6998167686363,1111.1961669921875,10368353
2026-07-09,1103.9218781134507,1215.7290412860086,1098.1421340140832,1187.9765625,7067035
2026-07-10,1185.833969975553,1220.9106908504186,1135.162013318215,1216.476318359375,6417760
2026-07-13,1201.7779798053657,1215.6790943474216,1178.9581248486281,1194.4537353515625,2250980
2026-07-14,1180.851485251757,1184.6879826263032,1140.1942715327395,1143.233642578125,2379703
2026-07-15,1140.9915781567656,1174.7729251923588,1140.9915781567656,1158.3306884765625,1703105
2026-07-16,1161.4198421509907,1190.4179451553812,1146.7214786402853,1173.9757080078125,2047707
2026-07-17,1173.726513711135,1190.816498669164,1161.1706485976931,1184.58837890625,1143368
2026-07-20,1184.4388751979072,1190.8164941394643,1175.869006765329,1184.2396240234375,899790
2026-07-21,1184.588442207832,1200.7815544567297,1178.111197308273,1194.752685546875,1188038
2026-07-22,1186.8305222464471,1199.585760395451,1149.1130526480645,1156.935546875,2428115
2026-07-23,1150.9565876279867,1171.932944657096,1127.140232178779,1142.38671875,1955224
2026-07-24,1133.0196064707404,1162.2170821020645,1120.065116686994,1140.0947265625,1446063
2026-07-27,1150.956573741694,1202.7745320400213,1146.073703342681,1194.5035400390625,4971286
2026-07-28,1228.8827960556632,1311.7916045913241,1223.9501735473243,1296.8441162109375,12877563
2026-07-29,1285.4839695947685,1340.2415520455131,1270.935105585313,1311.74169921875,4953761
2026-07-30,1300.4314066143395,1324.1481353308518,1276.6150523102044,1282.6439208984375,3725269
2026-07-31,1280.900056319367,1292.4594223526015,1235.210593743668,1239.5950927734375,3593817
2026-08-03,1243.6309613149958,1253.3967018158412,1222.1066036208294,1235.459716796875,1834226
2026-08-04,1238.648491610818,1256.4858514179582,1225.4947509765625,1225.4947509765625,912671
2026-08-05,1245.5243978442193,1259.7742636865617,1235.9580296728134,1245.6240234375,1531623
2026-08-06,1250.6064662273475,1250.6064662273475,1209.75,1209.75,1279323
2026-08-07,1214.0,1225.0,1204.699951171875,1218.699951171875,890480
2026-08-10,1220.0,1240.0,1204.0,1213.0,708849
2026-08-11,1213.0,1229.0,1201.699951171875,1212.0,795290
2026-08-12,1215.0,1217.5999755859375,1185.0,1209.0,1174178
2026-08-13,1209.0,1244.699951171875,1200.4000244140625,1232.300048828125,1227769
2026-08-14,1237.9000244140625,1254.5999755859375,1227.0,1243.9000244140625,1145101
2026-08-17,1243.4000244140625,1254.0,1220.5999755859375,1254.0,856360
2026-08-18,1254.0,1260.0,1211.0999755859375,1211.0999755859375,1547121
2026-08-19,1217.0,1220.0,1195.199951171875,1210.0,1076314
2026-08-20,1220.0,1246.5,1215.5,1240.0,952802
2026-08-21,1254.0,1262.0,1232.199951171875,1242.0,1491660
2026-08-24,1230.0,1264.0,1225.4000244140625,1258.4000244140625,1261611
2026-08-25,1257.5,1283.0,1253.0999755859375,1281.0999755859375,2232829
2026-08-26,1282.0,1306.9000244140625,1265.0,1265.0,1402916
2026-08-27,1268.0,1278.0,1246.300048828125,1246.300048828125,801407
2026-08-28,1260.0,1274.0,1248.5,1274.0,995058
2026-08-31,1260.0,1260.0,1198.5999755859375,1198.5999755859375,2185679
2026-09-01,1214.9000244140625,1231.800048828125,1180.0,1193.9000244140625,1844689
2026-09-02,1179.699951171875,1208.300048828125,1166.4000244140625,1208.300048828125,1532916
2026-09-03,1209.800048828125,1244.4000244140625,1205.300048828125,1234.0,1694352
2026-09-04,1225.0,1237.800048828125,1209.5,1222.0,948334
2026-09-07,1231.9000244140625,1231.9000244140625,1200.0,1200.0,410768
2026-09-08,1195.0,1226.199951171875,1175.0999755859375,1212.0,1308433
2026-09-09,1203.5,1213.300048828125,1161.0,1166.0,1560777
2026-09-10,1163.9000244140625,1172.9000244140625,1140.0,1163.4000244140625,2078548
2026-09-11,1145.699951171875,1145.800048828125,1075.5,1116.9000244140625,4191874
2026-09-14,1116.9000244140625,1116.9000244140625,1116.9000244140625,1116.9000244140625,0
2026-09-15,1128.0,1128.0,1064.800048828125,1064.800048828125,1480215
2026-09-16,1050.0,1090.5999755859375,1047.5,1087.4000244140625,1204027
2026-09-17,1080.0,1116.9000244140625,1078.0,1103.0999755859375,2157472
2026-09-18,1110.199951171875,1148.800048828125,1108.5999755859375,1144.699951171875,4727259
2026-09-21,1137.800048828125,1150.699951171875,1127.0,1138.0,451750
2026-09-22,1150.0,1159.5999755859375,1135.0999755859375,1144.0,647829
2026-09-23,1143.300048828125,1177.5,1143.0,1162.5,1327880
2026-09-24,1153.0,1177.0,1148.9000244140625,1158.0,1243527
2026-09-25,1150.0,1170.300048828125,1147.0,1165.0,818279
2026-09-28,1164.0,1165.0,1115.0999755859375,1117.0999755859375,1158114
2026-09-29,1121.0,1128.0,1096.300048828125,1106.5999755859375,7960815
2026-09-30,1103.0,1135.0,1091.800048828125,1135.0,1779057
2026-10-01,1116.0,1129.0,1083.300048828125,1105.5999755859375,2249380
