Date,Open,High,Low,Close,Volume
2019-10-03,54.470001220703125,54.470001220703125,53.0,53.189998626708984,65010
2019-10-04,53.599998474121094,53.994998931884766,52.650001525878906,53.108001708984375,51380
2019-10-07,53.400001525878906,54.09000015258789,53.400001525878906,53.84700012207031,76680
2019-10-09,52.77000045776367,53.79999923706055,52.5,53.62200164794922,52430
2019-10-10,53.62200164794922,53.79999923706055,53.4010009765625,53.45399856567383,24290
2019-10-11,53.79999923706055,54.5989990234375,53.79999923706055,54.19499969482422,39820
2019-10-14,57.5,57.5,53.5,54.77899932861328,30370
2019-10-15,55.0,55.5,54.599998474121094,55.263999938964844,38710
2019-10-16,55.599998474121094,55.900001525878906,55.41999816894531,55.895999908447266,80960
2019-10-17,55.79499816894531,55.79999923706055,55.529998779296875,55.79199981689453,56550
2019-10-18,55.79999923706055,55.900001525878906,55.400001525878906,55.58300018310547,36630
2019-10-22,55.79999923706055,55.900001525878906,55.099998474121094,55.465999603271484,43740
2019-10-23,55.880001068115234,55.880001068115234,54.70500183105469,54.81399917602539,60390
2019-10-24,54.79999923706055,55.38999938964844,54.70000076293945,55.362998962402344,18900
2019-10-25,55.400001525878906,55.88399887084961,55.362998962402344,55.57400131225586,54990
2019-10-27,56.689998626708984,61.689998626708984,55.595001220703125,55.834999084472656,20800
2019-10-29,56.0,56.599998474121094,55.900001525878906,56.5989990234375,60810
2019-10-30,59.79999923706055,59.79999923706055,56.20000076293945,56.305999755859375,125950
2019-10-31,56.5,56.77000045776367,56.25,56.763999938964844,128410
2019-11-01,56.000999450683594,56.89500045776367,55.60100173950195,56.73500061035156,94590
2019-11-04,57.869998931884766,57.869998931884766,56.0,56.96900177001953,57290
2019-11-05,56.994998931884766,57.4900016784668,56.599998474121094,57.40299987792969,246510
2019-11-06,57.47999954223633,57.4900016784668,57.21200180053711,57.459999084472656,393240
2019-11-07,57.459999084472656,57.599998474121094,57.040000915527344,57.198001861572266,73770
2019-11-08,57.599998474121094,58.0,56.75,56.92300033569336,205420
2019-11-11,58.060001373291016,63.18000030517578,56.79999923706055,57.810001373291016,273180
2019-11-13,58.970001220703125,62.79999923706055,57.79999923706055,58.00299835205078,135890
2019-11-14,59.15999984741211,61.5,58.29999923706055,58.55099868774414,29640
2019-11-15,58.79999923706055,58.79999923706055,58.400001525878906,58.50299835205078,71360
2019-11-18,59.66999816894531,64.94000244140625,58.5,58.74700164794922,90180
2019-11-19,59.0,59.0,58.75,58.95899963378906,43560
2019-11-20,59.099998474121094,59.5,58.5099983215332,58.73699951171875,53650
2019-11-21,59.90999984741211,59.999000549316406,57.0,58.43199920654297,67390
2019-11-22,58.5,58.75,58.310001373291016,58.42900085449219,104940
2019-11-25,58.5,58.79999923706055,58.400001525878906,58.54999923706055,96950
2019-11-26,58.70000076293945,60.0,58.349998474121094,59.02799987792969,351450
2019-11-27,59.4900016784668,59.79999923706055,58.709999084472656,59.02399826049805,197810
2019-11-28,59.49399948120117,59.49399948120117,59.150001525878906,59.37900161743164,81400
2019-11-29,59.362998962402344,59.584999084472656,59.005001068115234,59.52199935913086,733560
2019-12-02,59.689998626708984,59.779998779296875,59.209999084472656,59.46799850463867,65620
2019-12-03,59.400001525878906,59.400001525878906,58.60499954223633,58.82099914550781,465450
2019-12-04,58.83000183105469,58.83000183105469,58.20000076293945,58.5890007019043,45850
2019-12-05,58.61000061035156,58.689998626708984,58.04999923706055,58.08000183105469,274970
2019-12-06,58.0,58.59000015258789,58.0,58.57600021362305,42260
2019-12-09,58.57600021362305,59.0,57.5,58.78900146484375,62270
2019-12-10,58.5,58.888999938964844,58.0,58.39400100708008,172480
2019-12-11,58.70000076293945,58.70000076293945,58.150001525878906,58.159000396728516,83430
2019-12-12,59.31999969482422,60.4900016784668,58.20000076293945,58.505001068115234,38310
2019-12-13,58.900001525878906,59.20000076293945,58.70000076293945,59.11600112915039,34490
2019-12-16,59.10499954223633,59.900001525878906,58.025001525878906,59.4379997253418,362210
2019-12-17,60.630001068115234,60.630001068115234,59.29999923706055,59.95199966430664,174400
2019-12-18,59.89500045776367,59.999000549316406,59.49599838256836,59.60599899291992,66870
2019-12-19,59.5,59.970001220703125,59.30500030517578,59.94599914550781,114880
2019-12-20,59.91999816894531,60.47999954223633,59.720001220703125,60.2869987487793,63770
2019-12-23,61.4900016784668,62.70000076293945,60.2869987487793,60.67100143432617,79290
2019-12-24,60.70000076293945,60.98899841308594,60.599998474121094,60.85900115966797,131380
2019-12-26,61.400001525878906,61.400001525878906,60.60100173950195,61.051998138427734,124390
2019-12-27,61.39400100708008,61.75,61.20199966430664,61.53300094604492,72800
2019-12-30,61.89899826049805,61.900001525878906,61.494998931884766,61.54100036621094,130860
2019-12-31,61.5,61.849998474121094,61.10100173950195,61.62900161743164,887440
2020-01-01,61.599998474121094,61.875,61.5,61.70600128173828,80310
2020-01-02,61.79999923706055,61.867000579833984,61.470001220703125,61.54999923706055,148800
2020-01-03,61.54999923706055,61.99800109863281,61.20000076293945,61.25699996948242,197910
2020-01-06,62.47999954223633,62.79999923706055,61.29999923706055,61.65399932861328,96450
2020-01-07,62.0,62.994998931884766,61.79999923706055,62.909000396728516,888480
2020-01-08,64.16999816894531,65.43000030517578,62.0,62.31999969482422,183930
2020-01-09,65.30000305175781,65.30000305175781,62.349998474121094,63.13800048828125,349280
2020-01-10,63.70000076293945,64.29900360107422,58.38999938964844,63.43899917602539,840850
2020-01-13,63.5,64.0,61.80500030517578,62.694000244140625,392000
2020-01-14,63.599998474121094,63.599998474121094,62.29999923706055,62.81700134277344,132700
2020-01-15,63.698001861572266,63.698001861572266,62.79999923706055,63.18000030517578,1261760
2020-01-16,64.44000244140625,65.70999908447266,62.95000076293945,63.48099899291992,139650
2020-01-17,63.79999923706055,64.19000244140625,63.5,64.1500015258789,1109260
2020-01-20,64.1500015258789,65.48999786376953,64.01000213623047,65.38200378417969,582690
2020-01-21,66.0,66.0,64.0,64.14800262451172,216170
2020-01-22,65.10299682617188,65.10299682617188,63.89500045776367,64.7770004272461,123100
2020-01-23,64.5,64.97000122070312,64.25,64.73200225830078,244160
2020-01-24,64.69999694824219,64.98999786376953,64.25,64.78600311279297,192050
2020-01-27,64.9000015258789,65.4000015258789,63.70100021362305,64.31999969482422,656070
2020-01-28,64.0,64.0,63.0,63.736000061035156,203540
2020-01-29,64.44999694824219,64.79900360107422,64.01000213623047,64.46700286865234,140270
2020-01-30,64.625,64.79399871826172,63.60300064086914,64.14299774169922,236970
2020-01-31,64.69999694824219,64.98999786376953,64.30000305175781,64.86499786376953,221840
2020-02-03,65.08999633789062,65.08999633789062,63.599998474121094,63.974998474121094,109400
2020-02-04,64.30000305175781,64.80000305175781,64.30000305175781,64.65799713134766,49890
2020-02-05,64.80000305175781,66.49500274658203,64.69999694824219,66.02300262451172,387430
2020-02-06,66.98999786376953,66.98999786376953,66.00499725341797,66.4260025024414,127720
2020-02-07,66.91000366210938,68.0,65.6510009765625,66.65799713134766,802110
2020-02-10,67.0,67.0,66.0,66.26899719238281,110500
2020-02-11,66.5,67.29000091552734,66.30000305175781,67.13999938964844,364970
2020-02-12,67.1500015258789,67.19000244140625,66.9010009765625,67.13800048828125,71910
2020-02-13,67.25,67.79900360107422,67.11499786376953,67.42500305175781,519110
2020-02-14,68.7699966430664,70.12000274658203,66.19999694824219,67.8010025024414,551270
2020-02-17,69.16000366210938,70.51000213623047,67.80000305175781,68.29499816894531,167960
2020-02-18,69.5,69.5,67.0999984741211,67.46399688720703,310930
2020-02-19,67.98999786376953,68.38999938964844,67.50199890136719,67.6709976196289,383010
2020-02-20,69.0199966430664,70.37999725341797,68.01000213623047,68.625,449300
2020-02-24,68.5,69.0,64.19999694824219,65.97000122070312,436810
2020-02-25,66.80000305175781,66.80000305175781,65.0,65.47599792480469,287570
2020-02-26,63.0,65.5,62.86000061035156,63.2239990234375,454650
2020-02-27,63.98899841308594,63.98899841308594,60.70000076293945,63.30699920654297,309060
2020-02-28,62.70000076293945,62.70000076293945,59.75,60.01499938964844,1030260
2020-03-02,61.0,61.79999923706055,59.994998931884766,61.73099899291992,546070
2020-03-03,62.970001220703125,64.48999786376953,62.505001068115234,64.2969970703125,330790
2020-03-04,63.9900016784668,63.9900016784668,61.72999954223633,63.00400161743164,306710
2020-03-05,64.0,64.48999786376953,63.060001373291016,63.459999084472656,217220
2020-03-06,62.900001525878906,63.88999938964844,62.00199890136719,62.91899871826172,1017360
2020-03-09,62.5,62.5,60.0,60.7400016784668,500300
2020-03-11,63.16999816894531,63.16999816894531,60.0,60.58000183105469,366370
2020-03-12,60.400001525878906,60.400001525878906,56.099998474121094,57.395999908447266,402150
2020-03-13,57.0,59.095001220703125,52.994998931884766,55.689998626708984,874180
2020-03-16,56.79499816894531,56.79499816894531,55.0,55.2599983215332,200690
2020-03-17,55.0,55.0,52.20000076293945,52.89699935913086,422990
2020-03-18,54.505001068115234,55.005001068115234,51.595001220703125,51.729000091552734,366470
2020-03-19,53.279998779296875,54.83000183105469,49.91999816894531,52.67499923706055,402880
2020-03-20,52.67499923706055,55.5,52.67499923706055,55.36199951171875,209770
2020-03-23,58.0,58.0,50.0,50.387001037597656,389120
2020-03-24,53.5,62.5,51.529998779296875,54.09299850463867,193470
2020-03-25,55.099998474121094,57.900001525878906,54.09299850463867,57.380001068115234,238770
2020-03-26,59.099998474121094,59.68000030517578,53.70000076293945,54.20800018310547,447040
2020-03-27,55.290000915527344,57.57500076293945,55.290000915527344,56.733001708984375,238810
2020-03-30,56.0,56.900001525878906,54.505001068115234,56.361000061035156,196230
2020-03-31,58.619998931884766,61.43000030517578,57.04999923706055,58.888999938964844,193730
2020-04-01,58.888999938964844,58.888999938964844,56.111000061035156,56.428001403808594,211850
2020-04-03,55.0,57.45000076293945,53.040000915527344,57.06999969482422,306700
2020-04-07,60.70000076293945,62.5,58.0,61.20399856567383,716890
2020-04-08,61.505001068115234,67.69999694824219,59.51499938964844,60.46200180053711,1554010
2020-04-09,61.44499969482422,62.999000549316406,60.599998474121094,61.85599899291992,179620
2020-04-13,63.67499923706055,63.68000030517578,60.849998474121094,61.21500015258789,410160
2020-04-15,63.04499816894531,65.0,61.599998474121094,63.71500015258789,631780
2020-04-16,64.03099822998047,65.5999984741211,63.30099868774414,65.47899627685547,1026220
2020-04-17,68.09500122070312,69.0,66.0,67.30500030517578,922420
2020-04-20,68.4000015258789,68.4000015258789,65.69999694824219,66.09700012207031,288640
2020-04-21,65.89199829101562,66.39900207519531,64.25,65.86599731445312,570360
2020-04-22,65.5,65.5,63.88999938964844,64.13099670410156,582360
2020-04-23,65.52999877929688,65.5989990234375,64.0999984741211,64.6449966430664,421510
2020-04-24,65.38600158691406,65.44999694824219,63.810001373291016,64.41100311279297,167180
2020-04-27,64.80000305175781,66.80000305175781,64.80000305175781,66.4800033569336,319720
2020-04-28,66.80999755859375,66.9749984741211,65.42500305175781,66.82599639892578,314110
2020-04-29,66.82499694824219,66.82499694824219,65.21199798583984,65.52899932861328,535680
2020-04-30,67.1050033569336,67.80999755859375,66.5,66.72599792480469,542030
2020-05-04,66.49500274658203,67.72599792480469,63.005001068115234,64.09500122070312,559980
2020-05-05,64.69499969482422,66.49500274658203,64.69499969482422,65.7699966430664,237990
2020-05-06,65.7699966430664,67.30000305175781,65.76499938964844,66.66999816894531,341670
2020-05-07,68.49500274658203,68.49500274658203,66.5,67.88300323486328,207350
2020-05-08,68.99500274658203,69.44999694824219,67.80000305175781,68.08499908447266,338010
2020-05-11,68.4990005493164,69.4000015258789,68.10199737548828,68.40399932861328,598210
2020-05-12,69.99500274658203,76.61000061035156,68.30000305175781,68.91000366210938,398640
2020-05-13,68.80000305175781,68.80000305175781,67.1989974975586,67.86900329589844,290770
2020-05-14,67.19999694824219,67.82599639892578,66.59500122070312,66.89399719238281,337020
2020-05-15,66.79399871826172,68.5,66.75,67.95600128173828,508080
2020-05-18,69.0,69.9000015258789,68.0,69.51599884033203,456820
2020-05-19,70.0,71.00499725341797,69.0,69.28500366210938,835690
2020-05-20,69.49500274658203,70.31300354003906,68.0999984741211,70.02799987792969,305800
2020-05-21,72.12999725341797,72.5,69.70500183105469,69.83999633789062,496510
2020-05-22,69.80000305175781,69.9489974975586,68.54499816894531,69.28399658203125,433120
2020-05-26,69.80000305175781,71.4000015258789,69.80000305175781,71.19300079345703,235850
2020-05-27,71.19300079345703,72.0,70.00499725341797,70.4469985961914,474280
2020-05-28,71.24700164794922,71.80999755859375,70.01000213623047,70.23100280761719,170820
2020-05-29,70.8949966430664,70.8949966430664,69.30000305175781,69.39900207519531,345830
2020-06-01,69.9990005493164,71.39900207519531,69.5,70.14099884033203,344050
2020-06-02,70.74099731445312,71.125,70.4000015258789,70.91100311279297,198790
2020-06-03,70.9000015258789,71.94999694824219,70.9000015258789,71.53399658203125,281400
2020-06-04,72.19999694824219,72.19999694824219,71.62000274658203,71.8030014038086,139970
2020-06-05,73.95999908447266,74.0,71.15499877929688,72.00499725341797,210090
2020-06-08,73.43499755859375,73.5999984741211,72.44499969482422,73.03299713134766,474690
2020-06-09,73.0999984741211,73.8949966430664,72.19999694824219,72.89099884033203,775120
2020-06-10,74.43000030517578,75.03500366210938,72.61499786376953,74.44499969482422,1369570
2020-06-11,75.97000122070312,75.97000122070312,73.2699966430664,73.96900177001953,458520
2020-06-12,73.5,73.5,68.33000183105469,72.55699920654297,1142100
2020-06-15,72.6050033569336,72.69999694824219,70.25,71.20600128173828,708660
2020-06-16,72.4000015258789,74.4000015258789,72.4000015258789,73.33499908447266,268310
2020-06-17,75.80000305175781,75.80000305175781,74.0,74.33300018310547,283400
2020-06-18,77.0,77.0,74.0,74.97000122070312,326240
2020-06-19,76.4000015258789,76.4000015258789,74.49500274658203,75.59100341796875,155370
2020-06-22,76.69999694824219,76.69999694824219,75.0,75.46299743652344,279720
2020-06-23,76.0,76.09500122070312,75.20999908447266,75.86699676513672,633970
2020-06-24,76.5,76.5,75.4000015258789,75.55500030517578,266500
2020-06-25,74.99500274658203,75.0,74.0999984741211,74.40399932861328,312310
2020-06-26,75.5,76.0,74.80999755859375,75.05799865722656,186520
2020-06-29,74.69999694824219,74.69999694824219,72.75499725341797,73.10800170898438,319740
2020-06-30,74.80000305175781,75.0,73.50499725341797,73.8949966430664,104310
2020-07-01,74.80000305175781,75.5999984741211,74.80000305175781,75.43099975585938,147670
2020-07-02,76.5,76.5,74.56400299072266,76.09500122070312,248340
2020-07-03,76.48999786376953,76.49500274658203,75.72000122070312,76.2959976196289,143440
2020-07-06,77.7699966430664,77.7699966430664,76.4000015258789,76.77899932861328,309890
2020-07-07,78.30000305175781,78.30000305175781,77.1050033569336,77.51399993896484,356040
2020-07-08,77.51399993896484,77.63999938964844,76.79499816894531,77.36699676513672,140830
2020-07-09,78.18800354003906,78.87999725341797,78.18800354003906,78.61299896240234,212050
2020-07-10,80.49500274658203,80.5,78.79000091552734,79.19200134277344,210930
2020-07-13,81.56500244140625,83.94000244140625,79.19999694824219,80.39800262451172,293880
2020-07-14,80.0719985961914,80.30000305175781,78.4000015258789,79.03900146484375,609550
2020-07-15,81.41000366210938,81.9000015258789,79.19999694824219,79.29499816894531,841180
2020-07-16,80.5,80.5,78.0,78.17500305175781,236470
2020-07-17,79.07499694824219,79.19999694824219,78.08000183105469,79.01399993896484,175710
2020-07-20,80.19999694824219,80.19999694824219,77.5,78.59500122070312,280240
2020-07-21,80.0,80.9000015258789,79.81999969482422,80.81800079345703,220170
2020-07-22,79.0,82.0,79.0,79.30500030517578,448090
2020-07-23,79.30500030517578,80.4000015258789,79.30000305175781,80.28500366210938,306100
2020-07-24,79.49500274658203,79.7979965209961,77.44999694824219,77.58100128173828,641470
2020-07-27,77.5,79.0,77.0999984741211,77.58799743652344,255500
2020-07-28,80.49500274658203,82.23999786376953,78.0,78.70500183105469,202200
2020-07-29,78.70500183105469,78.70500183105469,77.0999984741211,77.5510025024414,380950
2020-07-30,79.9000015258789,79.9000015258789,77.5,77.58300018310547,116430
2020-07-31,78.40499877929688,79.80000305175781,78.40499877929688,79.64099884033203,296070
2020-08-03,81.0,83.0,79.9000015258789,80.53700256347656,296970
2020-08-04,82.87999725341797,82.87999725341797,81.00199890136719,81.27200317382812,179360
2020-08-05,82.4749984741211,82.4749984741211,81.26000213623047,81.37999725341797,275110
2020-08-06,82.19999694824219,82.19999694824219,81.37999725341797,81.54199981689453,144490
2020-08-07,82.19999694824219,83.0,81.80699920654297,82.7030029296875,262430
2020-08-10,82.7030029296875,83.5,81.56700134277344,82.0979995727539,251720
2020-08-11,82.0979995727539,82.38999938964844,80.94999694824219,81.41000366210938,527720
2020-08-12,79.9000015258789,82.19999694824219,79.19999694824219,80.96199798583984,235560
2020-08-13,81.9800033569336,82.43499755859375,80.55000305175781,82.03900146484375,225210
2020-08-14,82.4800033569336,82.4800033569336,81.83000183105469,82.08499908447266,139370
2020-08-17,82.4000015258789,82.9000015258789,81.5,82.65699768066406,191340
2020-08-18,82.80000305175781,83.9000015258789,82.5999984741211,83.2699966430664,160750
2020-08-19,84.9000015258789,88.2699966430664,83.5,83.8280029296875,221560
2020-08-20,83.75,83.80000305175781,82.4000015258789,82.802001953125,611370
2020-08-21,84.0,85.08000183105469,83.60099792480469,84.97699737548828,159480
2020-08-24,86.38999938964844,86.38999938964844,84.81999969482422,85.09300231933594,393850
2020-08-25,86.0,86.0,84.19999694824219,84.87799835205078,314060
2020-08-26,85.25,86.69999694824219,85.2300033569336,86.31400299072266,614470
2020-08-27,99.26000213623047,99.26000213623047,86.69999694824219,87.49299621582031,1102110
2020-08-28,87.49299621582031,88.4000015258789,85.80999755859375,86.03099822998047,467140
2020-08-31,80.87000274658203,87.88999938964844,80.87000274658203,87.21900177001953,494720
2020-09-01,89.9000015258789,89.9000015258789,87.44999694824219,87.57499694824219,711480
2020-09-02,88.80000305175781,89.3949966430664,88.0999984741211,89.05899810791016,762160
2020-09-03,90.02200317382812,90.02200317382812,89.4000015258789,89.45899963378906,1226140
2020-09-04,86.77999877929688,87.5,84.08999633789062,84.86100006103516,1310570
2020-09-07,85.45999908447266,85.45999908447266,83.00499725341797,83.34600067138672,442310
2020-09-08,86.0,86.0,82.19999694824219,83.47699737548828,1154960
2020-09-09,82.3949966430664,84.0,79.60099792480469,82.44200134277344,2006080
2020-09-10,83.5,84.87999725341797,82.01000213623047,82.19000244140625,724650
2020-09-11,84.29499816894531,84.29499816894531,80.50499725341797,82.22899627685547,857480
2020-09-14,87.0,87.0,80.8010025024414,80.98300170898438,570930
2020-09-15,82.43399810791016,82.49400329589844,81.30000305175781,81.33899688720703,440570
2020-09-16,84.0,84.0,82.0199966430664,82.88500213623047,209030
2020-09-17,83.9000015258789,83.9000015258789,80.51000213623047,80.86000061035156,1930790
2020-09-18,80.5,81.26300048828125,79.9000015258789,80.20500183105469,846800
2020-09-21,81.30000305175781,81.30000305175781,77.5999984741211,77.93800354003906,1047580
2020-09-22,79.0,81.19499969482422,77.72000122070312,80.31300354003906,717280
2020-09-23,81.5,81.5,79.71299743652344,81.26799774169922,738180
2020-09-24,83.0,83.0,78.19999694824219,78.92900085449219,1093760
2020-09-25,81.30000305175781,81.9800033569336,79.00499725341797,80.05599975585938,1336210
2020-09-28,81.9749984741211,82.19999694824219,81.0009994506836,81.74500274658203,519780
2020-09-29,83.2300033569336,83.4800033569336,82.00499725341797,82.37300109863281,931150
2020-09-30,83.0,83.0,81.5999984741211,81.91999816894531,2367000
2020-10-01,88.80000305175781,88.80000305175781,82.66000366210938,82.76599884033203,196120
2020-10-05,95.18000030517578,95.18000030517578,81.31800079345703,81.49299621582031,431820
2020-10-06,82.5,83.20600128173828,82.31099700927734,82.5989990234375,498970
2020-10-07,81.77300262451172,82.53199768066406,81.19999694824219,82.11900329589844,454880
2020-10-08,83.38999938964844,83.5,82.75499725341797,82.85299682617188,229910
2020-10-09,83.9000015258789,84.0999984741211,82.80999755859375,83.49500274658203,1345190
2020-10-12,86.4000015258789,86.4000015258789,83.49500274658203,84.65899658203125,519700
2020-10-13,87.0,87.24400329589844,85.0,87.12100219726562,526720
2020-10-14,85.51000213623047,88.45500183105469,85.51000213623047,87.375,1372080
2020-10-15,86.98999786376953,86.98999786376953,85.01100158691406,85.14099884033203,845660
2020-10-16,85.14099884033203,86.0,85.0,85.86299896240234,212300
2020-10-19,86.48999786376953,86.48999786376953,85.80000305175781,86.25700378417969,219200
2020-10-20,86.0,86.0,84.19999694824219,84.91899871826172,1071830
2020-10-21,84.94000244140625,86.0,83.69999694824219,84.25199890136719,721800
2020-10-22,84.44400024414062,84.68900299072266,83.51000213623047,84.24299621582031,358870
2020-10-23,85.0,85.0,84.01000213623047,84.72000122070312,1291280
2020-10-26,85.49500274658203,85.49500274658203,83.68800354003906,83.87699890136719,342060
2020-10-27,83.5,83.85600280761719,82.78399658203125,83.73999786376953,128130
2020-10-28,83.73999786376953,84.46499633789062,83.4000015258789,83.88099670410156,1548190
2020-10-29,82.69999694824219,83.04199981689453,81.30000305175781,82.31700134277344,437220
2020-10-30,83.0,83.0,81.69999694824219,82.34600067138672,285050
2020-11-02,82.0,82.0,81.0,81.73400115966797,656440
2020-11-03,82.5,82.5,81.41899871826172,82.24500274658203,1291310
2020-11-04,83.80999755859375,86.0,83.5,85.26799774169922,508040
2020-11-05,85.9800033569336,88.19999694824219,85.9800033569336,87.73999786376953,846130
2020-11-06,88.48999786376953,89.00199890136719,86.68299865722656,87.05699920654297,2212610
2020-11-09,88.8949966430664,90.08599853515625,88.0,89.86299896240234,696370
2020-11-10,89.5,89.5,85.5999984741211,86.55999755859375,1351910
2020-11-11,86.55000305175781,86.78700256347656,85.0999984741211,86.37999725341797,1890820
2020-11-12,88.38999938964844,88.38999938964844,86.12999725341797,87.2030029296875,583590
2020-11-13,86.80000305175781,88.0,86.21099853515625,87.87100219726562,957690
2020-11-14,101.05000305175781,101.05000305175781,87.5,88.40899658203125,127670
2020-11-17,90.0,90.0,86.69999694824219,88.01899719238281,809290
2020-11-18,88.30000305175781,88.30000305175781,87.13899993896484,87.5790023803711,1046860
2020-11-19,88.0,88.0,86.4000015258789,86.7490005493164,931110
2020-11-20,87.9000015258789,87.9000015258789,86.91100311279297,87.61100006103516,158960
2020-11-23,86.5,87.87899780273438,86.5,87.22200012207031,212240
2020-11-24,87.5,87.78900146484375,87.0999984741211,87.20600128173828,1631140
2020-11-25,89.0,89.0,87.20600128173828,87.80699920654297,254930
2020-11-26,89.38999938964844,89.38999938964844,87.85099792480469,88.59300231933594,173010
2020-11-27,89.80000305175781,89.80000305175781,88.25700378417969,88.99400329589844,152010
2020-12-01,94.33000183105469,94.33000183105469,88.99400329589844,89.5770034790039,428360
2020-12-02,88.11100006103516,91.0,84.19999694824219,90.6520004272461,285240
2020-12-03,91.5,91.5,90.6520004272461,91.01300048828125,1747120
2020-12-04,91.01300048828125,91.69999694824219,91.0009994506836,91.16300201416016,190690
2020-12-07,92.0,92.0,90.08399963378906,91.09300231933594,241290
2020-12-08,92.5,92.5,90.69999694824219,91.47599792480469,1466010
2020-12-09,92.0,92.08999633789062,91.01000213623047,91.23200225830078,329510
2020-12-10,91.19999694824219,91.19999694824219,89.0,89.1969985961914,439150
2020-12-11,89.8949966430664,90.4000015258789,89.21099853515625,89.6989974975586,1601140
2020-12-14,90.99500274658203,91.0,89.69999694824219,89.8949966430664,157720
2020-12-15,90.21099853515625,90.9000015258789,90.00599670410156,90.81300354003906,275720
2020-12-16,92.30000305175781,92.30000305175781,91.1500015258789,91.65399932861328,1719720
2020-12-17,97.1500015258789,97.1500015258789,91.4000015258789,91.875,351180
2020-12-18,92.30000305175781,92.69999694824219,91.5,92.37799835205078,1428870
2020-12-21,93.29000091552734,93.29000091552734,91.44999694824219,91.5770034790039,463220
2020-12-22,91.51000213623047,92.79000091552734,86.08000183105469,91.94599914550781,248340
2020-12-23,92.98500061035156,93.09500122070312,91.71099853515625,92.7040023803711,1515850
2020-12-24,94.0999984741211,94.0999984741211,91.71099853515625,92.01499938964844,214560
2020-12-28,93.98899841308594,93.98899841308594,92.19999694824219,92.39399719238281,267550
2020-12-29,93.88999938964844,93.88999938964844,93.0,93.42400360107422,688660
2020-12-30,93.42400360107422,93.58899688720703,92.5999984741211,92.77999877929688,258630
2020-12-31,93.30000305175781,93.30000305175781,92.21099853515625,92.66799926757812,140300
2021-01-01,93.48999786376953,93.48999786376953,92.61100006103516,93.11699676513672,125740
2021-01-04,93.48999786376953,93.88999938964844,92.51399993896484,93.25700378417969,1508490
2021-01-05,92.48999786376953,92.79900360107422,91.19100189208984,91.2969970703125,909880
2021-01-06,92.19000244140625,92.19000244140625,90.25499725341797,90.71600341796875,1680230
2021-01-07,91.98999786376953,91.98999786376953,89.5999984741211,90.88400268554688,385560
2021-01-08,93.38999938964844,93.98899841308594,92.19999694824219,93.65599822998047,457630
2021-01-11,94.9000015258789,94.9749984741211,93.80000305175781,94.60199737548828,1483550
2021-01-12,92.98999786376953,93.80000305175781,92.98999786376953,93.64399719238281,338340
2021-01-13,99.26000213623047,99.26000213623047,92.61000061035156,93.42900085449219,1385370
2021-01-14,93.98999786376953,93.98999786376953,93.0999984741211,93.4209976196289,245390
2021-01-15,94.18000030517578,94.18000030517578,92.35800170898438,92.85600280761719,740640
2021-01-18,92.48999786376953,92.59500122070312,91.82499694824219,92.4229965209961,271250
2021-01-19,92.60600280761719,93.4000015258789,92.60600280761719,93.38999938964844,178430
2021-01-20,94.80000305175781,94.80000305175781,93.80000305175781,94.30599975585938,1478940
2021-01-21,95.0999984741211,96.2979965209961,95.01000213623047,96.08699798583984,386510
2021-01-22,96.4000015258789,96.58999633789062,95.83599853515625,95.97100067138672,1589760
2021-01-25,95.97100067138672,97.0999984741211,95.97100067138672,97.03500366210938,255070
2021-01-27,102.86000061035156,102.86000061035156,97.0,97.33699798583984,562640
2021-01-28,95.48999786376953,98.4749984741211,92.73500061035156,92.947998046875,952060
2021-01-29,94.79000091552734,95.51000213623047,93.0,93.84600067138672,693470
2021-02-01,94.0,94.19999694824219,92.0,94.09300231933594,577000
2021-02-02,97.4800033569336,97.4800033569336,95.30000305175781,96.20500183105469,442540
2021-02-03,97.5999984741211,97.9000015258789,96.97200012207031,97.58000183105469,572640
2021-02-04,98.0,98.0,96.19999694824219,96.75599670410156,333170
2021-02-05,99.48999786376953,99.48999786376953,97.0999984741211,97.83499908447266,340580
2021-02-08,99.9000015258789,100.98999786376953,98.0,98.43599700927734,304050
2021-02-09,99.4000015258789,99.4000015258789,98.01000213623047,98.43399810791016,297930
2021-02-10,99.88999938964844,99.88999938964844,98.5,98.81800079345703,331530
2021-02-11,99.19999694824219,99.19999694824219,98.00199890136719,98.56700134277344,270290
2021-02-12,100.98999786376953,100.98999786376953,98.30000305175781,98.43499755859375,334990
2021-02-15,100.88999938964844,100.88999938964844,98.5,98.68099975585938,464390
2021-02-16,100.0,100.0,99.0,99.4739990234375,317080
2021-02-17,99.88999938964844,99.88999938964844,98.5,98.6760025024414,495850
2021-02-18,98.93499755859375,98.93499755859375,97.61000061035156,97.77100372314453,290010
2021-02-19,97.98999786376953,97.99800109863281,97.11000061035156,97.89700317382812,172980
2021-02-22,97.48999786376953,97.89700317382812,94.59700012207031,96.21600341796875,796640
2021-02-23,96.21600341796875,96.21600341796875,93.7490005493164,94.12699890136719,702350
2021-02-24,94.79000091552734,95.4000015258789,93.11000061035156,94.41699981689453,319190
2021-02-25,95.79000091552734,95.79000091552734,94.41999816894531,94.68299865722656,500230
2021-02-26,91.83999633789062,93.69999694824219,88.98500061035156,93.68399810791016,995080
2021-03-01,100.70999908447266,100.70999908447266,94.01499938964844,95.35199737548828,718500
2021-03-02,99.48999786376953,99.48999786376953,95.19999694824219,95.47899627685547,591130
2021-03-03,96.48999786376953,96.48999786376953,94.5999984741211,94.88400268554688,501510
2021-03-04,100.58000183105469,100.58000183105469,90.58999633789062,91.25399780273438,3913920
2021-03-05,90.98999786376953,90.98999786376953,89.08000183105469,89.3030014038086,1539610
2021-03-08,92.48999786376953,92.48999786376953,89.52999877929688,89.94999694824219,611760
2021-03-09,89.88999938964844,90.4000015258789,89.45500183105469,90.33300018310547,659720
2021-03-10,92.9749984741211,92.9749984741211,91.0,92.01100158691406,771160
2021-03-12,94.4990005493164,94.4990005493164,92.0,92.15399932861328,739110
2021-03-15,93.98999786376953,93.98999786376953,92.0,92.71800231933594,525880
2021-03-16,93.5,94.39900207519531,92.9000015258789,93.41000366210938,991680
2021-03-17,95.48999786376953,95.48999786376953,93.01499938964844,94.08399963378906,416630
2021-03-18,93.80999755859375,95.4000015258789,93.00199890136719,93.572998046875,701030
2021-03-19,91.98999786376953,92.30000305175781,90.11599731445312,92.23100280761719,868980
2021-03-22,93.98999786376953,93.98999786376953,91.21600341796875,92.33499908447266,321490
2021-03-23,94.27999877929688,94.27999877929688,92.40499877929688,93.38700103759766,597760
2021-03-24,94.19000244140625,94.19000244140625,92.80000305175781,93.52799987792969,339940
2021-03-25,92.98999786376953,92.98999786376953,91.18800354003906,91.93499755859375,788660
2021-03-26,91.94000244140625,92.39700317382812,91.61000061035156,92.05799865722656,304830
2021-03-30,93.98999786376953,93.98999786376953,92.4020004272461,93.38500213623047,342980
2021-03-31,97.98999786376953,97.98999786376953,92.95500183105469,93.427001953125,507370
2021-04-01,95.48999786376953,95.48999786376953,93.8030014038086,95.00800323486328,389810
2021-04-05,96.98999786376953,96.98999786376953,95.51000213623047,96.5459976196289,523870
2021-04-06,97.5,98.48999786376953,96.61000061035156,97.6969985961914,508140
2021-04-07,98.98999786376953,99.9000015258789,97.49500274658203,99.80899810791016,1002810
2021-04-08,102.0,102.0,99.51000213623047,100.38800048828125,757410
2021-04-09,102.88999938964844,102.88999938964844,100.51000213623047,101.34700012207031,686330
2021-04-12,101.69999694824219,102.26200103759766,101.19999694824219,102.10099792480469,550580
2021-04-13,105.16000366210938,105.98999786376953,101.5009994506836,102.9229965209961,437540
2021-04-15,102.48999786376953,102.9000015258789,101.0999984741211,102.73200225830078,629050
2021-04-16,105.0,105.0,102.5,102.83499908447266,1990240
2021-04-19,103.88999938964844,103.95600128173828,100.0,103.72699737548828,861400
2021-04-20,103.98999786376953,103.98999786376953,102.38899993896484,103.01699829101562,1305570
2021-04-22,105.88999938964844,105.88999938964844,100.62200164794922,102.90599822998047,440810
2021-04-23,102.48999786376953,102.6989974975586,101.44999694824219,101.875,560980
2021-04-26,104.88999938964844,104.88999938964844,102.20600128173828,102.33300018310547,285190
2021-04-27,103.5,103.5,102.69999694824219,103.23300170898438,258760
2021-04-28,104.48999786376953,104.48999786376953,102.0,102.97100067138672,852830
2021-04-29,104.44499969482422,104.44499969482422,102.0999984741211,102.6709976196289,576590
2021-04-30,103.19999694824219,103.19999694824219,101.5,102.0770034790039,679500
2021-05-03,103.19999694824219,103.19999694824219,101.4000015258789,101.95999908447266,414010
2021-05-04,101.48999786376953,102.8499984741211,100.5999984741211,101.15599822998047,737180
2021-05-05,100.48999786376953,114.30999755859375,99.25,99.66000366210938,1349480
2021-05-06,100.98999786376953,100.98999786376953,98.55000305175781,98.77400207519531,628770
2021-05-07,100.0,100.0,99.0,99.18499755859375,427340
2021-05-10,101.48999786376953,101.48999786376953,99.21499633789062,99.33100128173828,430860
2021-05-11,97.48999786376953,99.29000091552734,96.3270034790039,96.69599914550781,1857620
2021-05-12,96.69599914550781,97.59500122070312,95.65599822998047,96.41200256347656,1173950
2021-05-14,96.99500274658203,97.0,95.7979965209961,96.27300262451172,1307440
2021-05-17,97.5999984741211,97.5999984741211,96.25,96.58699798583984,899920
2021-05-18,97.48999786376953,97.48999786376953,96.3030014038086,96.86199951171875,634760
2021-05-19,96.19000244140625,96.19000244140625,94.85600280761719,95.12899780273438,2402460
2021-05-20,94.20999908447266,96.19499969482422,94.0,95.29000091552734,453390
2021-05-21,98.98999786376953,98.98999786376953,96.19999694824219,97.36199951171875,445940
2021-05-24,96.41000366210938,98.19000244140625,96.41000366210938,97.15699768066406,735990
2021-05-25,97.83899688720703,98.5979995727539,97.69999694824219,98.43399810791016,810890
2021-05-26,98.6719970703125,99.0,98.20099639892578,98.5530014038086,633770
2021-05-27,98.5530014038086,98.9000015258789,97.66500091552734,97.8550033569336,538050
2021-05-28,98.69499969482422,98.69999694824219,97.84400177001953,98.10299682617188,344540
2021-05-31,99.38999938964844,99.38999938964844,97.75,98.18599700927734,428680
2021-06-01,98.98999786376953,98.98999786376953,98.0009994506836,98.30599975585938,648140
2021-06-02,99.0,99.0,98.0,98.45999908447266,381520
2021-06-03,98.99500274658203,99.0,97.96600341796875,98.0459976196289,491920
2021-06-04,97.48999786376953,97.89900207519531,97.07099914550781,97.64700317382812,1010500
2021-06-07,98.69499969482422,99.05000305175781,97.5,98.68599700927734,436160
2021-06-08,99.9000015258789,99.98999786376953,99.0479965209961,99.3740005493164,423150
2021-06-09,99.88999938964844,99.88999938964844,99.05000305175781,99.12300109863281,291370
2021-06-10,99.83999633789062,99.83999633789062,98.63200378417969,98.74700164794922,391800
2021-06-11,100.98999786376953,104.66999816894531,99.51000213623047,100.66400146484375,574500
2021-06-14,101.79000091552734,101.79000091552734,99.80999755859375,101.1520004272461,496420
2021-06-15,102.38999938964844,102.4000015258789,101.55000305175781,102.18599700927734,371470
2021-06-16,101.48999786376953,101.5999984741211,101.19999694824219,101.56199645996094,373950
2021-06-17,10.699999809265137,10.699999809265137,10.065999984741211,10.086999893188477,12128250
2021-06-18,10.307999610900879,10.430000305175781,10.263999938964844,10.42300033569336,5603760
2021-06-21,104.0,104.0,102.05000305175781,103.41000366210938,414245
2021-06-22,104.9000015258789,104.9000015258789,103.0,103.56999969482422,896350
2021-06-23,104.55000305175781,105.69999694824219,103.5999984741211,104.12999725341797,376513
2021-06-24,105.4800033569336,105.5999984741211,104.20999908447266,104.97000122070312,2208379
2021-06-25,105.0999984741211,105.5,104.91000366210938,105.33999633789062,436907
2021-06-28,105.9000015258789,106.5,104.0999984741211,105.41000366210938,468515
2021-06-29,106.80000305175781,107.4000015258789,105.58999633789062,106.47000122070312,774921
2021-06-30,106.9000015258789,107.5,106.72000122070312,107.19999694824219,903898
2021-07-01,107.9000015258789,107.9000015258789,106.72000122070312,107.25,369032
2021-07-02,107.25,108.19999694824219,107.0,107.79000091552734,703872
2021-07-05,108.9000015258789,108.9000015258789,107.63999938964844,108.33000183105469,443399
2021-07-06,108.9000015258789,108.9000015258789,107.76000213623047,108.12999725341797,638395
2021-07-07,108.7699966430664,108.98999786376953,108.25,108.73999786376953,364765
2021-07-08,109.4000015258789,115.30000305175781,108.0,108.19000244140625,2365461
2021-07-09,109.19999694824219,109.19999694824219,107.80999755859375,108.55999755859375,533239
2021-07-12,109.80000305175781,109.80000305175781,108.95999908447266,109.26000213623047,412856
2021-07-13,110.4000015258789,110.4000015258789,109.36000061035156,109.61000061035156,731680
2021-07-14,111.75,111.75,109.30999755859375,110.06999969482422,731893
2021-07-15,110.5999984741211,110.5999984741211,109.55000305175781,109.5999984741211,647878
2021-07-16,109.9000015258789,109.9000015258789,108.2699966430664,109.0199966430664,659794
2021-07-19,125.4000015258789,125.4000015258789,107.0999984741211,107.94999694824219,536443
2021-07-20,107.75,108.27999877929688,107.30000305175781,107.70999908447266,427917
2021-07-22,109.9000015258789,109.9000015258789,108.70999908447266,109.05000305175781,453860
2021-07-23,110.9000015258789,110.9000015258789,109.1500015258789,110.05000305175781,2510951
2021-07-26,111.5,111.5,110.62000274658203,110.8499984741211,558273
2021-07-27,111.5,111.5,110.55000305175781,111.12000274658203,2554899
2021-07-28,110.9000015258789,110.9000015258789,109.79000091552734,110.37000274658203,440412
2021-07-29,110.9000015258789,110.9000015258789,110.0,110.4000015258789,2771528
2021-07-30,110.4000015258789,110.4000015258789,108.9000015258789,109.51000213623047,418688
2021-08-02,110.9000015258789,111.0,109.19999694824219,110.58000183105469,369524
2021-08-03,110.9000015258789,110.9000015258789,109.94999694824219,110.05000305175781,490398
2021-08-04,109.80000305175781,111.4000015258789,109.80000305175781,110.44999694824219,280303
2021-08-05,111.4000015258789,111.4000015258789,110.3499984741211,110.52999877929688,336358
2021-08-06,111.69999694824219,111.69999694824219,110.79000091552734,111.23999786376953,2201604
2021-08-09,110.9000015258789,111.0,110.55999755859375,110.81999969482422,647085
2021-08-10,111.5999984741211,111.69000244140625,110.61000061035156,111.52999877929688,394078
2021-08-11,110.86000061035156,111.33999633789062,110.30999755859375,110.9000015258789,339066
2021-08-12,111.5,111.5,110.22000122070312,110.31999969482422,1973472
2021-08-13,111.4000015258789,111.4000015258789,110.33000183105469,110.87999725341797,351291
2021-08-16,111.69999694824219,112.0,109.5,111.44000244140625,313814
2021-08-17,112.5,112.5,109.91000366210938,111.01000213623047,2218675
2021-08-18,110.9000015258789,110.9000015258789,109.5,109.81999969482422,507954
2021-08-20,109.4000015258789,110.38999938964844,109.0199966430664,109.75,2199928
2021-08-23,112.0,116.30000305175781,111.0,111.19000244140625,473499
2021-08-24,113.80000305175781,113.80000305175781,111.81999969482422,112.4800033569336,453009
2021-08-25,113.5,113.5,112.33999633789062,113.0199966430664,678729
2021-08-26,113.80000305175781,113.80000305175781,112.41999816894531,112.69000244140625,2118006
2021-08-27,113.37999725341797,113.5,112.0999984741211,112.61000061035156,553679
2021-08-30,113.69999694824219,114.19999694824219,112.0999984741211,112.48999786376953,1830787
2021-08-31,115.19999694824219,115.19999694824219,113.05999755859375,113.54000091552734,1436157
2021-09-01,114.69999694824219,114.69999694824219,108.5,113.06999969482422,634254
2021-09-02,114.5,114.5,112.9000015258789,113.08999633789062,792174
2021-09-03,113.9000015258789,113.98999786376953,112.0999984741211,112.95999908447266,402637
2021-09-06,114.9000015258789,114.9000015258789,112.95999908447266,113.4000015258789,389264
2021-09-07,113.9000015258789,113.9000015258789,113.16000366210938,113.5,418000
2021-09-08,114.5,114.5,113.19999694824219,113.7699966430664,436749
2021-09-09,113.9000015258789,114.29000091552734,112.5,113.33999633789062,2381053
2021-09-13,113.5,113.98999786376953,111.5,112.25,850089
2021-09-14,111.80000305175781,113.5,111.80000305175781,112.3499984741211,554935
2021-09-15,112.9000015258789,112.9000015258789,112.0,112.20999908447266,362169
2021-09-16,112.66000366210938,112.94999694824219,111.80999755859375,112.05999755859375,452033
2021-09-17,128.89999389648438,128.89999389648438,111.5,112.08000183105469,383921
2021-09-20,111.19999694824219,111.19999694824219,110.11000061035156,110.26000213623047,904877
2021-09-21,95.9000015258789,124.5999984741211,95.9000015258789,109.2300033569336,1233823
2021-09-22,108.0999984741211,109.69999694824219,108.0999984741211,109.27999877929688,404324
2021-09-23,123.5,123.5,110.0,110.37000274658203,450878
2021-09-24,112.5,112.5,110.3499984741211,110.62999725341797,456501
2021-09-27,112.75,112.75,110.45999908447266,110.94999694824219,688645
2021-09-28,111.9000015258789,111.9000015258789,109.08999633789062,109.36000061035156,756717
2021-09-29,107.94999694824219,108.77999877929688,107.0999984741211,108.5199966430664,943712
2021-09-30,108.9000015258789,108.9800033569336,107.75,108.44000244140625,854381
2021-10-01,108.25,108.75,106.76000213623047,107.52999877929688,1023499
2021-10-04,108.75,108.79000091552734,107.25,107.80999755859375,622024
2021-10-05,107.19999694824219,107.33000183105469,106.48999786376953,107.05999755859375,1110530
2021-10-06,123.0999984741211,123.0999984741211,106.3499984741211,106.58999633789062,453119
2021-10-07,108.5,109.9000015258789,108.01000213623047,109.3499984741211,462315
2021-10-08,111.5,111.5,109.05999755859375,109.37000274658203,400645
2021-10-11,110.9000015258789,110.9000015258789,108.51000213623047,109.37999725341797,382025
2021-10-12,110.5,110.5,108.4000015258789,109.55999755859375,788980
2021-10-13,109.9000015258789,109.9000015258789,108.30000305175781,108.54000091552734,763699
2021-10-14,110.9000015258789,110.9000015258789,108.5,110.1500015258789,533655
2021-10-18,95.80000305175781,112.69999694824219,95.80000305175781,111.4800033569336,529422
2021-10-19,113.9000015258789,113.9000015258789,111.33000183105469,112.5,617565
2021-10-20,102.4000015258789,114.9800033569336,102.4000015258789,113.44000244140625,967192
2021-10-21,113.9000015258789,113.9000015258789,112.0999984741211,113.16999816894531,280076
2021-10-22,113.9000015258789,113.9000015258789,112.51000213623047,113.45999908447266,386838
2021-10-25,114.5,114.5,112.0999984741211,113.58000183105469,814869
2021-10-26,114.9000015258789,120.4000015258789,113.72000122070312,114.93000030517578,349033
2021-10-27,108.0,132.1999969482422,108.0,115.0199966430664,412324
2021-10-28,116.25,116.25,114.37999725341797,115.23999786376953,200596
2021-10-29,116.5,116.5,108.30000305175781,115.7300033569336,898923
2021-11-01,117.9000015258789,117.9000015258789,116.0999984741211,117.29000091552734,530315
2021-11-02,124.30000305175781,124.30000305175781,116.5,117.26000213623047,647236
2021-11-03,118.5,118.5,117.0999984741211,117.56999969482422,285034
2021-11-04,124.5999984741211,124.5999984741211,118.0,120.08999633789062,527567
2021-11-08,132.89999389648438,132.89999389648438,118.0999984741211,119.70999908447266,623661
2021-11-09,120.5,120.5,117.55000305175781,119.41000366210938,641653
2021-11-10,118.9000015258789,118.9000015258789,117.9000015258789,118.19999694824219,650613
2021-11-11,117.9000015258789,118.43000030517578,116.11000061035156,118.36000061035156,3294759
2021-11-12,119.5,119.5,117.69999694824219,117.80000305175781,295523
2021-11-15,119.9000015258789,124.30000305175781,117.5,118.87999725341797,733366
2021-11-16,120.5,134.3000030517578,118.38999938964844,118.62000274658203,518910
2021-11-17,120.9000015258789,120.9000015258789,119.01000213623047,119.41999816894531,263703
2021-11-18,121.9000015258789,121.9000015258789,118.01000213623047,118.73999786376953,499244
2021-11-22,122.9000015258789,134.1999969482422,119.0999984741211,121.29000091552734,699935
2021-11-23,120.9000015258789,120.9000015258789,119.11000061035156,119.80999755859375,768673
2021-11-24,119.9000015258789,119.9000015258789,118.5,119.45999908447266,299466
2021-11-25,120.9000015258789,120.9000015258789,120.0,120.76000213623047,308927
2021-11-26,121.5,121.5,118.0,119.23999786376953,844755
2021-11-29,118.9000015258789,121.9000015258789,116.5,119.5199966430664,489987
2021-11-30,121.9000015258789,121.9000015258789,118.0999984741211,120.3499984741211,440318
2021-12-01,121.9000015258789,121.9000015258789,120.05999755859375,120.9000015258789,347317
2021-12-02,125.55000305175781,125.55000305175781,117.70999908447266,118.16000366210938,1243187
2021-12-03,119.9000015258789,119.9000015258789,116.69999694824219,118.38999938964844,491268
2021-12-06,117.9000015258789,117.9000015258789,116.0,116.56999969482422,714790
2021-12-07,118.9000015258789,119.6500015258789,117.0999984741211,119.27999877929688,220937
2021-12-08,122.9000015258789,122.9000015258789,121.0,121.11000061035156,338804
2021-12-09,122.9000015258789,122.9000015258789,121.0999984741211,121.38999938964844,335703
2021-12-10,105.5999984741211,130.00999450683594,105.5999984741211,120.86000061035156,309339
2021-12-13,121.9800033569336,122.9000015258789,121.25,121.9800033569336,654242
2021-12-14,119.70999908447266,121.5,119.1500015258789,120.1500015258789,839741
2021-12-15,119.9000015258789,119.9000015258789,118.87000274658203,119.16000366210938,616201
2021-12-16,121.0,124.0,121.0,122.0999984741211,324815
2021-12-17,121.9000015258789,121.9000015258789,117.8499984741211,118.27999877929688,1637322
2021-12-20,123.0,123.0,116.0999984741211,116.68000030517578,1021322
2021-12-21,118.5,118.5,116.55000305175781,117.2699966430664,336418
2021-12-22,120.5,120.5,118.0999984741211,118.54000091552734,280674
2021-12-23,120.9000015258789,120.9000015258789,119.0999984741211,119.77999877929688,325220
2021-12-24,122.5,122.5,119.75,120.54000091552734,236097
2021-12-27,127.98999786376953,138.60000610351562,119.55000305175781,120.75,583094
2021-12-28,122.9000015258789,122.9000015258789,121.0999984741211,122.08000183105469,407323
2021-12-29,123.5,123.5,121.44999694824219,122.41999816894531,920521
2021-12-30,138.3000030517578,138.3000030517578,121.05000305175781,121.30999755859375,360457
2021-12-31,122.9000015258789,122.9000015258789,119.69999694824219,120.56999969482422,785525
2022-01-03,121.0,122.0,120.0,120.2699966430664,558780
2022-01-04,121.2699966430664,122.0,120.2699966430664,121.47000122070312,508055
2022-01-05,121.0,121.0,119.26000213623047,119.54000091552734,863642
2022-01-06,117.9000015258789,117.9000015258789,114.5,115.80999755859375,2815354
2022-01-07,116.9000015258789,117.41999816894531,115.5999984741211,116.70999908447266,1247890
2022-01-10,117.9000015258789,117.9000015258789,114.94999694824219,115.05999755859375,1557147
2022-01-11,117.9000015258789,117.9000015258789,114.5199966430664,114.93000030517578,1690964
2022-01-12,129.89999389648438,129.89999389648438,115.02999877929688,115.63999938964844,801773
2022-01-13,117.9000015258789,117.9000015258789,115.4000015258789,116.2699966430664,3115031
2022-01-14,117.2699966430664,117.2699966430664,113.06999969482422,114.16999816894531,2107733
2022-01-17,116.5,116.5,113.51000213623047,114.45999908447266,695320
2022-01-18,115.9000015258789,115.9000015258789,113.27999877929688,113.66999816894531,913116
2022-01-19,119.87000274658203,119.87000274658203,111.5,112.80999755859375,1070625
2022-01-20,119.5999984741211,119.5999984741211,110.91000366210938,112.08000183105469,1141791
2022-01-21,112.9000015258789,112.9000015258789,108.0999984741211,108.48999786376953,2795576
2022-01-24,122.5999984741211,122.5999984741211,102.0,107.2699966430664,1848124
2022-01-25,123.98999786376953,123.98999786376953,105.0,106.31999969482422,2172592
2022-01-27,106.31999969482422,120.0999984741211,103.25,105.87999725341797,2017275
2022-01-28,103.55000305175781,109.9000015258789,103.55000305175781,105.23999786376953,1110928
2022-01-31,117.69999694824219,117.69999694824219,106.5,107.45999908447266,1505862
2022-02-01,114.9000015258789,114.9000015258789,109.5,110.16000366210938,952371
2022-02-02,115.9000015258789,115.9000015258789,110.0999984741211,112.62999725341797,703127
2022-02-03,113.9000015258789,113.9000015258789,109.30999755859375,109.56999969482422,1160742
2022-02-04,109.56999969482422,113.9000015258789,108.0999984741211,108.69999694824219,719412
2022-02-07,115.0,115.0,107.3499984741211,108.19999694824219,775260
2022-02-08,110.9000015258789,110.9000015258789,106.9000015258789,107.91000366210938,466486
2022-02-09,111.9000015258789,111.9000015258789,108.4000015258789,109.8499984741211,245692
2022-02-10,112.44999694824219,112.44999694824219,109.9000015258789,110.80000305175781,350526
2022-02-11,109.9000015258789,109.9000015258789,107.0999984741211,108.76000213623047,573651
2022-02-14,107.9000015258789,107.9000015258789,105.0999984741211,106.68000030517578,880987
2022-02-15,109.9000015258789,109.9000015258789,106.9000015258789,108.94000244140625,455504
2022-02-16,111.9000015258789,111.9000015258789,108.0999984741211,109.7699966430664,257579
2022-02-17,112.98999786376953,112.98999786376953,107.6500015258789,107.95999908447266,641968
2022-02-18,108.5,109.0,106.0,108.30000305175781,364483
2022-02-21,123.25,123.25,102.5199966430664,103.43000030517578,3937408
2022-02-22,104.9000015258789,104.9000015258789,101.05000305175781,101.62999725341797,2442446
2022-02-23,104.9000015258789,104.9000015258789,101.69999694824219,102.56999969482422,1185126
2022-02-24,103.75,103.75,96.55000305175781,98.36000061035156,4756936
2022-02-25,106.9000015258789,106.9000015258789,100.91000366210938,103.30999755859375,875450
2022-02-28,106.9000015258789,106.9000015258789,101.0999984741211,104.01000213623047,580295
2022-03-02,105.11000061035156,105.75,103.5199966430664,104.94999694824219,684687
2022-03-03,109.9000015258789,109.9000015258789,105.0999984741211,105.79000091552734,615853
2022-03-04,113.1500015258789,113.1500015258789,102.0999984741211,104.29000091552734,757782
2022-03-07,104.0,104.0,101.0199966430664,103.05000305175781,776311
2022-03-08,100.94000244140625,103.5,100.94000244140625,103.29000091552734,521437
2022-03-09,109.5,109.5,101.55000305175781,102.55999755859375,1333990
2022-03-10,109.0,109.0,102.16000366210938,102.80000305175781,1316153
2022-03-11,116.19999694824219,116.19999694824219,101.05000305175781,102.7300033569336,1326297
2022-03-14,109.0,109.0,100.69999694824219,102.6500015258789,848405
2022-03-15,116.25,116.25,98.25,99.43000030517578,2744966
2022-03-16,110.98999786376953,110.98999786376953,101.19999694824219,104.5999984741211,1153203
2022-03-17,109.9000015258789,109.9000015258789,105.0999984741211,106.61000061035156,803885
2022-03-21,113.9000015258789,113.9000015258789,107.20999908447266,107.75,733686
2022-03-22,115.6500015258789,115.6500015258789,106.0999984741211,109.25,2248776
2022-03-23,111.16999816894531,112.0,107.25,111.73999786376953,1418169
2022-03-24,118.4000015258789,118.4000015258789,109.05000305175781,110.55000305175781,1240347
2022-03-25,111.86000061035156,113.30000305175781,111.22000122070312,112.91000366210938,1457633
2022-03-28,124.25,124.25,110.5999984741211,112.98999786376953,1502915
2022-03-29,113.69000244140625,114.69999694824219,113.0,113.7699966430664,756011
2022-03-30,113.7699966430664,116.5,113.0999984741211,116.01000213623047,1416496
2022-03-31,114.19999694824219,117.44999694824219,114.19999694824219,116.20999908447266,618300
2022-04-01,114.5999984741211,116.9000015258789,110.0999984741211,115.58999633789062,397023
2022-04-04,115.5999984741211,116.8499984741211,113.4000015258789,115.8499984741211,530734
2022-04-05,118.9000015258789,118.9000015258789,115.4000015258789,115.94000244140625,476585
2022-04-06,115.5,115.8499984741211,113.73999786376953,114.0,507355
2022-04-07,109.0999984741211,114.9000015258789,109.0999984741211,112.91000366210938,387038
2022-04-08,112.91000366210938,114.5,112.0,113.93000030517578,228167
2022-04-11,114.5999984741211,114.5999984741211,111.02999877929688,112.16000366210938,411237
2022-04-12,111.9000015258789,112.0,110.80000305175781,111.4800033569336,312966
2022-04-13,113.0,113.47000122070312,111.0,112.06999969482422,169489
2022-04-18,115.9000015258789,115.9000015258789,109.4000015258789,111.80999755859375,359459
2022-04-19,116.9000015258789,116.9000015258789,110.02999877929688,111.0199966430664,237883
2022-04-20,114.9000015258789,114.9000015258789,110.0,111.77999877929688,160700
2022-04-21,113.9000015258789,113.9000015258789,110.0999984741211,110.66000366210938,397798
2022-04-22,110.9000015258789,110.9000015258789,108.4000015258789,109.94000244140625,209327
2022-04-25,109.9000015258789,109.9000015258789,105.0999984741211,107.70999908447266,450381
2022-04-26,110.9000015258789,110.9000015258789,107.70999908447266,108.55000305175781,253881
2022-04-27,108.19999694824219,108.87000274658203,103.86000061035156,105.62000274658203,990027
2022-04-28,108.9000015258789,108.9000015258789,105.62000274658203,107.76000213623047,220027
2022-04-29,109.4000015258789,110.80000305175781,106.4000015258789,108.31999969482422,300028
2022-05-02,110.30000305175781,110.30000305175781,104.5,108.05000305175781,429075
2022-05-04,109.9000015258789,109.9000015258789,106.4000015258789,107.62999725341797,319390
2022-05-05,113.9000015258789,113.9000015258789,107.0999984741211,107.94999694824219,234114
2022-05-06,107.9000015258789,107.9000015258789,103.9000015258789,104.56999969482422,976633
2022-05-09,106.5,106.5,102.88999938964844,103.18000030517578,603227
2022-05-10,105.9000015258789,105.9000015258789,101.4000015258789,103.41000366210938,618575
2022-05-11,106.9000015258789,106.9000015258789,103.02999877929688,103.98999786376953,348800
2022-05-12,103.9000015258789,103.9000015258789,100.0,101.3499984741211,931233
2022-05-13,105.80000305175781,105.80000305175781,101.37000274658203,103.05999755859375,356077
2022-05-16,106.9000015258789,106.9000015258789,100.0999984741211,103.97000122070312,254770
2022-05-17,107.9000015258789,107.9000015258789,103.16999816894531,103.97000122070312,257770
2022-05-18,107.9000015258789,107.9000015258789,103.97000122070312,104.26000213623047,199796
2022-05-19,110.5,110.5,99.9000015258789,99.98999786376953,961660
2022-05-20,100.0999984741211,105.9000015258789,100.0999984741211,100.95999908447266,356817
2022-05-23,104.4800033569336,104.4800033569336,99.0999984741211,100.87999725341797,404522
2022-05-24,105.9000015258789,105.9000015258789,99.44999694824219,99.72000122070312,415135
2022-05-25,102.9000015258789,102.9000015258789,98.5,98.88999938964844,459812
2022-05-26,98.88999938964844,101.80000305175781,94.55000305175781,98.38999938964844,429178
2022-05-27,103.9000015258789,103.9000015258789,98.41000366210938,99.41000366210938,336394
2022-05-30,98.7699966430664,105.9000015258789,98.7699966430664,100.54000091552734,523938
2022-05-31,105.9000015258789,105.9000015258789,99.62000274658203,100.80999755859375,294642
2022-06-01,102.80000305175781,102.80000305175781,99.4000015258789,100.13999938964844,279305
2022-06-02,106.0999984741211,106.0999984741211,100.12999725341797,100.4000015258789,178063
2022-06-03,105.9000015258789,105.9000015258789,101.0999984741211,101.37000274658203,161754
2022-06-06,102.80000305175781,102.80000305175781,100.44999694824219,100.7300033569336,355983
2022-06-07,104.9000015258789,104.9000015258789,100.0,100.51000213623047,213062
2022-06-08,105.9000015258789,105.9000015258789,99.80000305175781,99.9000015258789,373256
2022-06-09,104.9000015258789,104.9000015258789,99.0999984741211,100.91999816894531,832294
2022-06-10,102.0,102.0,99.1500015258789,99.44999694824219,239437
2022-06-13,101.9000015258789,101.9000015258789,96.5,97.02999877929688,613468
2022-06-14,100.9000015258789,100.9000015258789,95.19999694824219,95.37000274658203,703100
2022-06-15,98.9000015258789,98.9000015258789,94.5,94.75,450132
2022-06-16,99.0999984741211,99.0999984741211,94.0999984741211,94.31999969482422,433213
2022-06-17,94.01000213623047,97.0,93.5,96.56999969482422,306054
2022-06-20,99.9000015258789,99.9000015258789,91.75,92.16999816894531,1035933
2022-06-21,96.0,96.0,91.0,92.33999633789062,424610
2022-06-22,96.9000015258789,96.9000015258789,90.55000305175781,90.63999938964844,417537
2022-06-23,91.9000015258789,92.16999816894531,87.44999694824219,89.97000122070312,1190385
2022-06-24,95.9000015258789,95.9000015258789,90.66000366210938,91.52999877929688,369367
2022-06-27,96.9000015258789,96.9000015258789,92.41000366210938,94.44999694824219,294120
2022-06-28,95.80000305175781,95.80000305175781,92.27999877929688,92.5,1209838
2022-06-29,94.9000015258789,94.9000015258789,89.58999633789062,89.83999633789062,872181
2022-06-30,93.9000015258789,93.9000015258789,89.61000061035156,89.91000366210938,329352
2022-07-01,89.52999877929688,89.94000244140625,88.12999725341797,88.44999694824219,1246710
2022-07-04,90.0,90.3499984741211,88.63999938964844,90.06999969482422,427855
2022-07-05,91.0,91.48999786376953,89.0999984741211,89.80999755859375,626002
2022-07-06,91.97000122070312,92.4000015258789,90.88999938964844,91.91999816894531,278562
2022-07-07,94.9000015258789,94.9000015258789,91.62000274658203,92.69999694824219,409536
2022-07-08,94.37000274658203,94.37000274658203,93.55000305175781,94.12999725341797,291157
2022-07-11,95.9000015258789,95.9000015258789,93.0,93.33000183105469,769215
2022-07-12,94.75,94.75,91.1500015258789,91.47000122070312,930746
2022-07-13,93.9000015258789,93.9000015258789,90.91000366210938,91.93000030517578,275475
2022-07-14,93.5,93.5,91.0199966430664,91.62000274658203,349548
2022-07-15,93.9000015258789,93.9000015258789,91.80999755859375,92.55000305175781,395736
2022-07-18,94.01000213623047,95.16999816894531,93.30000305175781,94.94999694824219,400283
2022-07-19,95.9000015258789,95.9000015258789,93.11000061035156,93.75,304818
2022-07-20,96.51000213623047,97.0,95.30999755859375,96.04000091552734,384788
2022-07-21,95.87000274658203,97.48999786376953,95.87000274658203,97.31999969482422,339580
2022-07-22,97.31999969482422,98.54000091552734,96.0999984741211,97.9000015258789,235265
2022-07-25,99.9000015258789,99.9000015258789,96.0199966430664,96.9800033569336,357289
2022-07-26,98.9000015258789,98.9000015258789,95.0,95.27999877929688,846339
2022-07-27,95.9000015258789,96.2300033569336,94.63999938964844,95.9800033569336,175519
2022-07-28,99.19999694824219,99.19999694824219,96.81999969482422,97.12000274658203,291404
2022-07-29,99.43000030517578,99.8499984741211,98.12999725341797,99.30000305175781,640526
2022-08-01,101.4000015258789,101.4000015258789,98.25,100.12999725341797,525590
2022-08-02,99.93000030517578,100.38999938964844,98.80000305175781,98.93000030517578,362650
2022-08-03,99.9000015258789,99.9000015258789,96.0999984741211,99.66999816894531,390624
2022-08-04,101.4000015258789,102.9000015258789,99.5999984741211,102.70999908447266,699438
2022-08-05,103.80000305175781,103.80000305175781,102.41999816894531,102.94999694824219,274707
2022-08-08,103.80000305175781,103.80000305175781,101.0999984741211,102.62999725341797,362587
2022-08-10,103.0,103.19999694824219,100.51000213623047,101.20999908447266,911820
2022-08-11,104.19999694824219,104.30000305175781,102.0,103.55000305175781,918339
2022-08-12,105.47000122070312,105.47000122070312,103.0199966430664,103.79000091552734,317314
2022-08-16,109.5,109.5,104.0999984741211,105.23999786376953,514941
2022-08-17,106.05000305175781,106.05000305175781,104.54000091552734,104.77999877929688,299914
2022-08-18,103.5,106.69999694824219,103.0,104.19000244140625,382381
2022-08-19,104.62000274658203,104.62000274658203,103.19999694824219,103.45999908447266,420566
2022-08-22,106.9000015258789,106.9000015258789,97.30000305175781,102.1500015258789,361633
2022-08-23,101.5,101.80000305175781,97.0999984741211,101.30000305175781,344668
2022-08-24,100.37999725341797,100.97000122070312,99.58999633789062,99.83999633789062,1014543
2022-08-25,101.9000015258789,101.9000015258789,100.08000183105469,101.45999908447266,206379
2022-08-26,102.73999786376953,102.73999786376953,101.45999908447266,101.54000091552734,481694
2022-08-29,99.51000213623047,99.93000030517578,96.8499984741211,98.31999969482422,980515
2022-08-30,98.55000305175781,99.25,97.97000122070312,99.04000091552734,608345
2022-09-01,99.04000091552734,104.94000244140625,95.08000183105469,95.33000183105469,2043957
2022-09-02,96.9000015258789,97.37999725341797,95.94999694824219,96.52999877929688,675003
2022-09-05,96.9000015258789,96.9000015258789,94.0,94.97000122070312,1294816
2022-09-06,97.88999938964844,97.88999938964844,95.0199966430664,95.9000015258789,348345
2022-09-07,95.88999938964844,95.88999938964844,93.98999786376953,94.7699966430664,1289099
2022-09-08,94.7699966430664,96.5,94.76000213623047,96.26000213623047,378018
2022-09-09,96.98999786376953,97.5,96.61000061035156,97.29000091552734,340344
2022-09-12,97.29000091552734,97.29000091552734,97.29000091552734,97.29000091552734,0
2022-09-13,99.19000244140625,99.98999786376953,98.9000015258789,99.01000213623047,268759
2022-09-14,97.02999877929688,97.02999877929688,93.81999969482422,96.19000244140625,2039580
2022-09-15,97.9000015258789,98.54000091552734,95.91999816894531,96.9000015258789,511222
2022-09-16,95.9000015258789,95.9000015258789,93.19999694824219,94.1500015258789,1926394
2022-09-19,94.88999938964844,94.88999938964844,93.01000213623047,93.33000183105469,880145
2022-09-20,95.9000015258789,95.9000015258789,93.7699966430664,94.08999633789062,779397
2022-09-21,94.9000015258789,94.9000015258789,93.25,93.55999755859375,480417
2022-09-22,92.4000015258789,93.9000015258789,91.0999984741211,93.12000274658203,1065195
2022-09-23,92.98999786376953,92.98999786376953,91.13999938964844,91.37999725341797,1320996
2022-09-26,91.98999786376953,91.98999786376953,90.61000061035156,90.98999786376953,1196689
2022-09-27,91.7699966430664,92.29000091552734,90.98999786376953,91.91999816894531,496501
2022-09-28,91.69999694824219,91.9000015258789,90.27999877929688,90.81999969482422,922104
2022-09-29,92.62999725341797,93.47000122070312,91.80000305175781,92.66999816894531,427074
2022-09-30,91.05999755859375,91.48999786376953,90.5199966430664,91.05999755859375,1460922
2022-10-03,90.8499984741211,91.48999786376953,89.0,90.68000030517578,1556542
2022-10-04,104.30000305175781,104.30000305175781,91.23999786376953,92.37999725341797,1047024
2022-10-06,94.88999938964844,94.88999938964844,92.38999938964844,93.75,771036
2022-10-07,101.7300033569336,101.7300033569336,93.12999725341797,93.68000030517578,591427
2022-10-10,92.18000030517578,92.18000030517578,89.5,90.48999786376953,2226589
2022-10-11,90.62000274658203,95.01000213623047,88.4000015258789,89.76000213623047,1944820
2022-10-12,101.7300033569336,101.7300033569336,88.19999694824219,88.55000305175781,2208373
2022-10-13,89.88999938964844,89.88999938964844,88.0199966430664,88.69999694824219,825465
2022-10-14,93.9000015258789,93.9000015258789,89.0999984741211,89.62000274658203,812966
2022-10-17,89.62000274658203,89.62999725341797,87.61000061035156,88.7699966430664,1769204
2022-10-18,88.7699966430664,91.98999786376953,88.7699966430664,91.47000122070312,955827
2022-10-19,99.9000015258789,99.9000015258789,90.80000305175781,91.5,668108
2022-10-20,91.5,91.51000213623047,89.5999984741211,90.66000366210938,717795
2022-10-21,96.08999633789062,96.08999633789062,89.5,89.80999755859375,824024
2022-10-24,98.98999786376953,98.98999786376953,84.4000015258789,91.8499984741211,469044
2022-10-25,96.79000091552734,96.79000091552734,91.77999877929688,91.87999725341797,541480
2022-10-27,91.91999816894531,91.94999694824219,91.36000061035156,91.51000213623047,553388
2022-10-28,91.30000305175781,91.30000305175781,89.91999816894531,90.4000015258789,968583
2022-10-31,99.94999694824219,99.94999694824219,90.72000122070312,92.5199966430664,872483
2022-11-01,95.80000305175781,95.80000305175781,92.11000061035156,93.58999633789062,859562
2022-11-02,91.93000030517578,93.0,91.93000030517578,92.68000030517578,1444110
2022-11-03,91.88999938964844,92.9000015258789,88.98999786376953,89.45999908447266,4710773
2022-11-04,89.48999786376953,89.5,87.44999694824219,88.16000366210938,3841725
2022-11-07,91.88999938964844,91.88999938964844,87.51000213623047,88.68000030517578,1992869
2022-11-09,89.69999694824219,90.4800033569336,88.87999725341797,89.0,1445372
2022-11-10,99.94999694824219,99.94999694824219,87.01000213623047,87.5199966430664,1811533
2022-11-11,91.69000244140625,92.80000305175781,90.86000061035156,91.91999816894531,2000564
2022-11-14,92.3499984741211,92.94000244140625,91.91999816894531,92.5999984741211,1419204
2022-11-15,92.88999938964844,93.4000015258789,92.48999786376953,93.13999938964844,1380277
2022-11-16,93.63999938964844,94.08000183105469,93.33999633789062,93.91999816894531,949930
2022-11-17,93.62000274658203,93.62000274658203,92.55000305175781,92.97000122070312,1044023
2022-11-18,93.02999877929688,93.75,92.80000305175781,93.58000183105469,413158
2022-11-21,94.9000015258789,94.9000015258789,91.11000061035156,93.02999877929688,373197
2022-11-22,91.0999984741211,93.02999877929688,91.0999984741211,92.23999786376953,488049
2022-11-23,95.9000015258789,95.9000015258789,92.11000061035156,93.31999969482422,876838
2022-11-24,94.33000183105469,94.33000183105469,93.88999938964844,94.20999908447266,526239
2022-11-25,98.0,98.0,93.8499984741211,94.05000305175781,715964
2022-11-28,95.5,95.5,92.97000122070312,93.31999969482422,509564
2022-11-29,93.25,93.62000274658203,92.8499984741211,93.2699966430664,466448
2022-11-30,92.8499984741211,93.05000305175781,92.22000122070312,92.68000030517578,690854
2022-12-01,96.77999877929688,96.77999877929688,94.11000061035156,94.98999786376953,1191682
2022-12-02,94.98999786376953,95.37000274658203,94.61000061035156,95.16000366210938,389749
2022-12-05,94.8499984741211,95.44000244140625,94.51000213623047,95.25,636126
2022-12-06,94.48999786376953,96.80000305175781,94.27999877929688,95.02999877929688,525607
2022-12-07,102.5,102.5,93.19999694824219,93.66999816894531,725281
2022-12-08,96.88999938964844,96.88999938964844,93.19000244140625,93.80000305175781,437128
2022-12-09,98.9000015258789,98.9000015258789,93.9000015258789,93.9800033569336,386288
2022-12-12,93.2699966430664,94.05999755859375,93.11000061035156,93.94000244140625,475781
2022-12-13,95.05999755859375,95.05999755859375,94.06999969482422,94.9800033569336,536363
2022-12-14,96.0,96.68000030517578,95.62000274658203,95.88999938964844,812557
2022-12-15,95.62000274658203,95.87000274658203,94.38999938964844,94.61000061035156,1146840
2022-12-16,94.77999877929688,94.77999877929688,92.55999755859375,92.83000183105469,1226822
2022-12-19,94.88999938964844,94.88999938964844,92.16999816894531,92.80999755859375,600192
2022-12-20,92.0,92.27999877929688,90.25,91.0,1887536
2022-12-21,91.25,91.55000305175781,90.87999725341797,91.31999969482422,364053
2022-12-22,92.36000061035156,92.36000061035156,91.30000305175781,91.37999725341797,474634
2022-12-23,89.2300033569336,91.11000061035156,89.2300033569336,89.83000183105469,1398725
2022-12-26,89.83999633789062,90.58999633789062,89.0999984741211,90.25,957685
2022-12-27,90.51000213623047,90.88999938964844,89.88999938964844,90.1500015258789,903163
2022-12-28,89.5,89.83000183105469,88.25,89.08000183105469,1950657
2022-12-29,89.08000183105469,89.08000183105469,87.54000091552734,87.9000015258789,2876307
2022-12-30,89.0,89.54000091552734,88.66000366210938,88.95999908447266,957869
2023-01-02,89.72000122070312,90.0999984741211,89.11000061035156,89.73999786376953,877024
2023-01-03,89.95999908447266,90.37000274658203,89.33999633789062,90.25,870566
2023-01-04,89.95999908447266,89.95999908447266,88.9000015258789,89.01000213623047,1349538
2023-01-05,89.25,89.4800033569336,88.31999969482422,88.68000030517578,1028194
2023-01-06,88.81999969482422,88.81999969482422,87.43000030517578,87.58000183105469,2145753
2023-01-09,88.52999877929688,89.94999694824219,88.01000213623047,89.5199966430664,983439
2023-01-10,89.94999694824219,89.94999694824219,89.30999755859375,89.5,768238
2023-01-11,89.94999694824219,90.04000091552734,89.69999694824219,89.9000015258789,510534
2023-01-12,90.88999938964844,91.26000213623047,90.5,90.91000366210938,799857
2023-01-13,91.88999938964844,92.0,90.5199966430664,90.7699966430664,790946
2023-01-16,91.0,92.05999755859375,91.0,91.83000183105469,1093211
2023-01-17,89.44999694824219,93.0,89.44999694824219,92.19999694824219,531057
2023-01-18,92.19000244140625,92.88999938964844,92.19000244140625,92.51000213623047,604002
2023-01-19,92.63999938964844,92.63999938964844,90.80000305175781,90.95999908447266,894689
2023-01-20,93.69999694824219,93.69999694824219,90.26000213623047,90.31999969482422,899798
2023-01-23,91.0199966430664,92.87000274658203,91.0199966430664,92.0999984741211,669822
2023-01-24,94.8499984741211,94.8499984741211,93.0,93.94999694824219,1728688
2023-01-25,93.9800033569336,93.9800033569336,92.5,92.80000305175781,953673
2023-01-27,94.23999786376953,94.8499984741211,93.62999725341797,94.66999816894531,1759889
2023-01-30,95.66999816894531,96.0,94.68000030517578,95.25,1387126
2023-01-31,95.56999969482422,95.58000183105469,94.0,94.87000274658203,505702
2023-02-01,95.98999786376953,96.0,94.83000183105469,95.66999816894531,800636
2023-02-02,96.0,99.5,96.0,99.33000183105469,2200712
2023-02-03,100.0,101.30000305175781,99.0,99.69000244140625,1702017
2023-02-06,99.9800033569336,100.80000305175781,99.08000183105469,100.22000122070312,1583356
2023-02-07,100.93000030517578,102.0,100.0,100.79000091552734,1417887
2023-02-08,101.01000213623047,102.4800033569336,101.01000213623047,102.05000305175781,924878
2023-02-09,102.12999725341797,102.12999725341797,100.62000274658203,101.7300033569336,482664
2023-02-10,101.7300033569336,101.7300033569336,99.5,99.58999633789062,806049
2023-02-13,99.58999633789062,99.58999633789062,98.80000305175781,99.36000061035156,538663
2023-02-14,100.5,100.5999984741211,99.7699966430664,100.41999816894531,486109
2023-02-15,100.79000091552734,100.79000091552734,100.41000366210938,100.62999725341797,366199
2023-02-16,102.94000244140625,102.94000244140625,100.6500015258789,101.62999725341797,708328
2023-02-17,101.76000213623047,101.76000213623047,99.2699966430664,99.75,620262
2023-02-20,102.75,102.75,99.12000274658203,100.0199966430664,711086
2023-02-21,102.0,102.0,99.3499984741211,99.75,706350
2023-02-22,99.48999786376953,99.48999786376953,97.62000274658203,97.95999908447266,767819
2023-02-23,99.18000030517578,99.18000030517578,98.0,98.41999816894531,284107
2023-02-24,98.55999755859375,98.97000122070312,98.3499984741211,98.51000213623047,779872
2023-02-27,98.4800033569336,98.4800033569336,97.20999908447266,98.0199966430664,639114
2023-02-28,100.94999694824219,100.94999694824219,97.01000213623047,97.76000213623047,336867
2023-03-01,98.37999725341797,98.37999725341797,97.61000061035156,98.18000030517578,747315
2023-03-02,98.0,98.20999908447266,96.51000213623047,97.47000122070312,817340
2023-03-03,99.27999877929688,99.27999877929688,96.91999816894531,97.2300033569336,512822
2023-03-06,97.2300033569336,99.62999725341797,94.30000305175781,98.87000274658203,504108
2023-03-08,101.8499984741211,101.8499984741211,95.9000015258789,98.11000061035156,314119
2023-03-09,101.05000305175781,101.05000305175781,97.0,97.77999877929688,445652
2023-03-10,97.0999984741211,97.29000091552734,96.05000305175781,96.94000244140625,1006072
2023-03-13,99.8499984741211,99.8499984741211,95.19999694824219,95.5999984741211,842563
2023-03-14,95.75,97.20999908447266,95.19999694824219,96.61000061035156,848946
2023-03-15,99.5,99.5,96.62000274658203,98.31999969482422,753892
2023-03-16,98.9000015258789,99.63999938964844,96.75,99.56999969482422,1364211
2023-03-17,101.9000015258789,101.9000015258789,100.55999755859375,100.69000244140625,1072593
2023-03-20,101.5,101.5,99.30999755859375,100.5199966430664,1169875
2023-03-21,101.9000015258789,101.9000015258789,100.18000030517578,100.76000213623047,621580
2023-03-22,101.23999786376953,102.11000061035156,100.75,101.05000305175781,590181
2023-03-23,101.9000015258789,101.9000015258789,100.06999969482422,101.43000030517578,345835
2023-03-24,101.9800033569336,101.9800033569336,101.05000305175781,101.38999938964844,592468
2023-03-27,101.97000122070312,102.55000305175781,101.20999908447266,102.3499984741211,1498504
2023-03-28,102.33999633789062,102.33999633789062,101.12000274658203,101.27999877929688,762531
2023-03-29,101.7699966430664,103.12999725341797,101.11000061035156,102.98999786376953,773303
2023-03-31,103.0199966430664,104.77999877929688,103.0199966430664,104.38999938964844,1319208
2023-04-03,105.11000061035156,105.9800033569336,104.56999969482422,104.68000030517578,616545
2023-04-05,104.8499984741211,105.0,103.8499984741211,103.91000366210938,533412
2023-04-06,104.19000244140625,104.19000244140625,101.33000183105469,102.81999969482422,477725
2023-04-10,104.0,104.0,102.83000183105469,103.6500015258789,436296
2023-04-11,103.47000122070312,104.25,100.55000305175781,104.13999938964844,414488
2023-04-12,104.13999938964844,104.13999938964844,103.12000274658203,103.37999725341797,317795
2023-04-13,103.37999725341797,103.37999725341797,102.31999969482422,102.62999725341797,289690
2023-04-17,104.38999938964844,104.38999938964844,102.66000366210938,103.80000305175781,650958
2023-04-18,104.38999938964844,104.91000366210938,103.70999908447266,104.80000305175781,677273
2023-04-19,104.0,104.98999786376953,103.5,103.75,317594
2023-04-20,105.8499984741211,105.8499984741211,103.33000183105469,103.61000061035156,268950
2023-04-21,103.88999938964844,104.27999877929688,103.33000183105469,103.52999877929688,238269
2023-04-24,104.0,104.0,103.0199966430664,103.66999816894531,366757
2023-04-25,104.0,104.0,103.01000213623047,103.31999969482422,239514
2023-04-26,103.98999786376953,104.25,102.75,103.11000061035156,322387
2023-04-27,103.11000061035156,103.11000061035156,102.5,103.0199966430664,347081
2023-04-28,104.9800033569336,104.9800033569336,103.80000305175781,103.97000122070312,430148
2023-05-02,103.97000122070312,105.4800033569336,103.97000122070312,105.11000061035156,842530
2023-05-03,104.9800033569336,104.9800033569336,103.88999938964844,104.22000122070312,394124
2023-05-04,105.0,105.0,103.20999908447266,103.52999877929688,687975
2023-05-05,103.98999786376953,103.98999786376953,103.0999984741211,103.66000366210938,288122
2023-05-08,103.0,105.9000015258789,103.0,104.73999786376953,454083
2023-05-09,105.68000030517578,105.68000030517578,104.56999969482422,104.91000366210938,580165
2023-05-10,104.98999786376953,105.0,104.38999938964844,104.7699966430664,344685
2023-05-11,105.94000244140625,106.5,105.0199966430664,106.4000015258789,747134
2023-05-12,106.97000122070312,106.97000122070312,106.4000015258789,106.77999877929688,267136
2023-05-15,106.80000305175781,107.0,105.72000122070312,106.48999786376953,600722
2023-05-16,106.98999786376953,106.98999786376953,106.48999786376953,106.62999725341797,267760
2023-05-17,108.0,108.0,106.91999816894531,107.05000305175781,401826
2023-05-18,107.11000061035156,108.8499984741211,107.11000061035156,108.77999877929688,539423
2023-05-19,109.6500015258789,111.5,109.6500015258789,111.27999877929688,1342877
2023-05-22,111.9800033569336,112.5,110.30999755859375,110.7699966430664,592501
2023-05-23,111.9000015258789,112.0,110.88999938964844,111.08999633789062,430194
2023-05-24,111.0999984741211,111.0999984741211,109.52999877929688,109.6500015258789,515776
2023-05-25,110.0999984741211,111.48999786376953,109.70999908447266,111.29000091552734,325888
2023-05-26,112.2699966430664,112.48999786376953,111.29000091552734,111.66999816894531,833612
2023-05-29,113.0,115.33999633789062,112.41000366210938,115.0999984741211,1443415
2023-05-30,115.98999786376953,116.11000061035156,105.68000030517578,115.9000015258789,963556
2023-05-31,115.9800033569336,115.9800033569336,114.69000244140625,114.83000183105469,698052
2023-06-01,114.97000122070312,114.97000122070312,113.81999969482422,114.0,832772
2023-06-02,114.0999984741211,117.4000015258789,114.0999984741211,115.62000274658203,702321
2023-06-05,116.48999786376953,116.48999786376953,115.12999725341797,116.22000122070312,458557
2023-06-06,112.75,116.75,112.75,116.43000030517578,456555
2023-06-07,116.3499984741211,116.86000061035156,116.23999786376953,116.26000213623047,994250
2023-06-08,116.30000305175781,116.30000305175781,114.0,114.63999938964844,652923
2023-06-09,114.6500015258789,116.5,114.6500015258789,115.61000061035156,268009
2023-06-12,119.0999984741211,119.0999984741211,115.61000061035156,116.86000061035156,504307
2023-06-13,117.7699966430664,118.9000015258789,117.76000213623047,118.7300033569336,814858
2023-06-14,119.25,120.0,118.7300033569336,119.01000213623047,945837
2023-06-15,119.9800033569336,119.9800033569336,118.80000305175781,118.91000366210938,792125
2023-06-16,119.4800033569336,120.9000015258789,119.4800033569336,120.80999755859375,725527
2023-06-19,117.55000305175781,121.06999969482422,117.19999694824219,120.18000030517578,929048
2023-06-20,120.9800033569336,120.9800033569336,119.38999938964844,119.69000244140625,516994
2023-06-21,120.91999816894531,120.91999816894531,119.31999969482422,119.91999816894531,303142
2023-06-22,121.94999694824219,121.94999694824219,117.7699966430664,118.37999725341797,845262
2023-06-23,118.5,119.79000091552734,118.5,118.75,669016
2023-06-26,118.5,119.9800033569336,118.06999969482422,118.43000030517578,315545
2023-06-27,118.54000091552734,118.54000091552734,117.08999633789062,117.5199966430664,1218751
2023-06-28,121.05000305175781,121.05000305175781,118.0199966430664,118.38999938964844,281342
2023-06-30,121.94999694824219,121.94999694824219,118.5199966430664,119.45999908447266,694136
2023-07-03,121.23999786376953,121.23999786376953,120.05999755859375,120.9000015258789,950573
2023-07-04,123.9000015258789,123.9000015258789,117.61000061035156,120.87999725341797,732845
2023-07-05,117.25,123.0,117.25,120.48999786376953,406132
2023-07-06,124.0,124.0999984741211,120.12000274658203,121.19000244140625,671558
2023-07-07,122.0,122.0,120.41000366210938,120.94000244140625,298731
2023-07-10,120.80999755859375,121.47000122070312,119.5,120.62000274658203,1640140
2023-07-11,122.0,122.0,120.48999786376953,120.86000061035156,252550
2023-07-12,121.98999786376953,122.0,120.62000274658203,121.19000244140625,320800
2023-07-13,122.0,123.16000366210938,122.0,122.5999984741211,341647
2023-07-14,124.37999725341797,124.37999725341797,123.02999877929688,124.19000244140625,531926
2023-07-17,127.0,127.0,124.0,124.08000183105469,427870
2023-07-18,126.0,126.0,124.5999984741211,124.73999786376953,403621
2023-07-19,123.4000015258789,126.5,123.4000015258789,126.4000015258789,488803
2023-07-20,126.4000015258789,126.4000015258789,125.0,125.08000183105469,532891
2023-07-21,125.30000305175781,125.30000305175781,122.31999969482422,123.31999969482422,694255
2023-07-24,124.94999694824219,124.94999694824219,122.19999694824219,122.73999786376953,600675
2023-07-25,126.4000015258789,126.4000015258789,122.41000366210938,123.23999786376953,335037
2023-07-26,126.44999694824219,126.94999694824219,123.31999969482422,124.29000091552734,760222
2023-07-27,125.94999694824219,125.94999694824219,124.0,125.23999786376953,492694
2023-07-28,125.94999694824219,125.94999694824219,124.0,125.58999633789062,893896
2023-07-31,125.58999633789062,129.89999389648438,125.02999877929688,126.04000091552734,711595
2023-08-01,126.1500015258789,126.94999694824219,126.0,126.05999755859375,260781
2023-08-02,126.94999694824219,126.94999694824219,121.7300033569336,124.43000030517578,920398
2023-08-03,125.94999694824219,125.94999694824219,122.56999969482422,123.48999786376953,1095780
2023-08-04,124.9000015258789,124.9000015258789,123.52999877929688,124.19999694824219,423193
2023-08-07,127.0999984741211,127.0999984741211,122.94000244140625,123.30000305175781,554595
2023-08-08,124.5,124.5,122.9000015258789,123.01000213623047,390700
2023-08-09,119.30000305175781,123.9000015258789,119.30000305175781,123.04000091552734,187714
2023-08-10,124.0,124.01000213623047,121.5999984741211,122.55000305175781,387137
2023-08-11,123.55000305175781,126.25,121.63999938964844,122.30999755859375,206189
2023-08-14,126.0,126.0,120.4000015258789,121.05000305175781,898460
2023-08-16,124.69999694824219,124.69999694824219,119.80000305175781,121.06999969482422,423433
2023-08-17,120.80000305175781,121.0,118.91000366210938,120.23999786376953,770898
2023-08-18,121.48999786376953,123.8499984741211,118.36000061035156,118.79000091552734,587540
2023-08-21,122.3499984741211,122.3499984741211,118.26000213623047,119.91000366210938,419135
2023-08-22,121.9000015258789,121.9000015258789,120.58000183105469,121.0199966430664,323371
2023-08-23,121.9000015258789,121.9000015258789,120.31999969482422,120.58999633789062,288469
2023-08-24,122.9000015258789,122.95999908447266,120.55999755859375,122.56999969482422,449784
2023-08-25,122.0,122.0,118.72000122070312,120.18000030517578,775918
2023-08-28,120.94999694824219,121.01000213623047,120.19000244140625,120.91000366210938,329263
2023-08-29,124.55000305175781,124.55000305175781,121.05000305175781,121.44999694824219,250822
2023-08-30,123.69999694824219,124.2699966430664,121.44999694824219,123.20999908447266,457767
2023-08-31,125.6500015258789,126.9000015258789,123.69999694824219,123.83000183105469,420575
2023-09-01,124.9000015258789,124.9000015258789,124.0,124.5999984741211,343927
2023-09-04,124.94999694824219,125.37999725341797,124.0999984741211,124.75,271200
2023-09-05,125.75,125.75,124.0999984741211,124.52999877929688,378724
2023-09-06,124.88999938964844,124.98999786376953,124.13999938964844,124.43000030517578,200913
2023-09-07,124.88999938964844,124.88999938964844,123.23999786376953,123.5999984741211,227622
2023-09-08,125.6500015258789,125.80000305175781,122.37000274658203,122.9000015258789,375491
2023-09-11,123.88999938964844,124.0,122.7300033569336,123.83000183105469,379484
2023-09-12,124.68000030517578,124.83000183105469,123.88999938964844,124.12999725341797,234196
2023-09-13,124.30000305175781,124.30000305175781,122.87999725341797,123.30000305175781,354388
2023-09-14,123.88999938964844,124.88999938964844,123.30000305175781,123.87999725341797,272490
2023-09-15,126.0,126.0,124.0,124.66000366210938,337403
2023-09-18,126.43000030517578,126.43000030517578,122.76000213623047,123.51000213623047,494313
2023-09-20,123.5,123.69000244140625,122.9000015258789,123.47000122070312,399418
2023-09-21,123.0,123.0,121.12000274658203,121.75,460592
2023-09-22,125.4000015258789,125.4000015258789,119.52999877929688,120.37000274658203,568842
2023-09-25,121.94999694824219,121.94999694824219,119.69000244140625,120.06999969482422,564303
2023-09-26,120.4000015258789,120.94000244140625,119.72000122070312,120.05999755859375,315512
2023-09-27,123.6500015258789,123.6500015258789,118.62000274658203,119.75,291090
2023-09-28,120.80000305175781,120.80000305175781,119.02999877929688,119.18000030517578,339049
2023-09-29,122.75,122.75,120.0,120.56999969482422,280951
2023-10-03,123.0,123.0,116.94999694824219,119.94000244140625,358158
2023-10-04,119.94000244140625,123.55000305175781,116.3499984741211,118.45999908447266,395468
2023-10-05,122.0,122.0,119.12999725341797,119.87999725341797,180852
2023-10-06,120.47000122070312,120.4800033569336,118.80999755859375,119.55999755859375,690320
2023-10-09,123.1500015258789,123.1500015258789,118.0,119.5,584217
2023-10-10,123.0999984741211,123.0999984741211,120.41000366210938,121.93000030517578,464997
2023-10-11,121.93000030517578,124.30000305175781,118.25,122.33999633789062,309589
2023-10-12,122.33999633789062,123.81999969482422,119.80000305175781,123.58999633789062,394306
2023-10-13,123.98999786376953,123.98999786376953,122.0,122.18000030517578,213818
2023-10-16,125.5999984741211,125.8499984741211,121.0199966430664,121.68000030517578,329605
2023-10-17,125.3499984741211,125.3499984741211,121.52999877929688,122.12000274658203,274255
2023-10-18,124.0,124.0,121.52999877929688,121.62999725341797,120635
2023-10-19,120.98999786376953,120.98999786376953,120.18000030517578,120.6500015258789,275004
2023-10-20,120.45999908447266,120.45999908447266,119.16000366210938,119.43000030517578,464392
2023-10-23,123.0,123.0,117.08000183105469,117.30000305175781,859182
2023-10-25,119.8499984741211,119.8499984741211,117.76000213623047,118.86000061035156,223452
2023-10-26,122.44999694824219,122.44999694824219,115.55000305175781,116.61000061035156,719086
2023-10-27,115.5999984741211,118.61000061035156,115.5999984741211,116.48999786376953,600103
2023-10-30,120.0,120.0,115.5199966430664,116.33000183105469,384271
2023-10-31,119.33000183105469,119.8499984741211,112.8499984741211,116.48999786376953,297313
2023-11-01,116.5,117.79000091552734,116.37999725341797,116.95999908447266,335649
2023-11-02,118.5999984741211,120.19999694824219,118.48999786376953,120.0,300591
2023-11-03,123.5999984741211,126.48999786376953,120.20999908447266,120.7300033569336,375921
2023-11-06,124.4000015258789,124.4000015258789,117.0999984741211,122.81999969482422,579324
2023-11-07,124.0,124.0,122.0,122.61000061035156,308393
2023-11-08,123.80000305175781,123.98999786376953,120.61000061035156,123.58999633789062,417796
2023-11-09,124.0,124.0,120.80000305175781,123.76000213623047,173587
2023-11-10,123.80000305175781,123.80000305175781,121.58999633789062,122.8499984741211,414583
2023-11-13,123.9800033569336,125.52999877929688,123.77999877929688,124.9800033569336,538593
2023-11-15,127.0,128.10000610351562,125.70999908447266,127.8499984741211,957649
2023-11-16,128.00999450683594,129.49000549316406,127.25,127.62000274658203,316815
2023-11-17,127.52999877929688,129.63999938964844,123.80000305175781,128.0500030517578,388802
2023-11-20,128.0,128.58999633789062,127.31999969482422,128.2899932861328,631386
2023-11-21,129.14999389648438,130.60000610351562,128.50999450683594,130.08999633789062,566998
2023-11-22,132.60000610351562,132.60000610351562,128.77999877929688,129.3000030517578,267216
2023-11-23,129.3000030517578,130.0500030517578,129.2899932861328,129.91000366210938,234497
2023-11-24,131.5500030517578,131.5500030517578,129.50999450683594,129.80999755859375,167945
2023-11-28,129.85000610351562,132.8000030517578,129.00999450683594,129.32000732421875,290842
2023-11-29,129.41000366210938,130.88999938964844,129.41000366210938,130.1699981689453,207906
2023-11-30,129.10000610351562,131.99000549316406,128.10000610351562,129.85000610351562,251436
2023-12-01,131.8000030517578,131.8000030517578,128.25,129.61000061035156,356268
2023-12-04,133.0,133.0,129.1999969482422,129.72999572753906,595021
2023-12-05,129.6999969482422,129.72000122070312,128.0500030517578,128.7899932861328,671308
2023-12-06,129.9499969482422,130.00999450683594,129.02999877929688,129.61000061035156,424804
2023-12-07,129.9499969482422,129.9499969482422,127.3499984741211,128.77000427246094,368442
2023-12-08,132.64999389648438,132.64999389648438,129.0,130.0,276913
2023-12-11,130.9499969482422,130.9499969482422,128.8000030517578,130.3300018310547,288574
2023-12-12,131.1999969482422,132.0,130.3000030517578,131.83999633789062,442876
2023-12-13,131.99000549316406,132.77000427246094,131.99000549316406,132.6300048828125,320552
2023-12-14,132.6300048828125,134.89999389648438,132.6300048828125,134.77000427246094,616772
2023-12-15,134.80999755859375,135.0800018310547,134.02000427246094,134.44000244140625,577763
2023-12-18,134.5,135.66000366210938,134.5,134.92999267578125,585120
2023-12-19,135.9499969482422,136.0500030517578,135.0,135.2899932861328,566587
2023-12-20,137.25,137.25,134.0500030517578,135.22999572753906,765307
2023-12-21,139.3000030517578,139.3000030517578,133.7100067138672,134.9199981689453,341460
2023-12-22,138.9499969482422,138.9499969482422,135.00999450683594,135.2899932861328,333930
2023-12-26,139.35000610351562,139.35000610351562,135.36000061035156,136.11000061035156,340539
2023-12-27,140.1999969482422,140.1999969482422,136.1199951171875,136.91000366210938,294027
2023-12-28,137.14999389648438,137.69000244140625,137.0,137.14999389648438,261477
2023-12-29,141.25,141.25,135.97000122070312,136.6300048828125,604243
2024-01-01,136.9499969482422,138.75,135.0,137.0399932861328,356508
2024-01-02,137.9499969482422,137.9499969482422,136.02000427246094,136.17999267578125,446576
2024-01-03,136.9499969482422,136.9499969482422,133.05999755859375,134.97000122070312,524953
2024-01-04,136.0,136.0,132.7100067138672,134.14999389648438,518217
2024-01-05,134.9499969482422,134.9499969482422,132.22000122070312,132.4600067138672,889092
2024-01-08,134.89999389648438,134.89999389648438,132.22000122070312,132.47000122070312,442422
2024-01-09,136.4499969482422,136.4499969482422,132.75,134.69000244140625,482310
2024-01-10,134.99000549316406,135.83999633789062,132.25,135.50999450683594,220959
2024-01-11,134.0500030517578,136.94000244140625,134.0500030517578,136.22999572753906,293762
2024-01-12,136.6199951171875,136.6199951171875,135.58999633789062,135.74000549316406,297051
2024-01-15,135.74000549316406,135.74000549316406,135.74000549316406,135.74000549316406,0
2024-01-16,136.0,136.72000122070312,135.30999755859375,135.72000122070312,257918
2024-01-17,136.5,136.5,134.8000030517578,135.3300018310547,439490
2024-01-18,135.89999389648438,135.89999389648438,134.36000061035156,135.72999572753906,321344
2024-01-19,136.10000610351562,137.7899932861328,136.10000610351562,137.5800018310547,783334
2024-01-23,140.0,140.08999633789062,134.25,139.89999389648438,643285
2024-01-24,144.10000610351562,144.10000610351562,139.89999389648438,141.57000732421875,613663
2024-01-25,143.8000030517578,143.8000030517578,141.22000122070312,141.88999938964844,307933
2024-01-29,145.47000122070312,145.47000122070312,140.86000061035156,141.64999389648438,352370
2024-01-30,142.7100067138672,143.07000732421875,142.05999755859375,142.47999572753906,291918
2024-01-31,141.8000030517578,141.8000030517578,140.0,140.47000122070312,484886
2024-02-01,144.6999969482422,144.6999969482422,138.89999389648438,139.6300048828125,553158
2024-02-02,141.99000549316406,141.99000549316406,140.6300048828125,141.80999755859375,265622
2024-02-05,146.0500030517578,146.0500030517578,141.25999450683594,141.80999755859375,656858
2024-02-06,142.9499969482422,142.9499969482422,141.60000610351562,141.8300018310547,329751
2024-02-07,142.0,142.0,141.1199951171875,141.36000061035156,202265
2024-02-08,141.00999450683594,144.69000244140625,140.10000610351562,142.77999877929688,284259
2024-02-09,146.0,146.0,142.5,143.42999267578125,702586
2024-02-12,144.9499969482422,145.02999877929688,143.89999389648438,144.67999267578125,352932
2024-02-13,145.67999267578125,145.67999267578125,143.11000061035156,143.3000030517578,551029
2024-02-14,142.5,142.89999389648438,140.42999267578125,142.64999389648438,536535
2024-02-15,144.9499969482422,144.9499969482422,142.7100067138672,143.74000549316406,197810
2024-02-16,144.0,144.5,143.41000366210938,144.33999633789062,505296
2024-02-19,145.8000030517578,146.67999267578125,142.8000030517578,145.16000366210938,333253
2024-02-20,144.9499969482422,144.9499969482422,142.27999877929688,142.47000122070312,867132
2024-02-21,142.9499969482422,142.9499969482422,141.47000122070312,141.83999633789062,270897
2024-02-22,144.8699951171875,144.8699951171875,141.8000030517578,144.00999450683594,357377
2024-02-23,144.3300018310547,146.60000610351562,144.32000732421875,144.99000549316406,371632
2024-02-26,148.60000610351562,149.35000610351562,144.02000427246094,144.75,242108
2024-02-27,147.17999267578125,147.17999267578125,144.50999450683594,145.19000244140625,252951
2024-02-28,140.85000610351562,145.77999877929688,140.85000610351562,144.2100067138672,175028
2024-02-29,144.0,144.8800048828125,139.89999389648438,143.85000610351562,120515
2024-03-01,144.8699951171875,146.1699981689453,144.72000122070312,145.75,240015
2024-03-04,148.9499969482422,148.9499969482422,146.91000366210938,147.6300048828125,316860
2024-03-05,148.94000244140625,149.0,146.25,146.42999267578125,406118
2024-03-06,150.8000030517578,150.8000030517578,144.5,145.32000732421875,417935
2024-03-07,145.5800018310547,147.3000030517578,144.6300048828125,146.2100067138672,273307
2024-03-11,146.9499969482422,150.60000610351562,145.41000366210938,146.32000732421875,396503
2024-03-12,147.0,147.0,145.60000610351562,145.91000366210938,185866
2024-03-13,150.3000030517578,150.3000030517578,143.1999969482422,145.8000030517578,1113468
2024-03-14,146.0,147.0,145.0399932861328,145.85000610351562,171190
2024-03-15,146.77000427246094,146.77000427246094,144.60000610351562,145.07000732421875,195459
2024-03-18,149.39999389648438,149.39999389648438,144.00999450683594,144.83999633789062,174897
2024-03-19,148.9499969482422,149.0,144.5500030517578,145.0,136119
2024-03-20,147.0,147.0,144.0,145.25999450683594,140424
2024-03-21,147.0,148.5,145.30999755859375,148.27000427246094,282864
2024-03-22,148.27000427246094,149.25,148.27000427246094,149.0399932861328,321816
2024-03-26,148.88999938964844,150.0,148.1199951171875,149.7100067138672,346927
2024-03-27,149.22000122070312,149.94000244140625,148.7100067138672,149.49000549316406,236576
2024-03-28,149.16000366210938,150.14999389648438,148.60000610351562,149.3800048828125,509386
2024-04-01,151.9499969482422,151.9499969482422,149.6199951171875,150.10000610351562,273269
2024-04-02,154.60000610351562,154.60000610351562,147.94000244140625,148.27000427246094,1442757
2024-04-03,152.6999969482422,152.6999969482422,146.25,147.52999877929688,729891
2024-04-04,147.0500030517578,149.24000549316406,147.0500030517578,148.75,271144
2024-04-05,147.97999572753906,148.74000549316406,145.94000244140625,147.30999755859375,927507
2024-04-08,150.0,150.0,147.52000427246094,148.30999755859375,496999
2024-04-09,148.30999755859375,148.99000549316406,147.0500030517578,147.8000030517578,274136
2024-04-10,152.25,152.25,148.08999633789062,148.52000427246094,290311
2024-04-12,151.32000732421875,151.32000732421875,149.0,149.41000366210938,226231
2024-04-15,149.1999969482422,152.25,145.0,148.07000732421875,406547
2024-04-16,148.0500030517578,148.0500030517578,144.0,145.75,1039743
2024-04-18,146.25,148.5,143.8000030517578,143.97000122070312,775225
2024-04-19,143.9499969482422,143.9499969482422,140.02000427246094,141.6300048828125,783288
2024-04-22,142.0,144.19000244140625,138.50999450683594,141.66000366210938,1311290
2024-04-23,141.66000366210938,144.9499969482422,140.64999389648438,141.25,802743
2024-04-24,143.60000610351562,143.88999938964844,142.72999572753906,143.3000030517578,405602
2024-04-25,144.5,144.5,141.4499969482422,142.14999389648438,525353
2024-04-26,143.0,147.25,142.75,144.8300018310547,403243
2024-04-29,149.14999389648438,149.14999389648438,144.1199951171875,144.89999389648438,452056
2024-04-30,145.2899932861328,146.88999938964844,144.4499969482422,144.72000122070312,292314
2024-05-02,146.89999389648438,146.89999389648438,140.72000122070312,143.22999572753906,876203
2024-05-03,146.75,146.75,143.77000427246094,144.13999938964844,376755
2024-05-06,146.5800018310547,146.5800018310547,145.11000061035156,145.67999267578125,416004
2024-05-07,149.0,149.0,145.67999267578125,146.47999572753906,509712
2024-05-08,142.10000610351562,147.5,142.10000610351562,146.6199951171875,331751
2024-05-09,142.1999969482422,147.19000244140625,142.1999969482422,146.0500030517578,251621
2024-05-10,150.4499969482422,150.4499969482422,144.9600067138672,147.50999450683594,777537
2024-05-13,151.9499969482422,151.9499969482422,143.10000610351562,147.10000610351562,541133
2024-05-14,148.0,148.0,144.1999969482422,146.30999755859375,246886
2024-05-15,150.6999969482422,150.6999969482422,147.10000610351562,148.2100067138672,311980
2024-05-16,152.25,152.25,148.8000030517578,150.3300018310547,734124
2024-05-17,154.85000610351562,154.85000610351562,149.10000610351562,149.49000549316406,343215
2024-05-21,154.5500030517578,154.5500030517578,150.05999755859375,150.69000244140625,1366560
2024-05-22,152.0,152.0,150.6300048828125,150.97000122070312,232821
2024-05-23,151.39999389648438,152.5500030517578,151.1999969482422,151.97999572753906,407508
2024-05-24,156.0,156.0,150.39999389648438,150.69000244140625,398167
2024-05-27,155.1999969482422,155.1999969482422,150.69000244140625,151.3800048828125,337073
2024-05-28,153.49000549316406,153.49000549316406,150.57000732421875,151.6999969482422,475145
2024-05-29,151.5500030517578,153.49000549316406,151.16000366210938,151.3000030517578,171960
2024-05-30,151.3000030517578,153.47999572753906,150.14999389648438,150.88999938964844,208759
2024-05-31,150.88999938964844,150.89999389648438,149.50999450683594,150.42999267578125,389593
2024-06-03,154.5500030517578,154.5500030517578,150.02999877929688,150.61000061035156,453068
2024-06-04,155.14999389648438,155.14999389648438,147.0,148.77999877929688,539776
2024-06-05,151.97000122070312,151.97000122070312,149.00999450683594,150.19000244140625,397336
2024-06-06,152.0,154.38999938964844,150.25,154.24000549316406,674193
2024-06-07,155.75,157.0,153.75,154.8000030517578,278395
2024-06-10,156.8000030517578,156.8000030517578,154.0,154.3699951171875,367420
2024-06-11,159.0,159.0,154.1699981689453,154.5399932861328,265971
2024-06-12,159.0,159.0,155.1199951171875,156.1300048828125,303148
2024-06-13,157.0,159.32000732421875,156.99000549316406,158.92999267578125,544602
2024-06-14,151.0,160.8699951171875,151.0,159.24000549316406,300983
2024-06-18,159.0,164.0,157.64999389648438,162.02000427246094,403424
2024-06-19,164.9499969482422,164.9499969482422,162.02000427246094,162.33999633789062,269568
2024-06-20,162.33999633789062,163.38999938964844,157.4499969482422,163.22000122070312,292969
2024-06-21,165.97999572753906,165.97999572753906,161.02000427246094,161.66000366210938,729665
2024-06-24,166.5,166.5,160.61000061035156,161.36000061035156,363833
2024-06-25,163.75,163.75,159.41000366210938,160.27000427246094,394666
2024-06-26,163.8000030517578,163.8000030517578,160.27999877929688,162.08999633789062,315063
2024-06-27,164.0,164.0,161.1300048828125,162.22000122070312,224331
2024-06-28,163.89999389648438,163.89999389648438,162.30999755859375,162.80999755859375,159189
2024-07-01,163.55999755859375,163.55999755859375,161.75,161.94000244140625,393835
2024-07-02,163.8800048828125,163.8800048828125,161.94000244140625,162.61000061035156,263019
2024-07-03,164.39999389648438,164.39999389648438,162.61000061035156,163.9600067138672,260638
2024-07-04,165.75,165.75,163.9600067138672,165.25999450683594,237620
2024-07-05,166.8000030517578,166.8000030517578,165.11000061035156,165.97000122070312,309070
2024-07-08,166.99000549316406,167.89999389648438,162.0,167.52999877929688,378501
2024-07-09,171.0,171.0,167.52999877929688,168.55999755859375,368380
2024-07-10,169.5,169.5,168.30999755859375,168.5800018310547,257886
2024-07-11,171.0,171.0,169.0,169.88999938964844,299932
2024-07-12,175.0,175.0,165.02999877929688,166.67999267578125,2401059
2024-07-15,161.6999969482422,169.89999389648438,161.6999969482422,168.92999267578125,453874
2024-07-16,171.0,171.3300018310547,167.64999389648438,167.9499969482422,826991
2024-07-18,167.9499969482422,168.25,163.1199951171875,166.52000427246094,1352268
2024-07-19,169.25,169.25,160.0,161.9600067138672,1426838
2024-07-22,166.0800018310547,166.0800018310547,160.6199951171875,161.75999450683594,775435
2024-07-23,161.75999450683594,162.97000122070312,161.39999389648438,162.49000549316406,303606
2024-07-24,163.9600067138672,163.9600067138672,160.5,160.9199981689453,489405
2024-07-25,164.9499969482422,164.9499969482422,155.60000610351562,156.67999267578125,1926641
2024-07-26,161.39999389648438,161.39999389648438,155.91000366210938,156.92999267578125,1493959
2024-07-29,157.0,159.8000030517578,155.5,157.47999572753906,1353009
2024-07-30,162.0,162.0,156.44000244140625,156.5399932861328,801078
2024-07-31,156.5399932861328,158.16000366210938,155.64999389648438,156.3000030517578,830747
2024-08-01,157.9600067138672,160.25,157.9600067138672,158.82000732421875,1066053
2024-08-02,160.8000030517578,160.8000030517578,152.60000610351562,153.7899932861328,2769864
2024-08-05,154.0,157.5500030517578,142.25,145.0399932861328,8762925
2024-08-06,149.39999389648438,150.99000549316406,142.11000061035156,146.8699951171875,2017549
2024-08-07,143.00999450683594,152.1999969482422,143.00999450683594,149.3699951171875,3315855
2024-08-08,153.85000610351562,153.85000610351562,145.74000549316406,147.60000610351562,1105018
2024-08-09,152.0500030517578,152.33999633789062,150.00999450683594,152.10000610351562,780085
2024-08-12,153.49000549316406,153.49000549316406,151.5,151.77999877929688,721335
2024-08-13,154.6999969482422,154.6999969482422,151.6999969482422,152.33999633789062,314954
2024-08-14,152.8000030517578,155.47999572753906,152.7899932861328,154.83999633789062,908642
2024-08-16,156.1999969482422,159.5500030517578,156.1999969482422,159.39999389648438,1268743
2024-08-19,158.58999633789062,161.66000366210938,158.30999755859375,158.6999969482422,1051686
2024-08-20,161.6999969482422,161.6999969482422,159.0,161.1300048828125,829277
2024-08-21,161.66000366210938,161.66000366210938,160.27000427246094,160.6999969482422,518245
2024-08-22,161.66000366210938,162.14999389648438,160.6999969482422,161.3800048828125,367319
2024-08-23,161.5,161.5,158.85000610351562,159.75,685214
2024-08-26,159.75,161.5,159.75,160.9199981689453,670537
2024-08-27,161.35000610351562,161.35000610351562,159.2100067138672,160.02000427246094,534592
2024-08-28,162.27000427246094,162.27000427246094,159.1300048828125,160.57000732421875,432947
2024-08-29,162.27000427246094,163.57000732421875,157.97000122070312,158.72999572753906,960028
2024-08-30,159.1999969482422,160.64999389648438,158.7100067138672,159.94000244140625,590116
2024-09-02,162.14999389648438,163.17999267578125,159.35000610351562,159.9600067138672,520103
2024-09-03,164.75,164.75,153.9499969482422,159.11000061035156,472890
2024-09-04,161.35000610351562,161.35000610351562,155.0,155.82000732421875,1363689
2024-09-05,155.0,158.82000732421875,151.14999389648438,156.1300048828125,371429
2024-09-06,156.89999389648438,159.8000030517578,154.2899932861328,154.6699981689453,579924
2024-09-09,156.77000427246094,156.77000427246094,152.0,153.72000122070312,744021
2024-09-10,154.88999938964844,154.89999389648438,153.00999450683594,153.4199981689453,877238
2024-09-11,153.4199981689453,156.4199981689453,153.4199981689453,154.39999389648438,308482
2024-09-12,156.19000244140625,158.19000244140625,156.1199951171875,157.4600067138672,800173
2024-09-13,159.0,159.0,157.50999450683594,158.47999572753906,487314
2024-09-16,159.0,159.1699981689453,158.47999572753906,158.89999389648438,665267
2024-09-17,161.35000610351562,161.35000610351562,157.30999755859375,158.75999450683594,422898
2024-09-18,163.5,163.5,157.02000427246094,157.47999572753906,379264
2024-09-19,158.5,160.66000366210938,157.47999572753906,160.49000549316406,1066930
2024-09-20,161.44000244140625,162.3000030517578,160.32000732421875,160.44000244140625,1314694
2024-09-23,163.83999633789062,163.83999633789062,158.0,160.9199981689453,648067
2024-09-24,161.72000122070312,161.89999389648438,160.52999877929688,161.6300048828125,513663
2024-09-25,161.64999389648438,163.27999877929688,161.02000427246094,161.38999938964844,357870
2024-09-26,163.17999267578125,165.1999969482422,161.5,164.72000122070312,1256538
2024-09-27,165.6999969482422,165.6999969482422,163.00999450683594,164.35000610351562,645500
2024-09-30,163.67999267578125,164.39999389648438,161.0,163.0800018310547,734795
2024-10-01,164.0,165.0,160.0800018310547,164.47000122070312,414986
2024-10-03,169.39999389648438,169.39999389648438,161.7100067138672,162.1999969482422,779345
2024-10-04,164.9499969482422,164.9499969482422,159.1999969482422,162.39999389648438,404193
2024-10-07,162.39999389648438,164.83999633789062,162.0,162.32000732421875,679350
2024-10-08,165.27000427246094,165.27000427246094,161.11000061035156,162.58999633789062,308837
2024-10-09,162.5,164.9499969482422,162.5,164.05999755859375,300752
2024-10-10,164.5,165.9499969482422,164.1199951171875,165.1999969482422,441489
2024-10-11,166.97000122070312,166.97000122070312,163.60000610351562,164.92999267578125,534924
2024-10-14,167.77999877929688,167.77999877929688,164.92999267578125,165.82000732421875,380690
2024-10-15,167.80999755859375,167.80999755859375,165.50999450683594,166.4600067138672,414947
2024-10-16,167.97999572753906,167.97999572753906,164.75999450683594,165.14999389648438,312833
2024-10-17,169.97999572753906,169.97999572753906,164.00999450683594,165.75,281299
2024-10-18,167.97000122070312,167.97000122070312,165.02000427246094,165.44000244140625,189562
2024-10-21,169.97999572753906,169.97999572753906,164.97999572753906,165.2899932861328,704695
2024-10-22,167.5,167.5,164.9199981689453,165.0500030517578,483491
2024-10-23,168.8000030517578,168.8000030517578,162.0500030517578,165.85000610351562,538844
2024-10-24,165.75,166.35000610351562,164.0,165.2899932861328,490639
2024-10-25,168.0,168.0,164.72000122070312,165.86000061035156,577948
2024-10-28,169.97999572753906,169.97999572753906,160.89999389648438,167.4199981689453,582177
2024-10-29,167.42999267578125,167.42999267578125,166.02000427246094,166.91000366210938,230691
2024-10-30,171.89999389648438,171.89999389648438,166.91000366210938,168.67999267578125,431697
2024-10-31,169.99000549316406,169.99000549316406,165.94000244140625,166.27000427246094,385991
2024-11-01,166.27000427246094,166.27000427246094,166.27000427246094,166.27000427246094,0
2024-11-04,166.0,166.44000244140625,163.11000061035156,164.02000427246094,604109
2024-11-05,168.9499969482422,168.9499969482422,163.2100067138672,164.4199981689453,294624
2024-11-06,169.0,174.0,161.4199981689453,171.5800018310547,1833069
2024-11-07,173.8000030517578,177.89999389648438,171.5800018310547,172.1199951171875,1434365
2024-11-08,172.88999938964844,175.5,172.88999938964844,175.0,653844
2024-11-11,177.5,177.5,175.0,175.42999267578125,1052320
2024-11-12,175.0,176.49000549316406,170.14999389648438,174.86000061035156,541621
2024-11-13,174.8699951171875,175.49000549316406,172.61000061035156,173.61000061035156,752038
2024-11-14,176.0,176.0,173.22000122070312,174.85000610351562,461873
2024-11-18,174.85000610351562,176.0,167.58999633789062,169.08999633789062,1247236
2024-11-19,174.14999389648438,174.14999389648438,167.64999389648438,169.2899932861328,408561
2024-11-21,167.0500030517578,170.94000244140625,167.0500030517578,170.5800018310547,492803
2024-11-22,171.94000244140625,172.97999572753906,170.5800018310547,172.41000366210938,754028
2024-11-25,177.60000610351562,177.60000610351562,172.25,173.47999572753906,436704
2024-11-26,174.49000549316406,174.49000549316406,171.5,172.2100067138672,700809
2024-11-27,174.4600067138672,175.7899932861328,172.25999450683594,175.22999572753906,769119
2024-11-28,176.39999389648438,176.39999389648438,173.10000610351562,175.4199981689453,456712
2024-11-29,174.67999267578125,176.1999969482422,173.5500030517578,175.8800048828125,562093
2024-12-02,177.5,178.61000061035156,175.1199951171875,178.3800048828125,566793
2024-12-03,183.75,185.2899932861328,177.66000366210938,182.17999267578125,765378
2024-12-04,184.3000030517578,187.64999389648438,180.11000061035156,181.63999938964844,937984
2024-12-05,184.5,184.5,179.52999877929688,181.66000366210938,984280
2024-12-06,183.9499969482422,183.9499969482422,178.89999389648438,179.85000610351562,996338
2024-12-09,185.25,185.25,179.85000610351562,183.2100067138672,533509
2024-12-10,184.9499969482422,189.0,181.0,188.55999755859375,655022
2024-12-11,188.55999755859375,198.88999938964844,185.75999450683594,192.4600067138672,976573
2024-12-12,192.0,200.0,187.4600067138672,199.80999755859375,1010525
2024-12-13,205.8000030517578,205.8000030517578,196.0,200.89999389648438,846360
2024-12-16,206.89999389648438,208.0,200.89999389648438,207.47000122070312,1154467
2024-12-17,216.44000244140625,216.44000244140625,208.10000610351562,212.92999267578125,1382638
2024-12-18,218.0,218.74000549316406,210.5,211.39999389648438,855137
2024-12-19,211.39999389648438,211.39999389648438,195.1999969482422,207.94000244140625,1684167
2024-12-20,211.08999633789062,211.08999633789062,198.2100067138672,200.9600067138672,891059
2024-12-23,207.0,209.88999938964844,204.97999572753906,208.89999389648438,591568
2024-12-24,212.0,212.07000732421875,208.89999389648438,212.07000732421875,484792
2024-12-26,205.6999969482422,214.5,205.6999969482422,214.5,343255
2024-12-27,214.0,217.50999450683594,214.0,217.50999450683594,299750
2024-12-30,217.50999450683594,217.52999877929688,210.11000061035156,215.6300048828125,934459
2024-12-31,214.97999572753906,215.22999572753906,212.0,214.2100067138672,596884
2025-01-01,212.39999389648438,212.42999267578125,210.5,212.41000366210938,492977
2025-01-02,210.75,210.77999877929688,210.0,210.77000427246094,365178
2025-01-03,210.89999389648438,210.92999267578125,209.6300048828125,210.9199981689453,249124
2025-01-06,210.6999969482422,210.74000549316406,203.1999969482422,205.02000427246094,736815
2025-01-07,211.14999389648438,214.35000610351562,204.0,204.08999633789062,910157
2025-01-08,210.1999969482422,210.1999969482422,200.1199951171875,202.41000366210938,580708
2025-01-09,207.9499969482422,207.9499969482422,200.5,201.17999267578125,572275
2025-01-10,207.1999969482422,207.1999969482422,197.5,197.88999938964844,654734
2025-01-13,202.88999938964844,202.88999938964844,187.02000427246094,189.5500030517578,1298649
2025-01-14,190.0,197.10000610351562,189.00999450683594,192.94000244140625,805031
2025-01-15,197.9499969482422,198.77999877929688,188.25999450683594,191.33999633789062,904426
2025-01-16,193.4499969482422,202.4499969482422,193.44000244140625,200.49000549316406,690237
2025-01-17,200.49000549316406,205.49000549316406,197.00999450683594,204.8000030517578,563490
2025-01-20,205.4499969482422,213.4499969482422,204.8000030517578,211.66000366210938,1115035
2025-01-21,217.5,217.5,205.52000427246094,206.4600067138672,1009312
2025-01-22,211.9499969482422,213.4499969482422,207.02000427246094,212.80999755859375,939415
2025-01-23,217.0,218.0,213.0,217.11000061035156,1074740
2025-01-24,219.0,220.89999389648438,215.11000061035156,220.7899932861328,774796
2025-01-27,221.6999969482422,221.6999969482422,208.0,209.7899932861328,1532989
2025-01-28,213.8000030517578,213.8000030517578,193.5500030517578,200.89999389648438,2092489
2025-01-29,206.9499969482422,208.97999572753906,201.0,207.8699951171875,617299
2025-01-30,210.0,210.9499969482422,204.14999389648438,206.89999389648438,398524
2025-01-31,204.67999267578125,209.88999938964844,204.67999267578125,206.3699951171875,679250
2025-02-01,209.0,209.0,204.52000427246094,206.5800018310547,391743
2025-02-03,206.5800018310547,206.5800018310547,199.1999969482422,203.38999938964844,704336
2025-02-04,203.38999938964844,209.5,202.6999969482422,207.02999877929688,710862
2025-02-05,208.0,210.5,207.6300048828125,209.4499969482422,638509
2025-02-06,209.4499969482422,213.60000610351562,207.9499969482422,209.19000244140625,724441
2025-02-07,211.3699951171875,212.19000244140625,207.7899932861328,209.32000732421875,1081589
2025-02-10,213.60000610351562,213.60000610351562,205.0,207.91000366210938,1228087
2025-02-11,209.5,210.0,207.00999450683594,208.3699951171875,958433
2025-02-12,210.94000244140625,210.94000244140625,205.24000549316406,207.17999267578125,755759
2025-02-13,208.47000122070312,208.6999969482422,204.50999450683594,206.77999877929688,845935
2025-02-14,209.94000244140625,209.94000244140625,203.6300048828125,205.44000244140625,984055
2025-02-17,205.44000244140625,209.85000610351562,204.27999877929688,205.35000610351562,570536
2025-02-18,209.0,209.0,203.1999969482422,204.11000061035156,546984
2025-02-19,208.0,209.0,203.10000610351562,206.24000549316406,637919
2025-02-20,208.99000549316406,209.0399932861328,203.22999572753906,204.61000061035156,527350
2025-02-21,207.42999267578125,207.42999267578125,201.86000061035156,203.24000549316406,582967
2025-02-24,203.47999572753906,207.0,194.99000549316406,197.27999877929688,1215775
2025-02-25,191.35000610351562,199.74000549316406,191.35000610351562,193.1999969482422,947003
2025-02-27,194.89999389648438,196.88999938964844,190.11000061035156,195.0,863929
2025-02-28,194.1999969482422,194.24000549316406,181.10000610351562,183.92999267578125,1918568
2025-03-03,182.0,192.0,181.6199951171875,187.6300048828125,1185842
2025-03-04,187.72999572753906,189.24000549316406,179.89999389648438,182.92999267578125,1064963
2025-03-05,184.69000244140625,184.6999969482422,182.00999450683594,183.72000122070312,892899
2025-03-06,187.42999267578125,187.88999938964844,184.99000549316406,186.5800018310547,555218
2025-03-07,188.5,188.5,183.0,186.74000549316406,651043
2025-03-10,188.0,189.88999938964844,185.3699951171875,187.24000549316406,479320
2025-03-11,180.6199951171875,186.5,178.25999450683594,181.39999389648438,1577775
2025-03-12,186.0,186.0,178.4199981689453,179.25,963137
2025-03-13,183.8000030517578,183.8000030517578,173.99000549316406,175.97999572753906,1020431
2025-03-17,179.4499969482422,181.6999969482422,175.72999572753906,180.77000427246094,544008
2025-03-18,180.77000427246094,180.77000427246094,180.77000427246094,180.77000427246094,0
2025-03-19,179.99000549316406,182.88999938964844,175.2899932861328,182.07000732421875,586520
2025-03-20,182.22000122070312,188.5,181.38999938964844,187.2100067138672,754043
2025-03-21,187.2100067138672,189.0,184.0,185.38999938964844,813181
2025-03-24,187.44000244140625,192.0,185.5,188.11000061035156,1650589
2025-03-25,188.25999450683594,192.0,185.6999969482422,187.6199951171875,1146170
2025-03-26,187.22000122070312,189.8800048828125,184.25,184.74000549316406,730412
2025-03-27,184.7899932861328,184.7899932861328,181.47999572753906,183.42999267578125,616160
2025-03-28,182.97000122070312,183.38999938964844,180.58999633789062,181.4499969482422,802957
2025-04-01,183.8800048828125,183.8800048828125,176.0,180.27999877929688,886519
2025-04-02,182.8800048828125,183.6999969482422,179.60000610351562,181.6199951171875,478606
2025-04-03,183.47000122070312,183.47000122070312,177.22000122070312,180.32000732421875,652632
2025-04-04,178.10000610351562,178.10000610351562,172.1999969482422,174.9499969482422,2105813
2025-04-07,171.4499969482422,171.4499969482422,159.3000030517578,163.4199981689453,4268768
2025-04-08,168.3000030517578,170.7899932861328,163.4199981689453,164.25,2976614
2025-04-09,164.8699951171875,166.0,159.99000549316406,163.3300018310547,3146512
2025-04-11,169.94000244140625,172.58999633789062,166.14999389648438,167.0500030517578,2650776
2025-04-15,172.75,175.11000061035156,167.3300018310547,167.9499969482422,2848500
2025-04-16,169.85000610351562,169.85000610351562,164.25,165.1300048828125,1999703
2025-04-17,166.77000427246094,166.77000427246094,162.4499969482422,165.5800018310547,1847824
2025-04-21,167.30999755859375,167.32000732421875,163.22000122070312,166.42999267578125,2255830
2025-04-22,167.49000549316406,167.49000549316406,163.4600067138672,166.0800018310547,2614514
2025-04-23,166.8800048828125,170.38999938964844,166.4499969482422,170.11000061035156,3122039
2025-04-24,171.92999267578125,171.94000244140625,168.02999877929688,169.36000061035156,2151303
2025-04-25,171.44000244140625,173.38999938964844,168.5,170.77999877929688,2186970
2025-04-28,172.74000549316406,172.74000549316406,169.39999389648438,170.77999877929688,1514562
2025-04-29,167.1999969482422,172.3300018310547,167.1999969482422,169.49000549316406,1663489
2025-04-30,168.5,170.94000244140625,168.0,169.5500030517578,1232577
2025-05-02,169.5500030517578,171.3800048828125,168.47999572753906,169.94000244140625,1382247
2025-05-05,171.72999572753906,171.74000549316406,169.2100067138672,171.08999633789062,1469240
2025-05-06,172.44000244140625,172.44000244140625,169.02000427246094,169.85000610351562,1388194
2025-05-07,169.10000610351562,170.72999572753906,167.5800018310547,169.1199951171875,1160622
2025-05-08,169.1199951171875,170.0,167.32000732421875,169.08999633789062,1264074
2025-05-09,169.0,170.0,168.0,169.07000732421875,1246019
2025-05-12,171.19000244140625,176.8699951171875,168.14999389648438,176.13999938964844,2849952
2025-05-13,178.44000244140625,178.44000244140625,175.0500030517578,176.49000549316406,1851313
2025-05-14,178.44000244140625,178.88999938964844,176.00999450683594,177.30999755859375,1611952
2025-05-15,178.47000122070312,180.0,177.3000030517578,178.7899932861328,1694877
2025-05-16,179.74000549316406,182.10000610351562,177.3699951171875,181.07000732421875,1061363
2025-05-19,181.0,182.22999572753906,178.00999450683594,178.5399932861328,1706284
2025-05-20,179.02000427246094,180.00999450683594,178.8000030517578,179.0800018310547,623960
2025-05-21,179.0800018310547,179.47999572753906,178.0,178.27999877929688,740233
2025-05-22,178.0,178.58999633789062,175.7100067138672,177.49000549316406,798766
2025-05-23,177.1999969482422,179.3800048828125,177.10000610351562,177.32000732421875,691970
2025-05-26,178.83999633789062,178.83999633789062,177.11000061035156,177.72999572753906,687772
2025-05-27,179.39999389648438,179.39999389648438,176.11000061035156,176.86000061035156,844041
2025-05-28,176.1199951171875,179.9499969482422,176.1199951171875,178.24000549316406,1052964
2025-05-29,178.00999450683594,181.5,178.0,180.7100067138672,1398177
2025-05-30,181.0,181.0,177.8800048828125,179.0399932861328,1272712
2025-06-02,178.8000030517578,179.17999267578125,177.1999969482422,178.50999450683594,823726
2025-06-03,179.99000549316406,179.99000549316406,178.6300048828125,179.55999755859375,574502
2025-06-04,181.99000549316406,181.99000549316406,180.0,181.36000061035156,761496
2025-06-05,182.1999969482422,182.1999969482422,180.1300048828125,180.89999389648438,843968
2025-06-06,182.24000549316406,182.24000549316406,179.25999450683594,180.32000732421875,722839
2025-06-09,179.36000061035156,181.97999572753906,179.36000061035156,180.50999450683594,1029956
2025-06-10,181.74000549316406,182.6999969482422,179.16000366210938,182.32000732421875,1068609
2025-06-11,181.5500030517578,183.1999969482422,181.5500030517578,181.97999572753906,818778
2025-06-12,183.0,183.0,180.8000030517578,181.00999450683594,533900
2025-06-13,186.44000244140625,186.44000244140625,178.52000427246094,180.1699981689453,681091
2025-06-16,181.83999633789062,181.83999633789062,178.61000061035156,180.6300048828125,1054164
2025-06-17,185.13999938964844,186.0500030517578,181.1699981689453,181.77000427246094,433202
2025-06-18,181.85000610351562,182.8000030517578,180.72000122070312,182.55999755859375,463063
2025-06-19,177.99000549316406,183.44000244140625,177.99000549316406,180.1199951171875,770851
2025-06-20,181.74000549316406,181.74000549316406,180.0,180.47000122070312,400944
2025-06-23,181.5,182.99000549316406,179.11000061035156,182.35000610351562,830018
2025-06-24,184.74000549316406,184.74000549316406,182.35000610351562,183.6199951171875,508318
2025-06-25,184.5,185.5,183.14999389648438,185.11000061035156,522680
2025-06-26,185.99000549316406,187.4499969482422,184.3699951171875,187.22000122070312,1409270
2025-06-27,189.44000244140625,189.49000549316406,187.0,188.99000549316406,599863
2025-06-30,191.24000549316406,193.75,188.99000549316406,192.97000122070312,1041612
2025-07-01,193.6300048828125,197.0,191.35000610351562,192.0800018310547,1446579
2025-07-02,193.67999267578125,193.67999267578125,189.1999969482422,190.1999969482422,1197375
2025-07-03,193.24000549316406,193.72000122070312,190.25999450683594,191.49000549316406,802266
2025-07-04,196.27000427246094,196.27000427246094,191.3000030517578,191.58999633789062,747594
2025-07-07,193.44000244140625,193.44000244140625,191.41000366210938,191.92999267578125,555999
2025-07-08,192.89999389648438,192.89999389648438,190.05999755859375,191.7899932861328,594720
2025-07-09,190.16000366210938,193.24000549316406,190.16000366210938,191.66000366210938,590318
2025-07-10,193.19000244140625,193.19000244140625,191.9199981689453,192.2100067138672,411808
2025-07-11,191.7100067138672,193.49000549316406,191.02000427246094,191.25,499421
2025-07-14,190.0,192.92999267578125,189.75,191.14999389648438,531736
2025-07-15,196.8800048828125,196.8800048828125,191.0,192.74000549316406,340401
2025-07-16,194.60000610351562,198.52000427246094,191.27000427246094,192.52000427246094,428842
2025-07-17,191.1199951171875,194.24000549316406,191.1199951171875,193.3800048828125,380945
2025-07-18,195.83999633789062,195.83999633789062,193.5,195.52999877929688,583026
2025-07-21,197.19000244140625,197.19000244140625,195.08999633789062,196.6999969482422,520158
2025-07-22,198.44000244140625,198.75,195.14999389648438,198.41000366210938,625445
2025-07-23,199.83999633789062,199.83999633789062,196.5500030517578,198.88999938964844,483132
2025-07-24,199.72000122070312,201.0,197.85000610351562,200.75999450683594,670701
2025-07-25,201.83999633789062,202.19000244140625,200.0,201.30999755859375,837700
2025-07-28,203.44000244140625,205.39999389648438,199.50999450683594,204.99000549316406,1013449
2025-07-29,207.83999633789062,207.83999633789062,203.11000061035156,204.14999389648438,897327
2025-07-30,206.4499969482422,206.4499969482422,202.5,203.1699981689453,495198
2025-07-31,204.47999572753906,209.39999389648438,203.42999267578125,208.2899932861328,1268907
2025-08-01,209.88999938964844,209.88999938964844,202.61000061035156,204.33999633789062,1041274
2025-08-04,209.33999633789062,209.33999633789062,200.0,200.4199981689453,1371744
2025-08-05,202.94000244140625,204.0,201.1999969482422,202.6300048828125,889539
2025-08-06,204.44000244140625,204.44000244140625,200.33999633789062,201.6699981689453,536435
2025-08-07,202.50999450683594,204.13999938964844,201.89999389648438,202.4199981689453,754070
2025-08-08,204.38999938964844,204.38999938964844,201.41000366210938,202.08999633789062,581248
2025-08-11,203.94000244140625,204.74000549316406,202.00999450683594,202.88999938964844,880889
2025-08-12,204.74000549316406,204.74000549316406,197.80999755859375,202.19000244140625,557194
2025-08-13,204.24000549316406,204.97999572753906,203.30999755859375,204.3000030517578,730353
2025-08-14,206.33999633789062,206.33999633789062,203.11000061035156,204.88999938964844,613746
2025-08-18,206.0,206.24000549316406,198.72999572753906,205.77999877929688,481690
2025-08-19,205.77999877929688,207.24000549316406,203.44000244140625,205.47999572753906,668906
2025-08-20,204.4499969482422,204.52999877929688,201.8699951171875,203.47999572753906,751359
2025-08-21,201.61000061035156,203.8800048828125,201.1999969482422,202.13999938964844,611026
2025-08-22,200.66000366210938,204.83999633789062,200.2100067138672,201.13999938964844,605615
2025-08-25,203.83999633789062,203.97999572753906,202.50999450683594,203.39999389648438,852029
2025-08-26,203.99000549316406,203.99000549316406,201.25999450683594,202.49000549316406,487426
2025-08-28,204.44000244140625,204.44000244140625,200.64999389648438,203.2899932861328,480905
2025-08-29,202.32000732421875,205.2899932861328,202.32000732421875,204.4199981689453,649879
2025-09-01,203.8800048828125,204.49000549316406,202.0,203.66000366210938,729538
2025-09-02,204.74000549316406,204.74000549316406,201.55999755859375,202.3699951171875,746691
2025-09-03,203.94000244140625,204.0,200.6999969482422,203.47000122070312,446293
2025-09-04,209.57000732421875,209.57000732421875,201.60000610351562,202.47999572753906,756406
2025-09-05,204.83999633789062,205.0,202.67999267578125,204.85000610351562,517297
2025-09-08,206.19000244140625,206.19000244140625,204.22000122070312,205.27999877929688,649884
2025-09-09,204.32000732421875,206.74000549316406,204.32000732421875,205.5,443096
2025-09-10,206.74000549316406,206.74000549316406,203.80999755859375,204.86000061035156,951447
2025-09-11,206.33999633789062,206.33999633789062,204.50999450683594,205.64999389648438,464641
2025-09-12,209.44000244140625,209.44000244140625,205.6300048828125,207.05999755859375,578685
2025-09-15,209.2899932861328,211.99000549316406,206.16000366210938,209.88999938964844,1122002
2025-09-16,212.8699951171875,213.5500030517578,210.50999450683594,212.6199951171875,1094845
2025-09-17,213.77999877929688,213.77999877929688,211.1199951171875,211.83999633789062,692834
2025-09-18,212.77999877929688,213.5,211.83999633789062,213.42999267578125,634172
2025-09-19,216.0,216.0,213.11000061035156,213.9199981689453,958875
2025-09-22,215.92999267578125,215.92999267578125,213.50999450683594,214.61000061035156,893264
2025-09-23,219.97000122070312,219.97000122070312,215.44000244140625,216.97999572753906,952429
2025-09-24,218.94000244140625,218.94000244140625,214.8699951171875,215.39999389648438,765588
2025-09-25,210.00999450683594,217.24000549316406,210.00999450683594,213.8000030517578,819989
2025-09-26,216.44000244140625,216.44000244140625,211.50999450683594,214.52999877929688,769938
2025-09-29,216.35000610351562,225.0,213.5399932861328,219.8300018310547,1048186
2025-09-30,223.24000549316406,223.47999572753906,218.25999450683594,222.3800048828125,1208570
2025-10-01,223.8800048828125,224.8699951171875,220.02999877929688,221.50999450683594,1543910
2025-10-03,223.83999633789062,230.99000549316406,220.5,229.61000061035156,1586437
2025-10-06,230.97999572753906,242.97000122070312,228.25999450683594,240.61000061035156,1941993
2025-10-07,242.97999572753906,253.9499969482422,241.8000030517578,250.25999450683594,2358345
2025-10-08,253.14999389648438,258.79998779296875,238.0,242.1199951171875,2954089
2025-10-09,247.74000549316406,253.5,239.52000427246094,241.75,2089732
2025-10-10,247.69000244140625,248.38999938964844,236.6999969482422,238.92999267578125,1729470
2025-10-13,239.0,239.0500030517578,227.0,233.6999969482422,3007782
2025-10-14,235.0,238.42999267578125,230.02999877929688,233.22000122070312,1685504
2025-10-15,240.22000122070312,240.22000122070312,230.5800018310547,233.22999572753906,1491479
2025-10-16,235.5,238.0,232.36000061035156,237.1199951171875,1110330
2025-10-17,237.0,237.74000549316406,234.13999938964844,236.2100067138672,1162508
2025-10-20,239.47999572753906,240.1999969482422,237.02000427246094,239.16000366210938,764892
2025-10-21,244.41000366210938,244.41000366210938,232.7100067138672,241.5399932861328,543181
2025-10-23,243.07000732421875,248.7899932861328,237.00999450683594,240.4600067138672,913168
2025-10-24,217.318603515625,217.318603515625,217.318603515625,217.318603515625,0
2025-10-27,242.0,246.05999755859375,237.55999755859375,245.2899932861328,1220066
2025-10-28,247.02000427246094,249.42999267578125,243.02000427246094,244.25,2191926
2025-10-29,246.6999969482422,248.44000244140625,240.60000610351562,241.6699981689453,1895978
2025-10-30,242.0,245.60000610351562,241.3300018310547,245.02000427246094,986178
2025-10-31,243.97999572753906,245.02000427246094,242.22000122070312,244.5500030517578,1195500
2025-11-03,246.0,247.75,243.6300048828125,245.44000244140625,1220245
2025-11-04,247.94000244140625,247.94000244140625,240.02999877929688,241.39999389648438,1928054
2025-11-06,240.39999389648438,242.99000549316406,235.60000610351562,238.47000122070312,1221748
2025-11-07,239.64999389648438,239.64999389648438,231.0500030517578,234.05999755859375,1476900
2025-11-10,235.47999572753906,242.5,234.0,239.8699951171875,1445640
2025-11-11,242.67999267578125,243.42999267578125,240.52999877929688,241.72999572753906,710084
2025-11-12,244.44000244140625,244.44000244140625,240.5500030517578,243.3699951171875,551630
2025-11-13,243.50999450683594,243.50999450683594,237.8000030517578,240.32000732421875,1157697
2025-11-14,238.1199951171875,238.85000610351562,234.77000427246094,237.27999877929688,1493483
2025-11-17,237.27999877929688,242.7100067138672,234.0,235.77999877929688,1241944
2025-11-18,236.47999572753906,236.47999572753906,230.58999633789062,234.27999877929688,1438357
2025-11-19,234.77999877929688,234.77999877929688,231.25999450683594,233.5500030517578,656119
2025-11-20,237.24000549316406,238.60000610351562,234.00999450683594,236.42999267578125,1431459
2025-11-21,237.7100067138672,238.69000244140625,230.66000366210938,232.4199981689453,1090201
2025-11-24,234.6300048828125,234.63999938964844,229.55999755859375,230.35000610351562,1022623
2025-11-25,233.05999755859375,233.99000549316406,230.39999389648438,230.89999389648438,755335
2025-11-26,232.49000549316406,234.8000030517578,230.82000732421875,232.74000549316406,924693
2025-11-27,233.6300048828125,234.47999572753906,230.39999389648438,232.10000610351562,903111
2025-11-28,234.44000244140625,234.44000244140625,230.5800018310547,231.75,1072872
2025-12-01,234.47999572753906,234.47999572753906,231.75,233.22000122070312,935478
2025-12-02,234.74000549316406,235.1999969482422,233.1300048828125,234.67999267578125,751333
2025-12-03,236.0,237.3000030517578,233.52000427246094,235.89999389648438,1050006
2025-12-04,236.63999938964844,236.8000030517578,233.6199951171875,235.30999755859375,485917
2025-12-05,235.30999755859375,237.0,234.05999755859375,234.5800018310547,714287
2025-12-08,236.47999572753906,236.8800048828125,234.86000061035156,236.0500030517578,671111
2025-12-09,241.9499969482422,241.9499969482422,231.0,234.50999450683594,745708
2025-12-10,237.39999389648438,237.39999389648438,232.72000122070312,233.6300048828125,637967
2025-12-11,233.6300048828125,235.97999572753906,231.4499969482422,232.47999572753906,903075
2025-12-12,234.83999633789062,234.83999633789062,231.5500030517578,233.42999267578125,746001
2025-12-15,235.19000244140625,235.52000427246094,230.75999450683594,234.5500030517578,829559
2025-12-16,236.22999572753906,236.22999572753906,232.66000366210938,234.39999389648438,452348
2025-12-17,235.97000122070312,235.97999572753906,233.10000610351562,234.24000549316406,484438
2025-12-18,233.0,234.0,232.05999755859375,233.50999450683594,447910
2025-12-19,232.5,235.97999572753906,232.5,234.8000030517578,667001
2025-12-22,234.8000030517578,236.97999572753906,233.6199951171875,234.82000732421875,886914
2025-12-23,236.7899932861328,236.83999633789062,233.5800018310547,234.39999389648438,551076
2025-12-24,234.39999389648438,235.99000549316406,233.6999969482422,234.08999633789062,626188
2025-12-26,236.44000244140625,236.44000244140625,232.27999877929688,233.5800018310547,894862
2025-12-29,234.74000549316406,234.74000549316406,229.77999877929688,230.47000122070312,1438380
2025-12-30,231.47999572753906,231.60000610351562,229.52000427246094,231.24000549316406,666429
2025-12-31,229.05999755859375,232.94000244140625,229.05999755859375,231.6300048828125,850833
2026-01-01,234.0,235.5,230.6199951171875,234.5399932861328,685936
2026-01-02,235.47000122070312,235.99000549316406,232.05999755859375,234.89999389648438,902135
2026-01-05,234.0,236.47999572753906,233.32000732421875,235.0,882832
2026-01-06,232.11000061035156,236.6300048828125,232.11000061035156,235.27999877929688,836446
2026-01-07,236.94000244140625,236.94000244140625,234.25999450683594,236.00999450683594,609542
2026-01-08,238.24000549316406,238.24000549316406,233.11000061035156,233.99000549316406,793435
2026-01-09,239.8300018310547,239.8300018310547,232.16000366210938,234.6699981689453,480174
2026-01-12,237.44000244140625,237.44000244140625,227.6300048828125,235.63999938964844,866586
2026-01-13,237.47999572753906,237.47999572753906,234.00999450683594,234.7899932861328,738168
2026-01-14,236.44000244140625,236.44000244140625,233.7100067138672,234.22999572753906,577508
2026-01-15,234.22999572753906,234.22999572753906,234.22999572753906,234.22999572753906,0
2026-01-16,236.44000244140625,236.44000244140625,234.02000427246094,235.5399932861328,741220
2026-01-19,234.05999755859375,236.89999389648438,232.47999572753906,233.1699981689453,1013777
2026-01-20,228.0,234.94000244140625,228.0,231.17999267578125,918100
2026-01-21,229.60000610351562,230.5,225.1199951171875,226.5,1505227
2026-01-22,230.0,237.19000244140625,223.0,235.74000549316406,1408914
2026-01-23,236.49000549316406,238.88999938964844,234.36000061035156,237.8800048828125,1520286
2026-01-27,238.0,239.85000610351562,236.0,236.52999877929688,1304941
2026-01-28,238.0,238.97999572753906,234.22999572753906,235.27999877929688,1314463
2026-01-29,236.77999877929688,236.77999877929688,233.02999877929688,233.86000061035156,1134511
2026-01-30,239.6999969482422,239.6999969482422,229.00999450683594,230.55999755859375,1354746
2026-02-02,229.0,239.5,223.13999938964844,225.44000244140625,1407622
2026-02-03,232.1999969482422,232.5,226.16000366210938,231.80999755859375,874474
2026-02-04,231.97999572753906,231.97999572753906,227.47999572753906,228.97999572753906,1283261
2026-02-05,228.0,228.47999572753906,223.5500030517578,225.10000610351562,1229012
2026-02-06,226.0,229.0,222.0,227.6999969482422,916340
2026-02-09,232.0800018310547,233.8800048828125,229.0800018310547,232.67999267578125,875829
2026-02-10,234.74000549316406,235.44000244140625,231.27000427246094,232.22000122070312,1011910
2026-02-11,233.3800048828125,235.36000061035156,232.00999450683594,234.8699951171875,512077
2026-02-12,236.0,236.0,230.14999389648438,231.8800048828125,1029055
2026-02-13,231.47999572753906,231.47999572753906,228.02999877929688,230.24000549316406,722814
2026-02-16,235.99000549316406,235.99000549316406,228.66000366210938,232.6699981689453,824201
2026-02-17,229.5,236.0,227.9600067138672,228.83999633789062,927332
2026-02-18,230.77999877929688,230.77999877929688,226.25999450683594,227.99000549316406,816726
2026-02-19,233.67999267578125,233.67999267578125,228.91000366210938,229.49000549316406,428649
2026-02-20,230.47999572753906,230.47999572753906,225.3300018310547,225.7899932861328,1086458
2026-02-23,231.42999267578125,231.42999267578125,226.02000427246094,229.32000732421875,676637
2026-02-24,228.97999572753906,229.25,226.02000427246094,228.3300018310547,579533
2026-02-25,227.32000732421875,230.99000549316406,227.32000732421875,229.69000244140625,432176
2026-02-26,233.0,233.0,226.5,227.1300048828125,1211345
2026-02-27,227.47999572753906,227.60000610351562,224.16000366210938,225.19000244140625,1005938
2026-03-02,230.80999755859375,230.80999755859375,216.0500030517578,222.92999267578125,1834532
2026-03-04,221.0,223.32000732421875,217.11000061035156,218.5800018310547,2320571
2026-03-05,222.47999572753906,222.60000610351562,217.13999938964844,219.22999572753906,1592893
2026-03-06,220.97999572753906,221.9499969482422,219.55999755859375,221.3800048828125,837610
2026-03-09,216.0500030517578,220.5,213.00999450683594,219.24000549316406,1468334
2026-03-10,224.72000122070312,224.72000122070312,219.6699981689453,223.97999572753906,801184
2026-03-11,227.6999969482422,227.6999969482422,220.30999755859375,222.27000427246094,919426
2026-03-12,216.7100067138672,224.97999572753906,216.7100067138672,223.82000732421875,587377
2026-03-13,218.22000122070312,223.38999938964844,216.86000061035156,219.52000427246094,1324852
2026-03-16,220.9499969482422,220.9499969482422,217.1999969482422,217.69000244140625,2259312
2026-03-17,214.0,223.97000122070312,214.0,218.97999572753906,879832
2026-03-18,220.77999877929688,226.60000610351562,219.36000061035156,225.2899932861328,825250
2026-03-19,226.0,226.4499969482422,221.05999755859375,223.1999969482422,817162
2026-03-20,228.3000030517578,228.3000030517578,222.05999755859375,225.9600067138672,637679
2026-03-23,231.60000610351562,231.60000610351562,217.86000061035156,219.17999267578125,1314993
2026-03-24,225.75999450683594,230.0,219.5500030517578,228.35000610351562,942502
2026-03-25,222.63999938964844,236.9499969482422,222.63999938964844,236.17999267578125,1757011
2026-03-27,235.60000610351562,236.0,229.4499969482422,231.72999572753906,1744552
2026-03-30,235.8800048828125,235.8800048828125,224.75,231.5399932861328,1057022
2026-04-01,235.0,239.1999969482422,231.89999389648438,238.57000732421875,1401560
2026-04-02,238.7899932861328,240.5,235.2100067138672,239.47000122070312,1272827
2026-04-06,239.0,244.8699951171875,236.0500030517578,242.17999267578125,1781798
2026-04-07,238.14999389648438,246.69000244140625,238.14999389648438,245.35000610351562,882888
2026-04-08,247.35000610351562,258.79998779296875,246.64999389648438,256.239990234375,2699670
2026-04-09,258.739990234375,259.8800048828125,253.47999572753906,254.3300018310547,1395486
2026-04-10,254.3300018310547,261.9599914550781,254.0500030517578,256.3800048828125,1691228
2026-04-13,259.29998779296875,259.29998779296875,250.6199951171875,255.0500030517578,1321659
2026-04-15,258.0,273.1499938964844,257.1000061035156,269.9599914550781,1967474
2026-04-16,265.54998779296875,277.510009765625,265.54998779296875,277.510009765625,1158019
2026-04-17,284.44000244140625,286.7799987792969,277.510009765625,286.7799987792969,1249508
2026-04-20,286.20001220703125,287.4700012207031,279.0299987792969,285.1600036621094,1514974
2026-04-21,289.45001220703125,290.010009765625,285.0400085449219,289.2200012207031,1393017
2026-04-22,289.75,289.7699890136719,287.1600036621094,289.7699890136719,458052
2026-04-23,289.7699890136719,289.8900146484375,288.1400146484375,289.8900146484375,712824
2026-04-24,295.8299865722656,295.8299865722656,284.04998779296875,293.1300048828125,1741682
2026-04-27,294.95001220703125,295.1000061035156,294.1499938964844,295.1000061035156,443444
2026-04-28,297.29998779296875,301.2900085449219,297.29998779296875,301.2900085449219,734236
2026-04-29,301.1099853515625,301.1099853515625,297.0199890136719,301.1000061035156,612187
2026-04-30,299.1700134277344,299.1700134277344,298.010009765625,299.1700134277344,606398
2026-05-01,299.1700134277344,299.1700134277344,299.1700134277344,299.1700134277344,0
2026-05-04,301.8699951171875,301.8699951171875,301.8699951171875,301.8699951171875,395230
2026-05-05,305.0400085449219,305.0400085449219,305.0400085449219,305.0400085449219,332623
2026-05-06,307.82000732421875,307.82000732421875,307.82000732421875,307.82000732421875,950488
2026-05-07,307.82000732421875,312.5,298.5899963378906,312.5,247441
2026-05-08,316.7699890136719,316.7699890136719,314.42999267578125,316.7699890136719,1264135
2026-05-11,315.1600036621094,315.1600036621094,315.1600036621094,315.1600036621094,407502
2026-05-12,323.3699951171875,323.3699951171875,323.3699951171875,323.3699951171875,533551
2026-05-13,327.1600036621094,327.1600036621094,320.0,327.1600036621094,1400312
2026-05-14,325.3900146484375,325.3900146484375,325.3900146484375,325.3900146484375,454937
2026-05-15,329.0400085449219,329.0400085449219,329.0400085449219,329.0400085449219,232391
2026-05-18,331.6199951171875,331.6199951171875,322.0,331.6199951171875,1445568
2026-05-19,326.82000732421875,327.2699890136719,326.82000732421875,327.2699890136719,300004
2026-05-20,327.0899963378906,327.0899963378906,327.0899963378906,327.0899963378906,740068
2026-05-21,325.739990234375,325.739990234375,325.739990234375,325.739990234375,368534
2026-05-22,332.1300048828125,332.1300048828125,332.04998779296875,332.1300048828125,747968
2026-05-25,330.70001220703125,330.70001220703125,330.70001220703125,330.70001220703125,161912
2026-05-26,330.3399963378906,330.3399963378906,330.3399963378906,330.3399963378906,1397307
2026-05-27,328.739990234375,328.739990234375,328.739990234375,328.739990234375,480322
2026-05-28,328.739990234375,328.739990234375,328.739990234375,328.739990234375,0
2026-05-29,335.82000732421875,336.1000061035156,333.5,336.1000061035156,512620
2026-06-01,335.8299865722656,335.8299865722656,335.8299865722656,335.8299865722656,228292
2026-06-02,337.3999938964844,337.3999938964844,337.3999938964844,337.3999938964844,292414
2026-06-03,339.3599853515625,339.3599853515625,339.3599853515625,339.3599853515625,704780
2026-06-04,341.9800109863281,341.9800109863281,330.8699951171875,341.9800109863281,608997
2026-06-05,342.54998779296875,342.54998779296875,342.010009765625,342.54998779296875,1075827
2026-06-08,339.75,341.0,315.54998779296875,330.8900146484375,3628862
2026-06-09,321.9800109863281,321.9800109863281,321.9800109863281,321.9800109863281,465060
2026-06-10,329.6700134277344,329.6700134277344,323.6600036621094,324.3999938964844,1687625
2026-06-11,324.75,324.75,316.69000244140625,321.6400146484375,1132666
2026-06-12,318.0299987792969,318.0299987792969,318.0299987792969,318.0299987792969,575233
2026-06-15,330.19000244140625,330.19000244140625,330.19000244140625,330.19000244140625,506488
2026-06-16,330.07000732421875,330.07000732421875,330.07000732421875,330.07000732421875,234114
2026-06-17,338.70001220703125,338.70001220703125,333.0199890136719,333.30999755859375,1660908
2026-06-18,331.8299865722656,331.8299865722656,328.0400085449219,331.760009765625,1198098
2026-06-19,328.4100036621094,328.4100036621094,328.4100036621094,328.4100036621094,201525
2026-06-22,332.32000732421875,335.94000244140625,332.32000732421875,335.94000244140625,254575
2026-06-23,332.5799865722656,335.8900146484375,332.5799865722656,333.5,1579121
2026-06-24,334.70001220703125,336.29998779296875,333.5,336.29998779296875,915832
2026-06-25,325.82000732421875,325.82000732421875,325.82000732421875,325.82000732421875,234856
2026-06-26,325.82000732421875,325.82000732421875,325.82000732421875,325.82000732421875,0
2026-06-29,324.2200012207031,324.2200012207031,324.2200012207031,324.2200012207031,462412
2026-06-30,325.7200012207031,325.7200012207031,325.7200012207031,325.7200012207031,97609
2026-07-01,329.9100036621094,329.9100036621094,329.9100036621094,329.9100036621094,135035
2026-07-02,335.8999938964844,335.8999938964844,335.010009765625,335.8999938964844,1444814
2026-07-03,332.7799987792969,332.7799987792969,332.7799987792969,332.7799987792969,598561
2026-07-06,327.9100036621094,327.9100036621094,327.9100036621094,327.9100036621094,293841
2026-07-07,327.2799987792969,327.2799987792969,327.2799987792969,327.2799987792969,409068
2026-07-08,331.989990234375,332.1000061035156,322.1099853515625,324.70001220703125,1525035
2026-07-09,324.8500061035156,324.8500061035156,324.8500061035156,324.8500061035156,330518
2026-07-10,327.7300109863281,327.7300109863281,327.7300109863281,327.7300109863281,354066
2026-07-13,332.3699951171875,332.3699951171875,332.3699951171875,332.3699951171875,388885
2026-07-14,333.239990234375,333.239990234375,332.3699951171875,333.239990234375,1262927
2026-07-15,328.04998779296875,328.04998779296875,328.04998779296875,328.04998779296875,97520
2026-07-16,333.6099853515625,333.6099853515625,333.6099853515625,333.6099853515625,290236
2026-07-17,330.2699890136719,332.8999938964844,330.2699890136719,332.8999938964844,444480
2026-07-20,327.9599914550781,327.9599914550781,327.9599914550781,327.9599914550781,225370
2026-07-21,322.80999755859375,322.80999755859375,322.80999755859375,322.80999755859375,380379
2026-07-22,323.44000244140625,323.44000244140625,323.44000244140625,323.44000244140625,94192
2026-07-23,328.8399963378906,328.8399963378906,328.8399963378906,328.8399963378906,417324
2026-07-24,328.1499938964844,328.1499938964844,323.75,328.1499938964844,1012670
2026-07-27,322.1099853515625,322.1099853515625,322.1099853515625,322.1099853515625,202173
2026-07-28,318.4599914550781,318.4599914550781,318.4599914550781,318.4599914550781,331097
2026-07-29,315.3599853515625,315.3599853515625,315.3599853515625,315.3599853515625,573197
2026-07-30,312.19000244140625,312.19000244140625,312.19000244140625,312.19000244140625,563208
2026-07-31,305.17999267578125,305.17999267578125,305.17999267578125,305.17999267578125,255214
2026-08-03,315.45001220703125,315.45001220703125,315.45001220703125,315.45001220703125,210240
2026-08-04,316.3500061035156,316.3500061035156,316.3500061035156,316.3500061035156,284139
2026-08-05,321.82000732421875,321.82000732421875,321.82000732421875,321.82000732421875,172348
2026-08-06,332.5799865722656,332.5799865722656,327.32000732421875,332.3599853515625,1424604
2026-08-07,328.989990234375,328.989990234375,328.989990234375,328.989990234375,126431
2026-08-10,328.0799865722656,328.0799865722656,328.0799865722656,328.0799865722656,112568
2026-08-11,331.95001220703125,331.95001220703125,331.95001220703125,331.95001220703125,369483
2026-08-12,331.1600036621094,331.1600036621094,331.1600036621094,331.1600036621094,105204
2026-08-13,330.54998779296875,330.54998779296875,330.54998779296875,330.54998779296875,205118
2026-08-14,332.6000061035156,332.6000061035156,332.6000061035156,332.6000061035156,127466
2026-08-17,336.80999755859375,336.80999755859375,336.80999755859375,336.80999755859375,232753
2026-08-18,336.3299865722656,336.3299865722656,336.3299865722656,336.3299865722656,399022
2026-08-19,336.3800048828125,336.3800048828125,327.9200134277344,336.3800048828125,966987
2026-08-20,330.989990234375,330.989990234375,330.989990234375,330.989990234375,335996
2026-08-21,330.510009765625,330.510009765625,330.0,330.510009765625,346898
2026-08-24,327.9800109863281,327.9800109863281,327.9800109863281,327.9800109863281,446203
2026-08-25,329.04998779296875,329.04998779296875,327.9800109863281,329.04998779296875,504985
2026-08-26,326.0,326.0,326.0,326.0,92920
2026-08-27,326.94000244140625,326.94000244140625,326.94000244140625,326.94000244140625,95399
2026-08-28,327.1000061035156,327.1000061035156,327.1000061035156,327.1000061035156,337871
2026-08-31,332.20001220703125,332.20001220703125,332.20001220703125,332.20001220703125,462295
2026-09-01,329.32000732421875,329.32000732421875,329.32000732421875,329.32000732421875,112323
2026-09-02,328.05999755859375,328.8299865722656,326.760009765625,328.8299865722656,563732
2026-09-03,323.8599853515625,323.8599853515625,323.8599853515625,323.8599853515625,418043
2026-09-04,324.6700134277344,324.6700134277344,324.6700134277344,324.6700134277344,70173
2026-09-07,332.7799987792969,339.989990234375,327.8399963378906,336.3500061035156,1288381
2026-09-08,339.7099914550781,349.0,331.3999938964844,344.70001220703125,1241705
2026-09-09,353.30999755859375,354.8999938964844,335.1600036621094,340.57000732421875,1496649
2026-09-10,349.0,349.0,329.010009765625,333.2099914550781,1232723
2026-09-11,331.0,338.0,324.8699951171875,332.8299865722656,624312
2026-09-14,332.8299865722656,332.8299865722656,332.8299865722656,332.8299865722656,0
2026-09-15,338.44000244140625,342.80999755859375,330.0199890136719,330.6199951171875,785006
2026-09-16,338.8800048828125,338.8800048828125,325.1000061035156,326.7699890136719,688291
2026-09-17,332.0,333.75,318.0199890136719,322.42999267578125,1275524
2026-09-18,328.44000244140625,330.989990234375,325.010009765625,330.3299865722656,750532
2026-09-21,338.5799865722656,340.7900085449219,327.510009765625,330.239990234375,1631814
2026-09-22,338.489990234375,339.70001220703125,320.4200134277344,324.95001220703125,1056991
2026-09-23,333.07000732421875,333.07000732421875,320.54998779296875,327.3699951171875,780598
2026-09-24,328.0,328.3900146484375,320.0,322.79998779296875,729468
2026-09-25,322.79998779296875,329.0,322.54998779296875,324.1099853515625,508774
2026-09-28,329.0,329.0,322.0,323.8599853515625,603575
2026-09-29,320.6199951171875,328.0,318.17999267578125,319.6400146484375,1057693
2026-09-30,319.6400146484375,323.6000061035156,316.44000244140625,321.0799865722656,470889
2026-10-01,327.44000244140625,327.44000244140625,320.0400085449219,321.4599914550781,890317
2026-10-02,321.4599914550781,321.4599914550781,321.4599914550781,321.4599914550781,0
