Date,Open,High,Low,Close,Volume
2019-10-03,61128.72731593768,61327.93471888985,60473.20719884087,60741.0390625,5960
2019-10-04,61243.93818983812,61243.93818983812,59797.22399820541,60214.66015625,4320
2019-10-07,60264.7163195465,60827.947202199786,59880.335945244515,60438.7265625,3561
2019-10-09,60523.10240568573,60770.52716589236,59567.63646520355,60459.46875,6263
2019-10-10,60473.20294876091,60659.95842845562,60015.55475502988,60447.51171875,3047
2019-10-11,60522.61750846196,61152.59697092424,60324.99263496494,60989.703125,4974
2019-10-14,60989.99586186047,61972.73565145022,60909.31705711585,61260.39453125,4294
2019-10-15,61411.92483873607,62546.19117125824,61038.41385580699,62279.00390625,4999
2019-10-16,62281.47792648758,62860.46861875508,61885.68394519519,62149.95703125,3660
2019-10-17,62149.059922288965,64931.22397445608,61911.910113376645,64131.13671875,7039
2019-10-18,64129.25721896368,64313.986256499935,63042.320655930394,63259.4609375,4473
2019-10-22,63630.20182368193,63980.93570421498,63269.63688023586,63448.734375,3206
2019-10-23,63524.52828606484,63776.44977775838,63107.98375944201,63557.43359375,5771
2019-10-24,63882.23671616106,63931.6429317188,62306.17843986907,62726.328125,8461
2019-10-25,63071.96449330583,63220.183115803025,62276.871939967365,62534.03125,5263
2019-10-27,62991.92961627247,62991.92961627247,62263.5354062967,62572.32421875,534
2019-10-29,62823.94713343124,64820.946097816726,62582.00338442547,64397.1875,10839
2019-10-30,64475.09982582586,64672.724652878205,63342.165326569586,64122.63671875,5400
2019-10-31,64425.69648261291,65512.633079712214,64331.92504195265,64893.8203125,7189
2019-11-01,65206.32524023307,65705.92245081565,63916.22855712151,64194.2890625,7154
2019-11-04,64525.49389588118,64929.59034725082,63437.56922735596,63675.06640625,5008
2019-11-05,63969.18666804673,64426.54151375033,62480.477152987056,63097.4140625,5484
2019-11-06,63121.373084372084,63401.15890406048,62612.53930609681,62882.0,3245
2019-11-07,62997.85726610841,63162.773648251954,62558.192183001534,62768.21875,2116
2019-11-08,62925.1375468587,64712.260708098176,62109.24408052456,63689.0078125,15991
2019-11-11,63240.9366288559,63338.76092419905,62202.41809950593,62336.01171875,7175
2019-11-13,62627.314569430004,62627.314569430004,61658.95281054642,62211.4609375,4688
2019-11-14,62319.80982590822,62943.51306407818,62039.67660842523,62865.9453125,3395
2019-11-15,62991.98220678908,63694.73539266332,62560.418945977246,63191.0390625,3201
2019-11-18,63349.046210000866,63930.65775026359,63091.74017147607,63628.8359375,3043
2019-11-19,63674.72598981168,63675.270230115435,62666.839265578164,62784.7734375,2672
2019-11-20,63090.74441891492,63350.57091510608,62004.99273514308,62309.58203125,2999
2019-11-21,62353.59724240165,62679.8905719689,61707.53019658818,61806.64453125,3752
2019-11-22,61806.15243835148,62353.59925270966,61760.7467462451,61910.2578125,3155
2019-11-25,61910.9041857702,63197.50313312819,61910.9041857702,63104.76171875,5750
2019-11-26,63109.55978871993,63703.20369450672,62189.32526976205,62346.05078125,4604
2019-11-27,62353.614453050606,62744.93032188433,62107.559777950606,62258.75,4315
2019-11-28,62452.428998947835,63538.32894586276,62069.01851711885,63225.7734375,4581
2019-11-29,63099.7309098831,63357.79031054409,62452.528864670756,62647.1484375,2797
2019-12-02,62647.144628194306,62845.22278865905,61810.11337600729,61981.1171875,4456
2019-12-03,62135.265282411216,62298.46020739087,61198.87273614329,61327.58203125,4973
2019-12-04,61327.57837589648,61815.144318951374,60821.93198951306,61357.62109375,4926
2019-12-05,61642.118308549994,61857.39294448022,60846.690687925395,61029.69921875,7439
2019-12-06,61452.290856788226,62007.743438041165,60528.84486088624,60805.3359375,6126
2019-12-09,60640.11280357945,62350.78380266266,60527.46128874048,61751.2109375,3917
2019-12-10,61661.886780483714,61720.138704399746,60797.28710636135,61335.890625,3345
2019-12-11,61563.064683452176,61611.43489083758,60874.60659245993,61316.21875,2791
2019-12-12,61365.43351939894,62205.37906676591,61327.7826514347,61950.53125,2718
2019-12-13,62057.15918452546,63341.781906498116,62057.15918452546,63170.1875,4829
2019-12-16,62847.692078734086,64082.90615260858,62847.692078734086,63494.203125,5929
2019-12-17,63493.94893251453,64230.680703786114,63123.38475207919,63938.37890625,3451
2019-12-18,63838.97201231176,64161.907139041745,63242.95808493974,63368.35546875,8346
2019-12-19,63489.9935950474,63614.99724002442,62974.21845799873,63322.0546875,3274
2019-12-20,63322.06869197045,63626.32509894618,62707.27558604278,63010.94140625,4087
2019-12-23,62847.691302643616,63144.14267671269,62637.80527382028,62927.6328125,3576
2019-12-24,62863.500508946854,63144.14113621894,62699.36372482406,62859.30078125,2205
2019-12-26,62859.55082092079,62995.91845616708,62053.6469697445,62394.86328125,3506
2019-12-27,62550.853054458894,65812.01152856681,62454.506347334864,64863.02734375,8889
2019-12-30,65218.31768637621,66197.59544554225,64725.22020724014,65468.71875,9010
2019-12-31,65215.05937350675,65791.45660142106,65013.76579282799,65545.6953125,6007
2020-01-01,65415.95504217358,66152.1426961626,65318.12607875759,65919.96875,4235
2020-01-02,65919.95790169356,66914.95364395513,65482.15174620759,66506.4375,6603
2020-01-03,66602.75549410385,66668.6155769952,65466.35833062879,65795.8671875,5527
2020-01-06,65231.46013632362,65394.11468359573,64349.86461561838,64734.06640625,10446
2020-01-07,64971.271960410224,65728.2574636125,64329.94881477598,64561.28125,10835
2020-01-08,64033.49869817862,64466.21735601181,63539.41306007539,64104.203125,7222
2020-01-09,65021.67405719665,66355.70536384126,64745.77739156464,66126.15625,9491
2020-01-10,65935.72498199194,67294.46041624056,65544.94958306696,66695.28125,9439
2020-01-13,66693.66698600558,67096.84093447785,65960.44377579377,66223.9921875,5981
2020-01-14,65911.9967440938,66701.54540751012,65665.94215436833,65907.15625,8147
2020-01-15,66007.86441953332,66127.03941857946,65040.985153449474,65487.79296875,7937
2020-01-16,65712.39448411115,66355.69391431546,65117.515441126525,66266.1640625,9044
2020-01-17,66662.04220647515,69171.99754600148,66345.7810400165,68493.0234375,22381
2020-01-20,68243.10460630266,69389.63026687987,67436.75688897363,67700.3515625,9587
2020-01-21,67590.895242919,67739.12089038154,66787.41187255655,67126.6015625,3847
2020-01-22,67649.22401299627,67986.19045113343,66722.46594696403,67048.5625,4575
2020-01-23,67689.74490039486,69172.00208799474,67334.00317537088,69052.0859375,9651
2020-01-24,68787.57623821021,69987.856682352,68677.88924962448,69574.5078125,8680
2020-01-27,69458.5726505309,69764.90580633777,68955.59337212544,69477.6953125,7624
2020-01-28,69750.0657056798,70160.11044228853,68521.81519724557,69038.2890625,5883
2020-01-29,69260.8969684334,69764.86411715506,69171.96158924722,69540.1015625,4712
2020-01-30,69704.61139531113,69764.88984120793,68678.88964382141,68992.734375,6362
2020-01-31,69022.75128453995,69764.86765291587,68498.23324296833,68850.5625,4805
2020-02-03,67877.48321461883,69061.31237302782,67195.64505159529,68640.9921875,6669
2020-02-04,68826.14638227395,71048.54413121485,68826.14638227395,70832.28125,12327
2020-02-05,70832.26542259974,72695.51644823454,70832.26542259974,71534.5078125,10788
2020-02-06,71740.25381982981,72235.32767985179,70417.09234563938,70788.9921875,5926
2020-02-07,71048.53105911326,71049.51923045164,69538.85229688346,70121.0859375,5974
2020-02-10,70644.37927026703,72630.60394970803,68974.3694651649,72381.484375,29310
2020-02-11,72334.14037954842,72630.59177454657,70269.85049904464,70537.3515625,13405
2020-02-12,70906.25250122022,71948.0787214139,70555.45158646957,70828.140625,5903
2020-02-13,71115.69516873382,71115.69516873382,70062.40535031594,70679.0703125,5184
2020-02-14,70950.69369894208,71661.38952943229,70258.97384393847,70949.90625,7017
2020-02-17,70950.67684055025,71477.37197642788,70357.77424856793,70456.390625,3950
2020-02-18,70657.21543887244,70657.21543887244,68705.49515227422,68872.109375,9604
2020-02-19,69461.46123359677,69606.87516853759,68680.77330680005,69134.65625,5731
2020-02-20,69134.66090960796,70392.95668639678,68928.91967183688,69955.078125,8466
2020-02-24,70052.44108629324,70052.44108629324,67692.73519947397,68062.875,4295
2020-02-25,68285.51150277509,68976.17195564308,67692.58376179586,68318.5703125,6211
2020-02-26,68319.11176392355,68585.88292887704,67050.2463792376,67336.828125,5155
2020-02-27,67376.35744442685,67534.42519045724,65944.14353575728,66763.125,6856
2020-02-28,65617.33394678718,66503.41346420138,64545.122992988036,65610.6171875,11768
2020-03-02,66102.54639083213,66799.13609147449,64778.34115898157,65198.625,6419
2020-03-03,66011.63893488613,67750.25298754078,64826.77157036078,66942.2421875,8202
2020-03-04,66477.0713094715,66900.81384606512,65320.86239863336,66262.9765625,8187
2020-03-05,66506.78805706803,67366.38676753767,66022.02320826669,66531.59375,5745
2020-03-06,65606.46378955328,65716.35614813073,63105.84132135486,65566.09375,9851
2020-03-09,65024.40875144991,65024.40875144991,62309.24362887596,63504.390625,9596
2020-03-11,63443.2730089965,64913.0390788727,61963.91818509513,62840.31640625,15621
2020-03-12,61270.18929891246,62146.93103015324,57316.34940302451,59841.48046875,17336
2020-03-13,55369.561019211265,65518.50607841704,55369.561019211265,65152.2265625,15213
2020-03-16,61269.19849067646,63146.65627270283,59598.180695172465,60572.55859375,11325
2020-03-17,60572.55761777111,62998.37314312031,59638.69646227463,61408.23828125,14677
2020-03-18,62158.540905836904,62647.856836865205,58502.20337743339,59214.8515625,12224
2020-03-19,58255.14916784703,59164.30501575914,56279.217517955425,57122.41015625,18081
2020-03-20,57513.93293823197,60390.77085508489,56856.524394053515,58293.6328125,12332
2020-03-23,55246.03841222562,56326.99656335966,50892.96088417171,51357.66796875,20514
2020-03-24,54351.69492249208,54351.69492249208,49326.734039094685,51977.7109375,15772
2020-03-25,49564.36142670381,57019.88333841471,49564.36142670381,55912.34375,16480
2020-03-26,55932.848673066066,60026.66719180107,54252.88678712592,54691.40625,16474
2020-03-27,57257.051859048275,57513.98719704193,52987.9723969998,55706.79296875,15883
2020-03-30,54055.23990029151,54618.52119358523,52892.01307491774,53734.76171875,39105
2020-03-31,53956.41732133547,58612.87590042216,53483.11358648927,57478.8515625,25755
2020-04-01,57217.52209724703,57217.52209724703,54030.979686541206,54459.2734375,20661
2020-04-03,54944.63016858193,55537.55783227166,53857.59611848408,54413.21875,33126
2020-04-07,55834.0241921775,57403.30614646383,55394.319671045145,57020.91796875,18689
2020-04-08,55932.84486490505,58798.662004626334,55636.381022864916,56498.84375,15231
2020-04-09,57908.27195468123,59747.385843349926,57020.06567003977,59310.4453125,17979
2020-04-13,58798.66328165646,59126.15546886032,56427.94070665321,56722.625,13752
2020-04-15,57810.458322720326,57810.458322720326,56090.96776748044,56740.96484375,17187
2020-04-16,56713.5319643878,61269.192921973234,56340.08789548297,59729.45703125,22062
2020-04-17,60816.48788229965,61605.182011615776,60280.97694431444,60911.75390625,15847
2020-04-20,61269.20008674899,61269.20008674899,60429.21911781775,60660.4609375,9847
2020-04-21,59786.86937667492,60077.01017445963,57811.13491959595,58170.89453125,12668
2020-04-22,58181.0289259467,58788.67943598843,57147.35833135578,57535.67578125,14951
2020-04-23,57856.90213622266,58642.3847239622,57810.45612873462,58020.3046875,8688
2020-04-24,57538.69667744153,58502.20426456914,57316.348772719764,58112.25390625,8119
2020-04-27,58996.30077488918,59579.34629343499,58112.2441106524,58508.66796875,7821
2020-04-28,59095.1226442186,59095.1226442186,57859.85670265884,58379.359375,6233
2020-04-29,58403.37467035653,59045.71297045351,58205.73211648053,58505.8515625,8035
2020-04-30,59095.126542164646,61071.552179026345,58798.61251395321,59797.3984375,18800
2020-05-04,58798.61953547277,58798.61953547277,57019.886432569525,57303.80078125,9677
2020-05-05,57955.715941964285,58650.42953869047,56822.23586309524,57069.2890625,9615
2020-05-06,57662.220000052206,58097.03365557959,56525.8755839281,57674.76953125,8360
2020-05-07,57316.35033556432,58304.563272384396,57316.35033556432,58137.60546875,7492
2020-05-08,58207.703983035004,59078.36954734558,57761.03184625982,58180.921875,9752
2020-05-11,58329.25584365804,58749.24624998679,57598.966643006395,58098.2109375,12163
2020-05-12,57810.449607010196,57938.81690743965,56643.2235860787,56952.78125,8170
2020-05-13,58156.321812244,59490.40905857415,57535.23008311919,58942.09765625,16232
2020-05-14,57984.38006400507,58428.087655673524,57242.62591790383,57447.38671875,6586
2020-05-15,58058.491686152935,58058.491686152935,57093.99596887689,57450.296875,8049
2020-05-18,57548.571159485495,57810.397363123935,55488.14751618632,55691.76953125,9020
2020-05-19,56179.89928044498,56723.41633592862,55932.84607340697,56158.35546875,6472
2020-05-20,56525.7634070463,56723.405936441566,56076.17683534555,56623.49609375,7045
2020-05-21,56722.4352262751,57573.2865778635,56624.602144036704,56774.31640625,4818
2020-05-22,56633.92634408987,57207.634007180786,56328.12469181732,56757.109375,4096
2020-05-26,57153.09766043172,57513.94206599864,56520.984946681005,57045.6796875,6257
2020-05-27,57143.40177169044,57513.98154971697,56822.23263073412,57394.2109375,5430
2020-05-28,57268.90474951907,58255.14106474581,57268.85456684083,57777.04296875,6482
2020-05-29,57662.71929727005,58650.932239700196,57662.71929727005,58416.33203125,7484
2020-06-01,58798.664942932344,61535.96437187719,58665.85067914384,60721.77734375,11453
2020-06-02,61268.20834918558,62987.154415206045,60930.93053219878,61953.43359375,11885
2020-06-03,62751.469474255005,63415.89596702027,60408.71390534025,61016.46484375,14523
2020-06-04,61115.27762786971,61751.339233476654,59994.397293005735,60922.08203125,11209
2020-06-05,60977.677577601324,63091.464990914494,60795.94676763617,62777.41015625,13614
2020-06-08,62949.15521574534,64382.06377246168,62811.89400222239,63487.13671875,15854
2020-06-09,64204.19286382507,64204.19286382507,62800.93052941486,63239.84375,12490
2020-06-10,63235.74479425682,63635.1295020666,62505.355080500194,63044.37890625,7412
2020-06-11,62949.1122727819,63344.39743733744,61961.096231934,62143.71875,7919
2020-06-12,60280.99160281654,63344.45183181213,58798.672137173504,62977.875,11399
2020-06-15,64184.43607739923,64726.96502900034,61763.31416223945,62251.09765625,16231
2020-06-16,62973.85238248625,63734.77613822598,61345.77200900416,61921.703125,9122
2020-06-17,62008.38127126568,62751.51735075812,61633.89877558935,62226.03515625,7254
2020-06-18,62146.73847487987,62603.29287596425,61961.99282856039,62257.12109375,4653
2020-06-19,62357.215796988414,62843.36631116019,61960.942464797285,62207.3046875,7143
2020-06-22,62455.05696754693,64431.48282095031,62455.05696754693,63999.38671875,11458
2020-06-23,64243.71319858807,64876.70981030553,63399.48224372029,63771.98828125,8282
2020-06-24,64266.103662159156,65093.58529807951,62836.90072095151,63372.21875,9738
2020-06-25,63403.73176978013,64727.93689090708,63117.15006446161,64045.72265625,7199
2020-06-26,64243.373056338714,66210.26414121952,64243.373056338714,65674.359375,15913
2020-06-29,65617.33450941816,66013.40713919533,64065.89048758807,64428.4140625,19328
2020-06-30,65696.38063084823,66926.70544861909,64974.98535617135,66481.515625,24297
2020-07-01,66012.61132226825,66012.61132226825,64826.75602905385,65060.76171875,13670
2020-07-02,65617.3405666862,66012.62575082286,65024.4127904812,65313.8125,9523
2020-07-03,65519.48799863264,65814.91726343395,65039.6644266,65360.6328125,8136
2020-07-06,65815.96277858339,66753.7767555038,65567.92135792268,66539.875,10688
2020-07-07,66539.87277598714,66714.24601241002,64826.7595676803,66070.71875,11291
2020-07-08,66210.26817625464,66653.62837571334,64234.53323757467,64517.65625,16872
2020-07-09,65167.606324473505,65419.70100642247,64283.25604936226,64565.73828125,11634
2020-07-10,65023.415738127675,65023.415738127675,63754.55046954068,64102.6484375,12530
2020-07-13,64332.647906673934,64924.48695907861,63591.48836857861,63911.125,8442
2020-07-14,64036.19110659047,64125.13026090518,62860.36453182619,63636.953125,10422
2020-07-15,63914.642640555205,64431.42777956233,62711.98759945009,62924.80078125,12777
2020-07-16,63245.63193195011,63376.81720755896,61695.47315525084,62789.02734375,11199
2020-07-17,63244.592196322614,65094.43038596471,62635.605948630204,64590.14453125,13834
2020-07-20,64727.94689818729,65073.32731713258,63957.24117836318,64276.13671875,10937
2020-07-21,65024.40692607811,65123.22821319981,64481.13690012657,64847.6171875,10307
2020-07-22,64816.873096235504,64816.873096235504,63498.4004411537,63648.55859375,14416
2020-07-23,64029.81335615765,64029.81335615765,62356.22487203969,62610.54296875,13509
2020-07-24,62454.06486248839,63047.98079442332,61960.94664279533,62234.1875,15917
2020-07-27,62830.57401278755,62830.57401278755,60878.853602670286,61201.60546875,14479
2020-07-28,61466.64211811193,62257.40926502096,61275.125696617295,61471.6796875,14267
2020-07-29,61664.488590154135,62059.77377342435,60824.50757570492,61086.484375,9789
2020-07-30,61269.19803013314,61664.38281334489,59985.21227421197,60323.625,12271
2020-07-31,60478.6210821318,60873.906187243774,59887.669849989405,60328.95703125,11425
2020-08-03,60280.98633461268,61071.556647197765,60085.56723547055,60255.93359375,9152
2020-08-04,60775.08701544761,60972.729574847435,60285.08015597308,60547.8984375,15026
2020-08-05,60676.25875800541,61170.36509968298,60429.20558716663,60793.90625,9425
2020-08-06,60775.092592739995,61120.96710343038,60379.80743766526,60622.7109375,4610
2020-08-07,60528.03077975048,62514.33840207372,60528.03077975048,61963.70703125,29581
2020-08-10,62057.78756397705,62800.92359136822,60972.72990696175,61133.80859375,9740
2020-08-11,61466.84537661574,61753.4271315871,60666.39288859229,60736.01171875,9749
2020-08-12,60913.43421071311,61170.22283915072,60626.85251179833,60908.24609375,11449
2020-08-13,61170.37826511492,63593.72333943848,60676.271817092995,63222.40234375,29507
2020-08-14,63245.618247298924,63838.54591836735,60478.62244897959,60709.6171875,49738
2020-08-17,61465.85658623211,61548.024948018385,59233.87729836471,59439.08203125,32399
2020-08-18,59984.51496333391,60162.343078733415,59292.76602635971,59495.84375,21461
2020-08-19,59865.9351892489,60004.28498995037,58901.53980115606,59132.484375,25319
2020-08-20,59291.14553351175,59589.2384134326,58537.43245964285,58805.8828125,27828
2020-08-21,59282.887065783136,59441.00111696709,58625.82590591435,58924.3125,31493
2020-08-24,59292.76803802316,59823.93241836378,58803.65288439075,58896.05078125,22258
2020-08-25,59240.39699813894,59441.004211020685,58371.016724578745,58587.58203125,23315
2020-08-26,58551.60847698728,59042.00907963209,58551.60847698728,58637.3359375,19075
2020-08-27,59081.29072902489,59094.13749548322,58403.376745147216,58617.375,12994
2020-08-28,58699.846490155476,59291.7860195764,58453.781477090684,58877.578125,16940
2020-08-31,59291.78574202513,59291.78574202513,56842.0561474738,57303.9453125,17715
2020-09-01,57810.453886569834,58007.0580683872,56921.06228831491,57657.578125,14263
2020-09-02,57721.5130647608,58403.23324927697,57316.34579277738,57896.1796875,12907
2020-09-03,58048.60915763333,58302.57985192713,57617.20407977901,57802.64453125,8086
2020-09-04,57563.39558151815,58106.91262134365,56886.913737454095,57736.7265625,11067
2020-09-07,57736.73244720938,58161.220070619456,57316.34822345997,57686.13671875,12599
2020-09-08,57810.44886749403,57810.44886749403,57365.753106974844,57526.484375,9805
2020-09-09,57513.98642161592,58358.85820440559,57184.91155085307,58070.89453125,12863
2020-09-10,58171.15179976744,58698.85748329884,58008.09667283358,58437.03125,9822
2020-09-11,58403.38013993504,58699.84399851339,57756.988562865445,58528.5859375,14081
2020-09-14,58624.939715031884,59189.06617025392,57605.265304879074,57921.99609375,17430
2020-09-15,58001.32822714073,58793.155233654594,57605.41472388379,57811.734375,40617
2020-09-16,58001.325151887446,59238.55478396696,57910.70968036542,58965.32421875,23565
2020-09-17,58704.068794948624,59167.28754720012,58550.20769847887,58922.6640625,12214
2020-09-18,58991.94664296431,59357.32371992599,57932.777644156384,58348.33984375,17210
2020-09-21,58348.34500893769,58476.32094932024,57274.82405260127,57565.078125,23226
2020-09-22,57565.82388706375,57754.130248730085,56813.588224165396,57119.9765625,9817
2020-09-23,57407.456187785676,57724.18698054587,56219.71571493494,56627.01171875,11256
2020-09-24,56417.23040010022,56514.77436414353,54735.04261636785,55050.63671875,10032
2020-09-25,55338.81089094312,57407.45898184047,55131.99634431073,56874.41015625,12635
2020-09-28,57209.49686931849,58842.589683585145,57209.49686931849,58700.65625,12997
2020-09-29,59168.087397643954,59278.15058070489,57581.41373593993,58854.87109375,17381
2020-09-30,58694.17150263372,59388.00985378627,58100.30130193254,58963.58984375,16827
2020-10-01,58961.42207737984,60074.928873368626,58793.158828208194,59959.421875,15857
2020-10-05,60178.83723532797,60608.353014991684,59683.94548174797,59907.2421875,16527
2020-10-06,60178.85048045879,60475.785597961054,59462.59503439415,59654.21484375,9028
2020-10-07,59872.01853784038,60465.59107449318,59344.26662001326,59982.4296875,10706
2020-10-08,60108.52790914981,60475.78794785292,58991.11230265195,59560.5859375,9954
2020-10-09,60057.99250294853,60057.99250294853,57944.55693919033,58184.33203125,12645
2020-10-12,58692.19428484485,58692.19428484485,57579.727660115954,57988.55859375,9057
2020-10-13,57605.51015580877,58831.94878228601,57605.51015580877,57991.375,15742
2020-10-14,58100.30998104754,58544.722914292695,57407.46131006401,58301.78125,16274
2020-10-15,58397.2410502533,58641.122218882,57555.92486563101,57857.4609375,9112
2020-10-16,57753.87845444934,58278.61073246461,57268.934707602035,57420.421875,7262
2020-10-19,57705.32973791317,59486.00089230141,57506.433474920326,59396.7734375,21961
2020-10-20,58645.675419365194,59730.77608904476,58645.675419365194,59315.1171875,14375
2020-10-21,59387.0287627072,60969.69307923335,59387.0287627072,60418.828125,32354
2020-10-22,60418.81694038966,61804.6648090185,60213.13912891421,61614.37890625,24154
2020-10-23,61614.030233033634,63331.304810612965,61495.94827411376,62969.14453125,31802
2020-10-26,63148.19598643069,63662.78295232864,62221.70824054313,62633.953125,30884
2020-10-27,63886.59803093563,68897.33313221733,62853.364060407876,67505.84375,88721
2020-10-28,67505.82097155084,67505.82097155084,64692.31063989934,66161.640625,46839
2020-10-29,65325.71760382783,68213.36486089078,64495.18863848229,66610.8046875,50267
2020-10-30,67055.86750085179,67750.69567268857,63940.07861096708,64636.09375,51521
2020-11-02,64830.84703738403,65956.43240909869,64098.45719591513,65549.4765625,32674
2020-11-03,65964.12939131157,67304.29641353134,65887.5680817254,66984.84375,29445
2020-11-04,66632.4856686824,68542.52075053578,66536.72409637028,67750.546875,33722
2020-11-05,68295.08390788044,69176.09203682932,67511.22151479372,67867.9921875,32905
2020-11-06,68542.53350310605,69185.8930233518,67443.72647825746,67816.875,47996
2020-11-09,68394.0473870689,69607.22824978566,67964.0869338237,69127.5234375,36658
2020-11-10,69724.349005561,70013.6597960575,68269.32002698179,68658.3515625,36190
2020-11-11,68770.18015445455,69769.8618176094,67225.27452481311,67888.4296875,43328
2020-11-12,68294.07233590455,68868.88910874295,67948.63789127157,68678.0078125,20708
2020-11-13,68789.96827628845,71758.329641189,68740.47909047817,71092.40625,48897
2020-11-14,71487.12500249823,71749.41767298161,70275.87724587922,71191.1796875,5247
2020-11-17,71549.4888033995,73887.35805629942,71191.1870804741,73338.4765625,48299
2020-11-18,73341.43467996284,74632.70607901014,71637.79345287662,74277.359375,62263
2020-11-19,73741.86517283747,76611.36406056976,73352.81806326895,76049.4921875,64112
2020-11-20,76175.84320557801,78690.98526284713,76018.46123505231,78264.765625,80370
2020-11-23,80334.09509982588,80422.58379598039,78394.08695868553,79299.234375,60161
2020-11-24,79482.85956930151,80126.24510753372,78295.61219328239,79027.6875,56578
2020-11-25,79977.73942086245,79977.73942086245,74883.1178268132,75535.1640625,52953
2020-11-26,76216.406219249,76754.82378209614,73549.07945743963,75048.4609375,77903
2020-11-27,75721.51882705544,78422.70151245203,74533.73029643497,76947.5625,281075
2020-12-01,78592.00785920979,79287.2121352794,76986.01878173412,78754.6328125,57627
2020-12-02,78987.92638072856,79185.89110849981,77831.76597256139,78969.3671875,38286
2020-12-03,78961.51186700007,78987.94325700363,77701.17225156372,78091.8046875,28657
2020-12-04,78591.96770891428,78789.97887795765,77404.22548060663,77897.3046875,35870
2020-12-07,77094.70035407854,79180.95507566698,77094.70035407854,78718.359375,25469
2020-12-08,78789.9704225227,79170.35659607443,78060.26926154103,78356.2265625,23532
2020-12-09,78686.04151402289,78790.76177691117,77206.30135860093,77573.7734375,18683
2020-12-10,77700.18607934214,77944.03074293259,76562.97895084349,76825.3828125,22452
2020-12-11,77196.34820391457,77598.91258464442,76513.36987001663,77085.8359375,20832
2020-12-14,77602.18567233715,77602.18567233715,76513.379495812,76758.5078125,15865
2020-12-15,76758.51288199687,77008.29648022629,76018.47261801257,76499.875,14509
2020-12-16,76595.51410816803,78374.621371747,76592.54463758245,77818.7890625,29876
2020-12-17,77824.89519134579,78360.68371362596,76216.43153874246,76504.6171875,19833
2020-12-18,77107.27478603926,77394.32369089102,76067.95978571396,76782.1640625,34069
2020-12-21,76847.9421440155,77001.51176390183,73786.8655664677,74511.6640625,24201
2020-12-22,74708.93542120172,75929.24131262215,73026.97722844794,75321.984375,27697
2020-12-23,75226.60105067027,76067.95119400014,74639.0401569171,75082.9296875,15368
2020-12-24,75622.53718543155,75770.96435521406,74781.18696805436,75120.0546875,14445
2020-12-28,75325.6004133125,76058.27117308168,74245.5555881517,74599.765625,18088
2020-12-29,75126.6527458297,75226.62497112027,74098.22559655347,74907.453125,14694
2020-12-30,74792.13074536159,76882.34498606244,74533.74030725706,76142.3046875,16171
2020-12-31,75820.5111809356,76552.93447319971,74543.78526949593,74979.609375,28028
2021-01-01,75226.61092322489,75557.56006669541,74781.19020065316,75248.0390625,13254
2021-01-04,75425.2159450315,78097.09838550854,75127.62696400631,77604.3671875,28145
2021-01-05,77008.28986961278,78565.2826712182,76909.30749188835,78248.5390625,25539
2021-01-06,78248.54891348342,78987.94736817044,76829.34249620089,77950.859375,30427
2021-01-07,78690.99899551178,78690.99899551178,76216.43927867178,76545.65625,21765
2021-01-08,76988.49936740755,80570.67189518652,76810.33107367993,79781.8828125,31729
2021-01-11,79878.77271408959,82155.36722762622,79680.80797378205,81668.2734375,48475
2021-01-12,81561.4881114049,86114.67798170178,80880.88366158419,84874.328125,87936
2021-01-13,85322.80906028656,86510.5511874985,84431.96766638565,84770.78125,57619
2021-01-14,85421.78006867104,89022.85899728475,84912.02089444897,87846.5,55671
2021-01-15,88242.78259893435,88909.82324182917,85522.05110944039,86660.796875,57495
2021-01-18,86906.53086623212,87268.41199921787,84245.14208643051,84790.140625,30785
2021-01-19,85273.33178273543,87110.15114742938,85273.33178273543,86310.21875,21305
2021-01-20,86906.53437780333,93162.36806181715,86709.1650479232,92134.2890625,80494
2021-01-21,92647.50740911835,95497.90609084377,89680.01566539466,90779.609375,111415
2021-01-22,91503.27490016642,93385.87344246343,90489.69528983183,91366.6328125,90867
2021-01-25,92924.60996204181,92924.60996204181,88297.33072280588,88726.171875,60275
2021-01-27,89183.11855615547,89259.58243971222,86619.47508156676,87676.359375,58528
2021-01-28,87203.47223797344,88501.72661303305,86236.16697980592,86597.40625,51944
2021-01-29,87598.52993313738,88478.38289220806,82606.45339007692,83213.65625,56240
2021-02-01,84024.14618778104,87894.95192439476,83046.24686394639,87236.765625,46017
2021-02-02,88539.73481255448,91014.19366906169,88021.91006214809,89822.5,51519
2021-02-03,90651.22046024221,92329.11847513157,88589.26313588288,89048.0,44550
2021-02-04,90073.85705661302,92825.66749863763,89048.5002223015,91243.8828125,63583
2021-02-05,92368.68372003785,92614.80962760802,89353.53309031067,89770.1484375,49120
2021-02-08,91311.14519984374,91609.43014915759,89084.14217446207,89946.03125,36568
2021-02-09,90563.92307903548,93735.31834156599,89480.06608388225,92645.421875,69603
2021-02-10,92896.95567353732,96884.75523789994,91806.16970038557,95987.0390625,72305
2021-02-11,95785.25042143496,97596.58160194145,88213.0982490264,89167.984375,182954
2021-02-12,91063.7939195059,92528.73321299361,89168.28125259445,90349.1875,138059
2021-02-15,91433.39252953212,91509.2145827521,89084.14615952071,89721.4921875,54272
2021-02-16,90567.90939620057,90618.39042199546,88098.0973703848,88663.8359375,58998
2021-02-17,90076.87525241055,90076.87525241055,87910.17908153182,88279.890625,39383
2021-02-18,88592.20947905182,89087.13802362753,87453.87382652769,87979.8359375,36398
2021-02-19,87265.798437555,88463.37854863128,86117.56424758717,87226.3046875,34825
2021-02-22,87899.30373435884,87899.30373435884,85351.41175449127,86039.65625,33729
2021-02-23,86408.16348524086,87211.37813060786,84929.71184979186,86670.375,37383
2021-02-24,87206.3964544357,87701.3249246652,85969.07527886199,87087.265625,13773
2021-02-25,87305.38761762733,87701.3304186143,86476.7303746633,86734.0390625,22420
2021-02-26,86018.55951355443,86434.29938692259,82953.51420384506,83641.0703125,46327
2021-03-01,84335.80220825189,88952.49447937027,84288.33547978631,88122.453125,48753
2021-03-02,89234.36667393785,89358.34625685954,87549.83121062515,88770.765625,34837
2021-03-03,88770.36886634132,89037.63023558655,87582.54055858475,88193.3828125,22137
2021-03-04,87305.37477371449,89879.99245836791,87204.11551056194,88862.9609375,29437
2021-03-05,88790.07161417809,88790.07161417809,87112.36454576663,87762.453125,27911
2021-03-08,87762.44913511122,88577.30246685437,86317.55185685791,86676.375,21119
2021-03-09,87501.7653812807,88597.63751117699,87107.40793564166,88164.28125,24443
2021-03-10,88792.89440456008,88793.1418688084,87483.01973864672,87784.578125,16992
2021-03-12,87899.29686458402,89384.08228459388,87305.38269658007,87874.8984375,25808
2021-03-15,88295.24373710927,88582.79719345042,86117.55835345859,86784.2734375,22657
2021-03-16,87008.42598898282,87582.39608864582,85622.62625764521,85938.390625,22685
2021-03-17,86442.7774656278,86442.7774656278,84381.60123146186,84740.671875,18541
2021-03-18,85152.64147067834,85472.4116511117,82158.16966251854,82362.28125,30104
2021-03-19,82059.14803068894,84059.60269471137,79788.2149324158,83682.3125,63106
2021-03-22,83642.91367774496,84631.78078737888,81585.10157653062,82873.59375,27406
2021-03-23,83147.88068000857,84137.7917320035,82752.03844467406,83756.84375,26061
2021-03-24,83019.30310886286,83489.87956027925,80970.299204781,81506.5078125,25865
2021-03-25,81465.23828873313,82151.20925026524,79884.14265641572,80922.0078125,33840
2021-03-26,81910.07287386587,81910.07287386587,80970.30416653569,81177.6328125,17694
2021-03-30,81674.08940563603,83094.53417417704,80500.16542504988,82341.546875,34009
2021-03-31,81872.45497162477,82678.54654898135,81118.77941459995,81425.09375,17739
2021-04-01,82304.62232130195,82603.51270846535,81366.23797097971,82289.875,19973
2021-04-05,81475.11317218792,82424.48637530187,80438.33870697487,80694.015625,19060
2021-04-06,81306.604350492,81663.20032524556,80387.37521857335,81411.328125,18062
2021-04-07,80940.61050356893,83098.4988599072,80856.22519055157,82823.9140625,16887
2021-04-08,83048.99671309208,83635.13894955932,81663.19700631821,82141.3984375,19674
2021-04-09,82067.40986404197,82442.666188929,80920.80749341495,81057.5546875,14917
2021-04-12,80475.38080684023,80574.36651508973,78099.72380885233,78424.25,24417
2021-04-13,78693.63053081352,82257.11568692583,78495.65913325171,81833.0625,30804
2021-04-15,80871.30355648891,81613.64978445724,79683.47535247683,80159.1015625,33546
2021-04-16,80584.25683216884,81149.51156792867,80159.11325878208,80540.703125,23199
2021-04-19,78401.61151340826,79583.50058792387,78013.58762964769,78427.7421875,26801
2021-04-20,79584.44987409956,79832.06103569255,77901.2909827214,78535.046875,27667
2021-04-22,78297.66967854497,78297.66967854497,76846.88766559616,77513.703125,41067
2021-04-23,77486.00394090303,78080.90798240129,77010.8725932838,77420.8203125,17859
2021-04-26,77753.23617061373,78492.06359248915,76698.5439600499,76899.53125,16483
2021-04-27,77109.86975794793,77676.95735615276,76911.89833366565,77219.1484375,13283
2021-04-28,77594.87959805368,78495.64934463141,77060.35689129327,77269.015625,23446
2021-04-29,77802.76227069733,78297.69078386971,76718.86882684984,76869.2265625,18240
2021-04-30,76812.89425419294,80870.31762465605,76416.95150030535,79901.7890625,60005
2021-05-03,79584.39666881552,80305.06664692044,78495.75511010554,79097.0390625,18348
2021-05-04,80059.60618747177,80059.60618747177,77614.80718357388,77817.0859375,24181
2021-05-05,78495.61571927447,78593.61156479482,76962.37358638804,77483.734375,17889
2021-05-06,77505.7983019134,78396.62314721898,76967.56359148346,77097.28125,17273
2021-05-07,77505.78505402037,77971.01773569839,76416.94260753987,76660.6484375,21111
2021-05-10,77406.81073744094,77946.28275600751,76713.91089708022,77575.1328125,15645
2021-05-11,77123.69624426158,78188.73567216368,76819.16837194374,77823.671875,14533
2021-05-12,77505.79867129265,78421.51687631977,76219.97450176507,76483.5703125,21902
2021-05-14,76714.90217801755,77060.36224769572,75179.6340746627,75363.5,23176
2021-05-17,76001.210403242,77668.42323442717,75229.12204540755,77418.484375,20991
2021-05-18,78050.20547357922,79136.07833856992,77610.26054359032,78465.9453125,24073
2021-05-19,78467.94426993612,79188.56016746,77545.44394353218,78874.9765625,19150
2021-05-20,78990.57834702129,81633.44979442965,78442.54563675751,80407.1640625,26037
2021-05-21,80871.31915112071,81647.0190641114,80475.3763400993,81344.671875,20210
2021-05-24,81524.61984211254,82455.08539154899,81168.27133381773,81622.46875,15291
2021-05-25,81867.10331543567,82256.0706706759,81090.06566275489,81348.0703125,11453
2021-05-26,81831.42393691145,81960.15173410405,80574.35206710229,80742.1328125,10203
2021-05-27,80772.22276835953,82331.2009913491,80530.40382021185,81954.359375,18209
2021-05-28,82355.10721088319,82801.53268897918,81984.90071685237,82536.3515625,10943
2021-05-31,82392.726814781,83113.34270820773,82158.13070661871,82793.0234375,10282
2021-06-01,82794.99227490344,83939.86227326779,81971.82575812886,82240.7265625,11331
2021-06-02,81960.16147856016,83916.5674843549,81960.16147856016,83576.25,10170
2021-06-03,83845.8296421627,84222.96512523529,82959.90770686093,83614.203125,9669
2021-06-04,83989.36872895161,84470.43924400488,83385.55594256787,84057.375,11134
2021-06-07,84730.64364171244,86414.4904308833,81415.71406575204,81564.6875,69851
2021-06-08,81425.6288869609,81618.7979150395,80327.03465589187,80524.0703125,26448
2021-06-09,81038.5989543687,81157.38178883016,79197.46502021627,79414.390625,19134
2021-06-10,79486.50259768103,81490.91651320505,79238.09490385145,81338.671875,20186
2021-06-11,81734.61589467168,81978.4223040581,80500.31839742305,81338.03125,13297
2021-06-14,81168.2742042109,82284.78650347305,80446.96231319303,81640.2890625,11908
2021-06-15,81693.40075563625,82512.26003523712,81118.78871355912,82022.234375,12061
2021-06-16,81959.174239492,82306.61406555344,81514.77482165798,81716.953125,10103
2021-06-17,81094.03548983665,82450.98251773622,80996.08604545971,81837.8125,14770
2021-06-18,81811.67454668433,82304.02783269496,79683.48216585709,81805.8359375,32641
2021-06-21,80178.41287601521,81415.73406237348,80178.41287601521,80947.578125,6928
2021-06-22,81663.19289410347,81663.19289410347,80673.33601053858,80918.078125,7101
2021-06-23,80920.80732599266,81663.15365420858,80920.80732599266,81139.1171875,4801
2021-06-24,81364.26700563445,81364.26700563445,79831.96834478233,80153.671875,9667
2021-06-25,80394.08883837204,80424.92133095961,79559.74009050033,79697.53125,7525
2021-06-28,80078.44475620442,80325.76208453861,79328.13311916066,79737.5859375,10158
2021-06-29,79930.9438485738,79930.9438485738,78721.09126505778,79408.546875,14280
2021-06-30,79485.51345850062,79831.51486369601,79060.8648249552,79267.25,7178
2021-07-01,79287.54090270118,80641.51826488024,79287.54090270118,80196.5234375,9204
2021-07-02,80199.30740475352,80663.05542588037,79782.47706045725,80319.2734375,6768
2021-07-05,80366.48487645565,80997.76613929542,79782.4692824526,80010.484375,8057
2021-07-06,80069.53683215089,80558.52621520296,79535.01402476602,79633.2109375,6734
2021-07-07,79782.4709561491,80524.71674407192,79485.71493291794,79949.65625,10475
2021-07-08,80178.40873918662,80514.9136849695,79287.53753097344,79602.265625,5867
2021-07-09,79782.47768748751,79881.36285945846,79069.78061633378,79183.3203125,10267
2021-07-12,79485.51111273059,79663.88642399754,79069.77120404631,79373.7578125,5751
2021-07-13,79624.04744091968,82603.56328924386,79189.64716749186,82272.75,35724
2021-07-14,82158.1343036731,82511.46686733414,81545.01839987056,81966.1484375,9792
2021-07-15,81966.10376992353,82410.50319063678,80293.24533730789,80619.109375,10241
2021-07-16,81118.78093322068,81871.07225121028,80529.71548744332,81613.5625,11216
2021-07-19,80970.29260003995,82123.42946307884,80797.0676464335,81402.1640625,7692
2021-07-20,81367.23997212994,81861.17864375308,80576.34418329853,80811.9765625,7135
2021-07-22,80822.31314389051,81564.21091183249,80418.49791658904,80744.609375,6118
2021-07-23,81049.44188004722,81138.32794218519,80178.41415054943,80351.4921875,4471
2021-07-26,80523.87582452552,80771.88139866562,79881.45864164537,80097.0,5993
2021-07-27,80104.17074180627,80495.11782317804,79136.9336052281,79282.9375,6581
2021-07-28,79441.5072221121,79728.0243965071,78397.70311600846,79112.0859375,7559
2021-07-29,79190.82523292476,79483.32794560178,78646.06367698622,78916.8359375,5158
2021-07-30,79153.62243917928,80316.9982970534,78904.76619869223,79096.953125,9818
2021-08-02,79682.50422081338,80524.82618722944,79320.51039727051,79605.1484375,10580
2021-08-03,79980.44178815479,80396.18170834074,79695.85791421798,80196.625,5106
2021-08-04,80340.03014347274,80916.61047141453,79529.87691241315,79778.7734375,6965
2021-08-05,79938.29063168616,80045.78060511319,78800.90339286369,78995.609375,8114
2021-08-06,79029.04393322502,79478.04609358462,78337.93170151104,78496.2421875,10148
2021-08-09,78823.77710589668,81972.01365979826,78536.25397124067,79379.7734375,64535
2021-08-10,79427.73161014036,80261.63714091113,77544.64614930243,78167.4296875,22258
2021-08-11,78337.94970541711,79130.89678236507,76652.19635732585,76952.7578125,16579
2021-08-12,77543.63860328929,78050.30958972417,76954.61673177745,77580.375,13737
2021-08-13,77891.69790183469,78536.25046244821,77810.53231075838,78211.84375,9067
2021-08-16,78290.03744611908,78684.99633901405,77455.38833069171,77999.5859375,8280
2021-08-17,77999.59735416294,78501.60472942569,77277.00886785302,78076.75,9035
2021-08-18,78436.08749369242,78833.72679488423,78238.75527190397,78682.15625,7011
2021-08-20,78733.59238971968,78733.59238971968,77152.95099286061,77422.625,8520
2021-08-23,78039.44886951293,78039.44886951293,75313.48735866412,75524.6015625,14541
2021-08-24,75858.88899981754,76752.33813692651,75377.70565488732,76511.328125,12172
2021-08-25,76592.63496304458,77326.47979151936,76094.43918543802,76370.109375,12272
2021-08-26,76484.59653731706,76617.47353795235,75660.56080949672,75922.890625,8394
2021-08-27,76007.63683038103,76684.56435184648,75922.89984289216,76308.546875,6617
2021-08-30,76354.67763763742,77718.10754187425,76354.67763763742,77530.2421875,9045
2021-08-31,77643.80199336303,79185.81670157374,77601.95255426978,79074.4609375,14859
2021-09-01,79329.55742977343,79884.81784961928,78575.72521148616,79284.5859375,10789
2021-09-02,79719.25448245755,81189.37665242629,79370.65379843484,80584.09375,14947
2021-09-03,81262.23032902955,81907.87536605826,80826.8086361509,81707.3203125,15764
2021-09-06,82006.91923594465,82502.72890484396,80597.58025209839,80722.625,10180
2021-09-07,81099.59990430532,81610.2839411179,80212.14694385281,80405.171875,11928
2021-09-08,80697.9772323654,80747.20958035014,79141.13495840604,79567.53125,9413
2021-09-09,79627.05067381285,80787.19907693066,79131.24089377664,79198.5703125,14454
2021-09-13,79131.21770514997,79733.2313130613,78585.82710693152,79571.1015625,7150
2021-09-14,79557.64017942827,80169.51595226998,79381.1783735258,79749.8671875,9958
2021-09-15,79846.18393304541,80316.21151820039,79445.22108816037,79537.9375,9413
2021-09-16,79924.53930482052,79924.53930482052,79132.23524893277,79301.5078125,6457
2021-09-17,79329.54227004084,79666.49140202258,78190.17171918738,78731.84375,13253
2021-09-20,78526.32478438615,79279.9553796145,77852.02372549761,78214.4140625,11737
2021-09-21,78209.0286687188,78368.97379260683,77395.90069219605,77716.9375,10584
2021-09-22,77842.12052184515,79874.94022974046,77842.12052184515,79323.3984375,16457
2021-09-23,79924.52439315365,80320.18053748204,79331.08665882087,79548.40625,6530
2021-09-24,79825.372167082,80013.7798777869,78392.52842836009,78790.6171875,11095
2021-09-27,79278.96739282347,81312.77847392118,78481.3568999367,81207.0703125,20927
2021-09-28,81074.20145746463,81203.70849385603,79141.14024782818,79814.0546875,14053
2021-09-29,79633.08391149146,79757.43142807507,78239.80450117365,78394.15625,25732
2021-09-30,78883.31138958687,79012.17541001963,77992.88378465128,78710.3203125,16379
2021-10-01,78337.92961783386,78704.82878186674,77852.03613033085,78332.375,8506
2021-10-04,78811.12756841372,79876.87039810207,78734.57146057629,79118.328125,10101
2021-10-05,79081.64276265082,79398.96095304641,78567.98394194795,78741.71875,5361
2021-10-06,78977.51275513245,79220.4594639655,77842.10874854539,77970.5234375,9556
2021-10-07,78486.63988063775,80763.83991843331,78199.2174083989,80591.4453125,22060
2021-10-08,80618.64945644904,85649.58351571228,80420.4263068832,85140.8828125,54225
2021-10-11,85140.43336784893,86816.26999016044,84010.43668976278,84221.1015625,28671
2021-10-12,84287.65156437061,85477.54839841269,83673.04894036254,84899.9765625,16687
2021-10-13,85435.94379165783,86072.56344292925,84723.9610664041,85384.921875,11972
2021-10-14,85611.45682086164,85874.23594934405,84287.54427358147,84452.703125,7265
2021-10-18,84585.14393490487,86171.73514587613,83296.03857599072,83607.5078125,20490
2021-10-19,84128.01151153479,84462.43520679598,81897.21612678359,82317.515625,15834
2021-10-20,82453.15221341023,82683.65723924436,80321.17052659325,81825.0078125,28021
2021-10-21,82580.87190655075,82701.01279639748,80222.55303090051,80411.859375,18125
2021-10-22,80420.37938970687,81583.75036234158,79408.88112498673,80123.2421875,24048
2021-10-25,80816.93709308334,80816.93709308334,78354.25023775673,78763.7890625,19941
2021-10-26,78833.7416113929,79825.36100273118,78619.25743585703,79422.515625,7847
2021-10-27,79819.40035815955,79899.72151786103,78536.24504144702,78707.59375,6723
2021-10-28,78707.821459781,79041.2070636604,76652.19405643066,76958.953125,12606
2021-10-29,77346.26474413052,77742.95897616711,76007.6250704491,76660.2578125,9403
2021-11-01,77042.89187699316,78316.27861502083,76602.61278216749,78081.1640625,7650
2021-11-02,77693.39297931604,78724.67732773325,77693.39297931604,77926.625,6829
2021-11-03,78199.11020810681,78526.34462820161,77147.99358598415,77315.4765625,7732
2021-11-04,77718.18145474653,77974.96443346454,77445.53256338705,77755.3671875,1245
2021-11-08,78218.94902257567,79634.98172039817,77891.7145755999,79272.296875,9209
2021-11-09,79622.06857490123,79815.28713734349,77347.2939897985,77850.7421875,23116
2021-11-10,77850.0447952314,78267.2685985074,77395.88317455305,77512.3984375,9926
2021-11-11,77742.81716091788,77742.81716091788,76255.53518948457,76563.828125,12757
2021-11-12,76929.82899411886,77641.6644922664,76606.66179811054,77519.6953125,11688
2021-11-15,77742.9353192628,78209.04276569324,77147.96387549293,77827.71875,10112
2021-11-16,77752.86974697771,78782.17058612277,77554.79379069715,77787.375,16137
2021-11-17,78037.91282055831,78836.73909493715,77871.90322490911,78711.9375,10113
2021-11-18,78935.9206122785,79001.32350975502,76654.11717849893,76818.484375,10930
2021-11-22,77192.58875300968,77249.11321999307,74394.1318086738,75026.4140625,15725
2021-11-23,75167.60298351811,76059.102654787,74467.14448989293,75863.296875,7408
2021-11-24,76015.0503731533,76752.15398365472,75479.16025152591,75831.59375,6410
2021-11-25,75930.75280727651,76058.13429090499,74652.5607335359,75032.1640625,10280
2021-11-26,75018.87623754918,75018.87623754918,73889.37855037709,74563.0625,9869
2021-11-29,74280.07396227389,74473.40060994997,72440.55006934261,73202.390625,8554
2021-11-30,72927.46688709901,75361.98547139659,72927.46688709901,74008.171875,25947
2021-12-01,74364.28720657539,74731.30115729157,72887.91077839519,73093.6796875,11738
2021-12-02,73505.61142104492,73660.30997187438,72639.00358865145,73265.3359375,11728
2021-12-03,73571.01929805388,74068.73061981145,73149.46416907806,73265.9296875,6322
2021-12-06,73333.05728379561,73518.14856924686,72346.15684059565,72518.953125,7682
2021-12-07,73075.22182642024,73263.43527115611,72739.05002293053,72994.796875,4638
2021-12-08,73430.23838186298,74615.0209189569,73391.9123773968,74032.46875,8118
2021-12-09,74309.20437328274,74647.01091772871,73482.9058432635,74045.6171875,6709
2021-12-10,73437.17396725237,74374.29002152356,73382.63282123658,73601.7890625,4831
2021-12-13,74056.95877009025,74484.36301794655,73030.59358092256,73176.3671875,7479
2021-12-14,73035.5717661554,73580.98336793932,72886.82314748706,73493.5703125,5830
2021-12-15,73387.5951289653,73928.04833273918,73184.30539176596,73368.2578125,3594
2021-12-16,73442.1352144774,73678.79266540367,72490.14426381716,72694.875,8181
2021-12-17,72658.73228223524,72767.81458810456,71498.49321071598,71952.71875,10564
2021-12-20,71399.33149155475,71597.56225271734,68126.86213152515,69366.9296875,19827
2021-12-21,69366.94191461461,70546.22417988152,69366.4460858363,69826.2265625,11270
2021-12-22,69911.70286612761,70695.25944899024,69650.05249907811,69960.890625,8950
2021-12-23,70397.75225865889,70903.49748547838,70110.2181234233,70437.0234375,8715
2021-12-24,70705.17701950931,70705.17701950931,69125.21876864911,69505.96875,8524
2021-12-27,69504.27242999444,70099.71618837937,68434.2741427887,69937.828125,7843
2021-12-28,69951.51426421496,71398.34243704584,69951.51426421496,71020.2265625,8194
2021-12-29,71250.5871403441,72091.36545121373,70804.34129186596,71953.71875,9449
2021-12-30,72092.45531168877,72279.92504545946,71250.87905579807,71517.8828125,6786
2021-12-31,71410.23480739436,73084.4002670267,71410.23480739436,72726.1640625,6473
2022-01-03,72976.02869112017,73362.77511479562,72503.69757709332,72755.6328125,5871
2022-01-04,73053.10776124669,73382.63234784755,72738.05517181916,73320.359375,6005
2022-01-05,73320.38419720822,73779.32020298194,73167.46750721258,73428.2734375,7370
2022-01-06,73288.43969075456,73873.51755311225,72589.32122810681,73536.6484375,7559
2022-01-07,73591.03697960434,73951.8065613242,72937.43408996583,73570.359375,5550
2022-01-10,73590.87956566746,74353.56465473503,73531.38013467514,73666.640625,5451
2022-01-11,73666.24731572907,73823.92081172025,73301.31746337212,73671.5,5864
2022-01-12,73671.50466613147,74868.24130832333,73640.51537643459,74754.84375,7862
2022-01-13,74920.71834410928,75663.46983700464,74404.26619938097,75343.2109375,9077
2022-01-14,75336.20954035486,75640.7955486146,74716.47017510673,75499.484375,4493
2022-01-17,75499.48600739095,76541.52423083576,75167.67589853154,76181.3046875,6852
2022-01-18,76209.86132526971,76655.01477377402,75365.96089472482,75660.3359375,8057
2022-01-19,75663.44884211339,76139.73872455886,75018.87162393024,75891.3828125,6542
2022-01-20,75463.08961806771,75463.08961806771,72886.81047461455,73113.15625,16368
2022-01-21,73025.63355291955,74175.9558630959,71453.21392037427,72090.6015625,11025
2022-01-24,72093.49416969914,72381.02833650346,69418.00246034772,70484.3828125,10330
2022-01-25,70308.51218770737,71646.80038106166,69232.95898353476,69981.21875,11974
2022-01-27,69535.00681399931,70456.25640513173,68880.06368012592,70122.7109375,10272
2022-01-28,70477.08742855654,72242.23750063802,70477.08742855654,70732.640625,9147
2022-01-31,71577.8276325488,71895.20446897282,70805.37303965485,71546.1953125,6201
2022-02-01,71795.9876678751,72073.6517085796,70606.2003523854,70918.8203125,12365
2022-02-02,71003.65664945994,72068.34799481096,70591.12719922634,70866.265625,8742
2022-02-03,69862.2624748868,71329.91539841885,69526.38502109241,70394.9296875,10786
2022-02-04,70394.77219738509,70702.68176909945,69269.14051956966,69422.3515625,11034
2022-02-07,69811.64272176639,69834.35012673019,68027.697545583,68224.8359375,12143
2022-02-08,68662.35934144692,69217.68749325527,67928.53285512874,68847.15625,11669
2022-02-09,69020.34085786343,69991.0261711923,69020.34085786343,69839.0546875,5620
2022-02-10,70327.94959177118,70327.94959177118,68921.18281671556,69187.1484375,14416
2022-02-11,69118.53102663855,69118.53102663855,67470.59761394619,67664.21875,15042
2022-02-14,67299.8208450331,67299.8208450331,65159.82418420763,65378.98046875,18628
2022-02-15,65920.41463040853,66440.93396307275,64464.71216848474,66123.8515625,14444
2022-02-16,66679.0390216297,66713.74702825905,65450.27487175314,65588.8125,12266
2022-02-17,65898.6166919242,66088.4269593169,64896.64874096446,65071.2890625,7727
2022-02-18,64773.039609078354,65713.46785749817,64669.20914680884,65094.3046875,19661
2022-02-21,65030.78181783558,65030.78181783558,64066.30478252576,64197.50390625,10513
2022-02-22,62477.24311989213,65451.404718897335,62477.24311989213,65223.86328125,26513
2022-02-23,65615.19535241462,66245.67011784765,65155.83572743276,65257.5859375,11015
2022-02-24,63816.05465253242,65303.60837403667,62477.25630317859,63415.01171875,43260
2022-02-25,63568.12537469873,65268.84854570858,63491.46600256047,65106.953125,19903
2022-02-28,64710.55719596399,65700.27607173135,63915.21196714092,65195.453125,13429
2022-03-02,65115.17087699591,65948.20078160567,64600.33019441385,65674.34375,18103
2022-03-03,66394.46205092482,66424.2131168177,65177.64345590638,65487.50390625,13310
2022-03-04,65055.67677012879,65650.6517179524,64460.65533625566,65364.390625,18449
2022-03-07,64599.49228098597,65896.63897892165,63212.69723847716,65604.1875,29607
2022-03-08,65601.11760359808,66096.96883265021,64957.5027082884,65843.9375,8208
2022-03-09,66047.35961660881,66394.45535032974,65343.45256769184,65539.4609375,6893
2022-03-10,66134.50075327365,66937.72544299753,66002.75154326955,66326.9375,9680
2022-03-11,66037.46505515717,67529.0320013823,65814.33200759132,67334.90625,7705
2022-03-14,67469.47938934107,67882.02757739359,66845.74508143547,67805.0234375,6352
2022-03-15,67634.10045806713,68422.5038285094,66939.90881113682,67520.0546875,9065
2022-03-16,68129.94519288189,68278.5998119703,67620.85328869258,67803.1328125,7593
2022-03-17,68030.78914435663,69309.0936225939,67931.71961757219,68385.6171875,14905
2022-03-21,69074.70587568276,69280.33693945204,66035.48634589511,66321.4453125,12368
2022-03-22,66690.88471797947,66741.56225311803,65353.179085891206,66539.8515625,9663
2022-03-23,66548.17604575999,67164.61968202508,66058.37587934204,66290.0390625,8261
2022-03-24,66285.38453395784,66840.69135938598,65898.6206206089,66165.140625,7400
2022-03-25,66344.92400862889,66622.2054947154,65452.34553797923,65949.2890625,5838
2022-03-28,65948.20708889277,65948.20708889277,64416.821075890795,65163.421875,9839
2022-03-29,65244.0971766946,66323.41797174183,64470.56934879033,64755.23828125,9704
2022-03-30,65303.15143508641,65353.13943247192,64594.08811724332,64816.57421875,7190
2022-03-31,64951.53299587196,65254.002154796166,64164.56697171348,64482.55859375,10386
2022-04-01,64559.81442534323,66096.95286404189,64559.76406546495,65933.5234375,7651
2022-04-04,66156.46075175845,66701.85053334097,66156.46075175845,66572.875,6506
2022-04-05,66572.87527384369,67534.92723320128,66572.87527384369,67193.828125,7621
2022-04-06,67227.49974846216,67392.16881834407,66645.51769697442,67069.671875,6216
2022-04-07,67187.83958154054,67628.30266595593,66344.89251667989,66552.40625,8501
2022-04-08,66930.00025471966,67563.65165224527,66155.13197383138,67220.421875,12652
2022-04-11,66939.90738762714,67435.75855346142,66742.6051096719,67203.3515625,4286
2022-04-12,67039.0688674218,67423.05905917559,66012.95149975595,67024.890625,13531
2022-04-13,67088.66178384188,67555.75357541896,66454.96400291246,66887.640625,8522
2022-04-18,66447.02615430074,66920.51749475308,65452.495998899954,66389.4609375,11982
2022-04-19,66448.0273215121,67234.98965855018,65254.017637088764,65810.7578125,17383
2022-04-20,66146.34281085603,67785.08439638084,65949.7920611034,67108.890625,9721
2022-04-21,67440.71854029375,69518.33497058439,67296.92169905645,69136.328125,11532
2022-04-22,69047.2810703862,69047.2810703862,68030.7860887396,68570.125,6278
2022-04-25,67981.2033795137,68922.32901054445,67669.1657511733,68542.40625,9387
2022-04-26,68923.30669567443,70944.29517081757,68650.58857565557,70739.609375,16723
2022-04-27,69731.54840001532,71997.48747394906,69617.50263359277,71619.703125,14670
2022-04-28,72045.17962613128,72045.17962613128,70662.74679386023,71730.515625,11877
2022-04-29,71729.82641252114,72790.94785951958,71205.51031435982,72125.515625,11934
2022-05-02,71402.57498536451,72245.52205116395,71182.91289704147,71995.1171875,5432
2022-05-04,72195.92269012672,72702.33388676937,70708.369337995,71281.921875,9510
2022-05-05,71590.9887079966,72245.51222298868,70189.71336453629,70591.5,7309
2022-05-06,70063.75666126305,70244.0992461671,68675.37365594432,69333.46875,8667
2022-05-09,69023.47239947123,69275.3647859235,67758.26169288806,68008.9609375,11683
2022-05-10,67921.68691981072,70351.25670601612,66642.39102075165,68239.078125,28293
2022-05-11,67782.842477263,68700.06625336438,67254.41243300987,67545.53125,10262
2022-05-12,67425.84530493591,67634.05632019606,66126.71517771918,67060.9453125,11473
2022-05-13,67128.34089074402,72672.5543265813,67128.34089074402,71453.0546875,28470
2022-05-16,71184.40515164589,72632.29079557738,70807.6589230101,71926.59375,12665
2022-05-17,72195.93499917237,73683.48860492455,71997.59451840541,73392.671875,10590
2022-05-18,73589.2627263607,74228.86416779742,73198.57854042314,74067.90625,10398
2022-05-19,72890.12264076271,73633.89940240316,72395.26316868461,72825.4140625,8680
2022-05-20,73584.31289490813,74060.28352731904,73364.9452404158,73490.0546875,7777
2022-05-23,73881.8363976369,74523.36719663371,72460.02942147541,72777.28125,8044
2022-05-24,72890.08705276836,73979.91386338044,72506.29818638027,73778.203125,7073
2022-05-25,73945.55577828524,74802.13884327274,72964.11891362088,74203.3984375,7765
2022-05-26,74377.66983541085,74675.18051475249,72790.94621225541,74438.1171875,9279
2022-05-27,74585.92475622974,75061.94182687181,73683.4757264708,74035.3828125,7417
2022-05-30,74278.49502625478,75166.56434929899,74240.95754832565,74762.4921875,6081
2022-05-31,74774.36797788137,77517.06842832005,74613.16983670226,77005.15625,27991
2022-06-01,76559.41845764854,76926.34831295075,75369.37568369546,75698.125,7322
2022-06-02,74874.60769493552,75369.21916172234,74407.8103754821,75243.21875,5643
2022-06-03,75429.87615997874,76249.96755778915,75429.87615997874,75825.9140625,10174
2022-06-06,75756.14148398848,76036.64603939779,73936.41418258795,74092.359375,8339
2022-06-07,73385.98169804212,73879.1057439793,70745.67463037629,71064.40625,12064
2022-06-08,71106.050796835,71795.92699289383,69736.50983993859,70067.2890625,10536
2022-06-09,69419.157765448,70113.34934310248,69419.157765448,69841.375,5276
2022-06-10,69534.14944716438,69959.6362044064,69139.99428332139,69371.8046875,6364
2022-06-13,68427.44624974958,68732.68906308152,67649.75034852028,67989.65625,5879
2022-06-14,66945.87086478085,68923.3257058968,66945.87086478085,67636.34375,6121
2022-06-15,67636.3306515536,68973.88917735417,67636.3306515536,67873.796875,7761
2022-06-16,68720.016074119,68739.80363556974,66444.05912354388,66619.1953125,7091
2022-06-17,66444.04997189202,68556.37573965515,65331.7087057406,67559.265625,17498
2022-06-20,67694.40511247945,68030.69299069139,65939.74243523196,66098.5078125,6721
2022-06-21,66104.88742591259,67733.21600592925,66104.88742591259,67526.5390625,5942
2022-06-22,67039.07783920837,67663.85031019508,66791.15225548348,67476.0234375,4849
2022-06-23,67476.0200982749,68705.13436178859,67475.96586455614,68433.609375,7455
2022-06-24,68328.2940883095,70187.73605370254,68328.2940883095,69967.578125,12532
2022-06-27,70609.21172254262,71311.0426184672,70311.70099899259,70630.78125,8117
2022-06-28,70410.87048574293,71997.34640207485,69982.16063677086,71668.9921875,10643
2022-06-29,70973.156748414,71402.5638336916,70559.61689954386,70930.265625,6071
2022-06-30,71152.65686357486,71501.5346348375,69840.63471619082,70213.4140625,6089
2022-07-01,69716.67904645341,71898.4243366696,69716.67904645341,71595.2578125,5409
2022-07-04,71303.3967224192,71898.27090789209,71005.88602677628,71180.875,4102
2022-07-05,71402.56860590588,71739.74740210043,70466.85096041871,70630.1796875,3862
2022-07-06,71126.83512401688,72890.12852876406,70906.18133357268,72622.5703125,7785
2022-07-07,73212.41314002922,74873.51428475729,72737.68220932929,74712.7578125,12354
2022-07-08,74712.78086156752,75819.62155115076,74709.95295995897,75413.96875,10071
2022-07-11,75369.38428161961,75865.23549399868,74675.1925842889,75742.1171875,8025
2022-07-12,75369.37443156197,76261.9064971989,75199.83982513605,76028.5078125,7467
2022-07-13,76037.77348832884,76956.0897135185,76037.77348832884,76632.546875,7992
2022-07-14,76757.55499604429,77217.36395608731,75897.25326855261,76772.53125,6630
2022-07-15,77079.06273569523,79068.06872792172,76985.39336269001,78897.9453125,14260
2022-07-18,78941.48695757346,80326.84859292847,78939.50355296159,80072.5234375,15460
2022-07-19,79832.04010730464,80150.27584560117,78534.44405322353,79278.46875,8431
2022-07-20,79410.55126062565,79949.89003530037,78741.15229589357,79122.5625,7028
2022-07-21,78969.2690927994,79751.1257845397,78894.89140622449,79513.1171875,6751
2022-07-22,79623.76837313398,80068.05095167631,78479.63846409971,78741.75,6537
2022-07-25,78939.49764747567,80525.18303000533,78871.8604562007,80163.3046875,11727
2022-07-26,80158.30504581924,80293.92033507206,79168.38471287637,79485.140625,5871
2022-07-27,79627.99234429625,80443.64526650046,79131.24878631561,80338.2890625,5546
2022-07-28,80482.41141916727,82757.49748446653,80482.41141916727,82505.6484375,14509
2022-07-29,82935.3259609741,83423.12822318182,82014.65817936521,83272.265625,12547
2022-08-01,83452.93349428487,86830.7903261964,83451.295792558,86384.0703125,16248
2022-08-02,86363.84631960392,88370.69055710077,85737.94935444402,87598.8984375,18522
2022-08-03,87599.73415405756,88370.68016652776,86648.71859937055,88161.0078125,15400
2022-08-04,88409.38242604541,88917.00003413386,87165.23379699481,88134.03125,11181
2022-08-05,88420.365988207,88569.38907695118,87283.7699950029,88316.5,9228
2022-08-08,87923.67698304923,88321.025353051,86930.14306402656,87146.2265625,8338
2022-08-10,86239.67235491367,86666.77102890583,82071.99277967188,82923.015625,26092
2022-08-11,83451.92935723085,84047.02817608562,81566.29069581794,81963.390625,12363
2022-08-12,82454.45511119565,83788.90997926638,81735.71382292085,82589.421875,10606
2022-08-16,82956.17927254507,87022.8172291708,82856.93145589481,86405.0234375,28904
2022-08-17,86433.39029280683,87352.66093572165,85818.42168830974,86287.9453125,18111
2022-08-18,86279.35455819388,87415.00363624161,85247.46280590232,87021.0859375,14967
2022-08-19,87415.94051467038,87786.36374948725,85874.00189392256,86260.4140625,11885
2022-08-22,86243.59246240433,86311.14959880937,83959.61172925145,84275.7890625,11433
2022-08-23,83383.37877314155,86214.77065813588,83254.22544011989,85336.03125,13741
2022-08-24,85241.14545261746,86135.08202840957,84247.75150552455,84709.1796875,8432
2022-08-25,85041.52048366274,85936.65255244602,84624.05401019941,84888.5234375,12922
2022-08-26,85837.28792192067,85881.99484271333,84446.40594170436,84716.8828125,6083
2022-08-29,84078.78007709258,84341.8523983704,82935.32281281897,83868.8515625,5901
2022-08-30,84342.10752107175,85701.98988405846,84188.11698375193,84809.0,14199
2022-09-01,84887.53024149149,85422.91900384314,83949.6782150418,84588.2421875,6632
2022-09-02,85236.23551460067,85419.28553375756,83653.61038289419,83807.5,7733
2022-09-05,84336.14601023431,84545.77183699819,83553.57293524558,83705.328125,4058
2022-09-06,84227.30224242705,85330.56978771667,83862.28883264627,84702.4375,11784
2022-09-07,84347.0740737274,85351.44319174202,84347.0740737274,84578.8515625,5967
2022-09-08,85041.52427836764,85886.8811181798,84664.99257003574,84840.2421875,7893
2022-09-09,85279.32792718816,85429.98875181726,83465.86399588817,83659.640625,6406
2022-09-12,83999.33576498921,85340.5433733007,83701.28962980889,85249.4375,8568
2022-09-13,85439.99073315086,85787.61031399306,84759.39774444183,84994.0625,5533
2022-09-14,83204.55814547064,85881.05939750122,83204.55814547064,85511.140625,9618
2022-09-15,85924.72610973081,93275.53834363492,85127.10331102369,92263.625,66242
2022-09-16,91887.63095846701,92593.00686916559,85157.74867808368,85552.015625,52693
2022-09-19,86731.39394710204,87029.48670416184,84049.02483073164,85790.40625,35699
2022-09-20,86427.42784894818,86818.86181649176,84501.59942860303,85103.109375,17796
2022-09-21,85339.56828791411,85935.66068680988,83456.86322501628,83732.75,17007
2022-09-22,84049.0330088213,84645.12544150796,82856.84814344793,83961.109375,14055
2022-09-23,84347.07791043927,84545.77538490438,81634.75648292927,82061.2109375,16345
2022-09-26,81862.86259502807,81862.86259502807,78177.47462400956,78640.78125,17075
2022-09-27,79181.88632146397,80915.86320612721,78932.56757386253,79311.1328125,18319
2022-09-28,79305.1114881295,80574.49312016027,78794.90926857103,79892.9609375,15206
2022-09-29,80574.79203690564,81405.14553046593,78286.79102509357,79103.4375,16538
2022-09-30,79558.46544063013,81596.20885690607,78508.00005921462,81122.7578125,15688
2022-10-03,81565.29490972009,81565.29490972009,79578.32061228476,80099.15625,9872
2022-10-04,81363.6249126316,82459.441343986,80748.30703504996,82286.03125,10705
2022-10-06,82695.87393430025,83309.94982381098,81717.28920346475,81903.21875,10841
2022-10-07,81961.69239328086,82449.44799044894,81270.27194028879,82230.578125,8103
2022-10-10,81292.10716777148,82161.40864985886,80693.03426068726,81766.1015625,8792
2022-10-11,82174.96114298364,82541.86066825563,80209.44737593288,80552.9921875,10869
2022-10-12,80955.78634868642,82097.84633666357,80671.29976607014,81944.5078125,8355
2022-10-13,81833.40110372931,82161.39938219175,81167.91208615559,81577.578125,8430
2022-10-14,82449.51554041226,82658.14788483312,80482.70552028826,80820.34375,7118
2022-10-17,80859.94426843381,82102.84364906655,80262.904875444,81732.1796875,8749
2022-10-18,82131.59048612058,82757.48745002836,81889.92471394507,82547.015625,5618
2022-10-19,82563.74264525567,83949.65710275079,81962.6829701413,82607.90625,9220
2022-10-20,82558.79281491814,83949.67500433915,82558.79281491814,83623.609375,12767
2022-10-21,83661.6136136749,87613.5586936773,83661.6136136749,85663.2421875,36192
2022-10-24,86750.3163038855,87359.52581215154,85330.62297255725,85729.5546875,3801
2022-10-25,86134.3417511003,87128.82238055221,85546.79500746206,86774.0,14532
2022-10-27,87625.57914659988,87723.93438849911,86085.67384413695,86793.8828125,10885
2022-10-28,86791.04823770873,88966.78536729416,86730.44551400795,88786.265625,26116
2022-10-31,88786.25792846996,90655.70587414065,88718.45242791204,90175.8515625,16620
2022-11-01,90208.63420809398,91500.12094753004,89711.89062765293,90238.640625,14548
2022-11-02,90595.11195450272,90904.08649987387,89819.54765845362,90030.609375,11945
2022-11-03,89985.11963899757,90903.10198011194,89711.910608904,90067.7265625,8267
2022-11-04,90407.33489198367,90904.07849029129,89910.59129367607,90653.8671875,6468
2022-11-07,91100.79959872278,95374.78201789991,90792.27521841585,94282.046875,28285
2022-11-09,90854.40518218598,91400.27983333271,85342.18887871315,86450.7265625,80686
2022-11-10,86450.735370499,87772.41500317954,84545.77002456326,86898.9921875,24162
2022-11-11,87913.7006401603,88280.0491214696,85295.962223937,85595.296875,17194
2022-11-14,86023.2766820978,86185.0132911541,84645.10815453982,85618.578125,13612
2022-11-15,86046.65804506159,87277.83686503881,85618.56602988201,87003.8828125,19773
2022-11-16,86979.8232115161,87724.93877300824,86433.65350494235,87114.9375,9638
2022-11-17,87429.86057394957,87578.88874538243,86575.68077135351,87321.0234375,8525
2022-11-18,87428.86490394617,87822.15179106795,86843.38601358728,87521.9609375,6997
2022-11-21,87727.92272519779,88817.81549110427,86654.91981983863,88519.9609375,11462
2022-11-22,88428.35573053242,89218.20509636326,87926.62751701724,88379.875,9016
2022-11-23,88731.32569928105,89073.14353988295,88111.36851311103,88396.703125,6407
2022-11-24,88621.0979790358,89019.49998230483,88112.61693098886,88825.4140625,6000
2022-11-25,88786.01165827771,89802.38372705651,88424.36998375622,89322.1171875,9260
2022-11-28,89416.90594816157,91373.14914607191,89347.40603706262,90940.765625,13196
2022-11-29,91403.95054530428,92198.7675065678,91304.64499645267,91965.4375,11792
2022-11-30,92198.76736961525,93493.77568264406,91671.20761236023,92951.40625,17300
2022-12-01,93390.98388028688,94534.72848124232,92630.54437881285,93714.375,16380
2022-12-02,93877.82220647582,94372.59578525479,92629.95952586058,93941.609375,11977
2022-12-05,94098.33812533942,94626.5887172077,93443.11086050034,94060.3359375,8584
2022-12-06,93986.11652182236,94185.81429263268,93450.65514055987,93904.546875,6816
2022-12-07,94086.42379442965,94459.93348295837,92016.51523687497,92283.625,13731
2022-12-08,92496.81323745198,92874.3046793651,89665.27813834632,90502.21875,14507
2022-12-09,90717.439579472,91403.96282197181,89481.64651452852,90917.8359375,10766
2022-12-12,91135.71151390357,91135.71151390357,90013.07898338756,90801.5390625,6440
2022-12-13,90862.48248434364,91303.60590267013,90014.01536891387,90380.578125,5928
2022-12-14,90633.98140168913,91351.59873833203,90354.55353356937,90574.8203125,4831
2022-12-15,90549.5270254412,91105.85235597848,89915.66046583804,90284.109375,5201
2022-12-16,89934.52454290702,90140.92855384137,88025.97048752844,88535.3984375,8992
2022-12-19,88535.65397054747,89646.3640917452,87963.03647923999,89334.3984375,5089
2022-12-20,89615.50845382894,89615.50845382894,88125.32760624403,88428.3515625,7210
2022-12-21,88720.44344175032,89317.54964124295,86713.28237764887,87621.5625,7768
2022-12-22,87628.62460068376,88323.79455404497,86934.106645671,87621.375,5601
2022-12-23,87568.9626460277,87568.9626460277,85218.53975767009,85513.3671875,7258
2022-12-26,85246.55366914395,87801.39335934311,84649.0438276375,87029.078125,6899
2022-12-27,87429.87310850507,87916.69853831378,86933.1124658431,87519.4375,5533
2022-12-28,87191.41704554825,88016.0396087639,86933.10154381805,87353.609375,5192
2022-12-29,87330.50495249315,87330.50495249315,86050.30643999364,87000.609375,6365
2022-12-30,87330.51539734524,88671.76904679251,87243.33391013116,87961.8515625,6766
2023-01-02,88025.99141089249,88170.40129116546,87310.3610888604,87480.75,4248
2023-01-03,87825.19220325927,88543.60898501048,87392.81640426566,88300.34375,4793
2023-01-04,88316.09725705798,88496.46794811245,86831.77640363984,87442.046875,7515
2023-01-05,87926.61693586282,91304.58865995247,87868.9461410329,90684.4296875,22626
2023-01-06,90986.67901794582,92794.88775143196,89971.09845859316,92538.0625,28710
2023-01-09,92993.59077651554,93389.75738252126,92300.1129307676,92842.1796875,8191
2023-01-10,92645.85875234568,93867.88991873052,92490.7685291779,93553.890625,11295
2023-01-11,93650.300387462,93788.25235632923,90162.04750811234,90551.5078125,12684
2023-01-12,91004.30863390634,91069.63265434004,87999.15531365112,88938.28125,13853
2023-01-13,89118.84954600864,90062.69466383147,88578.6689775073,89131.71875,13692
2023-01-16,89516.27478093645,90092.12131514522,88423.4012819461,88650.2734375,9198
2023-01-17,89101.82460462645,89383.03770804302,88433.37880685856,88946.734375,6548
2023-01-18,88781.06234480019,89814.27791358146,88701.5340704058,89612.4921875,6516
2023-01-19,89415.92341981732,90310.09258922849,89237.08958593509,89897.78125,5767
2023-01-20,89897.76754155174,90608.03425776892,88677.3742872203,88976.7734375,7211
2023-01-23,89411.934691285,89953.15533046583,89098.92896194234,89695.4375,4493
2023-01-24,89913.65698913061,90360.14380637731,89461.65147280594,89828.7109375,4227
2023-01-25,89714.96147815857,89850.08035701826,87856.68103774749,88991.4296875,5737
2023-01-27,89059.24616954614,89084.82934211269,86348.2759229435,87689.28125,9731
2023-01-30,87787.54357142738,89622.5774439537,87492.21935994473,88685.5859375,7747
2023-01-31,88920.16091432046,90499.85986240728,88825.82295728898,90280.6875,11151
2023-02-01,90410.43988709264,92347.80645610177,90134.78429281464,91365.6640625,11990
2023-02-02,91105.88761311382,92397.46508200203,90462.73015728724,92216.0,7087
2023-02-03,92843.55492637122,92843.55492637122,90857.50621212262,92251.765625,8666
2023-02-06,92183.86831105564,92637.36418609116,91614.13045086744,92077.4140625,6467
2023-02-07,92000.07582582576,92099.42795954696,90956.87842175322,91145.5,5791
2023-02-08,91036.33933502398,91885.6524085242,90151.95807108431,91677.8046875,5787
2023-02-09,91677.16428118406,92496.81923140868,86785.0661297828,88237.640625,36042
2023-02-10,88423.38121624496,89393.95046285863,87554.69445750387,88493.8203125,10500
2023-02-13,88828.73452398935,88828.73452398935,87628.56103498413,88228.546875,7364
2023-02-14,88681.70759866553,88681.70759866553,86933.11018242476,87479.546875,6328
2023-02-15,87817.34367738052,88497.11402440238,87479.5464508808,88279.78125,6123
2023-02-16,88224.68603601765,89388.79797667696,88147.3931883661,88637.7890625,8304
2023-02-17,88542.60643268294,89087.05603238122,87976.29936730335,88164.7734375,4351
2023-02-20,88423.39206009962,89416.91331920186,88142.32644827655,88603.3203125,5810
2023-02-21,89070.18044587522,89862.04344131697,88546.82557404466,89377.390625,6804
2023-02-22,89378.19333915731,89419.92263638764,86936.03589648797,87093.3125,10970
2023-02-23,87431.81064237072,87680.19929065755,85446.68856526238,86171.8359375,10316
2023-02-24,86786.99865172463,86898.27677249158,86091.51039693119,86241.2421875,4732
2023-02-27,86226.63757752688,86226.63757752688,84255.47163970077,84594.328125,7189
2023-02-28,85013.48877309263,85344.54422948656,84094.45088242342,84707.078125,9473
2023-03-01,85102.17845298913,85887.78522027838,84280.75714539483,85513.859375,6829
2023-03-02,85922.61116580291,86588.29282030209,85445.70490586321,86243.234375,4710
2023-03-03,86440.24819912428,86836.07881968775,85645.30357036131,85806.5078125,5234
2023-03-06,85843.11071650105,86687.63206035552,85843.11071650105,86156.4296875,4610
2023-03-08,85999.10573866585,86636.96779354555,85913.80752360217,86193.640625,4988
2023-03-09,86240.53452579283,86607.20272585127,84809.81598066445,85045.1875,6402
2023-03-10,84948.8150048801,84998.54706849971,83807.3217094474,84562.625,4951
2023-03-13,84780.03709128073,85039.89826277504,82278.71613216275,82540.859375,7256
2023-03-14,82852.47206475819,83122.66458271384,81750.06889380766,81960.6015625,6817
2023-03-15,82655.78857112028,82662.74345283966,81445.9884484648,81577.8828125,4360
2023-03-16,81571.81858662039,82962.7948965468,80855.51235987581,82604.8203125,7114
2023-03-17,83017.4395820356,83017.4395820356,81521.1465090002,82367.453125,10903
2023-03-20,83017.44735450987,83149.54354216013,81705.31103714221,83021.375,5263
2023-03-21,83061.16758561603,85157.56786798027,82695.741295283,83206.2265625,6860
2023-03-22,83359.21403149683,83955.34667057786,83135.71086470387,83855.84375,2961
2023-03-23,83805.34304374563,84232.32316411517,83458.59246315467,83622.1796875,2966
2023-03-24,83904.65136372382,84232.52440329893,83160.52549222983,83337.875,3982
2023-03-27,83337.3765065076,84004.94431999949,82879.30124232601,83170.2109375,3643
2023-03-28,83358.23211349205,83710.84306630246,81693.5780593433,81834.46875,4242
2023-03-29,81372.1203242361,82168.45432228096,81259.3518790981,81483.3984375,5133
2023-03-31,81890.75635175992,83899.72373113992,81559.15750761151,83505.484375,5856
2023-04-03,83505.47476240265,84005.03084749311,83212.17437657295,83856.84375,2396
2023-04-05,83740.95463532349,84200.27180511404,83289.67904778026,83408.8046875,2944
2023-04-06,83458.58262707727,83955.3599046194,82788.67846831171,83464.09375,3733
2023-04-10,83210.1951846348,84233.55639108462,83210.1951846348,83854.46875,3582
2023-04-11,84055.75907431207,84748.51501740528,83750.98620153495,84071.609375,3034
2023-04-12,84254.33329627806,85241.23586155054,84203.76291322314,84905.4609375,4928
2023-04-13,85146.62348419584,85147.66361151892,84856.85487898963,84965.75,2496
2023-04-17,84947.93606049246,85147.64056169316,84453.14580378623,84826.078125,2573
2023-04-18,84948.92281951454,86931.06435196988,84936.45681347944,86261.7578125,6492
2023-04-19,86439.25568444935,86780.7435269944,85144.65395850869,85284.0,2897
2023-04-20,85722.90242793325,86309.30149256122,85457.77081473735,85945.109375,2998
2023-04-21,85743.76839123851,86389.5789295271,85535.26939040955,85959.765625,3418
2023-04-24,86384.61482532985,86637.97127803511,85743.772033193,86336.078125,3160
2023-04-25,86538.60698315305,86836.62679483782,85531.14260334917,86003.53125,3991
2023-04-26,85992.14845623082,86770.00078047866,85843.11526999818,86668.9609375,4413
2023-04-27,86933.05540051214,87035.3915343939,86250.48332306775,86892.21875,3368
2023-04-28,86873.78749457102,88724.43051663013,86812.83136417776,88433.1171875,7620
2023-05-02,88433.31768456554,88922.0456586797,87434.84184602225,88025.859375,5222
2023-05-03,88215.67836440551,93781.61775047943,87749.60035380557,92956.765625,47192
2023-05-04,93394.12832829343,95142.78434805722,92426.6545787224,94497.765625,28698
2023-05-05,94497.76743271275,98336.71483242298,93890.90740273912,97978.4375,44972
2023-05-08,97984.36158596934,99289.3956454215,96770.48616751813,97100.7421875,26682
2023-05-09,97516.89024643332,98560.61938620356,96574.85297556578,96871.328125,13521
2023-05-10,97567.06411877136,97567.06411877136,95952.58442694985,96602.671875,9964
2023-05-11,97070.2915968021,97606.81112046918,96573.51426007334,96733.4765625,9435
2023-05-12,97129.90267538263,97169.64486142003,95977.42585317258,96065.953125,6319
2023-05-15,96081.69234192633,97026.91201140708,94536.7150233627,96276.328125,9670
2023-05-16,96176.08809126767,96970.93179450129,95778.66623965086,95929.5390625,9357
2023-05-17,95913.79113274372,97268.99966743609,95679.1104209248,97025.6796875,9469
2023-05-18,97241.41763886888,97765.76604364053,96176.17969878066,96435.1015625,8164
2023-05-19,96631.19812028283,96653.95673463983,95083.19318808104,95616.3828125,10866
2023-05-22,95735.58362770466,95931.06547959751,95057.58357539824,95293.2578125,7085
2023-05-23,95446.81918579292,95832.11656685323,94611.53470261671,94872.1953125,9019
2023-05-24,94934.13669202264,96830.23463161937,94724.0464788075,95023.8515625,13583
2023-05-25,95063.3052747086,96426.9589796578,94954.410136806,96103.90625,8319
2023-05-26,96111.50097814087,97538.24533545323,95978.51214700278,97250.90625,6694
2023-05-29,97418.03959724905,97806.41858208207,96846.74563734677,97151.96875,4096
2023-05-30,97151.94682560759,97303.75884661659,96275.42995085666,96470.5625,4289
2023-05-31,96281.79594211775,98014.904425148,96027.15100827195,96585.1328125,13323
2023-06-01,96474.15253606204,97357.37601061055,96473.15898145303,96938.4375,3795
2023-06-02,96938.43734604612,97467.70699028987,95448.35382353148,95747.3671875,7514
2023-06-05,96255.57733392068,96561.5456022801,95880.16114590497,96173.5625,3003
2023-06-06,96263.52582817007,96622.69584496145,95607.43044285515,96013.3984375,4249
2023-06-07,96374.79931803167,98590.92292503033,96151.39700656483,96924.3359375,10781
2023-06-08,96980.85588320717,97963.48129523968,96275.43217992803,96451.640625,9411
2023-06-09,96637.09954405425,97962.40054017147,96523.83431387636,97756.7890625,8604
2023-06-12,97701.29373793562,98759.32849246454,97520.11750189889,98330.65625,7627
2023-06-13,98511.14212909312,99792.57919686007,98511.14212909312,99348.359375,16655
2023-06-14,99348.51521290814,99752.89197619811,98759.33727523996,99468.8828125,9786
2023-06-15,99453.8292966291,100199.59298724198,99068.3300831795,99435.9453125,8297
2023-06-16,99437.92058032697,100045.92939543676,98907.85922495589,99248.6484375,9713
2023-06-19,99355.44930907154,100002.2532840736,98915.35124149921,99115.2109375,4964
2023-06-20,99554.18179587735,99554.18179587735,97646.6576633774,98707.875,8914
2023-06-21,99005.73996195127,100299.34819724411,98843.14628572791,99774.953125,10714
2023-06-22,99752.88649240305,100249.66381557239,98858.68731069825,99224.765625,5564
2023-06-23,99332.60866014574,99332.60866014574,98242.72583225383,98850.78125,4670
2023-06-26,99156.70020174066,99434.84114825672,98433.23722685488,99310.3984375,3699
2023-06-27,99256.10373024739,99853.1834671044,98659.97097511076,98949.34375,7862
2023-06-28,99247.41534439073,100050.8051820548,98958.04255429095,99740.171875,4178
2023-06-30,99949.62153539016,100993.14899275564,99375.59527401248,100607.8515625,9620
2023-07-03,100421.55331563846,101231.30038906306,98958.04725532625,99255.5703125,9229
2023-07-04,99832.35790803589,99832.35790803589,98361.89722228855,98509.8359375,5734
2023-07-05,98958.03710935824,99653.52532197422,98460.26626004309,99545.4296875,5430
2023-07-06,99569.06648851505,101231.28320492762,99398.67188787862,100653.53125,8593
2023-07-07,100527.86960609128,101317.69905947095,100031.09223108589,100575.2109375,6354
2023-07-10,100524.87753003088,101185.88632531525,99753.13396557006,99954.4296875,5534
2023-07-11,100299.23255145305,101556.0790777142,100161.27594750517,101273.21875,7421
2023-07-12,101242.22056465193,101834.3325355981,100997.51117061338,101572.4765625,6691
2023-07-13,101443.9188230696,101640.64264754872,100352.29720328593,100611.2734375,3256
2023-07-14,100796.1191094681,101739.99602572236,100611.56633347417,101482.8671875,5109
2023-07-17,101482.86506809336,101681.57599368115,101164.22899405514,101330.796875,2065
2023-07-18,101342.56642524904,101839.29713877672,100956.12026930178,101586.4375,3212
2023-07-19,101596.92402214403,102326.19313331848,101407.45004603104,102056.09375,4956
2023-07-20,102007.17504040954,102240.00330746442,101111.50228395715,101406.28125,3770
2023-07-21,101508.8700071907,101808.42275714355,101061.73341432864,101598.390625,2112
2023-07-24,101609.10713894581,102690.58543724504,101260.78992544305,102229.609375,4020
2023-07-25,101710.70479327298,102205.21409901258,101509.57495301106,102032.84375,2053
2023-07-26,102504.7720733858,102767.00515534052,101509.58011150826,101713.7421875,4152
2023-07-27,102131.58178119981,102404.26439662538,101380.56167293587,101910.796875,2542
2023-07-28,101559.53778432982,102297.91576586556,101390.85275355767,102041.15625,2608
2023-07-31,101778.27611773812,102802.1808641182,101609.0934938991,102461.2265625,3198
2023-08-01,102014.27491181348,103072.96462757773,102014.27491181348,102789.1328125,3426
2023-08-02,102502.77665656518,102703.75877337299,101509.57512737771,102095.9453125,3702
2023-08-03,102109.68453555423,107082.65894784397,100912.51521199831,106459.0234375,23043
2023-08-04,107947.47752435219,111458.51478574405,106261.97220355835,110761.3828125,26665
2023-08-07,110936.04968523674,110963.9150630104,107393.51581193693,107695.953125,11175
2023-08-08,107695.93111740425,108307.27436701451,105355.13878856141,107117.328125,11305
2023-08-09,107117.34725227204,107479.74487780701,105490.3559944772,105905.25,8607
2023-08-10,105888.6759546229,106240.025374795,105092.32021860723,105844.2421875,6482
2023-08-11,106236.75645097852,106236.75645097852,105107.81209010679,105479.6640625,4759
2023-08-14,105202.79486969969,106137.23356765756,104303.09459470685,105755.4296875,4265
2023-08-16,104992.7507203526,106137.22146280194,104330.30275385185,105951.8203125,4641
2023-08-17,105396.59385437892,106464.88573618096,105396.59385437892,105960.96875,4952
2023-08-18,105987.95036729722,107480.73840063944,105918.3335753673,107242.2421875,7089
2023-08-21,107978.33007517936,108077.80262378116,107050.91222189901,107280.15625,6810
2023-08-22,107779.28752564549,108028.03886200106,107239.8934920453,107890.546875,3566
2023-08-23,107888.76892657114,108674.97063722505,107531.64270845933,108153.0390625,4181
2023-08-24,108873.00221486356,108873.00221486356,107586.21904624393,108073.015625,4788
2023-08-25,107607.77344182029,108372.13534183147,107481.28298041433,108020.1328125,3562
2023-08-28,108001.92142745508,108376.9533136325,107402.66034322315,107767.3515625,3583
2023-08-29,107832.73715117255,108475.92662263068,107730.38010028473,108289.328125,2244
2023-08-30,108474.93085777,109250.8307316329,108289.3275531069,109067.0234375,2943
2023-08-31,109149.67398302454,109149.67398302454,107745.80793036273,108163.6875,5954
2023-09-01,108973.5242896979,108973.5242896979,107041.90326218783,107464.9609375,6574
2023-09-04,107977.33715967154,108456.02451323059,106831.4202175644,107675.1953125,4965
2023-09-05,107932.25625626999,108276.88813122005,107369.42076334238,107998.234375,3494
2023-09-06,107730.03754901927,109011.30067019517,106983.14591174702,108869.78125,8365
2023-09-07,108307.72863415966,109357.2595568601,108275.68034531116,108680.078125,2632
2023-09-08,108774.48615693768,108894.65559155296,108078.05390174687,108335.0078125,2652
2023-09-11,108923.76659881679,109321.84340685267,108381.38694786791,108914.265625,3871
2023-09-12,109272.07541094167,109272.07541094167,107037.91614710717,107397.3359375,8831
2023-09-13,107588.21138970023,108666.64959192272,106960.04312054031,108534.2890625,7363
2023-09-14,108475.92672098287,110665.34909516785,108475.92672098287,110467.5546875,6353
2023-09-15,110466.29718508878,112185.9420808379,108017.82974583388,108708.640625,14149
2023-09-18,109138.73097191285,109270.84271608626,107540.45254522735,108479.8671875,7075
2023-09-20,108475.9192173465,109236.8911635476,107580.24648986383,109076.9140625,4471
2023-09-21,108493.44307687732,109247.19992978618,107978.3301515081,108318.3359375,3636
2023-09-22,107978.32360237524,108824.2367365874,107955.48083777675,108132.625,3372
2023-09-25,108475.88052223704,108963.47017395213,107133.41317411084,108834.3984375,6572
2023-09-26,108774.49397466227,109451.17793713587,108457.47864862993,109192.078125,3557
2023-09-27,109192.06413019092,109968.71037225789,108726.60974563594,109755.140625,2909
2023-09-28,109582.58811082492,109747.29239675507,107785.3723246568,108203.6484375,7911
2023-09-29,108203.08411724212,108836.52374591253,106286.49228908133,106779.7109375,9966
2023-10-03,107629.76604506737,108078.44991343442,106038.74948405575,107773.7734375,5523
2023-10-04,107729.32936939293,107729.32936939293,105929.33030542989,106387.4140625,3710
2023-10-05,106784.09475522266,107301.59456205132,106070.58878658283,106257.140625,3120
2023-10-06,106485.55181182749,107480.74388483523,106485.55181182749,107033.15625,3580
2023-10-09,106833.86633960104,107166.80472924316,105893.40985435723,106751.21875,4229
2023-10-10,107181.19087604871,107491.2398558555,106486.5468103519,106688.671875,4103
2023-10-11,106804.01043821308,107642.66188583529,106783.01033104282,107220.1484375,3534
2023-10-12,107580.25140255922,108326.6453762125,107391.31265304101,108162.6875,3311
2023-10-13,108231.11307780535,108724.7283203398,107779.44362397859,108568.234375,3150
2023-10-16,108466.07518937813,109321.83921968889,107800.14402962865,109021.7421875,4661
2023-10-17,110167.7524642481,112893.87875197249,110079.72462341984,110352.609375,15221
2023-10-18,110466.3062384858,110565.7787836727,108875.04096310532,109145.484375,5862
2023-10-19,108874.51108251579,109620.36089639817,108178.37422297474,109048.21875,5030
2023-10-20,108645.2098442296,109517.29346884464,108376.45358429283,108978.1015625,3657
2023-10-23,108824.2395370139,109869.1910826368,108116.80578563976,108453.3828125,9731
2023-10-25,108774.43909840402,109420.21763309535,107630.0149464716,108110.1484375,4580
2023-10-26,108177.37490083667,108177.37490083667,106561.13637596632,106964.53125,5675
2023-10-27,107758.39623323148,108352.52586641279,107111.87129542799,107670.6171875,3807
2023-10-30,107670.62234722314,108923.3747811785,107400.58320085947,108491.5625,4654
2023-10-31,108973.47785074335,108973.47785074335,107388.28471127719,107777.1015625,8331
2023-11-01,107978.33258242518,108749.60638658536,107828.8516332439,108061.7265625,3163
2023-11-02,108973.72135501803,110267.26874974459,108401.28383182247,109968.7578125,5623
2023-11-03,110217.30762203979,111262.46133030707,106784.0975021641,107205.3125,25427
2023-11-06,108371.4290601366,108371.4290601366,106588.2472067068,106875.5078125,7716
2023-11-07,107480.73180152001,107480.73180152001,106493.54802570702,106670.046875,4702
2023-11-08,107311.55353148853,108177.37057287215,106814.05860488102,107827.1640625,5787
2023-11-09,107804.66253982033,108584.34876103688,107256.21071665331,107558.5546875,5103
2023-11-10,107778.29664857144,107958.32532344505,106822.01822636972,107775.015625,3311
2023-11-13,107978.32226090253,107978.32226090253,106518.4223782031,107120.0703125,6671
2023-11-15,107778.30435962063,108983.9328845716,107294.24449907789,108853.609375,6906
2023-11-16,108495.82844562993,109968.71255954969,108475.92460625264,109768.53125,5724
2023-11-17,109474.09220320205,112061.56057834602,109275.39828088296,110942.2890625,11891
2023-11-20,110806.68588898813,111066.43804247456,110120.93336165346,110858.390625,4443
2023-11-21,110867.39834782128,111215.67835242127,110352.57466106447,110901.53125,2888
2023-11-22,110471.4041387924,111251.50813256232,110088.68799469885,110666.1171875,3222
2023-11-23,110668.35437710615,111464.48293756096,110586.74641794318,110846.203125,1854
2023-11-24,110469.31471108005,111016.6851893782,110238.57161897133,110915.375,2854
2023-11-28,110867.4056958918,111265.49332855208,110668.36187956165,111013.65625,3104
2023-11-29,111066.49896534426,111958.41743888255,111066.49896534426,111729.8125,5354
2023-11-30,111663.58296193244,112449.7593996283,110910.40425750379,111149.0546875,13163
2023-12-01,111117.19597858124,111564.0493072069,110579.28011193944,110876.6484375,3677
2023-12-04,111464.53192848437,111563.90610416642,110326.2035062242,110973.5390625,4689
2023-12-05,111156.00266626898,113911.76389272523,110454.41996914215,113186.1015625,7340
2023-12-06,113176.30254873309,113952.52670322508,112908.3398380292,113543.390625,3569
2023-12-07,113544.53778718995,118431.06316658431,113299.81498564266,116847.21875,11242
2023-12-08,116888.47355291329,117535.16376013511,116461.77339935167,117385.484375,7684
2023-12-11,117386.08931428626,119028.2007798952,117053.78722182103,118481.28125,9161
2023-12-12,118481.28030044674,119775.60934158826,118331.54648249575,118931.5625,8705
2023-12-13,118928.68406038098,119493.9218659394,118576.37649421048,119212.5703125,3862
2023-12-14,119376.52002789614,120421.4999864563,118978.47907552613,119982.40625,4276
2023-12-15,119983.39730168357,120613.92294748797,119278.38573582484,119509.921875,4857
2023-12-18,119511.88762158758,119701.97448046974,118741.9378762291,118847.7265625,3968
2023-12-19,118742.3108381117,119426.27506761352,118000.57725810519,118216.6875,4139
2023-12-20,118928.6740420379,119026.2521578347,116440.6264679367,116758.0546875,4608
2023-12-21,116441.56582991352,117165.09000725854,114947.83548630524,117013.0703125,4166
2023-12-22,119087.90776300887,120122.8888914382,117336.3689412036,118972.7578125,12705
2023-12-26,119704.93346412483,119922.88641082123,119128.7017009412,119694.3359375,2962
2023-12-27,119694.35712502067,120763.76671052915,119426.29330248229,120459.875,4444
2023-12-28,120653.38592696216,126025.18159646046,120421.4998982325,125259.609375,13240
2023-12-29,125497.11859489462,129775.91504945615,124486.62140651577,128959.734375,17516
2024-01-01,128950.52637072056,130109.31117325931,128383.25153834184,128804.7734375,9043
2024-01-02,128831.10052975494,129646.78358338786,126648.68632308747,129370.8046875,8846
2024-01-03,129119.72456293926,130328.91575566294,128383.26243732976,129971.484375,7203
2024-01-04,129876.06987671065,131319.13731978522,129526.74803359399,130880.9921875,6833
2024-01-05,130970.82751669633,132861.79037033816,130970.82751669633,132066.8125,8182
2024-01-08,132763.21915633907,132961.22110037407,130572.74198328113,131289.890625,7613
2024-01-09,131368.91244123827,132463.6533782486,130574.92980625518,131062.8359375,5777
2024-01-10,131467.42502149456,131567.53782542006,129587.45646862434,131198.125,5915
2024-01-11,131825.70536000482,132986.13064216584,131371.59006847732,132730.359375,4736
2024-01-12,133227.99709901877,133996.2129806015,132027.10969221123,133708.78125,6940
2024-01-15,134055.01768259142,136145.92636285015,133011.0794965612,135301.1875,8379
2024-01-16,134568.84481605297,137141.19071006254,134568.84481605297,135941.65625,7490
2024-01-17,135577.6986323666,149535.80158646856,133359.40197712491,134233.453125,37455
2024-01-18,135747.87907805288,137290.42196213757,133110.54858276813,136929.40625,14497
2024-01-19,138330.75953113716,139326.63163763413,137373.40550976858,138765.328125,10260
2024-01-23,145088.9955595322,147142.9253993841,139152.76309370063,140323.140625,22069
2024-01-24,141221.55554166876,141320.92192423475,135454.51108095638,139102.78125,17366
2024-01-25,139785.49663411276,139927.76632215624,135482.21566555477,136203.65625,13504
2024-01-29,136202.84244919245,143460.81912725038,135681.2388401063,143185.734375,26375
2024-01-30,143958.43513706615,144057.9570417582,139334.647445073,139947.546875,13414
2024-01-31,140325.8852592572,142162.01774526754,139828.36903884666,141895.75,11634
2024-02-01,142813.94107568733,143659.87731202415,141023.541911958,141796.625,12544
2024-02-02,142316.33204652893,142813.39733869102,139775.83312657292,140268.015625,12058
2024-02-05,142201.85630459263,143285.99182199338,139739.98013619514,140968.53125,19822
2024-02-06,141564.91647045658,142913.43811844048,141083.32381088485,142702.15625,8245
2024-02-07,143694.6910851915,144135.12213061756,141850.55033247577,142313.125,7534
2024-02-08,143162.27755310445,143162.27755310445,141331.1209318604,141801.90625,7121
2024-02-09,143062.73632691972,143062.73632691972,135648.35451380286,136427.953125,26614
2024-02-12,136942.13949315992,144077.45568081824,136897.35463649427,143115.234375,40809
2024-02-13,144109.6808672371,144711.2906660261,141819.27797063784,143935.921875,15951
2024-02-14,143411.06860786438,147327.75327480573,142085.84110863428,146580.34375,11908
2024-02-15,147292.3907611343,149481.2813342254,146346.93284746486,147799.796875,16290
2024-02-16,148136.37826104576,148486.69539764072,146794.7295611549,147346.671875,9418
2024-02-19,148286.05613334358,148834.96610442872,147392.94031478485,148190.40625,11657
2024-02-20,147644.72274930694,148225.97730888723,146426.1237080937,147915.515625,6520
2024-02-21,147992.0534043097,150076.78384641578,147992.0534043097,148973.3125,12528
2024-02-22,148495.64147131145,150022.33821284323,148194.13068332293,149449.578125,7334
2024-02-23,149449.60589463427,150724.00976737437,149335.65099933653,150007.4375,7594
2024-02-26,150131.82506941882,150504.79093912226,146673.52454559674,147668.359375,24255
2024-02-27,148191.1177179278,148937.5471221484,145412.40985581593,146448.609375,11115
2024-02-28,146797.7752188198,147793.0143728457,145006.34474157318,145333.1875,9984
2024-02-29,145603.47558443117,146387.13304647425,144057.57385090803,145386.0625,58201
2024-03-01,145386.0959418476,146797.79623207473,143413.98262401333,144494.8125,8313
2024-03-04,144931.69819661038,146101.10417347573,143927.25310541774,145450.015625,9680
2024-03-05,145802.47974155823,146444.40895332437,144309.66776137624,144704.03125,4157
2024-03-06,144886.91842906133,145454.15810436194,143314.44053980513,145046.25,5515
2024-03-07,145042.09190962263,145042.09190962263,142844.89913946128,143271.3125,7336
2024-03-11,143812.05199612584,144645.3625962898,143200.67971841956,144260.609375,10522
2024-03-12,143955.8676501855,143955.8676501855,140925.86209130846,141599.296875,6303
2024-03-13,141599.28409772814,142816.80356839276,137091.10001435585,138395.65625,9846
2024-03-14,138437.7679841511,142242.97163150305,138238.72015096038,139633.75,7838
2024-03-15,139831.10040932242,141953.74335580508,136891.00845758876,140639.28125,23415
2024-03-18,140627.30829338875,140627.30829338875,135651.11196312023,136360.46875,16839
2024-03-19,136337.7914254059,136337.7914254059,131520.99014269144,132048.0625,13171
2024-03-20,132048.36398820858,133400.8938590266,128997.51310335545,130886.53125,14354
2024-03-21,131393.44400030872,132336.8372739822,130421.63976314664,130957.125,10316
2024-03-22,131073.00035735584,132117.9081954837,129878.7133381544,130677.84375,11040
2024-03-26,131366.57778750113,131687.3868735172,130077.7898756372,131018.6484375,7707
2024-03-27,131371.56135243573,133206.68895129947,130639.06537398578,131181.875,7985
2024-03-28,132256.32570122962,133362.036315758,131372.05578132998,132752.296875,10442
2024-04-01,135347.53135779512,136337.70088513027,133914.43381200527,135073.1875,12671
2024-04-02,135651.07140589878,136835.35912658143,134264.40806121615,136440.09375,7756
2024-04-03,136545.8404535001,136900.0990021424,135352.54850017867,135542.34375,6928
2024-04-04,135748.6409871015,136464.46680588165,134457.81570109827,134716.53125,5388
2024-04-05,135044.0050075354,135452.05307336996,133859.67037743027,134819.671875,6537
2024-04-08,134165.21238721017,135152.4896850368,130152.65669616939,132076.65625,15744
2024-04-09,132287.18950497566,133351.7999474293,132047.43017043846,132290.875,3764
2024-04-10,132864.40654612723,133250.51262643313,131620.3577956953,132047.90625,4292
2024-04-12,132366.7798121344,132714.615823746,130873.92139320055,131089.390625,4795
2024-04-15,130773.93144910381,130773.93144910381,128555.04568343669,128827.5390625,8752
2024-04-16,127888.22074110863,130066.5036079316,127391.74417502266,129536.484375,6799
2024-04-18,130127.47401843422,130877.02906430273,128389.68535941617,128616.25,4811
2024-04-19,128307.22820700164,128904.41835698126,126705.98947179015,128542.75,6377
2024-04-22,129281.56064167837,131024.22432669438,128096.33193832397,128405.796875,6055
2024-04-23,128883.47231712099,129484.69785385612,128141.97248477335,128611.4765625,5398
2024-04-24,128821.56579002,129527.9912195037,127714.1134013543,127912.5703125,4696
2024-04-25,127888.23633070021,129256.29368078231,127589.6645727297,129015.546875,5828
2024-04-26,129082.52107083968,130127.52220518341,129015.54458444654,129617.7109375,3735
2024-04-29,130376.3367322527,130615.1941430599,129779.19320523475,130198.484375,3233
2024-04-30,130428.7307843405,134936.92324965025,130428.7307843405,132386.171875,14637
2024-05-02,133400.3316053192,134357.3008107116,131869.20264755026,133224.671875,9911
2024-05-03,133660.61186221385,133660.61186221385,127159.60894642923,127948.3359375,32315
2024-05-06,128833.71399006131,128833.71399006131,124405.99588370592,125873.375,16067
2024-05-07,125873.37500191368,126381.49126358436,122524.9938041379,123921.7109375,13141
2024-05-08,123921.70468322061,126584.61474998388,123250.4158790345,126074.5546875,9470
2024-05-09,125698.69832669414,127091.9319876864,125201.07877670722,125624.203125,7038
2024-05-10,126096.79559154433,127242.26915854176,124945.75490575969,126988.234375,5922
2024-05-13,126988.24055599624,128584.6974742971,125025.07688330804,128268.3125,9777
2024-05-14,128087.26737853004,128385.83909736111,127092.0283157598,127584.625,5329
2024-05-15,127390.61772628462,127937.9526349897,126695.89411215842,126838.7109375,6132
2024-05-16,126947.73285453883,128535.13933725601,126445.13707160957,128350.3203125,6690
2024-05-17,128286.32381794466,128972.19130911422,127788.70425309616,128528.765625,9747
2024-05-21,126952.70161702506,129373.41860836951,126952.70161702506,129003.640625,7993
2024-05-22,129032.75128819326,129580.13280156393,128385.84586330067,128864.8046875,7108
2024-05-23,128864.80533033493,129963.3005092381,128436.65035070947,129541.0703125,11228
2024-05-24,129530.36786306518,130870.95492039557,128354.19741390522,130415.6796875,8423
2024-05-27,130177.27885799376,132167.75712799365,129531.3686593788,130330.296875,16733
2024-05-28,130674.89008517379,130872.14957926299,128385.84022077241,128494.5234375,5327
2024-05-29,128883.46096808952,129082.46213242455,127310.98322037075,127537.75,5173
2024-05-30,127390.61601202616,127393.10410999514,124454.660408624,124868.7265625,8549
2024-05-31,125499.65329059088,126295.79793639759,124432.30598402538,124834.3359375,14691
2024-06-03,128286.3132591621,128286.3132591621,126096.93508483679,126365.8984375,17642
2024-06-04,126395.36754635625,126395.36754635625,115793.93276748888,121322.8359375,19731
2024-06-05,122563.70290097433,127717.40117481149,121435.99585052463,127350.5078125,9992
2024-06-06,127888.22645067774,128084.93390696275,125333.99191040498,125531.546875,10281
2024-06-07,125531.54556546488,126843.22405529424,125202.57238911022,126674.484375,7440
2024-06-10,127588.65599008622,127589.65122917536,125449.28848898585,126358.8359375,14250
2024-06-11,126365.51297900476,126892.98972058839,125454.86917042172,125657.796875,4595
2024-06-12,125798.23786395193,126295.85747575553,125230.99815833442,125477.2265625,5185
2024-06-13,125501.09909230773,126161.7823611038,125251.98607567923,125479.3515625,2995
2024-06-14,125478.7369800172,125724.5610112521,124790.03159696236,124982.8125,5958
2024-06-18,124982.82822341907,125728.51113262516,124982.82822341907,125249.0546875,3439
2024-06-19,125300.60401639671,125597.13861950293,124156.0790392811,124353.8828125,3973
2024-06-20,124603.94549312232,126096.80426500477,124022.08046086282,125699.8515625,6497
2024-06-21,125698.69593684116,126494.8872016826,124404.88513147384,124692.8046875,7878
2024-06-24,125095.58251601014,125742.8844668317,123907.26703934366,124649.015625,9053
2024-06-25,125400.13960425522,127161.71299393405,124863.00589616115,126350.4453125,6690
2024-06-26,126873.07718965669,126873.07718965669,125201.5731643976,125327.921875,5775
2024-06-27,125327.9328322327,125553.85212184684,124205.89398154314,124614.890625,6984
2024-06-28,124913.46061568287,130214.50085475428,124802.94241849851,128842.8125,21408
2024-07-01,128983.49300840404,129878.71063457878,127093.53383985948,129050.625,11010
2024-07-02,129152.18826442456,129341.23705660625,127515.12089387777,128074.4453125,6210
2024-07-03,128607.30059288225,128709.3592651567,127390.62064183039,128314.1015625,6825
2024-07-04,128360.97203179153,128535.1388866515,127221.4698332582,127906.0,4989
2024-07-05,127888.23329516881,130027.99750983507,127589.66154428516,128337.1328125,7882
2024-07-08,128559.01151589173,130605.72066155905,127449.27330197961,128158.03125,20120
2024-07-09,128883.46647538463,131023.18393877911,128146.78736614979,130725.203125,7879
2024-07-10,131370.57419324183,131370.57419324183,127589.66061541073,130249.390625,7283
2024-07-11,129780.17861852406,130707.69484176308,129659.75468302632,129984.1015625,3872
2024-07-12,129988.18680534577,130376.2834262617,128605.94734166653,129073.4609375,4312
2024-07-15,129600.04596847093,133710.38378024934,129600.04596847093,130636.9296875,16952
2024-07-16,131222.29253596652,132844.53248161403,130774.43488226015,132547.546875,8534
2024-07-18,132069.29751566667,132540.79196932897,130163.32161831923,131670.953125,5679
2024-07-19,131620.3699627325,131620.3699627325,126892.98427408993,127513.5625,18338
2024-07-22,127513.56525084391,130933.6578136393,125997.41953991765,130350.9453125,19170
2024-07-23,129879.70576332448,133099.35110133386,125624.66180899864,131376.25,18946
2024-07-24,130844.23472913666,137219.58064162906,130332.07537847557,136619.109375,22893
2024-07-25,134049.28007269258,139525.70381327416,134049.28007269258,137128.859375,17629
2024-07-26,137427.75512950367,138855.90460498817,135749.44707444485,138404.8125,13182
2024-07-29,138414.92596277682,140007.36648651256,138035.70152645322,138787.765625,12647
2024-07-30,138793.16512923533,140029.0083344648,138787.7770023577,139469.390625,7514
2024-07-31,139480.8323133536,142020.13468458888,139480.8323133536,141772.171875,11737
2024-08-01,141983.88998938847,143367.6415311073,139131.98332545024,139795.90625,8618
2024-08-02,139794.78685807055,140178.49621493334,137538.3765101814,137896.515625,6267
2024-08-05,136341.38898716395,137437.70132551104,134821.50142718278,136011.09375,9577
2024-08-06,135568.9771678081,138534.0035017484,134846.40772508315,135218.453125,7917
2024-08-07,137039.0465099866,138208.41003742765,133756.13599726956,134154.25,6772
2024-08-08,134049.09489186437,142022.27525717972,131557.47602770332,139920.890625,39876
2024-08-09,139920.91265375336,140776.3322623484,134946.09892849508,136452.734375,17910
2024-08-12,136640.38749312563,138035.6941487812,134049.10370405106,136825.265625,15138
2024-08-13,137836.32477559787,138035.70102562394,136560.6624875884,137027.046875,4734
2024-08-14,136645.36841356504,137686.81843173018,135068.5161932297,135514.625,6578
2024-08-16,136789.89884817653,137216.7599498759,134170.75537169928,135631.0,9943
2024-08-19,135823.1408666006,136539.97968424295,134049.60638485628,134471.4375,9128
2024-08-20,135145.4153607314,135762.04434902864,134598.2558250895,135417.546875,4051
2024-08-21,134846.4235162403,137537.37210082158,134846.4235162403,137369.28125,6885
2024-08-22,136977.03200314604,139428.98721379208,136977.03200314604,139146.484375,5436
2024-08-23,139032.35400813108,140029.00170711408,137767.95067576814,138055.234375,5657
2024-08-26,139530.23693404713,140029.01242771343,137897.3385625911,138857.40625,9279
2024-08-27,138892.820029884,139381.13067292148,137984.78056196563,138342.265625,4576
2024-08-28,139032.3403780174,139032.3403780174,136028.78710538414,136397.5,6441
2024-08-29,136540.72963343968,136852.5246253102,132942.83157521547,133970.46875,10344
2024-08-30,134946.085083438,135035.78336746688,133949.4374831172,134381.4375,10322
2024-09-02,134995.91858690974,135622.5140529698,133550.7795544179,133745.375,6841
2024-09-03,134298.26535869186,134346.10444394022,133590.64555605978,133968.375,4691
2024-09-04,133947.45772147583,135005.69513589315,133606.05916601603,134873.25,4118
2024-09-05,135793.25048069557,136207.85592803478,135045.76469823302,135561.125,3971
2024-09-06,135892.91814738297,136241.74485329853,133593.10678980598,133810.671875,3820
2024-09-09,134547.40616991316,134547.40616991316,132155.45228244804,133530.125,6107
2024-09-10,134397.93924845447,135902.78380506078,133805.58793065543,135304.296875,5084
2024-09-11,135763.3511922745,136191.90970800407,134688.76251575138,134892.234375,5167
2024-09-12,135342.75375310978,136018.57427644424,135045.752761796,135506.453125,3413
2024-09-13,135942.7293057751,137138.65967858667,135344.7874782969,136893.484375,4948
2024-09-16,137338.037764702,138044.6609053056,135643.7368633958,135969.640625,5576
2024-09-17,136590.54988722593,136804.175065463,134600.19796597955,134765.890625,2915
2024-09-18,135235.11687495117,135235.11687495117,132853.1290399513,133792.671875,4978
2024-09-19,134248.42966838204,136391.22197563536,133673.3172941148,135890.5,7839
2024-09-20,136042.40079256977,136359.63061703695,134647.14083563158,135478.703125,13578
2024-09-23,135593.90938340506,137039.04843967804,135593.90938340506,136774.734375,5664
2024-09-24,136750.02147838013,137537.32638917863,136291.56356802335,137351.0,5250
2024-09-25,136887.5615707803,139386.81128188077,136839.87820972735,138689.65625,8665
2024-09-26,138783.18190390905,139032.34381037924,137235.43485877354,138386.671875,8335
2024-09-27,138235.02917760712,141906.5856877464,137913.1119863716,140501.3125,12240
2024-09-30,140527.32120050438,141409.19866056473,137736.7544477155,138049.3125,6269
2024-10-01,139131.972481142,139976.22623697258,138484.35413636526,139792.65625,3931
2024-10-03,137537.36368167898,139425.51248961332,135468.72822914875,135648.0625,7483
2024-10-04,136142.05140217565,136324.23545453587,132554.12032569078,132961.5,10223
2024-10-07,134923.17909843317,135045.76676863644,130117.34376737513,130797.8984375,7958
2024-10-08,131158.82659197328,132139.37212236726,130411.442100137,131697.21875,5944
2024-10-09,133351.4681749009,133540.83124630022,132006.83464175556,132138.84375,4681
2024-10-10,133152.1365206267,133241.834816187,131557.50015511023,131771.234375,3208
2024-10-11,131956.14958952306,131973.99581160455,130711.53911184611,131754.421875,3353
2024-10-14,131754.43759775005,132454.48922356789,130811.21948758942,131471.09375,5429
2024-10-15,131471.77729823376,132055.76609970446,130411.34420511764,130588.0,6023
2024-10-16,130561.09909696378,130838.0114339801,129095.824520039,130056.34375,5437
2024-10-17,129983.77786854088,130510.90323190275,128966.20065932012,129376.5703125,3163
2024-10-18,129364.85558650039,129514.35272315658,128186.81814964951,129010.6953125,3964
2024-10-21,129663.85255817541,131557.48299522794,127621.7683468102,127813.03125,9788
2024-10-22,128557.58397770401,128557.58397770401,125677.2721884524,125983.4921875,5713
2024-10-23,125677.26517699496,126330.06936962725,124569.3901227406,125073.25,6712
2024-10-24,125178.95115261737,125577.46229282825,123534.48244718889,123715.078125,5151
2024-10-25,123715.0631503811,124443.70596679705,121466.47048456442,122340.28125,6300
2024-10-28,122487.9839107794,123881.29718585889,122407.55133896043,122678.296875,5059
2024-10-29,122985.32507087397,122986.3217185378,120345.20540934717,122097.1640625,5946
2024-10-30,121790.34070404583,122750.5094760333,120893.4045525612,121580.3984375,6372
2024-10-31,121690.68071870857,122560.50497421433,121095.68205868344,122113.7109375,4359
2024-11-01,122089.3458863451,123085.44856614358,122089.3458863451,122916.859375,927
2024-11-04,123335.1411697504,123415.16885794121,120096.03645216099,120471.5234375,9772
2024-11-05,120396.03657582727,120837.45027671242,117604.42641987746,119129.4453125,9899
2024-11-06,119443.24123468975,121432.34756032757,119443.24123468975,121205.859375,6948
2024-11-07,121491.35115776434,121923.54586325513,119828.04741603376,120620.234375,5330
2024-11-08,120594.36584224358,120842.98271345632,117007.4776620342,118954.1796875,15073
2024-11-11,119698.37152835296,124734.47848994307,119647.54250155097,122633.1015625,23062
2024-11-12,123285.31949037526,123691.65586889467,120312.42064741222,120518.7734375,8804
2024-11-13,120494.69816781498,121252.1036468767,119523.26261074218,120079.796875,7941
2024-11-14,119996.37590806438,121492.34401635345,119879.76813413379,120147.6171875,5012
2024-11-18,118688.87345042362,120768.42543543263,118625.13472035494,120455.9296875,6728
2024-11-19,120497.69080913275,123781.27468588995,120169.63765237358,122541.46875,9833
2024-11-21,122690.36400612375,123686.98961859582,121345.89974996253,123098.8984375,6696
2024-11-22,123250.48642623819,124327.68670256971,122130.32801770879,124182.375,6464
2024-11-25,125580.70955789766,125780.04401751337,123587.36496174055,124078.078125,14605
2024-11-26,124285.04388716114,125331.25398306422,123587.41995083731,123760.0,4556
2024-11-27,123736.87224355659,124882.99872695735,122700.58216771898,124119.796875,5246
2024-11-28,124133.55290795924,124275.03366841013,123047.22672119283,123250.8515625,6135
2024-11-29,122590.70240415425,125014.7108502121,122294.34031547255,124834.5078125,8271
2024-12-02,124683.70678992399,125023.424106292,123847.49871640884,124942.1953125,5110
2024-12-03,125082.38456558884,125477.66639156445,124478.89943527439,125167.1484375,5200
2024-12-04,125381.38723808565,126776.72859049677,124908.06907520052,126419.3203125,7926
2024-12-05,126477.7246169553,130773.38256099846,126144.88276211903,130326.375,13817
2024-12-06,130464.40122358542,131760.075185317,129982.2142899665,130200.828125,7588
2024-12-09,130803.28281599349,132729.3521854076,130365.29202512372,131711.65625,7413
2024-12-10,132657.083198857,132676.31585965605,131209.16751428045,132017.46875,6593
2024-12-11,131661.41689546916,132358.09088287223,131412.49797078542,132076.4375,3350
2024-12-12,132158.75068158924,132339.89587718787,131217.48710590383,131433.578125,3243
2024-12-13,131560.73561613762,133055.74397541193,130464.44287168104,132791.875,5396
2024-12-16,132796.8568640214,132998.72970925868,131859.73580138155,132089.46875,2755
2024-12-17,132089.47752106248,132089.52424007628,130229.28990798094,130540.75,4757
2024-12-18,130564.080074543,131061.76219179279,129667.07494425988,129977.3359375,3584
2024-12-19,128570.72745910825,129671.00696579047,128459.10016084918,129411.0234375,3035
2024-12-20,129411.02820562263,130225.30950953234,127131.638558081,127631.765625,9524
2024-12-23,127633.86442383622,130065.74502038596,127633.86442383622,129912.15625,4229
2024-12-24,130743.48107190571,130743.48107190571,129517.57406078783,129909.46875,2554
2024-12-26,129457.77937873323,131062.42195937654,129457.77937873323,130767.609375,5181
2024-12-27,130564.04610138698,132233.42516268595,130494.27905385189,131116.0,4886
2024-12-30,130519.22300767823,131434.7599670132,129069.0647893882,130705.3515625,10148
2024-12-31,130554.09940853145,130962.73503535408,129120.88469787057,130200.1328125,3714
2025-01-01,129567.39506722732,130354.01865612585,128570.72279747942,128943.9765625,2343
2025-01-02,129268.40669177483,129406.99087054677,127374.72918433942,128781.828125,7133
2025-01-03,128869.73279379761,129368.06896082699,124709.37330335283,125942.0078125,8718
2025-01-06,126378.05502438618,126496.90820310588,121902.99613590437,122461.0859375,7675
2025-01-07,123039.2037152864,123816.60816160413,120298.45593037017,120818.765625,8586
2025-01-08,121592.92110956262,121593.8710628361,118604.99881785305,119470.40625,7672
2025-01-09,119989.3846752555,120348.03877907478,118345.07774053991,118490.0390625,5782
2025-01-10,117936.22667899184,118703.36842010169,116610.69931296096,116714.8515625,5619
2025-01-13,116610.67907978203,116610.67907978203,112324.98745548235,112627.7734375,9530
2025-01-14,112627.75950865452,114318.31825909765,112277.28123495409,113833.3359375,8640
2025-01-15,114816.65280537876,114816.65280537876,113375.96294747795,113846.890625,5385
2025-01-16,114417.98213556015,114916.36501370207,113758.2317798909,114082.703125,4528
2025-01-17,114019.26381608399,114157.99592763091,112924.06890754671,113569.4609375,3965
2025-01-20,113569.46857915277,113664.75201425572,111726.97177453546,113407.9609375,5911
2025-01-21,113411.35156777932,114911.1410697454,111539.64753326675,111724.234375,6999
2025-01-22,112623.96567367746,112627.35280206989,110157.80138440312,111228.4765625,5531
2025-01-23,111029.30160663865,111826.59278066736,110182.1300952774,111367.671875,7377
2025-01-24,111627.30036435823,112292.8750281797,110642.04305239508,111113.5625,4615
2025-01-27,111108.03287133767,111197.4374924875,109733.62175059228,110886.2265625,4370
2025-01-28,110707.3247823794,112716.5149588281,110707.3247823794,112508.0625,9345
2025-01-29,111976.14524266643,112425.04493874627,111228.68765432472,111961.1484375,5682
2025-01-30,112020.95248774576,113122.32225604342,111672.56096346835,112247.7421875,7858
2025-01-31,111427.95747805426,114224.86897781087,111427.95747805426,113254.359375,6999
2025-02-01,113254.37243379999,114118.93899079393,111841.79180651017,113803.4921875,4218
2025-02-03,113720.32317094688,114607.71201777649,113022.65247664659,113414.640625,4291
2025-02-04,113620.64941493275,114624.69559640941,112734.60768396893,114552.2421875,5329
2025-02-05,114550.54546674082,115035.87819176744,113944.66989050072,114578.203125,5231
2025-02-06,114816.66238263082,115015.8956413917,109633.96581674818,113749.125,24120
2025-02-07,112075.80521626053,114808.5795622278,111926.50681355262,112499.4921875,9034
2025-02-10,112623.97293844336,113016.0155555256,110391.4736452276,110666.7109375,6609
2025-02-11,111087.11158456496,111158.6228287663,108058.47335018431,108354.6875,7514
2025-02-12,108354.68480791328,110598.24102794575,105981.1562818538,109030.125,11043
2025-02-13,109633.95903368044,110012.69452852405,108676.65523684543,109401.734375,5402
2025-02-14,109325.98402158715,110233.7281681452,108162.43848401739,109113.5390625,4673
2025-02-17,108839.59533318483,110007.12767669605,107643.55582402895,109621.0078125,5051
2025-02-18,109239.27930975969,109636.91575334485,108341.25291713468,108660.6484375,3139
2025-02-19,108440.91861348088,109537.288195051,107911.77234277352,109209.078125,3428
2025-02-20,109387.77904931967,110035.63377717441,108521.24999066752,109575.859375,3751
2025-02-21,109537.28926871171,110006.73479414906,108426.96588158392,108902.6875,5319
2025-02-24,108899.39385330341,109138.6017475446,107792.06064287855,108482.7734375,4368
2025-02-25,108341.24999471655,108884.40457384284,106646.86062037417,106850.140625,4923
2025-02-27,107044.54015419807,107523.80471336751,104903.08434702933,105374.46875,8469
2025-02-28,105131.87574224298,105301.06550245578,103481.44240158101,105025.9296875,8766
2025-03-03,105151.81013790735,105840.38162921992,103681.67819522096,104823.1484375,4599
2025-03-04,104553.79271853382,104823.15079748696,102013.20532444857,102320.5859375,13881
2025-03-05,102007.82513007808,105612.78653235624,101787.00165086439,105456.3046875,6770
2025-03-06,106642.37400996884,107892.73368112797,106148.5560693951,107439.53125,5969
2025-03-07,107145.20712684425,108291.41166820118,106648.35237565605,106849.140625,4698
2025-03-10,107483.09349352446,107840.86194736924,105824.33610198152,106298.6171875,5348
2025-03-11,106148.50381955928,106507.2689431642,105227.60014051557,106182.6875,3772
2025-03-12,106646.85650741044,107121.03633903101,105958.13708828314,106910.234375,3589
2025-03-13,106910.23467543551,106910.23467543551,104454.117695184,104694.921875,9096
2025-03-17,104852.79727779308,106089.4055786253,104852.79727779308,105062.8984375,3890
2025-03-18,105062.8984375,105062.8984375,105062.8984375,105062.8984375,0
2025-03-19,107643.26103872783,109735.62939692473,107643.26103872783,109560.0078125,6057
2025-03-20,110135.30319732135,111082.16779494539,109797.56998849942,110741.1953125,5687
2025-03-21,111072.2012458289,112427.66595495393,110675.96644230546,111680.3359375,8367
2025-03-24,112617.08952629393,113922.7660222621,112279.50425192487,113644.484375,5731
2025-03-25,115542.39459215241,115617.14705792263,113135.21724676319,113887.375,8037
2025-03-26,113749.83790897139,115118.80482172147,113524.18667487177,113943.8984375,5979
2025-03-27,113626.74868624877,113823.09851468478,112073.8906522218,112890.234375,10576
2025-03-28,113424.41330198286,114019.44295700293,111714.42720834578,112305.8671875,7320
2025-04-01,112128.70217051351,114034.04135543053,111530.6824256041,112663.9765625,3593
2025-04-02,113025.78068572511,114895.33994926707,112402.09591474744,114757.3515625,5030
2025-04-03,114122.10545194321,114620.45525741021,113424.41572428941,114491.3359375,3272
2025-04-04,114620.45468814357,114620.45468814357,112427.71555497908,112863.2265625,4440
2025-04-07,109636.95200569821,110455.74069726805,107644.54957788557,110021.1796875,7098
2025-04-08,111630.3535977777,113134.17081798728,111142.07202808911,112220.796875,4965
2025-04-09,112325.05363807666,113023.14047322056,110932.86676614685,112739.9765625,4967
2025-04-11,112926.06296437324,118358.02898155447,112926.06296437324,117156.453125,17890
2025-04-15,119504.28481983037,122604.02064793439,117809.89546041659,122499.3671875,14655
2025-04-16,122544.22314919873,124363.2000279892,122479.437671324,124079.140625,10139
2025-04-17,123690.42431186994,126441.31529576004,123580.78735236707,126057.5859375,15654
2025-04-21,127054.28788877661,127577.55520504732,126077.52223173797,126381.515625,6676
2025-04-22,126780.19696643297,128688.87681856126,125883.16727091574,127233.6953125,9283
2025-04-23,128952.99665352986,128952.99665352986,126232.00669477166,127557.6171875,6770
2025-04-24,127577.54772167487,130039.39571286656,127134.01640342374,129491.2109375,11841
2025-04-25,130069.29351390345,130268.63342733473,126979.52485571877,128230.3828125,7468
2025-04-28,128075.8963452678,129944.70806236801,128070.91284735553,129795.203125,4740
2025-04-29,130318.48524975528,132760.39950491322,130268.65026495613,132366.703125,7993
2025-04-30,132511.2257095461,135152.47992639677,131564.36099029775,134061.09375,11000
2025-05-02,134355.11231897477,135292.009986481,133458.0826373199,134549.46875,6669
2025-05-05,134863.4388533555,137390.0726386874,134863.4388533555,135670.765625,7072
2025-05-06,136348.49488851026,136816.9436648085,134056.08598322098,134544.46875,5771
2025-05-07,131066.00177147129,141032.99810390256,131066.00177147129,139956.5625,27052
2025-05-08,140285.4633787655,142802.12977330462,137893.38442950058,138302.03125,15480
2025-05-09,136961.483089704,137838.57878609042,135152.47321590703,137220.625,9582
2025-05-12,139936.63547436128,140629.34175395302,139109.37473758264,139463.203125,5916
2025-05-13,139637.60390332917,140604.40244570057,138541.23442228948,139961.53125,6054
2025-05-14,139961.53503690544,140913.38311210746,139961.53503690544,140604.40625,6640
2025-05-15,141032.9837063377,141406.74603064777,140400.07950383928,140674.171875,5969
2025-05-16,141297.11182627527,141989.81801411614,139537.93711902472,139802.0625,9730
2025-05-19,138949.89452665098,140190.7855580381,138949.89452665098,139682.46875,6621
2025-05-20,139637.61830166145,140684.15291420065,139024.64802860277,139777.15625,8983
2025-05-21,140335.30730575955,142029.6966695365,140036.29741803423,141815.40625,7110
2025-05-22,141930.03723348203,142667.59501124028,141033.00750377603,141875.21875,5201
2025-05-23,141780.51472667398,143479.8875042415,141361.9009046339,143195.828125,5635
2025-05-26,143524.74168797955,146948.4047969949,143230.7153074382,146141.078125,15301
2025-05-27,146141.08391010782,146310.52284797461,143146.00150840366,143509.796875,9952
2025-05-28,144322.09966032847,144322.09966032847,141087.80951255382,142313.75,14908
2025-05-29,142627.7404212945,143953.35114638408,139552.9215589626,140439.984375,14872
2025-05-30,141222.36382007707,141376.85225533793,136712.29821004212,138406.6875,13777
2025-06-02,137943.24005328596,140933.339187389,136557.8274544849,140285.484375,13350
2025-06-03,140295.43618735517,141431.6737353346,136996.36049980085,137624.28125,12154
2025-06-04,138312.0171972007,138541.25812791596,135351.8190918776,135655.8125,10461
2025-06-05,136348.4995725278,140434.9677614705,136084.37418958393,139896.75,15753
2025-06-06,140235.62281632982,140235.62281632982,137728.92351723195,139069.484375,6901
2025-06-09,139079.4749585122,140868.55090483965,137753.8643687543,138137.59375,6140
2025-06-10,138939.91553318824,138939.91553318824,136104.30534888466,137395.03125,9402
2025-06-11,137544.55362361192,138989.76813632378,136049.50412770308,136428.25,5607
2025-06-12,136976.42608241376,137315.30394654837,135052.7958536496,135934.875,8399
2025-06-13,135346.83555033788,137544.5583854091,134554.45929007413,137165.8125,5875
2025-06-16,136348.5101362518,136991.3814011486,135451.48046430276,135695.671875,4147
2025-06-17,135850.13377796113,136577.72436972865,135556.1074429318,135899.96875,2551
2025-06-18,135650.80895478433,138042.88787830735,135650.80895478433,137494.703125,4151
2025-06-19,137295.356713164,138192.3862670068,136607.63405521784,137723.9375,3680
2025-06-20,138052.87861944878,138416.67401830878,132301.92121829206,133986.34375,24690
2025-06-23,133986.32236569104,135546.15718308528,133956.42137877614,135107.609375,3479
2025-06-24,136049.48804992312,136672.42526626893,135381.69935400045,136159.125,4694
2025-06-25,136458.16099175074,139134.29978557772,136149.18407328284,138795.421875,5814
2025-06-26,138845.25024668456,142528.05559941058,138167.49445782023,142044.65625,11171
2025-06-27,142129.37345075584,145219.14243881576,141232.3437445449,142742.34375,20472
2025-06-30,143524.743607755,144621.1131769809,141227.3510104225,141890.15625,6320
2025-07-01,142528.06864035086,143220.77498793858,141222.39192763157,142029.71875,5748
2025-07-02,142328.68858033195,145199.18313993528,142328.68858033195,144730.734375,7394
2025-07-03,144920.1346001242,147586.3062648789,143245.6791246895,144441.71875,7751
2025-07-04,145019.79327657763,145518.1430816518,143026.39405628105,143489.859375,4175
2025-07-07,144182.57639422573,144182.57639422573,141730.6951697698,142662.609375,3844
2025-07-08,142533.02775621787,145074.61176222016,141740.65156611128,144466.625,4391
2025-07-09,144466.62151297566,151398.6671345752,143524.74040407393,150217.578125,24541
2025-07-10,149604.60255723968,150202.62228764838,146514.83395012814,147790.609375,9580
2025-07-11,147790.6179843497,148388.63774959525,145717.48279816515,147750.75,7148
2025-07-14,147750.76231146493,150102.97358409755,146519.8381921,148353.765625,11768
2025-07-15,149036.48579724442,150800.64402543358,147780.6443466691,150287.34375,9826
2025-07-16,149704.2886510461,152495.04769380862,149704.2886510461,151966.796875,7865
2025-07-17,151598.0225113761,151966.80139585477,149509.93666547647,150038.1875,6478
2025-07-18,150266.76167231612,151230.04213874444,147237.1697390416,147796.171875,8078
2025-07-21,148135.5714093191,148734.50229102792,146288.8678573835,148140.5625,6592
2025-07-22,148235.38070712695,150631.10403168658,147596.52115391105,147905.96875,6764
2025-07-23,148335.21812360338,150032.1889904279,148335.21812360338,149647.875,3588
2025-07-24,149647.87572387824,151918.8220419373,149632.9024514515,150611.15625,7838
2025-07-25,150531.29180349843,150980.48995543193,148160.52377940487,148944.125,4591
2025-07-28,149233.6204691147,150501.35757945434,146942.7097067293,147541.640625,4668
2025-07-29,148035.75482909847,149952.33371832213,147751.26265022933,149088.875,4513
2025-07-30,149692.80331611398,150022.21532661223,148335.22654557574,149757.6875,3136
2025-07-31,148784.43112402348,149228.63824814418,146937.7273495891,147581.578125,6737
2025-08-01,148135.56984853157,148914.17998654945,144791.5391275573,145645.015625,6369
2025-08-04,145640.02856759191,146932.72107612537,143738.42298554076,144027.90625,6882
2025-08-05,144342.343412527,146019.34989200864,143943.05615550757,145585.125,3962
2025-08-06,146738.04468951738,147122.35861608514,145440.36130110666,146124.140625,4222
2025-08-07,145240.73688178006,145869.61429920633,143244.3006359824,144007.9375,4325
2025-08-08,144442.16615063237,144442.16615063237,141746.97714851276,142460.703125,2851
2025-08-11,142595.46020499227,143229.32871902914,140843.5873827328,141916.671875,2920
2025-08-12,141916.68049551712,142440.74504682998,136970.5093493169,140284.59375,11861
2025-08-13,141447.51331343633,141447.51331343633,137853.9279363836,138592.609375,4360
2025-08-14,138752.29881296263,139500.9622957664,137654.25903818378,138228.234375,4133
2025-08-18,138852.1485658928,144991.19036086218,138507.7632944677,144257.5,12991
2025-08-19,144242.51677286997,148559.81009496452,142994.74413642645,146273.890625,18003
2025-08-20,146238.94010644197,148934.1287636938,145600.08057287114,148524.859375,6421
2025-08-21,149263.54321835443,149732.70569620252,147202.2229699367,147861.046875,5446
2025-08-22,148484.9535026355,148484.9535026355,146738.07169672215,147242.171875,3011
2025-08-25,147935.92296585915,147935.92296585915,145944.47784901102,146483.515625,4631
2025-08-26,146238.95555687245,146758.02898273984,141347.6867361989,142126.296875,8941
2025-08-28,142445.74275171323,143234.33516078017,140948.41539272535,142021.5,6106
2025-08-29,141746.96600865523,142350.88794129775,139650.7080606399,140703.828125,7056
2025-09-01,140848.5619627507,145240.72123019298,140703.82035052817,144576.90625,6252
2025-09-02,144941.2724193391,154723.81008951488,143928.08101778518,153610.796875,32632
2025-09-03,153610.79172565177,153925.2304259382,149982.26894615576,150281.734375,8962
2025-09-04,152278.1694929588,154723.8038112659,148934.13889445725,149388.328125,12184
2025-09-05,150122.01309292708,150236.80816910026,147436.80652852802,147836.09375,4806
2025-09-08,148574.7767593065,149328.43139820246,146338.76829423764,146812.921875,8159
2025-09-09,147786.2070800405,149503.14241389846,146438.6124866055,149048.953125,4638
2025-09-10,149133.78594970913,150266.7635069576,144741.62625641114,144996.171875,10906
2025-09-11,145630.03570773313,146937.7013926816,145071.03358286968,146218.984375,7349
2025-09-12,146238.95285742308,148135.56726308248,145824.69234250273,146308.828125,6578
2025-09-15,147037.5219428426,148624.6886766452,146623.26144313943,147137.34375,4443
2025-09-16,147786.20100424977,151928.80643597984,147536.64646016966,150621.140625,13098
2025-09-17,150930.5841043733,152083.52606628172,149333.4350662318,149962.3125,6242
2025-09-18,150710.9671628648,151230.0405694398,148534.85172760818,148784.40625,4567
2025-09-19,149383.33238180922,150980.48127463178,147746.2547666661,149438.234375,11008
2025-09-22,149732.71896467125,153920.24400504987,148859.278104044,152577.640625,10863
2025-09-23,152727.35514797832,156121.29637348896,152722.3640579408,155657.125,12421
2025-09-24,155123.0978852971,155607.23367985545,152757.32090982635,153471.046875,5737
2025-09-25,153436.10172582843,153436.10172582843,149732.71263336323,150166.9375,5811
2025-09-26,150621.1498924989,151090.31246423643,147736.29918543203,148280.328125,5719
2025-09-29,149553.03508114268,149553.03508114268,144811.49912709498,145625.046875,9306
2025-09-30,147022.54569524928,148040.72810764128,145160.86902945413,145560.15625,7375
2025-10-01,146338.78189290036,149727.73253769163,145540.2073668818,148474.96875,8100
2025-10-03,148474.96934054638,154224.70595074905,147142.34809495253,152922.03125,11930
2025-10-06,152917.0344744831,152922.02556510502,150591.1862446669,152078.53125,4800
2025-10-07,152078.5194011433,154025.04459203422,150840.729023346,153446.078125,7514
2025-10-08,153446.07699648864,159864.61898899073,152228.25098858,154933.421875,15979
2025-10-09,155821.8606096703,157244.3215409245,154938.43750499663,156076.40625,6422
2025-10-10,156121.31861546382,157059.64367619614,153081.7443495809,155118.109375,8693
2025-10-13,154324.52467173408,156919.89183956402,154324.52467173408,156605.453125,4616
2025-10-14,156271.04029931195,158417.20916959955,156076.3877738673,157414.0,7557
2025-10-15,157414.0001207263,157488.86647672398,154723.80239520958,155033.25,5500
2025-10-16,155821.8380044121,156710.25207118934,154429.32382109272,154978.34375,4769
2025-10-17,155821.83989034244,156171.2162129665,154838.59509667178,155662.125,3587
2025-10-20,156500.63305915458,163108.836853335,156256.06962568418,161406.875,15860
2025-10-21,160812.93973821745,162459.99964242638,159929.51669868722,161391.90625,2188
2025-10-23,161691.35819225793,162709.54059351797,159999.37861369344,162005.796875,6570
2025-10-24,160768.02118382856,163308.4863287346,159115.97017604095,159904.5625,7853
2025-10-27,159904.55458526846,161401.88170854645,158806.5146948646,159051.078125,4430
2025-10-28,159914.536628054,161776.21334972265,157618.63504100952,157913.109375,7325
2025-10-29,159714.88430268917,159814.70610537837,158117.7354596623,159615.0625,3671
2025-10-30,159814.71731036773,160273.8976349322,157418.99387785755,157853.21875,4107
2025-10-31,158716.66626987906,158821.4791626988,156969.78472288355,157234.3125,3835
2025-11-03,157518.8103845668,159355.53162099014,157518.8103845668,158077.8125,3088
2025-11-04,158866.42446094417,159210.80973545896,157269.27536174524,157633.625,3650
2025-11-06,158671.76774834265,159155.9035563257,156525.59870264458,156974.796875,3826
2025-11-07,157603.6773764487,159016.156101392,155387.63301646695,158482.109375,3830
2025-11-10,159215.79666957073,159220.78776037542,157039.68107872643,157543.78125,3056
2025-11-11,158337.36112801504,158412.22748840213,156939.8557341226,157883.171875,2691
2025-11-12,158082.8080489423,159036.10632625574,157019.70578157186,157493.859375,3575
2025-11-13,158017.91735424628,159016.1354044942,157718.4519391719,158032.890625,3192
2025-11-14,158192.6157232767,159415.43291375478,155941.63387468233,157119.53125,14236
2025-11-17,158217.58345729785,158706.71037145608,156470.70162101855,156855.015625,4449
2025-11-18,157219.3411849269,157229.32336531958,154374.41977300917,154933.421875,6029
2025-11-19,155322.74982882853,155377.65182908936,152827.20436242706,153081.75,4529
2025-11-20,153226.4723696117,154224.69043065154,151235.02733783727,151679.234375,5220
2025-11-21,152231.27608693868,154477.3113078935,151732.15714894873,152166.390625,7022
2025-11-24,152730.38861728474,157172.5469790293,151542.48559470585,155181.0625,13719
2025-11-25,154726.86232071326,154926.50988499806,153384.23245089804,154507.25,3067
2025-11-26,154926.51449932036,155425.63342489806,153244.48372012348,154217.765625,3665
2025-11-27,154726.85975609758,154726.85975609758,153134.6704573171,153479.0625,2344
2025-11-28,153479.06253075384,153633.78939054094,151732.1463718672,152151.40625,3564
2025-12-01,152231.26527440624,152730.38417694528,151332.85124983598,152151.40625,3132
2025-12-02,152176.36446585465,155420.63738076843,152176.36446585465,154232.734375,7318
2025-12-03,154227.7431617502,154392.45240202005,151482.58915725304,151772.078125,3887
2025-12-04,152730.38262815296,153723.62923413343,151467.61181753458,153354.28125,3170
2025-12-05,153379.24026356798,154028.09484327066,152530.73812087983,152940.015625,2243
2025-12-08,153029.85244299675,154726.85667752443,151971.7203908795,153229.5,2444
2025-12-09,153219.52922540123,153219.52922540123,151332.85966884374,152076.546875,3580
2025-12-10,152550.7167772375,152865.16171759108,150733.9237885281,151407.734375,3400
2025-12-11,152031.6110457639,153678.7033519064,150035.13552316686,153289.390625,3905
2025-12-12,153339.3196451983,153429.16105375288,151732.1566699443,152281.1875,2546
2025-12-15,152281.17550949202,153129.67763458588,150893.624975515,152885.109375,2843
2025-12-16,152231.25752309128,153084.75080297486,152131.4337476663,152385.984375,1967
2025-12-17,152430.92857319364,153024.88012853777,150853.7126783302,151487.59375,2903
2025-12-18,152730.38347234993,152730.38347234993,151063.32634556023,151991.6875,4410
2025-12-19,152730.38145836047,155111.17858109373,151991.6854957514,153309.359375,8953
2025-12-22,153658.74400889376,153988.16248172516,153129.67797677062,153628.796875,2771
2025-12-23,154607.0872456964,154607.0872456964,152755.3559257018,153089.765625,2988
2025-12-24,153129.6778939809,153613.82322500166,150758.8631286732,151168.140625,4115
2025-12-26,151931.7969608202,152026.6295541926,149735.67374588063,149940.3125,3539
2025-12-29,150733.9121109505,150733.9121109505,147739.1986253025,148497.859375,6672
2025-12-30,148537.78542590508,154931.49856873386,147908.89560857767,150823.75,8688
2025-12-31,151238.0195799328,153189.57450075235,151233.02839087698,152585.640625,6063
2026-01-01,152231.26825073414,152845.18451286005,150953.52383525256,151267.96875,2867
2026-01-02,151332.8563725653,151692.22199455817,150204.84761464313,150419.46875,3834
2026-01-05,150484.34515869652,151497.55650420947,149436.1954909245,150139.953125,4627
2026-01-06,151317.8944528363,151317.8944528363,149361.34813804555,149930.34375,3349
2026-01-07,149940.31414851634,150334.61809371566,149286.46836597062,149870.4375,3436
2026-01-08,149985.22567051338,149990.2168593876,147839.0144545959,148457.921875,4338
2026-01-09,148238.30528315034,149461.1465220181,146261.79454604167,146835.78125,4120
2026-01-12,147534.54714708627,149236.542497983,145083.87348934347,148472.890625,4581
2026-01-13,149131.74959485646,149481.13285639937,146855.76720537708,147449.71875,3618
2026-01-14,147739.19781690865,147744.1890060241,145048.9468836886,145408.3125,5287
2026-01-16,145343.43338700643,145408.31884833993,142283.83432566596,142588.296875,8096
2026-01-19,142748.01679541403,144879.25466854835,141255.65116528014,142792.9375,5832
2026-01-20,143746.24568017593,143746.24568017593,141500.21059142318,142982.59375,6432
2026-01-21,142648.18083943235,142648.18083943235,137497.27381961799,139803.203125,10269
2026-01-22,139952.9532375681,142548.3717712177,139952.9532375681,142024.296875,5051
2026-01-23,142423.5868794326,142598.27850518277,136558.9394435352,137232.75,7285
2026-01-27,138755.0663610927,138755.0663610927,135211.32186050364,135570.6875,5335
2026-01-28,135959.9895783155,136558.9322636825,134193.10865648274,134697.21875,6515
2026-01-29,135261.22510908794,135261.22510908794,130170.2122083031,130684.3046875,10020
2026-01-30,130669.32298168956,132765.62228086105,129795.8649403681,131932.09375,18857
2026-02-02,132061.87166275745,133963.51469928605,130968.80125593391,133529.28125,4177
2026-02-03,137402.44979246706,137402.44979246706,134772.09303992864,136409.203125,5922
2026-02-04,136758.580922152,139553.64680961202,135770.32548337147,137397.453125,5376
2026-02-05,138211.0149929151,138211.0149929151,134362.80826294734,134732.15625,4836
2026-02-06,134732.1603596241,148807.3138090625,133504.32782467312,146196.921875,64381
2026-02-09,146740.95941435552,147294.98140398116,142997.56759256075,145053.9375,13111
2026-02-10,145163.75215915972,149046.8975029854,145163.75215915972,148378.078125,15161
2026-02-11,149236.556620288,152181.35823921676,149111.77689067236,151472.609375,11807
2026-02-12,151732.1390781033,152181.34606879504,149536.01601249917,150943.53125,8080
2026-02-13,150487.3449522834,151236.03821075248,148246.256465266,149843.46875,7131
2026-02-16,149843.45485880927,150726.91282190208,145845.43322921978,146818.734375,6265
2026-02-17,147432.67535226737,148291.17694887478,146309.6354729844,147712.1875,5191
2026-02-18,147712.18097654133,148730.40375545647,147093.26124818117,147502.546875,4021
2026-02-19,147502.5419885993,147901.8450259263,144547.6995123794,145351.296875,4071
2026-02-20,143893.84907396339,146938.53490889064,143893.84907396339,146134.9375,5043
2026-02-23,146389.48924709283,146404.4631114503,144098.48800039449,145506.03125,4613
2026-02-24,145446.13837269886,145945.26719346998,142381.4874131643,143699.1875,7790
2026-02-25,144747.36327794153,147742.13631127824,143993.67873121845,147327.859375,7166
2026-02-26,147093.26428807832,147557.4540939416,142850.6692882525,143269.9375,8204
2026-02-27,143749.10628790295,144447.8866656914,140155.37863070538,140739.359375,14866
2026-03-02,136242.19533585449,139356.7590041419,135862.85745317847,138583.109375,6735
2026-03-04,137240.45344316922,138248.69360884858,134160.82877869307,134814.6875,9847
2026-03-05,135778.0056364333,140255.1909121706,135778.0056364333,139970.6875,12556
2026-03-06,139766.04432825337,142251.70571227843,138009.11098050873,138538.1875,9417
2026-03-09,135673.18998286084,137140.62865017602,134270.63805933853,134689.90625,6888
2026-03-10,136262.16464608297,138203.7757100876,136262.16464608297,137045.796875,8283
2026-03-11,137759.55331914424,137759.55331914424,135563.3865270999,136017.59375,5145
2026-03-12,135558.39747031356,138009.11999904894,134200.7670674296,137764.546875,5563
2026-03-13,136262.1689589201,137689.6773956326,134265.65366281872,134684.921875,4972
2026-03-16,135218.9874841796,135218.9874841796,130871.57549869659,132114.40625,7644
2026-03-17,133462.0566048729,134046.03733050846,132249.17355932205,132518.703125,5574
2026-03-18,133347.25887388902,134764.78475801033,132922.9993663175,133656.71875,5578
2026-03-19,132563.6266212082,132563.6266212082,130152.83436027807,130317.546875,6110
2026-03-20,131710.11399934333,132019.5738700406,126793.69508584654,127312.7890625,12604
2026-03-23,127292.82443488698,127292.82443488698,123239.89836967395,124757.25,7960
2026-03-24,127677.14944279056,128635.47675682558,125281.33115770301,127422.59375,7980
2026-03-25,128560.61155879723,130671.92649024776,128241.16911053994,129743.546875,7281
2026-03-27,129174.53928709243,130262.64012034537,127302.80620236833,129349.234375,9722
2026-03-30,127876.80541436438,129728.57336162156,124507.68583377515,128271.1171875,18685
2026-04-01,132768.2664050699,132768.2664050699,128350.97633858543,128870.0703125,8541
2026-04-02,128276.10483918822,128276.10483918822,125381.15772608592,126169.78125,8458
2026-04-06,127377.67360974457,127771.98537366188,125291.3151626884,126823.640625,7634
2026-04-07,126134.84280611116,127677.15084406329,124901.99463337919,126953.4140625,6401
2026-04-08,134230.70635980365,134230.70635980365,130602.04003311726,132818.171875,13484
2026-04-09,133462.0506530042,135159.0885834437,131520.4396090602,133786.484375,10663
2026-04-10,134565.13167038513,137360.2530997403,134185.7937621155,136466.8125,13197
2026-04-13,133217.4759311134,135313.81687869932,133217.4759311134,134080.96875,6515
2026-04-15,136766.29374943348,138108.95033198877,135962.69631526468,137659.734375,6514
2026-04-16,138253.6925020497,140549.68508484846,138059.03226133416,138498.265625,6502
2026-04-17,138653.00075021898,139796.00579618177,137994.150680057,139611.328125,4672
2026-04-20,139611.32419700574,140090.4878709149,138273.65894067608,138982.421875,4443
2026-04-21,139506.5081512011,140265.18397370493,137884.33945176852,139421.65625,3357
2026-04-22,139356.774071439,139850.91162993014,135927.7588928187,136801.234375,7670
2026-04-23,136641.50669501914,136651.4892714872,133971.1674898089,134380.453125,5906
2026-04-24,134380.44626168223,135533.43378485754,131510.4556736918,131914.75,5538
2026-04-27,132319.05514872735,133312.3215378106,131570.36189062442,131974.65625,6124
2026-04-28,131974.64838346333,132463.79461626767,129773.49033584383,129893.28125,8198
2026-04-29,131270.87694077054,133866.34675100632,129923.2291546866,130197.75,10157
2026-04-30,130127.87618533653,130871.5781358415,128525.67265438286,129484.0,7905
2026-05-01,129484.0,129484.0,129484.0,129484.0,0
2026-05-04,130771.75288718227,131665.19348896874,128465.7777026831,129009.828125,6536
2026-05-05,129868.3280101909,129868.3280101909,127886.78658968875,128046.5078125,7949
2026-05-06,129314.29144608125,130522.18316022173,128495.7202017877,130107.90625,6785
2026-05-07,131265.8888826439,133716.6113983813,129124.6262365108,129738.5546875,23649
2026-05-08,131515.45005750432,131770.00575043127,129908.25529039677,130197.75,6385
2026-05-11,130102.91645455163,130272.62025104724,128395.895913331,128685.390625,4534
2026-05-12,128775.2388122011,129339.25439304524,125830.37869982906,126284.5859375,7750
2026-05-13,126314.52916963157,127277.84778225808,124682.37794512967,126259.625,8533
2026-05-14,126778.7222974576,128096.42240322645,125780.4646415721,126234.671875,6978
2026-05-15,126808.66461758589,128685.38893059119,126279.58808253653,128415.859375,5420
2026-05-18,127277.85203750679,129139.60257907501,126299.5595277283,128885.046875,5290
2026-05-19,128326.01635859701,129274.36109248007,125980.11096425471,126509.1875,7011
2026-05-20,126479.24051130777,127567.34131760079,125191.48818092428,126903.5,4993
2026-05-21,127437.57343638454,127766.99846563417,125411.11037766717,125850.34375,5263
2026-05-22,126569.08503815514,127108.14415891076,125580.80998343653,126564.09375,5408
2026-05-25,127996.59386659088,129164.55529869127,126953.41463877472,128430.8359375,6716
2026-05-26,128775.23149968543,128974.88302139037,126778.71628263604,126938.4375,5582
2026-05-27,127477.49846874016,127537.39392612563,126678.89237026723,126818.6484375,2911
2026-05-28,126818.6484375,126818.6484375,126818.6484375,126818.6484375,0
2026-05-29,126818.6536825474,127367.69539795515,121787.43505408362,123204.9609375,17159
2026-06-01,125056.72209350513,125056.72209350513,123584.29211874623,124208.203125,5787
2026-06-02,123589.28508999459,125401.12267683147,123214.938481144,124477.734375,4336
2026-06-03,124732.29153415238,125176.51618187304,123858.81610324094,124572.5703125,3216
2026-06-04,124582.55502545804,125281.33538217135,124083.42619923425,124497.703125,3345
2026-06-05,125730.552482693,125730.552482693,123135.08256244686,123289.8125,7169
2026-06-08,123284.81517668132,123724.04852629865,121992.0715681485,122606.0,4228
2026-06-09,123175.0098879837,123464.50460285133,122381.39506619144,122536.125,4774
2026-06-10,122785.69279181451,123085.17009130675,121927.19119993679,122381.3984375,4721
2026-06-11,122336.47549073189,123284.82026197787,121837.34666376033,122720.8046875,4096
2026-06-12,123374.65877646595,125480.98234648249,123324.74589565987,125296.3046875,4679
2026-06-15,126783.71356101458,131565.36773177367,126783.71356101458,128316.0390625,17752
2026-06-16,129274.36159706546,129703.61237302484,127577.3236455982,128246.15625,6791
2026-06-17,128715.33611672599,129364.20356263782,127981.61677404106,129019.8046875,6926
2026-06-18,129024.79862926163,130771.7494811085,128680.39974704038,129858.34375,4351
2026-06-19,130082.95050028664,130257.64558383779,128156.31329312254,128420.8515625,6602
2026-06-22,128420.86009354098,131809.94493957132,128420.86009354098,131330.78125,11184
2026-06-23,131330.77472877808,132653.46609785402,130771.75045203655,131121.140625,7614
2026-06-24,131121.13812010066,131520.44116728788,129573.83881225022,129893.28125,5739
2026-06-25,130761.76439658916,131565.36177302443,128979.87456188489,129324.2734375,4800
2026-06-26,129324.2734375,129324.2734375,129324.2734375,129324.2734375,0
2026-06-29,129673.66652811365,129973.14381801692,123389.63472831015,123833.859375,17404
2026-06-30,124847.08931780286,127876.80119626231,124238.15216924924,127597.2890625,12076
2026-07-01,127866.81915779764,130372.4457959901,127257.88200668314,129204.484375,8684
2026-07-02,129523.92426906258,131989.62055379926,129523.92426906258,131834.890625,9911
2026-07-03,132433.84240744865,136252.17766700085,132433.84240744865,134420.375,15955
2026-07-06,134964.43849528162,136441.85986342523,133082.72276626088,135403.671875,7800
2026-07-07,135663.21336323477,138747.82947281824,135403.66637666785,138408.421875,14263
2026-07-08,136955.96139705883,137180.56937340155,132368.96739130435,132708.375,8320
2026-07-09,132708.37039665348,134155.84397176365,132708.37039665348,133636.75,4494
2026-07-10,134270.64186000556,135014.34379068253,133766.52175934537,134190.78125,3613
2026-07-13,132768.26179685417,132768.26179685417,130771.74658186389,131056.25,5948
2026-07-14,131051.25881511162,131400.6489780099,129888.28870146441,130796.703125,6575
2026-07-15,131191.0224202582,133017.83394840517,130911.51027387507,131445.578125,6685
2026-07-16,132099.43186487103,132947.95084836034,130836.63596591342,131201.0,3659
2026-07-17,131195.0,131285.0,129550.0,130695.0,9004
2026-07-20,130550.0,132990.0,130500.0,132800.0,5985
2026-07-21,132800.0,134350.0,132335.0,134000.0,3935
2026-07-22,133990.0,134490.0,132735.0,132945.0,3057
2026-07-23,132945.0,133390.0,131500.0,132030.0,2499
2026-07-24,131050.0,131490.0,130300.0,130755.0,2595
2026-07-27,131890.0,132500.0,131005.0,132020.0,3983
2026-07-28,132500.0,134000.0,132100.0,133140.0,5493
2026-07-29,133500.0,134925.0,133495.0,134200.0,4642
2026-07-30,134200.0,135550.0,133510.0,134860.0,3756
2026-07-31,135000.0,135395.0,132500.0,132770.0,5461
2026-08-03,134100.0,134550.0,133205.0,133730.0,3472
2026-08-04,133730.0,134000.0,132570.0,132745.0,3192
2026-08-05,133700.0,135180.0,133545.0,134405.0,4723
2026-08-06,134500.0,135150.0,133300.0,133930.0,3690
2026-08-07,133930.0,134500.0,133500.0,134190.0,2090
2026-08-10,134000.0,134895.0,133600.0,133850.0,2359
2026-08-11,134000.0,134000.0,129570.0,131125.0,17256
2026-08-12,131540.0,131985.0,130430.0,130785.0,4123
2026-08-13,131100.0,131345.0,130500.0,130985.0,2012
2026-08-14,130985.0,133855.0,130560.0,133490.0,4857
2026-08-17,133235.0,133320.0,132450.0,133015.0,2047
2026-08-18,133015.0,133900.0,132650.0,133505.0,2637
2026-08-19,133505.0,133875.0,132720.0,133630.0,3065
2026-08-20,133660.0,134185.0,133285.0,134000.0,2616
2026-08-21,134100.0,134195.0,132420.0,132665.0,2811
2026-08-24,132800.0,135755.0,132665.0,134365.0,5313
2026-08-25,134240.0,134385.0,131400.0,132295.0,6400
2026-08-26,133500.0,133850.0,132910.0,133520.0,1801
2026-08-27,133600.0,133790.0,132500.0,133600.0,2084
2026-08-28,133600.0,134000.0,131910.0,132080.0,2262
2026-08-31,131900.0,135800.0,131040.0,133745.0,12796
2026-09-01,134795.0,134795.0,132115.0,132335.0,2838
2026-09-02,132000.0,132865.0,130700.0,131880.0,4254
2026-09-03,132800.0,132800.0,130100.0,130510.0,6240
2026-09-04,130950.0,131080.0,129705.0,129945.0,4656
2026-09-07,130200.0,130300.0,128705.0,128890.0,3771
2026-09-08,128750.0,129290.0,128000.0,128245.0,2712
2026-09-09,128400.0,129090.0,127545.0,128315.0,2834
2026-09-10,128400.0,129245.0,128000.0,128270.0,2102
2026-09-11,128105.0,128765.0,127015.0,128290.0,2143
2026-09-14,128290.0,128290.0,128290.0,128290.0,0
2026-09-15,128800.0,129600.0,125500.0,125795.0,2921
2026-09-16,125880.0,127700.0,124615.0,125010.0,4959
2026-09-17,125100.0,125850.0,124300.0,124585.0,3594
2026-09-18,124900.0,126500.0,123815.0,125670.0,8232
2026-09-21,125780.0,125780.0,124700.0,124855.0,2449
2026-09-22,125490.0,125755.0,124635.0,124770.0,1591
2026-09-23,124940.0,125250.0,124415.0,124580.0,2354
2026-09-24,124300.0,124480.0,123520.0,123985.0,3125
2026-09-25,124480.0,124480.0,123440.0,124035.0,2338
2026-09-28,124005.0,124035.0,123195.0,123425.0,1620
2026-09-29,123550.0,124290.0,122750.0,123080.0,2824
2026-09-30,123000.0,125800.0,123000.0,125280.0,4133
2026-10-01,125100.0,125100.0,122745.0,123715.0,3448
