Date,Open,High,Low,Close,Volume
2019-10-03,697.1524859563465,698.5999615065786,664.6566716332233,672.1835327148438,871970
2019-10-04,672.5694654616395,674.6683520485722,658.1188586566134,659.9764404296875,1007466
2019-10-07,660.0487237486274,665.0184124061949,652.8595847878632,659.083740234375,425510
2019-10-09,661.8822243008237,663.9086661470462,643.6440120931393,644.8743896484375,2272204
2019-10-10,644.6091063008441,660.7484349914947,638.3367123024077,655.634033203125,1218636
2019-10-11,658.1912837747411,666.8037517115448,656.7678974464384,659.03564453125,745104
2019-10-14,661.0379348144792,668.1546890869624,655.7063766986345,657.2744750976562,742342
2019-10-15,660.5313263354319,670.4465571672064,652.1118673200579,665.4768676757812,799126
2019-10-16,665.8386895879111,668.2029112073373,655.2480180482011,656.6231079101562,1124052
2019-10-17,656.6713219391444,663.3538214078015,652.8113876441311,654.8378295898438,2005614
2019-10-18,656.1889494889937,664.8738032322303,648.4690794950055,652.0877685546875,1652812
2019-10-22,656.4301386567636,666.8037130640554,648.4931715647747,651.46044921875,2529016
2019-10-23,655.5375412620648,657.3468856374074,637.3717119540387,639.4223022460938,1606420
2019-10-24,644.1265602077667,660.0246416364961,642.43783888887,657.5398559570312,1088876
2019-10-25,660.4830529921641,665.7904629222819,643.1615851679213,645.9359130859375,1915746
2019-10-27,651.3640657166567,653.7282878088453,649.1687040100664,651.8465576171875,161316
2019-10-29,655.223887347042,659.3250677906723,651.9429194329671,656.5025024414062,1335958
2019-10-30,662.9437665541996,662.9437665541996,650.9779457530021,658.6978149414062,1064380
2019-10-31,659.3491362131025,682.2433465973902,659.3491362131025,676.2604370117188,2632498
2019-11-01,679.8310091262614,687.2854845670898,672.1593770165778,674.4994506835938,1390928
2019-11-04,679.3485345019938,679.3485345019938,668.2512217935094,675.2232055664062,923938
2019-11-05,677.9010613471858,677.9010613471858,664.3912893061031,670.084716796875,851300
2019-11-06,673.9446313961557,674.2341147230289,660.3383260538159,661.5445556640625,971736
2019-11-07,665.8386727691818,668.661237971988,659.276796179447,667.0931396484375,662148
2019-11-08,666.8519562959833,670.0363906413513,649.1927668371886,653.3663330078125,845920
2019-11-11,656.1888023332237,656.6954422471346,635.9241481435213,637.4198608398438,1081652
2019-11-13,637.3716165133472,649.6269190267989,634.2836574622376,638.819091796875,2773612
2019-11-14,635.9241321762502,651.3156309182182,630.9785916946063,648.6619262695312,2871716
2019-11-15,648.9515823154782,648.9515823154782,634.1631943292224,635.27294921875,1399290
2019-11-18,636.6237596633151,638.3124809041948,627.7218098241327,629.7723999023438,1126722
2019-11-19,629.6517977665972,630.134289565652,621.4494371826645,626.3467407226562,1388626
2019-11-20,627.2875925548715,643.1615849379515,627.2875925548715,640.79736328125,1734964
2019-11-21,641.979546772583,643.885365997743,625.3094299985574,627.1187744140625,988758
2019-11-22,628.6868317181911,635.1763230374623,621.6665522868028,626.2261352539062,831346
2019-11-25,630.0860561860122,630.1825309872689,616.6245231268964,627.408203125,1267168
2019-11-26,628.6868781891407,638.915681811557,624.89932896045,629.9413452148438,2060282
2019-11-27,633.8494830146394,637.7577138912579,630.1343195443377,633.6323852539062,730694
2019-11-28,633.6323748525465,640.5078832033165,629.4829570309653,632.353759765625,1238446
2019-11-29,633.0291934478128,636.8891275542019,627.2392922882291,628.686767578125,578104
2019-12-02,632.0642854950235,639.2292772571182,622.4144490752522,637.0098266601562,976858
2019-12-03,639.494686369739,642.1966288512856,634.7421536007258,637.6611938476562,832656
2019-12-04,636.8891840810362,640.7249703805359,633.5841269886856,637.0580444335938,474742
2019-12-05,636.8409812811418,639.3016778464745,630.8822189313661,632.5226440429688,620934
2019-12-06,633.4635113909309,645.574044085597,631.1716752852458,634.814453125,1278290
2019-12-09,636.3584710196809,644.1265775157536,633.9942493301126,640.3148803710938,690090
2019-12-10,640.4355200835815,642.5826440702396,635.6829873279263,636.672119140625,462998
2019-12-11,637.3475000104904,643.1615495804961,636.9373937727131,641.8829345703125,357716
2019-12-12,641.7141241871533,646.5390424141243,638.6503128926122,642.2207641601562,699640
2019-12-13,645.525866728031,645.525866728031,636.2619877425045,639.0363159179688,574280
2019-12-16,639.0363136149476,644.3196347644632,633.391182472216,634.597412109375,418738
2019-12-17,637.3234610531222,642.2690022409894,631.0993047541721,640.5320434570312,647870
2019-12-18,641.1351937107213,662.4613099172763,640.6285537091504,658.4566040039062,1986964
2019-12-19,660.9655335450367,667.7686561963537,659.5662955349824,664.2947387695312,2010318
2019-12-20,664.439337527322,668.3475086897083,662.9436249710897,664.656494140625,1116378
2019-12-23,663.9087849052978,669.0714241357233,656.9850386446288,664.4395141601562,488620
2019-12-24,665.8387304829574,669.6262795977856,658.601352977708,664.343017578125,445768
2019-12-26,667.8169021685268,673.5585664847657,664.3912220985118,670.7118530273438,1154522
2019-12-27,674.5236031122888,678.480012704419,670.9049142543903,674.6442260742188,908624
2019-12-30,676.4534839351688,680.0239349309591,673.1001895818206,678.6970825195312,433078
2019-12-31,675.9468823536569,678.7935958320078,668.3235470414811,669.1679077148438,549516
2020-01-01,669.722811887587,681.2784677207036,669.2161719041188,678.0698852539062,505046
2020-01-02,677.900953911773,680.7959046046345,673.3172819814085,675.0301513671875,412824
2020-01-03,673.3173670858127,676.8878185045496,671.4115478646272,674.354736328125,487864
2020-01-06,669.384972661002,673.0278092324081,666.7795052170362,669.5538330078125,1578998
2020-01-07,670.7118404920462,690.855873174832,670.6636030915527,675.34375,1727370
2020-01-08,671.6768493501426,679.0107603366051,670.1811364910511,677.201416015625,519582
2020-01-09,680.57894148838,687.7680233460669,678.9143091719471,682.4365234375,1021788
2020-01-10,685.1383522461878,691.3383600626335,679.9033280244549,682.7982788085938,5168956
2020-01-13,685.0901109524011,692.0862419743082,682.774126779083,687.7920532226562,594534
2020-01-14,687.7921531118608,690.7835791137495,683.690972262018,688.6123657226562,571640
2020-01-15,688.419371487808,694.1609771872044,682.7741816979958,690.9524536132812,784918
2020-01-16,690.566387354099,702.5080593799603,689.9874207544393,700.8917236328125,1138358
2020-01-17,701.301712546562,702.1219249085032,691.9895988242391,698.5756225585938,979182
2020-01-20,699.6131106767707,706.8504876837718,693.9196838720933,694.981201171875,652618
2020-01-21,694.4263970374556,694.7882659259586,681.5197400141782,682.6053466796875,470402
2020-01-22,686.8994503185453,697.1764901323074,684.55937691082,689.263671875,697620
2020-01-23,689.505016605881,698.1657219401608,685.1384417104549,696.9112548828125,417130
2020-01-24,694.7882457743748,705.1618202772561,692.90651582915,703.2800903320312,1003996
2020-01-27,703.5695073194871,714.9080644280102,700.0955899773219,712.49560546875,1534176
2020-01-28,711.1929322323508,713.653628698617,700.6263497499918,705.2100219726562,612014
2020-01-29,707.4295068057278,728.5144353902541,707.4295068057278,722.1455078125,1269956
2020-01-30,740.6249394504432,745.4498576227588,721.3252667611808,733.7976684570312,5117712
2020-01-31,738.1159873571556,742.0723966017138,726.2707899770674,729.5517578125,1539330
2020-02-03,716.741520568284,759.6350504754485,716.741520568284,754.5447387695312,2304190
2020-02-04,757.5122011511771,759.442168542645,745.8841593971688,751.2398071289062,1204662
2020-02-05,752.0358397952241,753.6521755111338,744.0505771165225,748.3206176757812,906316
2020-02-06,748.4896133213591,752.0841539623602,735.0763166393942,748.0553588867188,1468834
2020-02-07,743.5199392992088,762.2888840046478,743.5199392992088,752.1565551757812,1064264
2020-02-10,752.1566054046807,763.2056812640769,746.4149402386427,760.383056640625,801762
2020-02-11,765.2319841724526,771.5043774853415,759.4662308016973,763.953369140625,1106824
2020-02-12,763.9533964016489,771.0219132053003,762.5300691197958,766.8001098632812,660122
2020-02-13,767.1619719878803,768.6094474067253,759.972832294698,761.3720703125,491938
2020-02-14,763.3502543990011,775.3643118317348,761.6615331224541,763.953369140625,984192
2020-02-17,763.3502595646804,774.8818252821503,759.9728169887308,761.5650634765625,723906
2020-02-18,774.3993288276869,774.3993288276869,756.3058865653577,762.2646484375,744788
2020-02-19,763.7363497965897,771.4079818771868,760.6966276275831,768.9713745117188,460266
2020-02-20,767.2102406579073,770.9254630564519,758.3323792809065,760.0693969726562,538030
2020-02-24,760.4071349018603,764.2429214457785,748.5860848986271,750.5160522460938,584382
2020-02-25,747.9105518343705,760.8895934579758,747.9105518343705,750.8296508789062,613882
2020-02-26,747.8623029025821,754.1105482612107,736.3789743052946,740.962646484375,667298
2020-02-27,741.1073541181014,754.5206487999802,735.7999446810577,749.3338623046875,1388310
2020-02-28,747.8623092676547,747.8623092676547,721.614742891837,730.058349609375,1741130
2020-03-02,738.2125151159324,752.687270314284,729.0934075613849,739.5393676757812,1024294
2020-03-03,739.708172520884,750.2506066528281,731.9642144097517,742.3618774414062,842102
2020-03-04,743.0856417655931,765.7145199507813,739.9253556767013,763.2296752929688,3274152
2020-03-05,775.8468456092513,793.6990429273746,768.175213901067,786.31689453125,3031866
2020-03-06,757.0779142246084,801.5153997268953,757.0779142246084,797.9450073242188,3189678
2020-03-09,805.2788358313775,815.4111639035517,775.8950726424866,791.0211791992188,3363874
2020-03-11,782.7223621250023,825.0127823128212,782.0950991941176,820.115478515625,3643020
2020-03-12,805.8096175679827,808.1738393851732,765.5939341160738,768.1994018554688,3663360
2020-03-13,714.8181131974202,760.4695242889244,656.6876740280626,738.4677124023438,4964728
2020-03-16,727.9029765254152,734.2030688655153,706.4826862322822,717.5320434570312,2324356
2020-03-17,714.6728107524531,771.5190563434829,712.2982077170101,755.5022583007812,2759134
2020-03-18,758.4584197884144,774.4024517134753,714.8181427332556,725.140625,2670274
2020-03-19,698.0017384400044,725.9159797300732,643.5786136385398,700.61865234375,3091620
2020-03-20,707.0641662367452,748.2328203814978,689.6662081625794,727.6848754882812,1996496
2020-03-23,657.1481374001673,709.0027470622749,588.3317395308283,616.0521240234375,2000832
2020-03-24,609.8974772342357,654.0950299903835,598.0726752202584,617.9421997070312,1803784
2020-03-25,613.0474766228768,637.9086351088155,574.5442417740794,616.003662109375,2112394
2020-03-26,637.2542707368971,643.9663390355443,607.0380726321172,614.4528198242188,2098656
2020-03-27,636.7939835775663,642.1005764441708,611.1816955369679,629.5973510742188,2089670
2020-03-30,617.8937336127353,629.5004196907216,595.74650737312,621.8676147460938,1320036
2020-03-31,639.7016495061165,662.9877824562687,619.3232513264466,657.3419189453125,2293404
2020-04-01,656.6634370681597,666.0651246777129,625.1629769873992,628.7007446289062,1282628
2020-04-03,629.5246198718096,630.2031031951922,579.8023638059171,589.2525024414062,2620234
2020-04-07,604.8088955099635,632.4323787183513,590.8517434888327,628.2161865234375,1973836
2020-04-08,628.2161374786143,671.0567169062562,622.0856513434046,631.6326904296875,1788542
2020-04-09,648.4248538496001,662.9635277027302,638.8051098150488,653.6102905273438,1204756
2020-04-13,654.482696339388,683.3177355339037,638.2720971276963,667.6886596679688,2033204
2020-04-15,680.6765453441366,722.2813744838813,678.471489340572,714.8181762695312,3412056
2020-04-16,717.2412623118717,724.4621490140472,710.6261537028648,715.2058715820312,2056066
2020-04-17,732.2888545553287,736.0688745722194,706.2403950996843,712.8796997070312,1523846
2020-04-20,712.9281181162997,726.400646716324,700.7641057063885,710.3838500976562,1237266
2020-04-21,696.1601716495433,719.1554839729508,689.1815963151532,715.1573486328125,2158840
2020-04-22,715.1573606324683,749.7109666635558,706.1433944550594,745.4705200195312,2862354
2020-04-23,750.4137276090835,767.6420820919705,742.0297933941808,745.9309692382812,2779842
2020-04-24,742.4900919330314,764.1527523467632,727.0064273152645,729.4537353515625,2483746
2020-04-27,739.0493856626298,755.0419297458212,729.4296399169215,746.56103515625,1844294
2020-04-28,759.5973694602122,762.3839490227773,739.0251074556784,753.3214721679688,1547250
2020-04-29,756.0110418215869,759.6941607065505,731.561862241268,735.5599975585938,1142116
2020-04-30,746.318647163556,747.602908615279,730.059538687142,740.0185546875,1629638
2020-05-04,717.241324945057,737.3531593945299,688.2608747739331,690.41748046875,1634928
2020-05-05,695.4332052987164,703.2356147948555,669.772470620063,675.297119140625,2404096
2020-05-06,676.5814529626041,702.7268720442988,666.937453487275,693.2767333984375,2213716
2020-05-07,694.9487387707136,699.2376365193878,652.5685203101452,655.7185668945312,3283294
2020-05-08,665.7744068015447,673.140645056886,655.1127119194342,663.1331787109375,1888820
2020-05-11,668.7790238805679,672.8498645531836,658.3111901209974,667.543212890625,1320986
2020-05-12,663.9328475547048,668.7063675102638,647.3345263658372,657.1481323242188,1335376
2020-05-13,678.4714965572973,678.4714965572973,660.080096438827,671.3717651367188,1098218
2020-05-14,667.3252739597136,667.3252739597136,650.0727224267835,659.5470581054688,1330748
2020-05-15,661.9699840654707,671.2020650127862,656.9299581239138,665.5077514648438,1078796
2020-05-18,663.9328191891092,666.8648089516557,644.5479193587702,650.6784057617188,1540210
2020-05-19,659.0382109876401,670.6691520713557,644.741845905573,660.2982177734375,1253382
2020-05-20,660.5888440512091,667.3251078795627,652.4229676709232,663.981201171875,797840
2020-05-21,663.9328403852244,690.5628237141093,660.2497211314799,687.8973999023438,2106376
2020-05-22,687.8973503839294,692.9132403405082,673.625242118792,677.3568115234375,1272406
2020-05-26,680.8945303216116,697.371693332953,678.7137293348163,684.5049438476562,1587316
2020-05-27,681.6457644532421,691.96818765441,676.0483512154558,679.8284301757812,1143540
2020-05-28,681.379279708494,695.409078340847,679.8285112699489,690.7567138671875,1831260
2020-05-29,691.0717434082738,720.076390653096,686.904001387627,711.6197509765625,3148350
2020-06-01,721.1182629829437,728.8722227999647,710.6746246911863,713.921630859375,1848872
2020-06-02,719.0344135229049,731.780009537664,713.2674528271389,722.4752807617188,1463054
2020-06-03,726.9337916793339,742.9020803066805,722.8872054039236,731.8527221679688,1502506
2020-06-04,734.2030138160419,740.9634733493601,720.924346817073,725.4071044921875,1180158
2020-06-05,730.059516801526,735.6569301506621,720.1732654618841,730.9561157226562,1375192
2020-06-08,736.5292665982539,738.0800348664801,722.0874930735755,723.2021484375,1201134
2020-06-09,730.2291347154895,730.2291347154895,706.7249457813006,711.0865478515625,1792626
2020-06-10,711.4742761412208,719.1555308884393,702.7026207755574,705.0045776367188,1425268
2020-06-11,705.1984178981008,706.3372689014327,683.8023234442,686.85546875,1246096
2020-06-12,673.6252692068354,699.7948839817772,670.9113950617786,693.034423828125,1827832
2020-06-15,702.2180379000649,711.9589388095171,689.3997957920824,693.9552001953125,1428452
2020-06-16,699.8190970013443,709.0269238725916,684.5292345071983,693.6159057617188,3252164
2020-06-17,695.9179088136528,713.8489412830854,691.4594054844614,694.0521240234375,2714214
2020-06-18,694.0520772802957,700.2552093571395,670.2813216335273,674.1825561523438,3596016
2020-06-19,677.9384393589597,685.7408499186561,672.7529430202392,677.9141845703125,5181166
2020-06-22,678.4714655598491,686.9281040923704,672.6559958550504,674.10986328125,2139202
2020-06-23,678.5441929495071,689.8601162884943,676.0968257055079,683.1723022460938,2344316
2020-06-24,686.225430562671,696.717519069191,678.4714708952962,680.482666015625,1915810
2020-06-25,679.9253876491109,684.7473580037986,668.1005864670873,669.7240600585938,1854598
2020-06-26,674.594533945274,683.1238782899893,665.6774679293356,672.5591430664062,1812160
2020-06-29,671.7594646253689,678.4714741631652,669.3363522176433,671.1536865234375,762738
2020-06-30,674.4490893719824,678.1807180049489,662.1154707798577,664.9505004882812,1035552
2020-07-01,670.354045650156,670.6932577230451,657.9234672030262,664.2962646484375,1313658
2020-07-02,668.7790613135717,674.5945314119505,661.582428898432,672.922607421875,1260214
2020-07-03,678.4714946108783,680.4099845954808,669.5544288501028,673.3587036132812,1042066
2020-07-06,676.0483705873231,682.8330854175902,672.1713906843133,673.3102416992188,1453462
2020-07-07,678.4471594071882,687.9215517471504,675.8544411916986,678.1322021484375,2158850
2020-07-08,681.8154254497047,685.256233460796,669.0698296931305,671.953369140625,964542
2020-07-09,673.4798557632786,678.9076631869789,664.4416935831069,668.7305908203125,1551802
2020-07-10,668.1732159977656,672.8982849776229,664.4658423511977,670.16015625,666390
2020-07-13,673.6251773402993,680.8945137864176,670.2328203321107,676.2178955078125,1084172
2020-07-14,675.0306431648407,676.0240837230381,667.6401505754001,669.0697631835938,883694
2020-07-15,670.4994710429576,674.885269091413,661.6551105827787,663.860107421875,963050
2020-07-16,665.628950559182,671.1536584493032,649.394098106519,669.7966918945312,1459850
2020-07-17,671.4445068533724,680.8946460692806,668.7790829719625,674.8853149414062,1179130
2020-07-20,677.2356720795259,699.7948725553736,676.339132308479,698.0986938476562,3040448
2020-07-21,702.7027499735253,704.30202817116,677.7446867848105,679.852783203125,1695734
2020-07-22,683.2692879558164,683.8023608846466,664.369010085865,670.6932983398438,1257660
2020-07-23,671.6867967541858,680.1192402333535,665.871326652418,669.1909790039062,1263628
2020-07-24,666.355872076442,672.9467255977406,663.4481373619266,668.124755859375,1246408
2020-07-27,667.8340438153408,671.2021464465764,654.4826705964632,657.2449951171875,2221724
2020-07-28,661.8489306916216,662.5516688179156,650.3634009988882,656.0819702148438,2579224
2020-07-29,659.5711462855353,670.4751512755606,657.1480340655296,664.3446655273438,1639860
2020-07-30,666.8405824483337,669.6271619171404,650.8480394099653,653.780029296875,1509760
2020-07-31,653.2711488390636,661.7762976225436,649.6122251953394,657.6327514648438,1073236
2020-08-03,657.6326442753444,663.4965639070667,649.9271357274723,651.9625854492188,1208610
2020-08-04,658.4808036304371,658.4808036304371,646.9952743618753,650.7510986328125,1622550
2020-08-05,654.2403268760751,654.7006945540038,635.3643055527457,637.3027954101562,3848822
2020-08-06,642.1248779021887,646.9711033957901,633.3774172230277,645.4929809570312,4725314
2020-08-07,644.4510094808039,675.4183391988652,641.2040033099679,667.9552001953125,7743370
2020-08-10,671.1537006429771,682.7846404447484,658.1657942011251,677.9384155273438,3167460
2020-08-11,680.8946152839108,683.3177277938179,667.4705956422332,668.779052734375,1492958
2020-08-12,669.1667653583113,675.4668577989518,660.2254448227445,661.2673950195312,1429692
2020-08-13,662.9635336052473,672.4136716939187,662.3335007361296,668.8274536132812,1642050
2020-08-14,669.2393993369545,682.7361829177988,663.0120122145396,664.7081909179688,2346514
2020-08-17,668.7790633868028,673.3345268095925,657.6811960830553,668.9486694335938,1127408
2020-08-18,672.171343577794,694.4639764578073,670.717476216054,683.9476928710938,4717148
2020-08-19,690.5870522439529,713.9700875216869,683.8507877623906,702.4845581054688,5026794
2020-08-20,702.4845572675688,708.7603948786715,695.4332763424914,702.605712890625,2117646
2020-08-21,708.9058065022589,716.9505280553476,700.5460684970814,705.8526611328125,2572756
2020-08-24,710.8441830187983,721.1181545685332,706.0948596816887,711.74072265625,2388726
2020-08-25,715.7147558357191,721.9663981666353,705.1500204092151,714.47900390625,1956004
2020-08-26,715.3027832647329,720.076302879713,706.6038333780741,711.6438598632812,1517556
2020-08-27,714.3334687687707,729.0175522038165,708.663409945819,712.8553466796875,2986610
2020-08-28,716.3205328595571,717.7259499950006,699.0195326099899,700.5218505859375,1300800
2020-08-31,705.1256996548303,708.0334344987677,676.0483512154558,679.8284301757812,2494592
2020-09-01,693.4220519248847,696.0390251041381,680.9914736919438,689.1574096679688,1229912
2020-09-02,692.1621472199116,706.0707905444217,682.4212459346812,685.086669921875,1827192
2020-09-03,687.243098374853,705.1256789721413,687.243098374853,702.2906494140625,1520596
2020-09-04,696.3540674533022,709.7296363407178,687.2189453518076,695.9906005859375,1570352
2020-09-07,699.310184791635,704.5198760504778,689.2058186932961,698.7044067382812,874424
2020-09-08,698.8741065244071,719.664423936396,692.9859312242323,701.0791625976562,2266244
2020-09-09,703.1630719927077,713.8005725618871,698.1714951747246,707.0885620117188,2290336
2020-09-10,712.0559231257895,721.9421756353707,708.5181549134222,714.9878540039062,1909658
2020-09-11,714.818120035204,726.3036485379876,714.3577523668616,721.3120727539062,1823546
2020-09-14,723.541385728515,728.9206835965672,712.3950683328313,717.5805053710938,1006954
2020-09-15,717.7743808878556,734.2030956518679,717.7259304689217,726.2310791015625,2675932
2020-09-16,731.7798631916617,733.6699024844874,720.3427857707319,723.7593383789062,1107322
2020-09-17,719.1798137152392,735.1723567425996,711.2562474105605,713.2189331054688,1390472
2020-09-18,719.7371242566776,719.7371242566776,701.0307074180411,705.1741943359375,1616072
2020-09-21,705.1256923392317,707.9122715357613,683.5842472570919,700.3521728515625,1734586
2020-09-22,697.3717548868108,697.8321225836747,675.7576039192818,691.7258911132812,922892
2020-09-23,694.9002139819694,706.0949818907054,685.3046648270415,688.5758666992188,1466426
2020-09-24,682.3484782511612,691.5563057275617,676.0483857673081,678.2291870117188,1286818
2020-09-25,682.2030834797968,688.8908977792015,673.6252887183188,684.7716064453125,868702
2020-09-28,688.1638979349902,698.8255921283493,688.1638979349902,696.0874633789062,672880
2020-09-29,700.7641474074964,705.8042333283385,689.4482236637443,692.1136474609375,935990
2020-09-30,694.7063573418707,697.8564036081575,685.7408410455159,695.06982421875,1294032
2020-10-01,699.7949187043425,711.2804487622504,694.9486935055589,709.0027465820312,1340110
2020-10-05,716.7566382456098,716.7566382456098,699.7948516745507,701.1275634765625,1016714
2020-10-06,700.2795389083675,717.2413270480166,700.2795389083675,712.7343139648438,1748250
2020-10-07,712.3466002947599,728.8722151497293,708.7119316686808,723.8563842773438,2585578
2020-10-08,724.9952472602234,733.6215512718481,713.6308734981287,720.4155883789062,1166922
2020-10-09,721.1182904550401,722.8629196487303,710.1415788392916,713.4127807617188,963612
2020-10-12,716.5627903367678,720.8759422598758,709.9719364105667,716.9989624023438,877450
2020-10-13,716.320589105809,726.3523115226226,713.873280689703,718.6952514648438,1379880
2020-10-14,721.094059403724,724.244105803089,715.0605326558418,720.48828125,1038892
2020-10-15,720.4882547009329,728.3876251976217,711.9831652308629,715.5208740234375,1299758
2020-10-16,713.6065385391944,723.7351593049015,713.3642273206751,717.8469848632812,847678
2020-10-19,720.1490030288696,747.2878618240356,717.8470462560654,744.380126953125,2985144
2020-10-20,747.2877879811915,751.8189958756749,736.4080380774844,738.9765014648438,2509288
2020-10-21,741.5208272778054,746.7547736012182,719.228193725075,725.3829345703125,1857388
2020-10-22,725.964491892976,731.2226340914381,712.806979423926,715.0604858398438,1367244
2020-10-23,718.695109327903,729.3568034649319,716.3447022247519,727.0791015625,1164340
2020-10-26,729.841462648422,731.1499196951422,709.5600234761501,714.6485595703125,822324
2020-10-27,712.3950755268062,741.4239751298767,712.3950755268062,739.533935546875,2443802
2020-10-28,740.5030946424347,749.2262986369136,732.7491355362312,735.9476318359375,1468514
2020-10-29,742.9262709420013,775.3959774998057,739.5581683279439,770.961669921875,9519036
2020-10-30,770.9616534230618,771.5189811015664,754.7752509075435,761.0511474609375,2465752
2020-11-02,765.703470735672,775.177863293107,752.4975089777308,754.2905883789062,1410450
2020-11-03,753.5880495298586,769.5805933462478,753.5880495298586,758.7250366210938,1313404
2020-11-04,760.857386328125,766.0428238328839,750.2683956812143,757.2227172851562,1406364
2020-11-05,775.8805810359387,781.6233455224339,762.6261682008757,770.2589721679688,5218614
2020-11-06,770.2833004226609,785.088543218794,767.6663859383532,773.7968139648438,2391068
2020-11-09,777.3343793770078,778.303624239074,768.9261920301868,773.0939331054688,1359864
2020-11-10,775.3960478600656,777.6495544557636,760.8573719626893,762.6504516601562,1525700
2020-11-11,764.7342990694173,772.7548250454254,747.2394387866955,758.0707397460938,2138080
2020-11-12,757.9495599099189,766.624314147141,754.9206694051638,761.584228515625,1221590
2020-11-13,760.8572800858042,770.5254747268726,757.1014559325143,758.2887573242188,1181884
2020-11-14,763.2803993269474,769.750097546782,761.850786686653,766.1638793945312,272046
2020-11-17,773.6756188139603,774.136045714928,754.1453662372222,756.9319458007812,1883788
2020-11-18,759.7912139474963,763.2804724440314,752.885343006336,757.6104125976562,1303930
2020-11-19,753.5879285356035,768.6112248601075,753.0790512872126,755.2356567382812,1829618
2020-11-20,758.1434823058761,762.9654527178518,754.1210917256789,756.1080322265625,1256534
2020-11-23,757.0288037359497,770.5497834661101,754.654141628255,768.2235717773438,2001702
2020-11-24,771.1798379553616,781.1387952235117,766.3093579774187,768.80517578125,2339188
2020-11-25,770.0650398556692,771.9066287494913,746.3185408292828,748.3054809570312,1251044
2020-11-26,750.6801775670963,757.1983258782467,738.3465598364462,743.2169799804688,1865884
2020-11-27,748.1601603854332,753.3455969262228,727.2244350950554,747.5543823242188,5624226
2020-12-01,754.9933581439002,757.2468644618968,743.5562796789695,751.6737060546875,1284130
2020-12-02,753.5637890571616,777.6980150249307,752.1341762384748,775.27490234375,2350548
2020-12-03,785.0883716324944,785.0883716324944,771.8824098257132,782.6895141601562,2241958
2020-12-04,785.0883856859772,790.903855209577,773.0697250073314,778.6428833007812,2021064
2020-12-07,778.7641322895555,790.3708771001963,777.3345195234663,782.7622680664062,1071726
2020-12-08,784.1676019940462,793.5692896851251,775.4443975883471,780.7994995117188,1246966
2020-12-09,784.6038529413404,789.9347006141969,782.6896176674779,785.3550415039062,826684
2020-12-10,784.7733320064727,803.4797462545625,781.59909053698,800.28125,2294734
2020-12-11,803.6980279319836,808.2776872476381,789.9831864590532,794.1024780273438,1706106
2020-12-14,799.5302269917,800.8386840831209,787.0269427842592,788.626220703125,747742
2020-12-15,789.8619205672273,792.1396816700836,781.3568317170977,785.3064575195312,845672
2020-12-16,787.9961175791015,795.2170040428869,785.0883828278871,787.9718627929688,2166222
2020-12-17,789.9346817284344,800.5963768192477,788.1657977567636,789.7650756835938,1692350
2020-12-18,792.1155507938095,844.6728422016231,792.1155507938095,839.2693481445312,14114502
2020-12-21,838.396975178552,838.8815977075569,796.4286759983286,815.2319946289062,2377968
2020-12-22,816.1526680795308,837.330704947249,797.6158590975222,832.9205932617188,2189882
2020-12-23,840.3354304395461,861.6588208313224,831.6849304872138,839.6327514648438,4252160
2020-12-24,845.6662546789156,849.3251781832844,830.9337189835644,839.29345703125,1064120
2020-12-28,843.2431783613064,857.2972313339948,837.4519629547349,851.6513671875,1570614
2020-12-29,851.6513666634064,858.2664758384295,842.2739328103843,850.0278930664062,1158670
2020-12-30,850.2701202012734,857.7575136695058,843.5338560637152,847.9439086914062,1423836
2020-12-31,849.5432803600337,859.7203533135765,845.6905549765444,855.6737670898438,1417720
2021-01-01,859.1629351988579,864.8087988131302,854.1713592463294,858.1694946289062,1078116
2021-01-04,859.962634990641,867.4742838169892,855.4071716127354,865.0269165039062,744322
2021-01-05,872.2962153163635,875.6643770707415,851.4817033179287,872.5870361328125,1081778
2021-01-06,872.5870040527475,872.5870040527475,857.7817640662508,870.0911865234375,1176260
2021-01-07,871.3512565317055,881.5767794680764,852.9356014993335,857.27294921875,1945848
2021-01-08,863.742675021197,883.9029584802248,858.5814337461986,881.5525512695312,1606724
2021-01-11,881.5525768115551,892.6746394542512,876.1974745566157,888.3857421875,1264314
2021-01-12,888.2645993121307,888.2645993121307,870.7212291745146,872.3689575195312,1158804
2021-01-13,877.1182438782097,879.589806710089,858.266417456511,868.9765625,1060638
2021-01-14,869.4127942644684,874.2347646385681,860.0353604054276,867.4743041992188,914532
2021-01-15,865.0512395557715,870.1640310494093,843.8974537148615,846.611328125,1973286
2021-01-18,843.7277816087607,851.4332912735522,830.9579904275039,836.870361328125,1536036
2021-01-19,842.2738210057677,853.735153819411,837.9849241400742,841.4741821289062,1050052
2021-01-20,844.2123351505925,870.7211603580736,842.2981000745078,852.2813110351562,1769034
2021-01-21,852.9355931047446,881.7706316216379,852.9355931047446,860.4714965820312,1820080
2021-01-22,862.4826703752998,869.6308525054724,839.3177495431812,840.9412231445312,1394952
2021-01-25,847.9682089028565,862.5068837233084,844.3092854098351,855.6010131835938,1799690
2021-01-27,860.5441865075104,861.0046133970766,821.4594275320371,829.6253051757812,1539186
2021-01-28,826.2813950974144,837.4277130371449,823.2767591420873,831.7333984375,1187746
2021-01-29,841.3047278429502,843.7035857481865,806.3150041845812,809.4407958984375,3387874
2021-02-01,822.8889535011909,839.3418626833115,806.8964120020512,831.757568359375,1579168
2021-02-02,841.3045808268964,862.3856575930082,834.0594987969213,853.4443969726562,1740134
2021-02-03,855.3586548755665,862.0464685882248,840.8199808550186,842.9523315429688,952662
2021-02-04,847.144355692455,858.5087292639298,838.8815186880398,852.9113159179688,1394428
2021-02-05,853.8805808558122,855.3587031278245,835.973803340225,837.7911376953125,814332
2021-02-08,839.6569905208029,850.5125471132837,838.2273777088078,840.1900634765625,580014
2021-02-09,842.758505156389,871.3512318983251,840.8684656248946,853.9290771484375,2735488
2021-02-10,855.2375012530764,863.5972388343857,844.6969625635995,851.5543823242188,824592
2021-02-11,849.1797557801433,869.3884898946684,848.2589612200577,858.6783447265625,1279566
2021-02-12,861.1741503921268,866.5049976933723,848.7920223155719,853.2747802734375,721042
2021-02-15,855.8917219710876,870.115379460083,852.4993647225632,856.134033203125,1450668
2021-02-16,858.2664675179306,869.8974077892068,855.7706497531149,867.0623779296875,2028424
2021-02-17,872.3204152741531,876.6335669368337,852.9355171569497,855.552490234375,1846990
2021-02-18,857.9756853268411,871.5693109490318,855.3829667849706,868.3466186523438,1635784
2021-02-19,866.2626665896425,874.7435598289817,859.7202632335809,863.2822265625,1447584
2021-02-22,861.6588739249264,867.7409104496425,838.396992064186,844.3336181640625,1238494
2021-02-23,848.5739481501239,854.8255898681559,831.1275391647416,836.3856811523438,1001128
2021-02-24,837.4276338009453,840.7957363269264,827.129406244076,836.022216796875,465756
2021-02-25,833.5506989027517,840.5292747251694,821.8955041298861,833.2114868164062,3108264
2021-02-26,824.3428474375552,839.3176940638798,811.7426628206377,817.0492553710938,2091890
2021-03-01,826.7659445290483,829.164802123414,816.4192664921317,822.961669921875,1037868
2021-03-02,829.189037742022,840.8199769038038,824.5851243238168,838.0818481445312,950074
2021-03-03,840.3354192142659,858.2664518041897,838.9542569139435,855.1648559570312,931650
2021-03-04,852.1602566791536,860.2049787331663,845.5694021948308,853.565673828125,741662
2021-03-05,848.0651241674699,864.5665440326463,841.3289187124658,851.7967529296875,1440162
2021-03-08,851.8936056946691,852.9113010603836,830.7640776200544,832.1694946289062,1047900
2021-03-09,838.3484174184935,846.1023768897867,836.0464607004533,841.328857421875,669222
2021-03-10,846.6354464264507,850.0278036817369,836.1191625982694,841.8134765625,594746
2021-03-12,843.7277943571083,846.4659233846446,833.7930328497443,835.0530395507812,410686
2021-03-15,836.4584542007277,839.3904440562388,821.8955240782307,830.3037719726562,692782
2021-03-16,832.0968641533614,842.7585595589373,826.4268043508775,833.5991821289062,661378
2021-03-17,835.1984129587968,844.9635679856616,831.1275722021213,835.2711181640625,711944
2021-03-18,837.9606588969995,843.7276778315287,824.1973696096728,830.5944213867188,669972
2021-03-19,825.79675392876,853.6140977295607,814.6504362407545,848.5982666015625,1478776
2021-03-22,857.2971308731052,864.4695669370585,842.3465398288262,853.8563232421875,1235370
2021-03-23,853.4202344039401,876.6578599398623,850.3186385290734,866.529296875,2149688
2021-03-24,866.504994672943,879.5655468522615,865.0511272322166,869.7034912109375,1375888
2021-03-25,869.7762749356318,877.7482917921001,851.9663971789056,855.0679931640625,845506
2021-03-26,861.1014232344955,879.5413318650685,855.4798144190173,872.4900512695312,1253248
2021-03-30,887.8284114223783,890.8815568060888,877.2151669433126,885.1387329101562,1248908
2021-03-31,886.8591883815294,889.5246121717471,872.8051356694724,876.8759765625,993532
2021-04-01,877.6513147591486,888.3130093614132,876.7305202118948,883.5394897460938,924428
2021-04-05,883.9513135159071,892.1898948370532,865.7779723663202,872.0780639648438,727018
2021-04-06,872.6596322944134,915.2337623530275,867.0138280120584,908.3763427734375,2480128
2021-04-07,906.2440670590319,919.3288744443762,900.9132196057434,915.1611328125,1240686
2021-04-08,916.130404578875,932.413709080485,910.2664840404824,923.4966430664062,1639540
2021-04-09,920.782746768901,934.5944879704346,917.9234621973305,930.3782958984375,1018602
2021-04-12,920.7826764322914,921.8973317564419,891.8507391570723,896.2123413085938,1452662
2021-04-13,896.5516484429189,901.1313075244593,868.0800758234478,871.8116455078125,2182224
2021-04-15,874.0893610671541,887.2953238463344,861.6587824360649,883.8302612304688,1153110
2021-04-16,889.4762104493863,895.5824425442192,876.367147245689,883.8060913085938,1133434
2021-04-19,871.3512505606466,876.1490251178069,854.8740856445943,858.1210327148438,923818
2021-04-20,862.6280869121911,872.5143981668341,853.4687094386537,859.2841796875,846658
2021-04-22,860.2048963605439,871.3512133274693,849.5432018704414,865.4388427734375,1139920
2021-04-23,865.4146061756122,871.5935428849718,855.8917624742895,864.51806640625,710178
2021-04-26,867.6681768393823,893.1593097125416,863.8396470768341,890.3242797851562,1610458
2021-04-27,896.5516194301655,899.6774108725384,883.4668120114549,888.3857421875,1203860
2021-04-28,895.5824136539813,916.9058044552667,889.2823209172379,912.4714965820312,1742860
2021-04-29,915.9365663671645,919.837801331567,894.2012580921196,895.6793212890625,654180
2021-04-30,893.1592470981915,899.7985515333265,874.9374533460232,879.9775390625,720370
2021-05-03,879.8321188254855,884.3391315854028,870.3819803969001,877.6997680664062,637298
2021-05-04,879.5897590932939,882.8852154627446,867.9588201300768,872.3931274414062,472198
2021-05-05,875.5189989736034,880.4621839814306,869.7035289582915,878.4509887695312,335120
2021-05-06,880.0744796099609,885.6960889036186,869.9701120914178,872.2962646484375,452026
2021-05-07,879.5898023700272,884.8721992406573,874.8889879709812,880.1713256835938,446612
2021-05-10,882.0372374629015,898.9747708021372,882.0372374629015,895.0250854492188,933014
2021-05-11,891.7054039849859,912.4472707408883,886.9318841702573,909.7333374023438,1665520
2021-05-12,914.9188502045777,916.4938733650798,901.9551980373669,911.0418701171875,1377730
2021-05-14,903.8209667632584,926.8162808335177,880.2198745651418,915.0884399414062,4927974
2021-05-17,913.9980415560631,922.2123693267761,899.1686047812963,916.4696044921875,1651266
2021-05-18,921.7035204946528,927.5674407598065,909.2002366581941,917.4630737304688,1042292
2021-05-19,917.3903719663848,943.681142002928,913.5133920531619,930.935546875,2703574
2021-05-20,934.3521831673173,945.013878203459,931.2021369066392,938.25341796875,1351508
2021-05-21,943.3176440479059,965.3679665776668,943.0753328113151,958.583251953125,2955960
2021-05-24,963.8899211965519,1005.1070894889983,958.3894675191398,998.2738647460938,5345168
2021-05-25,1005.1070495685644,1005.1070495685644,987.7090902540718,993.74267578125,1233906
2021-05-26,993.7669779091051,1021.7054186096512,993.7669779091051,1018.6038818359375,2175284
2021-05-27,1015.284012161345,1029.338062926347,990.5925224977623,1016.4713134765625,3788216
2021-05-28,1012.3763788315856,1013.3456238089256,996.0203698389738,998.3223266601562,779774
2021-05-31,1002.5385752104429,1016.738038592798,997.4500387923188,1013.1276245117188,949892
2021-06-01,1020.0817566773717,1020.0817566773717,999.2915007153789,1001.7631225585938,505654
2021-06-02,1003.6531828277408,1006.7789742438373,994.0092425451402,1000.4788818359375,624824
2021-06-03,1003.1685069675925,1012.5701355035814,996.3837924277151,1008.2327880859375,831786
2021-06-04,1008.0147588028116,1016.3744965861522,1005.8582124291568,1007.7239379882812,595318
2021-06-07,1010.8982221864962,1018.6764365282368,1006.0762522514841,1010.1470336914062,781798
2021-06-08,1010.8499383942193,1010.8499383942193,1001.0604687625636,1005.4705810546875,713752
2021-06-09,1008.9840662099058,1015.2841588423404,1003.1928508763764,1006.1005859375,754882
2021-06-10,1008.0147786229336,1038.4248398530244,1004.1863082805403,1033.3363037109375,2281286
2021-06-11,1044.3614173384537,1046.784529675666,1020.2514495831924,1025.9215087890625,1469570
2021-06-14,1024.9765252945485,1026.4303927063138,1009.0082385518659,1024.9522705078125,535928
2021-06-15,1026.430342894704,1042.374374076903,1026.430342894704,1035.7108154296875,918698
2021-06-16,1035.153740711332,1041.6961449714456,1028.4901808167715,1032.7548828125,481290
2021-06-17,1031.3007598808244,1046.7844224666057,1027.6903465313544,1030.9615478515625,938446
2021-06-18,1032.8273028112271,1045.7425616060887,1015.0659380152227,1030.0892333984375,1007240
2021-06-21,1025.4612334090723,1044.8946434291113,1015.7687831878145,1042.37451171875,563980
2021-06-22,1049.6922123253244,1053.544937086859,1038.2309388661884,1040.8963623046875,746084
2021-06-23,1043.804241557595,1044.8461326287438,1030.719433774211,1033.7724609375,334958
2021-06-24,1033.7723842572539,1046.7845450253012,1032.900158455893,1044.918701171875,410386
2021-06-25,1048.2384384814814,1049.11078262054,1029.8227839912843,1034.3055419921875,392534
2021-06-28,1040.9689940719547,1055.8953887860982,1034.7900580037901,1044.458251953125,551070
2021-06-29,1044.8461110518822,1058.9001635660309,1041.0176406244439,1047.6326904296875,705600
2021-06-30,1046.7846510640481,1059.3363270999257,1040.775379097321,1043.8526611328125,722944
2021-07-01,1049.207857813502,1057.7856535883043,1046.7847449779051,1051.218994140625,520740
2021-07-02,1055.0230788710269,1063.2616605617973,1049.6922318946458,1055.919677734375,547144
2021-07-05,1062.2680876758666,1106.39298258952,1056.816085462055,1098.711669921875,3049988
2021-07-06,1098.5424047893623,1104.89088911681,1076.8312911868318,1081.289794921875,853764
2021-07-07,1081.2897402973665,1111.6755485633114,1079.012038122186,1103.2431640625,1102592
2021-07-08,1104.9392821199503,1115.6009769474238,1095.731454768951,1106.6112060546875,794282
2021-07-09,1100.4806897047117,1111.8450625619716,1098.760256333717,1103.873046875,443234
2021-07-12,1108.3314942845368,1113.8561426445483,1095.828211962591,1099.53564453125,602976
2021-07-13,1107.3624275450127,1107.3624275450127,1084.1005472289685,1089.6737060546875,713752
2021-07-14,1090.4006506653723,1101.0623459163226,1084.5851805284904,1090.085693359375,663964
2021-07-15,1095.8283722433182,1096.119193069444,1086.6933091170577,1089.9886474609375,353918
2021-07-16,1090.2794000468655,1100.0687502611772,1085.554330972321,1087.5897216796875,451404
2021-07-19,1082.6465802922105,1099.6083664650964,1081.6773353680455,1095.367919921875,384358
2021-07-20,1105.9570739461965,1127.4500112080007,1090.0371772159585,1122.216064453125,1275730
2021-07-22,1131.0846362258726,1131.0846362258726,1108.5254356660578,1119.6717529296875,690416
2021-07-23,1119.47799146344,1128.0557861763803,1114.9225872228628,1117.830322265625,328962
2021-07-26,1119.308300564765,1130.600028384821,1112.499449148767,1124.9542236328125,458734
2021-07-27,1125.7324833253667,1131.6180145895426,1113.3778789578607,1119.04443359375,366728
2021-07-28,1119.5065523203723,1123.422006226432,1104.6954679767052,1116.75830078125,496482
2021-07-29,1116.7582111322436,1127.4834332008286,1113.3048171645905,1117.0257568359375,394066
2021-07-30,1123.9814184950662,1124.2246202855165,1105.1089358059517,1108.41650390625,781572
2021-08-02,1118.679553758039,1118.679553758039,1097.2292269845216,1100.512451171875,913234
2021-08-03,1102.190421392894,1120.2116962960265,1097.8127895338753,1101.29052734375,1443632
2021-08-04,1104.1848119687515,1110.2648567050428,1094.9673691478347,1101.3636474609375,422090
2021-08-05,1107.5408072533105,1107.5408072533105,1088.084666590099,1093.9215087890625,819452
2021-08-06,1094.8944984850061,1098.7370394067034,1072.544276919595,1081.421142578125,963986
2021-08-09,1089.5440276288682,1096.8644253146747,1079.3538962992106,1085.5555419921875,545764
2021-08-10,1089.4223587036263,1094.3836511980235,1077.3838707572418,1080.958984375,813654
2021-08-11,1082.7586982980026,1106.0817258919437,1058.146629984051,1099.3936767578125,3036986
2021-08-12,1112.8913744639772,1112.8913744639772,1071.206612029028,1080.205078125,1880568
2021-08-13,1090.6141295801417,1090.6141295801417,1071.7903339859756,1073.3468017578125,733140
2021-08-16,1071.4984263098472,1084.680011165619,1057.9521575106146,1079.2808837890625,526620
2021-08-17,1083.8044797027817,1089.0089744818881,1068.1666514352435,1077.9190673828125,882886
2021-08-18,1079.864646007903,1088.8144244669868,1074.9519223015593,1082.3939208984375,793336
2021-08-20,1081.2752751831674,1111.4323004019511,1074.952027959874,1102.7742919921875,2086034
2021-08-23,1108.9756748177697,1116.2960714986846,1080.3022112412107,1083.3665771484375,1298526
2021-08-24,1084.6799675208872,1093.4352318327149,1070.0878603345075,1074.052001953125,710320
2021-08-25,1075.1951320465794,1085.3609195427334,1064.1781382708134,1077.31103515625,630648
2021-08-26,1081.664352751402,1089.446810375298,1073.4927484961356,1083.561279296875,675970
2021-08-27,1082.2480799379532,1090.8574004641362,1076.4355802925088,1082.3453369140625,723950
2021-08-30,1088.54692756502,1108.5138193647454,1077.3839885444982,1100.31787109375,923632
2021-08-31,1108.513839845213,1113.8642796162956,1093.921731378624,1109.1705322265625,1288388
2021-09-01,1113.8642443938559,1137.6980208022833,1110.5081070530207,1125.440673828125,2413458
2021-09-02,1135.728081595666,1148.8853229520457,1130.4019858342738,1138.52490234375,2112568
2021-09-03,1144.4590789735987,1147.5721335253488,1124.4679605866295,1132.0557861328125,842918
2021-09-06,1136.4332166038473,1144.2400173994208,1128.4562458148139,1138.865234375,508384
2021-09-07,1141.1029469129628,1148.8854052039294,1130.9371582707438,1136.1173095703125,742468
2021-09-08,1135.7524444931794,1136.3117611517844,1109.875795846338,1125.197509765625,1071124
2021-09-09,1130.4019782018524,1144.0456230744733,1121.6467133104438,1142.197265625,710322
2021-09-13,1143.048335056679,1172.183860011607,1140.154257703198,1165.9093017578125,2160876
2021-09-14,1174.9078762295208,1179.0423067606532,1162.5045846361227,1171.67333984375,743894
2021-09-15,1173.7892219811372,1179.4801207301543,1164.9366996214562,1167.7335205078125,618920
2021-09-16,1178.069526262161,1178.069526262161,1165.423032586349,1167.87939453125,462420
2021-09-17,1171.357126113485,1178.06951954563,1141.2001029046373,1152.0225830078125,1725396
2021-09-20,1151.220104703403,1168.754978850049,1143.5592477340715,1148.6177978515625,562764
2021-09-21,1152.776542552935,1186.8247948646251,1143.559217998732,1182.3255615234375,1193804
2021-09-22,1190.1080048263714,1202.3896956905241,1173.254167635915,1176.1239013671875,749724
2021-09-23,1184.392578125,1191.664287041345,1176.123718236653,1184.392578125,792424
2021-09-24,1187.7976368457541,1205.1622222828803,1183.5659491133108,1192.6373291015625,1108968
2021-09-27,1194.1207476850257,1198.4011227914636,1167.3685517083754,1170.068115234375,681068
2021-09-28,1173.7404891265373,1176.1238190925058,1155.208465816667,1172.718994140625,534318
2021-09-29,1166.8822010432116,1175.637465577925,1159.8536929863526,1168.4630126953125,446562
2021-09-30,1169.8493034400256,1173.9593899608124,1155.208508110569,1158.5889892578125,747444
2021-10-01,1159.5861144508222,1178.0694501677397,1150.4417035564886,1175.759033203125,1013062
2021-10-04,1182.447165941808,1190.7160272421004,1172.9866395572378,1177.5831298828125,509092
2021-10-05,1175.1509568315983,1186.8246418332367,1172.9864848210507,1185.04931640625,255932
2021-10-06,1185.8520031629687,1195.0936717684224,1170.5789772837818,1174.9808349609375,373204
2021-10-07,1178.6046941498387,1204.529912865615,1176.002387205146,1196.796142578125,1169854
2021-10-08,1197.7688146561163,1201.4168415027848,1183.9792256753603,1187.60302734375,446084
2021-10-11,1187.5543050931535,1208.6156032281458,1182.3254667643591,1197.890380859375,557806
2021-10-12,1203.3623265565984,1211.0475260382154,1190.7158348466262,1197.0877685546875,535870
2021-10-13,1208.177703507007,1208.177703507007,1194.607092263802,1203.50830078125,340326
2021-10-14,1209.4912598846804,1225.0074874889128,1198.2066011715506,1206.8160400390625,690264
2021-10-18,1204.8461535314395,1221.845936905,1204.335405962094,1216.8846435546875,589542
2021-10-19,1225.7368860073739,1231.5737283216947,1196.6013622887335,1201.8302001953125,561332
2021-10-20,1203.751563184313,1205.794434401661,1165.2040807614283,1175.880615234375,579962
2021-10-21,1186.8247232331653,1189.4755989672615,1113.8641869688313,1121.4034423828125,1365284
2021-10-22,1121.646650486184,1140.59204609266,1108.5137538846545,1126.7052001953125,779382
2021-10-25,1129.9155642628825,1131.982779565559,1094.4081014169117,1111.894287109375,704050
2021-10-26,1116.2960791260487,1135.752219938703,1109.9971772881236,1127.8968505859375,435162
2021-10-27,1135.703718472849,1174.1539468143055,1123.5923163296472,1152.0225830078125,1520696
2021-10-28,1159.9996589992095,1164.3529474166398,1142.9997583831082,1151.8037109375,632166
2021-10-29,1155.0140711013705,1163.671960443332,1119.214717554932,1125.36767578125,923200
2021-11-01,1134.5848924625968,1157.3242569065587,1130.912522155165,1149.34716796875,432798
2021-11-02,1152.7765171874998,1160.07257109375,1137.0413134293365,1140.0084228515625,356882
2021-11-03,1145.4804952903985,1152.2901457931864,1127.1187591132382,1147.6693115234375,512086
2021-11-04,1156.959548545042,1174.6645905250725,1155.0625034216234,1171.259765625,322900
2021-11-08,1179.4314295822282,1179.9421770935892,1145.9668393848226,1158.75927734375,920960
2021-11-09,1164.9366460156018,1170.3843426977323,1154.1141656924924,1163.526123046875,669870
2021-11-10,1161.531826283746,1161.531826283746,1139.6436637281479,1151.0498046875,1643026
2021-11-11,1168.3413698756126,1206.2808481646625,1155.694877112596,1203.3624267578125,4329804
2021-11-12,1211.1448758592894,1211.1448758592894,1165.7633995317374,1180.1123046875,1268536
2021-11-15,1189.4512176622402,1197.8903669253143,1173.7890467864897,1182.714599609375,882148
2021-11-16,1185.851907727177,1193.4398509455502,1167.8549755754518,1189.1351318359375,904886
2021-11-17,1186.8248532522136,1194.5829673747303,1172.2814322639447,1174.397216796875,504660
2021-11-18,1181.5228897690563,1190.2294656586942,1155.5003003073725,1186.630126953125,950938
2021-11-22,1186.5573669735168,1188.6976142961928,1132.3477036236702,1143.048583984375,1055682
2021-11-23,1143.048535244782,1153.3846124251868,1126.9485275245963,1139.740966796875,580156
2021-11-24,1140.1300328447933,1146.3560226446332,1084.6800227149697,1100.780029296875,1588070
2021-11-25,1107.978788732798,1107.978788732798,1086.1880009628658,1095.210693359375,831798
2021-11-26,1087.1119719350388,1094.1161357974934,1076.8974970309512,1085.7987060546875,1199824
2021-11-29,1082.247860508877,1085.6526852385678,1056.3955602402123,1078.8917236328125,922622
2021-11-30,1077.359550793149,1094.383675540442,1066.8775302342847,1072.933349609375,3129656
2021-12-01,1080.9833626761724,1085.3609952767792,1067.9234966682259,1072.25244140625,678426
2021-12-02,1085.6526059144294,1091.9758513789848,1069.1148870071308,1087.11181640625,1664876
2021-12-03,1091.9760732343402,1098.737035719716,1064.518613984926,1074.197998046875,2878162
2021-12-06,1080.6914691085526,1082.758684268681,1070.0635036673093,1070.841796875,872334
2021-12-07,1079.2807765777832,1081.5182803811442,1070.1364849487632,1076.6785888671875,725804
2021-12-08,1082.2478333825723,1089.7627440260007,1076.4109911351156,1085.677001953125,624104
2021-12-09,1092.9975724037201,1103.6254197679136,1081.8345148305764,1100.6097412109375,959806
2021-12-10,1109.170378179021,1138.3059032037925,1104.2576548438885,1131.2530517578125,3555316
2021-12-13,1138.0382633861518,1162.5043835773015,1133.393086136749,1146.9881591796875,2782826
2021-12-14,1150.8310079898897,1167.3200438246388,1144.6537055348806,1162.139892578125,1942270
2021-12-15,1167.3443337115477,1177.5831535718805,1156.6677980974523,1171.1383056640625,2238194
2021-12-16,1174.6646717284095,1178.872015288287,1168.8765164985043,1176.2454833984375,407912
2021-12-17,1174.567286905585,1174.567286905585,1159.707635074661,1163.209716796875,983752
2021-12-20,1161.5317089498335,1174.591692122419,1132.955499611139,1170.068115234375,2338686
2021-12-21,1181.9607379327672,1193.1480206374806,1164.4502084819112,1172.232666015625,902200
2021-12-22,1177.096684099982,1186.8247558694034,1170.676180482339,1184.1495361328125,423886
2021-12-23,1186.8247420310477,1188.989214224331,1175.4186017645716,1177.777587890625,326340
2021-12-24,1178.6046338687722,1191.1780959258344,1169.8006810350582,1172.3299560546875,349626
2021-12-27,1167.9035614070049,1179.5042143273572,1164.3527918938412,1166.492919921875,327470
2021-12-28,1171.7462361243013,1208.2265049949208,1169.0953603365447,1202.77880859375,690914
2021-12-29,1209.491243222966,1210.658564366439,1190.7160167011018,1191.8104248046875,532146
2021-12-30,1182.6174318452581,1197.1365079501904,1180.5502165601424,1183.857666015625,474798
2021-12-31,1184.343942712815,1201.4167546209324,1184.343942712815,1197.9146728515625,356120
2022-01-03,1203.8487601619177,1209.6856026354299,1198.984724767324,1203.3380126953125,223596
2022-01-04,1207.2536573425398,1268.2973052057503,1205.3080430680152,1264.2601318359375,2737246
2022-01-05,1265.4762673113212,1294.8064291831138,1257.3533506530239,1283.1083984375,2374520
2022-01-06,1272.4318177791952,1291.4015581818664,1271.994102039485,1287.02392578125,1450628
2022-01-07,1288.9696005047308,1330.0707066340326,1286.537582390571,1324.6959228515625,1894572
2022-01-10,1332.745832581607,1333.30514920807,1308.4256531549352,1317.740234375,642546
2022-01-11,1311.830458830309,1324.5256398032102,1310.8576516676615,1318.0321044921875,581542
2022-01-12,1318.2025186108772,1339.0691867337994,1318.2025186108772,1337.0506591796875,618812
2022-01-13,1337.0506781069594,1344.7601044627404,1318.8105418144196,1325.1337890625,615106
2022-01-14,1323.017777140128,1325.1822493856412,1288.969525522551,1313.5572509765625,987206
2022-01-17,1313.5571713781953,1323.0906100028872,1302.0536558139584,1320.3668212890625,719774
2022-01-18,1331.4082587262244,1331.4082587262244,1299.232707974776,1306.0423583984375,651584
2022-01-19,1306.9664547262225,1311.7575776188523,1295.852085122971,1300.351318359375,889978
2022-01-20,1306.9664582734792,1311.441347592197,1291.9366347054824,1301.5916748046875,710740
2022-01-21,1298.697546064071,1318.1536890762668,1294.0523681697348,1313.58154296875,2795826
2022-01-24,1320.5369236839697,1323.6743215187023,1272.3587480316696,1284.275634765625,1327016
2022-01-25,1272.431808896396,1303.561639083464,1237.8971535326177,1259.71240234375,3428442
2022-01-27,1240.3292098907068,1253.2918186427412,1190.5700966613856,1196.9906005859375,4001162
2022-01-28,1197.4770773134055,1224.277965456045,1197.0393615364826,1204.2381591796875,881614
2022-01-31,1227.1963038212555,1227.1963038212555,1189.3784232734542,1194.8504638671875,694578
2022-02-01,1203.8488207480575,1204.8216278759346,1186.824696010206,1202.8031005859375,1103316
2022-02-02,1207.2537234615966,1245.1932038927023,1202.8031780652218,1227.1475830078125,1711312
2022-02-03,1235.3678483910376,1235.3678483910376,1211.631329703279,1217.5654296875,1350380
2022-02-04,1217.9546304527698,1220.873052091235,1202.6816047118214,1207.156494140625,904896
2022-02-07,1200.4442272746228,1205.7217544613372,1177.0968517036415,1184.6361083984375,761766
2022-02-08,1189.6459265322069,1189.6459265322069,1168.6089712229737,1174.8349609375,1095260
2022-02-09,1178.823286979442,1213.8199968594183,1177.2668194493297,1206.5726318359375,726894
2022-02-10,1214.0633424778785,1215.1577505390062,1196.820359220505,1210.682861328125,344952
2022-02-11,1203.3624022534111,1203.3624022534111,1177.8505593915431,1183.0550537109375,793826
2022-02-14,1166.8822101617816,1175.4429608296382,1150.5390020689192,1161.79931640625,844580
2022-02-15,1161.7994106785968,1192.9535868362032,1154.3087235486832,1190.7647705078125,524606
2022-02-16,1191.6888768432607,1196.4313121694736,1174.6647500312142,1178.4100341796875,578050
2022-02-17,1185.8518272580388,1195.5312101770676,1172.7189317141638,1190.1322021484375,420460
2022-02-18,1181.4742851325918,1196.5527959761944,1176.4157354467002,1182.3011474609375,303222
2022-02-21,1173.6918194830514,1193.2939071889518,1166.784912509372,1180.1610107421875,374962
2022-02-22,1155.2084517004337,1173.0837824793773,1144.9939769696089,1158.9537353515625,971770
2022-02-23,1167.3441343624092,1182.9333913330688,1164.4500570934897,1174.9564208984375,455434
2022-02-24,1150.3444244969164,1158.1268814913988,1114.3505608974358,1123.95703125,1591822
2022-02-25,1130.9613839986225,1157.6406713405881,1128.5051406000612,1152.3145751953125,665306
2022-02-28,1149.8580709766022,1170.092507543207,1124.5650846437834,1168.803466796875,1256064
2022-03-02,1159.342746020955,1169.3383617286381,1139.4245463813386,1166.29833984375,1083774
2022-03-03,1167.3686177525888,1174.2269558822359,1130.085830023466,1137.5277099609375,1129288
2022-03-04,1133.3204470085957,1133.5149609583718,1084.6800844760378,1099.7342529296875,1422960
2022-03-07,1081.2023405376904,1081.2023405376904,1042.9953122131685,1052.8935546875,1488898
2022-03-08,1050.534496122774,1079.791624524457,1037.7664019011884,1060.7733154296875,991060
2022-03-09,1070.0878866932671,1094.8701255917385,1055.520123076868,1088.376708984375,1079310
2022-03-10,1143.0484437190332,1150.198552787015,1106.5681742386384,1142.999755859375,1842138
2022-03-11,1138.6707214592534,1142.561949896534,1112.1860716581855,1137.284423828125,528142
2022-03-14,1143.04829938199,1157.6404053315475,1127.3130976327059,1140.4703369140625,759944
2022-03-15,1152.7765216550376,1166.7362810995876,1144.653605358108,1153.0440673828125,723176
2022-03-16,1162.7476872856744,1200.4439624434406,1162.7476872856744,1197.9632568359375,1162080
2022-03-17,1208.7129013990434,1233.0087365723623,1198.2308804556494,1221.0675048828125,2252286
2022-03-21,1189.2566088653525,1237.3376444173691,1189.2566088653525,1208.8343505859375,1369248
2022-03-22,1203.848809023025,1203.848809023025,1169.8005598789396,1191.8590087890625,914068
2022-03-23,1196.5528473845686,1203.3381538055373,1172.28135541968,1183.857666015625,639500
2022-03-24,1181.4255669485387,1190.5943216135956,1172.5487019216985,1178.8719482421875,434122
2022-03-25,1184.368251837484,1198.4982981367114,1176.464194473555,1194.825927734375,689886
2022-03-28,1198.4740331813139,1201.0276518825417,1160.607587119343,1167.2469482421875,860130
2022-03-29,1176.1238756493965,1179.528700765007,1164.182643815188,1166.3714599609375,779328
2022-03-30,1175.977934502709,1189.7431798347832,1168.5602797633467,1186.970703125,787702
2022-03-31,1194.1451982127867,1205.7945408414541,1187.0680019861109,1193.7803955078125,879856
2022-04-01,1203.21653472818,1212.1177441597856,1188.940660637177,1209.150634765625,476418
2022-04-04,1213.5768523614872,1219.900098486016,1206.7915466164932,1213.6011962890625,482200
2022-04-05,1216.0089186078458,1229.2147279635788,1208.7128650961988,1219.7298583984375,552512
2022-04-06,1215.52254899775,1235.465095820042,1211.3394307005292,1230.3822021484375,510866
2022-04-07,1233.519374273018,1244.5363669253868,1207.3751840651416,1212.6527099609375,690928
2022-04-08,1216.5927223681208,1232.571128940115,1213.5770436451116,1228.2420654296875,515736
2022-04-11,1228.16915308026,1234.8572029237664,1186.8248449567661,1191.275390625,1380656
2022-04-12,1191.2752690541777,1193.9748326475133,1150.709258370811,1155.5489501953125,1646340
2022-04-13,1155.5489716984423,1177.0966742373423,1142.6349327825642,1150.855224609375,1249494
2022-04-18,1147.8638512807559,1159.3186802414477,1129.696747388494,1150.0284423828125,679964
2022-04-19,1159.0997642418683,1168.4386894943968,1121.160283918383,1132.6151123046875,812706
2022-04-20,1148.4961710610444,1158.6133898188748,1126.170293039698,1152.241455078125,708404
2022-04-21,1160.0726326826907,1174.178337650321,1152.8009223202444,1170.4573974609375,509918
2022-04-22,1167.368587761535,1186.5328412436043,1157.908061915059,1180.2095947265625,633886
2022-04-25,1177.583133916604,1177.583133916604,1159.9753470729013,1171.43017578125,586744
2022-04-26,1174.6402234617415,1186.8733439337273,1167.1496563294606,1185.2681884765625,447730
2022-04-27,1183.4199242964619,1183.4199242964619,1163.2585194144592,1172.864990234375,448736
2022-04-28,1178.555882572921,1198.498429492232,1166.6146508503298,1195.5556640625,802388
2022-04-29,1198.4984508145324,1199.9576615906865,1174.5430739060032,1178.8963623046875,765390
2022-05-02,1174.5673654283944,1182.3741664826666,1166.2012477685698,1179.0909423828125,362204
2022-05-04,1173.6917176971565,1176.5614510233402,1119.749613729364,1130.4261474609375,1291934
2022-05-05,1133.320369246056,1141.8811199647462,1116.3691565662095,1119.5794677734375,527416
2022-05-06,1106.5680896359056,1111.6996709006546,1078.8430869505225,1087.841552734375,773158
2022-05-09,1070.0879803155685,1088.5713181573828,1065.734691600371,1069.8204345703125,778048
2022-05-10,1078.381094410838,1091.2464455141728,1066.2210047572366,1071.668701171875,517500
2022-05-11,1079.3295526308843,1080.059158006705,1048.1997232625306,1052.6502685546875,844302
2022-05-12,1045.7676548878917,1060.0678720636854,1023.9281825256968,1028.7435302734375,752418
2022-05-13,1036.0396852355072,1055.9822331672706,1027.284420289855,1032.02685546875,658352
2022-05-16,1040.4172163915098,1040.4172163915098,1015.5133778325461,1028.5732421875,640516
2022-05-17,1035.553287371362,1057.9765413291218,1023.8796007124083,1055.2769775390625,531884
2022-05-18,1053.063679341918,1057.6116000070897,1038.8607195185189,1052.0665283203125,1299958
2022-05-19,997.1273519795581,1034.580428127083,997.1273519795581,1030.1298828125,1880770
2022-05-20,1036.598934961739,1044.4544239758002,1016.7537640335009,1040.6361083984375,1173056
2022-05-23,1048.1998439507781,1084.1937133022202,1041.025390262484,1064.615966796875,1787784
2022-05-24,1064.7373988412999,1077.3838914725807,1049.7804892869965,1056.736083984375,602614
2022-05-25,1060.35985010582,1061.6245469686833,1022.6879149611814,1040.61181640625,1037172
2022-05-26,1042.0710660788823,1049.9994688205365,1024.3660218436662,1037.547607421875,787920
2022-05-27,1045.9136031767307,1054.9364130025044,1040.0280725758566,1052.3341064453125,340412
2022-05-30,1071.668702717373,1085.6528058391816,1062.9863511918304,1082.053466796875,893164
2022-05-31,1084.1936823309984,1100.7314056146474,1065.4671427303956,1092.170654296875,1880158
2022-06-01,1094.4080923784215,1114.2777268003988,1066.9749770298204,1072.6171875,903112
2022-06-02,1072.6172516110955,1096.3537722947165,1065.6616560136185,1092.3409423828125,657988
2022-06-03,1095.3808684760827,1099.4180419635363,1064.0321813144976,1067.94775390625,768244
2022-06-06,1071.9362862876737,1073.2495522683496,1043.4086436614202,1056.4686279296875,459964
2022-06-07,1053.063868927856,1053.5502725624647,1033.1942329537353,1037.6448974609375,401020
2022-06-08,1038.4959398408048,1044.697585202813,1019.5018571583629,1021.8609619140625,691964
2022-06-09,1017.7023158690769,1024.70648048291,1003.5722669857672,1019.76953125,1119622
2022-06-10,1013.665072597913,1029.424501274229,1006.8554223981189,1025.7279052734375,590744
2022-06-13,998.1244042051837,1041.8763787113537,998.1244042051837,1037.231201171875,1507186
2022-06-14,1028.743537488211,1044.79485509441,1025.3630564698067,1031.2242431640625,497544
2022-06-15,1039.8093646045365,1042.8493873054035,1023.3932420198548,1027.6005859375,409116
2022-06-16,1045.7675545085947,1045.7675545085947,1011.7193085478497,1020.0125122070312,532412
2022-06-17,1007.3904994856184,1019.988304675346,967.2378603081905,972.5396118164062,1884914
2022-06-20,981.8056977080807,1031.1756646723463,977.9874412021888,1024.68212890625,2034860
2022-06-21,1025.7763732100914,1031.1754999791958,1013.032624271842,1021.7393188476562,1043382
2022-06-22,1021.9339471888945,1038.374412355055,1009.2874537919829,1012.740966796875,993028
2022-06-23,1020.4748758359673,1048.51599925646,1015.2703804386507,1043.6033935546875,877666
2022-06-24,1052.261247781423,1059.8490724905826,1038.982406101799,1055.1309814453125,857278
2022-06-27,1062.7918284568998,1064.8346997545598,1037.571755187447,1042.435791015625,876920
2022-06-28,1036.52606750958,1040.8307868529437,1021.4475559690837,1029.3272705078125,491738
2022-06-29,1023.8795806259282,1041.6819999319373,1014.4919673716761,1020.5476684570312,922556
2022-06-30,1023.9768500137297,1035.8937383888085,1011.2330992566789,1016.5348510742188,619938
2022-07-01,1021.4231830602888,1052.7476451384973,1013.0814090902231,1049.8292236328125,1002218
2022-07-04,1046.302690375981,1073.3953434926082,1046.302690375981,1066.4154052734375,408370
2022-07-05,1070.087741697307,1079.742899048874,1055.8847826940419,1058.9248046875,684418
2022-07-06,1070.0879535405202,1089.2522084808475,1065.7590088651866,1079.59716796875,1032978
2022-07-07,1089.4223967492153,1105.6440033215972,1083.8530996185866,1088.109130859375,640710
2022-07-08,1090.5169356586412,1096.815838900783,1084.1936884848844,1094.8216552734375,429610
2022-07-11,1099.2476681440526,1108.4893355021757,1087.3794691423882,1103.4307861328125,518288
2022-07-12,1103.1146008124103,1103.1146008124103,1089.8601036271189,1094.7728271484375,331510
2022-07-13,1106.0817039220278,1120.0901503076261,1102.093218449616,1111.6510009765625,1126468
2022-07-14,1113.815658957706,1119.6525026965141,1100.7314484102337,1113.76708984375,467808
2022-07-15,1113.766864624414,1128.4562279798404,1110.1917510569763,1122.4490966796875,536154
2022-07-18,1126.9971218747487,1130.8883506080238,1109.4865925750116,1119.749755859375,466516
2022-07-19,1109.2677064939298,1120.1874430987561,1104.1361249822737,1114.5694580078125,311278
2022-07-20,1121.3791861540524,1134.7796294461236,1117.2690993732301,1128.869873046875,723878
2022-07-21,1130.8640612208726,1153.7493750624008,1125.294763577936,1148.958251953125,737938
2022-07-22,1148.95812132692,1156.7892661403591,1140.2028572501717,1146.8179931640625,441950
2022-07-25,1146.939682210171,1159.5861757375096,1127.5322261820295,1134.925537109375,646962
2022-07-26,1135.2674794376885,1137.70996540894,1109.8411766245586,1133.5577392578125,724506
2022-07-27,1128.4773468150318,1154.8561936839778,1128.4773468150318,1150.11767578125,530960
2022-07-28,1159.1548867985102,1174.8356936577459,1148.7499924888166,1172.2955322265625,853546
2022-07-29,1187.927464651101,1201.7030612570118,1176.1546349234145,1197.4287109375,682906
2022-08-01,1207.4672270158644,1223.1968107133741,1200.1885482383686,1219.362060546875,717064
2022-08-02,1226.1278944508897,1239.8058151858,1220.0705772588024,1231.232666015625,740248
2022-08-03,1231.0127261777966,1235.8976973134227,1218.4583742116354,1232.600341796875,432184
2022-08-04,1238.3403107595266,1250.4795129899192,1224.784514458313,1247.670654296875,822506
2022-08-05,1255.8284807276548,1294.3464089466402,1252.213530307504,1290.0477294921875,2053916
2022-08-08,1294.5174266094518,1297.2286096005996,1274.977540924781,1294.199951171875,992070
2022-08-10,1294.4441250563927,1304.800240019344,1276.3452831328295,1288.0692138671875,2029372
2022-08-11,1299.402541692007,1308.219939934462,1285.5780471892724,1289.9500732421875,1131998
2022-08-12,1289.9500384705539,1296.93557203924,1278.9588518540215,1281.0838623046875,1018130
2022-08-16,1289.6325018463378,1308.5617667882111,1282.793541609274,1302.2113037109375,775900
2022-08-17,1308.6838182575625,1338.9706404792753,1305.7528354619128,1326.90478515625,1972434
2022-08-18,1328.638962156022,1336.0396459452172,1319.9192407107776,1330.2998046875,411956
2022-08-19,1333.5727284194375,1340.0942128695349,1323.4608615881145,1329.10302734375,824452
2022-08-22,1318.9421987495962,1322.3127811082716,1292.3191062192802,1309.2454833984375,749340
2022-08-23,1298.913973037635,1315.5717742138859,1286.3351709294293,1308.1221923828125,579146
2022-08-24,1304.2873136825153,1317.9163356600188,1291.6108372390108,1304.6536865234375,424434
2022-08-25,1306.7299541594064,1316.9883949210316,1297.0332374489722,1300.9901123046875,826958
2022-08-26,1306.7053749704457,1316.4997662863104,1295.5432870992038,1302.77294921875,372254
2022-08-29,1270.0926637659288,1323.7784559641552,1268.1875724750826,1319.1134033203125,797324
2022-08-30,1326.5139187500586,1349.3756076356008,1324.3156817276408,1336.6746826171875,1043338
2022-09-01,1336.6748551168052,1380.493028232725,1327.2468357071175,1377.7086181640625,1466668
2022-09-02,1382.422485599352,1414.1992490548673,1380.4929457095182,1400.374755859375,1642092
2022-09-05,1404.4291636243352,1413.2221114313745,1382.2269942639584,1383.7901611328125,697670
2022-09-06,1391.2399612364554,1394.8792413556873,1366.8151023664334,1375.5103759765625,469994
2022-09-07,1376.0476442854072,1383.4239993312767,1363.933009757365,1369.6728515625,581368
2022-09-08,1379.7603174759824,1404.4294256482385,1376.0965885395087,1401.81591796875,893490
2022-09-09,1411.7567730430765,1411.7567730430765,1383.961332724987,1389.359130859375,514494
2022-09-12,1394.6594250785793,1406.3589084873454,1389.7744533620169,1395.9295654296875,330628
2022-09-13,1401.4982447199127,1407.360210191031,1389.7743137776756,1395.8560791015625,393510
2022-09-14,1370.2344891158452,1412.7337406499196,1370.2344891158452,1401.571533203125,935654
2022-09-15,1408.8258102109896,1425.8987621099327,1400.008412615764,1417.5455322265625,1398588
2022-09-16,1418.1072589847856,1419.5727504684075,1361.9789828668681,1367.3280029296875,1445574
2022-09-19,1367.3280385037087,1381.3967809649084,1346.8111571992108,1371.1138916015625,460234
2022-09-20,1377.4888825740213,1408.606130484716,1373.4587806580787,1384.3521728515625,541006
2022-09-21,1382.4470092502772,1400.838880237444,1373.214460320864,1376.951416015625,392824
2022-09-22,1374.7287008463388,1377.5620082618311,1343.3672066383106,1372.652587890625,817230
2022-09-23,1373.6295387242794,1374.1180358748607,1353.1371071098,1368.1094970703125,637568
2022-09-26,1358.021965163915,1382.3735937908048,1349.473265742919,1368.8665771484375,823304
2022-09-27,1375.095025054513,1389.1637667912514,1362.9070450453069,1369.892578125,1111098
2022-09-28,1365.3495679907512,1365.3495679907512,1346.6890002520079,1353.0150146484375,1868548
2022-09-29,1359.780765271687,1361.9301051072266,1304.2874392526167,1320.9940185546875,1562522
2022-09-30,1322.508554345116,1327.2469535510286,1306.852194511369,1314.2041015625,1045250
2022-10-03,1314.057335477941,1315.0343297794118,1288.0937596211602,1297.570556640625,671864
2022-10-04,1314.5459088712473,1318.0875134194882,1305.8018570707377,1312.4208984375,557358
2022-10-06,1325.7812812891307,1325.7812812891307,1296.959949087193,1300.35498046875,594856
2022-10-07,1300.8190611626944,1319.1866023871241,1290.1210208866487,1300.672607421875,630486
2022-10-10,1281.9142350604236,1298.9139602351952,1266.7952716735315,1292.2947998046875,406862
2022-10-11,1302.821809169892,1305.6306675886121,1273.0234850756424,1275.9544677734375,461058
2022-10-12,1282.353958690362,1299.4024620858602,1271.313875029493,1297.033203125,363098
2022-10-13,1294.5174362739538,1303.1150337441952,1276.7605173206418,1280.6441650390625,323144
2022-10-14,1296.9111065698928,1303.3836941604384,1277.5911386431897,1279.740478515625,193968
2022-10-17,1286.1397975808436,1323.4120355421298,1282.402722743337,1314.7412109375,1634006
2022-10-18,1321.335851309459,1337.260905597815,1311.6148060384048,1325.1217041015625,872800
2022-10-19,1318.9424069236468,1320.8231688012859,1283.4042365148707,1301.820556640625,807302
2022-10-20,1301.3076028032742,1324.8043650955015,1297.4974201716768,1313.935302734375,854352
2022-10-21,1314.0574604691087,1318.8935350165884,1282.964661572107,1288.509033203125,598806
2022-10-24,1301.8448513803758,1304.2873370302452,1287.1899374811596,1291.3421630859375,130826
2022-10-25,1285.7244915570873,1287.1899829988315,1267.6500971089063,1279.0321044921875,537504
2022-10-27,1281.8654012269876,1290.609452385817,1243.469478065139,1252.7020263671875,1223410
2022-10-28,1254.4608135020428,1264.133081944531,1248.1347985947677,1250.821533203125,820380
2022-10-31,1252.018133043987,1268.3095598892514,1247.4263077676633,1262.471923828125,1416994
2022-11-01,1268.6271134382387,1294.5174626920802,1265.2320820582956,1291.46435546875,638580
2022-11-02,1291.8306847503134,1294.2731704465705,1267.8698762176332,1286.9212646484375,931448
2022-11-03,1281.1814856644708,1293.638163322106,1272.535109730983,1291.36669921875,468420
2022-11-04,1291.3667387540518,1300.8924337250498,1282.402767832951,1293.54052734375,375606
2022-11-07,1293.0518603689995,1302.9439269245236,1276.4429584979962,1284.087890625,1243030
2022-11-09,1292.0749727807022,1303.2859586165127,1280.839538234783,1295.6165771484375,798896
2022-11-10,1270.0926435676597,1305.2399911401408,1270.0926435676597,1297.6195068359375,982010
2022-11-11,1303.7989492466934,1311.6149039817803,1286.7504456855868,1299.9886474609375,507382
2022-11-14,1294.5174264559203,1312.9581935686413,1289.6324550353318,1296.7401123046875,923388
2022-11-15,1303.2372732724875,1309.1724664135513,1289.77915186423,1306.72998046875,523672
2022-11-16,1304.8003208858422,1311.6148321951268,1296.0805991569525,1310.369140625,698426
2022-11-17,1310.3691391043092,1318.4537906839482,1300.0862503782907,1315.6204833984375,671508
2022-11-18,1317.9653062989141,1325.7812606728141,1307.0473473280726,1318.575927734375,438542
2022-11-21,1323.9003599811595,1327.9304610321747,1297.9123382682217,1300.3792724609375,441556
2022-11-22,1301.014510839337,1320.8718727001196,1299.7932679386245,1317.452392578125,581696
2022-11-23,1318.8934212153356,1327.7352674265453,1311.7125368884972,1317.2081298828125,384958
2022-11-24,1323.802843754917,1326.7582754004586,1316.0845648394359,1320.847412109375,285234
2022-11-25,1318.795642695229,1322.3616955011398,1296.0805267584713,1300.42822265625,533500
2022-11-28,1300.4284044829867,1317.476908542414,1300.4284044829867,1315.2054443359375,535914
2022-11-29,1314.0573815276484,1344.8327031024596,1311.9568198534748,1332.5958251953125,803926
2022-11-30,1336.5527360987357,1361.6858922120055,1321.2138530561658,1342.732177734375,2624670
2022-12-01,1344.6128668364577,1351.1831297138665,1332.1317406831936,1335.3314208984375,537630
2022-12-02,1335.331506724324,1340.4118297542313,1321.38488821077,1336.6259765625,393842
2022-12-05,1332.6690813944715,1338.408922729413,1316.011281389971,1335.4534912109375,679150
2022-12-06,1330.6661963072359,1357.5335387436887,1328.834332050205,1346.88427734375,1005830
2022-12-07,1355.579710719239,1365.8381517733308,1350.2062415956675,1354.3095703125,874964
2022-12-08,1362.9069773609351,1364.323571317194,1345.3699782961062,1349.10693359375,504294
2022-12-09,1352.1357736305965,1358.7793831214763,1328.7123572151793,1338.311279296875,469364
2022-12-12,1336.0397036072852,1337.1877196131736,1307.6336420745115,1313.153564453125,662678
2022-12-13,1309.3190581567953,1313.324711311182,1288.216003144164,1293.931396484375,548276
2022-12-14,1292.4657962134743,1299.4024319602604,1281.5233883871347,1287.8250732421875,599850
2022-12-15,1285.211557373214,1288.460134989119,1274.244820170286,1278.17724609375,355436
2022-12-16,1277.4199796563596,1277.4199796563596,1249.57564357972,1266.6241455078125,901954
2022-12-19,1265.6961615406387,1272.8770460535977,1256.4147153541192,1270.0194091796875,432658
2022-12-20,1265.2076071783238,1269.9460056385224,1253.483675683235,1258.7105712890625,296116
2022-12-21,1260.3715541269141,1270.0925997819838,1246.156239247631,1253.361572265625,343788
2022-12-22,1250.5526844322524,1263.351285709589,1233.45528444978,1246.5225830078125,374804
2022-12-23,1238.389124498826,1242.7855986778115,1213.0116031338634,1216.47998046875,488866
2022-12-26,1211.4729569741191,1233.1621831764355,1202.460208223224,1227.862060546875,517394
2022-12-27,1228.5703387051362,1243.2008045721075,1225.6393557897363,1239.3905029296875,293598
2022-12-28,1239.6836776316275,1286.6770809442992,1233.040068498084,1264.1817626953125,981530
2022-12-29,1263.0339139115135,1329.2497308437287,1241.0026432786426,1270.923095703125,1232728
2022-12-30,1274.9774441683212,1274.9774441683212,1241.4177169041045,1245.7408447265625,410132
2023-01-02,1248.1103795469985,1250.5528656126482,1226.1280049561512,1235.89794921875,669778
2023-01-03,1240.294255035244,1246.5470423632055,1229.1809449517261,1239.3172607421875,643468
2023-01-04,1240.2455141317248,1240.2944115573478,1223.2459066968318,1226.592041015625,336530
2023-01-05,1231.0128136738135,1247.6217167154443,1226.5918906294503,1230.084716796875,487994
2023-01-06,1231.5014044159418,1239.8547539912379,1226.6653299851964,1232.136474609375,319792
2023-01-09,1238.315873608158,1249.575757196043,1234.432344970446,1246.8157958984375,328436
2023-01-10,1246.84006794442,1252.4822338340193,1227.5933280937504,1235.5069580078125,312516
2023-01-11,1235.9466402568892,1239.5125739076584,1209.0548493122833,1211.2286376953125,536492
2023-01-12,1212.401068572075,1234.0170681672448,1203.0708442588198,1219.044677734375,573124
2023-01-13,1225.1509316647914,1228.1063634663842,1207.858179137962,1223.7586669921875,371302
2023-01-16,1225.6394692408032,1229.4742199482143,1195.1816212541478,1196.720458984375,486394
2023-01-17,1195.816598105983,1203.6570013707212,1179.3298189678899,1190.6873779296875,1104462
2023-01-18,1190.6873344495987,1217.9699475244222,1187.6097786038033,1215.6983642578125,351738
2023-01-19,1211.4729735068804,1213.939908051301,1190.2233467538363,1198.3812255859375,547226
2023-01-20,1196.3295507085118,1196.3295507085118,1169.9507039391121,1173.663330078125,493462
2023-01-23,1176.7896176812274,1186.0710633997594,1163.4291731131732,1177.082763671875,503248
2023-01-24,1177.0827876545404,1184.6055961064576,1161.2798570491036,1163.771240234375,518394
2023-01-25,1138.6869602252086,1148.9454013083187,1123.0550500033269,1131.017578125,1673466
2023-01-27,1133.3133912468124,1133.3133912468124,1102.5380707086447,1118.9759521484375,890164
2023-01-30,1125.9615866551824,1133.3134932981611,1106.4705962640398,1115.4344482421875,631882
2023-01-31,1125.4485450768284,1125.93704223069,1111.4531493234952,1113.5537109375,1107434
2023-02-01,1119.3913210450733,1139.6639546140764,1108.8886313647463,1131.017578125,688520
2023-02-02,1127.9644192238454,1128.4284676849945,1100.4864532899576,1119.3668212890625,814542
2023-02-03,1119.391149416395,1147.4552850813309,1114.5550756377868,1143.8404541015625,627390
2023-02-06,1149.5803678120358,1149.5803678120358,1133.8018860027685,1139.8104248046875,521948
2023-02-07,1139.8104744411824,1144.5488731536943,1129.8939580044794,1130.9686279296875,383854
2023-02-08,1132.3364429900912,1142.9368077541203,1124.031991078602,1140.0302734375,355532
2023-02-09,1140.6164683108484,1143.0834029259747,1130.8709734075348,1137.0504150390625,355114
2023-02-10,1137.7098532194225,1147.6263691372385,1128.5749804401335,1131.4326171875,638886
2023-02-13,1124.0564939794715,1132.3853950034545,1118.6585761243732,1124.49609375,363160
2023-02-14,1135.267451412711,1135.267451412711,1112.7965810319085,1121.638427734375,426600
2023-02-15,1123.5434349644056,1134.3148208780945,1114.7504863429451,1129.0634765625,383616
2023-02-16,1132.824948721775,1137.0016234200455,1124.6670697524194,1131.725830078125,630986
2023-02-17,1131.5304411472744,1144.1092429825512,1123.860940346844,1139.7127685546875,632862
2023-02-20,1143.9872760713365,1144.0605029504075,1126.8654244527452,1133.3380126953125,551338
2023-02-21,1138.1985273562916,1140.6410134664984,1126.4745940272999,1139.102294921875,513872
2023-02-22,1133.2891801553892,1133.2891801553892,1114.2622359713694,1120.93017578125,660726
2023-02-23,1122.5664285555902,1123.7144445402437,1103.0265429410456,1107.9847412109375,762688
2023-02-24,1108.8886854115433,1117.8282083577928,1099.1431897599991,1111.673095703125,916596
2023-02-27,1106.4459818562807,1120.2215768508345,1104.4919933673511,1113.6024169921875,463650
2023-02-28,1112.3079487253765,1130.1869911264182,1107.2764045076412,1123.9342041015625,624686
2023-03-01,1129.576289833044,1131.4813807726166,1121.1984932115251,1127.20703125,567784
2023-03-02,1126.962922574474,1131.3104994951243,1118.658471042716,1128.3795166015625,466214
2023-03-03,1132.3363859290769,1138.1983516888477,1125.9859230226582,1132.7027587890625,626146
2023-03-06,1138.4916140740854,1157.5673341912595,1135.9513332422162,1148.4569091796875,664772
2023-03-08,1147.919360559114,1149.311625087416,1136.903845663441,1147.0401611328125,457690
2023-03-09,1149.9223883362429,1152.364874292777,1124.5205343882885,1127.72021484375,613028
2023-03-10,1122.5664775873947,1132.1653991100054,1111.3310428682867,1130.13818359375,323578
2023-03-13,1126.4744376768117,1130.1381663336097,1114.7749546851703,1119.9041748046875,681150
2023-03-14,1119.6354822727767,1129.8694738451647,1114.2620135533175,1124.642578125,680266
2023-03-15,1130.382410340675,1141.837644708884,1124.618120091551,1129.13671875,410228
2023-03-16,1135.0719558381775,1154.9048673547536,1129.4542389576757,1143.66943359375,526662
2023-03-17,1150.4352655359412,1151.7786327318097,1135.6826750918967,1147.91943359375,851840
2023-03-20,1138.1982922298776,1161.1087595060167,1133.3865478819628,1158.9105224609375,622854
2023-03-21,1164.6993195464363,1167.4349512669473,1148.5056868725153,1152.0960693359375,598778
2023-03-22,1159.6923107182256,1171.6115942609058,1155.2958360777607,1161.1822509765625,2053274
2023-03-23,1161.1822064252701,1164.2353136973427,1150.9237659911057,1156.8101806640625,542560
2023-03-24,1156.8101164210054,1162.1346875030008,1148.7742431175773,1155.075927734375,540390
2023-03-27,1150.8993886960936,1157.7383494099074,1140.9828718086617,1148.9698486328125,380676
2023-03-28,1150.4108058756783,1150.6306057441461,1131.6036653125304,1141.15380859375,603216
2023-03-29,1141.1538416631938,1146.0143646686158,1125.9859806313552,1130.9686279296875,661340
2023-03-31,1135.73146845691,1156.7612954207395,1129.893951143653,1149.433837890625,1042214
2023-04-03,1147.9682893059992,1147.9682893059992,1121.7360165048958,1137.0260009765625,822080
2023-04-05,1132.336343467271,1140.6163459400534,1126.6697290738537,1134.5101318359375,452834
2023-04-06,1135.755900261273,1146.9181081041256,1132.2875227105128,1139.1998291015625,737398
2023-04-10,1140.127872782332,1154.831684358981,1129.5764061457767,1150.752685546875,554544
2023-04-11,1154.8073691209938,1156.1262876952528,1137.7099672939064,1146.087646484375,561408
2023-04-12,1146.0631334413297,1152.5844983934833,1140.86056759016,1146.8935546875,966412
2023-04-13,1146.84467515769,1155.784196387047,1144.9883622324805,1148.06591796875,678594
2023-04-17,1151.8762819907213,1160.6447819982593,1147.4553589220295,1157.5916748046875,491778
2023-04-18,1160.180701699801,1190.4675242283852,1148.9452675359712,1188.269287109375,751270
2023-04-19,1195.5236261553746,1196.2319232169223,1172.3932368812684,1176.5943603515625,500928
2023-04-20,1179.7205580469886,1184.9230047286096,1172.9304957075403,1176.3499755859375,256070
2023-04-21,1182.1142797481043,1194.400055398635,1179.2321940870772,1192.00634765625,734248
2023-04-24,1196.8179207887845,1197.013271928199,1180.2090190308993,1182.7247314453125,368328
2023-04-25,1182.7249211821638,1186.486444946243,1173.8587449085694,1177.937744140625,396928
2023-04-26,1176.2766216533894,1187.048007051253,1174.2494063008767,1178.1329345703125,522512
2023-04-27,1186.2908217655418,1196.7447318189902,1165.0656454935402,1167.1173095703125,660066
2023-04-28,1169.9751455240953,1183.3843686978064,1160.6692507847215,1181.7967529296875,756878
2023-05-02,1186.5596144036058,1187.5366087341151,1175.3241796027482,1182.041015625,378596
2023-05-03,1183.6043045916772,1206.4415494191646,1179.0612566345546,1203.6326904296875,1073250
2023-05-04,1209.0060461147407,1209.0060461147407,1197.18443846218,1204.21875,599304
2023-05-05,1206.758899577285,1214.843431446616,1202.4356523910096,1207.61376953125,682786
2023-05-08,1211.6439238066419,1217.3348677589022,1180.6975824130284,1197.159912109375,1365440
2023-05-09,1184.6056285637073,1210.7402269670715,1172.4664262734182,1207.44287109375,2205752
2023-05-10,1210.0074566313262,1243.1763658523503,1210.0074566313262,1225.834716796875,2392328
2023-05-11,1240.7583166900317,1257.8801657106485,1232.9179135523284,1253.7034912109375,1680264
2023-05-12,1260.3226534568557,1276.8094323538203,1248.1102246442892,1263.8642578125,1343386
2023-05-15,1263.7422416537866,1270.0927051796848,1243.4207106661074,1245.8388671875,497350
2023-05-16,1254.680528996292,1260.3226951467334,1240.7828084002724,1242.83447265625,405476
2023-05-17,1240.7583379900645,1250.1619083223418,1232.5027836888662,1243.274169921875,1311514
2023-05-18,1248.2080106484061,1256.0239657799077,1241.8087689416955,1246.7669677734375,788682
2023-05-19,1246.7668735352372,1258.222108056586,1243.3718421340104,1253.77685546875,626002
2023-05-22,1252.067130735631,1257.611501998608,1233.9438382177348,1238.43798828125,510594
2023-05-23,1245.179269307063,1248.3300521580875,1234.9208288773068,1237.5098876953125,366200
2023-05-24,1229.5472808512538,1238.7798289383068,1226.5186224862202,1234.26123046875,468722
2023-05-25,1232.4782175184844,1241.735213968098,1219.2887954522937,1232.600341796875,719926
2023-05-26,1241.24673620177,1265.8426139578185,1231.5012424866916,1263.3267822265625,623940
2023-05-29,1267.9187835826506,1269.604074873889,1255.4376577244689,1261.763671875,439670
2023-05-30,1265.2076131747854,1272.5350703939444,1256.7078105053606,1267.25927734375,362558
2023-05-31,1270.117066458418,1279.2274908001557,1266.233537883474,1273.9273681640625,990148
2023-06-01,1278.8854342366258,1303.798786851625,1276.9558945041365,1295.2745361328125,957836
2023-06-02,1295.7631766418936,1300.1352024087146,1281.3280615885997,1285.9443359375,526584
2023-06-05,1289.1439942036554,1295.3967816505258,1282.3050340222037,1288.9241943359375,230912
2023-06-06,1288.1669216679006,1296.202675540734,1274.8798236889127,1281.8653564453125,254286
2023-06-07,1285.2360139065938,1301.5517711673883,1285.2360139065938,1296.88671875,364630
2023-06-08,1301.3563789657157,1308.1953389152352,1280.6684774136204,1286.9212646484375,328362
2023-06-09,1288.6555133189895,1295.9585220382794,1275.2218413643755,1277.3956298828125,201236
2023-06-12,1278.0307207050664,1299.3047963058498,1273.8784947610652,1289.9989013671875,469042
2023-06-13,1302.3334793945542,1336.039784750227,1297.7172049047654,1312.4208984375,1749726
2023-06-14,1312.1033997290167,1333.4262535127375,1307.0963037322845,1315.57177734375,1026556
2023-06-15,1325.805833423986,1331.0816269723675,1305.459853733674,1309.514404296875,802004
2023-06-16,1316.0114319028462,1321.3849010011875,1303.1394832215612,1317.81884765625,871300
2023-06-19,1323.338861619584,1328.199384711854,1303.3104772244556,1305.8995361328125,600448
2023-06-20,1306.681059711968,1319.4308838209643,1304.678292830199,1308.439697265625,895200
2023-06-21,1318.9424883744737,1320.407980028223,1299.549172675593,1304.898193359375,694058
2023-06-22,1311.1019149670512,1313.3246008741203,1285.773409044124,1287.8250732421875,326830
2023-06-23,1294.7129440790177,1310.9311466902666,1287.6786320337144,1298.5721435546875,1579178
2023-06-26,1294.517477273457,1303.7989233369271,1281.792102370878,1285.1871337890625,487502
2023-06-27,1287.6785305088456,1297.5461494167935,1278.3726356374034,1280.5220947265625,725448
2023-06-28,1282.8912261675637,1286.87254960492,1265.2076527117915,1269.43310546875,1540606
2023-06-30,1271.1185111972668,1292.5145914538462,1262.9117350345502,1268.676025390625,1444546
2023-07-03,1269.7019156483445,1276.711898268445,1255.437821066836,1256.1461181640625,946032
2023-07-04,1256.1459678513113,1264.2306195061947,1249.8688510543166,1255.657470703125,877196
2023-07-05,1257.8802165948428,1283.0867183486907,1257.8802165948428,1274.4158935546875,1087864
2023-07-06,1279.8626342635193,1298.743002900046,1277.4201483202683,1294.029052734375,653560
2023-07-07,1296.9599077069095,1300.379387689564,1273.1945695322577,1276.4185791015625,620850
2023-07-10,1275.9300397599702,1280.2288383055247,1260.8355263262993,1268.0653076171875,561978
2023-07-11,1268.114200695719,1313.080388907855,1263.2536777216194,1289.07080078125,1267438
2023-07-12,1259.8584775329866,1283.623813892696,1246.4003584909262,1281.0592041015625,1624322
2023-07-13,1281.0592670870112,1296.9598724262173,1274.1470804434732,1278.983154296875,651618
2023-07-14,1278.836633895996,1283.9170757838606,1267.6500969303888,1281.572265625,594272
2023-07-17,1270.092719049054,1294.0290818311323,1270.092719049054,1289.437255859375,463524
2023-07-18,1289.4371676593037,1302.4555694342673,1281.596764289071,1298.474365234375,743594
2023-07-19,1302.57761198751,1314.887715951381,1291.244502294771,1312.078857421875,802578
2023-07-20,1316.9639455337008,1316.9639455337008,1303.0173272244388,1307.5115966796875,426520
2023-07-21,1300.8679392516378,1311.6148767895784,1295.8119459323966,1300.770263671875,422234
2023-07-24,1297.0088122663653,1301.8448862779458,1287.751695995616,1295.299072265625,510692
2023-07-25,1293.540553057095,1293.540553057095,1264.1330462093317,1273.70751953125,436598
2023-07-26,1275.9300665309222,1284.6253393769173,1266.6975183942056,1278.885498046875,299694
2023-07-27,1281.8290044784362,1289.3591232680872,1273.514064165921,1276.80078125,283566
2023-07-28,1272.9989828290986,1289.383584644199,1269.1480516801525,1283.2271728515625,672822
2023-07-31,1283.2270968313123,1288.6232386353827,1270.6442034017791,1282.7855224609375,442908
2023-08-01,1282.810113859706,1295.4665435250188,1276.45740703857,1292.523193359375,365584
2023-08-02,1295.025013511297,1297.0117988942227,1279.7932716943994,1288.57421875,365764
2023-08-03,1288.672075846205,1293.381483335863,1260.759357053806,1267.847900390625,412378
2023-08-04,1270.5706282431754,1284.6005246405257,1267.8725574246216,1280.2591552734375,353516
2023-08-07,1280.2591407150276,1287.0288695540066,1275.4516451763197,1280.651611328125,265182
2023-08-08,1280.8724559776363,1289.187396396325,1272.9008824649115,1287.1270751953125,588728
2023-08-09,1285.2137787645759,1287.7156742663826,1273.0480274446375,1277.2177734375,488608
2023-08-10,1284.7722747674215,1284.7722747674215,1231.5712474800962,1236.256103515625,1494760
2023-08-11,1250.9482811511937,1251.9048459323071,1234.7353045500067,1248.2991943359375,788866
2023-08-14,1248.421863306928,1248.4709670466912,1231.5958081683361,1244.74267578125,298562
2023-08-16,1243.5653871806196,1254.5783979187809,1233.7542204178533,1245.846435546875,426118
2023-08-17,1246.2388897637754,1250.9237457843642,1225.905270868677,1227.9410400390625,504656
2023-08-18,1227.9656931705965,1232.7731891705466,1211.6791791688222,1215.407470703125,690752
2023-08-21,1215.3337794137838,1223.0846254190176,1212.807451777546,1219.89599609375,545364
2023-08-22,1225.9052094653698,1226.2976800640995,1217.565718244517,1223.599609375,546066
2023-08-23,1231.3014026339083,1266.8668813952463,1226.3958193564824,1229.80517578125,1758348
2023-08-24,1238.684345659232,1247.9804021387863,1234.0240414845782,1236.991943359375,1131406
2023-08-25,1233.778794561193,1244.4974225838866,1230.7128048924783,1240.0823974609375,862998
2023-08-28,1242.0445865938245,1245.8219815432662,1231.3259589530444,1233.312744140625,684300
2023-08-29,1238.1446629896336,1269.908314599031,1234.4654755445297,1266.5970458984375,1132786
2023-08-30,1265.6405854937323,1270.521617287068,1256.5407038426604,1263.1142578125,778394
2023-08-31,1266.130998870061,1268.0196962707796,1223.918432316178,1233.754150390625,2497002
2023-09-01,1238.635237033358,1242.8540865966988,1219.5771176850105,1225.537353515625,937422
2023-09-04,1225.9052855552923,1231.2768753984992,1210.477249792164,1214.058349609375,963036
2023-09-05,1220.9260857928123,1229.8296711260327,1215.3090973861506,1222.1279296875,720632
2023-09-06,1219.037453060197,1230.320294678058,1218.5468947289858,1227.5731201171875,517850
2023-09-07,1231.3013784394045,1234.2447283480244,1223.501549087647,1230.02587890625,421810
2023-09-08,1230.8108503964404,1235.201323498418,1222.3241673314567,1228.8731689453125,1172474
2023-09-11,1235.7164787061972,1240.131503838534,1226.3958700934868,1238.046630859375,839248
2023-09-12,1241.1126044585199,1241.1126044585199,1216.5846873743592,1220.1412353515625,1175768
2023-09-13,1219.528104940783,1231.5958887203826,1204.811353875528,1220.779052734375,790906
2023-09-14,1225.4147061694962,1225.4147061694962,1210.3300375487147,1218.1544189453125,1097908
2023-09-15,1218.0809460431128,1228.8486779708908,1213.1999143690873,1217.320556640625,1009528
2023-09-18,1217.3205883174596,1232.8467127346605,1212.1697254613914,1230.3939208984375,554612
2023-09-20,1232.2580370006413,1235.201387133296,1220.3865487519786,1226.00341796875,675082
2023-09-21,1222.0300619724633,1235.42221030303,1219.5281662594823,1232.69970703125,559382
2023-09-22,1235.6429493138853,1236.452322686286,1222.9619680447968,1235.0787353515625,696760
2023-09-25,1234.7353163287357,1236.1089036054664,1215.3828141676875,1223.69775390625,438234
2023-09-26,1220.6072890529322,1229.3392518258095,1220.6072890529322,1227.2789306640625,256308
2023-09-27,1223.943122120518,1228.2355078193373,1216.7319380995464,1226.150634765625,357166
2023-09-28,1226.1505626723533,1228.333523317786,1184.2323767512814,1187.8134765625,951582
2023-09-29,1196.9623201795962,1203.045195539996,1191.566178572229,1196.717041015625,246706
2023-10-03,1196.7170915204263,1200.8377337429588,1183.4965679774773,1189.8001708984375,765348
2023-10-04,1188.1078208682086,1188.5983792384563,1169.981713040604,1180.4796142578125,757666
2023-10-05,1194.8039519049112,1196.1284354821662,1187.1511938237607,1191.664306640625,463272
2023-10-06,1198.434067859025,1205.2527811249536,1191.6643385697319,1204.001953125,484794
2023-10-09,1192.1058994081832,1196.3982849892882,1182.2947323656574,1189.60400390625,741138
2023-10-10,1192.056722012912,1204.8112383801283,1189.603930403832,1201.9169921875,576248
2023-10-11,1204.8113993601594,1222.471501305178,1204.320840972798,1220.3375244140625,898340
2023-10-12,1220.3373117983856,1225.169358978117,1213.0525928743987,1217.5166015625,248616
2023-10-13,1216.584587795301,1218.6449087086867,1204.0262473700398,1206.7979736328125,292336
2023-10-16,1206.7734881302094,1208.367802697861,1186.5379570792454,1194.3133544921875,825776
2023-10-17,1197.722863205257,1198.9982431624048,1186.9305786059047,1190.7569580078125,599216
2023-10-18,1187.20020652523,1194.484925524123,1179.5474490309223,1180.896484375,312428
2023-10-19,1177.3400582643683,1180.2588565391038,1162.6233075360635,1165.0025634765625,649728
2023-10-20,1165.002608414791,1170.447734535167,1155.2649767345254,1164.193115234375,554286
2023-10-23,1164.1929830743854,1168.681663569239,1150.3592623796224,1153.3026123046875,295934
2023-10-25,1157.963108560874,1159.385680021366,1138.7332431448947,1141.18603515625,447704
2023-10-26,1138.5859295478665,1139.0764878975208,1124.629568453243,1126.027587890625,560530
2023-10-27,1129.6823695824323,1145.159390060453,1126.371100645543,1136.525634765625,844526
2023-10-30,1143.00102179743,1143.00102179743,1127.7937120653612,1134.2445068359375,623548
2023-10-31,1159.6798760186764,1215.6035248622165,1152.9838028132335,1205.7923583984375,4629484
2023-11-01,1202.849017847269,1209.2262760984984,1178.1493581758439,1180.455078125,1131352
2023-11-02,1192.0567035014064,1195.17179670265,1175.0098020830221,1191.2227783203125,475760
2023-11-03,1195.8831811133896,1206.282994280617,1184.37961164802,1204.5660400390625,319926
2023-11-06,1211.6791181363976,1212.3904037871175,1187.6172072422237,1193.871826171875,650950
2023-11-07,1200.3718221842942,1200.3718221842942,1187.6418559833676,1196.1285400390625,357274
2023-11-08,1208.735682508883,1220.8770007483695,1195.6132476439834,1213.2242431640625,701360
2023-11-09,1209.275517086139,1226.3959567360828,1202.1133167927082,1205.57177734375,1347756
2023-11-10,1205.5717639503919,1211.679191794041,1186.5626268321655,1193.209716796875,652400
2023-11-13,1199.3170160232482,1200.8132428664314,1188.0831585299532,1191.3699951171875,363606
2023-11-15,1191.5661549832005,1211.5073027132066,1187.5681525957034,1206.920654296875,810614
2023-11-16,1207.0188871423247,1209.790494067509,1199.9303425445855,1206.3321533203125,350008
2023-11-17,1211.114989430212,1243.2220084011024,1209.25084381008,1231.4486083984375,1573676
2023-11-20,1231.4486072827478,1236.2069991598034,1214.745072091057,1218.326171875,416130
2023-11-21,1218.5470236778049,1228.7261101276094,1212.4885797401423,1224.237548828125,451986
2023-11-22,1224.2129043413615,1230.2222440799992,1215.6281332861652,1220.680908203125,286336
2023-11-23,1220.6808350326469,1234.2447245807175,1218.031748263846,1230.9580078125,506884
2023-11-24,1234.1957193482788,1234.465550396991,1217.565838994134,1228.4072265625,495496
2023-11-28,1221.9808145438947,1233.4108477216967,1217.4431499374991,1220.53369140625,458588
2023-11-29,1220.9752353000847,1234.195759464467,1219.0375536848987,1228.1619873046875,770168
2023-11-30,1228.1619404480614,1257.5954416273705,1220.0186238823633,1252.07666015625,1788844
2023-12-01,1260.7349641709814,1263.7518501285701,1248.0049988943617,1256.884033203125,601000
2023-12-04,1263.6783258250773,1266.6216759628685,1248.9615751361205,1252.6162109375,713860
2023-12-05,1253.3765306031366,1269.761130885756,1248.78976232087,1261.2254638671875,729150
2023-12-06,1270.5215601606376,1283.3987167014914,1260.734945142633,1263.7518310546875,878562
2023-12-07,1270.5461498708496,1289.1873675137424,1267.1367932286812,1269.9820556640625,837144
2023-12-08,1278.8855395816333,1278.8855395816333,1248.4709237572906,1256.638671875,431860
2023-12-11,1256.6386395418428,1259.6556449897914,1243.9086754249795,1248.74072265625,505516
2023-12-12,1248.9861928154958,1282.7120815880232,1248.9861928154958,1279.1309814453125,1411000
2023-12-13,1285.9251647855333,1299.489055110401,1263.6782959472982,1286.857177734375,1262340
2023-12-14,1291.8118255710244,1294.0928738983066,1275.45165736755,1292.27783203125,902612
2023-12-15,1292.2778985303075,1303.3889973649748,1287.2005716499652,1300.4947509765625,1031198
2023-12-18,1300.4701279767175,1308.269957488522,1296.5456613513634,1298.753173828125,929182
2023-12-19,1298.7532571285838,1305.3757949836302,1284.7232401369877,1299.366455078125,779602
2023-12-20,1305.8663932326886,1310.281418604249,1260.170928543128,1267.700927734375,1195730
2023-12-21,1258.3312559051953,1286.243977768375,1249.8691244725087,1283.3497314453125,403892
2023-12-22,1283.3740914322757,1299.9060025056906,1281.4118581668463,1296.766357421875,474854
2023-12-26,1297.5268658097243,1314.69640845749,1293.1118405574416,1308.78515625,426968
2023-12-27,1311.262419684874,1332.8715381336597,1308.7850761585387,1324.0660400390625,975078
2023-12-28,1334.2696287209458,1336.0111348431976,1322.5698837531547,1328.5792236328125,819280
2023-12-29,1329.4131435431007,1350.801535751212,1313.9851072140677,1331.9150390625,1382090
2024-01-01,1342.707286184623,1342.707286184623,1321.294342690966,1323.2811279296875,261916
2024-01-02,1322.05476907143,1348.5449202884456,1305.6210641497628,1343.0015869140625,535664
2024-01-03,1348.5448363190014,1369.6388443079854,1338.2676633564815,1359.9503173828125,695660
2024-01-04,1362.7710884886646,1368.804980112123,1349.1826462245974,1358.380615234375,600004
2024-01-05,1356.663571885344,1358.3805259876972,1331.5714422161104,1335.5941162109375,754218
2024-01-08,1343.6146828929316,1343.6146828929316,1320.8773766829788,1331.694091796875,537900
2024-01-09,1341.5544767597241,1344.595914642646,1330.2470825939315,1336.330078125,546446
2024-01-10,1330.3943078731004,1339.7149169621816,1323.0604841481581,1329.06982421875,549666
2024-01-11,1326.9604060669062,1346.3374619041124,1323.6245851596072,1344.3997802734375,464746
2024-01-12,1346.1655310877,1351.488136628055,1329.4375646676922,1341.72607421875,371252
2024-01-15,1336.7714085422672,1360.5880386915399,1332.846942021776,1351.1202392578125,1438528
2024-01-16,1349.5750771557152,1376.0161233852664,1339.2242484284411,1371.38037109375,831476
2024-01-17,1368.1672286039768,1368.1672286039768,1334.711173320452,1352.8372802734375,1522374
2024-01-18,1345.1109250219358,1349.1580311967832,1312.2435172989346,1323.7225341796875,936264
2024-01-19,1327.2055952595822,1330.3696726147712,1313.2737862425981,1318.4736328125,1255886
2024-01-23,1312.1944849787596,1320.0679704641236,1220.5582808384572,1237.4825439453125,2538552
2024-01-24,1290.168546553996,1304.9588338869166,1241.112708281981,1271.5518798828125,4282538
2024-01-25,1279.3762660409488,1280.3573828093852,1260.2199371841837,1270.6197509765625,1515256
2024-01-29,1268.0933437591727,1279.9893838311882,1253.4992327429889,1260.3916015625,2032292
2024-01-30,1260.3915085965812,1284.6495934341128,1253.8670590234242,1259.6065673828125,2334430
2024-01-31,1261.2501045332806,1267.1857888729828,1236.2070761215043,1242.60888671875,6835472
2024-02-01,1246.974681608758,1252.8859332421325,1229.3636860522777,1231.5220947265625,712004
2024-02-02,1240.1068662190587,1246.6558676186062,1227.9900998134112,1233.9259033203125,806458
2024-02-05,1233.9504426644064,1258.7727434220772,1231.8655696482163,1252.984130859375,4455338
2024-02-06,1255.8294043947274,1284.772347699137,1253.0332456895496,1282.540283203125,1633404
2024-02-07,1298.99841643904,1336.280848330795,1292.1551519066882,1322.4716796875,2122142
2024-02-08,1317.198258069041,1336.305481624785,1277.4139284437558,1286.4892578125,633200
2024-02-09,1286.7345265617234,1308.3190935341656,1280.4063718781636,1303.8795166015625,555122
2024-02-12,1307.2644692220529,1316.5605260179952,1299.9796298055442,1309.93798828125,729236
2024-02-13,1309.7908390374573,1318.0812275282706,1299.9796717038435,1310.4285888671875,365160
2024-02-14,1304.8851933090139,1314.4265291341128,1295.491048939964,1306.4549560546875,655186
2024-02-15,1306.454909273662,1315.6774297514357,1296.0550967200945,1301.7210693359375,759422
2024-02-16,1301.6965505986402,1331.8413365322692,1301.6965505986402,1329.9527587890625,1157958
2024-02-19,1330.1978978223806,1338.243005816367,1324.8998443741718,1329.97705078125,727910
2024-02-20,1320.5832189961602,1349.0356063296585,1320.5832189961602,1346.877197265625,716684
2024-02-21,1352.469348705446,1352.469348705446,1330.1734960176984,1338.8072509765625,494472
2024-02-22,1334.4168762936456,1340.2054891088746,1328.456639905201,1333.48486328125,520248
2024-02-23,1335.2997832969547,1353.4504416297937,1328.554606213805,1344.203369140625,447252
2024-02-26,1344.8657170362078,1346.5826712618605,1329.4622327464415,1333.043212890625,483022
2024-02-27,1333.0432600026109,1343.7129044962498,1325.047254424157,1340.180908203125,413172
2024-02-28,1339.273434889185,1340.2545516152998,1317.1492048092045,1325.4151611328125,1419228
2024-02-29,1326.6169272960212,1346.8033548447886,1304.934272874713,1342.1676025390625,1046062
2024-03-01,1350.9730935788652,1358.331468554075,1344.1298288049638,1352.714599609375,621866
2024-03-04,1345.2090529947345,1352.1259734793955,1322.7905608597785,1325.51318359375,409060
2024-03-05,1325.5378856387115,1337.9734690797168,1319.6020811593735,1324.3604736328125,448600
2024-03-06,1324.3602442571853,1393.185599035836,1323.0357607745248,1389.0404052734375,3148778
2024-03-07,1390.7820299137047,1453.3772036911173,1382.0500673060324,1405.86669921875,3875992
2024-03-11,1410.3553042543,1436.3057939464886,1409.5459308553402,1425.7587890625,1192784
2024-03-12,1428.7757991181495,1431.44931827154,1398.0913492371108,1400.985595703125,496166
2024-03-13,1409.5213576430076,1421.3682941132838,1373.0237438541985,1384.9443359375,954900
2024-03-14,1383.8405410635414,1412.8080353241874,1360.4409319315287,1403.4874267578125,638902
2024-03-15,1407.90250344589,1419.6759041715698,1382.88402690382,1406.92138671875,939486
2024-03-18,1406.921273255224,1445.6262771133765,1402.9968066631593,1435.0057373046875,1171236
2024-03-19,1435.0058389752612,1435.0058389752612,1406.479918319207,1418.400390625,548018
2024-03-20,1415.309972603186,1418.1796671505806,1383.5707508931512,1408.7855224609375,526110
2024-03-21,1408.8835410304193,1426.7643684250631,1401.5006141203742,1423.305908203125,708558
2024-03-22,1426.2738378870044,1456.6394713371874,1424.8021628502815,1452.101806640625,1246786
2024-03-26,1462.747003119594,1476.5561736263865,1451.979270619254,1472.4600830078125,2070852
2024-03-27,1486.9559478683013,1488.746557768965,1463.0903311934824,1467.8978271484375,740138
2024-03-28,1470.571290407979,1489.972897059926,1454.2602253071316,1478.88623046875,1323046
2024-04-01,1492.7198555329405,1507.9762671042645,1481.5352217127186,1496.9632568359375,740830
2024-04-02,1496.9633139175558,1498.6557162234224,1467.1127912709787,1471.5523681640625,844190
2024-04-03,1476.5314424265823,1481.0691068956933,1460.318585730201,1473.0975341796875,639838
2024-04-04,1477.3410024143002,1483.6937090056845,1467.7996665921216,1470.5958251953125,642146
2024-04-05,1470.5958298485587,1479.8918865285518,1462.1091465313166,1472.0675048828125,433824
2024-04-08,1472.4108489721305,1495.712369987015,1462.5751303591196,1493.357666015625,465712
2024-04-09,1493.4803913577234,1498.6067023223143,1469.7619662534416,1478.812744140625,251706
2024-04-10,1478.5919378414007,1485.1162679394936,1470.6939006755147,1471.72412109375,293628
2024-04-12,1471.6751177142319,1482.0749312597002,1461.8639502628037,1464.7337646484375,370730
2024-04-15,1438.3171711220587,1447.9321632825818,1409.3742266826994,1414.427001953125,695148
2024-04-16,1413.7156125954232,1421.7607215368132,1399.5629564545943,1412.3665771484375,374308
2024-04-18,1416.462712890264,1433.288888594413,1403.2667409099195,1408.7855224609375,656250
2024-04-19,1402.5309126630566,1402.9969191551857,1375.8200337321857,1388.62353515625,1337600
2024-04-22,1391.7385394116043,1428.0153041010453,1390.7574227478456,1421.66259765625,455130
2024-04-23,1432.3568663965257,1434.8831940286404,1410.6251072313548,1429.6832275390625,759388
2024-04-24,1439.07742564432,1460.3430575786533,1435.8642446013757,1447.34326171875,566040
2024-04-25,1447.1471037083168,1447.3432791383248,1427.7209455287204,1432.1605224609375,582190
2024-04-26,1432.4303145300712,1474.1032204466615,1430.664256647167,1463.0902099609375,500256
2024-04-29,1466.769466317064,1484.4295669148614,1464.4147622843132,1482.02587890625,675754
2024-04-30,1484.0125378434016,1511.7781882331426,1478.3711168440727,1495.71240234375,954296
2024-05-02,1495.7123729670914,1529.5608982982587,1454.8242875776298,1465.8128662109375,1090414
2024-05-03,1476.433474780984,1483.203204114143,1440.7699058982103,1448.520751953125,654750
2024-05-06,1442.3395074255955,1453.794091777395,1439.3471736179615,1448.765869140625,420464
2024-05-07,1448.7660023145843,1454.7753421157995,1437.605799826613,1447.269775390625,619732
2024-05-08,1440.0340175942906,1454.4563849896065,1362.2805201360397,1380.9462890625,2665086
2024-05-09,1380.9463884554555,1426.05320744161,1380.431278204572,1391.8858642578125,1393488
2024-05-10,1405.9156120839011,1440.7698051398336,1395.68754283402,1432.40576171875,1110296
2024-05-13,1424.7040440180795,1460.882721214028,1424.1153979692908,1454.9224853515625,772476
2024-05-14,1459.876990339054,1469.2221501721565,1452.567719367822,1463.703369140625,550228
2024-05-15,1464.3167106535764,1472.1656444460243,1449.5999597927364,1465.5185546875,654588
2024-05-16,1466.8919803657748,1486.3916731070306,1463.6787994956198,1480.5540771484375,1204664
2024-05-17,1480.5541573389908,1488.6973538329912,1460.907272088181,1465.273193359375,547086
2024-05-21,1463.384603441814,1490.1935682942762,1457.3752638939234,1479.156005859375,1457068
2024-05-22,1486.2937036058674,1502.5802167722613,1471.6750409130866,1477.046630859375,1344772
2024-05-23,1476.605265252228,1484.3315596827067,1457.1055697848296,1466.3770751953125,535682
2024-05-24,1473.2201589577157,1476.7522746454906,1445.1847991011966,1457.9638671875,1538750
2024-05-27,1459.2392479027217,1486.3916986202364,1457.9638681392717,1481.43701171875,647032
2024-05-28,1490.31626777456,1506.9706998093188,1481.3881297547614,1495.1483154296875,826230
2024-05-29,1495.0009755568458,1496.2028194423722,1479.033278891394,1489.8255615234375,539556
2024-05-30,1486.2937348571052,1493.701094192984,1464.3166964976633,1471.08642578125,848622
2024-05-31,1471.0863962280748,1471.1109480984906,1432.4303744974952,1456.7130126953125,2474666
2024-06-03,1488.8445760635527,1488.8445760635527,1449.5018207743244,1464.1204833984375,838280
2024-06-04,1464.3165447651081,1514.0346770303029,1426.1756364383118,1502.1876220703125,1426050
2024-06-05,1503.0707715582566,1584.9940153083314,1496.2029547169332,1553.205810546875,1265760
2024-06-06,1540.8436842047445,1552.3963566019206,1512.8818599450597,1515.4327392578125,797294
2024-06-07,1526.2988536397268,1541.8249783601382,1515.531001456241,1532.357177734375,1414472
2024-06-10,1547.2210437747083,1566.352819522081,1527.108151322342,1557.0567626953125,774552
2024-06-11,1557.522818699478,1572.2395697423076,1550.3116346415366,1557.718994140625,657866
2024-06-12,1561.324544436052,1561.9377423562612,1506.774481407307,1510.183837890625,1374134
2024-06-13,1520.730933344203,1522.4969913664352,1503.0953840541115,1510.2330322265625,1342674
2024-06-14,1515.825251117918,1532.9212569532801,1515.285589044766,1525.538330078125,732768
2024-06-18,1525.6363003775557,1539.8624909598543,1522.9382297498782,1531.8173828125,671824
2024-06-19,1534.9570694853896,1544.2776780888485,1521.3931790817082,1529.16845703125,618866
2024-06-20,1530.541986818144,1549.2077551937614,1518.4497719117094,1536.6494140625,937412
2024-06-21,1545.2587555252787,1546.9511578282863,1527.6232073319306,1542.5361328125,828600
2024-06-24,1540.107909508543,1540.107909508543,1520.730855064973,1524.2138671875,539008
2024-06-25,1524.7043531655556,1543.2719136072124,1524.7043531655556,1539.6663818359375,443632
2024-06-26,1541.653189733096,1569.7867597236077,1540.819264470038,1557.0076904296875,1042538
2024-06-27,1562.452889554597,1563.7038372944842,1536.919303599524,1542.2908935546875,587038
2024-06-28,1542.2909166652028,1566.1810846071019,1542.2909166652028,1549.6492919921875,575592
2024-07-01,1548.030382967636,1555.9529720446503,1524.6553258934082,1531.228759765625,480586
2024-07-02,1525.6364678200305,1536.404199644687,1505.2047604577258,1513.446044921875,1238448
2024-07-03,1518.2535257141715,1532.6269091739118,1509.3744915299183,1526.593017578125,815704
2024-07-04,1525.5873013859023,1537.336269192527,1516.9289947741577,1519.455322265625,427052
2024-07-05,1519.4554163151302,1526.3232333549367,1510.9197487574602,1520.6082763671875,397342
2024-07-08,1520.6081053732894,1523.183536473607,1499.1461795373086,1505.5234375,407226
2024-07-09,1506.01409741822,1531.0325726522035,1506.01409741822,1527.549560546875,718064
2024-07-10,1533.975956010594,1570.694296307918,1531.2287813524556,1550.9737548828125,1274366
2024-07-11,1552.5925645086947,1557.032141353752,1532.1854098144806,1550.8756103515625,516284
2024-07-12,1550.8756862781283,1556.9831138401726,1538.7098151303683,1544.10595703125,443820
2024-07-15,1545.2588213990066,1566.5000221668377,1540.3532378390096,1555.560546875,512136
2024-07-16,1559.4604591792108,1567.3339447325552,1544.5475330884708,1557.5963134765625,470170
2024-07-18,1561.9378714306838,1583.0318816290253,1545.7003412556364,1566.549072265625,821876
2024-07-19,1566.5490321827824,1590.905326822156,1531.2533818349589,1537.77783203125,856470
2024-07-22,1540.3532151762026,1547.711590407936,1523.968614232965,1545.4305419921875,404598
2024-07-23,1545.430523634448,1570.2772557990318,1520.3629444033581,1558.20947265625,706202
2024-07-24,1560.0337552579172,1564.9148213915223,1527.0738596581261,1532.8177490234375,340010
2024-07-25,1528.9228955153828,1535.8993900857363,1519.2592263567315,1533.138427734375,488454
2024-07-26,1536.096512246607,1552.5640613777498,1533.434014116176,1545.8587646484375,351608
2024-07-29,1549.3346767285268,1558.973669066376,1543.245682043285,1553.9940185546875,337280
2024-07-30,1554.561035504359,1592.5252599679925,1548.7184411233482,1556.0401611328125,854634
2024-07-31,1558.012307250036,1585.0557019343094,1556.0401397725043,1571.028564453125,613010
2024-08-01,1573.8143535558177,1581.1113974375642,1535.9487131834605,1538.931640625,444694
2024-08-02,1538.241280829981,1555.5470986017135,1533.3602144695178,1545.2178955078125,313198
2024-08-05,1528.4297013308303,1546.8940941322765,1510.0885689891688,1515.0928955078125,528232
2024-08-06,1511.2472774237797,1544.6755411189274,1500.622321157172,1506.3662109375,426762
2024-08-07,1520.3192359241098,1575.761768439611,1506.7359087457605,1554.487060546875,1396638
2024-08-08,1569.968485493618,1616.6595238598354,1553.0818024039872,1562.1044921875,2794936
2024-08-09,1581.62892670384,1584.094135991618,1528.429758422215,1544.7740478515625,773512
2024-08-12,1543.2210102212184,1543.2210102212184,1498.921151283981,1504.6651611328125,874924
2024-08-13,1494.163357362541,1512.8250399200604,1489.997177718087,1502.347900390625,363274
2024-08-14,1503.2846350622267,1508.7080955363772,1478.854386761176,1494.28662109375,426086
2024-08-16,1503.777705430353,1509.6942078779477,1491.5010110002138,1507.401611328125,477280
2024-08-19,1522.5133272533806,1522.809200530354,1504.270777671653,1507.0318603515625,346330
2024-08-20,1517.5828411362609,1520.1713108945344,1503.9256057240616,1511.88818359375,388404
2024-08-21,1512.9236310714987,1521.034145634364,1500.5729083430103,1507.5987548828125,375864
2024-08-22,1513.1454793427106,1549.1375353844237,1511.17331188837,1541.791259765625,769968
2024-08-23,1545.636926495705,1545.636926495705,1518.5689756944473,1520.861572265625,336940
2024-08-26,1520.8615750510419,1534.3216423436593,1509.6203165725544,1532.694580078125,244820
2024-08-27,1532.349412524988,1535.8253816846511,1518.5689167219023,1528.0106201171875,258090
2024-08-28,1535.8253794844109,1535.8253794844109,1513.9096930874257,1520.1219482421875,366330
2024-08-29,1518.6182557205634,1525.9645311630043,1502.3231984459512,1518.988037109375,419584
2024-08-30,1518.9881209221148,1547.4119370951557,1514.1809626023194,1539.917724609375,956332
2024-09-02,1553.0818372944998,1568.7359161307222,1545.9820827583435,1559.096923828125,874644
2024-09-03,1561.9319106448174,1586.2388980176802,1559.1709484971182,1564.6929931640625,1208708
2024-09-04,1563.9287351913874,1600.709705044065,1563.9287351913874,1585.1048583984375,1911688
2024-09-05,1585.1048881280283,1590.50367236757,1568.6126621476965,1582.2698974609375,1174448
2024-09-06,1582.6644189400943,1606.8234708179962,1580.1992095647984,1594.3494873046875,883120
2024-09-09,1604.3581751335319,1627.7283106054822,1587.6441046168065,1614.1943359375,1353670
2024-09-10,1619.1493623573674,1622.0829371582197,1591.0953305065516,1593.239990234375,552594
2024-09-11,1612.2222829142718,1625.435829466692,1602.3367690755545,1604.5062255859375,1069618
2024-09-12,1602.3859946540172,1617.177249989285,1588.0877811632581,1612.07421875,934088
2024-09-13,1611.7539107861476,1642.3225074422323,1597.9487381027545,1631.9686279296875,1234854
2024-09-16,1636.899015503253,1636.899015503253,1616.3638696772616,1629.380126953125,738654
2024-09-17,1631.9437871932917,1632.461505191022,1608.9681100529117,1611.8031005859375,234730
2024-09-18,1612.2715033058366,1612.7645451489986,1558.5546185676578,1573.9375,423006
2024-09-19,1590.0599393832847,1602.188816836965,1570.3382657165153,1599.427734375,539508
2024-09-20,1601.991619425575,1626.2246995513797,1590.0600302496398,1620.677978515625,1112242
2024-09-23,1626.4958078434204,1629.4048271548822,1616.0433440741976,1624.74560546875,327590
2024-09-24,1624.7454661535812,1640.76932586049,1604.3581380394053,1609.8062744140625,368900
2024-09-25,1609.8064009372724,1612.2469341485998,1586.1157147266194,1605.689453125,292236
2024-09-26,1605.6894747095319,1628.5912460780037,1600.413950640941,1621.9351806640625,892940
2024-09-27,1624.5728437256812,1661.7975022086218,1614.539394250868,1658.321533203125,1743164
2024-09-30,1668.4535844283712,1683.7378814488438,1651.7640700170766,1656.32470703125,1116886
2024-10-01,1670.0067079316343,1674.5673451912014,1642.4210396088877,1646.833740234375,646910
2024-10-03,1597.4555276453852,1638.8710413250803,1597.4555276453852,1626.939453125,1188000
2024-10-04,1612.2468918444417,1626.5451058699734,1574.0114712984084,1582.07275390625,718538
2024-10-07,1591.0460219355698,1591.0460219355698,1547.6830160658956,1554.7088623046875,497922
2024-10-08,1556.6563760942927,1573.7402279952962,1529.5143982614943,1570.4615478515625,950464
2024-10-09,1584.8090939997228,1597.1596958525247,1562.9673163107784,1565.062744140625,549608
2024-10-10,1567.8731512924157,1573.888238050108,1542.2349739756844,1547.0174560546875,260288
2024-10-11,1557.9630201649904,1557.9630201649904,1529.5885556908656,1533.4588623046875,511880
2024-10-14,1544.7001520455553,1552.0711038005088,1528.5777072491694,1543.9359130859375,954998
2024-10-15,1560.9705502549634,1586.1156854612184,1548.397982651836,1559.8612060546875,1551610
2024-10-16,1562.9427143590858,1573.0253964389221,1548.669176420558,1567.9224853515625,341744
2024-10-17,1567.873122565956,1579.706127264567,1549.1375317931552,1555.27587890625,914226
2024-10-18,1555.2758044319312,1629.2074040906064,1555.2758044319312,1569.84521484375,2126268
2024-10-21,1569.8452717466705,1580.075890273286,1546.3025230890373,1554.8074951171875,461032
2024-10-22,1555.5470724709182,1569.5740893512195,1533.3601887114282,1541.9637451171875,485932
2024-10-23,1540.2628007551953,1555.2266696473878,1519.8015631651374,1523.844482421875,324994
2024-10-24,1546.1793628575422,1587.5948815055121,1518.1006513723069,1539.054931640625,2002320
2024-10-25,1551.3068105752925,1583.8969246283248,1545.6861816995481,1567.3553466796875,960150
2024-10-28,1581.6782210015383,1581.6782210015383,1553.870709404368,1558.82568359375,474894
2024-10-29,1558.825794038377,1564.6190360625408,1518.1006074361228,1532.8671875,822862
2024-10-30,1544.6754251948255,1564.9148170191775,1528.922762311427,1554.8568115234375,652364
2024-10-31,1554.8568409751056,1572.0886297208385,1538.0934179169813,1551.0357666015625,578654
2024-11-01,1553.057203593441,1562.1292461616417,1551.1097122947172,1557.39599609375,32000
2024-11-04,1557.3960657199123,1561.9567031897689,1523.9924777650174,1538.5618896484375,433304
2024-11-05,1535.899267077262,1550.0988963964246,1519.4563936433883,1530.673095703125,482506
2024-11-06,1533.3601902344212,1574.3320170995937,1530.673136161857,1568.267578125,350574
2024-11-07,1576.2547492765102,1587.594711501521,1545.0205008255264,1557.19873046875,421758
2024-11-08,1562.129260170037,1565.654461399154,1536.8115119449417,1541.1009521484375,214736
2024-11-11,1533.976413529092,1542.9991032096946,1519.5549398141138,1528.257080078125,220322
2024-11-12,1529.415898924193,1538.7097864328139,1495.1741647198814,1498.9952392578125,402926
2024-11-13,1491.4516992793376,1498.0091804116369,1463.4962485274868,1473.4803466796875,386770
2024-11-14,1479.1256005247849,1498.8225990307967,1464.1617317175226,1489.8245849609375,598780
2024-11-18,1516.1036414657558,1516.2515780904512,1482.6014728774308,1488.6412353515625,584454
2024-11-19,1483.7108377094237,1494.6810186828664,1470.028926607714,1480.062255859375,369528
2024-11-21,1488.4933796472453,1488.986421508672,1442.591134199799,1448.5816650390625,433346
2024-11-22,1444.8837929777521,1473.209022703414,1438.1536996169743,1457.702880859375,470010
2024-11-25,1469.2646978389769,1494.4345080960643,1460.4638527586728,1472.321533203125,1507648
2024-11-26,1484.0560125641173,1493.3498998611865,1474.2690834024086,1485.0667724609375,274090
2024-11-27,1485.066764303795,1511.1733068187357,1472.222999726181,1501.6822509765625,373960
2024-11-28,1510.1871668922877,1510.1871668922877,1479.6924807181108,1500.77001953125,615122
2024-11-29,1501.312429458829,1516.0297767927823,1494.6070121671437,1511.764892578125,443864
2024-12-02,1511.7895903347592,1550.4933760147521,1506.7852636470475,1544.45361328125,406440
2024-12-03,1545.0205047686504,1560.4527383450763,1521.3791727526543,1552.5887451171875,596990
2024-12-04,1552.0958017030384,1581.9495109085806,1543.590829473249,1580.075927734375,847642
2024-12-05,1587.5947404003311,1597.4555772972276,1560.9951569452617,1573.764892578125,629424
2024-12-06,1568.8591585179659,1575.8603286771438,1552.3669327957864,1559.12158203125,345340
2024-12-09,1554.5610056114303,1562.2770626762006,1538.2906240113107,1558.382080078125,462080
2024-12-10,1553.5749037197759,1587.1017502614911,1553.1312141935782,1584.2174072265625,586344
2024-12-11,1594.9164907678821,1594.9164907678821,1566.393971343772,1573.3951416015625,381924
2024-12-12,1574.0855099387495,1585.129599591326,1558.7765359212638,1572.8529052734375,307906
2024-12-13,1569.746679201297,1577.7092569966137,1545.7108888132573,1570.4368896484375,392084
2024-12-16,1577.7339414967578,1584.8091402892762,1566.3939787922498,1574.7017822265625,338962
2024-12-17,1573.0747674428144,1573.0747674428144,1515.0929951964254,1519.234619140625,902048
2024-12-18,1519.5550562617743,1527.5669867174051,1504.270758161802,1507.5494384765625,392732
2024-12-19,1497.885876219023,1497.885876219023,1470.4234681528283,1473.7021484375,491210
2024-12-20,1474.1457877685118,1488.4440015019466,1462.3374594664153,1467.68701171875,597916
2024-12-23,1479.1255550915578,1481.0238143692102,1451.5152113965153,1455.3609619140625,758920
2024-12-24,1459.4038460431857,1473.9979326522346,1457.4563548499705,1464.284912109375,639264
2024-12-26,1464.2849499469273,1471.2122120505448,1442.6404607655365,1445.820556640625,543386
2024-12-27,1447.1025291671347,1458.4178157321262,1434.431377492859,1436.921142578125,479502
2024-12-30,1439.6574943588096,1452.9943001840438,1413.1072635396888,1435.02294921875,2624688
2024-12-31,1434.4313095517932,1446.7819112105121,1419.4921178900458,1431.916748046875,494348
2025-01-01,1431.9168216896148,1442.1474402830759,1407.6345100882672,1411.9239501953125,981050
2025-01-02,1421.6368766695957,1445.5987596472944,1411.6035468601851,1442.9609375,1176434
2025-01-03,1447.5709169649651,1459.206753138235,1434.3081389329452,1445.7713623046875,1123924
2025-01-06,1446.1411134493517,1453.4627127752,1415.0301242416228,1427.23291015625,891568
2025-01-07,1427.2081727284137,1461.5731644820494,1427.2081727284137,1443.4293212890625,738948
2025-01-08,1444.6126681279284,1453.8572031202145,1419.0730753815956,1433.7657470703125,851086
2025-01-09,1436.058379877493,1463.6687250852806,1432.7796995326892,1458.5411376953125,994948
2025-01-10,1458.541094465383,1468.7717131453987,1429.328364017627,1430.487060546875,391346
2025-01-13,1412.564919609581,1419.4675056041829,1376.079822209543,1378.89013671875,745352
2025-01-14,1381.010272862647,1390.230131723907,1373.787257641957,1384.929931640625,567936
2025-01-15,1394.6182268626044,1399.1295116473218,1376.104481296847,1381.873046875,529870
2025-01-16,1392.3500908185592,1398.7596344377664,1366.6380082178157,1373.1214599609375,304234
2025-01-17,1365.7506286181444,1401.348226842373,1360.8448861845532,1387.099365234375,466682
2025-01-20,1397.2807266444713,1397.2807266444713,1372.3574348454324,1374.4775390625,404924
2025-01-21,1380.517192438699,1387.8881440883038,1350.9346811721557,1355.7171630859375,719224
2025-01-22,1359.2670230749504,1363.2607101937563,1343.5883886003378,1358.20703125,626882
2025-01-23,1380.9854791248224,1477.7449375238762,1380.9854791248224,1434.5791015625,4625514
2025-01-24,1434.57925503562,1451.0222498483395,1400.731978192026,1407.4127197265625,600300
2025-01-27,1390.3780577612704,1422.2531661496246,1381.2814594363974,1413.551025390625,659958
2025-01-28,1413.5756652087425,1423.140628984579,1406.1800374321022,1412.1212158203125,488532
2025-01-29,1421.932722223869,1428.8353082540818,1405.3172356397372,1425.40869140625,414882
2025-01-30,1425.4086296770208,1429.7966538861508,1401.2249034513095,1423.18994140625,395016
2025-01-31,1423.1406535721533,1432.040083224775,1402.7040925372644,1415.8682861328125,627482
2025-02-01,1412.0719394138605,1483.3411669945513,1410.1736800338347,1453.11767578125,329360
2025-02-03,1453.1176165550391,1465.616275808814,1435.3927858273626,1459.773681640625,494688
2025-02-04,1464.3343634347661,1470.3002182492319,1437.8333627497093,1443.10888671875,649426
2025-02-05,1440.4464116325162,1449.5430095056154,1420.5274490748875,1424.4964599609375,367530
2025-02-06,1427.3561228645642,1438.6221770261193,1416.8050756662722,1429.5994873046875,367784
2025-02-07,1429.8214327327369,1436.4528218550663,1403.4930448441407,1415.3260498046875,397784
2025-02-10,1405.6623378287168,1444.6126446293022,1405.6623378287168,1414.0687255859375,318192
2025-02-11,1410.1243884356788,1413.9946947936273,1394.6921542236057,1405.68701171875,390106
2025-02-12,1405.415768161266,1406.6977250968398,1381.5032388661173,1394.56884765625,252722
2025-02-13,1394.3223503409617,1405.1692710296113,1381.9963041038598,1389.4412841796875,236320
2025-02-14,1388.1347340601217,1394.790799426161,1368.7336083457467,1383.5740966796875,205586
2025-02-17,1362.2746482025425,1378.520353284322,1355.8651040741918,1371.4945068359375,342438
2025-02-18,1366.2929448178916,1382.9331081120545,1359.8094923052308,1364.0250244140625,464820
2025-02-19,1362.2747682551048,1367.1312791135767,1349.1598055803922,1365.0850830078125,331672
2025-02-20,1365.0849204443775,1394.8892756441521,1355.8897382627772,1391.1175537109375,1005774
2025-02-21,1392.8185690352957,1396.0480172710481,1364.5180146088278,1378.3970947265625,1153982
2025-02-24,1359.3163584823749,1369.7688214591458,1344.5497793878237,1361.6829833984375,738772
2025-02-25,1361.2885029639115,1363.2606702988828,1326.7755746019145,1329.4873046875,754522
2025-02-27,1330.8433150125275,1340.0384980670117,1311.5407732629405,1319.9224853515625,496562
2025-02-28,1319.8237281078193,1319.8237281078193,1302.6166150657523,1310.4559326171875,990394
2025-03-03,1310.4559123088497,1329.6845448600523,1292.8543419709047,1321.9931640625,650858
2025-03-04,1317.407845900954,1335.3052894386635,1302.8384349080918,1330.54736328125,698790
2025-03-05,1327.564568117799,1349.9979728784756,1320.0702355049054,1327.737060546875,1466732
2025-03-06,1334.7382011556872,1356.8511763609142,1334.7382011556872,1349.9732666015625,1148818
2025-03-07,1347.4834490277015,1363.6305704897056,1343.6376983151122,1356.456787109375,869066
2025-03-10,1356.4566746619678,1373.934983667843,1341.0737934583715,1347.23681640625,622806
2025-03-11,1329.9065153527667,1350.3184003022814,1329.9065153527667,1342.2078857421875,809256
2025-03-12,1347.4834130810816,1361.756950956533,1339.4221304634261,1355.52001953125,711330
2025-03-13,1356.0623144143958,1362.397950608004,1341.51757921384,1345.9549560546875,698834
2025-03-17,1355.544596955605,1361.7321755951864,1344.4511558338281,1355.3226318359375,313582
2025-03-18,1355.3226318359375,1355.3226318359375,1355.3226318359375,1355.3226318359375,0
2025-03-19,1355.8650429709292,1360.3024194751977,1344.4018203349021,1346.9163818359375,484702
2025-03-20,1352.906948013118,1367.6242965983988,1344.007517812117,1360.3519287109375,629482
2025-03-21,1362.3733102912881,1397.8230939867474,1362.028205046673,1393.08984375,1400382
2025-03-24,1400.23876641677,1403.5914748613714,1379.7528547563297,1391.364013671875,621916
2025-03-25,1392.7446591856751,1411.7514468126406,1383.475448216685,1391.8818359375,656850
2025-03-26,1395.1851882402877,1441.6543830425308,1385.4722877776826,1402.9012451171875,1257594
2025-03-27,1390.6984267028115,1417.4952990260608,1377.041191722156,1413.304443359375,863174
2025-03-28,1415.2518831345196,1421.932623940587,1399.4498685618428,1404.8240966796875,480582
2025-04-01,1404.824123613857,1417.4705985246546,1390.8710156182453,1393.607421875,254152
2025-04-02,1394.8153292089885,1413.0578768161756,1388.2086168728395,1405.6375732421875,420010
2025-04-03,1390.8958352730237,1413.9702195905418,1390.8958352730237,1410.83935546875,358204
2025-04-04,1412.5649448252318,1431.7935775820151,1405.9088796401913,1425.8770751953125,892998
2025-04-07,1386.9267322736123,1410.592741213937,1374.5513336166157,1404.552978515625,745674
2025-04-08,1405.1693391122876,1452.9944008294426,1405.1693391122876,1445.0810546875,1124760
2025-04-09,1445.0809894767494,1466.1585286122884,1436.4035251198993,1449.4444580078125,673890
2025-04-11,1476.660296762404,1476.660296762404,1439.1891172786168,1455.75537109375,477280
2025-04-15,1474.1952157056942,1477.6465088528314,1451.0222474320597,1474.984130859375,690116
2025-04-16,1474.688176398196,1494.409850438961,1468.8702584818614,1492.191162109375,355040
2025-04-17,1492.191236600447,1505.4047829416968,1483.1193142374377,1496.0369873046875,569676
2025-04-21,1496.0368628709077,1504.7636792694266,1477.2026888626172,1488.6412353515625,506584
2025-04-22,1488.6412976874462,1511.0747021021775,1488.6412976874462,1493.3251953125,453234
2025-04-23,1493.9167894308735,1514.6245469081332,1490.3669122233664,1512.1099853515625,439056
2025-04-24,1512.1100475950768,1522.8091523626406,1500.5235637677667,1516.7939453125,600064
2025-04-25,1511.1732584041918,1525.8659294933277,1471.7299107133808,1484.6475830078125,478964
2025-04-28,1474.9347119212082,1504.4678709409263,1474.9347119212082,1500.227783203125,596422
2025-04-29,1499.2417433442768,1512.800394778085,1475.4771492691484,1481.5908203125,508120
2025-04-30,1482.527590829836,1500.671556210611,1473.3570840228706,1495.8397216796875,972970
2025-05-02,1482.0838613274736,1496.9737017282432,1474.1951914069016,1478.1395263671875,414198
2025-05-05,1479.6185960252667,1517.6321709161537,1479.4214274333285,1496.135498046875,429738
2025-05-06,1492.4377666910814,1501.0166472310711,1469.2154460577726,1481.3936767578125,283260
2025-05-07,1456.4456937895823,1474.8361797387574,1455.2624414422328,1466.947509765625,498920
2025-05-08,1473.159811995741,1476.1674156672655,1449.5925059987646,1458.17138671875,746278
2025-05-09,1447.077766162437,1495.0507601337144,1445.598640677433,1469.2646484375,967480
2025-05-12,1498.8472340728101,1521.280638398571,1491.4516062731088,1516.84326171875,731304
2025-05-13,1519.555080850812,1542.1856550938362,1511.9129316771623,1528.7257080078125,1159402
2025-05-14,1528.9227557181728,1537.7975088955113,1524.978420972689,1532.669921875,1633730
2025-05-15,1538.2905872117547,1550.5180492869779,1529.4651861581008,1534.0997314453125,1373428
2025-05-16,1539.7696972844171,1543.0730536045385,1516.300857079847,1524.0909423828125,1219046
2025-05-19,1525.4715182807458,1530.8949787529787,1509.6941787251596,1512.7017822265625,336888
2025-05-20,1520.2452047318106,1520.4424936963717,1478.1394785417158,1480.506103515625,707838
2025-05-21,1481.0483497837658,1489.4300611472768,1465.566884002134,1472.321533203125,847478
2025-05-22,1479.4215441089896,1482.2318588092483,1462.4608308605825,1476.4139404296875,518324
2025-05-23,1476.4138714952348,1499.4389026217355,1466.2571608811609,1494.7550048828125,361932
2025-05-26,1503.2845938380067,1514.0821621554603,1495.7410294928804,1501.4110107421875,323458
2025-05-27,1501.411107434715,1505.1582738676748,1484.0560573499824,1492.733642578125,463006
2025-05-28,1490.465573487223,1494.409908448486,1475.1812755123292,1479.61865234375,616064
2025-05-29,1480.752701054903,1501.3125233596056,1480.752701054903,1493.7197265625,501998
2025-05-30,1493.7196388704886,1541.7418669749434,1487.112805848884,1531.9796142578125,3308300
2025-06-02,1540.2627375470802,1546.0313031108315,1510.4830579915229,1518.66748046875,837390
2025-06-03,1527.4436893975583,1536.071921987764,1517.3363312204601,1526.5069580078125,644732
2025-06-04,1526.5070064047786,1533.7546979360254,1518.6675683227752,1526.112548828125,920830
2025-06-05,1526.1616885970654,1537.84687669532,1499.9318863501007,1505.3553466796875,823882
2025-06-06,1514.3780613539197,1515.0682718039973,1498.8472428832545,1503.6790771484375,316076
2025-06-09,1499.8333274078486,1512.2579581167995,1486.521197282927,1506.6373291015625,473532
2025-06-10,1516.5966927441166,1527.5915497989822,1513.7863783435741,1518.2237548828125,391672
2025-06-11,1512.8003277462553,1518.5688932990888,1505.7498052387718,1508.806640625,470824
2025-06-12,1507.8206649392887,1513.7371675447962,1493.768971251208,1502.249267578125,749758
2025-06-13,1469.2647140819502,1488.6412828755278,1419.9605290456432,1485.28857421875,766960
2025-06-16,1480.8513304475218,1499.5869224425296,1476.6604743433754,1478.5340576171875,359522
2025-06-17,1480.801797801345,1490.8599234495146,1473.2090016975712,1488.148193359375,528290
2025-06-18,1480.6540099229496,1488.9370166052386,1460.8829838291585,1463.44677734375,414844
2025-06-19,1460.4393801628335,1468.9689082684981,1455.9526509699103,1463.003173828125,184626
2025-06-20,1460.8830197603506,1470.0536464332833,1451.613808790498,1457.4810791015625,1044968
2025-06-23,1446.190371026236,1457.9247914606278,1445.4015762669749,1455.3116455078125,180832
2025-06-24,1481.09779066684,1493.1279642533295,1472.864015438841,1480.2596435546875,614098
2025-06-25,1482.5768180026164,1496.0368843554322,1464.0877489387326,1482.034423828125,1473846
2025-06-26,1478.632570905875,1491.4516595499404,1478.2874656705371,1488.9864501953125,450772
2025-06-27,1488.9864415829325,1510.8282204129125,1487.1622107453693,1504.6158447265625,612710
2025-06-30,1504.7637691592129,1514.4766698071953,1496.431409804952,1505.947021484375,340086
2025-07-01,1505.749828324849,1520.4424997089425,1495.4945336450528,1501.7069091796875,483880
2025-07-02,1491.5010433077077,1519.062036324467,1486.817145435237,1516.8927001953125,387752
2025-07-03,1525.9645412492225,1540.21340271033,1522.0695587432792,1535.578857421875,781166
2025-07-04,1540.6571951009146,1540.7064270629282,1507.771327819785,1518.66748046875,420752
2025-07-07,1519.1113378649782,1526.2110925698573,1492.0926195981863,1514.82177734375,519264
2025-07-08,1516.1037840363108,1520.984850509465,1501.5590485471819,1512.455322265625,449486
2025-07-09,1502.347949018222,1519.0126681354377,1493.3744905747344,1502.9395751953125,693860
2025-07-10,1503.7776760005258,1520.5410992739742,1500.819424834623,1511.22265625,644522
2025-07-11,1508.7080732132226,1513.5891394191174,1474.4416643608308,1479.52001953125,336992
2025-07-14,1479.4706857865706,1479.4706857865706,1449.5430689475747,1461.5732421875,737312
2025-07-15,1464.2849288073635,1480.6540143752607,1462.362113758524,1478.238037109375,249360
2025-07-16,1478.1888774771649,1479.6680030860457,1464.8767469972372,1473.2091064453125,484312
2025-07-17,1473.209119500319,1484.056040728233,1468.5252216973563,1475.3292236328125,308510
2025-07-18,1475.1812338637835,1476.906880360616,1454.226954973673,1458.4671630859375,630918
2025-07-21,1459.3545430799065,1472.4695046129905,1458.4178117010633,1461.91845703125,417914
2025-07-22,1461.8690261241197,1471.4833418102648,1444.1195202420056,1446.732666015625,340602
2025-07-23,1449.5623518398663,1453.980489981151,1439.6835336060342,1449.0162353515625,487406
2025-07-24,1454.9237577080407,1460.4836986025575,1436.158851141128,1443.5555419921875,242040
2025-07-25,1443.5555583695614,1444.5981003230706,1427.2232090820714,1434.4710693359375,368204
2025-07-28,1424.2943164833378,1442.562676205928,1419.5285836528062,1429.109619140625,484778
2025-07-29,1424.7410365727378,1438.640949124667,1418.6846703432068,1436.109130859375,328764
2025-07-30,1437.548897698048,1439.832382137395,1420.769692602491,1426.7764892578125,499792
2025-07-31,1420.2731556081264,1431.9391532162324,1412.628252463137,1424.6417236328125,377956
2025-08-01,1419.7768293809747,1432.1874660014378,1415.309000197608,1419.230712890625,409566
2025-08-04,1432.1873892990845,1477.3621041781892,1422.804996995548,1465.3486328125,817016
2025-08-05,1472.5963901107425,1502.9280332492547,1464.9514867443602,1488.0849609375,1155166
2025-08-06,1502.183431088304,1518.0690456933355,1475.9225729234095,1510.0269775390625,1638232
2025-08-07,1517.572564453628,1547.8048251584955,1500.5948387080962,1514.4947509765625,2353820
2025-08-08,1523.0332595542113,1533.656715558365,1506.651219930584,1529.6357421875,1275428
2025-08-11,1538.422433990858,1539.4152848679091,1521.5439690809874,1537.330322265625,648830
2025-08-12,1538.9189360238997,1545.9185835345415,1530.132229564191,1539.66357421875,598262
2025-08-13,1538.9685536317625,1541.3512987835147,1516.629408851958,1520.0050048828125,511880
2025-08-14,1519.6079791446587,1535.5928542444026,1516.6294264727453,1531.6710205078125,772046
2025-08-18,1551.3295285988665,1551.3295285988665,1522.6858044223409,1527.451416015625,511870
2025-08-19,1527.4514008732488,1544.8759824447807,1527.004666452489,1536.5360107421875,569624
2025-08-20,1535.3447124517104,1542.8903553296277,1528.99044221855,1531.2740478515625,153754
2025-08-21,1532.4654223053979,1541.3018198902535,1525.6147265958975,1528.4940185546875,236826
2025-08-22,1528.4939108771246,1542.294562178156,1522.6857575404015,1532.5645751953125,715582
2025-08-25,1538.4225171754933,1556.79025939411,1533.904996961595,1542.3939208984375,731340
2025-08-26,1546.3652917600252,1560.7616299497656,1526.5579645918103,1539.117431640625,1389672
2025-08-28,1519.061879515414,1541.0038602022237,1515.4379494848893,1520.50146484375,372480
2025-08-29,1514.5940556084831,1524.0261392061761,1502.7295357725386,1514.24658203125,654086
2025-09-01,1523.4304679999243,1556.939186376432,1517.125888930091,1551.528076171875,482682
2025-09-02,1550.2374250373884,1560.9105722505158,1547.4078242018043,1552.3223876953125,370084
2025-09-03,1558.7758889480237,1563.690452348144,1541.599520164008,1544.8759765625,433852
2025-09-04,1551.3294963757355,1563.6408714984968,1538.9188604047297,1548.400634765625,860810
2025-09-05,1558.775904296815,1558.775904296815,1534.5007484063995,1536.4864501953125,224508
2025-09-08,1535.9403043223303,1549.840216578641,1529.4867736319004,1540.8052978515625,217014
2025-09-09,1540.8053779051777,1556.2441371019986,1535.1460549025044,1538.9686279296875,615658
2025-09-10,1546.3155242114258,1551.329469536012,1520.3028801452917,1524.323974609375,338108
2025-09-11,1524.37359324227,1531.4228103380256,1516.5797379772953,1528.89111328125,307008
2025-09-12,1533.904893618335,1543.336976824863,1526.7067248554588,1528.4442138671875,388750
2025-09-15,1533.4085231351362,1539.911745005406,1522.0901198398071,1526.0615234375,366894
2025-09-16,1527.749329903875,1533.9546480594554,1516.629448248123,1526.0118408203125,424184
2025-09-17,1533.9545997305684,1533.9545997305684,1515.487597720908,1520.0546875,491174
2025-09-18,1520.0547600188424,1532.7633002864225,1512.6083781115,1516.1826171875,1191302
2025-09-19,1524.7210168207814,1527.9974731369632,1509.4807803633244,1513.253662109375,826712
2025-09-22,1521.047564508414,1527.9975207431132,1501.686972140324,1508.1405029296875,736500
2025-09-23,1523.0333426609377,1524.7211407806647,1472.1000409364472,1478.6529541015625,810500
2025-09-24,1478.6529137854043,1510.8211864210266,1464.4550972449304,1508.636962890625,540982
2025-09-25,1506.7505395756573,1507.6441296477026,1479.347878284542,1485.007080078125,554053
2025-09-26,1474.3836227467937,1487.2906847641057,1461.4765607294817,1464.256591796875,731234
2025-09-29,1468.4264529720558,1475.5749308360778,1449.3637645362526,1456.313720703125,984535
2025-09-30,1459.490828760963,1465.745837934701,1445.491655255229,1457.505126953125,722168
2025-10-01,1458.3987638391618,1469.0222203731942,1438.5417451231206,1464.852294921875,888183
2025-10-03,1465.050770926144,1482.9220872130659,1460.7815847539514,1478.95068359375,778524
2025-10-06,1478.9506667653452,1482.326384042877,1469.4193224269645,1478.35498046875,425656
2025-10-07,1478.354976296749,1478.354976296749,1459.0936447770664,1460.3843994140625,725776
2025-10-08,1458.4979931989744,1487.7870951726775,1451.5480367984349,1483.0213623046875,1023522
2025-10-09,1488.2835260765671,1505.06273083023,1475.9721504538875,1499.60205078125,543793
2025-10-10,1505.1619561796176,1511.1190615470832,1492.1556337001753,1499.800537109375,476671
2025-10-13,1486.9927171591803,1506.154787656534,1486.9927171591803,1502.6798095703125,436390
2025-10-14,1502.1833822449576,1511.8139873070713,1477.0642064884505,1480.5391845703125,258073
2025-10-15,1490.2692004118246,1497.616321308942,1479.3478405154021,1490.0706787109375,415150
2025-10-16,1489.2763675081048,1515.0904912115789,1489.2763675081048,1512.1119384765625,492506
2025-10-17,1513.1047573319338,1534.1531477344067,1504.467003062433,1531.6710205078125,818953
2025-10-20,1539.911797303944,1540.1103190115232,1512.509135788737,1515.388427734375,323401
2025-10-21,1526.0118620152884,1526.0118620152884,1515.3884056644324,1521.047607421875,62310
2025-10-23,1519.0618287631326,1524.5225085397321,1499.502715133268,1506.2540283203125,423185
2025-10-24,1506.2540704861005,1508.934840624591,1493.2477479845356,1496.3255615234375,414542
2025-10-27,1496.32554637467,1512.509064299017,1481.4327830814493,1493.6448974609375,522205
2025-10-28,1493.3469673654429,1498.6091254485755,1474.3835400128812,1481.33349609375,670631
2025-10-29,1481.3335030801434,1499.304079648764,1472.993531504244,1496.524169921875,489526
2025-10-30,1499.1055550495062,1501.1905176400387,1469.9157151892045,1475.7735595703125,813850
2025-10-31,1481.2342333762404,1481.2342333762404,1429.7052491164775,1434.2723388671875,1720635
2025-11-03,1439.6337815401937,1461.3772401353933,1436.0595425979623,1450.0587158203125,677950
2025-11-04,1450.5552147563485,1454.5266184928478,1437.946056372013,1444.796630859375,707089
2025-11-06,1452.5408916073532,1458.00157165099,1427.719618681732,1432.4853515625,692357
2025-11-07,1437.6481015415532,1447.6758713804613,1435.0667134440548,1444.3995361328125,533597
2025-11-10,1449.5623629212635,1456.5123194558175,1440.626704519694,1446.1866455078125,283000
2025-11-11,1446.1865990125787,1466.440781644484,1441.8180308060705,1462.3701171875,292665
2025-11-12,1466.4407748120677,1476.3692837816823,1459.1929147852013,1471.405029296875,417016
2025-11-13,1480.3406704341405,1485.6028286068838,1468.0292952131392,1470.809326171875,798904
2025-11-14,1462.072188133044,1465.7458091239075,1442.6123350382593,1449.36376953125,549299
2025-11-17,1457.5051561573407,1475.376472785973,1439.6338395287084,1464.9515380859375,898284
2025-11-18,1472.3978910081582,1486.0992819659066,1461.4765310613682,1480.3406982421875,1135472
2025-11-19,1484.3120415543328,1486.4962649759018,1463.0650088270086,1466.142822265625,631671
2025-11-20,1471.405024214028,1484.212824980111,1466.5400305961987,1478.35498046875,829582
2025-11-21,1469.4193521209895,1476.4685693679914,1458.3987312196064,1461.5758056640625,331504
2025-11-24,1460.4837009015348,1517.969793313866,1443.3073315349288,1452.5408935546875,3427226
2025-11-25,1455.4201651505834,1459.490829619522,1443.9031188978718,1456.1151123046875,449171
2025-11-26,1450.6543682645506,1479.347782377024,1450.4558465714656,1473.787841796875,371398
2025-11-27,1473.6886247444272,1479.3478263392951,1456.7107775645861,1461.7744140625,421269
2025-11-28,1467.4336876179448,1467.4336876179448,1452.838827295923,1459.2923583984375,380330
2025-12-01,1459.3915847471592,1463.4622492606666,1449.5623364454364,1458.100830078125,197122
2025-12-02,1450.5551354503434,1460.980069688693,1447.6758436592759,1458.398681640625,586303
2025-12-03,1460.4836543753984,1476.8656940063938,1460.4836543753984,1468.029296875,717275
2025-12-04,1467.4336407605506,1476.369298924857,1465.0507743438782,1474.085693359375,308126
2025-12-05,1469.4193148819115,1471.802181253676,1456.8101570778504,1464.5543212890625,328473
2025-12-08,1464.4550919819646,1473.3907501703293,1436.1588410521438,1445.690185546875,343005
2025-12-09,1445.6901485403864,1453.4344339177808,1428.7124226566104,1449.36376953125,325894
2025-12-10,1440.3287143801813,1455.916545819982,1440.3287143801813,1445.29296875,458850
2025-12-11,1444.300144775374,1461.9729391401222,1440.6266449523378,1456.909423828125,148263
2025-12-12,1454.0301945884037,1468.9229586162808,1454.0301945884037,1466.2423095703125,332259
2025-12-15,1469.4192946837861,1472.795011897583,1457.9022487757877,1468.8236083984375,494291
2025-12-16,1468.8236125233916,1478.3549567085845,1457.5050882795178,1462.568603515625,326142
2025-12-17,1462.4693586423714,1462.4693586423714,1435.0666983615085,1440.3287353515625,259786
2025-12-18,1436.2580357187312,1444.6972680632944,1427.3223779421348,1441.2222900390625,258434
2025-12-19,1441.222337989614,1452.8387662042458,1436.7545089526677,1447.87451171875,504759
2025-12-22,1452.4415652819027,1452.4415652819027,1441.4209448392396,1448.7679443359375,276397
2025-12-23,1448.7679250660685,1454.427247681298,1439.733006488116,1451.647216796875,205136
2025-12-24,1451.6472452578255,1453.4344253182246,1434.1730940352375,1436.258056640625,282565
2025-12-26,1436.2580308822623,1453.5336600983642,1434.6694937446287,1448.1722412109375,240983
2025-12-29,1448.1722807903814,1453.3351781258148,1435.066697549701,1442.413818359375,587342
2025-12-30,1442.4137846323447,1446.6829706317403,1427.4216396181437,1440.52734375,832687
2025-12-31,1439.6338516517988,1478.3550380065715,1439.6338516517988,1471.80224609375,605718
2026-01-01,1473.2914975624305,1475.9721465548907,1456.7108145571183,1458.7958984375,108609
2026-01-02,1458.7959257940047,1472.1994134029014,1456.7108418745217,1467.6322021484375,275319
2026-01-05,1467.6321480565887,1496.2263023807361,1463.859387365043,1494.2406005859375,473909
2026-01-06,1497.2191532781353,1499.204855072934,1480.0427842740798,1494.2406005859375,393706
2026-01-07,1499.204848289686,1506.6512299864892,1485.9006220852075,1503.9705810546875,623936
2026-01-08,1503.9705913063842,1503.9705913063842,1479.3478405154021,1490.0706787109375,493955
2026-01-09,1479.4470609751413,1500.2969292990847,1467.9300150928673,1473.6885986328125,944361
2026-01-12,1466.837943419024,1494.1413431600802,1466.837943419024,1490.0706787109375,516036
2026-01-13,1498.2119737219407,1500.1976754763768,1474.4828135169075,1488.1842041015625,491184
2026-01-14,1471.5042808756737,1491.7584632855974,1471.5042808756737,1484.6099853515625,426425
2026-01-15,1484.6099853515625,1484.6099853515625,1484.6099853515625,1484.6099853515625,0
2026-01-16,1484.5105811536173,1493.644881930387,1457.1079212185407,1466.0435791015625,745534
2026-01-19,1455.122290573742,1469.8165327340387,1453.1365887249249,1464.256591796875,435942
2026-01-20,1464.256568124357,1464.3558289756686,1417.2946716800097,1424.9395751953125,591626
2026-01-21,1414.0182433162086,1428.9110072376584,1402.3026750832419,1411.635498046875,560841
2026-01-22,1415.2096797925378,1449.3637745743822,1415.2096797925378,1442.413818359375,385508
2026-01-23,1434.6695363039667,1452.5408523271303,1430.4996110442758,1437.548828125,1212874
2026-01-27,1439.335886991034,1440.4281199283084,1423.3510118989245,1436.853759765625,405584
2026-01-28,1429.705237833625,1457.3065402097368,1410.245385224857,1450.2572021484375,824989
2026-01-29,1444.4988152088827,1447.874532547105,1401.7069651678519,1419.379638671875,820183
2026-01-30,1418.7839338372241,1437.6481009071383,1407.8625739546424,1420.868896484375,722566
2026-02-02,1416.5003778160717,1424.2446635735273,1388.799933739872,1401.905517578125,1594471
2026-02-03,1424.7410071253562,1442.612322894176,1402.1039586724712,1417.592529296875,1418450
2026-02-04,1431.9889131474388,1467.6321637880355,1419.776798499479,1449.8602294921875,1787666
2026-02-05,1454.4272772761844,1471.3057422237052,1448.073007409359,1459.0936279296875,835235
2026-02-06,1464.4550504410017,1482.9220526002596,1460.483646914382,1478.4542236328125,571034
2026-02-09,1479.3478490540904,1486.2978053919283,1460.1857781007175,1477.5606689453125,322208
2026-02-10,1483.3192953714395,1483.3192953714395,1457.4059102339934,1468.3272705078125,509638
2026-02-11,1466.2422195211573,1484.1135352570443,1464.455039468522,1469.5185546875,442080
2026-02-12,1474.8799964635969,1492.1556261817248,1465.447913012635,1486.6949462890625,678624
2026-02-13,1475.47567854564,1478.950656649232,1461.575766131272,1468.724365234375,474002
2026-02-16,1459.4908667640295,1483.3192890785444,1454.7251338220774,1476.667236328125,217908
2026-02-17,1468.4264323732916,1487.0920771529586,1466.837895225528,1484.8084716796875,344682
2026-02-18,1489.276375055073,1495.2334805552932,1472.1000057170559,1478.8514404296875,2016972
2026-02-19,1478.8514770807556,1479.2486416968043,1450.5552252534299,1454.4273681640625,407250
2026-02-20,1454.5266290186685,1466.8380049304333,1449.5623743121203,1454.4273681640625,501173
2026-02-23,1454.4273556670996,1474.5821568839337,1452.5409146552952,1470.4122314453125,511293
2026-02-24,1464.5543523336617,1476.0713986440994,1459.4908369348404,1469.915771484375,641633
2026-02-25,1480.439901988469,1492.2548515328765,1470.4121324818298,1486.8934326171875,577178
2026-02-26,1484.3120832225145,1514.0976099761438,1476.4685369378685,1506.0555419921875,738376
2026-02-27,1508.0412087011832,1508.0412087011832,1473.8871145785333,1481.33349609375,1606678
2026-03-02,1419.7767433523115,1466.2422125228882,1419.7767433523115,1455.02294921875,699279
2026-03-04,1433.676638951534,1438.6408932415322,1412.2310846582639,1428.8116455078125,1119317
2026-03-05,1428.8116758945353,1443.1087527933112,1410.8410992220813,1435.5631103515625,571622
2026-03-06,1435.5631543834322,1444.0023871147575,1420.3724869879984,1423.5496826171875,563184
2026-03-09,1389.9912735224618,1393.3669908548263,1356.8300289003305,1376.488525390625,806385
2026-03-10,1404.9832671154834,1424.741024022638,1381.0555849585292,1417.4931640625,613943
2026-03-11,1417.4931469231283,1428.3152457090434,1388.0055243904465,1393.366943359375,283707
2026-03-12,1387.8069965444379,1387.8069965444379,1368.1485008113532,1377.4813232421875,724869
2026-03-13,1370.1342008220615,1381.9491504164996,1324.6615824896453,1330.420166015625,878140
2026-03-16,1331.2145546457368,1351.7665200969168,1319.3003436716913,1343.9229736328125,332170
2026-03-17,1355.7379389223845,1355.7379389223845,1336.4766067259986,1347.2987060546875,283833
2026-03-18,1347.298668768773,1381.5520247544198,1335.9801442905136,1374.5028076171875,540073
2026-03-19,1364.1771736447133,1364.1771736447133,1294.5783479042564,1299.5426025390625,689898
2026-03-20,1311.6552769500545,1345.114424417008,1311.6552769500545,1331.7109375,898444
2026-03-23,1323.4702103046131,1323.4702103046131,1284.0540792269505,1305.4996337890625,800316
2026-03-24,1324.2645616977727,1349.4828772721087,1299.6418112185572,1322.6759033203125,496307
2026-03-25,1342.5329345097543,1374.0063806647593,1340.3487110152957,1353.0572509765625,886923
2026-03-27,1342.0364731029083,1349.284332936211,1300.6346402843535,1305.4996337890625,1353886
2026-03-30,1289.6140056791357,1301.6274768398894,1268.069069308831,1275.8133544921875,1146492
2026-04-01,1308.4782269928025,1316.619555903979,1281.7705135097372,1297.6561279296875,898466
2026-04-02,1280.7776519311044,1288.4225553279246,1259.629879431799,1264.494873046875,889612
2026-04-06,1272.2391283386921,1286.4368230531006,1249.9992446237347,1281.968994140625,1230910
2026-04-07,1275.8134165936265,1290.6069193601895,1256.9492493443822,1285.8411865234375,454073
2026-04-08,1389.9912794049815,1390.38844401005,1340.3487337119466,1345.31298828125,1855865
2026-04-09,1345.312976624813,1355.3407465283963,1325.4559585196496,1337.767333984375,924142
2026-04-10,1344.5186573327524,1355.2414956676328,1326.4488192028991,1347.39794921875,1610183
2026-04-13,1320.4917017954322,1333.8951889941075,1304.9039910878723,1317.0167236328125,724962
2026-04-15,1350.277190966999,1350.3764518150467,1315.6266711651606,1319.9952392578125,1064359
2026-04-16,1329.4273039647996,1333.299446565385,1307.8824887425492,1321.4844970703125,1586537
2026-04-17,1325.3566985655902,1388.0055664902543,1316.5203012632883,1383.4384765625,1740546
2026-04-20,1385.0270332410498,1389.5941232330013,1368.8435147678583,1380.5592041015625,894803
2026-04-21,1379.0699496336417,1403.9904838792172,1370.1342912126893,1397.735595703125,708195
2026-04-22,1386.3178011327666,1414.614052619289,1384.7291426877055,1408.85546875,629961
2026-04-23,1397.934016210861,1401.9054196660056,1386.8141350155026,1392.076171875,319278
2026-04-24,1395.9483380735567,1398.827629866717,1379.467037695711,1384.33203125,506429
2026-04-27,1384.3320103206686,1396.8419069871231,1380.3606068584536,1389.2962646484375,356391
2026-04-28,1389.8920252240812,1395.253444424186,1379.0699259715332,1382.6441650390625,390142
2026-04-29,1382.6441854092502,1394.7570395135167,1376.4885581021283,1379.0699462890625,364945
2026-04-30,1368.8435430555862,1374.9000307501487,1345.3130242470675,1365.864990234375,1333712
2026-05-01,1365.864990234375,1365.864990234375,1365.864990234375,1365.864990234375,0
2026-05-04,1368.3471088149827,1379.069947381665,1351.3693820824221,1354.8443603515625,649397
2026-05-05,1355.2414727503653,1359.2128763335168,1338.0651037741886,1354.4471435546875,621782
2026-05-06,1364.9714368465834,1415.8053533692953,1363.1842567854435,1411.3375244140625,2276888
2026-05-07,1432.2867201653266,1450.654462277825,1417.7911208998528,1440.031005859375,1464405
2026-05-08,1492.8505355967638,1504.1690596913904,1459.490770789666,1465.4478759765625,5494105
2026-05-11,1458.0015752268944,1458.0015752268944,1421.762516666607,1426.92529296875,922577
2026-05-12,1422.8545482640257,1469.4192780024089,1417.3938685146923,1442.6123046875,1764144
2026-05-13,1442.612379801146,1461.4765471901492,1428.0175198265972,1435.2652587890625,1124814
2026-05-14,1448.271605401689,1479.1493663316057,1448.271605401689,1473.1922607421875,1213793
2026-05-15,1475.376496062095,1483.1207818690614,1453.6330362480344,1457.207275390625,909039
2026-05-18,1445.5908588844582,1446.1865451637061,1417.9895563690193,1439.832275390625,655599
2026-05-19,1443.60515395298,1461.07930489198,1434.768757037954,1445.392333984375,617156
2026-05-20,1429.705276002105,1454.5265481549193,1421.1667826210605,1445.1937255859375,356329
2026-05-21,1460.483693899916,1467.8308149000518,1455.3209176282646,1462.2708740234375,465411
2026-05-22,1463.5615031520247,1473.390751407,1448.5694786407093,1467.830810546875,533048
2026-05-25,1489.2763309358345,1497.6163026285988,1462.5686178281949,1466.6392822265625,593426
2026-05-26,1466.6392990635948,1472.3978827550357,1456.5122683760198,1467.9300537109375,454638
2026-05-27,1462.5686153215477,1475.3764159851685,1461.8736681806824,1470.1142578125,323780
2026-05-28,1470.1142578125,1470.1142578125,1470.1142578125,1470.1142578125,0
2026-05-29,1463.6607262508514,1489.971274704482,1456.01582291507,1472.1993408203125,4438929
2026-06-01,1472.1993055690846,1475.2771189994962,1439.931652577834,1446.7822265625,690657
2026-06-02,1419.776819278617,1453.434489793348,1419.776819278617,1444.200927734375,948386
2026-06-03,1439.6338438872533,1462.6679369104002,1434.1731637897499,1458.696533203125,836338
2026-06-04,1446.9808773476361,1468.029267242332,1446.7822344557296,1460.5828857421875,646986
2026-06-05,1464.4550419396596,1474.8799761365183,1455.817287798452,1466.0435791015625,489330
2026-06-08,1439.7330432339656,1467.4336071483463,1437.1516551740401,1449.36376953125,417045
2026-06-09,1455.916614548404,1478.1564994145779,1454.5265990197138,1471.20654296875,536175
2026-06-10,1474.3835643688549,1524.820437810823,1472.2986017496748,1495.7298583984375,1866212
2026-06-11,1494.9355351136217,1497.9140877806722,1479.3478246351044,1488.0849609375,613282
2026-06-12,1507.1476919608333,1542.7910641195895,1504.2684000620952,1524.5225830078125,1254231
2026-06-15,1557.5845752782611,1571.3851061392027,1544.6775132892315,1559.768798828125,1848652
2026-06-16,1575.6543778508258,1575.6543778508258,1541.5002826610382,1559.96728515625,382140
2026-06-17,1563.8394227885954,1573.1722454549265,1556.3930410650787,1566.917236328125,651610
2026-06-18,1563.740142634889,1574.8600240590233,1556.7901864454006,1569.7965087890625,759760
2026-06-19,1560.7615564826103,1583.5971263293661,1553.8116004422934,1568.6051025390625,847276
2026-06-22,1568.7043682414685,1571.4843991452465,1543.8830965920781,1560.9600830078125,775668
2026-06-23,1553.811713607938,1587.8665491647846,1551.528107977899,1555.49951171875,817811
2026-06-24,1558.775889884074,1573.6686531632213,1552.024455385147,1567.7115478515625,779349
2026-06-25,1584.5900348431628,1609.113403570021,1579.129354898528,1585.5828857421875,1399828
2026-06-26,1585.5828857421875,1585.5828857421875,1585.5828857421875,1585.5828857421875,0
2026-06-29,1586.2778656539936,1609.113436803183,1583.5972166503116,1588.164306640625,1536107
2026-06-30,1595.5114151495955,1598.7878716373518,1573.6686950915425,1581.3135986328125,1080720
2026-07-01,1588.5613968751265,1589.5542477481736,1566.7186776680935,1570.5908203125,510067
2026-07-02,1573.66866905875,1600.3763823819838,1571.4844455681261,1593.9228515625,710844
2026-07-03,1609.4112535078027,1613.8790824040304,1583.6963918433246,1586.57568359375,443831
2026-07-06,1595.4121889094974,1610.900639228969,1587.9658069099798,1605.3406982421875,502080
2026-07-07,1605.4398682396127,1615.0704732682495,1594.91567318208,1610.7020263671875,595670
2026-07-08,1606.6312965555917,1606.6312965555917,1551.5280709657866,1559.173095703125,653824
2026-07-09,1558.7759680523332,1587.4693843152415,1553.8117133770072,1579.0301513671875,226559
2026-07-10,1592.532823435545,1602.262810611393,1574.4629857633909,1587.0721435546875,738374
2026-07-13,1567.6123551099315,1571.8815413835312,1548.4502837125222,1569.3994140625,617150
2026-07-14,1553.8116175870089,1561.6551637300065,1536.3374664466398,1544.2802734375,1040498
2026-07-15,1558.775967369069,1585.8808463635169,1554.804563630549,1557.5845947265625,1092354
2026-07-16,1557.584496050997,1572.775041669915,1546.2659718737377,1548.4501953125,700762
2026-07-17,1548.8474421939263,1562.0524079686031,1545.8688894204765,1554.90380859375,1387673
2026-07-20,1548.847373445802,1565.6265775643217,1543.98237989225,1554.60595703125,848188
2026-07-21,1563.74018769662,1589.5543114300244,1558.2795076760922,1579.9237060546875,1640055
2026-07-22,1579.923727281895,1604.049932069077,1558.4780503186805,1597.0999755859375,1518908
2026-07-23,1595.0,1603.5999755859375,1558.0999755859375,1564.199951171875,1280969
2026-07-24,1562.0,1585.0,1537.0999755859375,1570.9000244140625,2199982
2026-07-27,1588.9000244140625,1622.4000244140625,1579.699951171875,1611.300048828125,1161586
2026-07-28,1625.0,1632.699951171875,1610.5,1619.5999755859375,1065976
2026-07-29,1619.9000244140625,1637.0,1608.9000244140625,1629.9000244140625,1117313
2026-07-30,1636.0,1636.0,1619.0999755859375,1629.9000244140625,1113810
2026-07-31,1630.5,1637.9000244140625,1601.0,1611.4000244140625,821463
2026-08-03,1623.0,1642.5,1622.0,1642.5,653565
2026-08-04,1642.5,1659.0,1602.0,1620.0,2924363
2026-08-05,1638.0,1665.0,1613.9000244140625,1665.0,1984248
2026-08-06,1658.0,1686.4000244140625,1652.0,1686.0,1808445
2026-08-07,1675.0,1675.0,1648.0999755859375,1660.0,917427
2026-08-10,1660.0,1685.4000244140625,1652.800048828125,1685.0,880089
2026-08-11,1684.0,1686.300048828125,1663.5999755859375,1685.800048828125,1131653
2026-08-12,1685.800048828125,1701.5,1679.0,1701.5,1724562
2026-08-13,1701.5,1702.9000244140625,1682.0999755859375,1696.0999755859375,570793
2026-08-14,1690.0999755859375,1707.5,1684.4000244140625,1693.0,680220
2026-08-17,1689.800048828125,1700.0,1667.300048828125,1669.0,701061
2026-08-18,1665.0,1674.0,1657.300048828125,1674.0,655495
2026-08-19,1670.0,1673.0,1644.0999755859375,1650.0,1011213
2026-08-20,1658.5,1666.9000244140625,1647.5,1660.0,419940
2026-08-21,1648.5,1664.4000244140625,1644.0999755859375,1649.0,732973
2026-08-24,1646.0,1660.0,1638.0,1660.0,554272
2026-08-25,1660.0,1660.0,1636.5999755859375,1651.0999755859375,456825
2026-08-26,1651.300048828125,1669.5999755859375,1641.0,1650.0,617323
2026-08-27,1650.0,1668.5,1640.0,1656.0,852620
2026-08-28,1656.0,1658.5,1617.0,1629.5,449546
2026-08-31,1625.0999755859375,1687.699951171875,1612.4000244140625,1687.699951171875,1907573
2026-09-01,1675.0,1675.5,1637.5,1643.5,990170
2026-09-02,1639.0,1639.5,1624.0999755859375,1637.0,635780
2026-09-03,1633.0,1638.300048828125,1621.199951171875,1638.300048828125,578059
2026-09-04,1635.199951171875,1638.300048828125,1625.0,1629.5,605836
2026-09-07,1625.9000244140625,1628.9000244140625,1575.0,1575.0,591643
2026-09-08,1579.800048828125,1593.0,1565.0,1593.0,738063
2026-09-09,1579.0,1585.5999755859375,1566.0,1572.0,276995
2026-09-10,1572.0,1577.9000244140625,1553.5,1569.0,475698
2026-09-11,1550.0,1567.9000244140625,1540.4000244140625,1566.9000244140625,389368
2026-09-14,1566.9000244140625,1566.9000244140625,1566.9000244140625,1566.9000244140625,0
2026-09-15,1566.9000244140625,1575.699951171875,1521.0999755859375,1521.0999755859375,455854
2026-09-16,1521.199951171875,1546.9000244140625,1521.199951171875,1543.800048828125,573360
2026-09-17,1543.0,1561.0999755859375,1535.0,1551.5,354203
2026-09-18,1559.9000244140625,1598.9000244140625,1559.9000244140625,1572.0999755859375,1142486
2026-09-21,1598.0,1598.0,1573.199951171875,1573.199951171875,240443
2026-09-22,1576.300048828125,1587.0,1562.699951171875,1572.699951171875,482511
2026-09-23,1575.0999755859375,1591.699951171875,1575.0999755859375,1588.0999755859375,536262
2026-09-24,1561.0,1579.0,1517.5,1522.0,1259222
2026-09-25,1525.0,1530.0,1495.699951171875,1517.199951171875,503315
2026-09-28,1508.0,1508.0,1486.800048828125,1503.0,585752
2026-09-29,1493.0,1500.4000244140625,1461.0,1461.0,1073488
2026-09-30,1481.0,1496.9000244140625,1465.0999755859375,1465.0999755859375,940925
2026-10-01,1468.0999755859375,1486.9000244140625,1456.800048828125,1464.0,867267
