Date,Open,High,Low,Close,Volume
2019-10-03,543.5392367434247,553.173041010412,533.7512822001536,541.4197998046875,2111319
2019-10-04,543.3465545282716,550.1287432477047,541.4583195052323,545.7742919921875,2273166
2019-10-07,545.7743930995807,552.4409585881046,540.0326353495316,543.1925048828125,2578403
2019-10-09,541.6510272626105,550.205874079482,540.9188486957519,548.0093383789062,1115851
2019-10-10,545.6972370852117,554.0208351373034,542.1905414984582,548.2020263671875,1507268
2019-10-11,540.495006191082,557.9129544957422,537.56633877138,556.0247192382812,3785425
2019-10-14,555.6779056037005,561.5738134320271,552.9419142282281,555.4852294921875,1871571
2019-10-15,557.990007007395,561.8435291552362,554.1364848595539,555.2925415039062,1482881
2019-10-16,554.9842319751373,562.4215484166799,553.1345695980111,560.8416137695312,2114943
2019-10-17,558.7606812580312,563.3849075856839,551.7858159551677,558.2597045898438,2177984
2019-10-18,558.3368281712605,568.5871875803518,556.9880954321678,565.8511962890625,2907649
2019-10-22,560.6103758859222,564.1555971613486,550.5141204449267,553.0960083007812,2825230
2019-10-23,553.0960079593938,566.005306110514,552.0940546499442,559.9937744140625,2143330
2019-10-24,562.6142374642852,574.1748039875239,558.2983114449689,559.8011474609375,2888332
2019-10-25,563.3078614038245,563.3078614038245,540.4179314528407,555.6393432617188,2785014
2019-10-27,557.21923374613,568.3173949770145,553.751064241486,560.109375,194159
2019-10-29,561.07280517659,588.0474592716183,558.8377435926907,581.6891479492188,3292048
2019-10-30,587.2767067230093,589.4346694656856,574.598610929704,581.4193725585938,2232609
2019-10-31,581.8432813846331,585.2343524343187,567.7008277804102,569.550537109375,4178139
2019-11-01,571.0150110791838,588.818267092793,570.3213581788833,586.082275390625,4136257
2019-11-04,586.0822020819226,599.2997550326578,580.6872709901777,593.0570678710938,4936914
2019-11-05,594.9838240457282,597.7198153830032,589.4347427036099,595.9472045898438,3303839
2019-11-06,604.2323665809797,604.2323665809797,591.5927931578996,594.9068603515625,9486591
2019-11-07,597.2959055219885,597.2959055219885,589.6273873914678,593.211181640625,2060900
2019-11-08,594.9838869081465,599.4924895149326,593.6736798217077,594.48291015625,2368591
2019-11-11,593.4039060082507,596.9106018791919,591.939548724089,593.750732421875,1345883
2019-11-13,591.9009531739692,596.3710290894062,574.9454571195066,583.4617309570312,2434874
2019-11-14,582.6526083385124,588.4328921513945,576.7181742159395,584.4637451171875,2564424
2019-11-15,584.4637920609473,588.240263271382,577.4889251078667,579.5313110351562,1787358
2019-11-18,579.5697997262591,584.4252287999942,576.1016293821525,579.4156494140625,2216434
2019-11-19,581.1111218103804,590.3595746773891,579.5697129992122,588.1630859375,2725437
2019-11-20,589.51196552571,595.7546539502973,582.6141499691113,594.5215454101562,2343750
2019-11-21,597.2958870051558,601.1494088568019,587.8932842791268,589.7044677734375,2102137
2019-11-22,589.5889186799217,589.5889186799217,572.4792700631575,581.2653198242188,1819912
2019-11-25,581.2653669942595,590.1284691054261,578.6834785900072,588.471435546875,1837243
2019-11-26,590.359597155167,591.7853815437583,582.8837547283482,588.5098876953125,2968850
2019-11-27,587.9318181851564,593.0955469454766,583.6929440899785,591.5541381835938,1369944
2019-11-28,589.704551017897,595.0609095157554,587.2768130926285,590.5523071289062,1096867
2019-11-29,590.3596624674555,595.2536173546495,584.5023269300208,586.8529663085938,1236902
2019-12-02,584.2710715844211,585.6583773377289,564.3869045878293,576.8338012695312,4333335
2019-12-03,576.5254421662645,583.1920543331597,572.8645961065388,575.13818359375,1838085
2019-12-04,575.6391918362999,586.8914583678372,573.0573036181261,584.810546875,1870954
2019-12-05,581.8817276116527,590.9375028426949,579.6466663981817,589.51171875,2475102
2019-12-06,588.2016798133357,594.482893221636,582.305771612349,583.8086547851562,1092422
2019-12-09,585.3114730162217,585.3114730162217,575.3308415083652,578.2980346679688,1435556
2019-12-10,577.989813767789,577.989813767789,568.2403836241389,574.1362915039062,1582428
2019-12-11,571.0920065004312,585.7353912824937,571.0920065004312,584.1554565429688,1644499
2019-12-12,586.5060854821373,590.3596077257782,579.9550976679479,582.9993896484375,1184008
2019-12-13,584.9260574566251,588.7795790855113,576.6795117627972,587.1610717773438,2019424
2019-12-16,587.8162697484917,604.2322644643181,584.9646539903283,595.9857177734375,5810893
2019-12-17,597.7197362370842,602.6907885945009,595.4461490460112,599.1069946289062,2421510
2019-12-18,601.2265065585062,611.9393169431851,601.2265065585062,606.274658203125,5676894
2019-12-19,608.8564666777288,608.8564666777288,599.6850656421278,603.2688598632812,2099931
2019-12-20,604.2707646854672,607.0838545115569,599.6080125562492,603.7312622070312,2092547
2019-12-23,600.0704145654344,606.8526507766737,597.2573717878762,598.028076171875,1887292
2019-12-24,598.0666920857944,599.5695752690239,591.5927554688378,595.0223999023438,1413973
2019-12-26,594.2131362799961,600.4172977501331,591.939548724089,593.750732421875,1276520
2019-12-27,594.2130989015941,602.2284435653196,592.7487417095464,601.3035888671875,1363474
2019-12-30,603.2304077148438,604.8873941277768,600.4558433544738,603.2304077148438,1055528
2019-12-31,601.1879996576652,601.8816524819722,585.7353847700989,587.5079956054688,3004887
2020-01-01,590.3595868606145,590.9761409897927,586.0050880631754,587.3538208007812,746371
2020-01-02,587.3538403499992,592.7873443343951,586.5060842741708,590.3981323242188,1133488
2020-01-03,590.3595943315654,601.0724047418589,588.4713590670088,597.3729858398438,2121704
2020-01-06,597.1803296230847,600.2246216359048,592.0166473938206,593.750732421875,1734439
2020-01-07,593.4423852769155,599.9933726468555,586.197745134133,598.9143676757812,1937143
2020-01-08,593.5194709671656,604.9259343215807,591.2073576450651,593.2882690429688,2596664
2020-01-09,593.8278162124328,598.4135173874344,587.4309782816235,596.2555541992188,1678891
2020-01-10,600.3787756485256,602.6138374034238,595.3306708325366,598.2593383789062,1105725
2020-01-13,601.0724271498948,607.8546169896542,597.3344822949797,605.6580810546875,1393509
2020-01-14,605.6581162485447,614.8680444884244,604.0011297873556,613.6734619140625,1628535
2020-01-15,613.5964491825287,619.376733334697,607.700540531288,612.8257446289062,1759644
2020-01-16,611.1686160857756,613.2495274653292,601.9972145062932,603.345947265625,1110008
2020-01-17,603.8469431262434,606.3517326159183,597.6813074593514,599.9548950195312,989312
2020-01-20,599.9934089561679,605.3498142437512,596.9491169978953,599.76220703125,1620105
2020-01-21,599.0300156572528,603.7698666975208,597.2959306971642,600.3016967773438,976954
2020-01-22,601.149537896268,609.2034097030208,598.2208700683775,600.1861572265625,1192201
2020-01-23,599.0300777427303,601.4963415718145,591.0533049156097,592.6332397460938,2018777
2020-01-24,589.665926388156,607.8931045350912,588.27866785555,606.7755737304688,2364265
2020-01-27,605.7738199818383,613.6735421889806,600.8798645524683,610.0126953125,1175606
2020-01-28,610.7834080356001,613.2881980370079,604.6948227546089,612.1321411132812,1506685
2020-01-29,614.1744164681605,622.1126631723529,611.5925282464603,619.7620239257812,2565136
2020-01-30,620.8793872498384,622.6905706430083,604.2321925963702,609.8968505859375,2493688
2020-01-31,614.1358523915138,618.4903515643496,603.4616140497019,613.9431762695312,3081521
2020-02-03,622.7290583972107,630.9756036033037,609.2417334938057,611.2841186523438,3383074
2020-02-04,612.1705220937588,626.5827044075796,612.1705220937588,625.1183471679688,1779834
2020-02-05,624.2706240611454,628.8948509060427,621.9585106386967,627.3919677734375,1613898
2020-02-06,626.3515556307051,636.5633902405866,624.309169892701,630.205078125,1553656
2020-02-07,630.2050931415548,636.1780531500359,627.5461531491202,635.4073486328125,1397438
2020-02-10,637.3725645386841,637.4496161657702,625.4266458562782,627.0836791992188,1098971
2020-02-11,626.5826818859911,633.4033970609754,625.0797988867389,631.9390869140625,1143705
2020-02-12,631.9776103878196,636.9486631946145,629.5113468904885,633.1336669921875,1394424
2020-02-13,634.13563783591,639.6847195095486,627.6231755606002,638.143310546875,1737974
2020-02-14,637.372501685482,645.8502495918185,635.8696187849829,642.883056640625,2143044
2020-02-17,644.2704256842605,645.0796559880597,637.7194375410126,642.1895141601562,793328
2020-02-18,636.100994168931,647.3918348668647,636.100994168931,646.4669799804688,1507814
2020-02-19,646.62097002128,651.1295717947958,644.3473827091403,648.0853271484375,881874
2020-02-20,647.5073735268213,651.9389241899019,637.3340652053014,639.3764038085938,1066232
2020-02-24,638.875388271048,650.3974278545863,628.7020813167518,632.0546264648438,2917544
2020-02-25,633.5190177118519,637.218389429164,623.5383863094737,633.5960693359375,2479975
2020-02-26,631.9776360631907,636.2165104514194,622.8833331473677,625.3881225585938,2212784
2020-02-27,621.9585061273517,631.7464622860682,616.717725149162,623.6155395507812,1907768
2020-02-28,608.7022908400149,622.7291195244441,564.1941142898459,573.7123413085938,5959364
2020-03-02,579.6494931798919,589.3754275004973,573.7124015403122,581.6415405273438,3784522
2020-03-03,585.8990532208235,591.8752426359107,579.7275641213294,587.69580078125,2168900
2020-03-04,589.023905317877,605.3118815054252,584.3367124373634,602.5386352539062,2685540
2020-03-05,601.4839370359388,612.4597690237814,587.7348115719526,590.664306640625,2126955
2020-03-06,582.8523305751158,585.703724900282,571.3687478379109,578.3995361328125,2004893
2020-03-09,558.557165859143,570.2751483596844,544.1440378473584,550.5889282226562,3429034
2020-03-11,531.9962966290555,557.6977520582578,520.2783165270939,553.518310546875,4626185
2020-03-12,528.0903853822932,539.0271685115123,497.7017331867268,507.6620178222656,3796919
2020-03-13,471.25818140453896,523.4032018914896,410.8324726166162,512.4273681640625,4553639
2020-03-16,495.9049794656184,495.9049794656184,461.6884821991591,471.3753662109375,6499354
2020-03-17,468.71927037031,482.74179807833974,455.6732411422184,465.1648254394531,3333465
2020-03-18,468.7192441896829,477.5077300182395,445.79108023363915,452.8218688964844,3548257
2020-03-19,429.3859455830294,451.2595122933036,408.5669781954783,414.0353698730469,4931298
2020-03-20,410.2075147324606,465.1648848056069,410.2075147324606,450.24395751953125,6315992
2020-03-23,421.847320660688,423.40971814461653,368.25708219388264,380.60003662109375,2912669
2020-03-24,380.44380771368003,417.1211001495049,380.44380771368003,393.3335876464844,4082147
2020-03-25,397.6301403460915,424.07369740492857,396.1067933371358,411.4573669433594,3664272
2020-03-26,421.33952334713837,441.29918939336966,400.7549555226449,402.4736022949219,5979874
2020-03-27,410.1293249706735,420.9098576909284,389.03695968646747,393.8022766113281,4672139
2020-03-30,385.9121538632833,415.87110463043615,379.3891400167666,411.53546142578125,4138337
2020-03-31,419.503748400458,449.3846019876415,412.35576043089577,441.7679138183594,3652911
2020-04-01,437.47127246477555,437.70562253890756,398.41133742327776,399.3487854003906,4114437
2020-04-03,401.3408624376144,416.49613743450124,398.48949173531355,406.92645263671875,5826085
2020-04-07,419.11318955521205,435.63556456238507,418.52729040858316,429.54217529296875,3531972
2020-04-08,421.80824421196877,445.1270061473731,419.50369852936836,436.6119689941406,4113059
2020-04-09,445.2832770052442,455.204510432531,419.93336862909143,425.9486083984375,5917001
2020-04-13,430.4404919652777,430.4404919652777,407.59042955151295,411.57452392578125,3822640
2020-04-15,412.4729687865783,428.5656450874546,412.4729687865783,420.7927551269531,6316254
2020-04-16,411.69176286596036,414.03535923901137,397.1224101815523,404.3875732421875,7001494
2020-04-17,413.3322416257515,415.59773708434875,390.5993769589744,398.294189453125,10839705
2020-04-20,404.62193333095735,415.51966627075944,399.9737908735546,410.0121765136719,4549088
2020-04-21,399.1925647532482,406.2233535649492,395.2084463252254,400.7159118652344,2950307
2020-04-22,399.9737818493005,407.70766896901335,396.10683828944406,404.89532470703125,2268496
2020-04-23,405.4421563416015,412.3557462936883,397.8645188353229,409.1138000488281,6094748
2020-04-24,407.7857526042535,416.0664403856677,392.23990205272486,393.2945251464844,4817852
2020-04-27,399.7394104003906,405.44215174625316,395.677167359301,399.7394104003906,4032316
2020-04-28,404.66096203787043,412.86354910620565,402.7470155191411,406.5358581542969,4972775
2020-04-29,410.87153961483637,419.4256764527175,407.8638954711575,413.01983642578125,6361689
2020-04-30,422.62847389203733,431.9247569925793,415.8710864294789,426.7297668457031,8931956
2020-05-04,402.31734004556046,406.028033958602,389.0369618304643,392.5133056640625,14814506
2020-05-05,395.2865453711742,401.53613502131134,389.1932049984075,390.560302734375,5717678
2020-05-06,393.5288408119211,397.7082585791731,382.7873588046478,395.9505615234375,3781531
2020-05-07,396.8490179172797,410.7933983919386,395.5600445759621,403.37200927734375,6799899
2020-05-08,411.6136752442033,420.7536632474088,405.5984348245698,418.8788146972656,6016020
2020-05-11,423.01912574911097,424.81587334913917,411.84799309093074,414.19158935546875,4272574
2020-05-12,410.1293593351683,421.4567416406158,410.1293593351683,416.5742492675781,5691969
2020-05-13,423.4097781065354,429.4640692141473,415.1290893412651,425.5580749511719,3296409
2020-05-14,415.91025668089844,417.9413544715145,401.49712940646367,402.8642272949219,6148398
2020-05-15,406.22340314250664,406.22340314250664,396.38029283676343,398.841064453125,3628530
2020-05-18,399.583185210614,402.317381003844,391.7711972299568,393.76324462890625,3283979
2020-05-19,398.41137661550874,405.9890142950981,393.1773352689518,400.4424743652344,3041594
2020-05-20,402.3173747524414,409.9731133184087,398.958229509073,405.5984191894531,2772920
2020-05-21,406.1842893359272,407.3951378317162,398.4504028340972,406.26239013671875,2540109
2020-05-22,403.95785002594295,414.81653160149375,402.3954525434514,413.7619323730469,4254552
2020-05-26,416.3789872069518,422.43327829673393,405.3250044030475,406.574951171875,2719781
2020-05-27,407.5123337817363,410.9105291616945,400.0127974168213,409.15283203125,2265885
2020-05-28,412.47294743798113,415.48054360748097,403.9969599198717,413.8009948730469,3387672
2020-05-29,413.95722157720144,418.44911422563234,409.69967900909313,414.3868713378906,4081245
2020-06-01,420.6755307633252,433.40906096990426,419.54278302923757,424.6205749511719,4913055
2020-06-02,424.6596047505396,428.3702986673133,420.2849109945776,427.706298828125,3878973
2020-06-03,432.7841107368038,441.7678964289938,429.65931571343344,432.1982116699219,4942023
2020-06-04,435.12773822008853,457.0013049528757,434.07313889628,454.7358093261719,10915145
2020-06-05,459.34487743601176,463.6805210797747,449.18929341106593,452.97808837890625,6207096
2020-06-08,457.62618253220944,468.2895637105077,453.17334046828546,460.9072265625,4791151
2020-06-09,464.0320305454817,472.89861677070763,457.00124220388346,457.9386901855469,5665593
2020-06-10,462.07911143355403,466.2976042196394,455.04832191047376,461.29791259765625,3438670
2020-06-11,461.6883655897682,461.6883655897682,441.18190265113634,446.7283935546875,3378322
2020-06-12,429.65928915555935,438.9555728477046,429.65928915555935,433.3309326171875,3603893
2020-06-15,435.1277640012461,437.86196000484455,424.50347860235826,428.721923828125,3944724
2020-06-16,435.08868251585506,435.08868251585506,414.9337629508381,416.6133117675781,4262594
2020-06-17,414.8165572410171,425.7533402944526,412.7854594604723,418.3710021972656,6139224
2020-06-18,417.9804226039296,421.8473663314194,414.8165768925624,418.64447021484375,2658663
2020-06-19,420.6754825951536,424.151826202855,415.51959046009233,420.9488830566406,5570067
2020-06-22,423.3316858861605,432.1982739708482,420.51934135137776,428.4875793457031,4352621
2020-06-23,428.0969371120519,437.5494234030563,425.40179174922474,436.53387451171875,4438315
2020-06-24,436.53387398950406,442.1585148094168,433.09662792442805,438.2134704589844,3500477
2020-06-25,435.9089637251941,441.84605598684783,431.2608209737259,432.9013671875,2386979
2020-06-26,433.95589033085986,449.1502150189757,431.6903949634688,438.1352844238281,5288935
2020-06-29,436.61202469506696,436.61202469506696,421.22239892926603,423.0581970214844,3304988
2020-06-30,427.3157143842357,428.80001107499004,423.05817167920765,424.50341796875,2356985
2020-07-01,424.97206336385875,427.58905975535583,418.7615245929214,426.45635986328125,3662491
2020-07-02,429.58119655727467,439.42428138813443,423.80030693877853,438.1352844238281,5966748
2020-07-03,442.0803984113189,447.0409914769227,438.2915558079233,443.095947265625,4007490
2020-07-06,449.1502291677026,459.3448632809323,447.66593247602236,454.3061218261719,4909636
2020-07-07,456.10284553184607,462.86023341255026,450.8297542651208,458.4464416503906,5126702
2020-07-08,460.86822783944626,463.9539725434566,450.048596174052,455.7904357910156,3391014
2020-07-09,455.7904142712108,459.11050891535194,446.8847295652797,450.98602294921875,2498146
2020-07-10,446.84573273080514,446.84573273080514,438.52594608237376,444.50213623046875,3959401
2020-07-13,446.8065476953206,470.12530677511694,445.67380019202096,468.7582092285156,11008252
2020-07-14,464.7742384278542,471.6878287777404,462.8993422241947,467.3912353515625,5525588
2020-07-15,471.84400373968055,492.15516946357405,470.2816063763041,480.6715393066406,11907668
2020-07-16,489.81158379808915,499.14691777820474,459.4229353642194,468.2505187988281,13009798
2020-07-17,472.11750083899346,472.11750083899346,461.0635658389373,468.4849548339844,3307397
2020-07-20,471.7268347047329,488.99135527047656,467.5474405655628,486.5696105957031,5461610
2020-07-21,492.1552145527791,493.5613627725266,480.71063374530866,484.89007568359375,4218944
2020-07-22,482.78081065392604,489.38194939720455,477.7420693561295,482.74176025390625,2879564
2020-07-23,482.7418171003714,499.7927061672593,478.0557584538443,498.0994567871094,5038587
2020-07-24,498.1387716071102,516.1741708662311,492.42888054916307,513.9689331054688,12276883
2020-07-27,517.4343395156516,529.0510160877304,506.2508175408275,523.3804931640625,11521949
2020-07-28,527.6726772793312,553.465632773209,525.309963798976,538.9743041992188,23296517
2020-07-29,541.0220626103591,547.5588941637435,528.4602919581041,532.7131958007812,5436716
2020-07-30,535.5483838053445,541.3370125495469,527.318255646195,531.4136352539062,5126995
2020-07-31,534.3276630649596,539.8406611844339,530.4291762094255,536.847900390625,3114793
2020-08-03,540.2344676124567,541.0220388027745,527.3182808634311,530.5079345703125,3092967
2020-08-04,531.6106219965214,532.9101338558833,512.0788635726308,514.0084228515625,5559046
2020-08-05,515.8591407759366,520.9783536233314,506.05386963125096,510.779296875,5139353
2020-08-06,516.6467162835166,525.1918447259419,511.25187269647876,520.0726318359375,8644001
2020-08-07,518.0250287670033,526.097634688496,515.3866841082819,521.7266235351562,3823897
2020-08-10,526.0975298596509,541.3370124324148,521.9234123653887,537.00537109375,5362182
2020-08-11,543.5027695036248,546.534946927596,529.3264904177447,531.4529418945312,4331864
2020-08-12,531.6106155400688,546.5744699034188,529.7598422545216,545.0386962890625,4355435
2020-08-13,548.070762482005,555.8676877403273,538.9349086341839,548.9764404296875,7108877
2020-08-14,544.9992539660572,559.9631063148362,544.9992539660572,548.07080078125,6476545
2020-08-17,555.0803214902862,570.5167500051714,550.2367861488532,567.8783569335938,7657241
2020-08-18,570.9891222090679,573.3518358182088,559.3330780178787,561.57763671875,4752247
2020-08-19,563.1133501866625,574.139345854653,558.3879234718094,572.3279418945312,6506907
2020-08-20,567.0512609590619,576.5021153083795,564.0585000290175,572.0917358398438,6610632
2020-08-21,575.7145756556864,580.1643723834378,574.9270044167594,576.9746704101562,4207706
2020-08-24,578.8254738739154,578.8254738739154,566.4605961888719,569.0202026367188,2385907
2020-08-25,572.5642064082454,583.0782616722505,562.6014124747066,581.7000122070312,4585917
2020-08-26,583.5508023547145,583.5901712948781,572.5641761557036,577.1714477539062,3157074
2020-08-27,578.8648788133492,587.803793428435,576.8565817048425,579.33740234375,3207076
2020-08-28,583.5902608866652,597.2546020183447,582.8026896843891,592.5291748046875,4223327
2020-08-31,598.3178623476884,610.1314305864757,576.5808679466004,583.5902709960938,7224350
2020-09-01,582.0151421028631,592.7260916607046,569.1777405986687,573.2337036132812,3563888
2020-09-02,575.0451746536874,587.3312670805246,573.4700321338603,579.0223999023438,3467486
2020-09-03,582.7633304375303,600.129266122848,577.3684387704284,598.19970703125,4606227
2020-09-04,588.3156471965718,597.2939775060978,585.5985171237262,589.2607421875,2954845
2020-09-07,590.4422455839504,592.1749121528192,578.116734835618,588.39453125,3367905
2020-09-08,589.4969867010298,605.6421947536297,586.74048776522,592.4503784179688,5237241
2020-09-09,592.2141406485762,598.5147098995602,586.504249764872,593.3167114257812,3038259
2020-09-10,595.9158350969552,597.2940848528146,582.2514443899989,590.678466796875,3737568
2020-09-11,590.2059211194371,606.9023933658407,588.7095164985166,602.6101684570312,4917946
2020-09-14,606.5480239590323,627.3792452906417,606.4298690424439,622.77197265625,9021887
2020-09-15,622.7720493979341,632.4985364111099,610.3678005480859,623.0870971679688,6339704
2020-09-16,623.75634765625,625.5283827348189,617.4557784880051,623.75634765625,4279003
2020-09-17,620.6061149632575,639.074669495804,615.3293782297396,619.7791748046875,7591219
2020-09-18,624.5440739579346,636.9876915426842,620.6062172494987,633.7192993164062,6281494
2020-09-21,635.5700360295431,653.6841758420331,617.6921579920041,620.0155029296875,10789179
2020-09-22,624.5439014293488,638.7201816635585,608.0049078227709,630.4113159179688,9053623
2020-09-23,639.8622130665849,639.8622130665849,616.7469701546643,624.5833129882812,6091530
2020-09-24,620.5667245853591,620.5667245853591,588.748829496329,592.1353759765625,5929066
2020-09-25,594.6556665491197,612.218495923936,589.6152393582024,608.2806396484375,6986586
2020-09-28,613.7935907971765,617.7708637823787,608.0049617492672,613.8330078125,3604366
2020-09-29,618.2434572841323,622.1813136999548,601.7044603376778,604.972900390625,7041805
2020-09-30,608.7926085905431,625.9616531386976,603.0039788233507,623.5595703125,5433474
2020-10-01,628.6393722658823,650.0219025522017,628.3636934906516,647.77734375,10104719
2020-10-05,647.8167792693865,670.1838239719884,647.2654697318045,662.5443725585938,8551125
2020-10-06,673.334031580656,673.334031580656,655.6530478827053,667.3878784179688,4902535
2020-10-07,667.0728536299963,667.9785798019359,659.3940338863216,666.5609130859375,3943817
2020-10-08,678.8863048331147,699.0087373172211,675.4603896919878,677.5474243164062,11398839
2020-10-09,677.7050990203649,679.240872658781,665.6946367774125,672.7040405273438,5306496
2020-10-12,678.0988348546417,681.091595940442,668.1754564992165,674.8698120117188,3343240
2020-10-13,674.8698631438676,692.9840029618967,670.22317326708,683.7694091796875,7327471
2020-10-14,684.3993638566885,688.1796959533832,665.9701787896973,668.52978515625,5346616
2020-10-15,671.7982481618457,676.0117349453644,635.3337104253495,639.8228759765625,8893099
2020-10-16,640.4529473726617,652.345253968947,629.1119021933896,647.9742431640625,7978964
2020-10-19,652.1089732452514,658.8820665414831,643.9182132906864,649.0768432617188,4558879
2020-10-20,646.2809246026051,671.7195134917218,645.493353381754,669.3173828125,7382532
2020-10-21,670.3018750338138,675.1060885248071,656.7950568697926,666.20654296875,4818496
2020-10-22,665.3795117332894,672.5070695772059,652.7390035370215,659.551513671875,3962610
2020-10-23,661.559849207007,675.3029771169404,656.4800050366892,668.0573120117188,7356677
2020-10-26,653.6840410555577,673.1370576743694,641.0829029147277,645.2176513671875,9770648
2020-10-27,650.8489362690598,656.6375660492957,642.6581755876765,652.6209716796875,5479538
2020-10-28,653.6842590534534,658.7641041744643,630.844688556405,633.4436645507812,6829067
2020-10-29,646.2874733471596,662.1583502603718,639.6200572885747,657.9451904296875,6477299
2020-10-30,659.9495935732289,669.7257254436737,656.6772515199906,665.3489379882812,6189261
2020-11-02,671.9753231556354,674.756783372766,662.1582990039502,666.4532470703125,4433983
2020-11-03,671.6481711733691,674.9205130548471,657.9861338318033,661.0948486328125,4599741
2020-11-04,667.557752465286,683.9194620845332,664.7762418572239,676.4339599609375,5017595
2020-11-05,683.9194536326299,695.1272345697031,682.0787613232119,687.7644653320312,4269675
2020-11-06,683.1013760822509,698.6450002086733,674.1842243737764,696.3134765625,4123331
2020-11-09,702.7353949916975,717.4609329542708,699.667574582828,713.9840698242188,4297119
2020-11-10,713.3704312346023,713.3704312346023,670.0936958807254,671.8934936523438,6889383
2020-11-11,670.8300504314366,687.7235344791145,664.6535154412976,685.1465454101562,5387431
2020-11-12,684.7374304854266,693.7363692373258,682.7331114133829,689.8504638671875,3150886
2020-11-13,685.5557458323868,691.8550150585322,681.7516277472778,686.2510986328125,2839192
2020-11-14,690.4641231853093,691.2413143530144,685.5147161749372,687.3145141601562,214282
2020-11-17,694.1863662085301,700.690155218847,679.7471886491924,691.4866943359375,3635434
2020-11-18,690.4641773043236,691.2004742434343,679.1337128509714,684.0012817382812,2772377
2020-11-19,681.4650956647611,694.5544612477577,670.8299861285763,673.2024536132812,5593368
2020-11-20,678.1927581427152,691.2412295191887,676.0657561961161,685.1873779296875,6063818
2020-11-23,685.5555760788153,711.2434780192348,684.532969312588,708.2574462890625,6251814
2020-11-24,711.7343629623953,728.0960724557837,707.0712657703846,717.9927368164062,7068121
2020-11-25,715.8247543162421,719.9151814837635,699.6675670045327,705.3941650390625,4445185
2020-11-26,708.8710543375626,710.0572882463919,692.6729721417488,701.14013671875,5169423
2020-11-27,706.8257577624317,724.7827415716093,699.7084050763469,717.338134765625,16482729
2020-12-01,736.2768877088325,747.8528165272658,713.0841857187932,742.2489013671875,5821698
2020-12-02,733.8634507707287,746.5028793722468,725.8053300730315,743.3941650390625,5516684
2020-12-03,746.9119947967889,753.1294240687489,738.69024624243,748.6708984375,5705020
2020-12-04,748.5481497374715,760.24676110763,742.0443607451615,755.1746215820312,4302626
2020-12-07,748.9572750345783,777.8765774784697,747.7301467849312,772.5181274414062,3973325
2020-12-08,773.0908068012399,774.890604909289,754.8475099181456,762.7011108398438,4399638
2020-12-09,767.364188076797,768.7549433933953,757.4653736404942,760.4104614257812,4157078
2020-12-10,756.7290701178966,762.9464998022916,750.2661748435592,758.6106567382812,2608358
2020-12-11,754.4383341153283,761.6374753459534,749.734343263299,752.147705078125,2398423
2020-12-14,755.9108843788529,756.115405722029,741.2262419524154,743.9668579101562,3239051
2020-12-15,736.5631765319754,759.7150335054687,735.0088442171988,758.4060668945312,3490143
2020-12-16,764.9098752042812,764.9098752042812,750.1843374998138,753.9066162109375,2799394
2020-12-17,753.9066246159794,763.0691914984149,746.4211728252722,760.9012451171875,2706570
2020-12-18,764.9098741197274,774.7268992421197,759.4286917733307,763.9281616210938,5563979
2020-12-21,759.3059965588712,772.80440588244,728.0960180591647,741.8807373046875,4187948
2020-12-22,744.457703636058,776.2812452258157,738.8947329798967,772.8043823242188,5537682
2020-12-23,774.3587579551344,785.1574956757512,769.818393780549,775.667724609375,5456681
2020-12-24,777.9992167396575,782.089643746701,764.7462232504429,774.931396484375,2510775
2020-12-28,774.9314486115677,782.4578447971986,772.4771922422516,774.8087158203125,1870669
2020-12-29,775.5449045932644,792.111132776823,772.1498304495261,789.984130859375,4392641
2020-12-30,793.5428150525203,805.8140956976623,791.7430172381723,804.3824462890625,6389605
2020-12-31,803.3190142591691,806.9595044828608,792.4793820919363,796.1607666015625,2859399
2021-01-01,798.4514152485721,802.7054696604716,794.5246149960395,800.0466918945312,1268291
2021-01-04,802.2145110786915,822.1758145081957,797.6332528810854,819.6806640625,3515825
2021-01-05,820.1305291128309,824.5891040704607,810.9679635892172,821.2349243164062,4040321
2021-01-06,821.357832925453,839.3557137266083,804.4643475643055,815.7539672851562,4677359
2021-01-07,822.5848845170053,826.2662688833171,808.7592210351792,813.7904663085938,3354950
2021-01-08,824.4256620116737,867.1706293548739,822.5440753494687,859.8896484375,9279370
2021-01-11,868.8886436869003,884.8004675711744,851.2180157592596,881.5689697265625,6488791
2021-01-12,881.5686860703721,881.6096302803286,861.4438079653348,870.6063232421875,4257926
2021-01-13,878.6236536916725,882.5095590501785,859.0305497769891,875.0650024414062,4671772
2021-01-14,870.4427696532222,870.4427696532222,842.6278691191907,861.1165771484375,4765344
2021-01-15,858.5805852212999,869.4611604536233,820.2533060824929,824.057373046875,6063896
2021-01-18,816.4491041696015,829.3748415237698,811.4996982439438,816.6536254882812,4659705
2021-01-19,823.484752355317,824.9982403204671,807.6139253870554,811.9497680664062,4416027
2021-01-20,815.6311646958939,837.2286397819939,815.6311646958939,833.9971923828125,4687853
2021-01-21,839.3556914659828,845.3685996922914,813.5859991841324,821.9304809570312,3911527
2021-01-22,821.9304972048235,822.1759128640595,797.6333483009532,802.4191284179688,3922421
2021-01-25,806.5095401967109,816.3675100505346,787.161848800711,795.219970703125,2751784
2021-01-27,800.0874203913866,822.0939348514198,796.528769322554,815.7128295898438,6975618
2021-01-28,809.9045299702149,809.9045299702149,789.4523953750074,803.0325927734375,4274190
2021-01-29,809.9863352736513,814.7312705433659,782.089643082109,786.50732421875,4425911
2021-02-01,786.9163870190021,786.9163870190021,753.5794060884134,770.4319458007812,6321189
2021-02-02,781.2714913473485,795.9152387495774,766.9549980504075,783.0712890625,4971530
2021-02-03,789.4524575348737,818.0854482226671,785.4438188657933,802.9099731445312,5640121
2021-02-04,808.2274676983577,808.2683619812949,788.8797283319893,792.8883666992188,4232910
2021-02-05,795.4653826562898,802.4191091152265,777.2220867562976,784.8712158203125,3077720
2021-02-08,793.3791651696296,812.3587553412362,785.8118756561287,803.8097534179688,3713579
2021-02-09,800.5784481680589,817.9218707076792,791.2931977408916,797.7151489257812,3086774
2021-02-10,798.0423449620047,801.9282507934445,783.3985956454741,797.551513671875,2776301
2021-02-11,797.6333673312043,808.8002544466318,795.8744635227603,806.3050537109375,2070435
2021-02-12,809.9046399587778,825.4482643620271,806.8368193528734,810.8863525390625,5863879
2021-02-15,814.8130382611015,814.8130382611015,799.6784587351673,801.0692138671875,2487825
2021-02-16,809.9045042251137,818.085357803145,796.4060958213618,807.28662109375,3912433
2021-02-17,809.0864166789044,815.3038454086044,794.6881343933003,802.091796875,2227724
2021-02-18,803.3597984499027,830.7656571546601,802.9507557826676,826.7570190429688,6742595
2021-02-19,829.2522785560121,833.7926425005971,795.7107774442751,813.135986328125,4357699
2021-02-22,817.2264039386298,827.0843228246765,770.5546427903572,777.7537841796875,5946290
2021-02-23,778.8173185343974,787.6117367846545,761.6375247431974,773.7042846679688,4120032
2021-02-24,777.1812050242796,788.5526131547933,766.2597838527811,785.4029541015625,1686531
2021-02-25,788.6343343468687,792.7247613922362,779.0218307902549,783.5621948242188,3682791
2021-02-26,773.0907072054101,776.240316039755,748.548145071905,751.69775390625,5254937
2021-03-01,765.2779683069461,782.9076980199569,757.8333614909401,765.7279052734375,3429569
2021-03-02,772.6816991592157,794.3609633494954,770.636485556359,791.17041015625,3703190
2021-03-03,795.3425188339887,801.8872010709573,786.5481020780624,798.4512329101562,3203532
2021-03-04,785.3618721844811,813.7494415092086,781.7622769641837,791.9474487304688,5134954
2021-03-05,789.6161082837132,802.4600601922671,782.9077974207765,785.1166381835938,2618145
2021-03-08,787.8162650215177,801.7237172596961,786.9981795957425,792.3157348632812,2880739
2021-03-09,795.9971595166107,816.8583389284028,786.6300709315877,808.3911743164062,2814747
2021-03-10,819.7215758596654,831.8292298680049,812.3588072142193,825.24365234375,5268496
2021-03-12,818.0854240320521,838.2103054904519,814.9358151223173,820.7442016601562,4674919
2021-03-15,822.1757616270588,842.5869507885456,819.7215056222019,839.8873291015625,5203101
2021-03-16,844.2640671298096,854.8991765025688,835.3469169906326,839.8055419921875,4797715
2021-03-17,837.7194232891203,853.4266225302164,830.8474861721643,834.4879760742188,3477295
2021-03-18,845.9003026699174,846.7183880690179,800.5783515869616,814.9766845703125,3738712
2021-03-19,811.5407587703993,818.6990063906019,797.756039040284,809.4546508789062,6208000
2021-03-22,809.8227212694206,832.3200687647812,800.332901094015,829.17041015625,3873143
2021-03-23,829.1703558777934,835.6741440780094,818.5352468489006,829.415771484375,3782337
2021-03-24,821.1532845944107,829.0068850770197,807.6548744366944,811.6635131835938,2749823
2021-03-25,812.1134830858451,815.5494521606031,788.7162079059036,792.4794311523438,3654840
2021-03-26,800.0057571542973,816.2856271541203,799.2694602989405,810.72265625,2761824
2021-03-30,811.1316229205042,834.2834282933143,811.1316229205042,831.9110107421875,4300037
2021-03-31,836.9014689621968,836.9014689621968,809.2501889672409,811.0908813476562,3780505
2021-04-01,818.0854641040206,824.4665207376371,806.6322676065644,811.6635131835938,3555291
2021-04-05,811.540821091381,823.9757307557894,800.2512511069486,816.2039184570312,5118272
2021-04-06,822.9939437066648,824.6301145689047,808.7183429472274,811.0089721679688,2395572
2021-04-07,811.5406595571834,822.7075444523043,803.4415946956708,820.0487670898438,2974419
2021-04-08,824.6300223214286,858.8668738110941,822.1757663026148,841.809814453125,6737118
2021-04-09,841.7689749168592,864.5527343492166,831.6247454034793,861.4439697265625,6029994
2021-04-12,859.8076451340743,866.3932717050776,831.8291180557829,850.6859741210938,7896295
2021-04-13,854.8992836128963,859.1942321669325,804.1779864033274,819.598876953125,6448995
2021-04-15,819.5989322708807,824.4665509470497,793.7883449190638,812.4816284179688,4373215
2021-04-16,816.4492777184221,829.1296021719646,814.8131068211908,826.51171875,2660763
2021-04-19,817.3490289321145,825.7753477323766,804.4232907724787,818.1671142578125,2777425
2021-04-20,814.8131056888811,824.2210883348873,796.2834503306972,804.5052490234375,4028636
2021-04-22,796.4879273369318,806.223163592573,785.8937613276387,791.7430419921875,5085190
2021-04-23,790.6795701550037,794.3200603143829,773.4179875098199,777.3447875976562,3916517
2021-04-26,777.9992374728705,793.5428605138637,766.5460415479281,787.1618041992188,5053998
2021-04-27,787.5708715855491,807.9411693025041,772.3953964959446,792.9293212890625,10497935
2021-04-28,797.633376550436,801.7238041224895,791.906777949561,799.5968017578125,2968625
2021-04-29,805.8140936288895,805.8140936288895,793.9927499846913,799.1876220703125,2747579
2021-04-30,796.6516467519964,799.1877417511174,781.5989035709208,785.6893310546875,3129105
2021-05-03,785.3618718093485,789.4522982250222,781.2714453936749,783.4802856445312,3506839
2021-05-04,788.6344188702091,793.4611432738441,781.7624807246906,785.6893310546875,4064221
2021-05-05,795.6699341694972,795.6699341694972,780.2490425284874,785.6893310546875,3041045
2021-05-06,789.4524751176968,805.5687687930229,783.6031440598382,800.0466918945312,4620827
2021-05-07,801.723724379561,805.2005874699825,795.2608294857531,802.5009155273438,2002597
2021-05-10,805.814128877658,812.0725022371612,796.0788925255356,810.3135986328125,2036101
2021-05-11,804.9960060562269,807.4093678900452,793.951853534114,799.310302734375,2029457
2021-05-12,799.2694562527565,799.2694562527565,777.5084040286943,787.2844848632812,3070622
2021-05-14,787.8162079682222,790.6386124691437,770.1455840239653,778.9808959960938,2090820
2021-05-17,780.4535284512122,783.6849760029971,771.454588395695,779.9217529296875,2281200
2021-05-18,785.6482642587085,800.9055763655276,782.9485925270161,794.1563720703125,2000985
2021-05-19,792.7246893428305,806.8775556470781,787.4889232278416,799.8011474609375,2152740
2021-05-20,805.6504662835308,805.6504662835308,789.6160129268193,796.078857421875,1769194
2021-05-21,799.2286798488852,806.6323440139358,795.0564136275568,802.1328735351562,1534262
2021-05-24,801.5600573489646,813.1768799054362,797.7150460189533,804.7506103515625,1830838
2021-05-25,809.9455794712254,819.4762959918492,804.8325448425601,812.0726318359375,2719646
2021-05-26,814.5267233203036,827.9023992243121,812.3587771044881,824.4664306640625,2013788
2021-05-27,823.8120248236771,844.2641604945727,823.7302362537822,834.2835083007812,6393813
2021-05-28,834.4471466770707,845.0822573700137,828.3932944636832,839.5601806640625,1839013
2021-05-31,838.5375632799509,844.2641612730822,828.7205381488685,835.7969970703125,1801746
2021-06-01,838.2920521370188,844.2641153793668,829.0068030113997,843.0369873046875,1262702
2021-06-02,834.6107429070087,838.2920773096222,813.1768952392579,831.9519653320312,5252186
2021-06-03,831.9520032880816,835.0607179927205,823.8120431238497,829.824951171875,2024676
2021-06-04,834.0789124400917,840.1327140987387,827.0842926518332,833.7926025390625,2315912
2021-06-07,838.4965722847038,849.9497676320124,833.9971526159445,846.2275390625,1745475
2021-06-08,849.9907326965405,867.9068229735194,848.395506108182,865.329833984375,4517995
2021-06-09,865.3299144655148,870.811047223238,855.8809872478225,860.8304443359375,2163655
2021-06-10,866.9250343036421,878.623695143587,864.3072010420855,871.1791381835938,3934077
2021-06-11,871.1792526442665,885.4957486267539,862.9983977971308,877.8057250976562,4988857
2021-06-14,877.805613145166,883.0004353377761,865.534332439502,874.73779296875,2757666
2021-06-15,874.7378390516309,894.167367859184,868.5204098060025,872.7744140625,3484298
2021-06-16,875.3514195447451,881.8551588378406,863.0801379623422,874.6560668945312,1881596
2021-06-17,867.1295817675372,887.3771954638432,864.757213993264,883.7367553710938,3161931
2021-06-18,891.3040569312614,893.0220163247471,863.0801101996152,875.9240112304688,4396398
2021-06-21,866.3524158011741,875.3922991788578,863.0800742872887,869.54296875,1074790
2021-06-22,868.0295916315962,876.9875872083423,862.0165837870996,864.8798828125,2437289
2021-06-23,867.1706007946443,869.0522373268539,849.5408189178149,864.266357421875,4130539
2021-06-24,864.3481639961401,885.4138629164961,861.0348782009548,883.5322265625,3617010
2021-06-25,889.5860567984708,902.5117458058448,881.0779489251987,891.3040161132812,3200049
2021-06-28,892.5311778586915,906.4386297593311,884.4321123672955,904.066162109375,2143755
2021-06-29,907.2567687798859,907.5840229343813,885.9865469689959,890.19970703125,2956332
2021-06-30,890.240511581146,903.9843865438605,886.231972925635,896.171630859375,1917370
2021-07-01,896.6216292862551,899.3621954978723,884.3503478635417,887.7454223632812,1459518
2021-07-02,889.2588041278007,897.8487005798172,879.4417796112104,891.2222290039062,1669409
2021-07-05,894.1673650794517,895.7625917046932,876.3330629575414,879.155517578125,2597359
2021-07-06,879.1554433551329,879.1554433551329,857.1489274171619,858.6215209960938,3865594
2021-07-07,858.621529583837,866.7614389707393,842.7097094125442,855.635498046875,3713891
2021-07-08,858.1716015626935,869.9520515283349,854.899259898012,867.2932739257812,2171947
2021-07-09,863.2435579177373,874.3695977510141,858.1714690661584,860.4212036132812,1889035
2021-07-12,864.7162311697065,866.1069363452186,855.7990807146583,864.3889770507812,3224820
2021-07-13,868.8067190455605,868.8067190455605,857.3535231259392,859.1124267578125,1908081
2021-07-14,862.2620221997058,883.5322428611787,857.353509739366,882.3051147460938,3173326
2021-07-15,881.8960982926944,916.0102209619638,880.5871815704293,910.0791015625,5922995
2021-07-16,910.0383604628097,914.8650850462545,886.0275702114171,902.4710693359375,2323939
2021-07-19,890.0768973835094,908.4428743003051,888.522515181835,895.1489868164062,1409001
2021-07-20,896.5806101799207,901.6936436789711,887.5408268719607,889.42236328125,1230858
2021-07-22,883.5323106393005,942.8435074183276,883.5323106393005,939.6529541015625,7309727
2021-07-23,944.1471120573376,958.8896082870524,936.7129030140177,950.0693359375,2840803
2021-07-26,950.0692687484512,956.4115051491159,937.9309358189073,940.9969482421875,984581
2021-07-27,940.9968094306723,947.2970025911407,927.4304755255622,941.5428466796875,1397105
2021-07-28,944.1890628144982,949.8171950368076,929.4886103240591,940.4509887695312,2533035
2021-07-29,948.1372279257081,958.7635764682849,936.7128957650482,947.3812866210938,3821405
2021-07-30,995.4306683443954,1039.364062909311,987.0304095398013,1016.0533447265625,20425030
2021-08-02,1016.4311880132938,1019.7912911141641,1004.292856578283,1017.0191650390625,2385223
2021-08-03,1017.2712712434696,1033.2317618740444,1016.4312454208078,1030.0816650390625,2603616
2021-08-04,1029.1995406627557,1033.5677362272047,1019.5392442300787,1021.891357421875,1938175
2021-08-05,1022.3535395118895,1053.3924547986778,1022.3114972009498,1048.520263671875,5790873
2021-08-06,1051.7124468958898,1069.3529911329615,1044.1942559641234,1062.2967529296875,3894726
2021-08-09,1083.9693486547321,1097.7457927384999,1063.4726979488546,1081.4912109375,6585101
2021-08-10,1081.9531743815937,1116.9822074110718,1077.2490506535935,1111.3961181640625,6314469
2021-08-11,1111.3964456606207,1114.50450085867,1090.6477418355166,1111.8583984375,3430349
2021-08-12,1111.354229801548,1171.6681284902058,1106.944093969002,1164.7379150390625,8613315
2021-08-13,1159.3195941424658,1167.635870128804,1147.3912687163083,1161.8817138671875,4760344
2021-08-16,1160.8736404233664,1175.9941051767398,1142.6451211542408,1149.029296875,2912430
2021-08-17,1152.5155171862953,1200.229028593987,1151.2554783555522,1187.5445556640625,8042970
2021-08-18,1191.1566411435288,1197.036822023645,1179.6062858433006,1186.5364990234375,2939739
2021-08-20,1151.3813395186949,1192.8365906646916,1151.3813395186949,1175.364013671875,4051399
2021-08-23,1189.0148733502601,1212.1155905392084,1183.5967461537507,1189.4769287109375,3987240
2021-08-24,1194.4325626849911,1232.317701225825,1192.8364933474245,1229.2515869140625,5366923
2021-08-25,1228.957888035883,1241.5582764983149,1218.0375513684417,1229.0418701171875,3105863
2021-08-26,1226.2694927674813,1232.1076300556226,1212.9970463953086,1217.6171875,1993944
2021-08-27,1217.9112912769858,1224.001477855214,1202.244790812137,1214.1732177734375,3097939
2021-08-30,1218.0375106463173,1222.2376399933735,1189.3926490078375,1192.1646728515625,2742699
2021-08-31,1196.8689058570214,1221.397620352017,1181.8743619777954,1216.0634765625,6392991
2021-09-01,1218.0374879846202,1233.367959816151,1199.136906274514,1206.5291748046875,1829925
2021-09-02,1206.2770970529418,1220.1795656159468,1193.844673698741,1207.7891845703125,3860958
2021-09-03,1212.9973626140682,1217.7854690811828,1197.1208530797196,1211.2752685546875,1919590
2021-09-06,1216.35744800159,1233.073983161437,1206.3611197367795,1227.40380859375,1801171
2021-09-07,1233.9557261208922,1237.2738892018779,1203.168865872343,1205.6048583984375,1940043
2021-09-08,1209.8052071046945,1211.6112832189303,1192.7107012978531,1199.430908203125,2256454
2021-09-09,1197.5408228000338,1207.8731816990014,1187.7965435172466,1203.967041015625,2303457
2021-09-13,1206.2770622923224,1209.4692013849117,1193.1306378668362,1200.81689453125,1937241
2021-09-14,1205.436919734138,1223.917485750968,1200.8167782299304,1219.7593994140625,1554999
2021-09-15,1211.4011326366576,1243.2381295712826,1207.915005210837,1230.51171875,2410087
2021-09-16,1230.5117931183752,1233.9979207548865,1209.637172149106,1216.6513671875,1800078
2021-09-17,1218.8775443613365,1236.5180877325206,1206.7811512555088,1219.339599609375,2861623
2021-09-20,1209.6371630017713,1254.2845551862863,1198.1707902190412,1202.3289794921875,2526342
2021-09-21,1208.7969368593228,1231.8556004406296,1193.172479935112,1227.865478515625,1713705
2021-09-22,1229.7977541029973,1283.4754224851972,1223.4975606905844,1271.4630126953125,5145820
2021-09-23,1281.1233155083253,1286.079488192034,1263.3987917967468,1278.0992431640625,2015302
2021-09-24,1285.2394705641918,1300.233910545665,1269.321022713631,1272.4290771484375,3592146
2021-09-27,1279.3594068703312,1281.0394586193402,1225.7657150600564,1230.1339111328125,2728552
2021-09-28,1230.1337786958848,1230.6377736578827,1183.092334788143,1187.8385009765625,3995669
2021-09-29,1176.0362679228854,1183.5544587616453,1153.145561993672,1172.130126953125,7948104
2021-09-30,1165.955712861548,1178.262110310494,1156.7154298345472,1159.739501953125,3856630
2021-10-01,1155.0355951244871,1162.5958281107567,1146.467372090271,1151.885498046875,2661824
2021-10-04,1163.183827501596,1180.698449622478,1152.5575818566301,1175.23828125,2538936
2021-10-05,1175.280234216407,1193.6768222171502,1160.0757857015374,1186.9986572265625,2481825
2021-10-06,1195.2728990341047,1198.6330027055524,1159.1937243366015,1163.98193359375,2769341
2021-10-07,1174.3140007690292,1195.6087363735778,1155.581487358323,1190.4844970703125,1956325
2021-10-08,1191.5765806323632,1215.517315597483,1191.5765806323632,1209.5950927734375,2665924
2021-10-11,1192.8366536657102,1204.974985638592,1163.9397452093094,1176.2041015625,3073366
2021-10-12,1175.1961619234398,1178.4302409313689,1143.2751796839182,1154.573486328125,2965629
2021-10-13,1165.0318907363383,1184.436467677072,1156.7156141782468,1177.84228515625,1738985
2021-10-14,1202.9169254731248,1226.1016166567626,1184.8563710753092,1201.908935546875,4328124
2021-10-18,1192.836770796647,1249.0764634451346,1192.836770796647,1242.9443359375,3579606
2021-10-19,1258.358627688872,1318.6725201530598,1240.760128485408,1292.8836669921875,8645334
2021-10-20,1296.9999605073647,1324.3008016449871,1273.3112716756084,1293.0518798828125,5159270
2021-10-21,1298.8057631187914,1298.8057631187914,1239.9199817600222,1280.4091796875,4261416
2021-10-22,1286.0796576287412,1312.0784183124454,1246.3884337078018,1274.697265625,5223521
2021-10-25,1286.0794012091055,1289.43950415152,1246.4302275054974,1280.283203125,3890467
2021-10-26,1320.4363583866848,1369.2418288323306,1296.1595962504823,1313.212158203125,16978043
2021-10-27,1311.9942690518267,1333.2049204020823,1283.1394034659609,1317.034423828125,3624131
2021-10-28,1325.5607088214329,1329.6348134319917,1281.8793673393577,1288.0115966796875,3054565
2021-10-29,1283.0134067057745,1295.949824751847,1232.9899309995535,1241.43212890625,3795495
2021-11-01,1251.6384142913084,1285.1554634777526,1249.1603792530518,1278.645263671875,2271900
2021-11-02,1291.456186371381,1292.0500154211925,1262.4414131642748,1264.604736328125,2041689
2021-11-03,1270.8824672807912,1304.5633563971057,1267.149547465411,1271.34912109375,2697346
2021-11-04,1280.2150403338283,1285.3053585856526,1273.4279493313957,1277.5426025390625,166444
2021-11-08,1279.3664903568215,1325.858099203387,1276.2275025947172,1320.2586669921875,3050392
2021-11-09,1324.3309697215198,1333.6632187073856,1317.5438795499808,1322.8038330078125,2061369
2021-11-10,1320.0464534558644,1334.8083939029393,1312.07170610467,1329.081787109375,1299996
2021-11-11,1323.4825543595693,1323.4825543595693,1285.3051729838126,1291.201416015625,3027565
2021-11-12,1305.242180029451,1348.4674158695368,1299.133840761538,1344.692138671875,3713868
2021-11-15,1344.6921646730539,1358.690537365234,1334.8084444535966,1339.7291259765625,2448280
2021-11-16,1344.7769724406282,1361.6598788788453,1337.0566785751155,1357.3331298828125,2864344
2021-11-17,1356.1454145246819,1378.6276500485505,1353.1760626630387,1373.0706787109375,2304359
2021-11-18,1374.5554370422376,1378.4156361188907,1323.058430236904,1330.0576171875,2938804
2021-11-22,1341.977191190712,1341.977191190712,1289.546888129805,1307.6175537109375,1951782
2021-11-23,1291.243887019629,1327.2578423119849,1277.924264169964,1323.94921875,1823592
2021-11-24,1330.9483512778363,1331.881555412833,1298.030924320929,1304.90283203125,1644163
2021-11-25,1298.879421521278,1327.5549198029669,1298.0734959637348,1322.93115234375,1557493
2021-11-26,1309.9083865276384,1314.998704091865,1281.1905323153487,1295.8251953125,1522173
2021-11-29,1285.3055078324312,1311.1812952838432,1255.102970077114,1303.673095703125,1995524
2021-11-30,1297.1825062296289,1352.7093418697464,1295.061540719116,1307.744873046875,5662900
2021-12-01,1314.9987670713713,1352.667139563262,1314.9987670713713,1346.8980712890625,2761193
2021-12-02,1348.93409731303,1384.99051186385,1340.4502350657783,1382.5726318359375,2664202
2021-12-03,1378.6275655795594,1389.8686826527464,1348.679491499093,1351.7337646484375,2400296
2021-12-06,1362.5082273856633,1374.0039017379659,1312.326163304578,1316.4832763671875,2911781
2021-12-07,1326.8761689936534,1341.595650539435,1303.121352668959,1337.6082763671875,1758254
2021-12-08,1342.6985794530349,1369.9742193255481,1342.1895683927767,1361.4903564453125,1604565
2021-12-09,1351.4793331287715,1374.3857625038354,1344.6922429435674,1366.919921875,1947954
2021-12-10,1366.7503870275893,1366.9200228696418,1339.2202918549099,1359.6663818359375,1776362
2021-12-13,1361.6600306638177,1404.5035394167915,1355.2546725835573,1389.7840576171875,3163063
2021-12-14,1391.3534415327995,1412.5630976537263,1379.1791196319425,1393.64404296875,2725454
2021-12-15,1390.5051538196758,1396.6984152709529,1370.9074508877936,1392.7109375,1622068
2021-12-16,1398.9889407319522,1414.8113651707965,1393.2198727471225,1402.0855712890625,2225836
2021-12-17,1416.1263197961705,1421.0470015849785,1380.239642729631,1393.7713623046875,3405084
2021-12-20,1387.1116269018655,1389.9537003484045,1337.5658453262697,1355.7637939453125,2233189
2021-12-21,1362.084032810934,1404.3337066458728,1362.084032810934,1385.3721923828125,2237445
2021-12-22,1395.595433206008,1409.7634426833527,1384.3543149750174,1408.109130859375,1656110
2021-12-23,1416.8050456404342,1434.7059749057312,1411.8420067619734,1428.5128173828125,1715034
2021-12-24,1428.1309566359603,1472.119762474937,1425.5857979155246,1462.4482421875,3343946
2021-12-27,1463.0421369964001,1520.3082107843138,1445.353303805578,1514.3695068359375,4512000
2021-12-28,1514.3694565758901,1546.608134082828,1506.8187982367103,1532.2703857421875,3605483
2021-12-29,1527.5195809842617,1544.9115006788895,1512.4607236876936,1515.9390869140625,1902921
2021-12-30,1516.066295449567,1559.3339961031359,1515.217909162242,1527.0528564453125,4650594
2021-12-31,1527.2650926412239,1538.1244795368698,1513.0546210293967,1519.0782470703125,2378048
2022-01-03,1522.895788213891,1542.3662113378477,1512.6726924177021,1514.1998291015625,1779147
2022-01-04,1521.1565670729904,1530.3191801235264,1499.0985242710394,1518.4417724609375,2701533
2022-01-05,1510.0848934000073,1512.630051862029,1470.2532048944747,1474.1134033203125,3138050
2022-01-06,1463.4662490117541,1466.7325152897477,1433.7727309158636,1435.5543212890625,4290750
2022-01-07,1443.9535772437464,1463.0847309878077,1438.0996906774978,1445.5230712890625,2103362
2022-01-10,1458.3758470228502,1463.4661641154255,1431.6516822868293,1455.8306884765625,2330348
2022-01-11,1446.498411922984,1480.4338585370128,1446.498411922984,1473.7740478515625,2704832
2022-01-12,1488.0696274493953,1488.9180137820347,1460.0728784722971,1468.090087890625,3013194
2022-01-13,1467.7083060791554,1483.7428279390504,1443.7838537288735,1458.2064208984375,2768371
2022-01-14,1454.5582228501296,1481.9611400979627,1439.287270379262,1474.283203125,1889385
2022-01-17,1470.210910848758,1485.5243240898715,1459.2243503338543,1461.260498046875,2522806
2022-01-18,1476.192132460861,1481.7491040397765,1399.8798277280102,1408.95751953125,4878369
2022-01-19,1410.9510671136788,1422.4042808023653,1380.7909998711327,1416.8897705078125,2610709
2022-01-20,1416.8897210753096,1419.5196974884032,1394.3651304110597,1414.1749267578125,2440011
2022-01-21,1399.8372842732567,1402.3824429719352,1347.9584454193023,1351.9459228515625,4079190
2022-01-24,1347.2374099941712,1347.2374099941712,1274.2337293184314,1283.7357177734375,3250275
2022-01-25,1271.7309816264083,1296.0372682653117,1242.8858492879842,1273.08837890625,3910618
2022-01-27,1259.4293693695215,1259.4293693695215,1213.1923194330857,1226.4271240234375,4434890
2022-01-28,1226.7666823727322,1258.0721599176231,1193.0433244029423,1196.7762451171875,7080683
2022-01-31,1219.131081973805,1262.0594069452263,1214.4649574429382,1254.7633056640625,4406035
2022-02-01,1275.97284368255,1285.2626311393071,1251.3696439040968,1277.45751953125,2542754
2022-02-02,1255.5267420731755,1264.0954218712932,1224.221270980051,1258.1142578125,9031146
2022-02-03,1254.678261367412,1255.4418295927028,1229.3963134094022,1233.8079833984375,2433692
2022-02-04,1242.0373554387206,1242.843280876775,1217.4341564580357,1228.6328125,2406272
2022-02-07,1230.1601011722232,1243.5221850297835,1216.585920745495,1225.3243408203125,2741520
2022-02-08,1227.1906852483871,1235.3776331041472,1204.878085909671,1216.7554931640625,1981111
2022-02-09,1221.7186032064617,1247.9336542467663,1221.7186032064617,1234.2322998046875,2282701
2022-02-10,1242.8858726950864,1248.8245765236636,1230.4146360801847,1245.855224609375,1850405
2022-02-11,1230.0327963127963,1230.1176142261008,1205.5568734648582,1208.8656005859375,2426039
2022-02-14,1179.2568766245563,1203.690441824333,1163.1375380232134,1179.3841552734375,2149302
2022-02-15,1191.1767429965448,1223.8819704465582,1183.5412668282154,1221.3792724609375,1955525
2022-02-16,1230.584335200344,1241.995089575607,1212.216750987555,1225.06982421875,2164650
2022-02-17,1239.8740288529145,1239.8740288529145,1221.8882819924897,1228.08154296875,1669669
2022-02-18,1220.361204859382,1225.918176426774,1202.248178466947,1219.93701171875,2374188
2022-02-21,1210.7745159265767,1221.676259053491,1196.309488239755,1203.181396484375,2109461
2022-02-22,1171.197240271665,1205.3023267414626,1166.5311158084312,1198.3880615234375,2111878
2022-02-23,1206.4052107170355,1208.907908653119,1195.5458256230252,1199.0242919921875,1319711
2022-02-24,1162.7134116903248,1187.7408072721305,1128.353766908524,1130.89892578125,4108603
2022-02-25,1149.5632391350216,1187.740616080465,1145.4061262661874,1179.002197265625,1885454
2022-02-28,1170.7731414145612,1204.5813161261856,1156.5626703140583,1196.2247314453125,4983140
2022-03-02,1187.740668320418,1205.30222106262,1173.1060065143272,1182.947265625,2160190
2022-03-03,1196.055173909886,1224.730571750921,1192.1101564842802,1210.3504638671875,2730530
2022-03-04,1200.466663660257,1238.6440487236573,1186.46828913701,1233.21435546875,3567738
2022-03-07,1211.495616877676,1242.0375231855166,1197.1155107495126,1208.1868896484375,3341715
2022-03-08,1204.7084565559262,1244.4977917843069,1204.7084565559262,1240.2982177734375,2365949
2022-03-09,1240.2982787746273,1281.9116671717945,1240.2982787746273,1276.6092529296875,3667977
2022-03-10,1293.7890486733754,1294.594974196619,1250.9455424714047,1260.1505126953125,2835942
2022-03-11,1252.2181242388053,1265.6650257953456,1249.2487723181848,1261.3807373046875,1116432
2022-03-14,1261.5503319532809,1280.1300112198212,1261.5503319532809,1275.12451171875,1372791
2022-03-15,1284.4567962224987,1285.3051824815625,1228.463303124292,1237.4561767578125,2188506
2022-03-16,1251.539522571099,1267.9134208191042,1245.770557434386,1264.0108642578125,1453944
2022-03-17,1276.8213838743932,1281.0208546420904,1261.550430445995,1267.06494140625,2346185
2022-03-21,1268.337569525549,1289.5472278788193,1252.3878650187762,1255.442138671875,2110200
2022-03-22,1261.465636991477,1309.866014297423,1251.412279835377,1304.98779296875,3030660
2022-03-23,1314.9986784918233,1324.9247561237164,1297.3522031875975,1308.3388671875,3741783
2022-03-24,1298.1582745736598,1333.6207585990455,1298.1582745736598,1330.736328125,2085571
2022-03-25,1332.8148647508356,1336.165949179171,1291.583311671609,1298.4976806640625,1755511
2022-03-28,1301.4246407075298,1305.6241116497574,1286.620340554843,1293.322509765625,1928306
2022-03-29,1303.969897100422,1306.1333238460377,1288.7837598243648,1291.541015625,2311150
2022-03-30,1301.6791082639693,1301.6791082639693,1259.8536233172808,1269.4404296875,3792481
2022-03-31,1269.440580794452,1280.72405750167,1261.7201818924511,1272.1129150390625,2036984
2022-04-01,1271.7308255576543,1274.8274556853403,1251.7512905088788,1261.635009765625,2537230
2022-04-04,1261.6353004883838,1276.227607616073,1258.708409052128,1271.4342041015625,1675276
2022-04-05,1279.3665519566746,1291.6681534177965,1255.6117353420946,1263.2896728515625,3207223
2022-04-06,1257.3083757876939,1257.3083757876939,1233.5535616702475,1238.0924072265625,2627895
2022-04-07,1233.5534016349632,1251.072595486278,1230.7536860520918,1245.8974609375,3336784
2022-04-08,1251.369624693297,1258.4960893702055,1221.676108175151,1229.0994873046875,5402943
2022-04-11,1235.2079304817019,1240.6376232435744,1217.9857515879387,1229.4813232421875,3268704
2022-04-12,1218.5794546827306,1223.0334820756539,1193.2126874847675,1200.4664306640625,2021088
2022-04-13,1203.0966213822423,1212.089495674414,1190.6253838857047,1196.6064453125,1430399
2022-04-18,1179.2568668690535,1179.2568668690535,1128.5233285815202,1140.69775390625,3968044
2022-04-19,1155.3748136735235,1155.3748136735235,1090.7278217394394,1103.920166015625,2677360
2022-04-20,1107.4833479510733,1120.6756910061195,1099.2964005433676,1110.7071533203125,3025261
2022-04-21,1114.6946392407206,1119.0213881107027,1100.7386242339007,1113.676513671875,3728173
2022-04-22,1107.1442904729658,1123.2636326331085,1096.8363746422099,1108.4168701171875,1954666
2022-04-25,1098.6604469806575,1101.1631455698955,1071.1727054324429,1077.7901611328125,2686619
2022-04-26,1087.122179157329,1090.7701779540416,1073.208623718307,1082.07421875,2568317
2022-04-27,1075.5414872350023,1081.2680934577088,1057.301185933048,1070.0269775390625,2382463
2022-04-28,1080.674432393846,1089.667305812449,1060.6524343082199,1078.553466796875,2576887
2022-04-29,1089.327942330843,1090.0066927542896,1059.0829518798967,1068.1182861328125,3811317
2022-05-02,1051.9990442187627,1059.6345211526086,1038.59449884312,1044.533203125,2149957
2022-05-04,1045.593557976135,1055.3499995300433,1018.0634664947805,1028.9228515625,2797667
2022-05-05,1045.9329359776304,1074.1417779372755,1036.8552448021915,1071.8087158203125,3563713
2022-05-06,1051.74440541834,1102.0537520768266,1042.4121565554876,1095.0545654296875,5745203
2022-05-09,1085.934567448698,1085.934567448698,1026.5475207913476,1069.9425048828125,5712061
2022-05-10,1064.724658398679,1078.6805696673239,1047.7569347588592,1053.9501953125,2852416
2022-05-11,1054.543877322945,1073.7598423809216,1024.2565362698244,1038.8062744140625,3244609
2022-05-12,1025.6989424934914,1045.932933177521,1015.560768564756,1028.9228515625,3110220
2022-05-13,1041.8182569534208,1047.3752280064152,1013.8215122633045,1020.4813232421875,1892084
2022-05-16,1009.5797292966068,1035.879705437947,981.540519759516,1008.7738037109375,3474480
2022-05-17,1014.5003936889559,1026.5474378986871,1003.7682861256405,1016.5364379882812,4434968
2022-05-18,1025.6989024764425,1043.939205539506,991.3392618227653,994.35107421875,5294021
2022-05-19,978.1894934723467,978.9530619248225,933.2250154549708,940.3090209960938,4393100
2022-05-20,956.979661676669,962.7487294310342,945.7385441968678,959.4400024414062,2461651
2022-05-23,962.0700687210239,973.7778411411541,946.5022007554225,969.6207275390625,2783695
2022-05-24,973.9474100165564,977.2136763497889,925.5893940139922,931.8250122070312,3666196
2022-05-25,925.6319679925953,928.8982347254206,886.5637351753056,899.4168090820312,4711542
2022-05-26,907.773356416461,924.3168895474151,895.8534872739169,915.0694580078125,2946857
2022-05-27,928.9829776983814,955.4525882405665,926.4378188553723,952.9498901367188,3367600
2022-05-30,969.6206171466325,993.036055758237,963.3000777638629,987.5215454101562,2469771
2022-05-31,977.3410095848337,1011.2764613065294,974.4989362156978,1001.3079223632812,9674664
2022-06-01,1006.3134871038827,1015.5184582644829,969.7904134078524,972.759765625,2419021
2022-06-02,967.160293019879,980.225461550421,960.1186459526082,972.2506103515625,3206663
2022-06-03,984.1281245889205,1002.792623503538,970.6387614789815,973.8626708984375,3229236
2022-06-06,972.250769687386,974.7959287703372,942.6420649764952,970.7236328125,3938875
2022-06-07,958.7612908839188,966.9906997364642,950.7864393342635,958.9310302734375,1656444
2022-06-08,962.8335935192149,966.5665138003219,950.1077995355159,953.7557983398438,1303551
2022-06-09,951.889463860872,968.8147297477228,943.1086860431615,965.97265625,1323539
2022-06-10,949.3441754856058,953.5012886556035,933.4369339392651,941.5814208984375,3119792
2022-06-13,917.2751984277755,920.1597324732019,890.805588092426,892.4598999023438,2012004
2022-06-14,877.2314153982188,896.3625674782915,865.6933826780707,873.9651489257812,5775453
2022-06-15,879.7765812880527,879.7765812880527,863.4875541904723,865.3964233398438,3238141
2022-06-16,868.7899723795966,876.891998851488,823.7830408249666,827.4310913085938,5600443
2022-06-17,823.867956508152,826.6252121213404,800.6222017919528,818.7352294921875,7043370
2022-06-20,818.6928635575828,838.333029131652,804.3127039398519,830.8671875,2985094
2022-06-21,841.0900898694579,852.3312068921823,831.4184665864094,848.4710083007812,3433536
2022-06-22,845.7987373310768,845.7987373310768,821.2379434390944,831.4185791015625,2719988
2022-06-23,832.3516485753021,847.1559975607428,823.9950655344298,840.8355102539062,2915172
2022-06-24,849.2346215761265,849.2346215761265,826.3281932219253,832.4365844726562,4056588
2022-06-27,844.9927530448647,868.8323873127912,844.9927530448647,854.4946899414062,3796002
2022-06-28,850.0830423743757,872.9894716599129,834.854498474565,865.9478759765625,2755698
2022-06-29,855.1733313599967,871.6320451562657,850.5496159879337,866.2871704101562,3770663
2022-06-30,861.96041015625,870.4442724609374,845.8410717773437,848.38623046875,3264301
2022-07-01,845.8411475382215,860.2637147480007,839.3085626222199,857.4640502929688,1842102
2022-07-04,857.4640245913645,860.0940013499959,844.1443496229457,848.3438720703125,1814322
2022-07-05,852.6281590727524,866.9659070373759,847.5378417051538,851.10107421875,3045188
2022-07-06,855.1732019227131,861.0270868150928,849.7435100868427,856.78515625,2188175
2022-07-07,866.1599830224537,871.2078917453154,861.9604605796901,865.9902954101562,1901699
2022-07-08,874.6861459887207,877.8251334095488,860.7301830606552,870.868408203125,2841036
2022-07-11,861.1120529275461,863.1057399237394,838.2056239334144,854.7915649414062,2892507
2022-07-12,848.3863059467527,862.63918553038,843.7201812640456,846.1380615234375,2013304
2022-07-13,849.5739778084852,851.9494488581086,837.3996045344148,839.9447631835938,2067142
2022-07-14,846.6894705972608,847.198481630556,821.9165819429472,827.8552856445312,2212219
2022-07-15,831.4185133332485,838.9691715648501,818.7351287174487,826.1585083007812,2544737
2022-07-18,835.6605157398042,867.0508092244465,834.9818170477658,855.1734008789062,3946821
2022-07-19,848.3437693253767,857.6760172864348,840.7507026735119,854.9187622070312,2985845
2022-07-20,866.4144867541743,892.2478075044996,863.0209416408164,886.9878540039062,5574762
2022-07-21,895.2855771576571,904.71887271709,883.1009481526538,902.0548095703125,4935223
2022-07-22,908.3873546209792,911.6190746760237,885.0225837208723,898.517333984375,2985409
2022-07-25,898.6920637440758,898.6920637440758,880.6553132176018,888.516357421875,2888919
2022-07-26,886.5510955302366,905.9853436834857,868.3396977987178,872.881591796875,5939871
2022-07-27,873.4493775583248,882.140209527254,866.4617825378583,880.1312866210938,2546052
2022-07-28,891.9665632554777,911.4007596458831,886.9005672539331,906.6405029296875,3428026
2022-07-29,921.4890700713727,932.8439116931053,911.9684507717806,915.9426879882812,6185909
2022-08-01,924.9390682742512,924.9390682742512,906.4657013825761,916.7723388671875,2540084
2022-08-02,913.6280713965939,916.6851442932364,899.6528810119423,901.923828125,2802273
2022-08-03,897.4254752207552,923.235945679321,895.0234895531884,919.4364624023438,3509019
2022-08-04,928.4765576000079,936.9489727203754,905.0680749288418,922.4061279296875,5360632
2022-08-05,925.8563090928429,932.8001887621454,917.5148251686314,924.2840576171875,2641829
2022-08-08,922.3624873738788,930.0924925771396,916.2920572128774,922.8865356445312,2579239
2022-08-10,922.3624984064455,925.1138851380705,911.0513721591614,921.6636962890625,2823021
2022-08-11,936.337730621954,955.4662932716076,934.7654790970143,940.92333984375,3201408
2022-08-12,937.4732512507805,940.1809229727002,927.6032307231924,931.0097045898438,1771561
2022-08-16,939.8315848707563,943.2816674637168,922.8430361388585,941.31640625,2222701
2022-08-17,936.7742951696628,966.8209698776373,936.5122177528951,964.7246704101562,4280823
2022-08-18,960.7943776634363,968.8300698095414,950.4003080715373,965.2926635742188,3041422
2022-08-19,969.5288471881818,991.3650824852128,960.7943530693693,964.419189453125,4577717
2022-08-22,957.3005365118919,960.7943340904025,939.1764615733684,942.1898193359375,2157609
2022-08-23,927.6032307231924,934.6781492940913,914.5014901762547,931.0097045898438,2875768
2022-08-24,931.0969398699816,937.5604859177271,921.5763213179725,935.4204711914062,2180800
2022-08-25,943.3253135135351,951.7541212040987,930.7040128473645,935.1148681640625,2734931
2022-08-26,945.9457569506026,958.6544891319405,944.1988580458001,948.173095703125,2624896
2022-08-29,913.628052700706,915.0255503861255,888.5600447989885,904.5005493164062,6118233
2022-08-30,915.3749772982791,943.7620829873955,910.3963583340077,939.9188842773438,4453769
2022-09-01,922.3625178644779,930.2235620508229,911.0949998729363,919.6548461914062,6112823
2022-09-02,924.284181196433,931.5338544046941,914.5453049596684,922.7120361328125,1645341
2022-09-05,922.3624531655986,935.2895453474925,921.3143566631653,930.2672119140625,1677079
2022-09-06,930.2673768176857,935.4643583820202,917.3839974655523,929.088134765625,3051076
2022-09-07,918.8688083724386,926.7298533109861,911.8812128715075,922.2315673828125,2615897
2022-09-08,934.5908022885495,954.5928136806673,932.0577778550962,951.7103881835938,2634786
2022-09-09,963.1089322322439,989.0503348778335,948.7843417889582,984.0717163085938,3394349
2022-09-12,995.7323205279262,1017.5685556272228,995.688605408831,1004.5541381835938,5230075
2022-09-13,1009.7075371998243,1017.0881422060636,998.440018271675,1002.239501953125,2483685
2022-09-14,971.2757624001518,979.8792179278986,956.4271221476316,973.634033203125,5179539
2022-09-15,978.5253832397203,982.0191807603517,941.5784318101483,945.9456787109375,3392174
2022-09-16,930.2236095006908,938.0409389691946,897.9059817527794,902.4478759765625,6635089
2022-09-19,904.8934889257156,918.737639222382,893.6259714553797,907.9505615234375,2485826
2022-09-20,920.6156538022911,930.8349689802328,917.1218562546543,922.4935913085938,2321528
2022-09-21,914.6761927610146,931.9268188585564,914.5015455253802,925.9874267578125,2760138
2022-09-22,917.1218629391676,936.3377495912264,910.3526301412833,915.724365234375,3867282
2022-09-23,906.6403851671654,917.0344532965144,892.6651961857832,904.1073608398438,3230711
2022-09-26,898.7793782722412,919.087075594719,885.284575195726,902.1858520507812,3314114
2022-09-27,903.976391862322,912.7546007674015,890.0885787272695,893.1019897460938,4448875
2022-09-28,887.424593926809,905.2429830820713,880.917385208724,899.3908081054688,1965519
2022-09-29,910.8766952931505,912.3179081431482,874.8906222737872,879.65087890625,3176310
2022-09-30,874.3227441832938,889.8701309700846,859.9544926201567,880.9609375,3848885
2022-10-03,882.1838178591963,889.3897747872542,872.7069140115909,878.2532958984375,2431236
2022-10-04,892.6653167666884,904.893608777191,889.0841954309188,898.1680908203125,2715420
2022-10-06,902.6662219884739,912.7546050085164,897.3382020779438,900.7883911132812,2397633
2022-10-07,899.5655393366898,905.2865688122057,891.8354803236967,894.2811279296875,1539126
2022-10-10,880.5242242167293,902.2731332645908,876.5063787328334,899.0850219726562,1660433
2022-10-11,903.5834039341179,904.020128633941,873.9297861539012,877.6856079101562,2310765
2022-10-12,880.262247490707,889.8701903758848,871.8771550244534,887.3372192382812,2192421
2022-10-13,889.9138170405793,891.7917544002464,876.1133284672256,884.760498046875,1344162
2022-10-14,904.0200094295234,917.0344250926161,887.4681348265378,890.7872314453125,3492929
2022-10-17,890.0449202048467,897.8622495243842,879.956590505573,893.757080078125,1426207
2022-10-18,898.2553928192231,903.1029730619376,885.6777000152679,890.3943481445312,2395805
2022-10-19,894.8488754697781,899.6528469827931,887.6865800063322,890.2196044921875,1304927
2022-10-20,882.1838585233647,911.3570886346243,879.5635104287409,909.8285522460938,1852905
2022-10-21,909.8286314587413,912.1869023003267,900.613697208137,909.3919067382812,1202009
2022-10-24,917.9952908334008,918.1263295637713,912.7545945964831,915.5059814453125,231316
2022-10-25,920.091556647592,948.5659838246969,917.9952569058531,945.5089111328125,3097049
2022-10-27,954.9422562454537,959.047425710254,932.10153347991,939.7005004882812,2342818
2022-10-28,944.1987451294648,944.1987451294648,912.7982837197053,916.2046508789062,1542568
2022-10-31,919.9605781287289,941.8405281900389,919.7422157793036,928.8261108398438,2629847
2022-11-01,933.7172561412173,943.3251979724178,914.6324111918682,935.3768310546875,4709472
2022-11-02,935.4643824889347,959.6588901621109,931.4028211284683,945.0723266601562,4104485
2022-11-03,934.5908229928833,935.5953110897063,917.2528743767618,919.6111450195312,3460133
2022-11-04,919.7421731168195,924.8082220373924,907.2955197769195,920.3099365234375,2531080
2022-11-07,924.9391503713258,932.7565860596027,912.2741347437767,920.1788940429688,2588984
2022-11-09,930.3981868635866,932.1309767726459,910.8927477307722,914.1361694335938,2697639
2022-11-10,901.9619321372252,918.8459486008776,893.2977657940351,907.382568359375,3285774
2022-11-11,932.1754138480111,947.282165073384,929.6871996676945,940.7951049804688,5299457
2022-11-14,943.7276318908827,954.791062151326,937.9070461382122,946.7045288085938,2229790
2022-11-15,946.3934919742155,951.2809701017819,933.0640061717619,948.1262817382812,1577944
2022-11-16,947.2822816971188,955.2799745069444,941.0618539561434,948.03759765625,2335937
2022-11-17,941.9503999357908,943.5943482782862,930.6648111758731,940.6619262695312,2089630
2022-11-18,941.9504335950027,946.3935960176207,929.5095788116724,942.7057495117188,1617331
2022-11-21,937.5961264337913,940.0843408170941,922.2228493121559,926.4882202148438,1475958
2022-11-22,926.4881283119893,935.6410855187344,920.6676511160101,933.6416625976562,1696991
2022-11-23,938.3513725516437,940.7507452018199,925.3773607482615,927.7767333984375,1704144
2022-11-24,932.4420726889566,951.7253534536434,929.5095422152297,950.2147216796875,2208145
2022-11-25,950.8366825490482,962.3000623795799,941.9503584130758,959.8563232421875,1943246
2022-11-28,955.2797933961,969.4979112512979,952.0807385738067,957.2347412109375,1749691
2022-11-29,956.2573200406147,964.5660114253398,953.3248981566369,954.8800048828125,1233868
2022-11-30,955.0577668426429,961.5003523831026,944.7940182120659,957.0571899414062,3909954
2022-12-01,969.8535079855744,984.5603104080739,966.9654524326662,978.8286743164062,4264917
2022-12-02,978.8287679565731,991.9805732767098,977.5402941307323,990.6031494140625,3418928
2022-12-05,995.268304941464,995.268304941464,974.1632850822141,977.2734985351562,2760688
2022-12-06,967.7207128802785,974.0744564276503,959.7674960498923,967.5430297851562,1838107
2022-12-07,965.0548188019412,966.2100843509834,954.5689127396206,957.990234375,1478573
2022-12-08,958.0346520629763,961.8558151055481,951.1033838255605,954.5245971679688,1110431
2022-12-09,954.3468414970758,955.9019483908352,915.4691691530926,920.0012817382812,3138360
2022-12-12,918.8459550917019,928.087754284851,908.0046283329976,917.1575317382812,1689393
2022-12-13,924.044461231603,930.7980463742326,915.4247695789321,929.2874145507812,1983827
2022-12-14,933.9526655189696,949.1038915420485,933.9526655189696,946.4823608398438,1983937
2022-12-15,941.9504371257028,941.9504371257028,906.627295733489,908.848876953125,5184673
2022-12-16,901.9619095896408,918.4016094195998,898.4073798966767,907.115966796875,2994364
2022-12-19,906.3606719605286,913.6029938352792,897.2966101856131,912.35888671875,1529622
2022-12-20,910.8483445919147,910.8483445919147,892.1870614344218,904.58349609375,2149130
2022-12-21,910.4039483774839,915.7802181100378,906.6272604510765,911.7813720703125,2037666
2022-12-22,915.2914564718416,919.7346188818991,899.8292295897126,902.71728515625,1925482
2022-12-23,893.120044973783,902.4062650480853,882.412034655587,884.8557739257812,1504806
2022-12-26,888.9434243577209,894.4085354647793,882.4119977312725,889.5210571289062,966423
2022-12-27,897.2522130495939,899.8292146619827,882.589777339647,897.118896484375,1615647
2022-12-28,893.342157067133,905.8719066769654,890.5874182723214,903.0726928710938,1077963
2022-12-29,897.518792014756,902.5840079261659,894.8528946127319,900.3624267578125,1977329
2022-12-30,908.8487877009479,913.203108158954,901.9618865963942,903.2059936523438,1317151
2023-01-02,904.5389972041597,908.0490520094633,893.2533541835287,897.074462890625,1348611
2023-01-03,900.1847618499148,910.6706691985457,895.7860199350673,909.781982421875,1439615
2023-01-04,909.7819055175806,914.713804843709,899.384894844394,906.6716918945312,1702044
2023-01-05,907.2937381605435,910.8037929737483,892.6313026270969,898.9850463867188,1376035
2023-01-06,897.0744981055366,898.9850796529955,875.3030021138718,876.324951171875,2346808
2023-01-09,886.8106917173507,907.2936571652418,884.5446900029439,902.1840209960938,2190779
2023-01-10,900.1846284059978,901.1176815859035,887.7881954792007,890.9873046875,1411099
2023-01-11,896.1413681303404,903.6947436441524,891.5204687331507,894.2752075195312,1294200
2023-01-12,897.5187817710525,900.6289953712493,886.2331387170602,890.0098266601562,1948321
2023-01-13,892.5868519322573,896.6301186265675,876.458151690973,891.431640625,2837817
2023-01-16,895.919241150221,920.4010541420124,891.5204997035713,919.2457885742188,4286551
2023-01-17,918.8459517189501,933.0640708944852,916.0912128238184,929.5540161132812,2466876
2023-01-18,929.5539888341917,934.3969921459772,927.2879327668352,931.5977783203125,1138627
2023-01-19,927.6434759834904,936.6186424177918,924.266629138595,935.9966430664062,1768051
2023-01-20,935.285590728162,939.7287526793647,925.8216340769736,929.9537963867188,1160517
2023-01-23,936.1743107089795,950.4812718353169,930.6203577503359,946.6602172851562,1344952
2023-01-24,950.8367152754935,957.3237755082832,946.6601861780908,951.369873046875,1578750
2023-01-25,946.3935359697764,948.7928001355009,932.1754171195263,934.0859985351562,1049973
2023-01-27,933.9526885984003,939.8621159825665,907.7380317823653,915.3802490234375,1651820
2023-01-30,915.3803022512825,931.2423704332949,904.9833455540025,920.7120971679688,2654212
2023-01-31,910.8482383389778,914.2694514902942,885.1223187110107,901.9619140625,5797831
2023-02-01,904.6722111898391,919.290225134024,891.56488318527,909.7374267578125,1939670
2023-02-02,912.8921801603944,927.9544571422327,898.4962690556604,903.42822265625,3860090
2023-02-03,910.3594339066647,912.5366484081991,891.2983120004003,898.6739501953125,2980262
2023-02-06,893.9642905320862,903.2060901810263,885.9665980720576,893.3866577148438,2003960
2023-02-07,893.0755721105902,896.1413647728617,885.9665128301078,890.8095703125,1697633
2023-02-08,895.29714803638,907.4270020597419,892.4979342655064,898.4517822265625,2611176
2023-02-09,898.4517836431005,904.3612108407873,890.9428289614574,902.8505249023438,1782899
2023-02-10,898.896174396584,907.8269199740146,892.275851572282,904.0502319335938,1116554
2023-02-13,901.9619709880571,904.4501310949425,889.0767999739421,890.8540649414062,1682312
2023-02-14,894.0086594375688,911.470254419456,893.7420805519332,899.3404541015625,2440189
2023-02-15,901.8730780752269,955.2798656110026,896.0080714739003,952.080810546875,6712218
2023-02-16,955.2798879750402,1013.974104947391,954.4357305340629,1004.3768310546875,14422445
2023-02-17,984.6935425711333,1012.1523054771866,984.6935425711333,1003.4436645507812,5333732
2023-02-20,1003.710460397773,1028.0145388282547,995.2684512133739,1016.7733154296875,4590531
2023-02-21,1018.3729416337204,1023.6602621201771,1005.0879278883601,1008.1091918945312,3494288
2023-02-22,997.0456602847144,1007.9314083582328,993.4911303015245,1000.3335571289062,2674708
2023-02-23,1001.4887361267766,1021.4829655525551,998.8673138812071,1003.0883178710938,2576193
2023-02-24,1010.3750836165277,1013.9296133741937,991.7138023887818,994.3796997070312,1913493
2023-02-27,985.4934025373793,993.7132528290572,974.696496405074,989.89208984375,2247105
2023-02-28,993.4910601594453,1009.0421277379696,974.6076209569513,977.7178344726562,3894204
2023-03-01,977.7178860924448,1003.2660698917248,974.8298305325262,1001.3999633789062,2084324
2023-03-02,995.2682301961331,998.8227595896907,981.938744970292,986.2042236328125,1838692
2023-03-03,993.4909272675137,994.9127172750973,961.9000051077112,964.2993774414062,2388401
2023-03-06,970.3866595592904,973.941189447786,964.1662322544231,968.6538696289062,2076844
2023-03-08,959.7230340997623,967.1875682823328,950.4812350392293,958.21240234375,2230530
2023-03-09,961.5003542342275,962.699986400666,939.595541659363,941.950439453125,2550755
2023-03-10,928.6209404791482,944.5718500856376,925.1108855776428,943.0612182617188,1400844
2023-03-13,999.7114853538241,1034.9901494911658,999.7114853538241,1007.531494140625,13080169
2023-03-14,1002.3775088551046,1011.4859924240451,976.0740072682216,991.0919189453125,4325522
2023-03-15,999.6225710027572,1006.109522194333,986.8707182356516,990.2919311523438,2583351
2023-03-16,982.8274292183306,997.5787052854319,978.4287422517754,993.2688598632812,2396839
2023-03-17,998.2452845002897,1006.3762934671402,990.1142755334394,1001.6221313476562,2507004
2023-03-20,1010.1974967988065,1010.1974967988065,973.9412464248478,985.4934692382812,4007438
2023-03-21,981.8944048784589,986.2487256789921,965.4547041743806,973.6301879882812,3354949
2023-03-22,974.829836023243,983.0941615238166,971.7640973403196,977.1402587890625,1750203
2023-03-23,966.0323683361074,988.1593392647736,966.0323683361074,977.0069580078125,1720354
2023-03-24,981.9387044605544,993.4909245130315,974.5186463527419,979.2283325195312,1943460
2023-03-27,968.6982404574522,989.6255786589137,968.6982404574522,980.16162109375,1455300
2023-03-28,976.6071025233186,981.5834227518752,947.4599135800443,951.1033935546875,2431154
2023-03-29,955.9019243909019,966.2989895906701,946.4824417088995,960.7005615234375,1642278
2023-03-31,973.0525378184218,982.8274948193374,969.8978492142334,979.1396484375,2281085
2023-04-03,981.5834015828135,981.9388762648254,964.2550684722578,980.3392944335938,1508662
2023-04-05,979.2729473381925,990.8251690400042,976.2515753518214,980.6058959960938,1947605
2023-04-06,981.0503388812629,981.8944964166692,962.3890552612388,971.05322265625,1355815
2023-04-10,974.252117492701,987.9370782524448,969.3646392553379,983.938232421875,940829
2023-04-11,984.6047178216764,992.6024095729356,970.7420738146214,975.9405517578125,1384483
2023-04-12,980.1616270732787,989.4922681288268,969.3203541894713,986.293212890625,1376719
2023-04-13,977.7178774860378,977.7178774860378,956.1685400363341,965.8101806640625,2725180
2023-04-17,919.7346468381661,922.4005443652333,890.4097740404275,915.2470092773438,4349422
2023-04-18,919.5568982006388,922.1783205251977,898.4074026027221,911.0259399414062,2735592
2023-04-19,911.0259173370331,914.4027639371631,897.5187478877888,900.9844360351562,1953837
2023-04-20,902.050850964853,909.7819647501993,897.5632675784185,908.0046997070312,1250758
2023-04-21,901.3398913556292,906.0496325357461,883.1673467408805,887.5216674804688,4269272
2023-04-24,890.4097291776445,895.2527869553666,880.6347720709039,894.0531005859375,1625433
2023-04-25,893.9642447851367,894.0530863350169,883.6561300592831,885.966552734375,1984203
2023-04-26,885.9666581288102,890.8541371856893,882.1455489864519,885.3446044921875,1589700
2023-04-27,887.7437943587125,896.3191189723202,882.4119997979996,891.431640625,3543950
2023-04-28,872.5925906909612,912.3588361099413,871.7927998407256,909.6929931640625,5146250
2023-05-02,906.760643174361,947.1045811916754,906.760643174361,936.1298828125,4762884
2023-05-03,924.0889598008062,933.7306007448215,922.6226944785257,923.8223266601562,2217136
2023-05-04,917.9572610267288,930.4425895258163,914.2694149044376,929.0206909179688,1744298
2023-05-05,929.5096102100907,933.6861396381748,916.66891376523,920.978759765625,1222282
2023-05-08,925.0218625744778,930.3981320381139,920.0011762451343,927.1546020507812,1487285
2023-05-09,931.6423497079934,934.3526137912795,924.0444983202997,931.1091918945312,1747630
2023-05-10,931.2868316806613,933.9527290995945,922.5338235169594,929.6428833007812,1186977
2023-05-11,937.5072151320646,940.8840617616584,926.7991509433814,927.7767333984375,1451786
2023-05-12,927.7768279606233,936.1743619030486,918.8905027408507,929.8206176757812,1140016
2023-05-15,929.5096195240949,950.7479585295746,925.9550894303125,945.9048461914062,2122222
2023-05-16,950.7479168770002,952.4363402927064,935.7300061935791,939.4622192382812,1343911
2023-05-17,940.1731664875051,947.637701035654,923.2891493199602,936.751953125,2803566
2023-05-18,941.061771166169,941.9059286093476,928.6653917917722,931.9088134765625,909923
2023-05-19,938.8846096139807,958.612205587852,932.1753915751164,952.7472534179688,2624323
2023-05-22,952.6140526593966,986.7819293481986,950.9256291918296,981.4501342773438,2996190
2023-05-23,981.0501257307428,994.5572942164938,965.4102178852338,969.0535888671875,1414119
2023-05-24,964.3883498260185,980.4725752000923,964.1661917173279,976.3848876953125,1782245
2023-05-25,974.8297769973992,977.49567429092,961.1004493260232,975.8072509765625,1200289
2023-05-26,976.6071865494996,995.6239450891794,976.6071865494996,990.6031494140625,2104054
2023-05-29,1002.4218104857395,1002.4218104857395,986.4707940069246,989.98095703125,1432241
2023-05-30,990.8250667669249,995.9791777690581,973.0524198294016,976.0737915039062,2822485
2023-05-31,976.0738967563245,1001.8886041313627,973.9411571987176,991.31396484375,7599886
2023-06-01,997.045563548116,1010.1084165786792,993.1355592508394,995.979248046875,1412280
2023-06-02,1002.3773919385334,1012.3300318724899,993.1355928709226,998.0230712890625,1907589
2023-06-05,998.9117109033735,1008.1979850499217,984.1604339941647,985.8043823242188,1754521
2023-06-06,977.4956734572785,979.2729383181099,952.214124202207,965.2769775390625,3284841
2023-06-07,973.0525612039429,976.6070911078842,963.4552870730437,973.674560546875,2086377
2023-06-08,978.384470703924,978.8287869939803,949.9482281403222,951.9921264648438,4054486
2023-06-09,958.8344107473773,958.8344107473773,942.0392357963406,944.6607666015625,2782697
2023-06-12,947.2822657476665,958.8344885006869,943.8610522428635,955.0578002929688,1767945
2023-06-13,959.3231969326303,966.7432561342453,955.6353506001989,959.1898803710938,1846534
2023-06-14,959.7231328345019,964.1218204697332,951.7699150776615,957.5903930664062,1321534
2023-06-15,958.7899740517443,962.8332952392691,950.2591239108815,961.0560302734375,1389325
2023-06-16,962.8331685066738,965.8989067789487,952.1251051067258,957.2347412109375,4392418
2023-06-19,958.8345192102801,973.7635894056688,954.4358314883161,971.8085327148438,2188899
2023-06-20,971.8085845294127,987.2263383628067,967.0099468196388,984.0272827148438,3318866
2023-06-21,984.0270633838134,995.9347592018985,981.1390080927973,995.179443359375,1985965
2023-06-22,992.5137346941543,1000.8224274914047,986.7376230149586,994.42431640625,2360795
2023-06-23,989.9365215771725,993.4910512776291,972.2083480864002,991.2694702148438,3492348
2023-06-26,988.3370202693146,1000.6001921243296,984.8714403097921,988.0704956054688,1432154
2023-06-27,985.4933851776958,996.1569745574365,983.4494871563226,995.001708984375,1227245
2023-06-28,995.2683514448549,1001.4443036282963,981.6722314678963,984.693603515625,1876800
2023-06-30,990.5141710058465,1006.376238365755,986.9151662333554,1004.9099731445312,2478834
2023-07-03,1009.486531174002,1010.2863221279844,990.9140900232944,996.556884765625,1899656
2023-07-04,998.4230647373569,1027.2591452781332,995.3572176007509,1020.1500854492188,2773593
2023-07-05,1022.6383253467083,1052.9850384695733,1018.8171622028757,1044.1431884765625,3732838
2023-07-06,1044.1433552136884,1052.141048998304,1032.5911308581328,1047.9200439453125,2520085
2023-07-07,1039.7000100950881,1052.407498053175,1023.0381509589489,1027.2591552734375,2261102
2023-07-10,1030.7691443806225,1030.7691443806225,1009.1309663928148,1019.3947143554688,2088505
2023-07-11,1026.0594155864924,1036.3230546534053,1017.5729328322216,1032.10205078125,1212566
2023-07-12,1036.145347477654,1038.811244598094,1024.9929678002277,1030.2803955078125,1274203
2023-07-13,1030.280673293529,1059.161233218445,1025.0377191812581,1044.365478515625,3215610
2023-07-14,1052.0963033081043,1094.7951341968649,1051.2521459049442,1091.8182373046875,6033106
2023-07-17,1098.2607548971205,1129.2295709332748,1084.7091114135615,1104.036865234375,4880073
2023-07-18,1104.5700824761032,1118.2550432461555,1088.574699141775,1108.6134033203125,2666872
2023-07-19,1115.233768531455,1121.1875627899306,1093.9954304475596,1106.080810546875,2293881
2023-07-20,1106.347402701788,1115.6780434474658,1097.9942359581482,1113.4119873046875,2000345
2023-07-21,1093.8513495914665,1110.6762799701676,1076.9807785473297,1089.8388671875,5032086
2023-07-24,1091.1154768264976,1097.9092562040441,1053.498666614134,1059.517333984375,2669308
2023-07-25,1061.4779697126298,1062.1162710432309,1044.1514392791762,1054.6385498046875,2557865
2023-07-26,1056.0066342099717,1064.2139396571993,1039.090421232926,1042.5101318359375,3170213
2023-07-27,1013.146246756935,1025.9131661580127,986.9741065122074,1003.02392578125,17594818
2023-07-28,1003.1150948289538,1003.1150948289538,989.481893294896,994.9534301757812,4244321
2023-07-31,998.555280889753,1020.4414240325422,991.3967105005353,1017.2496948242188,4766331
2023-08-01,1021.3533866692173,1052.8147186692959,1021.2622166662875,1042.7835693359375,3805214
2023-08-02,1042.3277670664288,1051.0822037386795,1026.4602879812048,1044.744384765625,2357217
2023-08-03,1039.5919574595448,1045.92977618149,1022.5390461936083,1042.1453857421875,2348236
2023-08-04,1052.3131706594756,1077.755836628501,1042.1453214594478,1071.6915283203125,3580506
2023-08-07,1076.0689204030214,1087.7871062979068,1068.864707909464,1079.3974609375,1694290
2023-08-08,1081.5404861971128,1102.4235414574086,1071.600504996147,1099.2318115234375,5137402
2023-08-09,1100.645167259542,1127.59253024123,1094.4896884248244,1119.8411865234375,3396984
2023-08-10,1112.545678574794,1130.0545496445618,1108.5331964866884,1126.9541015625,3715680
2023-08-11,1126.9540340849064,1140.2224416002693,1108.2596201134488,1112.9559326171875,2933959
2023-08-14,1105.3415178808064,1113.6399924533976,1097.0430433082151,1112.3177490234375,1842625
2023-08-16,1113.4575756319475,1129.8721836265217,1112.5456529655823,1119.7042236328125,2341456
2023-08-17,1117.105385602452,1125.2215204636295,1107.575837248669,1123.2608642578125,2636308
2023-08-18,1117.971668758727,1117.971668758727,1099.0037420458436,1104.1561279296875,1794430
2023-08-21,1098.8669619349134,1116.1934949446754,1098.2741898576814,1111.4970703125,1175945
2023-08-22,1111.49699014775,1115.2814917169876,1102.7425542590083,1106.3446044921875,1003208
2023-08-23,1106.3447747718633,1111.4971612204397,1093.5778546678484,1095.2193603515625,1569035
2023-08-24,1099.961201674939,1109.3540507422,1091.2979353518392,1093.486572265625,1218843
2023-08-25,1085.18801701575,1091.7538159525711,1074.6552652642977,1084.7320556640625,1213340
2023-08-28,1084.7779091279904,1090.9333885832914,1078.1664682315559,1080.400634765625,950013
2023-08-29,1087.376532063597,1101.5113323838737,1083.5920310044328,1092.4832763671875,1419344
2023-08-30,1101.5570761220831,1114.0048443164214,1089.337399941143,1091.75390625,2016339
2023-08-31,1093.3953217702274,1107.5301236780158,1092.483399066499,1096.08544921875,2817747
2023-09-01,1098.866975719932,1121.5738757392128,1098.0006935860567,1119.8868408203125,1686038
2023-09-04,1126.2246393887074,1154.4942457215411,1117.6070135985974,1146.0589599609375,3466873
2023-09-05,1147.882765410361,1155.0413367581184,1138.6723678682254,1144.052734375,2199985
2023-09-06,1144.05277952518,1148.6579228186426,1126.9997565787994,1138.9459228515625,1753376
2023-09-07,1138.9458104244293,1162.5646305930106,1129.5530734156468,1157.4578857421875,2554884
2023-09-08,1159.9657137974689,1165.437250183306,1148.1563589588475,1151.7127685546875,1731105
2023-09-11,1153.5822593836174,1162.7014867305234,1152.2143752815814,1157.0931396484375,1293853
2023-09-12,1159.7833368235856,1170.7264092465714,1141.316902109797,1154.494140625,2335224
2023-09-13,1149.296281161026,1157.0019838362407,1143.4599533236499,1149.387451171875,1204376
2023-09-14,1150.8464693365875,1175.787533393258,1150.8464693365875,1167.124267578125,3288631
2023-09-15,1165.6196857262937,1188.873717271804,1161.789654469808,1185.5452880859375,4316210
2023-09-18,1186.4114882375065,1187.323410980195,1169.9968788691167,1176.197998046875,1967717
2023-09-20,1169.084873329358,1175.605142741539,1157.2755191753854,1162.108642578125,2843560
2023-09-21,1163.5676356083386,1181.8517288733967,1154.4028799649961,1177.8848876953125,2960250
2023-09-22,1176.4259451251053,1203.7379859609086,1170.9087681619746,1190.3782958984375,3252940
2023-09-25,1190.3784136993427,1198.6313596291031,1181.8975983865637,1184.998046875,2100302
2023-09-26,1185.4995077395602,1188.2809164967325,1166.485941744552,1169.3585205078125,1141475
2023-09-27,1158.0962695156227,1179.9368865027795,1152.670373597764,1175.1492919921875,1568115
2023-09-28,1161.8350595899255,1161.8350595899255,1114.3694426484979,1121.2088623046875,6570797
2023-09-29,1116.1933838052994,1123.1696147178202,1103.4264660166766,1115.09912109375,2861162
2023-10-03,1113.09280433358,1122.3032011658881,1105.7518935284393,1109.080322265625,1622290
2023-10-04,1103.426434655407,1108.4420093583863,1081.5859311580905,1098.8668212890625,2340603
2023-10-05,1107.0742359847209,1116.1478229630477,1093.8513559008836,1099.4140625,2497613
2023-10-06,1100.6908141314266,1115.281578858935,1098.866968540488,1109.7188720703125,1446719
2023-10-09,1097.2710435765791,1119.6131508424226,1096.2679508202189,1105.8431396484375,1451064
2023-10-10,1108.1683632878903,1122.9871063976661,1106.162177978963,1119.613037109375,1503359
2023-10-11,1121.7560174069354,1129.7809811678867,1114.3694662853109,1123.1239013671875,1622663
2023-10-12,1123.4887887773723,1123.4887887773723,1084.5497332392692,1093.1673583984375,2452842
2023-10-13,1082.452372284917,1096.9974965341373,1076.0689126337,1088.927001953125,3266079
2023-10-16,1090.0211889588318,1092.7113162510461,1076.7983105230794,1080.2635498046875,2638043
2023-10-17,1085.1879404803246,1097.042934788093,1083.7744158623104,1092.1185302734375,1163897
2023-10-18,1094.3072825827533,1096.1311280537245,1074.2906230663211,1082.54345703125,2337078
2023-10-19,1067.4511022740248,1081.0386607013934,1064.9433149870206,1068.91015625,3107691
2023-10-20,1066.949589244382,1072.4211255994812,1047.2520806297625,1067.587890625,2962470
2023-10-23,1061.5691548939333,1067.815802902106,1050.124592208872,1054.136962890625,1203959
2023-10-25,1059.6541328038188,1063.2106534478783,1036.4001049324784,1041.552490234375,1555285
2023-10-26,1003.1606416389592,1021.3534555382574,1001.4279661917183,1017.2041625976562,7099401
2023-10-27,1021.3079208255979,1026.7794577621742,1015.9276652262612,1021.8551635742188,1382498
2023-10-30,1021.8551862342246,1038.5889481392564,1017.2499313496683,1027.6458740234375,2255915
2023-10-31,1027.6456980510702,1036.992905591065,1017.2953978193012,1033.34521484375,1194765
2023-11-01,1031.3388756249135,1037.7679748294938,1021.3077264833279,1026.004150390625,1288497
2023-11-02,1036.9730923326492,1041.5818616319054,1026.649494109828,1028.2164306640625,2493118
2023-11-03,1036.0513929924034,1047.1124398926781,1028.6773617255535,1044.4393310546875,1108121
2023-11-06,1048.4949502447125,1055.2237980098369,1045.5914032633568,1052.7811279296875,572330
2023-11-07,1052.6429376427873,1060.2935399028713,1047.6194239724086,1059.09521484375,902481
2023-11-08,1061.6300679967471,1062.643974796047,1048.0803304997671,1050.0159912109375,806162
2023-11-09,1050.7994440991906,1051.7211979975234,1029.7834102096924,1036.0052490234375,6042108
2023-11-10,1034.2078900868482,1050.5690220378658,1033.7470131304815,1049.09423828125,706806
2023-11-13,1051.3525178611244,1052.78128147075,1039.7384407606414,1042.8262939453125,435537
2023-11-15,1055.408146444855,1086.6094914145997,1054.0255156853202,1081.9085693359375,2816201
2023-11-16,1083.0607817556245,1119.8848033278032,1076.0554749475996,1112.7412109375,2294942
2023-11-17,1117.3500558965,1118.963125255172,1104.2611952507925,1108.6395263671875,1176628
2023-11-20,1110.6213207604633,1126.8441672494168,1108.6395273286184,1116.9814453125,1077366
2023-11-21,1124.4936161076641,1125.599788289896,1106.4733950212046,1110.2525634765625,1129326
2023-11-22,1110.7134198096792,1122.6962201893687,1109.7916659343184,1120.2996826171875,750622
2023-11-23,1119.9309015914102,1125.3692716831404,1112.5107382647132,1116.1517333984375,651637
2023-11-24,1117.2117746313174,1119.8847707232287,1101.587979701938,1104.122802734375,884921
2023-11-28,1101.588046158965,1114.4004476723546,1093.2001083038979,1108.31689453125,910795
2023-11-29,1112.5568315913224,1137.997213853036,1112.2342402665297,1126.1065673828125,1898448
2023-11-30,1126.383291898378,1132.1903866104435,1114.123919736813,1125.4154052734375,2978406
2023-12-01,1130.8077147292972,1130.8077147292972,1116.7509679382497,1125.0467529296875,1017856
2023-12-04,1141.1313513040698,1151.4549501855731,1122.6962729308214,1128.1346435546875,1581599
2023-12-05,1128.2267591611492,1130.3007054096072,1114.2621652511082,1125.0927734375,1499843
2023-12-06,1127.3049502243634,1149.4270424609822,1123.2953435102322,1129.332763671875,2637916
2023-12-07,1130.0703458304595,1134.6791155932262,1124.6319750066357,1127.5355224609375,1076885
2023-12-08,1133.7573694979446,1141.0852684640115,1122.0050065214416,1129.4251708984375,2642571
2023-12-11,1134.6791152382107,1143.4357777847283,1129.4251627178176,1136.7991943359375,1558876
2023-12-12,1141.085247165279,1147.5836574620387,1123.2954636010381,1130.2086181640625,1114846
2023-12-13,1130.0703328180236,1137.398231648927,1103.385601206387,1120.9449462890625,3025706
2023-12-14,1138.3660207084229,1170.4431001456144,1133.8955369770085,1165.7420654296875,5287733
2023-12-15,1170.6274176787088,1221.1395748821224,1163.7142636372992,1203.9027099609375,5900381
2023-12-18,1202.8887756359468,1228.744016165749,1185.7901966912339,1190.675537109375,2671348
2023-12-19,1198.2799749810385,1199.1555961090905,1169.889912104746,1181.181396484375,1717860
2023-12-20,1189.984368136539,1211.1847093194517,1141.315713804769,1150.9019775390625,2860865
2023-12-21,1135.6008225513995,1160.0734339864632,1130.070299064948,1152.2845458984375,3337533
2023-12-22,1161.4099175868648,1180.6745966601186,1145.2792242870473,1175.37451171875,2297352
2023-12-26,1175.2363207931637,1187.9104379781882,1161.917020831693,1181.6885986328125,1720830
2023-12-27,1187.1268690847921,1190.4451606175996,1168.09262856574,1179.9832763671875,1584695
2023-12-28,1184.453724532968,1188.1407400178955,1171.1344261011805,1185.329345703125,2284964
2023-12-29,1185.329203797519,1190.8597263628055,1168.8759216695457,1173.0699462890625,1187193
2024-01-01,1173.3926973129662,1201.782762019804,1166.2491046938183,1195.653076171875,1776828
2024-01-02,1196.4365529008771,1197.4504596792394,1173.2544199922995,1178.0936279296875,1615064
2024-01-03,1166.0185939916914,1174.3143784548736,1142.9747482606303,1146.8460693359375,2231707
2024-01-04,1152.2844769834994,1156.524522232436,1135.3241834689716,1149.887939453125,3355191
2024-01-05,1156.7089190656231,1172.3326016832,1148.0905431449203,1150.6253662109375,1756868
2024-01-08,1152.376575221546,1156.1097231821261,1125.8301328443165,1132.789306640625,1320667
2024-01-09,1143.4818264990408,1153.2984153545824,1136.1538156055142,1138.9652099609375,994439
2024-01-10,1139.7485820356455,1148.9199874052117,1132.1902458278769,1143.8043212890625,808638
2024-01-11,1143.8044957445768,1163.0691757475156,1143.8044957445768,1151.639404296875,930492
2024-01-12,1172.2866175069453,1209.1106396258297,1167.8621539210415,1205.7001953125,5023455
2024-01-15,1230.5415823411308,1291.8382229596216,1229.4815427439687,1232.9842529296875,6012767
2024-01-16,1226.0248300554806,1227.9604907262024,1207.9584762641011,1217.0838623046875,1883106
2024-01-17,1203.8106179044187,1230.080604589163,1203.1193024653464,1222.93701171875,2313059
2024-01-18,1222.8907816809322,1262.3418912714435,1203.8105220887223,1249.11474609375,4533782
2024-01-19,1266.39768973916,1288.4736503581746,1248.976518745157,1281.145751953125,4463826
2024-01-23,1287.229296704767,1305.4800685828532,1250.5895798812694,1259.7149658203125,2683661
2024-01-24,1265.522058558952,1300.1339648789146,1258.7011692474339,1297.783447265625,2008135
2024-01-25,1242.5243284678797,1250.2209514705803,1209.387318869744,1218.6048583984375,8424862
2024-01-29,1233.306828405461,1233.306828405461,1208.419470881584,1211.50732421875,2495791
2024-01-30,1220.3560749266028,1236.0258917919527,1212.106422231479,1214.7333984375,2293154
2024-01-31,1214.9638008959764,1231.4632183157914,1209.617695752884,1229.297119140625,1798462
2024-02-01,1225.9326953125,1231.78581011343,1207.2671787109375,1209.802001953125,2286420
2024-02-02,1219.9410992714188,1248.0545889032874,1219.5263550876366,1233.398681640625,1838847
2024-02-05,1240.4963396205349,1247.2250750151054,1224.089076568655,1228.4674072265625,953919
2024-02-06,1225.9327281062672,1255.7975779714109,1224.1813731337859,1245.335693359375,2713529
2024-02-07,1245.7503362027576,1252.3869189574796,1211.2306993080922,1214.87158203125,2004588
2024-02-08,1222.245528361896,1225.6099522069185,1200.1234373508212,1206.80615234375,2308756
2024-02-09,1213.9498446107036,1218.051604317327,1203.7644193579756,1208.4654541015625,1085349
2024-02-12,1215.240284749431,1226.8543606257538,1208.5114367121914,1215.6090087890625,1149683
2024-02-13,1218.512505984146,1230.3571334478238,1198.2800531708142,1224.50390625,1127361
2024-02-14,1207.4976879907797,1216.6690948882303,1182.28773968038,1191.7357177734375,3426103
2024-02-15,1202.6123905719573,1205.6542237586843,1190.49141556985,1198.602783203125,1703763
2024-02-16,1202.98102022249,1206.7601887961803,1196.4365898848132,1200.630615234375,1994659
2024-02-19,1200.9991488625076,1214.8715894859256,1186.7119640089174,1207.49755859375,1496111
2024-02-20,1207.4977403288942,1220.079704936081,1200.1237083268857,1217.2222900390625,2113200
2024-02-21,1216.7150582667803,1221.3238274268817,1191.090256729105,1195.14599609375,1769508
2024-02-22,1204.7322905440774,1226.3935061736,1197.6808510375192,1224.1812744140625,2201424
2024-02-23,1234.1362870386406,1237.5007111896841,1213.304671945498,1218.7890625,1660506
2024-02-26,1218.7890856305964,1221.2317559520288,1193.6712920337472,1196.6669921875,1196507
2024-02-27,1193.671395546979,1202.9350679871206,1183.2555306400934,1194.6392822265625,1488661
2024-02-28,1200.1236536166884,1203.8568021550414,1171.5492809115292,1185.2373046875,1289779
2024-02-29,1179.8449562780613,1184.6380314054277,1165.3273327926088,1174.1761474609375,2251498
2024-03-01,1186.2973584899141,1186.2973584899141,1168.7840330732022,1172.2867431640625,1560034
2024-03-04,1175.789240954684,1184.914626980108,1170.7195945537576,1179.89111328125,1843831
2024-03-05,1175.1441167180571,1179.7528864027943,1160.580359506771,1172.931884765625,1420379
2024-03-06,1168.3231774546985,1174.6371697561183,1152.2846355917977,1171.54931640625,2064350
2024-03-07,1175.2363344318067,1191.9200591070398,1166.5258042547134,1187.357421875,2073691
2024-03-11,1187.3572787788717,1194.8695953777587,1175.6970697348206,1188.1407470703125,1577732
2024-03-12,1193.671307725049,1205.3315171343831,1177.724920151014,1191.1826171875,1963068
2024-03-13,1191.1824885012443,1197.726918020089,1167.2168895452457,1177.263916015625,2001399
2024-03-14,1172.470967255406,1195.9295591320501,1159.6125452871247,1192.150390625,2129097
2024-03-15,1191.827666739466,1191.827666739466,1169.244698576189,1181.8726806640625,2499025
2024-03-18,1181.6883214495467,1186.7118344388407,1168.8299014927634,1173.0699462890625,630807
2024-03-19,1170.6274896592383,1173.07016007449,1151.1785042639333,1154.266357421875,1243420
2024-03-20,1154.0359168442735,1172.4709953881118,1149.427147208314,1165.37353515625,1139621
2024-03-21,1175.236289679156,1186.7120813826236,1171.2266824887151,1182.3798828125,1420041
2024-03-22,1160.0273596916518,1179.7529169569532,1139.3800484655305,1163.8526611328125,2990908
2024-03-26,1163.483904960618,1172.1022817528644,1153.1141731873504,1156.2020263671875,2144358
2024-03-27,1159.5662671974749,1164.313321717181,1149.0122313151503,1155.6949462890625,2128854
2024-03-28,1161.4099341430604,1165.9725710196783,1144.8183636553022,1150.4410400390625,2436133
2024-04-01,1154.12799744533,1162.4699149714434,1144.818305867555,1147.1688232421875,1397037
2024-04-02,1146.661851627331,1153.9897501249911,1138.4582194133782,1140.0252685546875,1320357
2024-04-03,1142.9748587581885,1164.1751988803162,1142.9748587581885,1156.939453125,1819093
2024-04-04,1161.4098035653215,1188.140664123571,1149.3348511272468,1179.153564453125,2460669
2024-04-05,1175.2361452758432,1176.111766415792,1161.5941434447375,1164.5438232421875,1184658
2024-04-08,1170.6274663842305,1170.6274663842305,1157.815064523984,1166.156982421875,686932
2024-04-09,1166.11077079816,1180.7666794875934,1145.5095947956336,1153.4827880859375,1198161
2024-04-10,1161.8246905357369,1173.8074915687507,1154.035914871794,1167.217041015625,1994380
2024-04-12,1165.9725770463378,1170.3970408734579,1141.1313538896168,1144.9105224609375,2887322
2024-04-15,1138.3660742187499,1143.57400629282,1116.24398046875,1123.3875732421875,2153147
2024-04-16,1110.7133666067987,1118.2256828349075,1097.8088129698733,1102.2332763671875,2085459
2024-04-18,1105.6899716070056,1113.340461713818,1084.0287542545918,1087.3470458984375,3242357
2024-04-19,1072.0459395221596,1110.5751857899259,1071.9536741153127,1100.2515869140625,2572144
2024-04-22,1102.5097542865867,1121.4978610378103,1101.5880004392575,1113.5247802734375,1364143
2024-04-23,1122.696214208303,1122.696214208303,1104.998584903173,1106.3350830078125,1460983
2024-04-24,1113.4326088178655,1113.4326088178655,1089.052262506468,1092.923583984375,1375843
2024-04-25,1092.2783556822944,1100.1593964206807,1081.0330032726572,1097.1636962890625,3357065
2024-04-26,1152.192325536107,1241.6024499977088,1143.8965407922472,1178.6927490234375,20431926
2024-04-29,1189.0625421058705,1208.4193741866638,1184.4537725628247,1187.49560546875,4120529
2024-04-30,1187.49552675387,1190.0763700156283,1161.4559805617296,1164.635986328125,2613213
2024-05-02,1164.3597060727204,1174.637286543981,1155.4187365255586,1167.770263671875,2124221
2024-05-03,1170.6275124012977,1172.4710202948431,1145.786288543291,1152.607177734375,2322455
2024-05-06,1159.5664325547139,1166.6638927385106,1147.675784470705,1163.48388671875,1363667
2024-05-07,1168.7839625982858,1193.487012493525,1158.5525166597397,1191.32080078125,2350444
2024-05-08,1192.749518358161,1198.2800416272096,1180.1675554173185,1186.2972412109375,1332284
2024-05-09,1181.6886226830711,1185.283485770656,1162.7005128722665,1169.7979736328125,2420777
2024-05-10,1166.9403598100591,1173.5769424412777,1150.579229172912,1165.465576171875,1322206
2024-05-13,1165.4655374217614,1167.2629123399788,1152.2383927797766,1163.2994384765625,593453
2024-05-14,1165.0508406027911,1183.5320519986035,1155.9715868509527,1175.6971435546875,1386032
2024-05-15,1175.2362675926834,1182.5641663713332,1166.0187282390152,1174.775390625,1008105
2024-05-16,1186.2972118932391,1209.8940880875925,1181.0432599250007,1205.60791015625,4868225
2024-05-17,1206.6680127954528,1216.7151528492532,1196.2522611952124,1203.257568359375,1925387
2024-05-21,1204.7323945687885,1223.167473292106,1202.0592856501494,1220.31005859375,1453689
2024-05-22,1225.9327895772656,1230.9102835575038,1208.4655967182507,1226.301513671875,1411627
2024-05-23,1231.463316296729,1238.7912154243595,1221.416175418992,1232.845947265625,1440740
2024-05-24,1232.8457478248533,1239.758901550974,1214.8715481369397,1218.328125,1288301
2024-05-27,1219.4804217461976,1237.7311941539958,1215.102090677948,1225.6561279296875,980450
2024-05-28,1225.0108875656379,1226.2552327806275,1208.6958891495906,1212.198486328125,1608944
2024-05-29,1211.1846486600969,1211.1846486600969,1183.624183998853,1185.790283203125,1405567
2024-05-30,1179.891121061005,1186.9885810615854,1138.6886543468966,1143.75830078125,2610479
2024-05-31,1148.4593076685296,1157.0316645504302,1128.2729858503412,1132.32861328125,4649449
2024-06-03,1156.8009520180883,1163.0689225026656,1139.7946404003096,1147.906005859375,1091287
2024-06-04,1147.9062557840382,1155.6028787403538,1100.2516217154086,1142.3297119140625,2471911
2024-06-05,1161.4101380312754,1184.4078572649269,1139.979355722365,1167.770263671875,2709585
2024-06-06,1184.4537551366452,1220.0334329817397,1174.4987680626127,1214.3646240234375,3205121
2024-06-07,1225.9327617283334,1272.942213493856,1223.1674998597732,1269.8082275390625,5790599
2024-06-10,1269.8082354731152,1270.1769595616524,1230.6798247960232,1235.472900390625,2532308
2024-06-11,1243.353942675588,1253.4471035587085,1236.2103494653193,1243.86083984375,1465705
2024-06-12,1258.0097300124853,1272.9420977372995,1250.9582903851297,1263.3558349609375,2786009
2024-06-13,1272.0204885132882,1287.5520205250718,1267.7343100156256,1280.2701416015625,1953367
2024-06-14,1285.8467547337684,1286.5380701933027,1257.3645352971976,1264.139404296875,1733356
2024-06-18,1272.4351795485427,1282.5744728732677,1262.9411814921204,1264.0472412109375,950760
2024-06-19,1269.2550213750094,1278.4264269576806,1254.5069601244645,1273.080322265625,1313197
2024-06-20,1277.5509067210526,1289.5337074334434,1264.1393424546698,1284.0953369140625,1987190
2024-06-21,1297.82945492529,1327.6021500706493,1277.5970023933078,1290.2711181640625,6836535
2024-06-24,1281.237984778179,1298.751309749967,1272.9421992652267,1292.0224609375,1111433
2024-06-25,1289.3493287020817,1319.9515114745666,1285.6161806069495,1316.0340576171875,2201375
2024-06-26,1320.6890142677908,1322.5325220417442,1299.672980637207,1302.484375,1565878
2024-06-27,1294.4650508424106,1330.8283092558831,1283.0814128229185,1320.1820068359375,4286657
2024-06-28,1328.24736556925,1339.3084123331853,1315.0202196511343,1318.4306640625,2222285
2024-07-01,1318.4305951707086,1362.813065495645,1312.7157663154726,1356.913818359375,3837301
2024-07-02,1364.195828920966,1380.7873998132482,1354.9782895363649,1356.9600830078125,2092643
2024-07-03,1364.1495255975167,1368.8044274120518,1346.6823356558973,1364.0113525390625,896602
2024-07-04,1366.0393501172935,1375.256889591769,1339.5850568330652,1344.977294921875,1322999
2024-07-05,1352.213059330926,1354.9783212109483,1336.4971093052814,1347.005126953125,1334838
2024-07-08,1347.005029378206,1363.2278753954208,1345.8989697138359,1352.7659912109375,807698
2024-07-09,1351.2912294926873,1354.4252152844906,1341.1519365019508,1351.060791015625,1049695
2024-07-10,1356.9138571500202,1357.559152373917,1328.708211073242,1348.8485107421875,802718
2024-07-11,1360.5086298764713,1360.5086298764713,1328.4776848302604,1346.3135986328125,1408434
2024-07-12,1359.587136244593,1393.5077281089264,1346.7287130822058,1387.285888671875,4372156
2024-07-15,1401.1579776066658,1407.9789784676461,1375.2567174296091,1381.755126953125,2374623
2024-07-16,1385.718717189867,1400.1441883757047,1372.5837239809441,1397.563232421875,1794159
2024-07-18,1389.0831390551652,1424.7549702795247,1387.2396312395647,1418.90185546875,2752497
2024-07-19,1443.9217324194894,1445.7524065899881,1395.5719474912685,1400.1722412109375,2504915
2024-07-22,1389.4225081449033,1413.7382472372326,1385.8080327157347,1404.068359375,2225781
2024-07-23,1399.7967099378425,1410.780984355565,1370.692955405265,1402.0499267578125,1640492
2024-07-24,1402.0497874976559,1445.7992751095194,1383.2731735351947,1439.5091552734375,2561617
2024-07-25,1431.7168571123111,1452.887535824398,1412.8463824408798,1436.4110107421875,3283912
2024-07-26,1436.4110425730455,1450.1649359340415,1355.9063060366805,1446.8790283203125,7133745
2024-07-29,1451.103843232947,1459.600193177506,1417.6814898050832,1432.0455322265625,1755979
2024-07-30,1427.022687672236,1457.0182831934767,1427.022687672236,1443.9686279296875,1622543
2024-07-31,1443.921755632421,1466.2189869043782,1441.1052632612266,1459.318603515625,2398955
2024-08-01,1459.3186080067944,1473.0255146681184,1443.5462048382167,1449.9771728515625,1315921
2024-08-02,1432.1863311040543,1439.7439645988827,1410.4055032111398,1415.47509765625,2894949
2024-08-05,1380.0811756904766,1393.4595136180883,1339.4767465417601,1367.26611328125,2186582
2024-08-06,1375.856406383041,1411.0625580305089,1375.856406383041,1392.6614990234375,1665788
2024-08-07,1408.9972119281222,1422.5632701978877,1381.020010203658,1383.5079345703125,3002937
2024-08-08,1380.0811859795735,1397.1209868087692,1372.5705400694806,1376.748291015625,2333194
2024-08-09,1394.116806238464,1416.9304414299866,1389.986042236358,1414.536376953125,1521252
2024-08-12,1414.5363029690222,1431.2475368430398,1398.2945990925487,1419.9815673828125,1809860
2024-08-13,1416.0384037447707,1430.449432202351,1403.692757004945,1411.4381103515625,580901
2024-08-14,1419.5120406698172,1435.8945908004898,1412.940225666716,1431.153564453125,2833790
2024-08-16,1463.0738001423965,1491.8019969233324,1437.6315108436709,1488.328369140625,3224481
2024-08-19,1490.7223505122843,1504.6639639209125,1479.4563817613346,1497.1064453125,1640507
2024-08-20,1503.0680305522073,1533.7208774563464,1497.6697537404177,1528.979736328125,2442281
2024-08-21,1517.1504568213122,1528.4164255600845,1504.0068266260782,1506.4947509765625,1935929
2024-08-22,1506.8703352531045,1521.5160719753237,1498.3738711573894,1512.6910400390625,1562554
2024-08-23,1514.3810916228317,1518.0424401177784,1495.6044753272242,1500.627197265625,1020913
2024-08-26,1511.5174728040686,1542.4988868429098,1510.5786420756187,1539.8232421875,1510157
2024-08-27,1543.4378276563423,1544.3766584517537,1522.877410316159,1525.2244873046875,1083351
2024-08-28,1520.9058909775235,1563.1532768380102,1517.3382881079572,1527.8062744140625,3033590
2024-08-29,1520.9527537778815,1554.9383800005498,1520.9527537778815,1546.582763671875,2194339
2024-08-30,1546.254207006187,1561.9796216797472,1531.3267755297175,1536.396484375,1926984
2024-09-02,1536.3965042588761,1560.3366881015902,1535.5046608982375,1545.9256591796875,1582818
2024-09-03,1538.7434806054764,1557.754801827112,1532.2655260092854,1543.531494140625,1739553
2024-09-04,1520.6711529712431,1549.070784011453,1510.4848619485683,1544.6583251953125,1643875
2024-09-05,1551.887227804423,1556.4875213943283,1533.0167526737532,1539.2130126953125,1080904
2024-09-06,1539.213031100801,1550.197305152032,1515.225859340196,1523.95703125,1672937
2024-09-09,1523.909992478779,1531.514613061414,1478.423689529703,1482.6014404296875,2965098
2024-09-10,1494.6185219255333,1514.9911029219932,1481.9443070725217,1509.0765380859375,2541973
2024-09-11,1513.3950999272652,1527.4775605345287,1500.3453301771958,1504.570068359375,1395340
2024-09-12,1520.811967306679,1548.6951949687993,1507.7621968540811,1542.733642578125,2356422
2024-09-13,1548.976900303128,1558.3652079422727,1537.8047912918732,1554.750732421875,1373924
2024-09-16,1550.1033575016488,1567.8472807857033,1545.7847591698567,1548.1318359375,1060407
2024-09-17,1548.1318147946067,1569.7249207620268,1540.7150293894738,1550.52587890625,1499644
2024-09-18,1547.333865598852,1547.333865598852,1491.8020058948691,1507.1988525390625,2930297
2024-09-19,1520.9057497195486,1535.3167781928246,1489.971323676164,1497.7635498046875,3032379
2024-09-20,1509.6399476393217,1529.6370898020118,1485.6059017418575,1522.83056640625,3984683
2024-09-23,1525.5531615776138,1531.2331341274075,1496.9658077045685,1508.842041015625,1535902
2024-09-24,1503.5844735771893,1542.968378747999,1500.345438641345,1536.9598388671875,1781972
2024-09-25,1536.9597498331887,1542.592734157007,1492.7878331892614,1504.7109375,2505756
2024-09-26,1511.5176547124179,1520.7651155798903,1498.3740229323098,1508.6541748046875,2173853
2024-09-27,1525.5999385116077,1562.965447462344,1506.4008958959905,1510.8133544921875,3539822
2024-09-30,1507.7621252618528,1507.7621252618528,1471.9457106358639,1480.7237548828125,3460691
2024-10-01,1483.3526452359947,1542.405124729671,1483.3526452359947,1525.9755859375,5176596
2024-10-03,1516.211546578036,1531.3736849644872,1498.5146111996382,1505.931396484375,2332279
2024-10-04,1493.6799202202576,1547.568835297214,1493.6799202202576,1517.5731201171875,2927576
2024-10-07,1525.5531033320303,1532.2188938726197,1502.317040411915,1519.544677734375,1619326
2024-10-08,1525.6000354274413,1534.988343337764,1505.509033578677,1529.44921875,1311331
2024-10-09,1538.743503921218,1567.659535071147,1532.2186764542917,1557.3323974609375,2177241
2024-10-10,1570.6638711657358,1573.4333760834686,1512.7849315341437,1520.6241455078125,1518162
2024-10-11,1504.9456093598922,1549.070652179552,1504.9456093598922,1546.3011474609375,1019027
2024-10-14,1547.1932191654357,1593.1959301721752,1547.1932191654357,1588.97119140625,2070051
2024-10-15,1596.0124425961315,1599.2513631824029,1561.7451166227438,1572.8702392578125,2503380
2024-10-16,1567.8474577716725,1574.8417014874492,1551.6996136287855,1558.7408447265625,1070524
2024-10-17,1559.1161024947073,1605.306641840291,1554.7036440323352,1595.0733642578125,3771316
2024-10-18,1591.318141308661,1598.2655118669059,1544.9398787533878,1584.6524658203125,3119646
2024-10-21,1638.259751023053,1654.0790271308824,1586.671044246225,1597.138916015625,5898020
2024-10-22,1599.20428298774,1621.313677842361,1587.9851870402117,1592.7733154296875,2484594
2024-10-23,1592.7734632764732,1642.0150936276757,1582.4931971015158,1629.7633056640625,4198781
2024-10-24,1628.9184258046143,1641.0762388264259,1622.3466102029067,1629.5755615234375,1570443
2024-10-25,1629.5755346750248,1635.8187823144588,1605.7292098210396,1611.4560546875,1743714
2024-10-28,1605.4004928556014,1622.2524580357547,1589.6280912949755,1598.40625,1271473
2024-10-29,1604.4617266268951,1618.6380478092456,1577.5642031398913,1594.60400390625,1499121
2024-10-30,1599.8614441255222,1607.4190774380963,1579.3480153385724,1581.8828125,1305424
2024-10-31,1578.7094289089184,1581.740741686218,1511.4064222252591,1523.8155517578125,3638913
2024-11-01,1533.619696080589,1533.619696080589,1514.4850185160096,1519.0792236328125,249236
2024-11-04,1528.8834491538487,1553.7491186335815,1523.2472769915482,1551.9967041015625,2746587
2024-11-05,1551.9019891796925,1566.7739813224537,1538.1666670943384,1546.5499267578125,1376651
2024-11-06,1562.937496679273,1608.2167420306337,1548.7759524194291,1604.23828125,3164061
2024-11-07,1605.611725315623,1625.030628188172,1557.6328031405544,1563.93212890625,1285140
2024-11-08,1572.4575857659488,1597.512661888451,1563.0323591405177,1592.681640625,1883257
2024-11-11,1584.582605961114,1624.98330624038,1578.1885766222636,1614.279296875,1587351
2024-11-12,1619.8207541817947,1620.2943859812628,1595.1919006094397,1598.03369140625,1414446
2024-11-13,1591.4028462432016,1599.9282186337903,1575.9151095268517,1587.23486328125,1063556
2024-11-14,1575.299486328125,1602.7701328125002,1575.299486328125,1598.5074462890625,1919974
2024-11-18,1595.9022475401819,1598.980854042337,1547.1181752752645,1573.21533203125,1617013
2024-11-19,1577.099191448271,1633.4613756726342,1576.341334314838,1610.0166015625,1982317
2024-11-21,1621.7151896846085,1634.0296157745033,1595.94966750347,1612.4793701171875,2212146
2024-11-22,1624.3203020619471,1657.5692321952708,1612.479506741478,1655.2957763671875,2344087
2024-11-25,1667.1839274696888,1674.5726297649892,1636.7293797589596,1641.2288818359375,3913302
2024-11-26,1641.2288617135307,1669.0784341961366,1639.7606725387018,1653.3538818359375,1291712
2024-11-27,1649.185899086599,1673.8147522607812,1644.0233588089613,1664.1527099609375,2088228
2024-11-28,1664.342096614199,1667.1838873312408,1616.7895115354688,1622.9940185546875,1787990
2024-11-29,1617.9262319776444,1638.7660312185742,1610.821754963691,1621.99951171875,1556942
2024-12-02,1619.8206773460508,1655.8166923981855,1615.936919901188,1653.874755859375,1370756
2024-12-03,1667.1839387146326,1668.1312023161752,1645.9652109135302,1657.2376708984375,1824151
2024-12-04,1650.227819394418,1681.0138849945165,1648.806924059029,1666.804931640625,1811165
2024-12-05,1666.8050101093356,1699.3434916950202,1662.5423239024922,1692.712646484375,2762694
2024-12-06,1702.2325902254192,1702.2325902254192,1681.96112723753,1688.781494140625,1180840
2024-12-09,1685.2767309257088,1705.7850120058524,1677.7933249893,1684.0926513671875,1069659
2024-12-10,1673.0569089407823,1683.287401981394,1660.8373011174708,1670.5467529296875,1625591
2024-12-11,1671.9202373570877,1676.419739412298,1657.7586929311624,1669.8363037109375,1285654
2024-12-12,1674.8094393714252,1712.3683482719293,1668.178594230265,1695.222900390625,3018243
2024-12-13,1687.0764244814984,1709.43182169058,1668.1311530106225,1701.664306640625,1503188
2024-12-16,1698.917275889555,1698.917275889555,1672.867526747117,1681.9139404296875,1075193
2024-12-17,1683.7135629374209,1694.7966159326652,1668.1311236797171,1677.366943359375,1160899
2024-12-18,1669.1257904555182,1693.659823981401,1667.7048951254744,1685.087158203125,1337600
2024-12-19,1648.191289920544,1675.6146411084321,1643.5023812530724,1661.8319091796875,2402819
2024-12-20,1676.6565195413132,1677.461670449569,1591.4975014391882,1597.1337890625,2921154
2024-12-23,1601.7279500106838,1634.029613741279,1596.944222859382,1622.0941162109375,1301223
2024-12-24,1627.0199476450218,1634.361240596512,1606.2748515329674,1614.98974609375,711026
2024-12-26,1617.0737369223116,1624.2256236583253,1601.491296295445,1609.11669921875,659638
2024-12-27,1615.0370534649978,1625.9779944667735,1609.1166558737264,1621.3837890625,647945
2024-12-30,1624.5570821853632,1680.066706298497,1604.4751400172854,1649.0438232421875,6781500
2024-12-31,1637.818725151479,1637.818725151479,1593.7235593750654,1616.2210693359375,1459630
2025-01-01,1610.9163885442545,1627.0198690795971,1602.0594973763677,1613.9949951171875,721479
2025-01-02,1618.8734956536196,1644.165387571346,1606.55906882887,1635.8768310546875,1238954
2025-01-03,1621.9046160388923,1638.6238409464588,1592.6815584320552,1600.3543701171875,2448088
2025-01-06,1614.847572094451,1621.0521947354232,1586.6664808671096,1597.37060546875,945693
2025-01-07,1603.7172170379665,1615.0843798285487,1573.8784147126883,1583.01953125,1305847
2025-01-08,1579.988226368515,1581.882753509762,1547.8286743989481,1576.009765625,673344
2025-01-09,1575.9622657650877,1581.4564404125542,1551.807046100206,1556.16455078125,774065
2025-01-10,1565.9213729023697,1623.6097470168602,1550.0074144232835,1615.6527099609375,2208899
2025-01-13,1608.500920071024,1611.2953012951816,1562.890156934265,1572.1259765625,1401093
2025-01-14,1581.8355496034003,1582.3564752171903,1535.798560581457,1560.6168212890625,2480288
2025-01-15,1570.5629498836875,1590.455484230827,1563.1269542185698,1587.5662841796875,1079742
2025-01-16,1605.611778293148,1631.993046037076,1582.8300427964148,1598.6494140625,2334315
2025-01-17,1595.9023703498328,1610.2534371984812,1563.3638884035165,1572.7418212890625,2502285
2025-01-20,1575.2993630489673,1598.1758020610478,1539.3033463346794,1586.28759765625,4856268
2025-01-21,1586.287503482619,1613.7108523889274,1549.8178571345638,1553.98583984375,2500061
2025-01-22,1556.069787732137,1599.69132047396,1549.012720535925,1595.1444091796875,2478559
2025-01-23,1582.8773843839058,1638.2923017905237,1582.8773843839058,1623.0413818359375,2255334
2025-01-24,1628.346153295739,1644.828563314291,1615.4159818314972,1632.1826171875,1257165
2025-01-27,1619.8207871442596,1623.5151383818436,1558.2486519604136,1566.6793212890625,1174799
2025-01-28,1568.6210549709467,1576.8623173701073,1551.6177202240374,1561.421875,1820874
2025-01-29,1576.1993053979,1596.1392514991126,1566.821487761777,1592.4923095703125,1146508
2025-01-30,1596.139029835926,1614.989596994367,1569.615651298593,1582.0247802734375,868832
2025-01-31,1586.666549051862,1605.6118212793467,1577.430728840963,1586.1455078125,1065425
2025-02-01,1586.1929133899134,1596.9917416598794,1550.3863027139118,1559.5748291015625,410470
2025-02-03,1544.0396473645515,1576.2940187665906,1520.5001703456996,1567.43701171875,1415698
2025-02-04,1575.062568363567,1588.513665379601,1558.296048710773,1571.5577392578125,1467006
2025-02-05,1575.1573218353303,1582.8775436337062,1557.6803539172577,1573.4049072265625,1449280
2025-02-06,1581.9301980944717,1595.8549266389648,1562.984926261005,1581.55126953125,1288106
2025-02-07,1586.6664405036531,1606.1800464364303,1570.4682569838687,1602.8646240234375,1582031
2025-02-10,1594.2446153777623,1613.9003347889857,1584.9613859810438,1609.4482421875,1235699
2025-02-11,1616.0316863555724,1618.8734771287652,1575.4887584049186,1581.07763671875,1800036
2025-02-12,1591.4028786857034,1600.8755148683563,1580.7935724142383,1591.59228515625,1889477
2025-02-13,1586.6665803219428,1600.3544935229565,1554.03339452007,1586.9508056640625,1555491
2025-02-14,1596.1391302863506,1604.6645024955951,1564.9268416178318,1571.60498046875,961944
2025-02-17,1568.5738181757013,1579.988275174654,1544.9869314120183,1577.146484375,1114005
2025-02-18,1580.0357187041789,1618.8261177034321,1576.2940736569967,1615.08447265625,2654136
2025-02-19,1604.7118971092254,1622.094160493231,1586.7138892781306,1596.89697265625,1113961
2025-02-20,1591.4029335016653,1604.3331054629202,1567.721342229319,1570.4210205078125,1485087
2025-02-21,1570.326154779976,1577.146406107579,1555.596160279653,1562.51123046875,1479239
2025-02-24,1544.0396862799682,1557.2539674033073,1519.6476482911894,1528.5992431640625,1672609
2025-02-25,1523.2473792929738,1528.8835518338003,1505.201960262645,1509.890869140625,1425126
2025-02-27,1491.9402120245848,1511.548522843801,1487.1091906550585,1504.491455078125,2208643
2025-02-28,1487.2038353961987,1489.9509229320818,1400.4345137314826,1409.3861083984375,4155992
2025-03-03,1420.8954477066839,1450.7342521085243,1398.3505270166308,1414.31201171875,2851006
2025-03-04,1397.2137722872133,1420.3743204289717,1357.4761115928948,1409.7650146484375,2386196
2025-03-05,1409.7650178192819,1467.3112800954593,1409.0545701368599,1456.986083984375,1967418
2025-03-06,1459.733247555143,1469.0164773423446,1421.7952930836173,1424.1634521484375,2246380
2025-03-07,1422.7426339573487,1427.7157682634875,1403.8447698471314,1413.64892578125,893696
2025-03-10,1413.6487925077415,1420.8953820829167,1404.3182692919495,1408.4388427734375,798491
2025-03-11,1387.26753217591,1408.9598915857184,1376.942335883965,1401.1922607421875,1769157
2025-03-12,1402.8974520295005,1410.475561155926,1334.505063416619,1362.4493408203125,2665932
2025-03-13,1365.9540756689337,1379.4525816178118,1347.0088041617364,1364.67529296875,995812
2025-03-17,1366.8539750275281,1371.6377024944438,1350.0400460086908,1364.154296875,1747569
2025-03-18,1364.154296875,1364.154296875,1364.154296875,1364.154296875,0
2025-03-19,1355.2026888390865,1356.2920651027232,1320.8643834309996,1322.5220947265625,5557840
2025-03-20,1329.1529459469286,1346.0615781119295,1326.2164519080013,1336.1627197265625,2863413
2025-03-21,1316.7438589188992,1355.6289616624938,1309.1657498571199,1334.9312744140625,4056023
2025-03-24,1341.1831458577049,1390.251446624625,1339.0518027562362,1381.72607421875,3072831
2025-03-25,1396.2665643249743,1405.6444972119189,1373.0111963933214,1378.7421875,2056315
2025-03-26,1386.793925013338,1386.793925013338,1335.1680582693305,1341.6094970703125,2231144
2025-03-27,1332.9419292665793,1354.5868782860673,1331.8525530560914,1348.80859375,2541022
2025-03-28,1340.472639630422,1354.5868897904547,1334.2681326967013,1343.45654296875,1642693
2025-04-01,1328.0634389380273,1342.2249821372254,1312.3388878232288,1321.57470703125,1578367
2025-04-02,1323.4692693178424,1350.8452085700267,1323.4692693178424,1348.00341796875,1617949
2025-04-03,1323.3272374097576,1326.1690281844385,1288.515300419916,1297.1353759765625,1943422
2025-04-04,1278.8057716586907,1287.5205499235587,1249.2984894305334,1251.2877197265625,1757493
2025-04-07,1179.3431072353576,1225.5696142379263,1145.6205483397573,1220.075439453125,3044730
2025-04-08,1244.7043234008804,1271.2751126306923,1223.0593740847305,1245.083251953125,2868814
2025-04-09,1221.9700580297952,1231.3952847049036,1197.6727232842777,1205.6297607421875,3724878
2025-04-11,1207.761001512539,1243.1412712538258,1207.0031444349584,1214.628662109375,1803181
2025-04-15,1244.8937734834433,1244.8937734834433,1218.9388434201962,1233.052978515625,1511866
2025-04-16,1223.8644613730041,1245.2725936853312,1215.8127214955502,1239.6837158203125,1093342
2025-04-17,1226.8011014466256,1239.8733857656036,1208.613686042868,1237.8841552734375,3027966
2025-04-21,1235.2317094500818,1315.7491138237451,1234.2844458692152,1301.0665283203125,3759267
2025-04-22,1301.5402880806166,1322.3800889086906,1289.4152668002646,1303.908447265625,2471135
2025-04-23,1344.0724739865968,1372.9640165556514,1333.7472766304454,1363.6807861328125,5944062
2025-04-24,1368.795945089643,1390.109376760589,1358.6602705036778,1368.9853515625,2501415
2025-04-25,1378.6474972897288,1396.1718742802595,1302.4874790259491,1384.8994140625,8211667
2025-04-28,1391.8143610206116,1401.9500346123418,1361.217702525632,1384.4256591796875,2079431
2025-04-29,1388.8778950959995,1425.5370671425615,1386.1309230612833,1416.443359375,2652788
2025-04-30,1416.443299192214,1431.125884907827,1411.4227558879636,1423.7371826171875,1858465
2025-05-02,1425.6315919379178,1438.8932811652473,1411.2332327442045,1415.306396484375,1582577
2025-05-05,1419.9481343276573,1427.0526113172887,1411.8963937394083,1415.7801513671875,846022
2025-05-06,1417.9589302782158,1425.4423359730756,1407.7284369697031,1417.2957763671875,1545773
2025-05-07,1410.5702258178637,1425.5370371863562,1402.5184850912317,1416.3485107421875,1272555
2025-05-08,1421.7479055949714,1438.4197211861517,1409.5281824991728,1423.5477294921875,2829448
2025-05-09,1401.9501470613473,1422.1269082687822,1400.1503230703236,1414.9276123046875,923174
2025-05-12,1441.7352328946556,1493.3611003011988,1437.3778433593723,1490.140380859375,1891418
2025-05-13,1515.9058717744529,1516.4742067653253,1482.562126172622,1489.5718994140625,3724272
2025-05-14,1500.465539272576,1524.5260577889794,1494.8766609176723,1518.6529541015625,2354571
2025-05-15,1521.3053673847392,1550.1022044393721,1515.8111921585125,1543.1871337890625,2972408
2025-05-16,1548.7760877166918,1549.628648139237,1516.8533485532544,1531.725341796875,1159095
2025-05-19,1531.7252568495899,1540.440035805523,1509.0856334517287,1513.537841796875,681874
2025-05-20,1526.9888163145424,1534.0932928172465,1490.3297638136912,1492.8873291015625,1869716
2025-05-21,1493.8346840859629,1518.4635374697516,1486.6355039157156,1513.9166259765625,930031
2025-05-22,1505.8647946582303,1505.8647946582303,1475.8365868653557,1483.0357666015625,1789310
2025-05-23,1491.940150093258,1519.410794126721,1485.1198985173648,1496.960693359375,1159290
2025-05-26,1499.51820348543,1519.7896666338313,1499.51820348543,1516.9478759765625,711029
2025-05-27,1516.9479799781786,1519.6950675950964,1495.2556200139197,1508.422607421875,1394001
2025-05-28,1516.3795969002713,1517.5162669519993,1494.8766440875238,1496.960693359375,820958
2025-05-29,1508.1384202785978,1520.2634411410802,1500.939239730835,1515.621826171875,1799251
2025-05-30,1510.8854320613457,1510.8854320613457,1485.309315029586,1490.898193359375,2780942
2025-06-02,1482.4676434077971,1486.2566980874337,1460.7752822403236,1467.4061279296875,2120693
2025-06-03,1473.8474867715356,1482.3728593358423,1453.0076871698968,1462.3856201171875,2316285
2025-06-04,1463.332758949278,1483.983034686647,1462.5749018661932,1474.6051025390625,1439090
2025-06-05,1477.7312825396498,1487.4881443120896,1465.4168551851526,1480.3836669921875,1529586
2025-06-06,1482.2781581856254,1490.5193054229414,1473.3738570349376,1488.245849609375,828051
2025-06-09,1491.9402168539593,1507.5700667448104,1488.2458655713865,1495.823974609375,598108
2025-06-10,1495.8238718052305,1547.3550328485,1495.7291685753178,1525.9468994140625,3324373
2025-06-11,1532.6724039837786,1562.0375736521946,1519.97904945217,1551.14404296875,2660949
2025-06-12,1549.7231389826607,1570.5629366951414,1526.8941109787215,1557.68017578125,2316173
2025-06-13,1520.3580214102055,1580.9828895536655,1519.9790928577572,1571.51025390625,2511076
2025-06-16,1570.5631575674115,1616.0318135162872,1564.1217183882122,1604.5699462890625,2160406
2025-06-17,1603.1489035792565,1634.0296731156434,1595.3812728549342,1627.9671630859375,2105126
2025-06-18,1626.5462747041825,1641.4183823320152,1618.3051277879158,1620.4837646484375,1299278
2025-06-19,1595.19189453125,1604.6645304845235,1573.1206065070176,1595.19189453125,3056884
2025-06-20,1591.4027664713055,1618.3997776882295,1581.1722738623155,1606.6536865234375,3425550
2025-06-23,1591.40278948584,1602.7699522678818,1587.3295099025047,1593.10791015625,732380
2025-06-24,1609.2114512350388,1618.3998619093672,1586.382305950358,1588.65576171875,1923989
2025-06-25,1600.6861118803974,1623.6098452391861,1587.42442119583,1615.08447265625,1416375
2025-06-26,1605.6118530840197,1613.663593940193,1582.2144876727164,1601.06494140625,2528268
2025-06-27,1608.4535416538326,1612.0531894724752,1574.9203881535786,1586.09814453125,6183785
2025-06-30,1591.9711812465023,1600.4018504035917,1572.4575742349584,1598.03369140625,1546996
2025-07-01,1600.8754966045724,1607.8852704263168,1581.2671861832907,1583.06689453125,1689051
2025-07-02,1586.6665312836933,1609.4008577020866,1579.5620542779454,1588.65576171875,1931642
2025-07-03,1596.0445298567026,1603.7173422126787,1581.9302784968538,1583.7301025390625,1713273
2025-07-04,1586.7202548372723,1604.950681314301,1582.3796827115777,1596.558837890625,1310544
2025-07-07,1589.517391683443,1589.517391683443,1558.2652516663736,1566.36767578125,1550115
2025-07-08,1565.4996164496201,1585.56275166993,1561.6413302722951,1577.4603271484375,1318755
2025-07-09,1576.8816412572307,1578.4249322118237,1554.8893624812356,1557.5902099609375,1173847
2025-07-10,1557.5901608751371,1560.0980233155121,1533.7651733277028,1543.410888671875,1631315
2025-07-11,1524.023091665854,1550.066524244954,1521.9010812946674,1545.7259521484375,2559235
2025-07-14,1541.3852638900566,1541.3852638900566,1508.6862663447819,1520.83984375,2068336
2025-07-15,1499.5229023997451,1538.3951828156926,1497.9796114747023,1523.0584716796875,2574760
2025-07-16,1524.023001359635,1553.924718474919,1521.4187053542646,1550.9345703125,2207039
2025-07-17,1527.3026679401762,1547.0763853899784,1505.5998073245396,1508.300537109375,7617296
2025-07-18,1517.2710532274314,1518.2356247806592,1483.5110488644561,1494.02490234375,3619191
2025-07-21,1496.0504588113524,1498.365454056882,1477.0484465681254,1489.1055908203125,988104
2025-07-22,1495.0858571218705,1497.7867044781158,1486.5975806412823,1492.385009765625,1404790
2025-07-23,1496.0505350264689,1497.8832445952771,1480.135103802783,1491.806396484375,2887100
2025-07-24,1498.9442475239953,1498.9442475239953,1442.5168096345785,1445.5069580078125,2207437
2025-07-25,1437.3080484472391,1448.1113204947167,1404.12676345482,1410.107177734375,1179664
2025-07-28,1410.2035361344876,1414.0618221430636,1393.9022541991458,1399.2073974609375,1070496
2025-07-29,1399.2074897952448,1407.4063481045148,1385.510620659156,1402.294189453125,1458817
2025-07-30,1399.8827764176394,1414.158365106025,1397.2783625131153,1411.361083984375,1299448
2025-07-31,1398.6286792270298,1421.1032423431718,1395.9278319206494,1411.84326171875,1382994
2025-08-01,1404.9949876542412,1408.0816874625336,1381.6524017227232,1387.82568359375,1620011
2025-08-04,1384.1601798364673,1424.6721850999736,1368.8234685804582,1422.7430419921875,1581473
2025-08-05,1418.0165450178106,1435.0895312923974,1409.4318350798535,1432.7745361328125,2929677
2025-08-06,1427.6622494954904,1429.012673140716,1401.811804017153,1407.309814453125,1039973
2025-08-07,1403.4515640320565,1439.1407103339027,1398.628706423699,1429.4949951171875,1587489
2025-08-08,1421.58563338492,1442.9990752374142,1421.58563338492,1427.9517822265625,1371665
2025-08-11,1427.9518001127149,1468.753107571732,1417.6308134904896,1428.626953125,888886
2025-08-12,1430.0737499447537,1463.6408868295557,1428.5304590209173,1455.827880859375,2532937
2025-08-13,1461.3259296687659,1464.894797382277,1446.1822031063932,1452.9342041015625,1815196
2025-08-14,1456.4066964362983,1475.698128622366,1432.3888398155325,1434.028564453125,1715172
2025-08-18,1446.8573448378577,1446.8573448378577,1416.0874884218622,1419.07763671875,1249405
2025-08-19,1419.8493241070892,1446.471475384987,1412.518603863255,1443.6741943359375,1807647
2025-08-20,1435.2823860970072,1477.7235319224565,1434.7036667484963,1470.1033935546875,2329633
2025-08-21,1473.8652920884992,1477.434159637353,1455.6348666935305,1467.4027099609375,1251760
2025-08-22,1475.4087363138449,1475.4087363138449,1445.8928680926858,1451.6802978515625,969599
2025-08-25,1462.2904717129165,1485.1507703796012,1451.6801846490364,1472.9971923828125,1386218
2025-08-26,1467.1133627909978,1472.4185064434307,1445.79635457306,1448.9793701171875,1510822
2025-08-28,1446.8572974680367,1455.7313084609548,1430.0737292682977,1442.6131591796875,1771867
2025-08-29,1445.699827604033,1451.390705321784,1426.3118460389235,1428.916259765625,2279980
2025-09-01,1432.3887587147906,1456.4066139756842,1432.3887587147906,1452.1624755859375,1241192
2025-09-02,1448.7864378015145,1466.0522917345436,1445.50687105099,1459.203857421875,1137022
2025-09-03,1459.2039692768988,1462.3869849219955,1444.2531094185108,1454.766845703125,1431929
2025-09-04,1452.7411747494884,1457.2747316407617,1442.3238727511605,1447.2431640625,1038934
2025-09-05,1445.8928426854081,1453.9952677545714,1410.300126744641,1425.5404052734375,1875965
2025-09-08,1429.8809816661317,1435.186125533943,1407.3099823885134,1408.94970703125,1308412
2025-09-09,1414.6406553776026,1446.857369691852,1413.7725174066766,1445.12109375,1749566
2025-09-10,1449.7510119996878,1481.581872542595,1448.593573259983,1471.9361572265625,1660976
2025-09-11,1471.9361427481228,1477.2412861197577,1452.3552937509612,1467.30615234375,896908
2025-09-12,1474.8298577502767,1475.794429272677,1458.9144276306693,1471.453857421875,770698
2025-09-15,1473.7689388566696,1473.7689388566696,1452.2589455503464,1465.9559326171875,825515
2025-09-16,1468.9460412034346,1479.6527618896405,1456.5030446240921,1477.2413330078125,1011289
2025-09-17,1483.800417427621,1494.5071377585455,1471.5502884671007,1492.385009765625,1946337
2025-09-18,1500.8733848925015,1511.3872387085328,1487.176515496203,1495.7611083984375,2246114
2025-09-19,1496.05049529686,1502.2237768536427,1486.9834990489805,1498.7513427734375,2621234
2025-09-22,1445.8927585481856,1456.5030456355971,1401.8118856559774,1452.0660400390625,5723501
2025-09-23,1458.1428078575518,1458.1428078575518,1416.1839442003604,1419.7529296875,1380054
2025-09-24,1417.9201611086041,1417.9201611086041,1388.0184434253615,1400.9437255859375,2122106
2025-09-25,1400.557891144354,1408.467330759208,1386.0893178887304,1393.1307373046875,1581629
2025-09-26,1388.8866687078616,1390.4299597168822,1353.7762389612515,1357.827392578125,1851067
2025-09-29,1364.8686517507879,1374.5143666041504,1342.5870739886293,1360.720947265625,2708118
2025-09-30,1358.116728958585,1376.1541696668467,1343.165870081555,1350.6895751953125,2225340
2025-10-01,1351.3648001460706,1373.1640945721922,1344.034079597316,1365.8333740234375,1683484
2025-10-03,1372.58530798438,1373.3570123182903,1347.7958663860445,1350.9788818359375,2568702
2025-10-06,1355.126576881698,1390.9121573817297,1347.6028717893191,1388.307861328125,3036770
2025-10-07,1388.9830022034416,1394.5775641716468,1376.0577201616054,1387.9219970703125,1105550
2025-10-08,1381.3629137279095,1420.6210470434726,1381.3629137279095,1406.5382080078125,1154614
2025-10-09,1406.538200354604,1423.128901818139,1400.5579037865186,1414.640625,1354036
2025-10-10,1424.6721720893242,1425.3473250726631,1398.72517397745,1405.5736083984375,937053
2025-10-13,1403.4515458102726,1409.7212606197343,1388.2112688675168,1399.496826171875,1229414
2025-10-14,1408.2745161758132,1427.3730806851866,1406.2489393934384,1415.9910888671875,1430713
2025-10-15,1417.920100922614,1426.6012443976504,1389.3688081538253,1407.309814453125,2810322
2025-10-16,1414.061829553557,1414.736982510378,1396.6031088223663,1411.9398193359375,1619438
2025-10-17,1413.097412380861,1413.097412380861,1389.0795556793375,1396.3138427734375,1433539
2025-10-20,1403.5263648291468,1418.1464311294503,1402.55169374246,1407.81494140625,1800507
2025-10-21,1413.273101472478,1420.388248126426,1405.4757326367678,1412.0059814453125,114229
2025-10-23,1427.8930680262956,1449.8231663406925,1423.896940573574,1426.3336181640625,3244860
2025-10-24,1428.2829952510267,1430.8171162115796,1413.2730371299663,1416.8792724609375,969361
2025-10-27,1420.9729892863677,1438.2246197862232,1420.0957615199472,1425.7489013671875,1036807
2025-10-28,1431.791762337185,1432.3765411673749,1398.9453957755404,1410.7388916015625,1432913
2025-10-29,1416.1970207512813,1424.189275685841,1406.0604181422407,1415.417236328125,1311858
2025-10-30,1416.3919216160687,1421.167833554548,1396.216278481724,1397.4833984375,1797868
2025-10-31,1397.4834653029552,1401.0897007674814,1384.325405504443,1388.321533203125,1757591
2025-11-03,1383.1556715691734,1387.9315835385464,1378.1848729799892,1383.8380126953125,2136091
2025-11-04,1383.9355219078877,1389.1987696558233,1369.9976775540742,1373.5064697265625,1191278
2025-11-06,1376.2355939801098,1384.910190570708,1374.2862517790047,1377.7950439453125,2502412
2025-11-07,1364.6369097771872,1374.0912903247558,1349.9194007559609,1351.5762939453125,1209479
2025-11-10,1351.5763196563494,1368.7306256009945,1348.5548631473728,1362.395263671875,2883323
2025-11-11,1369.4129007512872,1374.6761485071515,1356.9370630320839,1372.3369140625,2488036
2025-11-12,1379.159549111945,1423.2146334074114,1378.184878052502,1419.218505859375,2958869
2025-11-13,1425.9437335264165,1426.723517950873,1405.768090561387,1414.6375732421875,1178211
2025-11-14,1407.6199374704613,1409.1795063937325,1386.8595146864634,1402.74658203125,1220596
2025-11-17,1403.526359809292,1419.023653827867,1401.869466559212,1416.002197265625,999416
2025-11-18,1407.425063936687,1414.3452049290602,1383.5456220624149,1385.9822998046875,1553597
2025-11-19,1391.3428921733257,1406.9376286180004,1381.8886307951004,1397.580810546875,5777445
2025-11-20,1408.6921607760282,1427.6006845622271,1394.4618678125705,1419.12109375,2818268
2025-11-21,1418.1464493784479,1431.7918447676564,1403.5263828900104,1424.4818115234375,2615232
2025-11-24,1432.7664921513858,1475.45713318236,1424.7742368613585,1456.8408203125,6808658
2025-11-25,1463.1761823526251,1463.9559668104635,1445.9245517731842,1456.8408203125,1675981
2025-11-26,1460.0572371981734,1484.1315646126843,1458.3027817116485,1481.889892578125,1592891
2025-11-27,1484.4240825847924,1493.1961224687473,1466.8800028168828,1471.5584716796875,1426194
2025-11-28,1477.4064016514096,1486.66577647894,1465.6127869515212,1478.868408203125,1247146
2025-12-01,1476.9191178313927,1493.1960770855467,1471.4608646645465,1490.7593994140625,1527101
2025-12-02,1484.5214748547703,1500.0187685792419,1481.5000183498685,1497.7769775390625,1754978
2025-12-03,1498.9467118237953,1511.519992837477,1491.5392352429803,1502.650390625,2142830
2025-12-04,1505.964224152612,1537.933482366394,1502.0655399303655,1522.7286376953125,2422663
2025-12-05,1527.4069514562518,1542.9042446709254,1517.1729056135198,1531.0133056640625,2223397
2025-12-08,1540.9549502431973,1555.2825672745914,1532.8651328308258,1551.4814453125,2833786
2025-12-09,1539.1030077630455,1545.8282617010564,1519.5121437528037,1522.0462646484375,1533609
2025-12-10,1523.4108365657405,1533.060103664044,1508.985657572479,1511.5198974609375,735586
2025-12-11,1510.740160075425,1532.1829236377857,1501.9681204362773,1528.4791259765625,1248064
2025-12-12,1535.1068710720508,1540.4675617329374,1519.219685703883,1538.4207763671875,754479
2025-12-15,1531.2082496718306,1548.4598800048436,1527.9917875521965,1535.496826171875,784781
2025-12-16,1530.233574921488,1540.2727345011872,1525.0677706759338,1538.225830078125,999338
2025-12-17,1538.2258311444532,1546.0231996844905,1530.526024893888,1539.3955078125,582251
2025-12-18,1540.954999648371,1568.0509036535375,1534.717080850951,1564.931884765625,1748780
2025-12-19,1570.1950978833574,1582.8658218265502,1554.6003607225048,1571.6571044921875,1802793
2025-12-22,1574.971046384212,1608.012420304128,1571.9495897850516,1604.9908447265625,1466208
2025-12-23,1604.7958764977348,1604.7958764977348,1587.544246582863,1591.6378173828125,1161166
2025-12-24,1588.7138966669381,1595.1467021461046,1574.3862790552305,1590.1759033203125,955523
2025-12-26,1589.201123458714,1592.3200231811038,1567.2710251589156,1571.462158203125,461192
2025-12-29,1573.119142334179,1588.5189931776351,1569.3179012800697,1571.5596923828125,891096
2025-12-30,1573.996312792699,1575.2633137789921,1558.4990192000948,1563.9571533203125,1973547
2025-12-31,1573.8989107008142,1573.8989107008142,1548.0701270295233,1550.604248046875,729913
2026-01-01,1550.7016783548534,1572.6317775144914,1546.9978806831978,1566.9786376953125,565878
2026-01-02,1570.1951287129973,1578.0899407600073,1561.325645574297,1571.1697998046875,637080
2026-01-05,1561.3256259048696,1569.3178811646821,1536.179064464693,1556.4522705078125,907810
2026-01-06,1563.2749348416485,1584.230362603659,1555.6724529924427,1561.2281494140625,570335
2026-01-07,1558.4990655446693,1592.5151102205934,1555.3801656627709,1584.035400390625,1309781
2026-01-08,1583.8404542819649,1591.4429360538782,1534.6195663181254,1537.9334716796875,1657201
2026-01-09,1542.9042961622456,1565.7116228828763,1538.1283841472382,1542.12451171875,1410053
2026-01-12,1532.2803860853573,1553.6257066028718,1523.2160163987442,1545.92578125,652320
2026-01-13,1541.9296663960881,1581.7937378248917,1541.9296663960881,1573.89892578125,2573438
2026-01-14,1572.0470128586112,1572.1444561711864,1543.0017670069265,1548.2650146484375,1570385
2026-01-15,1548.2650146484375,1548.2650146484375,1548.2650146484375,1548.2650146484375,0
2026-01-16,1559.4736792876383,1638.1295853953488,1559.4736792876383,1628.18798828125,3733401
2026-01-19,1647.1941049340048,1692.028974062386,1631.112032311868,1674.77734375,10621562
2026-01-20,1671.5608447600164,1673.2177379477191,1632.5740028997245,1635.9853515625,1825981
2026-01-21,1635.9854058774683,1651.3852565149207,1618.0514342306435,1643.9776611328125,1766163
2026-01-22,1652.0675107270895,1669.2216982522325,1640.079008633106,1644.6600341796875,3123567
2026-01-23,1655.96615399431,1666.3950868901406,1646.4143298819693,1658.012939453125,1831521
2026-01-27,1676.4342177689357,1704.6996784173655,1656.9407966320878,1700.8984375,2932973
2026-01-28,1703.7250576923996,1720.976688316802,1695.8302456944257,1718.2476806640625,2534826
2026-01-29,1706.7464199263109,1731.6005312362936,1692.1263544498504,1723.6082763671875,1893136
2026-01-30,1712.5944914858692,1715.421061348544,1687.1556006785963,1698.9490966796875,1672787
2026-02-02,1670.2937263624608,1685.7910198120276,1665.9077066490968,1680.3328857421875,1030696
2026-02-03,1798.2680548143705,1807.040094106148,1669.3190296338837,1673.0228271484375,2711705
2026-02-04,1609.1819202246454,1614.0552755251442,1557.52435403936,1603.6263427734375,4823180
2026-02-05,1588.8112380252012,1617.0766981766064,1588.7137947169106,1604.50341796875,1720981
2026-02-06,1603.333848019562,1604.2110757442492,1559.4736515691789,1578.86962890625,1988639
2026-02-09,1583.840485553369,1594.5618673017304,1572.7292115821144,1580.6240234375,933821
2026-02-10,1583.840441124677,1616.4919209878626,1570.2924898633769,1602.9439697265625,1527966
2026-02-11,1613.0806419147652,1616.0046551629491,1583.8405094329264,1593.00244140625,1521823
2026-02-12,1564.347091440008,1570.195117950064,1489.297417894288,1497.6795654296875,5343729
2026-02-13,1445.0472704940883,1508.790780763902,1427.3083050299551,1495.5352783203125,7058376
2026-02-16,1487.3480605853533,1502.845354474944,1456.840808343716,1474.3848876953125,1873472
2026-02-17,1474.38491311911,1508.3035147084388,1467.8546643947714,1485.203857421875,1781501
2026-02-18,1485.983474193583,1489.8821584333555,1444.1700619263436,1466.68505859375,1989222
2026-02-19,1468.6343865063313,1493.9758338197034,1435.0082352635873,1441.8309326171875,1108260
2026-02-20,1427.893102805422,1439.881604433988,1416.29449339651,1419.998291015625,1599813
2026-02-23,1422.5324225064478,1432.76646871153,1393.779626025502,1404.403564453125,2660793
2026-02-24,1384.0329493662261,1387.1518492663938,1301.478355541166,1311.322509765625,7441035
2026-02-25,1320.7767612607192,1362.2977256160254,1317.1705258436616,1327.30712890625,2683571
2026-02-26,1331.790592094009,1361.2256112200141,1325.94256559387,1327.30712890625,1587449
2026-02-27,1355.767479707542,1374.6761225588132,1319.7046495499726,1323.408447265625,2601590
2026-03-02,1301.185906622473,1328.2818105464978,1288.7100690649931,1311.322509765625,1564363
2026-03-04,1287.54044600114,1327.6968453251834,1287.54044600114,1316.9754638671875,1820421
2026-03-05,1323.603257490986,1332.0828478526253,1285.883536256939,1299.5289306640625,1210010
2026-03-06,1296.3124671953783,1325.0652625203886,1292.998561904613,1297.9693603515625,1033627
2026-03-09,1271.945750741986,1306.4491305348056,1271.0685229802766,1302.4530029296875,1032250
2026-03-10,1306.0592668456532,1313.7591922891556,1283.3493827486914,1302.745361328125,1069187
2026-03-11,1309.860449203027,1321.0691662892568,1296.5073844176088,1300.60107421875,1499971
2026-03-12,1300.6011254128366,1322.1413326916006,1293.3885355560294,1315.611083984375,3067753
2026-03-13,1308.4958875916375,1308.4958875916375,1286.3709022978353,1299.0416259765625,1150005
2026-03-16,1290.4644978157662,1312.297153598662,1282.5696859374982,1305.5718994140625,2062060
2026-03-17,1306.9364929233923,1320.4844449172053,1284.8113877163782,1307.813720703125,1634005
2026-03-18,1312.6869855915875,1369.1203428221559,1310.250308026247,1350.1142578125,2969039
2026-03-19,1329.548813645286,1344.3638856401308,1297.3846675888738,1306.64404296875,1219405
2026-03-20,1326.234820344752,1355.7674000875506,1321.2640218971198,1349.7244873046875,3397016
2026-03-23,1331.4006236522873,1378.7696117962134,1323.2133632250711,1348.9447021484375,3647386
2026-03-24,1378.1848321986852,1402.746494488095,1364.5394378204803,1396.4111328125,3988700
2026-03-25,1386.372170583043,1392.5125270114963,1357.7168169817182,1372.82421875,4938929
2026-03-27,1359.6660781279838,1385.007524745423,1350.406703402381,1356.3521728515625,2584016
2026-03-30,1345.046018038182,1385.9822011958656,1332.4727379869282,1348.9447021484375,3048646
2026-04-01,1376.8203490919684,1386.7620655331336,1359.6661618138685,1368.925537109375,1624500
2026-04-02,1354.792723508498,1410.3489718825876,1348.4573618518036,1404.98828125,2501510
2026-04-06,1398.653035580022,1427.7957254132245,1397.3859155522457,1412.7857666015625,1476736
2026-04-07,1398.6529308432007,1444.4624693446854,1395.0466956163577,1436.080322265625,1673236
2026-04-08,1446.4118253952167,1455.1838647675595,1409.179439206187,1414.6375732421875,2736951
2026-04-09,1415.222405080851,1426.9184580154035,1397.28843345219,1424.5792236328125,1805451
2026-04-10,1423.9943967334452,1423.9943967334452,1389.880910158722,1403.72119140625,2045026
2026-04-13,1389.4910228139352,1402.9415308733173,1377.1127480905207,1399.0428466796875,1285567
2026-04-15,1418.146345747407,1448.0686987158047,1413.2729906073816,1446.2169189453125,1678561
2026-04-16,1452.0650614047113,1473.215376814926,1442.025901420895,1453.234619140625,1768783
2026-04-17,1448.3612502603708,1483.9367453037783,1437.5424248784675,1473.117919921875,1859402
2026-04-20,1472.6305279037063,1492.513841317365,1458.302791939005,1466.295166015625,1341688
2026-04-21,1462.9812635740996,1472.630530880362,1451.2852108340003,1462.786376953125,2001948
2026-04-22,1426.3336174277256,1464.73568002968,1368.5355774198156,1425.5538330078125,11668801
2026-04-23,1432.9613047501925,1436.5676589583873,1378.0873969936933,1385.494873046875,4101549
2026-04-24,1371.459690224622,1390.5632201172343,1313.2718727552126,1324.0906982421875,3693260
2026-04-27,1328.3792487414287,1365.0268578300092,1325.7475654185482,1360.73828125,1834277
2026-04-28,1357.2294810949656,1377.2102382672795,1348.554884673256,1372.434326171875,2009200
2026-04-29,1378.1848479623422,1426.9183998704875,1369.6076952351495,1422.8248291015625,3334783
2026-04-30,1422.7273477620297,1444.4625607410608,1408.9845091377047,1436.1778564453125,2635309
2026-05-01,1436.1778564453125,1436.1778564453125,1436.1778564453125,1436.1778564453125,0
2026-05-04,1446.411872839496,1454.599133651249,1418.341298335886,1434.325927734375,1483759
2026-05-05,1427.893073228236,1446.2169363668247,1410.4464378210987,1415.417236328125,711081
2026-05-06,1430.7197255302997,1443.0980008574127,1418.5363368310132,1429.550048828125,877900
2026-05-07,1429.8424178587811,1438.517013923679,1407.4249839046215,1411.5185546875,1147147
2026-05-08,1416.6843507444703,1432.5715362217152,1411.713552256836,1425.9437255859375,1360644
2026-05-11,1423.0197166082546,1438.029674401035,1415.027461681677,1420.485595703125,1348443
2026-05-12,1410.3490669276396,1410.3490669276396,1353.7207004064608,1357.619384765625,1474910
2026-05-13,1357.6193655481663,1364.4420630801267,1336.8588240381264,1340.1727294921875,2142904
2026-05-14,1335.2993961999368,1339.1980805684038,1293.680988157914,1309.3731689453125,2337353
2026-05-15,1315.8059856048774,1352.5510385004068,1315.8059856048774,1335.7867431640625,5306932
2026-05-18,1329.1589220242276,1401.2845829111923,1329.1589220242276,1393.7796630859375,6204623
2026-05-19,1409.6668539928023,1468.6344553115377,1408.984512838435,1429.93994140625,6697277
2026-05-20,1416.7818092236696,1439.1017999814733,1398.3605026513899,1402.5516357421875,2216454
2026-05-21,1408.4971797453895,1413.2730919206647,1380.4267235135949,1384.032958984375,999422
2026-05-22,1388.9062505632728,1393.0973836826483,1370.484943865385,1386.1771240234375,654078
2026-05-25,1393.1947893220367,1408.3996335424558,1385.20241551628,1399.1402587890625,887430
2026-05-26,1397.2884647399856,1428.672945537498,1393.682229262443,1421.752685546875,1725570
2026-05-27,1423.1172210347179,1441.5385282543384,1414.3451813090323,1418.731201171875,1825192
2026-05-28,1418.731201171875,1418.731201171875,1418.731201171875,1418.731201171875,0
2026-05-29,1439.4917555002912,1458.6927283670382,1423.1172336096286,1446.314453125,3955137
2026-06-01,1457.3280946632742,1522.9235033927669,1457.3280946632742,1504.1123046875,5243443
2026-06-02,1523.3134404290147,1548.7523315825506,1514.6388441027586,1531.59814453125,4169279
2026-06-03,1509.8629694913225,1515.321103827723,1430.4272752476386,1435.00830078125,3493572
2026-06-04,1423.0197287220692,1461.714121699385,1416.294474701607,1449.6282958984375,2061503
2026-06-05,1470.4862243985744,1485.3987396517948,1430.7197153539942,1445.924560546875,2201977
2026-06-08,1431.8892902940534,1472.825476524922,1422.0451359723115,1465.320556640625,2467960
2026-06-09,1478.0886139697202,1479.9405127186092,1435.8853108657408,1446.2169189453125,1330108
2026-06-10,1442.5131543986788,1458.4003401094296,1433.9360015649486,1441.4410400390625,1082678
2026-06-11,1419.900901866935,1444.3651226088136,1401.2845887293347,1427.9906005859375,2088978
2026-06-12,1439.5892037465644,1441.148653699018,1388.9063069321967,1392.9998779296875,2460369
2026-06-15,1404.6959341494671,1417.8539939284715,1387.5417466777053,1389.4910888671875,1926338
2026-06-16,1398.7504517115378,1418.8286522872936,1386.8595120537962,1410.1541748046875,1987359
2026-06-17,1418.1464190135193,1439.3942961131243,1417.1717479351594,1425.3590087890625,2126833
2026-06-18,1417.1717252868953,1423.019751663595,1399.1403106254045,1411.03125,2273483
2026-06-19,1315.8059883906765,1381.3038388880946,1309.957961775607,1373.8963623046875,5864187
2026-06-22,1378.184920879689,1407.42505357162,1378.184920879689,1398.847900390625,2165308
2026-06-23,1391.0505457250379,1396.9961346151827,1365.0268749576924,1379.744384765625,2402816
2026-06-24,1384.032930588711,1429.355135710102,1384.032930588711,1424.5792236328125,3451553
2026-06-25,1427.8930524399495,1438.6144337210685,1398.7503649801374,1400.69970703125,2553830
2026-06-26,1400.69970703125,1400.69970703125,1400.69970703125,1400.69970703125,0
2026-06-29,1403.2338624471308,1417.074262737794,1392.4150375927952,1397.4833984375,2466821
2026-06-30,1401.5769545285245,1407.230094147885,1363.467340687163,1369.120361328125,2421536
2026-07-01,1369.1204203711397,1369.1204203711397,1321.2640940728795,1327.6968994140625,3793024
2026-07-02,1343.389192532353,1389.8809552969994,1338.6132804611077,1385.300048828125,3034626
2026-07-03,1399.9000244140625,1445.0,1398.5,1410.0999755859375,2849871
2026-07-06,1409.800048828125,1417.4000244140625,1391.0,1406.5,1158020
2026-07-07,1398.5,1463.300048828125,1398.5,1447.5,4066916
2026-07-08,1441.0,1452.9000244140625,1422.800048828125,1428.800048828125,1489170
2026-07-09,1426.0,1436.300048828125,1399.0,1426.300048828125,1379708
2026-07-10,1448.0,1478.9000244140625,1445.300048828125,1454.800048828125,1732609
2026-07-13,1444.199951171875,1524.800048828125,1444.199951171875,1504.5,2285072
2026-07-14,1509.0,1519.9000244140625,1480.0,1484.300048828125,2011058
2026-07-15,1465.199951171875,1507.0,1453.0,1498.699951171875,1834279
2026-07-16,1510.0,1538.300048828125,1504.199951171875,1510.300048828125,2903245
2026-07-17,1540.0,1585.0,1527.300048828125,1572.9000244140625,10632264
2026-07-20,1577.5999755859375,1608.0,1572.4000244140625,1576.4000244140625,2324331
2026-07-21,1577.0,1614.5999755859375,1572.0,1576.300048828125,2624717
2026-07-22,1574.0999755859375,1574.0999755859375,1551.5999755859375,1560.5999755859375,975901
2026-07-23,1550.0,1567.5999755859375,1539.0,1555.800048828125,2424854
2026-07-24,1549.0,1579.800048828125,1531.0999755859375,1559.5,1231512
2026-07-27,1576.0,1599.5999755859375,1571.0,1575.0,1513324
2026-07-28,1599.0,1643.9000244140625,1595.800048828125,1635.199951171875,5082959
2026-07-29,1661.0,1673.0,1640.0999755859375,1644.199951171875,2189575
2026-07-30,1649.0,1686.5999755859375,1638.0999755859375,1669.0,4167643
2026-07-31,1620.0,1661.5,1610.5,1651.300048828125,3355677
2026-08-03,1663.4000244140625,1670.0,1634.300048828125,1649.0,4154154
2026-08-04,1652.9000244140625,1659.0,1640.0999755859375,1648.5,1978047
2026-08-05,1663.0,1664.800048828125,1639.0,1650.0,2127405
2026-08-06,1655.0,1670.0,1631.0,1632.199951171875,3585913
2026-08-07,1639.800048828125,1681.5,1634.300048828125,1635.0,6089110
2026-08-10,1644.0,1665.9000244140625,1630.800048828125,1640.0,2827966
2026-08-11,1645.9000244140625,1660.300048828125,1640.0,1643.0,1923031
2026-08-12,1654.0,1657.0,1622.0999755859375,1625.0,3746023
2026-08-13,1634.699951171875,1652.800048828125,1626.300048828125,1639.0,3492955
2026-08-14,1635.0,1652.0,1614.4000244140625,1632.800048828125,3398051
2026-08-17,1621.0,1638.9000244140625,1604.199951171875,1610.0,1506025
2026-08-18,1605.0,1608.0,1579.9000244140625,1592.0,1904893
2026-08-19,1601.5,1610.699951171875,1575.800048828125,1589.800048828125,1752634
2026-08-20,1601.5999755859375,1610.0,1588.699951171875,1592.0999755859375,1676285
2026-08-21,1592.0999755859375,1602.0,1576.5,1584.0,1324911
2026-08-24,1580.0999755859375,1599.0,1574.0999755859375,1584.0,2197042
2026-08-25,1588.0999755859375,1599.9000244140625,1562.0,1599.9000244140625,1383429
2026-08-26,1607.5,1614.9000244140625,1565.800048828125,1571.0,1639820
2026-08-27,1571.5999755859375,1600.0,1571.5999755859375,1585.0,1979336
2026-08-28,1600.0,1642.0,1598.0,1640.9000244140625,3415226
2026-08-31,1640.0,1640.9000244140625,1609.0999755859375,1628.0,2975369
2026-09-01,1630.0,1649.0,1613.699951171875,1638.0,2412137
2026-09-02,1630.0,1637.199951171875,1604.5,1623.0,1508528
2026-09-03,1623.0,1625.5999755859375,1592.0,1598.0,1647483
2026-09-04,1605.0999755859375,1623.4000244140625,1586.9000244140625,1596.9000244140625,1173518
2026-09-07,1575.0999755859375,1593.5999755859375,1545.300048828125,1564.0,2028588
2026-09-08,1556.0999755859375,1569.9000244140625,1541.4000244140625,1559.0,1575629
2026-09-09,1531.0,1531.0,1498.0,1508.0,1329200
2026-09-10,1511.9000244140625,1544.699951171875,1498.0999755859375,1525.800048828125,1405653
2026-09-11,1519.300048828125,1557.300048828125,1518.5999755859375,1541.0,2007328
2026-09-14,1541.0,1541.0,1541.0,1541.0,0
2026-09-15,1588.0,1633.199951171875,1575.9000244140625,1575.9000244140625,2577135
2026-09-16,1578.199951171875,1589.199951171875,1548.0,1558.0,1472713
2026-09-17,1545.0999755859375,1569.699951171875,1538.0,1561.0,2730331
2026-09-18,1558.300048828125,1561.199951171875,1523.0999755859375,1537.0999755859375,3113722
2026-09-21,1529.0,1560.5999755859375,1525.0999755859375,1558.5,970714
2026-09-22,1553.699951171875,1558.699951171875,1530.9000244140625,1551.5999755859375,1013719
2026-09-23,1540.0,1558.0,1539.300048828125,1557.0,851068
2026-09-24,1549.9000244140625,1576.199951171875,1543.0,1543.0,1707105
2026-09-25,1540.0,1554.699951171875,1526.5999755859375,1548.0,939846
2026-09-28,1548.0,1557.0,1526.800048828125,1542.199951171875,1261918
2026-09-29,1542.300048828125,1557.5,1510.5,1510.5,3218354
2026-09-30,1524.5999755859375,1559.5,1518.0,1524.0,2794174
2026-10-01,1540.0,1554.800048828125,1512.0,1533.0,2663224
