Date,Open,High,Low,Close,Volume
2019-10-03,478.5478630579285,496.93443723564747,478.15032157423417,496.5368957519531,166739
2019-10-04,496.0896834580304,501.9038229183275,482.22522971629337,486.99578857421875,118615
2019-10-07,487.8902440067532,488.93382456514354,475.0693410772483,485.1571044921875,44818
2019-10-09,486.4988161649811,503.6927356357634,477.25584772447434,501.0093078613281,122255
2019-10-10,502.6989098231641,503.3449489140971,491.0706611434776,494.84735107421875,178112
2019-10-11,495.4436710205118,506.8234826174651,494.8473435850845,504.4878845214844,82764
2019-10-14,507.469469394853,507.51915070795684,499.0712650082028,502.5995178222656,157195
2019-10-15,503.39461067863186,506.87315191727987,498.42526605199185,501.8541259765625,135526
2019-10-16,502.8976995006774,505.4320532454181,499.3197651377398,502.69891357421875,30341
2019-10-17,503.8915148998093,504.8357024543937,488.1883989542521,497.4810485839844,92914
2019-10-18,497.48111849255633,518.9984067226255,497.48111849255633,516.5634155273438,177961
2019-10-22,517.7560244119512,521.8805440206844,512.2897453687825,517.1099853515625,81390
2019-10-23,518.7996150447133,535.6953879484684,514.0787373216053,522.973876953125,172278
2019-10-24,525.7567020279524,545.6340820668164,509.4572261317041,534.1549072265625,298536
2019-10-25,533.5089252098354,542.6028518152752,526.5021601284252,540.664794921875,140932
2019-10-27,545.4352281223598,551.5972272982402,537.6830630060324,542.7517700195312,39630
2019-10-29,545.5347664536672,551.3985576739948,526.7506164334508,533.6083374023438,98901
2019-10-30,531.7198027216629,549.609440944074,530.8252965461676,534.4529418945312,116461
2019-10-31,536.6892545000819,550.5040577228896,536.6892545000819,538.3291625976562,154082
2019-11-01,538.7763920728605,555.5728034172997,537.6831603734511,544.0936279296875,177483
2019-11-04,548.416859690898,548.7647502105859,528.3406953100205,530.4278564453125,84217
2019-11-05,534.3536427516354,564.4181772243213,516.8118322577402,545.53466796875,195548
2019-11-06,551.5974291679479,553.7342723020835,531.7200443330669,534.4035034179688,173245
2019-11-07,534.4033474567725,546.6279234303901,534.4033474567725,537.583740234375,126492
2019-11-08,531.7198841401732,545.534686702773,510.10323464475493,513.1842041015625,260854
2019-11-11,511.8425386730713,516.6130977751158,497.9780538913874,507.7676696777344,142753
2019-11-13,509.55666288990886,513.830287578975,496.934514099589,499.3197937011719,120026
2019-11-14,500.31358827842206,506.4258758261911,492.71049741019857,495.54302978515625,93999
2019-11-15,501.90381094947884,502.3510641013259,489.9773837586001,496.4872131347656,91939
2019-11-18,496.9344521795659,511.84248574495285,479.64113930981136,506.9725341796875,304042
2019-11-19,509.85479209790367,516.51372646607,498.97191452034923,503.0467834472656,82304
2019-11-20,505.6805184516934,505.6805184516934,488.0890559280148,493.8038024902344,206455
2019-11-21,493.853437192013,495.6424193626534,487.98961690426773,489.92767333984375,93824
2019-11-22,490.0270740492794,503.89155804483244,487.4927203569829,500.1148681640625,268733
2019-11-25,503.5934295902947,506.8731851265709,497.9283642125726,503.0467834472656,133306
2019-11-26,505.28295390738776,509.8547570149418,500.1148537109779,502.8976745605469,102419
2019-11-27,504.88545018638894,504.88545018638894,498.27622742622503,502.05291748046875,73094
2019-11-28,501.9037850444205,514.6749759044411,500.06512154796553,512.041259765625,70188
2019-11-29,511.84256070981803,524.8622209994148,511.7928793895125,517.408203125,181290
2019-12-02,517.8057515660549,525.7567036054569,510.94803116769066,523.1726684570312,152547
2019-12-03,524.7627811469728,526.7505189543476,516.016746926712,516.8615112304688,201737
2019-12-04,524.265876647145,524.7628111273792,504.8854319180088,509.109375,119520
2019-12-05,509.80506231118017,511.84248141569475,493.1577583039707,499.1209716796875,54481
2019-12-06,496.93450700330663,505.9290094478764,492.9590309472802,500.1645812988281,147064
2019-12-09,501.8044362181624,506.8731740245022,494.94674640039625,497.1332702636719,66489
2019-12-10,497.13325256686176,501.90381131449357,491.9651219815333,495.39398193359375,37965
2019-12-11,499.8664092571186,499.8664092571186,487.93998164900813,493.8038024902344,77663
2019-12-12,493.95286943717605,511.792829268354,493.406253645441,502.35107421875,99177
2019-12-13,499.61790146561424,511.743114015284,497.72952631654744,502.25164794921875,336658
2019-12-16,504.88541012175165,509.7553920821858,503.9412225178784,508.31427001953125,107043
2019-12-17,510.8486350550339,523.2719968024812,498.8725264626839,513.134521484375,390685
2019-12-18,513.1345248404144,516.4640222070738,504.48788320592354,509.9541320800781,73609
2019-12-19,510.8487306321293,515.7187136126552,504.14011403336104,512.1904296875,55026
2019-12-20,512.8363072267521,531.2228802571685,509.8547007893872,523.91796875,198512
2019-12-23,523.7689026062375,535.0990321641841,511.89215729350906,516.513671875,186297
2019-12-24,518.9984467186538,526.4524648331663,515.768372202365,518.0045776367188,97210
2019-12-26,520.091533219156,523.6694973116194,511.99153885972123,521.5823364257812,77993
2019-12-27,524.564082658107,544.0936341347459,518.7996541882067,542.1058959960938,413584
2019-12-30,546.379430233927,564.0206032883193,538.6769462242627,541.062255859375,555919
2019-12-31,542.4535857057218,548.4664798888865,519.0976686130306,523.91796875,384577
2020-01-01,523.7690544569779,531.4715405519335,520.7874469363499,526.40283203125,107849
2020-01-02,526.2535620472817,542.5530356366354,525.4584790904466,538.0308837890625,158640
2020-01-03,539.0745896551367,539.4721008731605,530.7260654842619,532.6144409179688,63423
2020-01-06,529.7322776633677,531.6206533865897,518.2034193369547,526.7009887695312,105970
2020-01-07,528.738246509647,537.533961872357,525.1603427901241,529.6824340820312,153960
2020-01-08,523.3713633683466,531.2726336313376,518.2032933712965,528.6885986328125,163181
2020-01-09,531.7199460255015,554.429829736228,528.7383388515268,544.0936279296875,200543
2020-01-10,545.3856084962979,555.572765648165,539.6708618013481,547.174560546875,156788
2020-01-13,547.6218571986626,554.479578041394,537.6831665054019,542.1058959960938,79458
2020-01-14,543.745687220715,561.5359659825958,538.8757656822133,557.7095947265625,152033
2020-01-15,557.7094937440274,582.9040432144993,551.5971764433882,580.3696899414062,568486
2020-01-16,581.3140237789887,596.3214219674555,580.4195173816568,587.87353515625,323010
2020-01-17,592.1470957778389,596.2716760976494,562.1819839644576,587.7741088867188,179399
2020-01-20,591.352074132857,608.1981663600926,590.8054582973615,596.6195678710938,460984
2020-01-21,595.5759129778122,599.7004930016511,584.742718164486,590.65625,217977
2020-01-22,600.2471298766242,601.2906800817675,578.6304814604614,582.60595703125,71955
2020-01-23,586.4323579742304,590.6066196690787,578.729873662181,585.8857421875,82621
2020-01-24,588.1716410813852,592.3459028646344,572.5678862059495,579.7237548828125,128325
2020-01-27,573.4624690534973,580.6680200078091,566.5053853734722,569.238525390625,71115
2020-01-28,569.5366038896761,594.1348610165257,564.5175776990136,584.3452758789062,283284
2020-01-29,587.7741626125515,596.3214119190103,574.45629348198,578.6802368164062,134349
2020-01-30,582.6060861370037,591.3024408752194,575.3011117603285,578.4318237304688,88967
2020-01-31,582.4072968625884,591.3521188280547,576.4440822189441,587.1778564453125,108209
2020-02-03,576.5434125477148,593.0913565206313,576.2949452848238,590.4078979492188,336150
2020-02-04,592.4949389817787,603.2783917360786,591.3519655403077,597.0667114257812,223685
2020-02-05,598.0606613106925,599.1042116120319,581.4133558234402,588.9667358398438,181054
2020-02-06,592.3458671345583,595.3274738483228,586.4820163331104,589.463623046875,160852
2020-02-07,616.1987427430068,674.2407130980168,616.1987427430068,658.4878540039062,2595009
2020-02-10,660.9228441058154,697.3481649664016,638.2129631253549,691.4843139648438,1105421
2020-02-11,696.2052240484733,710.2187524737204,665.7928573694077,672.7996215820312,967825
2020-02-12,671.7062573982059,720.5549370501924,669.3706897976615,700.9757080078125,1234720
2020-02-13,703.6591758425785,737.4507181853012,697.6959624879804,729.8973388671875,875161
2020-02-14,732.0838493745746,759.315883057508,708.2309944094172,753.6508178710938,1068329
2020-02-17,748.3832734364463,777.9508728849645,731.5371836352699,745.202880859375,848055
2020-02-18,746.3955278533934,759.9121203384254,711.4113311933229,722.9402465820312,538830
2020-02-19,727.3629489637757,774.2238930719843,727.3629489637757,770.3975219726562,656923
2020-02-20,771.14288721711,789.1318896564893,760.309692175333,771.2919311523438,1076588
2020-02-24,771.1429468970763,798.0270900132623,762.3968515592354,791.0700073242188,543365
2020-02-25,787.1441894705126,799.7663369641607,755.3403838353404,759.4152221679688,464607
2020-02-26,750.3710528117855,757.3281354206364,730.493673929354,733.4752807617188,580129
2020-02-27,728.6053741170274,744.1097676473461,723.5366662415296,729.5992431640625,283297
2020-02-28,710.5169111237291,755.3403748959392,675.8308617489982,732.68017578125,741077
2020-03-02,745.8985925633023,773.2299866945359,718.7163030280705,727.313232421875,370025
2020-03-03,730.4440892586999,749.3772830170594,715.5857344459985,721.499267578125,338626
2020-03-04,730.493705339614,732.1832947494601,669.7683345070543,679.4585571289062,752869
2020-03-05,690.6891738574891,702.3671329196839,675.8308223227637,680.6510620117188,323635
2020-03-06,655.9535643678546,695.5095399051197,645.0210049617237,689.5463256835938,416766
2020-03-09,670.8615348084799,675.8308795107648,617.4410792589157,656.3013305664062,588633
2020-03-11,660.3762048675939,693.7204944379754,641.1945471679015,655.4068603515625,349780
2020-03-12,616.1987737571019,631.106808606064,563.5237172907689,593.4888916015625,936391
2020-03-13,527.2474174795454,646.0147433773883,527.2474174795454,596.7685546875,876985
2020-03-16,566.505304083124,584.3949452646963,526.7505459018521,568.4930419921875,669046
2020-03-17,562.5298374783276,576.4440030696643,521.7812096751272,533.5585327148438,560362
2020-03-18,536.6892396891775,548.6653485537558,454.1981158110262,486.0019226074219,863336
2020-03-19,448.23486332317833,480.43620885724147,419.51205885703337,468.0128479003906,1001487
2020-03-20,468.0129069495358,521.1849288840376,445.50178012158955,502.1523132324219,565163
2020-03-23,439.2900655697553,476.85829886412,401.7218322753906,401.7218322753906,585178
2020-03-24,379.01198388364946,422.3943636356639,362.76221818121724,401.920654296875,550672
2020-03-25,397.5475511488884,477.0570613786661,377.9683221226172,443.8618469238281,389470
2020-03-26,446.64468038495045,503.8915354487755,413.69793221016334,492.71051025390625,624724
2020-03-27,510.79896071224744,526.7505452815075,468.7582857867789,480.33685302734375,557689
2020-03-30,477.057097119002,477.057097119002,445.6508321592397,450.57049560546875,333640
2020-03-31,471.98835841667443,491.96513038317687,454.1981102729532,481.38043212890625,774403
2020-04-01,472.5846601303875,486.25035745276983,453.2042166550088,462.8447570800781,377302
2020-04-03,467.06873271602313,472.88284190289517,428.85445884014086,447.489501953125,511693
2020-04-07,469.10611893966234,472.2367998961526,448.383946390746,454.04901123046875,508313
2020-04-08,455.1919603796608,479.04481419868233,449.72568137946837,459.7637634277344,245875
2020-04-09,469.00672617329616,493.45590709230214,455.3410288469736,461.7514953613281,1338755
2020-04-13,464.1865276256874,465.0313223842015,430.39497992893575,451.0674743652344,683063
2020-04-15,452.7569874142781,461.15519216235515,445.2532889843429,451.6140441894531,1876608
2020-04-16,451.61402524460226,459.61468814370215,448.2348770271219,457.5275573730469,289907
2020-04-17,467.1184323738517,498.9222405354756,462.69570316918583,485.6540832519531,1153738
2020-04-20,487.39331421127446,504.28908591746386,470.6466167775746,475.4172058105469,398374
2020-04-21,467.1184116807969,476.9577083288296,454.7447309838715,470.5472717285156,273636
2020-04-22,465.82639673965247,475.06936599608974,457.1797245987475,470.6466369628906,340691
2020-04-23,472.08775501278296,501.50628223335843,472.08775501278296,495.8412170410156,1142421
2020-04-24,491.9651074294141,491.9651074294141,475.2681219761197,482.7718200683594,199181
2020-04-27,480.03869418866236,502.2019592415813,475.9141441866763,490.97125244140625,709739
2020-04-28,492.9589893397306,497.9283339903327,468.5098075926736,488.73504638671875,1299395
2020-04-29,486.0019299290574,494.4001349199393,480.0387160648972,484.0638732910156,209084
2020-04-30,490.97125038675745,506.7737602744067,489.1325868040323,501.90380859375,935890
2020-05-04,487.0454312811077,491.9154130451788,468.11224129713804,474.6220703125,269260
2020-05-05,479.0447809231651,484.3122736434517,471.64044593230994,472.8827819824219,327042
2020-05-06,476.7589321056941,483.96448176132867,448.78149779909364,467.6153259277344,751468
2020-05-07,467.51591421496124,472.33618434007576,461.1054781491861,462.54656982421875,214394
2020-05-08,471.0938775949068,471.0938775949068,453.3036296336832,456.9809265136719,243041
2020-05-11,459.8631597730592,463.68953083700933,446.2471434855214,447.7876281738281,209138
2020-05-12,451.6140707870537,455.19200527892195,440.97969060873515,445.94903564453125,127876
2020-05-13,455.8877221724057,459.7140935558454,444.25944274684207,448.0361328125,1007475
2020-05-14,448.0360843973224,454.1484023477167,442.4207312234173,447.39007568359375,305826
2020-05-15,447.29071660463234,449.62631474390014,437.30234561537964,438.6937561035156,346808
2020-05-18,436.30846844018583,437.15326311259975,403.3617188598291,411.95867919921875,381082
2020-05-19,418.9157613080527,422.1955167021186,398.59112920255455,400.9267272949219,179668
2020-05-20,401.52302839298596,424.2826197283753,400.9267009975952,420.8537902832031,489102
2020-05-21,424.38200220715447,456.6827400800644,417.7230687288587,449.0299377441406,482949
2020-05-22,450.5207579329546,461.9502502244815,432.9789780037924,439.7373046875,272172
2020-05-26,449.22878415654543,460.16134306301,434.3704306014787,456.73248291015625,632168
2020-05-27,457.08031932159383,467.0190087190213,456.78217077186025,464.68341064453125,261854
2020-05-28,467.06874113095205,471.9386930861231,454.7944531132991,459.9128723144531,131363
2020-05-29,457.17971758238815,468.11227604631483,453.3036347385452,465.9754638671875,115731
2020-06-01,478.0510024749308,510.8486803994063,477.0571334469164,504.8357849121094,947807
2020-06-02,509.7055781497789,541.6584836028343,508.8608139534884,534.2044677734375,763829
2020-06-03,550.6033280956926,583.053169440076,544.7394777739802,572.3690795898438,1426590
2020-06-04,570.2819830117786,581.3139645915074,545.0874297632611,552.6904907226562,953605
2020-06-05,557.0138849082864,580.0219155199545,547.7211734997509,575.748291015625,343631
2020-06-08,581.4133730104226,586.3827180788877,557.262368109872,560.8899536132812,471321
2020-06-09,560.8898435156608,570.0334487790195,547.9695488737889,552.5413818359375,213121
2020-06-10,546.6280159475178,558.5047640625689,536.7886873960797,538.6770629882812,209117
2020-06-11,538.6769203417228,541.459741008348,520.0418792782408,524.7627563476562,224162
2020-06-12,497.5307985905259,520.7873257746743,488.0890436385041,513.1842041015625,692342
2020-06-15,515.81793023486,534.6020756580778,502.8976352578789,508.0657653808594,230407
2020-06-16,523.669527112001,526.7504963166464,508.1154551733688,518.2529296875,359495
2020-06-17,509.4572335998316,528.5892121676936,506.8731984212799,521.1849365234375,156771
2020-06-18,517.8057167612142,533.7076197711555,517.8057167612142,524.1167602539062,152299
2020-06-19,529.2849027548832,571.4746522581294,525.4585315215338,566.4059448242188,682705
2020-06-22,569.4868793405642,593.6378814631324,554.5788458499735,582.7550048828125,490506
2020-06-23,591.1531588826905,683.4835960375873,574.5555375441335,653.3196411132812,2031589
2020-06-24,663.9045266112364,673.8432171293687,626.1375026423337,661.17138671875,1708609
2020-06-25,653.5185459586737,693.2236244671544,629.2184368827965,681.8934936523438,1476229
2020-06-26,675.8308923119324,702.6653542125533,675.8308923119324,683.185546875,1419224
2020-06-29,675.8308827785872,689.8941526184319,637.417823779808,647.60498046875,640433
2020-06-30,648.0024632293679,657.9411513157079,602.8807950530091,611.5274658203125,470205
2020-07-01,611.2294131146857,631.6037268851752,606.2600682926151,610.5833740234375,365909
2020-07-02,612.2729784994214,626.1374630272137,603.1293716690564,606.7073364257812,163804
2020-07-03,610.2355032883122,620.8699126276424,609.8379314647893,615.7017822265625,165455
2020-07-06,620.1741768973214,630.1128656296503,617.3416748729844,626.1373901367188,498167
2020-07-07,630.1624841945129,630.1624841945129,618.1863775967312,626.087646484375,331418
2020-07-08,626.0877077315123,640.1012345552385,618.7827351294467,623.9011840820312,306679
2020-07-09,622.7582268649006,629.1190120728263,614.7079130600996,617.8883056640625,184662
2020-07-10,624.1496831587425,631.1067656143335,614.2109939364695,625.044189453125,324407
2020-07-13,621.2176968780219,623.6030063221823,604.8188612670012,609.6888427734375,693431
2020-07-14,611.179728586938,628.1251822089619,603.278458229177,625.8889770507812,1047616
2020-07-15,628.4233314696769,630.5104926828892,609.2416726679489,617.09326171875,416285
2020-07-16,608.8938629424255,615.9006272122274,598.5079198313969,606.8067016601562,305408
2020-07-17,609.1423519703599,626.0381254586968,607.2539765514005,618.6337890625,220410
2020-07-20,618.6337311164694,622.9073554074989,607.2539196712913,609.9373779296875,264058
2020-07-21,616.1987054645894,618.1367619123519,600.8434191397752,606.5084838867188,131917
2020-07-22,606.50853801802,608.2478087128688,592.84283970135,599.6508178710938,168754
2020-07-23,598.9552081069171,608.2478594733792,580.4195260334207,585.9851684570312,250171
2020-07-24,585.7529470072642,588.7876663906899,572.1215178278778,574.5592651367188,114137
2020-07-27,576.9970109168032,579.8824569091323,537.8937004356136,547.4456787109375,478235
2020-07-28,548.4904460542521,552.3211486872295,542.3214710683538,546.7492065429688,207540
2020-07-29,547.2467635516042,566.052176627317,539.2868106272173,551.6744995117188,223641
2020-07-30,554.1121196865356,571.524512700375,544.012907446666,547.6943969726562,242203
2020-07-31,551.4753889473978,574.758271338239,547.3959381022382,555.3060913085938,597377
2020-08-03,558.6892010448424,561.8731943899538,547.7940032329501,550.729248046875,118226
2020-08-04,553.2166797049231,561.972615007567,547.2964530909346,557.6941528320312,179406
2020-08-05,562.0720870999817,565.4550299745682,541.4259633554802,545.8536376953125,181575
2020-08-06,545.953184749327,558.1915980144162,545.953184749327,555.3060913085938,160486
2020-08-07,555.3061208453515,594.8073943457748,555.3061208453515,575.7532958984375,648775
2020-08-10,580.529222146486,593.5138808215552,574.1114991350165,579.4346923828125,239496
2020-08-11,579.5839581412309,580.2804660308418,551.2266314338917,552.7688598632812,415198
2020-08-12,552.7688647763389,566.7983156045357,549.2366484764432,551.8236083984375,412643
2020-08-13,552.3211288852839,586.5489457717844,552.3211288852839,572.2210083007812,696163
2020-08-14,567.146546809669,585.0564377615532,552.520123719708,563.21630859375,349724
2020-08-17,563.1665700812429,567.1465458415344,554.8583949734788,557.2960815429688,145048
2020-08-18,558.1915579201307,591.9218742146334,558.1915579201307,586.4991455078125,742841
2020-08-19,592.1707142638528,625.3537404812337,579.2855295813633,613.3640747070312,895461
2020-08-20,601.9713534367993,621.4732110083613,599.6331418929807,610.1800537109375,623528
2020-08-21,614.9063039584076,616.6972810473148,600.9763876875052,603.01611328125,269591
2020-08-24,608.339289905866,662.6659321212616,602.9662985968235,619.6324462890625,1638842
2020-08-25,623.2145408036497,662.168584770582,621.274350859469,643.4627075195312,1326031
2020-08-26,648.288371250824,680.5759408232299,643.5621494395516,646.6466674804688,1608981
2020-08-27,649.7310497266259,669.4319178021235,643.8108235747719,645.5520629882812,1026226
2020-08-28,649.7311314385427,657.6910840442216,642.7661729085736,647.1939086914062,599634
2020-08-31,652.0692999233266,655.9995384073131,607.3941053284241,636.0001831054688,636917
2020-09-01,624.4581973316814,638.4379113293465,621.8712372764566,635.3533935546875,396263
2020-09-02,635.0052086234058,654.7060784741201,631.0749700185572,648.4873657226562,361767
2020-09-03,654.7060230126328,657.541731495235,641.7711015853316,648.5370483398438,434219
2020-09-04,631.8211779357656,655.2035364892939,631.8211779357656,646.6963500976562,441470
2020-09-07,646.7461703423571,655.5021063487602,639.3334520902013,643.9104614257812,476964
2020-09-08,639.5820709996794,654.5567171476926,626.9456362402713,632.0201416015625,327992
2020-09-09,626.8462628102144,654.5070857533764,623.8612806063562,648.13916015625,901726
2020-09-10,652.6165913686128,685.053371599869,648.9848389629841,676.3969116210938,1118620
2020-09-11,676.546201890384,701.4707901608131,664.0092406922935,691.8193359375,1101946
2020-09-14,695.4013634403424,745.2505408817044,687.093126713704,691.9188842773438,1791778
2020-09-15,696.59529720025,751.8174659515875,696.5455596445954,744.1062622070312,2001624
2020-09-16,754.8521996408175,765.1503629385882,731.6190540032893,751.6184692382812,983695
2020-09-17,738.4844992589923,745.5489317961742,706.44568290256,709.9281616210938,575002
2020-09-18,714.4056588002313,723.1118558956381,667.6409429734753,678.5858764648438,4548300
2020-09-21,683.7598491423363,690.5257958025486,638.3880889457856,645.9998168945312,1529079
2020-09-22,638.9354343200293,644.7063874908756,610.8765908063655,631.1246948242188,320614
2020-09-23,636.7962010609842,646.7461417025621,598.9864266229883,622.9657592773438,361354
2020-09-24,607.0457936525113,628.7864482218704,602.5683208107647,621.970703125,227266
2020-09-25,628.8362437364237,639.980189315651,620.1300457416552,629.8312377929688,224220
2020-09-28,637.7911296674771,671.322438334139,634.8558853335375,662.3674926757812,322362
2020-09-29,676.595821737744,681.5707910152274,646.7460060728436,659.3327026367188,493294
2020-09-30,680.5260404279343,680.5260404279343,661.7206327973545,668.536376953125,854301
2020-10-01,676.5957981415436,679.5807796039327,658.3376858217712,669.9790649414062,307303
2020-10-05,666.6459222517541,672.566148184837,636.7961048374964,666.0489501953125,277727
2020-10-06,666.0490514797191,680.5262029812162,666.0490514797191,675.2527465820312,680272
2020-10-07,676.5959301101398,678.6356556946959,662.9147624057068,672.0189819335938,1716812
2020-10-08,670.6259699598802,695.401345367455,669.7304510493932,686.8443603515625,1441647
2020-10-09,686.3468761659385,686.3468761659385,671.6209765301635,676.0984497070312,761422
2020-10-12,676.0984081993269,709.1819579750849,673.4616498652032,698.43603515625,832527
2020-10-13,701.1224585538669,701.1224585538669,679.5808168607997,689.4810180664062,823729
2020-10-14,686.4464140180474,687.292134662086,623.6622535163212,666.7454833984375,593606
2020-10-15,641.7213786594554,671.1731761348798,634.8558959151047,650.6265869140625,400907
2020-10-16,651.8204745804544,671.6208773298746,651.8204745804544,659.5316772460938,128640
2020-10-19,665.1534153819546,665.1534153819546,639.0845633212878,643.2635498046875,139154
2020-10-20,639.2836158448937,661.6212422720889,633.9604224795085,637.1941528320312,233194
2020-10-21,642.5670645209855,658.9347267306587,628.3386635415794,631.6221313476562,175206
2020-10-22,634.0101126793392,657.0939828484484,623.8611629542576,638.28857421875,345227
2020-10-23,640.7761326691153,645.7511026432544,628.9854781222513,632.9654541015625,221760
2020-10-26,632.9653799326753,643.5122907501509,624.8561555331964,632.3683471679688,130781
2020-10-27,628.8362073160956,707.1422471768551,628.8362073160956,678.8346557617188,2609870
2020-10-28,697.4907747137402,700.4757566312027,669.2827198855645,679.182861328125,1368760
2020-10-29,682.4663213731509,682.4663213731509,661.8201985207859,668.2876586914062,355207
2020-10-30,668.6359786590256,672.4169437733767,651.2235833814467,656.248291015625,248939
2020-11-02,659.5317336599355,678.5858926199207,637.7414019915798,671.3224487304688,334551
2020-11-03,673.5114934665527,680.3769159404466,648.7361174500047,651.4723510742188,372368
2020-11-04,654.7558638277167,679.0834820332951,654.7558638277167,665.153564453125,368310
2020-11-05,674.1582177214559,684.5559178640058,659.7805413122547,676.2477416992188,362789
2020-11-06,672.0189560897215,676.5959040902517,624.8562173068794,670.824951171875,1129398
2020-11-09,673.5611379522578,688.5357841169725,668.6856435127652,677.839599609375,1008651
2020-11-10,684.5558768683629,702.8637908904092,671.9194408325734,694.6550903320312,1375356
2020-11-11,721.3706353829551,775.9958291679371,688.5358340482827,699.4310302734375,5826723
2020-11-12,689.481173705589,726.1466819968618,686.5459289648154,722.3159790039062,2162056
2020-11-13,718.5846587402307,754.6531902260292,716.8931568418708,747.688232421875,2193815
2020-11-14,747.2903164820017,755.2005318269033,747.2903164820017,750.0265502929688,85004
2020-11-17,751.2205389968487,775.8963803173114,734.3056394432773,740.02685546875,2020786
2020-11-18,740.3253015503897,762.165432822224,737.2905818815509,759.42919921875,1428310
2020-11-19,758.1854878092473,770.0756791931245,737.4896231225828,742.4148559570312,1264663
2020-11-20,746.0464533019532,771.1203130462837,722.4153469344059,755.9466552734375,1572077
2020-11-23,758.1854753398809,804.9004587026121,752.1160358527605,782.7618408203125,2661607
2020-11-24,782.7120210585159,795.9951661009815,751.5686616011258,769.777099609375,2093324
2020-11-25,770.1253614665063,775.8465770071166,721.3706551204355,727.6888427734375,854113
2020-11-26,731.0718885152199,737.2906014151453,697.8390624861718,703.361328125,1218199
2020-11-27,709.3809713587953,735.300552434691,691.8193032909388,716.6941528320312,22823095
2020-12-01,729.2311954451744,741.3700748026308,701.8190595845318,711.9182739257812,1754561
2020-12-02,710.4257256230221,713.9082046701939,681.5708992321711,687.7896118164062,1483703
2020-12-03,695.7992923972702,696.5455378976383,671.6209503312674,674.4069213867188,1172454
2020-12-04,676.595882714411,687.9388379811734,665.1037147936398,673.6109008789062,818535
2020-12-07,677.4914622127479,694.5058359065783,668.6359910160754,689.8790893554688,805601
2020-12-08,697.4907503383158,704.4059703513582,679.9290830457993,684.904052734375,782705
2020-12-09,680.5758291673177,694.5057437993974,676.5958535581522,679.7798461914062,1295116
2020-12-10,683.4116226844949,690.3765808687191,670.6259737381582,673.5612182617188,874525
2020-12-11,672.6159629052152,689.481123825167,672.6159629052152,685.8991088867188,555016
2020-12-14,691.5208547399016,700.8738229663597,689.5308666687076,696.2968139648438,683921
2020-12-15,700.3762940351417,714.4056850059477,698.4857811618041,705.8984985351562,951521
2020-12-16,712.9131711001522,720.375625787174,702.4657345383217,712.6146850585938,1410592
2020-12-17,717.390626037726,717.390626037726,694.7047765003468,697.6897583007812,1015681
2020-12-18,698.485707357207,705.7491505726924,692.0182471038996,694.9534912109375,641194
2020-12-21,694.5057649214419,696.545490337252,631.1246392719443,681.9190673828125,1041283
2020-12-22,666.645984196286,691.3218234056883,658.6860321461811,688.73486328125,457974
2020-12-23,688.7348502897833,690.5258273213511,674.6059235214352,677.2924194335938,512649
2020-12-24,679.5808431702662,688.1875648170482,671.6208918593408,681.3220825195312,1132681
2020-12-28,680.5758794688461,691.5208132029942,678.5858915171829,681.1728515625,818791
2020-12-29,684.5060969710318,686.5458224134394,665.6509495573781,668.6856689453125,577636
2020-12-30,671.2228977765603,686.7945774647443,646.7460707744785,674.1581420898438,662060
2020-12-31,677.6903155806081,686.5457855116595,671.7203522283328,684.1577758789062,790143
2021-01-01,687.4413570647507,688.4860885856564,668.6359467699996,671.272705078125,328829
2021-01-04,675.6009516087014,679.879413824954,670.6259814201248,675.1034545898438,565557
2021-01-05,676.496405250684,676.496405250684,668.6359288194444,671.6209106445312,450769
2021-01-06,675.5014317490572,680.8743627590272,668.63594905177,673.2626953125,227409
2021-01-07,672.4666256864284,681.4215710882253,669.1334203009369,672.0686645507812,302941
2021-01-08,674.6059635751609,697.4908266462947,671.5215063226376,691.9188842773438,897082
2021-01-11,699.381319160934,701.6200557002077,684.8046325133728,690.277099609375,487073
2021-01-12,691.5208132029942,693.5108011546575,679.5808854930145,681.1728515625,333187
2021-01-13,684.456448227311,689.5308937160578,663.6610477757728,669.8797607421875,692189
2021-01-14,673.4616759550357,673.6109493493965,645.7511168799975,651.3230590820312,543503
2021-01-15,650.6265871617552,655.7010321628242,636.2986495722702,640.2786254882812,705409
2021-01-18,642.6666596757407,696.4958116871438,626.8462305184294,656.7457885742188,488034
2021-01-19,665.6509803088113,686.7946026280374,652.7657959730543,674.357177734375,437784
2021-01-20,673.6108375348206,691.5207268636638,653.7109605027728,676.5460815429688,628236
2021-01-21,681.5709150530867,681.5709150530867,657.2432987129328,663.2630004882812,874465
2021-01-22,659.6809662350373,676.5958628051666,636.8458437194412,657.1934814453125,1258060
2021-01-25,662.6661117161293,673.6110474952245,649.5321766352902,667.392333984375,410716
2021-01-27,659.6809892806083,669.3821802994407,650.1290716462178,655.9000244140625,390506
2021-01-28,646.7460739372985,673.7601842405243,643.7610920575879,655.9497680664062,472720
2021-01-29,653.8104992867965,659.2332284522037,582.0714598896742,618.4384765625,946190
2021-02-01,625.8512282521508,646.7461023273419,621.9707273463409,637.9404296875,580728
2021-02-02,638.6867132554075,678.5859508851038,637.9404677082465,662.4172973632812,732091
2021-02-03,670.078755014505,686.5458943935278,660.7257866541086,677.1431884765625,642063
2021-02-04,676.546155132517,676.546155132517,658.6860014076412,666.2977294921875,426826
2021-02-05,675.7999069822923,688.6352925754281,664.6559625304699,685.0036010742188,1424089
2021-02-08,692.4163775318086,692.4163775318086,678.5859360679035,688.4364013671875,521522
2021-02-09,691.0232714196464,691.2222823478345,667.6906520530038,674.9043579101562,452702
2021-02-10,673.5612209786652,695.5008272015461,666.6460003219398,687.3916015625,336479
2021-02-11,685.5509141280966,695.5008548266176,673.8099962497655,690.078125,438577
2021-02-12,685.5508569312487,691.4710832988563,678.0884020299652,682.2176513671875,168139
2021-02-15,682.4663638430161,709.3809376204928,677.5411317222022,698.187255859375,718300
2021-02-16,707.1422613929188,754.2054663419485,706.4457534337513,746.4942626953125,2095315
2021-02-17,745.4494495088727,774.1052619706031,726.5943027686798,764.5533447265625,1348015
2021-02-18,766.145335284369,782.9109589140073,761.5185891625606,775.1002807617188,460573
2021-02-19,768.1353403086626,800.9701411249655,761.7176170940992,790.0252075195312,630929
2021-02-22,795.7464300021278,840.6704321803074,788.0352267104536,812.2633056640625,1665511
2021-02-23,820.7704645026063,828.7801529794232,776.592712552432,781.5179443359375,417058
2021-02-24,780.1747874921259,795.5474572608808,759.1804379430822,781.0205688476562,301313
2021-02-25,790.8211891838953,820.870018994841,784.8014878571888,815.1488037109375,729553
2021-02-26,796.0946813604329,818.8800684312279,782.0652901420962,804.6019287109375,1056061
2021-03-01,815.8950198283401,835.6954232599205,802.611875199808,826.2429809570312,442822
2021-03-02,833.8049936579764,916.9367323713898,826.292800908771,901.3651123046875,3800314
2021-03-03,918.3793676921475,918.3793676921475,886.5395629617589,906.3399658203125,1535060
2021-03-04,895.4946040128156,939.9708481580416,890.5693715448222,922.4091796875,1173560
2021-03-05,920.3693817915805,931.1153040492792,872.6594108814355,876.9876708984375,751162
2021-03-08,881.5647078240229,904.8973299005029,875.694218773529,880.1716918945312,462683
2021-03-09,885.5447846764595,939.7719653111415,883.6542715184471,901.2159423828125,1947228
2021-03-10,910.4194547717923,929.324339624977,891.0170729487868,907.6334838867188,606764
2021-03-12,911.5139244645266,920.2699197233118,868.3809614421162,872.1619262695312,664299
2021-03-15,875.5946679582053,883.65409458734,836.8893793668449,841.6156005859375,1045124
2021-03-16,834.650695301327,861.5155333880119,834.0039856370088,844.9986572265625,779547
2021-03-17,849.2771897035849,855.6949137022758,815.8951502742631,818.432373046875,477076
2021-03-18,830.7204758251938,842.4613923271258,814.4025507007383,819.029296875,400106
2021-03-19,814.8999627541976,823.1583995592655,772.1152272249785,795.1990966796875,1242150
2021-03-22,796.1443905638158,812.7607400514186,786.5426751708984,795.9951171875,655786
2021-03-23,802.960187947484,832.710533948909,797.0399612807582,809.7261352539062,798486
2021-03-24,812.8105891389683,841.7648890447626,774.5530592817327,781.1199951171875,1406039
2021-03-25,785.1497903237835,801.0696953216926,742.0665595691156,754.15576171875,1361204
2021-03-26,768.1353066842994,775.2495375082581,751.4691585146594,756.2451171875,703225
2021-03-30,766.0955327802407,773.2595007006498,746.2951307227994,756.8421020507812,628410
2021-03-31,762.0658570781859,768.981016142841,743.3101855078675,747.2901611328125,624642
2021-04-01,756.1954054999193,760.3743922551832,735.350270005019,747.0911865234375,810538
2021-04-05,743.2604713006751,745.0017106912725,717.7886507929246,725.79833984375,738836
2021-04-06,727.8381859743272,732.3653969947505,696.4958717457675,700.1276245117188,1267810
2021-04-07,696.5454970426564,729.3305595817842,691.0232928097532,718.4353637695312,1618249
2021-04-08,722.2661602307505,732.6140612688946,716.9429059568162,726.0968627929688,613211
2021-04-09,731.3205745139054,732.315568492836,719.6293952614723,725.5496215820312,344873
2021-04-12,705.5003928029114,716.196576927021,685.5507778150281,707.19189453125,921660
2021-04-13,708.1372329032826,729.131581743347,708.1372329032826,725.599365234375,437329
2021-04-15,723.3606226988112,742.2655082989177,711.2216840096623,736.39501953125,871200
2021-04-16,736.3949691265536,752.0163856727845,727.3405488296829,739.92724609375,692021
2021-04-19,716.3957185512526,735.8478401521027,688.7348960086694,725.00244140625,715142
2021-04-20,725.0024314305649,743.8575199020815,724.1566500589201,732.8131103515625,475888
2021-04-22,728.1366258835999,746.2455295465188,721.3706785616348,743.6585693359375,422465
2021-04-23,743.2605001586692,784.0055156265429,738.2855302780891,766.44384765625,3507205
2021-04-26,776.9907953070189,783.0602340747117,758.0361120865789,776.5927734375,824311
2021-04-27,782.0651466614385,790.5225941762251,772.5629677760402,780.274169921875,853518
2021-04-28,786.0452619222149,788.0352499270813,758.9316753559106,768.0856323242188,593276
2021-04-29,775.1002585370159,785.0501976709955,764.7522975458335,771.9660034179688,589571
2021-04-30,772.7122927785178,786.7417441927109,757.1406735864228,772.8118286132812,1841225
2021-05-03,754.2054775205033,783.0603044968815,732.4150838913231,779.1300659179688,841965
2021-05-04,794.0052005599708,794.0052005599708,769.1303509183678,772.9113159179688,651087
2021-05-05,783.7069680655096,805.9450573943627,771.7172430107096,792.0648803710938,1229552
2021-05-06,793.0102520862077,795.9952342145122,759.9764377203821,774.254638671875,665468
2021-05-07,781.915964624447,781.915964624447,739.6785203920809,748.981689453125,513294
2021-05-10,751.0214705639253,762.1654156806356,742.2655353756583,744.0067749023438,434021
2021-05-11,738.2855699921363,771.1203729702231,738.2855699921363,759.3794555664062,823028
2021-05-12,754.8023816552833,772.1153005733865,751.270165299871,766.2448120117188,414426
2021-05-14,766.1454006619225,779.0803230107603,754.5039584020454,768.7323608398438,541416
2021-05-17,768.7821891849393,809.8754319540285,756.792462109092,791.1695556640625,1956412
2021-05-18,795.995185863954,828.7305121744544,795.2489403772065,824.1535034179688,2275063
2021-05-19,830.8199216006055,850.7197999622966,807.9847990346431,815.3477783203125,1855576
2021-05-20,822.2630692182645,825.2977887846184,799.3782071256851,807.537109375,556669
2021-05-21,806.940123982163,828.1334837731331,798.9801720809826,822.7107543945312,806206
2021-05-24,827.3375311601526,834.7999863419941,801.9651835418917,805.6964111328125,684641
2021-05-25,815.2981319319098,826.7405632693038,806.741146841828,820.5218505859375,720336
2021-05-26,830.5214496140005,832.6606501362876,819.8750023645581,821.864990234375,499153
2021-05-27,816.8900955143839,830.0737663616014,814.4026104488712,823.9545288085938,940317
2021-05-28,824.253012792041,843.1080995681766,818.5317975773185,822.4619750976562,905813
2021-05-31,827.8350014770558,852.5108403366991,820.4720216432269,847.3866577148438,1296401
2021-06-01,852.7098443051447,858.480797266538,829.1782122912263,835.9939575195312,697195
2021-06-02,832.312416252385,850.7198038204293,828.8299375232955,848.8790893554688,826415
2021-06-03,848.879164246334,859.5753498579038,842.9589377386584,850.4711303710938,404997
2021-06-04,848.4810598865137,858.9284959801031,843.257341839719,847.8342895507812,781342
2021-06-07,846.8392900929507,869.6246748587828,840.7698515511115,853.207275390625,463126
2021-06-08,853.2073275884553,864.9979818178036,843.7548848921401,861.5155029296875,370448
2021-06-09,864.5999958477253,868.5799716056022,836.7899030936377,840.62060546875,465156
2021-06-10,849.7248672490609,880.4204075410954,834.2029853007596,872.51025390625,1034717
2021-06-11,880.5695844775024,887.9823010351271,863.5054151305305,869.2764282226562,590610
2021-06-14,866.6397114128604,873.1569094962773,846.2423358859216,863.2069702148438,226622
2021-06-15,859.6747533407423,867.5352296596601,849.1775795517744,852.361572265625,306451
2021-06-16,852.7098568549212,865.4457678918957,843.9041842585918,846.9389038085938,246452
2021-06-17,837.7848794598431,890.5195571455577,824.800220968056,851.3167724609375,1820950
2021-06-18,859.5753374617759,860.5703314578055,835.9939676099527,844.9489135742188,1005831
2021-06-21,838.779949108876,858.331605666427,826.8897585621808,848.9786376953125,649897
2021-06-22,856.6898717846708,860.0728758257253,844.7499432580552,848.7299194335938,427455
2021-06-23,855.6947601585277,863.405962939026,844.7498271797558,853.207275390625,437812
2021-06-24,855.6948208002116,860.0728185938252,845.7448810234649,852.7098388671875,337562
2021-06-25,855.694828177023,863.4060315704787,848.9786187698196,859.1773071289062,302991
2021-06-28,858.6798118536807,881.4651984762901,850.9686084447977,876.9379272460938,414235
2021-06-29,874.5996695264595,876.5896573979645,851.8142841058827,858.33154296875,324166
2021-06-30,850.8192378610735,861.4159469171876,842.0135663628878,845.5955200195312,351060
2021-07-01,847.1378859085942,857.6847976434553,843.7548821364851,853.6053466796875,138698
2021-07-02,862.3115784444716,905.2455333084807,853.2073590098386,895.2955932617188,1945993
2021-07-05,904.9470682519815,916.3894995712753,891.5146488771582,897.4348754882812,1316486
2021-07-06,900.4696438324273,913.0065449685228,886.937748614749,897.3353881835938,730080
2021-07-07,903.0067583342293,907.6335045507424,888.8778319237285,904.3500366210938,283658
2021-07-08,910.121051970883,943.2046034896102,901.4645917584055,916.68798828125,2179864
2021-07-09,917.0861205168362,920.2714964198394,895.8835551950843,901.1593017578125,507064
2021-07-12,905.8377939732763,920.669667869301,890.9064017649257,895.136962890625,576161
2021-07-13,903.7474557186833,932.4157176337796,896.7794724386812,922.5609741210938,842102
2021-07-14,926.7417642102135,931.7686542171909,910.1181350210877,913.75146484375,684507
2021-07-15,917.0862236636868,923.705832757326,894.8882296728352,898.6708374023438,439404
2021-07-16,906.8332170527741,906.8332170527741,873.9841543055276,875.87548828125,569938
2021-07-19,873.8847044431016,874.9796489847117,856.0665507700251,866.0208129882812,759172
2021-07-20,865.9212050173272,865.9212050173272,834.1670875262821,857.4600830078125,754030
2021-07-22,863.0344370231235,920.7691513799183,861.093343958206,916.2897338867188,1813383
2021-07-23,918.7285749837444,918.7285749837444,883.7890807529981,887.0740356445312,614666
2021-07-26,892.399572147693,892.8972852386844,866.6180097319382,886.9744873046875,613423
2021-07-27,887.9201322033465,921.7148623907595,881.0019082597568,912.8057861328125,947007
2021-07-28,912.8058417820869,927.4386193358994,894.3406975918924,922.0632934570312,740399
2021-07-29,922.2623119027825,928.8819199873192,906.3354937803383,910.7153930664062,358868
2021-07-30,915.4933963015271,938.6370531260299,907.8286031804944,918.6787719726562,720404
2021-08-02,919.0769314765876,964.5679176598333,918.6787974791347,952.224609375,1342173
2021-08-03,961.4820803175515,961.4820803175515,929.777723039772,934.4562377929688,572016
2021-08-04,942.6188591124313,948.3425598041543,916.5386803311208,924.6514282226562,335436
2021-08-05,926.3435943736804,935.6011066080556,893.89272466271,911.3126831054688,1041009
2021-08-06,916.9865943881649,932.6645564704838,908.0775180695535,915.14501953125,636462
2021-08-09,922.1130427893578,934.1577363507539,912.4574571837682,924.6514282226562,670460
2021-08-10,928.0855057448358,959.6902846143586,916.4888280620524,941.4739990234375,2198799
2021-08-11,916.7875235736007,925.7463593088476,848.1031162700409,896.3812866210938,2959134
2021-08-12,901.358370702363,909.2222615188934,876.0745224178135,892.5986328125,592714
2021-08-13,896.381246502672,899.8652380215608,872.6403571692117,878.8119506835938,738531
2021-08-16,880.9023362390109,885.0831379954615,861.9892404057225,870.69921875,436930
2021-08-17,866.0207472755308,904.7428486687523,863.0344688366496,883.3411865234375,973907
2021-08-18,890.5580515892282,899.7657437061489,874.6312327923922,896.630126953125,477749
2021-08-20,877.7170279886188,910.8149482388276,867.7627662592326,893.0963745117188,879721
2021-08-23,895.3858929408032,897.6256019559413,862.1884525077085,880.1558837890625,710233
2021-08-24,884.6352536979564,898.8698358464301,872.1924265129283,896.630126953125,512709
2021-08-25,898.5711600954895,918.330344042451,886.2776112046396,912.556884765625,761172
2021-08-26,915.7921084234937,959.7401996681708,915.7423492644521,937.04443359375,3121784
2021-08-27,941.3745011225279,953.6182303421108,935.7005600434073,944.1616821289062,638508
2021-08-30,950.6320318882682,1002.3941948811372,946.6503270426629,986.7659912109375,1981330
2021-08-31,990.4490211886368,1010.3077850712051,971.5359243016176,1002.2946166992188,968660
2021-09-01,999.8557658346974,1031.9581970457489,983.6800915877395,989.8517456054688,861143
2021-09-02,994.8289446688738,1009.0137676779015,981.0422556766796,995.9238891601562,600794
2021-09-03,1004.28551194215,1012.9954911441005,979.6487136280615,991.1458740234375,454344
2021-09-06,995.5256590054712,1019.2168497587757,991.1458204400126,1005.2808837890625,646921
2021-09-07,1005.1812536849512,1017.2757049827007,988.7069640441222,994.4306640625,597743
2021-09-08,996.4214937977748,1045.197371116547,990.4489373913945,1029.1212158203125,2226426
2021-09-09,1033.7999268030821,1040.5687520440274,1005.6790759463697,1017.873046875,1228907
2021-09-13,1009.3620593908909,1022.9993482749129,993.6840984092275,1001.4981689453125,448685
2021-09-14,1005.330757346687,1019.0676275002529,995.4760131300001,999.407958984375,529047
2021-09-15,1001.149856479798,1005.3804176431479,982.4856160532545,997.1681518554688,635701
2021-09-16,1004.8827276361549,1005.8283946573428,985.6212553761352,991.1956176757812,286275
2021-09-17,995.4261995851137,995.4261995851137,959.5908564000497,977.9564819335938,562721
2021-09-20,966.5587616162526,997.8649252121786,948.6410914730059,974.6715087890625,569477
2021-09-21,977.0107666779651,986.6166533323147,951.8762563788121,982.6349487304688,432370
2021-09-22,980.494786510666,990.4490483026525,971.4861917401167,979.2007446289062,252879
2021-09-23,984.4765103935011,1027.0808002974281,981.5897501152278,1001.9462280273438,1207650
2021-09-24,1012.6470718540795,1020.6602406979091,973.5268339301703,983.0331420898438,834581
2021-09-27,990.4490950791233,1003.3896360198556,978.2053646479372,998.7111206054688,314717
2021-09-28,1004.3849454963496,1015.3346327118697,989.4037946844946,1009.3123168945312,612126
2021-09-29,1009.312379070554,1009.312379070554,965.5633866677597,1004.9822387695312,415354
2021-09-30,1008.3666961455243,1036.8358599080461,996.6704388111611,1021.1578979492188,941677
2021-10-01,1021.1579789096401,1085.01459618962,1015.3347597370757,1039.5733642578125,3294173
2021-10-04,1048.681470353595,1052.563656719949,1016.081263278056,1041.3651123046875,1043541
2021-10-05,1045.1973118368962,1063.1149800398146,1035.4919082269823,1045.0479736328125,675246
2021-10-06,1055.101802971135,1092.7787765259618,1031.31121736297,1039.7723388671875,1324497
2021-10-07,1054.1562318390338,1121.795386212018,1050.2243473788903,1103.7781982421875,1988186
2021-10-08,1114.8273934072474,1114.8273934072474,1083.1230969559624,1098.3033447265625,439597
2021-10-11,1109.7011089450264,1134.7857990562138,1090.638674070765,1098.1043701171875,681017
2021-10-12,1103.9275805148814,1137.7720690067713,1089.9916146652795,1128.4150390625,1064340
2021-10-13,1120.0037655777787,1204.415830838969,1098.552283275715,1168.829345703125,1433510
2021-10-14,1169.675553767285,1178.584569262917,1139.7629491605069,1149.169677734375,563063
2021-10-18,1160.6171257980675,1174.5530925561961,1140.4597453086315,1149.0205078125,571535
2021-10-19,1154.6944273998952,1169.1779276587163,1089.1953328270704,1111.542724609375,832711
2021-10-20,1111.5426376921935,1132.9939983752524,1080.0373756574845,1106.316650390625,574423
2021-10-21,1117.3658040070611,1118.5105683313789,1062.1694750330616,1075.4085693359375,470149
2021-10-22,1076.0057573119482,1107.6105349037484,1038.6275814452065,1046.04345703125,814132
2021-10-25,1056.1472358218025,1080.037465472814,1004.5344098156612,1015.9818115234375,772852
2021-10-26,1019.316385588658,1049.428026862151,1011.8506894051474,1036.6865234375,999447
2021-10-27,1047.4370797689396,1067.3456011235405,1021.5560020079583,1029.1212158203125,476913
2021-10-28,1032.754637279001,1039.374245521547,995.4261564134948,1001.10009765625,495393
2021-10-29,1000.9009335522077,1033.3517997856677,984.9741161112973,998.5617065429688,446580
2021-11-01,1009.3621114078984,1023.447415667318,992.0914920880784,1020.0131225585938,539353
2021-11-02,1034.2479154091347,1063.1152778219018,1025.289078798276,1032.7049560546875,1518927
2021-11-03,1091.9825780860463,1127.121172731351,1070.2325391877334,1087.15478515625,5869336
2021-11-04,1094.9686798134776,1098.3531527625682,1085.26327560604,1089.2947998046875,141116
2021-11-08,1094.7696657817473,1110.7960015780513,1080.0373109992718,1095.5162353515625,1102344
2021-11-09,1094.9688278943977,1127.8178927312297,1089.0957889696574,1122.2435302734375,1034509
2021-11-10,1121.8453011315673,1128.713766053137,1103.9276299511164,1119.2073974609375,503041
2021-11-11,1118.5603653063695,1150.3643051037116,1116.0221014195117,1141.952880859375,979707
2021-11-12,1144.939167572413,1154.6943929451934,1123.4379859372104,1143.89404296875,502799
2021-11-15,1151.6582479520266,1167.634886435152,1134.7858231339076,1151.9071044921875,724923
2021-11-16,1141.4550233457842,1197.1988831427948,1136.0299998810422,1184.9053955078125,1245041
2021-11-17,1184.4078086117918,1194.5114085784144,1139.7629690185704,1147.9254150390625,792324
2021-11-18,1149.6672079941632,1152.7033058933998,1090.489181007098,1132.4464111328125,1003276
2021-11-22,1107.3120103384645,1134.3378530702726,1096.5613599274993,1107.710205078125,724443
2021-11-23,1103.9275709940569,1121.4968663767456,1088.5482859903193,1106.8143310546875,1337545
2021-11-24,1106.067745564097,1112.8863901098705,1085.0144590516627,1090.7381591796875,1045914
2021-11-25,1085.0143337095847,1093.923347753149,1072.5715087817225,1087.6024169921875,602587
2021-11-26,1078.0464650001634,1086.8559616721466,1020.3117512697761,1036.8856201171875,904556
2021-11-29,1030.2661758925449,1052.0660352210757,987.8610416509607,1022.0040893554688,850287
2021-11-30,1020.3118078716336,1062.9160958685297,998.213335101167,1009.7603149414062,1075312
2021-12-01,1027.4291529089955,1033.799904744292,1001.3987340776421,1019.5154418945312,839843
2021-12-02,1028.275167807477,1040.070942864732,1015.5337257980398,1026.6326904296875,904904
2021-12-03,1031.7591988698678,1032.1573936301006,1009.1630132364255,1016.2803344726562,661928
2021-12-06,1024.3930947910137,1024.3930947910137,984.5760461429362,993.4353637695312,373519
2021-12-07,1000.4032865148312,1031.2614973426519,990.5983631832265,1013.2940673828125,644619
2021-12-08,1031.2613951053675,1047.1882120181917,1013.3437260784402,1036.238525390625,550648
2021-12-09,1045.794836071842,1045.794836071842,1022.9000313996473,1032.7049560546875,214644
2021-12-10,1035.2431944280459,1035.2431944280459,1020.3118022007183,1031.211669921875,232075
2021-12-13,1035.243181818182,1047.8850451452083,1023.2980681818183,1026.533203125,337088
2021-12-14,1020.3119139777712,1037.7816934023833,996.222586394121,1025.7369384765625,616598
2021-12-15,1030.2658955614875,1081.9782269319874,1025.7366587201768,1031.36083984375,1671114
2021-12-16,1042.211180230101,1048.7312701247763,1000.4032818827618,1026.4833984375,1121604
2021-12-17,1026.4832926240222,1059.0337973176484,1008.5159253555053,1030.365478515625,805803
2021-12-20,1025.2889326350896,1025.2889326350896,966.1605951302427,1003.2900390625,852808
2021-12-21,1019.316381779991,1029.9176946233608,1003.4890816276906,1013.6921997070312,377839
2021-12-22,1025.2889900952298,1059.5813742174062,1010.9050692965784,1040.071044921875,843395
2021-12-23,1039.2249369911517,1052.0161391641725,1027.2798227728626,1037.3834228515625,577082
2021-12-24,1038.577752322302,1047.9347815609804,1015.5834347068061,1036.238525390625,288355
2021-12-27,1015.3348829679024,1063.1153480487449,1015.3348829679024,1046.242919921875,834703
2021-12-28,1049.6768629228784,1054.2557988570356,1027.2797748093035,1030.0670166015625,335064
2021-12-29,1035.8903279905921,1046.0934468228643,1022.3027356822902,1033.7003173828125,252419
2021-12-30,1040.8175376549227,1040.8175376549227,1021.2076914906254,1028.1258544921875,607040
2021-12-31,1037.7319361727002,1065.006641579304,1024.841213963653,1060.1290283203125,452416
2022-01-03,1060.1286999164167,1060.1286999164167,1036.2384756929482,1049.7762451171875,363953
2022-01-04,1045.1972592528712,1062.1195005931556,1041.2155554080982,1051.1199951171875,258035
2022-01-05,1050.1745468145957,1076.204963912443,1044.9983796436177,1065.9520263671875,741560
2022-01-06,1062.1196551229702,1083.9692095453113,1049.8758654141382,1075.4085693359375,408431
2022-01-07,1067.0967525380884,1089.9915522660513,1064.0109560075834,1080.236328125,482099
2022-01-10,1085.0144719365817,1089.7427460115348,1057.1425405473851,1067.0968017578125,604941
2022-01-11,1070.0830419508911,1118.858920142141,1067.246101909509,1114.0311279296875,861357
2022-01-12,1123.8361652793126,1145.2378283027895,1104.9230677236822,1140.0118408203125,741670
2022-01-13,1140.0116867693803,1182.267474098546,1124.831439466841,1177.489501953125,682225
2022-01-14,1159.7711954502602,1194.4617788282135,1154.097313961001,1159.5223388671875,744286
2022-01-17,1161.6623718011413,1182.4668036190862,1149.667437523507,1152.952392578125,501455
2022-01-18,1171.616547753994,1171.616547753994,1130.605040056776,1139.066162109375,543636
2022-01-19,1139.7629307956342,1206.4564822046364,1131.2022902903077,1162.2098388671875,1671916
2022-01-20,1159.6715505225027,1188.737947647541,1154.6944194043804,1164.648681640625,968296
2022-01-21,1163.653134594439,1201.0314340153304,1136.7766293471766,1176.4443359375,961910
2022-01-24,1173.6074718197578,1194.5114216994991,1086.3086440220136,1116.818359375,979818
2022-01-25,1087.0053733105558,1108.1581793388061,1045.5956691058836,1074.4132080078125,866941
2022-01-27,1055.1517054312549,1082.824600650187,996.7699381821201,1018.2711791992188,1611802
2022-01-28,1020.4113418547805,1037.234068418475,1003.737953518879,1013.6424560546875,1230291
2022-01-31,1013.3438360382361,1033.10302111242,1013.3438360382361,1026.8319091796875,408254
2022-02-01,1027.2797994473683,1059.979524575055,1026.8319062791466,1055.5499267578125,521498
2022-02-02,1055.5499231916351,1101.9367578936128,1045.0979485232674,1092.530029296875,878597
2022-02-03,1092.97793088745,1094.9687832205782,1072.4223562455034,1078.34521484375,416753
2022-02-04,1081.231923241685,1085.0145915233518,1047.1883947546478,1052.563720703125,305527
2022-02-07,1055.350667826949,1063.9114292143347,1020.3117188667524,1045.645263671875,648493
2022-02-08,1049.975481841782,1062.169451368852,1030.614371603863,1049.1292724609375,377585
2022-02-09,1059.1334585658162,1070.0831465773051,1048.1837705543276,1065.7032470703125,304759
2022-02-10,1071.5763278239401,1080.037450709684,1050.1746640541169,1070.680419921875,411046
2022-02-11,1080.0372973323417,1094.5207954082696,1050.5727096522135,1066.44970703125,1656107
2022-02-14,1035.2432088600215,1050.1746012955025,1012.3484071256171,1031.5601806640625,536059
2022-02-15,1032.2569698640038,1081.5305667861526,1021.3072816590819,1076.6529541015625,619460
2022-02-16,1084.9150254730762,1087.4035909404831,1050.8216785696027,1056.6448974609375,343162
2022-02-17,1068.2417244920746,1068.2417244920746,1047.3874712568952,1057.9390869140625,287521
2022-02-18,1040.2204127393213,1060.12893738505,1035.243281577889,1040.3697509765625,205306
2022-02-21,1040.220265971451,1049.97549027626,1006.3757788489348,1030.6143798828125,576902
2022-02-22,997.8024660400185,1053.966221973221,997.8024660400185,1045.1533203125,714429
2022-02-23,1045.6013875930812,1079.4589563341904,1045.6013875930812,1049.8834228515625,393547
2022-02-24,1011.8434623255383,1032.8550486505433,975.8947120407264,1016.3744506835938,633017
2022-02-25,1055.509682859373,1070.2477323565274,1025.3366864387006,1065.6171875,543759
2022-02-28,1025.7847594543243,1114.3123706769059,1025.7847594543243,1103.4580078125,1102621
2022-03-02,1094.3962803846116,1113.017897314433,1075.5257107067498,1100.470703125,661272
2022-03-03,1105.3500746407901,1130.892647974684,1100.9684824655603,1126.4114990234375,645290
2022-03-04,1121.2831578954406,1121.2831578954406,1077.8658236954725,1090.861083984375,653153
2022-03-07,1075.4758046810675,1075.4758046810675,1035.6433674706575,1059.741943359375,372706
2022-03-08,1060.6880373034867,1087.0271878008098,1043.6596946977932,1073.583740234375,461151
2022-03-09,1073.4842547660035,1150.1617015350037,1065.5676059634372,1139.0086669921875,757000
2022-03-10,1150.3605919368736,1159.4722851035153,1133.7804393005983,1144.9334716796875,557825
2022-03-11,1136.369732551433,1176.7996343269474,1126.2622267178149,1163.9039306640625,476838
2022-03-14,1174.9573663062488,1202.4417242633342,1145.630660841224,1162.2109375,614586
2022-03-15,1160.4185873441916,1176.0527711568166,1140.7014812532882,1153.3980712890625,400312
2022-03-16,1169.0819858090983,1186.4588372301266,1148.169957102121,1166.343505859375,486972
2022-03-17,1185.0150753759121,1278.6213082207323,1182.0276424127796,1256.7633056640625,4537229
2022-03-21,1276.629472234775,1297.0435940606822,1245.7593367907202,1274.239501953125,1520151
2022-03-22,1269.6588745123618,1293.0105910709913,1250.7384677549226,1280.9613037109375,713407
2022-03-23,1286.5877820971928,1309.0930858623337,1272.3974756770033,1294.80322265625,713104
2022-03-24,1299.5330744730736,1304.4622892354325,1265.6755077818211,1271.5009765625,453482
2022-03-25,1282.6045849193376,1282.6045849193376,1235.5525145486554,1256.0164794921875,662176
2022-03-28,1257.7092216673914,1284.5961171424663,1249.742734119221,1274.18994140625,939603
2022-03-29,1277.5257654044908,1277.8742748906466,1254.9706253114648,1270.853759765625,539919
2022-03-30,1279.6168860407433,1279.6168860407433,1246.8049685981368,1251.833740234375,366894
2022-03-31,1249.7427359789972,1279.517507546383,1243.618474355437,1270.1568603515625,755068
2022-04-01,1275.6338286013222,1289.5751819193695,1254.7716377953975,1263.1363525390625,491523
2022-04-04,1251.0870761522676,1303.5165475444364,1251.0870761522676,1289.2266845703125,762394
2022-04-05,1304.5122942908808,1329.4075670826915,1285.442491020564,1313.6737060546875,1337792
2022-04-06,1318.0054941834173,1331.1999878962863,1295.7988636883706,1322.735595703125,907711
2022-04-07,1330.4033869599502,1341.207911112618,1294.5541938981553,1302.271728515625,1038577
2022-04-08,1302.7197350351241,1314.072003295628,1260.248498561867,1264.331298828125,874307
2022-04-11,1273.8910674247625,1286.089750696956,1261.0450827691943,1275.5341796875,509264
2022-04-12,1269.6589650272704,1282.4551114610483,1230.7724986905005,1245.2615966796875,845636
2022-04-13,1254.7216256342892,1257.5099445370515,1216.3829092954638,1227.6356201171875,742352
2022-04-18,1224.847281907693,1242.771876277074,1210.905930731508,1218.37451171875,395195
2022-04-19,1239.4859235321217,1272.6464790029668,1225.5445693020422,1243.22021484375,1575212
2022-04-20,1245.7593185045728,1280.26418724976,1245.7593185045728,1260.596923828125,743805
2022-04-21,1274.4885485336524,1289.5751078914304,1254.7217265970676,1280.4136962890625,516906
2022-04-22,1277.6254320872629,1288.579352393545,1260.198740690905,1281.2103271484375,481960
2022-04-25,1250.0415584009468,1276.380709915667,1224.9470490389103,1232.2662353515625,403163
2022-04-26,1243.5686706248864,1281.807711017745,1239.7845406723486,1274.488525390625,640781
2022-04-27,1234.8053252551022,1259.1031317735205,1209.9598957616456,1219.8681640625,705547
2022-04-28,1190.989740417219,1233.710048896146,1176.0525781210165,1220.6151123046875,1076903
2022-04-29,1234.8055326748254,1243.9669444549622,1217.1797281303855,1223.254150390625,439063
2022-05-02,1214.8892653551793,1226.6895998913076,1200.5495644687064,1215.08837890625,488409
2022-05-04,1218.474221282108,1229.7269333375377,1200.0517192034163,1208.1676025390625,489438
2022-05-05,1228.8306933515353,1237.6435958113502,1201.0475439631582,1207.2713623046875,464980
2022-05-06,1187.0066109044583,1194.7241454971677,1133.382217433358,1141.9461669921875,840078
2022-05-09,1131.0421866527809,1146.6265316138858,1088.2720311074786,1099.2259521484375,873730
2022-05-10,1095.3920257223324,1107.4413136934877,1050.580533760964,1055.708984375,663951
2022-05-11,1068.505128668689,1071.0942127767855,1005.3209129582474,1041.5186767578125,805254
2022-05-12,1040.6223838085866,1040.6223838085866,978.7327124597603,1006.6154174804688,1433291
2022-05-13,1030.3655207705533,1050.08262581049,1014.2832107168167,1027.6768798828125,467140
2022-05-16,1019.7105568057766,1040.67242888714,1000.8897028810633,1034.797119140625,536424
2022-05-17,1031.9589407072265,1075.3264348376097,1031.6601487973135,1071.09423828125,438660
2022-05-18,1080.4547995045411,1095.391962631332,1061.3352793258268,1080.504638671875,623123
2022-05-19,1057.7006755595137,1070.3474266072062,1007.5615553557031,1032.3074951171875,1247443
2022-05-20,1040.9604203732977,1088.195295438358,1040.9604203732977,1083.162841796875,629720
2022-05-23,1088.1951781942303,1095.17078831086,1056.6554309807573,1061.5882568359375,302084
2022-05-24,1067.168666714045,1076.6853184770587,1043.601046538185,1072.1512451171875,337854
2022-05-25,1076.1871584855544,1082.06662586483,1022.8735647245655,1034.33349609375,407027
2022-05-26,1039.764576491119,1050.626622689551,1000.9004615454388,1045.295166015625,444559
2022-05-27,1049.33105362868,1071.1547722354246,1041.8571857253419,1064.7271728515625,293538
2022-05-30,1083.2128261867817,1119.2866545370211,1073.247666792239,1115.001708984375,547836
2022-05-31,1111.1150289882364,1131.04534340955,1105.4349380361562,1120.133544921875,1673884
2022-06-01,1128.0559539661383,1141.0106601512618,1102.3956705609899,1105.58447265625,521752
2022-06-02,1107.92638757855,1120.0838324758922,1094.1744199808982,1108.97265625,433531
2022-06-03,1107.2286956590326,1141.0106060537273,1107.2286956590326,1125.3653564453125,843397
2022-06-06,1125.0663881286773,1134.5332886488036,1088.1953018923966,1100.90087890625,620866
2022-06-07,1102.14652488649,1102.14652488649,1069.2615019920468,1081.0701904296875,284321
2022-06-08,1076.2370360654324,1094.1244455531528,1074.1941300704596,1083.212646484375,469020
2022-06-09,1074.244066093714,1087.9461587734806,1059.3959558790034,1080.4722900390625,557580
2022-06-10,1077.23363201981,1116.1973773596117,1068.0657348733866,1109.421142578125,859171
2022-06-13,1106.0826361799755,1107.6771587365122,1079.6749681334811,1082.8638916015625,514725
2022-06-14,1082.6148943873764,1088.4943625062751,1060.492168496013,1065.723876953125,495087
2022-06-15,1066.5209462517146,1104.139414573137,1062.0366255246577,1091.0850830078125,882202
2022-06-16,1101.3990022347568,1113.7059470779825,1065.7735651572698,1074.2938232421875,387582
2022-06-17,1074.293999160937,1080.920732484369,1032.6894609359033,1040.163330078125,753097
2022-06-20,1040.2629220206284,1054.2638967513853,1010.9653316487755,1045.1458740234375,518858
2022-06-21,1052.4202912278445,1065.2753691224932,1034.483007182751,1046.5906982421875,1352719
2022-06-22,1046.5907505279438,1047.3381374004941,1005.7834151221973,1017.2433471679688,673346
2022-06-23,1019.9338858415271,1034.3334899929202,1008.4739545399369,1026.162109375,486409
2022-06-24,1036.376433637308,1058.7980391727306,1030.5965933301788,1055.01123046875,462900
2022-06-27,1077.1340790380525,1077.1340790380525,1037.6720730529842,1045.44482421875,344510
2022-06-28,1046.341661577785,1072.2510741501874,1026.4113442143987,1064.528076171875,442089
2022-06-29,1055.9082155078818,1111.115220288906,1039.0173197857077,1105.38525390625,1397225
2022-06-30,1097.1637704775885,1109.4209620755214,1065.5243974415637,1070.4073486328125,529542
2022-07-01,1070.4074554548745,1084.3088020063042,1055.409844223266,1069.8095703125,555368
2022-07-04,1069.8095032835772,1118.090641413911,1069.8095032835772,1114.3038330078125,736578
2022-07-05,1114.303877912626,1130.4475062657839,1106.2321245585424,1116.4464111328125,635508
2022-07-06,1120.7812584609098,1170.9060512711976,1109.122072395611,1167.91650390625,835710
2022-07-07,1171.105503640395,1182.8145661314657,1154.3142340992242,1166.4718017578125,291188
2022-07-08,1167.7670617033789,1206.58142662276,1158.3997884869748,1200.05419921875,954902
2022-07-11,1198.6094104215674,1218.5397290408487,1192.8295693639716,1203.193359375,877368
2022-07-12,1201.798113995988,1207.7772090904953,1179.924639766582,1191.7830810546875,583382
2022-07-13,1198.0111843012205,1207.7272128500078,1154.7126236828244,1201.349609375,325971
2022-07-14,1201.79808600217,1212.6601328331794,1166.0231435243495,1175.191162109375,453534
2022-07-15,1181.369419192515,1210.617132065795,1177.9314885200895,1206.4815673828125,315845
2022-07-18,1217.7421989846514,1233.3874469911905,1198.5093971021047,1204.339111328125,980588
2022-07-19,1203.5918687438736,1214.005410514668,1190.8862919049145,1198.0611572265625,491128
2022-07-20,1205.784268704462,1228.7041349690924,1198.808657232618,1205.2860107421875,604230
2022-07-21,1207.5279759081789,1224.9171273158709,1196.8154314551043,1216.29736328125,476539
2022-07-22,1217.7424055826004,1262.4361184797694,1216.2975062143382,1239.4166259765625,942665
2022-07-25,1233.1884424163493,1240.6623117643273,1217.0449332827206,1228.2557373046875,381778
2022-07-26,1234.3840937393252,1243.4524849891372,1218.9380985773341,1227.209228515625,331124
2022-07-27,1227.7074411410226,1254.164983761921,1220.9310851780265,1250.0294189453125,532946
2022-07-28,1251.6240133668346,1266.5218779252584,1243.7017603478755,1254.414306640625,504060
2022-07-29,1263.5321720354314,1272.4011870692466,1245.6946363608433,1264.179931640625,656479
2022-08-01,1263.5821389646185,1300.9514845570263,1263.5821389646185,1296.4671630859375,793553
2022-08-02,1295.3709406636608,1307.9270156852397,1272.3514495166003,1304.0904541015625,502117
2022-08-03,1306.4321017639686,1322.127224267998,1287.498303187679,1304.18994140625,393606
2022-08-04,1320.3834871198321,1320.3834871198321,1283.612028319344,1312.1622314453125,393725
2022-08-05,1315.4008760601837,1319.0879359184141,1297.6628458916764,1311.315185546875,242951
2022-08-08,1311.3152454455303,1328.3556423347777,1302.8946134354762,1314.0556640625,438066
2022-08-10,1314.8526548887232,1327.2094744914934,1296.4669879982423,1306.6812744140625,313632
2022-08-11,1324.3695370655523,1354.96252436535,1315.849278067515,1335.480712890625,1702218
2022-08-12,1342.306810389029,1385.754875839511,1328.0068326919834,1377.9322509765625,1159339
2022-08-16,1385.754797801317,1449.2826777889536,1384.857909284258,1405.037353515625,1476050
2022-08-17,1405.3863655994603,1476.8365040822823,1405.3863655994603,1469.5618896484375,1594684
2022-08-18,1475.839863207446,1517.1952678820637,1443.203971566633,1450.4287109375,1748382
2022-08-19,1459.7961207769,1482.217727828629,1383.8615385747091,1393.2786865234375,1284783
2022-08-22,1393.2786921583127,1411.813863067037,1294.623620731712,1309.521484375,3129067
2022-08-23,1304.8378282562408,1350.2789249438003,1278.5297864966021,1342.1075439453125,2092763
2022-08-24,1345.2964400652386,1349.1828763322058,1317.4438698344825,1340.2142333984375,633681
2022-08-25,1352.5210409650324,1368.6147951238968,1333.3381122204557,1354.66357421875,1144010
2022-08-26,1361.240737741506,1395.969292995441,1358.3010644548995,1385.7550048828125,1047852
2022-08-29,1347.289415414511,1363.2336688513692,1325.7646976037527,1355.9093017578125,575626
2022-08-30,1357.80271418439,1411.9134516176184,1357.80271418439,1402.346923828125,1311053
2022-09-01,1389.64130583983,1411.066395890426,1386.7016328397237,1409.0733642578125,738051
2022-09-02,1414.055990356524,1416.5971544305987,1383.2636262798026,1386.253173828125,462018
2022-09-05,1385.1569187349141,1404.0408438970808,1379.8255837004365,1393.378173828125,633249
2022-09-06,1400.1047901588465,1408.674802267829,1381.6692466585343,1385.107177734375,342940
2022-09-07,1385.0073826796283,1419.0882941165942,1381.270448639061,1408.2760009765625,887074
2022-09-08,1422.9250366613942,1422.9250366613942,1399.207910271401,1402.147705078125,604853
2022-09-09,1409.5717478484924,1417.0456171371907,1367.0703201644267,1374.544189453125,594999
2022-09-12,1380.1745227070999,1412.8602929136896,1380.1745227070999,1395.4212646484375,733357
2022-09-13,1402.7953766914463,1464.878365606088,1400.1048324330297,1455.261962890625,934852
2022-09-14,1438.9189401106967,1469.213044746194,1422.9746873178028,1425.615478515625,786238
2022-09-15,1439.2179797617757,1446.3928450413114,1421.0814404110063,1430.199462890625,552868
2022-09-16,1433.986228045108,1458.3012377558307,1404.7385138104348,1427.7081298828125,936253
2022-09-19,1428.4057501802756,1434.9827300305838,1380.672619762065,1416.84619140625,625902
2022-09-20,1422.0280114433895,1453.9165162550141,1422.0280114433895,1440.513427734375,551632
2022-09-21,1445.9444019994833,1493.3785289697096,1440.9618230814974,1456.856201171875,1496404
2022-09-22,1456.8561844118547,1487.7980477945814,1435.979227643665,1481.56982421875,878084
2022-09-23,1484.8086753406565,1486.6522054072123,1412.7605278725,1428.655029296875,743035
2022-09-26,1415.0524418481946,1423.8218295824352,1348.2858829722586,1404.0408935546875,877826
2022-09-27,1414.4545323831644,1438.370911270934,1385.156943916648,1391.1859130859375,599701
2022-09-28,1382.1674590266648,1404.5391907977557,1365.5256932897507,1383.3134765625,341570
2022-09-29,1398.1116084135715,1404.2402046540046,1365.3262156477906,1392.7802734375,513074
2022-09-30,1392.8301383846663,1425.0176486163073,1367.6183606653776,1415.052490234375,721128
2022-10-03,1414.0559775541003,1420.0350725966123,1378.181407299028,1384.957763671875,487553
2022-10-04,1405.0871884539874,1431.893486094625,1396.8160591831074,1426.46240234375,669791
2022-10-06,1433.8865496440815,1449.7311745377538,1423.0245035443318,1442.35693359375,572255
2022-10-07,1449.930504695847,1474.8433999655351,1435.0326419825722,1445.6953125,633829
2022-10-10,1425.0176760475426,1446.741770396338,1413.0594857590318,1426.8612060546875,532783
2022-10-11,1441.2109137829607,1454.564249257813,1401.3502834968285,1418.091796875,670168
2022-10-12,1415.052447405403,1434.8332618658385,1393.1290996286996,1417.344482421875,402168
2022-10-13,1417.9921943230977,1433.5876918610334,1391.1361405542104,1396.7664794921875,286921
2022-10-14,1427.010793348212,1427.010793348212,1369.0633684373674,1374.7933349609375,441023
2022-10-17,1373.1488725840884,1382.5660197071106,1349.3322427200792,1373.4478759765625,418522
2022-10-18,1382.167589234815,1430.9968696043218,1368.5153697078754,1423.921630859375,651226
2022-10-19,1425.017581330421,1442.6558621756042,1412.1625032957143,1419.18798828125,451427
2022-10-20,1410.0699089101138,1426.6120474700947,1400.1047505432578,1420.5333251953125,439690
2022-10-21,1420.533444663847,1437.9724732724876,1401.3006387403134,1426.0142822265625,458912
2022-10-24,1441.3106601991205,1441.3106601991205,1417.0455238351626,1424.270263671875,70262
2022-10-25,1425.0176684641879,1436.975858689062,1414.7535065298368,1428.953857421875,244221
2022-10-27,1428.9538579091086,1465.4264354234126,1428.0072165073173,1458.0023193359375,441597
2022-10-28,1465.3765055366935,1472.8503741470472,1439.9653522614908,1453.86669921875,325536
2022-10-31,1454.9130899176187,1537.6239025636203,1454.9130899176187,1522.5765380859375,2085522
2022-11-01,1539.5670941498797,1560.5438011826527,1517.4444912202327,1552.123291015625,999663
2022-11-02,1559.547134895493,1559.547134895493,1511.863881010593,1524.918212890625,535001
2022-11-03,1505.7353184680574,1546.2934613796508,1498.6102064308882,1540.1151123046875,504000
2022-11-04,1544.400248687957,1544.7987576953642,1490.3392660762488,1500.7528076171875,591976
2022-11-07,1512.4120223543941,1518.1918628104247,1481.320777202295,1502.646240234375,501244
2022-11-09,1501.6994115420819,1503.6426903072324,1489.940598281783,1496.517578125,328444
2022-11-10,1489.7911534586215,1494.07622014998,1454.4647162369495,1465.775146484375,584753
2022-11-11,1466.9709266710038,1544.3005306264959,1390.139580629716,1414.1058349609375,2812289
2022-11-14,1428.5552333763217,1436.5771123526224,1396.1684707915877,1422.077880859375,1122597
2022-11-15,1419.138194715899,1420.0350833080413,1401.1511566476645,1411.2159423828125,710092
2022-11-16,1411.2158246831013,1420.0349648727868,1382.2669930569966,1389.989990234375,467953
2022-11-17,1391.1361057375234,1405.9343415590981,1374.1953365415793,1391.8336181640625,944775
2022-11-18,1398.8091547574472,1398.8091547574472,1367.1200258718127,1378.231201171875,591196
2022-11-21,1374.1453172788947,1377.9820001555331,1353.9658737456107,1373.846435546875,457376
2022-11-22,1375.1918297890047,1407.977224552829,1375.1918297890047,1403.2437744140625,770340
2022-11-23,1403.2436972473934,1416.9955418020486,1395.1220694427109,1405.38623046875,1390277
2022-11-24,1409.0733617453857,1429.003678035985,1404.0907826727357,1424.469482421875,602103
2022-11-25,1425.0177612983427,1442.955047804196,1419.2379203217863,1427.409423828125,541513
2022-11-28,1416.0488355036089,1439.8655854966003,1415.2018214721709,1434.1356201171875,290527
2022-11-29,1433.9863677044984,1457.40449115207,1429.05366270014,1451.873779296875,476040
2022-11-30,1451.8736060946662,1474.6440888124225,1430.3488897375344,1466.5224609375,960009
2022-12-01,1468.4159267284224,1473.8468892580208,1450.528394875852,1458.998779296875,392526
2022-12-02,1458.899187887885,1472.2525244557496,1455.3117551974888,1463.582763671875,286105
2022-12-05,1457.5538574136224,1475.8398979922245,1443.6523890336534,1470.408935546875,462047
2022-12-06,1464.8781885931942,1482.8154725351517,1455.4611631816633,1470.608154296875,501781
2022-12-07,1470.907218933236,1477.9325824493646,1449.9305123474612,1458.30126953125,233857
2022-12-08,1460.8921524133395,1461.3405358621537,1439.7660662615401,1453.0196533203125,325774
2022-12-09,1462.8852019970636,1462.8852019970636,1427.9075215644164,1452.9200439453125,381953
2022-12-12,1449.9304741149977,1451.4252477996524,1435.0823645184296,1444.49951171875,266399
2022-12-13,1443.95154058062,1454.8135882307595,1435.0825247325242,1438.470703125,392861
2022-12-14,1439.1681004394493,1455.4612314334306,1436.577183633112,1446.293212890625,247467
2022-12-15,1444.2005385927503,1454.8632091087675,1423.1242048683832,1430.9967041015625,383487
2022-12-16,1422.2772937906955,1427.459127723488,1396.1187518660113,1402.3968505859375,505066
2022-12-19,1390.1396355890752,1419.2877247223946,1383.1640245144347,1413.109375,467614
2022-12-20,1413.1093427598971,1416.3480192563754,1390.9866180123367,1407.47900390625,270778
2022-12-21,1406.0837387677493,1415.2018823098763,1351.1757446657743,1361.63916015625,585477
2022-12-22,1363.2335569006443,1375.191745996264,1313.6070234958268,1327.807373046875,879064
2022-12-23,1310.4184110996164,1330.3487291391543,1273.4974482733694,1279.925048828125,1182635
2022-12-26,1285.4555694808837,1360.2441325319405,1277.0350592232103,1352.770263671875,835478
2022-12-27,1353.965913985415,1358.500109349842,1323.32305437602,1342.1572265625,868094
2022-12-28,1340.3137158922325,1351.7736472920546,1329.9499275146993,1341.7088623046875,565769
2022-12-29,1336.3776234695158,1345.2963916301003,1303.7417295244154,1343.9012451171875,572355
2022-12-30,1350.627787192843,1356.4076280128897,1335.4309198702267,1346.6417236328125,310890
2023-01-02,1353.2686300812568,1353.6672607814169,1327.3592159559898,1337.473876953125,195562
2023-01-03,1337.3242345623503,1345.2963611469245,1325.4159191346414,1342.7054443359375,233893
2023-01-04,1341.3602106238461,1348.8340795103986,1295.5204814529916,1302.8448486328125,589604
2023-01-05,1307.4288086122756,1307.4288086122756,1267.8671776194324,1275.440673828125,617568
2023-01-06,1276.5366652501823,1285.0569235005967,1231.6934568690283,1243.8011474609375,1046858
2023-01-09,1249.4316584989658,1250.6274288964823,1209.1225181821917,1215.500244140625,852556
2023-01-10,1220.7318686957815,1230.8465285082602,1197.7621305900786,1219.3865966796875,588497
2023-01-11,1225.813997222004,1230.6969487159477,1200.8014762775035,1206.4815673828125,680945
2023-01-12,1210.7668483272078,1238.1710362523092,1200.3034311194417,1205.2860107421875,566434
2023-01-13,1209.7702070465982,1214.105026540212,1181.9673913035954,1201.2001953125,819106
2023-01-16,1202.7448031637905,1212.2117041060887,1187.8469392862812,1193.2281494140625,372068
2023-01-17,1195.7691021598705,1195.7691021598705,1176.735674444517,1188.9429931640625,528204
2023-01-18,1193.8259106506844,1227.9565762932434,1186.750672904875,1218.53955078125,802598
2023-01-19,1218.6890185569687,1218.6890185569687,1187.8469014434309,1194.125,334432
2023-01-20,1200.4030175065363,1203.2929379183229,1172.8992032545475,1178.1807861328125,373948
2023-01-23,1184.1098668585919,1185.1562570778774,1157.054439301981,1173.148193359375,485408
2023-01-24,1172.8991648979877,1204.339288876746,1172.8492904470854,1198.5594482421875,1173927
2023-01-25,1201.6484855843185,1215.2010753738439,1180.9707838961306,1207.876708984375,765489
2023-01-27,1207.7772278635362,1207.7772278635362,1150.9758235828251,1172.20166015625,1368360
2023-01-30,1175.7889212719078,1185.8537057056224,1157.2537532260103,1176.2373046875,932999
2023-01-31,1176.237404326023,1200.2036580580698,1165.1262287880575,1192.4307861328125,965496
2023-02-01,1199.805115147641,1260.5925836061176,1187.9964263416755,1211.7633056640625,1724393
2023-02-02,1210.8662789400078,1220.3830531318852,1192.5303645771444,1206.3819580078125,590000
2023-02-03,1212.759683258343,1234.0851449100435,1204.8374316025318,1231.3447265625,304320
2023-02-06,1236.6761336904642,1244.2496296000204,1209.6705792740877,1225.8140869140625,365009
2023-02-07,1227.807020339891,1244.3990317590087,1201.8478582699693,1208.923095703125,499648
2023-02-08,1207.876781710116,1235.6795969709617,1205.7841228506966,1231.743408203125,336510
2023-02-09,1285.5055310977277,1342.0578093068718,1259.64599174644,1337.2247314453125,4103779
2023-02-10,1337.2247444482796,1347.8874161906601,1315.998906582033,1324.17041015625,820161
2023-02-13,1330.3485224581539,1330.3485224581539,1297.5133772472384,1301.89794921875,338292
2023-02-14,1302.794823718603,1320.383350795939,1292.381282930698,1315.9986572265625,316603
2023-02-15,1313.956037939875,1347.2894448516122,1306.6814234923643,1342.7552490234375,821781
2023-02-16,1345.2964958180776,1366.2233301974697,1333.6870609881269,1358.350830078125,584385
2023-02-17,1355.2615421329401,1374.0957158342287,1345.4458854398742,1355.9093017578125,535675
2023-02-20,1355.3114769910503,1359.1480388162952,1328.6546770881725,1339.1678466796875,390430
2023-02-21,1338.3206958035307,1352.7203002016474,1325.0172344370885,1333.437744140625,575418
2023-02-22,1324.3197356758124,1347.737858954976,1318.8887727648168,1339.1678466796875,556036
2023-02-23,1340.3139037006551,1340.3139037006551,1310.268924578661,1323.5723876953125,347591
2023-02-24,1327.3591388776845,1337.2744231264644,1294.7731185857606,1301.0013427734375,409365
2023-02-27,1301.69877439074,1302.7451646472916,1267.5681079617389,1284.359375,419611
2023-02-28,1284.35944844263,1303.0939953650584,1268.5646963093345,1273.69677734375,907835
2023-03-01,1282.01766479823,1305.3361604496392,1275.7894406202363,1287.000244140625,467538
2023-03-02,1287.0002500876376,1302.2469916038203,1272.3515154113084,1280.4730224609375,299267
2023-03-03,1285.5054056033725,1308.2757677224638,1271.9528148035301,1300.353515625,568928
2023-03-06,1302.0476785820351,1328.9536084600375,1302.0476785820351,1320.7822265625,566960
2023-03-08,1314.4543134629646,1343.3033993837157,1308.4752182134823,1337.8724365234375,521534
2023-03-09,1341.7089376014717,1362.1375121128247,1323.5722765117102,1330.3486328125,625276
2023-03-10,1319.935001093358,1340.7620832012449,1313.407774194864,1336.32763671875,391986
2023-03-13,1336.3275903157612,1352.3714691963714,1306.4819929409764,1319.4864501953125,698497
2023-03-14,1326.4621870177905,1346.292876214795,1292.4311473499788,1333.138916015625,626503
2023-03-15,1340.3137343306528,1355.2614711447493,1308.4751035746247,1316.646484375,343676
2023-03-16,1315.4008388674586,1340.3636079903272,1303.442649423209,1331.69384765625,475242
2023-03-17,1344.2997446442346,1355.1119161858,1331.3450399145274,1351.474609375,440067
2023-03-20,1361.2405892497495,1361.2405892497495,1300.45312516173,1339.765625,605595
2023-03-21,1341.6590764786934,1349.033318021625,1313.4577512016033,1316.945556640625,318911
2023-03-22,1318.489950718894,1344.7979905729949,1317.4934349793068,1324.86767578125,344287
2023-03-23,1327.857307598034,1347.6879964082345,1311.614051349906,1340.4632568359375,388796
2023-03-24,1340.313774875535,1340.313774875535,1300.453142165482,1305.485595703125,316370
2023-03-27,1312.0625972776038,1338.1712634726427,1305.4856171016397,1323.8214111328125,456288
2023-03-28,1331.3452016767164,1333.8364913505127,1283.5124399398285,1286.6514892578125,474383
2023-03-29,1283.5124194448777,1336.32775968601,1283.5124194448777,1331.1956787109375,508829
2023-03-31,1331.3451800003372,1384.1605202249016,1331.3451800003372,1370.159423828125,675734
2023-04-03,1388.1467198977393,1388.1467198977393,1347.090311369968,1352.6707763671875,401477
2023-04-05,1355.2614753513324,1368.216180630426,1345.296317444337,1360.0447998046875,212990
2023-04-06,1362.2371991566101,1373.1988737657707,1342.3068816854088,1362.486328125,343855
2023-04-10,1362.4862009645594,1368.415421200868,1344.200160720364,1353.9659423828125,357266
2023-04-11,1351.3751641491265,1366.1236478705282,1332.3417351192807,1349.4320068359375,235880
2023-04-12,1349.431974157005,1362.2371786101114,1340.86196210265,1358.500244140625,177221
2023-04-13,1363.1338974321702,1379.1777764272176,1352.4711060869618,1357.05517578125,378453
2023-04-17,1351.2754347764187,1363.2336244647056,1335.879314210748,1358.550048828125,375958
2023-04-18,1358.5500738191388,1368.614859329593,1348.2859121565477,1356.357666015625,502824
2023-04-19,1356.257975136054,1366.1732584785004,1344.4492874846246,1354.66357421875,212326
2023-04-20,1358.898887372359,1393.6274410340898,1349.8306173049277,1388.8441162109375,611747
2023-04-21,1396.1188037523902,1400.90212882582,1367.2198420758598,1378.5302734375,600063
2023-04-24,1388.8938854195478,1391.1859203996728,1372.600876545598,1379.1778564453125,327783
2023-04-25,1383.164034462128,1383.164034462128,1368.6646798232732,1376.4874267578125,153489
2023-04-26,1374.0458128422683,1383.8614693314412,1360.592849284367,1368.7144775390625,509852
2023-04-27,1373.1988199723025,1382.167462483007,1368.3158680541414,1377.48388671875,422730
2023-04-28,1370.2093593992756,1370.2093593992756,1301.6490169764218,1362.984619140625,1816275
2023-05-02,1365.2265413232092,1433.9861262511663,1364.2799000437894,1401.599365234375,1312984
2023-05-03,1404.5390775042144,1409.0732728322148,1373.8464653404071,1385.306396484375,515474
2023-05-04,1390.0897728784012,1402.745597493428,1378.33095852598,1400.054931640625,244571
2023-05-05,1399.805829878594,1422.476566503288,1391.1361902449557,1411.86376953125,317728
2023-05-08,1412.0627983273062,1424.9178756544845,1408.1266098269434,1416.547119140625,319478
2023-05-09,1417.0952292806614,1442.9547635748547,1417.0952292806614,1427.9571533203125,824650
2023-05-10,1434.9827335733812,1449.3325852381138,1423.1740458240158,1435.6304931640625,469015
2023-05-11,1440.5632800613746,1469.860870210157,1440.5632800613746,1466.2734375,456556
2023-05-12,1466.2235627491493,1484.8086075688602,1457.2051673478957,1480.9720458984375,326598
2023-05-15,1480.8225246495113,1513.0597874486486,1467.8678188484052,1506.034423828125,496686
2023-05-16,1512.710929646585,1523.6726030498212,1491.335715168271,1494.972900390625,481416
2023-05-17,1497.713283048599,1507.8778165854485,1480.8223899105085,1500.3043212890625,469701
2023-05-18,1502.845503337897,1512.4619054548325,1480.8724022084223,1485.506103515625,245900
2023-05-19,1485.456411915126,1493.378664455467,1466.422983050624,1487.8978271484375,468553
2023-05-22,1488.695077277126,1501.9486653144297,1472.9500779285963,1491.036865234375,276941
2023-05-23,1494.6740764828523,1506.6820189158523,1487.9475948160489,1498.4110107421875,368971
2023-05-24,1499.7064089348485,1499.806157831136,1480.772608679515,1493.2789306640625,362122
2023-05-25,1496.5374925223107,1516.0883139328603,1489.9041454997555,1511.449951171875,475551
2023-05-26,1510.4025524881642,1529.8038477057119,1489.305691099315,1526.3624267578125,415204
2023-05-29,1527.5593923145327,1540.6265141810395,1519.2801593630231,1534.0430908203125,347260
2023-05-30,1534.0432284160029,1557.9830404307738,1524.8164258686434,1554.44189453125,341563
2023-05-31,1557.4843117217483,1591.000024563478,1546.1128765350413,1556.53662109375,1279601
2023-06-01,1560.9754197160223,1569.105004725902,1546.1127629963198,1558.481689453125,452507
2023-06-02,1562.6213071968273,1599.179295466572,1556.0377618865762,1593.294189453125,514635
2023-06-05,1591.000024962941,1605.9624076428433,1583.6185584880195,1595.0399169921875,231024
2023-06-06,1600.9248960745865,1603.4685496334844,1580.0274852998066,1598.6307373046875,208474
2023-06-07,1600.9748325793282,1607.9572773320106,1582.8205249280231,1598.8302001953125,632805
2023-06-08,1604.9649541552433,1612.6455954104117,1579.379254802977,1584.6160888671875,286923
2023-06-09,1590.0023679379701,1616.036886748989,1585.912674782306,1594.391357421875,437123
2023-06-12,1594.3913986372443,1604.964790555315,1580.57615739083,1591.3489990234375,223661
2023-06-13,1598.3815049183727,1690.4998840417138,1594.2918113042106,1681.4227294921875,1634306
2023-06-14,1691.247869868706,1725.6613476100626,1676.7842342962517,1706.908447265625,1207550
2023-06-15,1711.9459255443921,1711.9459255443921,1676.3355040144138,1680.82421875,465902
2023-06-16,1681.6221261625476,1715.187761551266,1675.7868214051334,1709.950927734375,484881
2023-06-19,1710.1503581394124,1719.2276340641497,1694.8888013896833,1704.1654052734375,199840
2023-06-20,1705.7115653326978,1720.6739474847388,1690.848908042168,1715.1378173828125,273300
2023-06-21,1719.6265134289638,1719.6265134289638,1687.6569636350578,1696.53466796875,369391
2023-06-22,1695.73655132198,1715.1876470577322,1691.9959559881815,1706.40966796875,213389
2023-06-23,1705.7114435923256,1739.526449195323,1690.449766180832,1720.6239013671875,732596
2023-06-26,1722.5192377560993,1757.381660301072,1706.9583850849313,1749.2520751953125,445964
2023-06-27,1761.570969335021,1761.570969335021,1733.1923690726348,1738.47900390625,320512
2023-06-28,1755.5361445717924,1768.752914685106,1745.0624776895438,1764.86279296875,322724
2023-06-30,1770.4986724190064,1779.4761019184978,1755.087467150552,1759.725830078125,336262
2023-07-03,1770.4487649772454,1775.5359503698523,1741.521493875714,1747.1573486328125,238418
2023-07-04,1747.1574372516118,1787.45602300504,1726.609001394865,1731.9954833984375,399795
2023-07-05,1740.6237495670055,1741.621241687101,1697.73158840289,1727.3570556640625,502769
2023-07-06,1727.3570928840584,1755.586169196699,1719.0779811673758,1749.9005126953125,240874
2023-07-07,1744.9130507766045,1749.551291820433,1691.7466709611292,1698.5794677734375,248389
2023-07-10,1710.649065637513,1713.641542003022,1664.8143513448047,1672.4451904296875,299305
2023-07-11,1672.445302967024,1703.7166587379788,1668.8044321244956,1688.80419921875,457955
2023-07-12,1692.7441493826227,1695.7366257810597,1663.7669542187523,1683.716796875,502653
2023-07-13,1686.7092795141425,1703.71656914719,1654.6400047369114,1661.8218994140625,270100
2023-07-14,1668.0062762094544,1689.5022801249802,1653.293267423126,1683.4176025390625,268107
2023-07-17,1692.1954139107586,1718.6289543978553,1670.7992572032865,1690.0509033203125,473571
2023-07-18,1700.3750232009565,1706.659150707224,1668.8043722012765,1686.06103515625,173675
2023-07-19,1695.4871943334965,1715.686409327027,1683.7666621767567,1712.145263671875,383674
2023-07-20,1715.7862658145077,1720.674001824701,1697.9311315296932,1710.44970703125,235107
2023-07-21,1701.721594365464,1725.7113290878347,1696.933583377874,1709.601806640625,331260
2023-07-24,1720.6739992655214,1729.8508785559316,1697.7816025896611,1704.91357421875,392933
2023-07-25,1704.7140190522382,1714.1402708030014,1687.706729840518,1705.162841796875,221128
2023-07-26,1715.6864874399403,1722.120263062169,1699.8263379997238,1702.320068359375,273042
2023-07-27,1702.3199873210026,1718.3795857198083,1693.4422833104295,1704.763916015625,215362
2023-07-28,1709.3025245830297,1734.5889262429882,1686.3602051236899,1726.309814453125,344569
2023-07-31,1734.6387765651953,1759.5760792760232,1726.7087630088213,1752.693359375,346064
2023-08-01,1755.5861158671464,1757.6310234009568,1697.6318485541397,1703.3175048828125,260609
2023-08-02,1703.317616543295,1712.3449694479077,1673.941520645787,1686.6595458984375,752736
2023-08-03,1685.26292511569,1693.2428620206474,1666.210850107939,1683.218017578125,269065
2023-08-04,1694.7391431373583,1713.7414170795016,1685.7617138917808,1696.6842041015625,396908
2023-08-07,1705.7115482499908,1713.691485317827,1672.7943078451665,1685.562255859375,395041
2023-08-08,1675.786785462684,1715.3871744849114,1670.200853863977,1709.4022216796875,322580
2023-08-09,1717.5318537977937,1801.8698647519982,1698.7790742215009,1783.416259765625,2491542
2023-08-10,1805.460757238468,1910.1974310009205,1785.5109146170485,1890.6964111328125,4043720
2023-08-11,1889.050615628979,1905.0602910122946,1871.6942284794043,1881.0706787109375,697959
2023-08-14,1880.2727378892375,1930.1473463213129,1855.4850818513323,1924.7608642578125,1480009
2023-08-16,1924.1623531684252,1962.067054786051,1901.6190549802518,1951.643310546875,1232266
2023-08-17,1960.0719410007514,1979.5729599082335,1955.0844805910804,1969.847412109375,969098
2023-08-18,1974.2363487780246,2022.614716440696,1951.0945803749526,1969.0494384765625,1571201
2023-08-21,1968.9995309285857,2012.9391077291361,1945.1595665585949,1994.934326171875,1066063
2023-08-22,1994.9343493405302,2028.8990052881184,1993.9867805166907,2022.764404296875,647887
2023-08-23,2030.6946095816766,2063.761377625209,2022.764473767021,2045.8065185546875,707284
2023-08-24,2062.614218855887,2074.4343541569474,2031.4425906436834,2063.861083984375,462418
2023-08-25,2056.878765946704,2056.878765946704,1994.9843284508443,2008.94921875,766297
2023-08-28,2021.9666031684778,2021.9666031684778,1985.4582914095129,2000.719970703125,696730
2023-08-29,2004.959155618707,2047.5520203184694,1995.9817265636977,2044.16064453125,352814
2023-08-30,2063.4120726415704,2072.1401277432165,2042.2152456305548,2057.377197265625,844098
2023-08-31,2058.823683188763,2067.9009586606708,2038.3251719397178,2043.46240234375,682000
2023-09-01,2054.5344061723986,2107.650859890055,2034.8838607327555,2057.926025390625,785674
2023-09-04,2068.7986824771174,2069.2974285432883,2014.9341073306543,2026.3055419921875,744599
2023-09-05,2029.8465159646248,2074.7835841245296,2022.9139945214165,2058.5244140625,536090
2023-09-06,2067.0031056266307,2081.9155639942496,2046.5045940208895,2062.31494140625,331114
2023-09-07,2067.801151480736,2087.7509937526193,2050.5444892098867,2082.51416015625,303430
2023-09-08,2094.7336040949585,2126.2045314716775,2062.115658108296,2081.3173828125,548262
2023-09-11,2088.6984290718306,2101.067476606935,2072.539106569973,2080.51904296875,623499
2023-09-12,2088.6986208500844,2106.6534793958967,2028.0511717094025,2052.240234375,722560
2023-09-13,2056.3298491420323,2067.8010076504647,2007.3030908162036,2060.219970703125,355761
2023-09-14,2045.8564551564018,2083.7112345702735,2042.8639786252124,2053.337646484375,287994
2023-09-15,2067.8012088572486,2080.2698606231506,2045.9063050619948,2065.05810546875,359579
2023-09-18,2067.80119540823,2067.80119540823,2042.5147941442785,2050.195556640625,323336
2023-09-20,2046.8536665026904,2082.962829652481,2017.3777280089373,2056.4296875,451829
2023-09-21,2057.8263411869466,2106.703457385764,2029.9962853658044,2053.038330078125,298279
2023-09-22,2064.2598955197964,2074.334662740344,2044.5594273285124,2060.71875,394776
2023-09-25,2074.7838013454475,2168.049323184774,2035.9813299386017,2151.640625,1841241
2023-09-26,2151.5905401989558,2179.5203200439123,2136.0794887579614,2145.5556640625,1021206
2023-09-27,2137.625626188884,2144.807520790988,2085.606509225166,2108.548828125,582180
2023-09-28,2116.7780321393293,2126.6531062815525,2040.6693380259303,2059.372314453125,3956535
2023-09-29,2051.492282376249,2085.8560842704887,2026.056352461938,2074.933349609375,767501
2023-10-03,2069.097866035703,2081.067770971325,2046.853743991338,2053.93603515625,543387
2023-10-04,2048.8488455322554,2050.7939064900647,2002.5651861099477,2017.2283935546875,551771
2023-10-05,2017.8766386007521,2052.988312573935,2017.2283661330791,2042.46484375,461744
2023-10-06,2050.694559374738,2086.6539605117464,2044.9589788818573,2066.90380859375,444220
2023-10-09,2029.896602064706,2084.2100029818453,2027.303146729401,2073.836181640625,487722
2023-10-10,2084.509129187149,2084.509129187149,2041.9660664996659,2045.6568603515625,351329
2023-10-11,2053.287638011711,2109.4964172693562,2049.8463388492405,2096.0302734375,729470
2023-10-12,2099.720806759494,2102.513833260376,2064.8085843193126,2071.990478515625,285544
2023-10-13,2069.796305124716,2104.409235593899,2066.2551591259376,2079.57177734375,321887
2023-10-16,2087.751095050651,2111.690906938475,2075.282443025743,2102.3642578125,446019
2023-10-17,2111.6409103407086,2112.2894263405133,2067.9010266723285,2073.7861328125,373789
2023-10-18,2083.860979992325,2085.1575249845596,2026.1060375029767,2043.8115234375,432748
2023-10-19,2040.818967278277,2068.7986701291366,2014.9340953041733,2055.432373046875,350097
2023-10-20,2055.432457725325,2055.432457725325,2019.3231682039584,2031.043701171875,353937
2023-10-23,2029.8964294394416,2036.0310302252258,1975.0343637789163,1986.954345703125,488451
2023-10-25,2002.8645049999218,2002.8645049999218,1968.8500471623765,1988.251220703125,512770
2023-10-26,1975.034521479982,2035.8316213016851,1940.1222950901843,2026.00634765625,966275
2023-10-27,2026.0560969033577,2137.5756402745365,2026.0560969033577,2116.778076171875,999445
2023-10-30,2137.8249784754557,2137.8249784754557,2066.8035910411013,2114.433837890625,483782
2023-10-31,2135.530703126777,2159.570359738902,2113.7855705396073,2149.296142578125,749792
2023-11-01,2158.2738598352094,2203.7596023126325,2143.560849643881,2192.138671875,1081257
2023-11-02,2204.4575225321546,2204.4575225321546,2169.5452993246317,2184.358154296875,474395
2023-11-03,2189.4954608628072,2193.4355064944475,2174.53307730338,2190.99169921875,230437
2023-11-06,2191.0413762580642,2239.8685670796935,2183.161042352174,2227.599365234375,537580
2023-11-07,2228.8462184204323,2443.8556935527536,2176.2285091000617,2417.9208984375,3419427
2023-11-08,2443.855780414883,2497.5708303875904,2385.053666567307,2446.69873046875,2652822
2023-11-09,2446.8482223758933,2481.0123282121654,2432.0852899803886,2471.83544921875,684007
2023-11-10,2470.738128973697,2497.869866712192,2447.895656180208,2483.107177734375,644072
2023-11-13,2488.742903579505,2557.569861634409,2479.117201784618,2552.63232421875,1131761
2023-11-15,2573.3301364247486,2573.3301364247486,2528.4929157905563,2546.746826171875,599328
2023-11-16,2550.0885707991997,2551.7343353639294,2485.1517372411654,2538.318115234375,766675
2023-11-17,2541.161217812766,2607.1452272242254,2538.3681910405203,2569.938720703125,717236
2023-11-20,2588.491957950565,2630.685921808953,2578.816333441543,2616.17236328125,568578
2023-11-21,2628.2919296073546,2645.349142530488,2599.414580999203,2607.195068359375,519349
2023-11-22,2618.4170126289796,2640.411764240737,2600.960899211453,2620.5615234375,395438
2023-11-23,2638.167306947791,2657.817853745511,2624.9006125469364,2648.3916015625,398832
2023-11-24,2653.2792262960766,2661.3090869018833,2633.3793063796747,2643.054931640625,325606
2023-11-28,2661.8077111703324,2676.7700929082207,2638.4165697591034,2665.049560546875,535972
2023-11-29,2687.2437024140586,2713.1784968694283,2661.3089079586894,2669.687744140625,460234
2023-11-30,2669.6880082185867,2802.7036895806705,2668.291616559585,2780.0107421875,2343154
2023-12-01,2780.0106523816385,2830.284159878811,2745.497326203734,2800.65869140625,1049846
2023-12-04,2839.859933134671,2859.809774603829,2765.297400643692,2809.78564453125,685830
2023-12-05,2812.9278327191496,2891.2309656512252,2810.4341023709944,2867.54052734375,676125
2023-12-06,2882.9517624135915,2905.14596274485,2847.441188000592,2860.657958984375,487235
2023-12-07,2874.7222875275997,2910.681926171057,2829.436243935453,2838.064453125,961559
2023-12-08,2850.134435318796,2880.059200516148,2793.1775348151577,2834.174560546875,688323
2023-12-11,2851.7801777162517,2900.0589446411946,2833.9750886799316,2874.173828125,577553
2023-12-12,2889.634977905175,2902.602376151271,2842.5533960557923,2876.318603515625,462633
2023-12-13,2887.7397773706366,2966.4917339925687,2879.8097634752385,2956.01806640625,887243
2023-12-14,2982.700931864834,2987.488942816086,2937.1155900240287,2977.2646484375,425400
2023-12-15,2992.476491946442,3016.9649732778757,2972.5765719806705,2982.252197265625,682553
2023-12-18,2991.0301819750944,2993.97273515805,2953.7737521772256,2963.998046875,646708
2023-12-19,2980.5067092703225,3006.042607135928,2949.5844509077456,2993.274658203125,533290
2023-12-20,3014.4212940268812,3017.4137704934865,2920.3577350542555,2941.554443359375,713170
2023-12-21,2902.652057168354,2962.4516592289006,2872.278471748397,2947.78857421875,631420
2023-12-22,2971.3296826602113,2974.4716855399106,2921.006252101412,2958.06298828125,518707
2023-12-26,2978.6112337667532,2984.4464163887983,2954.222357291124,2962.551513671875,315645
2023-12-27,2968.187391337471,3052.0266544767405,2968.0877882404047,3003.199462890625,584065
2023-12-28,3017.413884759816,3037.3637286259964,2995.4690565070173,3018.411376953125,503705
2023-12-29,3022.7004902997637,3052.6751779091414,2993.872821243745,3047.28857421875,430702
2024-01-01,3054.1212728780038,3059.308182943548,2987.9874998393866,2994.571044921875,421730
2024-01-02,3007.8876928541267,3010.331499946701,2933.3750770173533,2987.6884765625,408928
2024-01-03,3001.453841389983,3100.1057163659693,2980.8557261643346,3050.68017578125,714968
2024-01-04,3066.2907290309327,3100.6542833230237,3053.17380526896,3060.15625,299498
2024-01-05,3077.7120566051035,3088.7843167055016,3037.3635484844376,3057.862060546875,258565
2024-01-08,3073.2234120208104,3075.467769373781,3030.1817228629634,3036.914794921875,303947
2024-01-09,3061.3034998440153,3135.117921150127,3051.1291283156024,3107.636962890625,723237
2024-01-10,3118.6591366641264,3181.949963449049,3104.3450272229984,3165.64111328125,951897
2024-01-11,3181.9997882853863,3205.141556221793,3160.5537082076007,3167.83544921875,485141
2024-01-12,3194.967282730684,3232.822060244068,3154.169952148367,3204.09423828125,597455
2024-01-15,3229.8798462387335,3229.8798462387335,3172.5240429160876,3185.2919921875,381958
2024-01-16,3195.5159434581697,3216.8122541946395,3135.267273034359,3158.159912109375,370700
2024-01-17,3145.0927977878005,3175.9651316040226,3109.3326062436645,3139.955810546875,420338
2024-01-18,3130.1301868505593,3177.0123152068295,3082.250566401602,3143.845703125,439730
2024-01-19,3161.999981754393,3210.6776441405455,3139.6562564927203,3201.99951171875,406436
2024-01-23,3198.9572344375056,3217.6602117202315,3142.1001834980175,3156.214599609375,344687
2024-01-24,3156.1649092759035,3233.1712521115705,3122.1503306267455,3214.667724609375,339968
2024-01-25,3214.9672558262578,3244.3433521539228,3172.025168285772,3223.6953125,489321
2024-01-29,3239.8543855746457,3286.7365149225548,3217.5106596371943,3238.25830078125,604096
2024-01-30,3254.816863320966,3266.7867690395847,3021.453625120741,3047.28857421875,1206541
2024-01-31,3046.341176830671,3096.714532898107,2984.795956836131,3079.20849609375,986931
2024-02-01,3081.253114921321,3125.940809968355,3053.8720053218462,3095.0185546875,742113
2024-02-02,3122.1504945877173,3205.0918711779595,3100.2056668302316,3118.21044921875,892545
2024-02-05,3167.0374094921885,3172.0248699795775,2999.1594407809966,3019.55810546875,808544
2024-02-06,3017.4137503861202,3113.5718961275784,3014.0720542760027,3027.388671875,718388
2024-02-07,3072.2759875259876,3625.584864236114,2947.589462058212,3598.453125,5846891
2024-02-08,3725.982186289087,3927.525268818669,3610.572156328298,3832.314697265625,7374486
2024-02-09,3790.4700899408713,3848.324633418916,3657.903483417175,3750.12158203125,2001715
2024-02-12,3758.350788107476,3825.032988964568,3690.820621552913,3792.514892578125,1087518
2024-02-13,3775.5074594034,3870.269205412204,3757.5526022648896,3841.59130859375,1288707
2024-02-14,3792.614707762445,3940.5927666817593,3782.590106406129,3911.166748046875,725269
2024-02-15,3921.241543375638,3996.8015747998693,3866.030254685994,3942.7373046875,964837
2024-02-16,3960.04391024875,4026.177689747745,3920.4435198519345,4014.507080078125,736660
2024-02-19,4037.84820987667,4089.5181082534937,4003.6341805388915,4037.000244140625,374829
2024-02-20,4047.773384337672,4063.982632427706,4000.492351935626,4015.8037109375,468003
2024-02-21,4034.955712611244,4036.9007736555504,3864.1351768759146,3884.982666015625,614056
2024-02-22,3912.1642353866337,3956.0538902456374,3820.0956606926434,3944.083984375,1012228
2024-02-23,3940.094125263402,3940.094125263402,3858.7485889842533,3876.05517578125,555204
2024-02-26,3865.281914594346,3904.1341834560185,3814.409817137749,3834.958251953125,671311
2024-02-27,3855.1078549556732,3984.9812890625,3832.1655346431735,3927.62548828125,861671
2024-02-28,3930.0691841921525,3945.031566581134,3875.257038746189,3914.957275390625,411252
2024-02-29,3921.590327513532,3959.993773947911,3772.515179605749,3872.06494140625,1235124
2024-03-01,3914.1590097825215,3919.0965469836883,3848.673750671887,3891.466064453125,645099
2024-03-04,3899.795111967406,3926.8769243793763,3832.8632963555606,3909.969482421875,291319
2024-03-05,3919.6452584415724,3925.979430771121,3835.407098195622,3842.638916015625,549270
2024-03-06,3866.7283420809968,3884.0848513652595,3740.8448832172994,3862.28955078125,1009678
2024-03-07,3880.244608869998,3968.0239213585737,3830.669295863373,3942.28857421875,680535
2024-03-11,3972.013715329967,4233.306977136751,3890.319206190449,3994.65673828125,3757634
2024-03-12,4015.703935368782,4068.3715694527164,3947.6250963144926,3998.547119140625,899570
2024-03-13,4012.860968223075,4027.8233503689958,3867.7757847204693,3934.158935546875,968084
2024-03-14,3890.2193119889907,4094.7051989012325,3860.8931407407226,4070.865234375,723158
2024-03-15,4040.8903805708783,4134.604713736265,3971.265383971653,4053.7080078125,1197832
2024-03-18,4053.708117276966,4073.757806242043,3995.8535744850856,4060.84033203125,328538
2024-03-19,4069.7679829249373,4077.747920146359,3933.809753809298,3945.729736328125,489357
2024-03-20,3961.490053364142,3994.906039570525,3833.611611572551,3955.106201171875,607192
2024-03-21,3955.0565244542045,4005.629329667782,3947.7747827779094,3991.814208984375,622994
2024-03-22,3999.943428947141,4014.9058108509334,3912.11419846621,3938.697509765625,678055
2024-03-26,3875.256741847367,3938.6973357275556,3856.3543155831485,3872.014892578125,844731
2024-03-27,3872.7634311523366,3912.663118788162,3857.302302193454,3865.481689453125,524636
2024-03-28,3865.4814021476104,3965.03116410554,3865.4814021476104,3938.098876953125,837624
2024-04-01,3964.9813247775346,3973.410084636986,3859.3470047869287,3877.052490234375,523250
2024-04-02,3890.2191877134637,3899.994658993387,3863.536274054147,3882.139404296875,604885
2024-04-03,3875.256789677666,3938.0488683620124,3833.3621216811507,3913.011962890625,727717
2024-04-04,3940.0938683878812,4018.8458224440396,3905.2315675492073,3993.160400390625,910922
2024-04-05,3998.9458482250666,4042.7356542153448,3902.388563772781,3922.737548828125,679916
2024-04-08,3922.7378652327084,3970.018897403504,3913.760435565213,3921.98974609375,471027
2024-04-09,3949.021632186863,3949.021632186863,3885.1322091114284,3892.563720703125,483412
2024-04-10,3919.146387660946,4103.034150270881,3894.3586120278296,4011.065185546875,1107300
2024-04-12,4036.8506752056815,4103.6329685470255,4014.9058482092582,4043.68359375,776121
2024-04-15,3940.1439720754574,4056.551258936994,3924.383547174739,3959.245849609375,597371
2024-04-16,3958.0487060614055,4023.484286113276,3902.588047143762,3978.197998046875,577349
2024-04-18,3977.9985322054035,4167.42218636523,3966.627219569816,4076.85009765625,1484951
2024-04-19,4077.6978359569025,4164.28020009909,3954.1086605274063,4148.52001953125,1180675
2024-04-22,4204.72858863361,4294.004138682086,4104.680317871251,4158.14599609375,1179181
2024-04-23,4204.429089131089,4214.404009864496,4129.617183630536,4147.87109375,626656
2024-04-24,4147.871524211829,4234.354290768231,4147.871524211829,4211.16259765625,641190
2024-04-25,4239.3416518604245,4336.098390738181,4185.178022754635,4312.30810546875,761557
2024-04-26,4329.11595104223,4362.033192144625,4282.682886067448,4294.05419921875,622336
2024-04-29,4348.068552915772,4503.677338016681,4042.2373432484064,4303.28125,2349939
2024-04-30,4438.840355534395,4658.288642774298,4369.065580291555,4398.8408203125,4924865
2024-05-02,4398.840446396944,4664.971638898104,4384.077757696561,4635.046875,1998618
2024-05-03,4668.462860943174,4668.811593543258,4470.759725984369,4512.30517578125,1313008
2024-05-06,4543.576164211427,4568.513464783388,4469.013635501261,4497.7412109375,735051
2024-05-07,4520.634244028408,4546.5690388970625,4405.82280471776,4492.65478515625,982212
2024-05-08,4487.667579044755,4530.609422006607,4459.188885446061,4487.318359375,596788
2024-05-09,4501.482665004661,4537.093331839376,4370.312438965993,4396.89599609375,688477
2024-05-10,4421.882436300066,4473.0039059279425,4389.962689410465,4460.18603515625,549717
2024-05-13,4464.4758982584035,4510.310371217049,4347.070875074925,4454.5009765625,637292
2024-05-14,4459.787203974088,4537.591588208035,4437.1439383551215,4528.96337890625,559577
2024-05-15,4538.588801393031,4568.014816698766,4497.891320809797,4515.646484375,413777
2024-05-16,4518.739164341771,4622.5781917695485,4518.739164341771,4585.1220703125,500593
2024-05-17,4588.464085664335,4661.281015719443,4543.576937000226,4622.92724609375,752254
2024-05-21,4678.237992264581,4716.093012632343,4612.054293406174,4655.5947265625,668195
2024-05-22,4670.697201376995,4704.178658978829,4535.674992229657,4637.416015625,742788
2024-05-23,4643.453318999068,4702.332267166045,4598.595349170251,4688.90966796875,459499
2024-05-24,4698.340865550345,4768.097358260545,4644.551546554846,4705.7255859375,549566
2024-05-27,4749.2360637523025,4751.082365603643,4640.4596966690915,4672.39404296875,611635
2024-05-28,4688.211252676517,4714.0580147244955,4590.5619196046955,4606.42919921875,445558
2024-05-29,4640.459789443497,4709.817199199696,4590.662264642781,4662.46435546875,744694
2024-05-30,4659.520221873724,4688.360828535481,4592.757582116106,4641.806640625,523206
2024-05-31,4655.428823540059,4700.33649707903,4489.669513310321,4549.7958984375,3005008
2024-06-03,4736.062853797161,4736.062853797161,4595.052953723357,4652.634765625,450140
2024-06-04,4675.387668841767,4675.387668841767,4187.390962318048,4528.8388671875,1175204
2024-06-05,4674.389924028541,4921.9308095299275,4514.967680142213,4893.73876953125,1231971
2024-06-06,4899.976184825867,4918.488419402723,4811.158780156536,4868.44140625,512601
2024-06-07,4868.440916776465,5000.119898204799,4831.067559275381,4954.4140625,488611
2024-06-10,5014.6902279101,5036.994469961768,4909.90565598362,4959.25439453125,417996
2024-06-11,4998.723509578387,4999.721457973193,4874.678719015918,4896.53369140625,512441
2024-06-12,4934.854473138291,5078.908411483467,4898.978035899042,5017.73388671875,954491
2024-06-13,5177.3555904477125,5177.3555904477125,4961.8484680576885,5013.54248046875,932377
2024-06-14,5039.68870174504,5283.138388511244,5029.659516074173,5234.78759765625,1424125
2024-06-18,5288.128042313576,5440.814132231292,5194.320902102691,5346.60791015625,1247457
2024-06-19,5363.92272283747,5390.917031015085,5277.550000067278,5345.8095703125,707909
2024-06-20,5363.872255604812,5410.875718300829,5294.165468934,5326.19970703125,516737
2024-06-21,5326.199463843398,5342.865394714191,5189.330957300483,5255.544921875,638917
2024-06-24,5255.545271391975,5428.838900986888,5189.331302413937,5384.6796875,543826
2024-06-25,5429.337728471422,5447.799772029316,5293.167487966422,5327.84619140625,559045
2024-06-26,5334.033688658289,5383.931103893633,5249.208082758204,5352.794921875,578724
2024-06-27,5349.002803058735,5375.947406730859,5292.868212075143,5318.06640625,900729
2024-06-28,5349.002735786372,5497.69702825506,5347.555515880777,5468.60693359375,970080
2024-07-01,5488.715702505238,5543.6028595302905,5368.96190535967,5504.33349609375,544030
2024-07-02,5503.684969812189,5557.124907290879,5448.797812361659,5524.5419921875,428098
2024-07-03,5548.592329644806,5566.305911272719,5448.847206073325,5482.82763671875,355297
2024-07-04,5536.617082729319,5608.4693592175145,5482.478388292033,5585.9658203125,440575
2024-07-05,5548.592622390701,5632.86955236739,5523.64391455621,5608.36962890625,362427
2024-07-08,5649.585296732291,5653.377305485264,5560.568110532019,5582.7724609375,273130
2024-07-09,5595.696144460932,5623.03983160656,5538.613304322615,5581.37548828125,313079
2024-07-10,5598.490000757678,5614.906445315172,5458.826940318977,5556.576171875,425869
2024-07-11,5533.623156917533,5651.381052772586,5533.623156917533,5623.68798828125,578262
2024-07-12,5653.277659599719,5684.313951559389,5599.588231865112,5639.65576171875,476682
2024-07-15,5678.325821269725,5743.142758201093,5634.166609039288,5663.9052734375,498397
2024-07-16,5688.255748022843,5713.703430301518,5615.804602197078,5635.71337890625,641858
2024-07-18,5638.308360502524,5648.637223518848,5272.111500947548,5297.60888671875,1342486
2024-07-19,5297.608746928956,5297.608746928956,5095.573911192877,5155.75048828125,879290
2024-07-22,5099.516121565177,5228.201757548557,5073.120192521215,5199.5107421875,631260
2024-07-23,5199.5103616220085,5299.354892858819,4945.482332711394,5253.0,763626
2024-07-24,5274.156627924772,5368.961713951802,5252.301658180742,5276.0029296875,711861
2024-07-25,5264.077284482393,5324.50334520137,5215.277711048447,5299.0556640625,302964
2024-07-26,5349.002994048027,5400.447035021167,5314.074802855549,5382.28466796875,336310
2024-07-29,5403.840562976771,5538.563588986019,5353.992848441565,5506.080078125,533654
2024-07-30,5538.6129085560115,5648.387218455319,5508.674460401655,5608.96826171875,789712
2024-07-31,5613.509260041234,5907.155566673161,5613.509260041234,5827.0205078125,1671711
2024-08-01,5881.907388676728,5881.907388676728,5711.208523725401,5758.9599609375,767562
2024-08-02,5713.254053221488,5793.938271236846,5512.666443667336,5526.88720703125,560989
2024-08-05,5349.00290773412,5413.220978531929,5215.327537544173,5335.9296875,1074769
2024-08-06,5344.112920629936,5456.481994181395,5183.8920322396825,5209.98876953125,642644
2024-08-07,5278.148836082159,5488.5161538657985,5263.778477262843,5461.22265625,717292
2024-08-08,5503.684798328453,5715.648916858961,5478.736091173746,5632.52001953125,1183241
2024-08-09,5727.075823096665,6360.77300733774,5615.056123992633,6262.47509765625,6877196
2024-08-12,6290.018856468743,6420.799795089194,6264.121901425998,6369.255859375,1889796
2024-08-13,6361.920484995779,6429.780970169068,6317.012810984044,6368.60693359375,651594
2024-08-14,6386.868724328804,6438.762032713975,6278.192258647279,6425.14013671875,885572
2024-08-16,6426.787204093441,6534.565623044076,6426.787204093441,6489.05908203125,1153478
2024-08-19,6561.510152789066,6736.151107426037,6508.918081823752,6676.17431640625,1827850
2024-08-20,6696.2331716030585,6805.708296309899,6591.4983013768615,6779.9609375,1143592
2024-08-21,6786.048539900032,6810.997247767312,6726.171641018561,6769.283203125,651691
2024-08-22,6810.9972958643,6995.667437890202,6776.069104603458,6975.458984375,771279
2024-08-23,7005.596979560172,7015.576462437039,6897.569077418094,6934.4931640625,625160
2024-08-26,6985.638372238867,7083.387606945052,6893.727232771089,6911.39111328125,754901
2024-08-27,6955.649703769726,6958.693251065865,6765.340774743764,6855.8046875,578002
2024-08-28,6975.658827732616,7309.971518332105,6935.990381609244,7227.24169921875,2358476
2024-08-29,7255.034548339255,7276.989411271656,7078.397696564943,7155.93798828125,836313
2024-08-30,7195.207351143706,7259.824504539899,7115.4211884477445,7144.0625,1169809
2024-09-02,7164.52076966148,7252.839199597063,7096.760173415383,7133.53466796875,625283
2024-09-03,7164.270851131066,7165.268799431822,6980.648363791865,7028.35009765625,857908
2024-09-04,7028.549883655445,7154.24166707303,6935.790394169512,7125.2509765625,576206
2024-09-05,7155.189719706956,7194.209597334268,7075.7032317241365,7152.9443359375,667571
2024-09-06,7170.158779137362,7175.1987105155695,7045.515131560406,7088.9755859375,384793
2024-09-09,7089.424897161364,7141.019020449166,7033.58949349449,7122.0078125,349967
2024-09-10,7141.318436980155,7185.228164653035,7080.942561429945,7123.3056640625,376043
2024-09-11,7146.258377868438,7204.837653203307,7093.117628632312,7134.18310546875,428437
2024-09-12,7183.232188653916,7294.00445496964,7128.195434872762,7195.70654296875,572357
2024-09-13,7233.628174007059,7266.161385689701,7185.277384485276,7218.3095703125,468707
2024-09-16,7255.084010156314,7369.798360084246,7196.2050615181815,7303.78369140625,502100
2024-09-17,7399.786850461534,7493.394208695172,7309.971500961664,7388.2607421875,753643
2024-09-18,7419.745612191269,7437.708681595364,7230.983788659131,7320.94873046875,388287
2024-09-19,7440.702333218142,7440.702333218142,7168.81113097197,7311.11865234375,395523
2024-09-20,7334.919849244801,7492.595677296595,7266.909771499867,7449.83349609375,798170
2024-09-23,7505.51938236381,7629.314672756874,7448.835627156044,7607.80908203125,510496
2024-09-24,7624.27531475494,7666.238845887104,7565.046985653204,7605.71337890625,613798
2024-09-25,7602.61959142858,7726.115692821851,7554.019314594765,7599.2763671875,576171
2024-09-26,7709.05093747644,7923.609827884141,7694.730281521244,7829.3037109375,1712253
2024-09-27,7883.741513311003,7921.663547007313,7720.5267838109385,7817.62744140625,11179751
2024-09-30,7798.716871390056,7817.8776746297735,7468.395967403351,7559.109375,1117618
2024-10-01,7584.407404105367,7631.760247875679,7506.816920464684,7597.08154296875,559721
2024-10-03,7553.9697895413165,7638.795396531344,7435.712913914043,7472.537109375,741293
2024-10-04,7425.733149671458,7440.652671365598,7257.079890392533,7338.212890625,938897
2024-10-07,7292.207972908622,7488.5041100805865,7269.0553775630915,7434.2158203125,854385
2024-10-08,7504.5709066847585,8056.835375686233,7435.7124768228905,8025.4501953125,2278240
2024-10-09,8072.4033358873385,8305.125061016552,8018.514130776952,8203.982421875,1260784
2024-10-10,8183.176198383698,8253.980826377834,7995.561914810998,8012.37744140625,606292
2024-10-11,8052.444969391963,8291.752780882487,7933.689119676057,8218.0546875,800644
2024-10-14,8263.061717410686,8327.87865512056,8146.950821251828,8175.04296875,417498
2024-10-15,8207.12688671262,8243.05302580815,8073.4018134125845,8107.58154296875,460534
2024-10-16,8093.360736626749,8116.413439879935,7750.565494576035,7789.78466796875,900545
2024-10-17,7764.336990587154,7863.882333858432,7604.565857024931,7703.8115234375,997450
2024-10-18,7704.161082499014,7783.9969486389,7614.445625380208,7752.1123046875,571161
2024-10-21,7803.955616478243,7833.89406513481,7537.004449290529,7590.943359375,662166
2024-10-22,7619.285556771075,7650.770630677909,7454.0749235818175,7481.9677734375,610564
2024-10-23,7452.6777065439555,7569.4376545441755,7434.714637620845,7495.888671875,505590
2024-10-24,7553.670313977278,7624.723939127647,7371.594455425556,7472.63671875,448738
2024-10-25,7434.715300555509,7495.789935251728,7049.556935140445,7346.34716796875,590268
2024-10-28,7347.145226278034,7413.75827851805,7207.33256524422,7292.85693359375,419026
2024-10-29,7298.295205012602,7430.823033391369,7149.750988396012,7395.09619140625,359440
2024-10-30,7404.776354542894,7413.55810463381,7200.196953911993,7237.5703125,481764
2024-10-31,7244.106949918902,7258.926580121218,7056.4926632975,7113.72509765625,742508
2024-11-01,7139.27255861308,7200.097216177627,7110.3817599188915,7134.33251953125,76497
2024-11-04,7094.4144849224695,7135.629554918175,6935.740704770174,7049.25732421875,681708
2024-11-05,6991.625879175662,7063.977131850545,6780.110539375032,6954.05322265625,1026360
2024-11-06,7009.588848448293,7221.153887723783,6787.146270175377,6941.1796875,1142746
2024-11-07,6984.640330702747,7000.8569909933485,6293.910494611573,6492.15283203125,4427899
2024-11-08,6536.561082149571,6549.684004270826,6257.135570240887,6286.0263671875,2523322
2024-11-11,6217.567351688221,6606.417813287862,6199.304605244544,6467.40380859375,2339199
2024-11-12,6506.623010260671,6704.116884235853,6486.664043971528,6515.1552734375,1258152
2024-11-13,6485.666430024429,6606.118992701099,6399.294193867037,6484.91796875,758642
2024-11-14,6482.672039397338,6536.860436194197,6353.986413531087,6449.73974609375,620489
2024-11-18,6398.445311805211,6439.760273285325,6262.125478826191,6288.720703125,828906
2024-11-19,6346.801717703465,6566.400050514111,6346.751527919814,6410.67041015625,674042
2024-11-21,6386.869142639386,6505.624990760337,6333.179718820852,6447.1953125,1511541
2024-11-22,6446.6462570879185,6664.29888320927,6416.807699765738,6639.150390625,833104
2024-11-25,6785.050755605474,6824.519417493835,6676.324089179758,6761.05029296875,1490945
2024-11-26,6761.099642948894,6796.327022560528,6632.51390874113,6655.66650390625,476650
2024-11-27,6678.270166879893,6894.824952625998,6617.744698642229,6831.05615234375,784373
2024-11-28,6835.945918899493,6872.321329686292,6702.270547953176,6729.365234375,813013
2024-11-29,6736.150765909757,6806.0071442228955,6714.295796436246,6781.45751953125,720647
2024-12-02,6763.145362738961,6883.847405091419,6739.743767363892,6791.33740234375,446537
2024-12-03,6791.337149155444,6850.465583998285,6668.090538132815,6827.3134765625,842566
2024-12-04,6875.86368782514,6905.8021363933185,6717.389694982686,6809.79931640625,899250
2024-12-05,6855.855376142439,7060.434785330611,6708.208724697044,6955.7998046875,1140361
2024-12-06,7035.53549627655,7125.350843037527,6915.831403098337,6985.58837890625,1088961
2024-12-09,6970.66878587529,7010.586717362049,6853.210077563727,6935.44140625,825347
2024-12-10,6935.741055494843,6945.670836522051,6796.028286031637,6863.9384765625,579733
2024-12-11,6879.755759154098,7085.433003369779,6820.776916557483,7048.80810546875,1037764
2024-12-12,7031.743847220721,7092.219127308578,6965.679471646613,6998.11279296875,776145
2024-12-13,6985.637719969823,7013.4803785692475,6855.904448027526,6985.88720703125,526964
2024-12-16,6985.637925335347,7020.566114962024,6928.505386588855,6985.9873046875,497823
2024-12-17,6985.638095567692,7015.576544548697,6876.861730936709,6927.40771484375,545205
2024-12-18,6921.519986104019,7162.275015718349,6834.748185700152,7099.15478515625,1201264
2024-12-19,6980.648235357621,7169.659542587471,6977.255308653363,7077.44921875,660251
2024-12-20,7110.381822575548,7173.252567112005,6775.470266922273,6817.53369140625,768861
2024-12-23,6855.904468258485,7055.494117989446,6845.974688272603,6931.74853515625,783189
2024-12-24,6961.687444945846,7064.476121383551,6887.839269641088,6992.7734375,486797
2024-12-26,7033.489833989288,7060.484140278152,6933.794410156722,7049.20751953125,440974
2024-12-27,7086.431001521579,7219.158127729489,7060.484345270409,7103.6953125,530288
2024-12-30,7124.652281586566,7130.390484455175,6901.062154287562,6940.08203125,960856
2024-12-31,6939.732704002661,7131.3387838370745,6803.8119462083405,7108.7353515625,915919
2025-01-01,7106.389897637131,7165.069063205771,7035.535567805333,7053.54833984375,412650
2025-01-02,7085.432918253142,7320.948716662682,7041.473490622799,7305.9794921875,706114
2025-01-03,7334.92004968539,7477.676359958305,7265.1635605463125,7292.70703125,940233
2025-01-06,7292.707108427459,7323.543613955769,6921.021062982828,6983.99169921875,942724
2025-01-07,6995.817364515557,7070.463702411169,6824.319851779589,6860.19580078125,601356
2025-01-08,6855.45546194862,6859.397552595137,6576.828592508678,6685.35546875,1257939
2025-01-09,6705.214925078397,6705.214925078397,6558.716303052914,6608.11474609375,592991
2025-01-10,6587.4565369178845,6612.4052436930615,6466.704796126025,6570.59130859375,768200
2025-01-13,6449.390580583871,6510.465212374646,6142.371878925012,6211.62939453125,1068954
2025-01-14,6224.602837771344,6304.039622571977,6125.406870879658,6148.50927734375,1130732
2025-01-15,6187.279495007042,6505.625004508211,6152.052114729506,6377.13916015625,1463322
2025-01-16,6484.667643142728,6484.667643142728,6137.880630832464,6198.80517578125,1477566
2025-01-17,6204.19497930629,6297.053875216844,6067.525762491032,6203.79541015625,770051
2025-01-20,6197.25917150939,6212.228396561345,6061.587900210053,6077.50537109375,909757
2025-01-21,6078.104005901636,6096.466157142986,5711.557303398332,5725.1796875,1553225
2025-01-22,5724.231576709236,5736.206956576829,5556.576258562941,5614.806640625,1377528
2025-01-23,5608.4694023281245,5780.565780234827,5593.549880447522,5721.83642578125,2106761
2025-01-24,5708.264388753128,5743.242282447255,5455.23478720191,5479.185546875,1119070
2025-01-27,5465.76289086022,5534.072647553884,5339.023455560011,5401.4951171875,1186126
2025-01-28,5472.74832244231,5527.5355851071545,5306.290745621154,5443.90771484375,1136463
2025-01-29,5483.7256981462815,5640.303682954119,5404.58859590373,5585.666015625,701998
2025-01-30,5588.510683765606,5622.440927202754,5445.604287083243,5499.89306640625,575077
2025-01-31,5557.574208444112,5805.713961397563,5516.408840137716,5741.396484375,1029356
2025-02-01,5768.140967061152,6257.534698367686,5665.401998350256,6176.80078125,2120509
2025-02-03,6197.258925313289,6219.712761999206,6023.566219105778,6122.5126953125,1498258
2025-02-04,6157.291349856655,6177.30001849428,5641.851049444329,5738.501953125,2602288
2025-02-05,5753.871006853264,5894.082750280389,5713.653395908264,5738.1533203125,1428644
2025-02-06,5833.008219013813,5833.008219013813,5234.239197387074,5266.2734375,6021478
2025-02-07,5310.481863539801,5506.429105176073,5244.218195405784,5443.208984375,2846965
2025-02-10,5448.797783771107,5478.736233132487,5159.39277327777,5186.087890625,1529876
2025-02-11,5200.857223211567,5239.228529928245,5124.464476415531,5217.623046875,1596380
2025-02-12,5217.623342154052,5279.146760345665,5102.809092361463,5226.5546875,1313946
2025-02-13,5235.885570223784,5366.966182379481,5193.622360491252,5246.0146484375,986050
2025-02-14,5257.19189533386,5314.074951148976,5022.873818221275,5106.85107421875,888168
2025-02-17,5099.515656481945,5148.714311250127,4987.895045096998,5085.99365234375,1078162
2025-02-18,5089.536306963134,5108.946596222054,4918.138687213934,4987.49609375,721122
2025-02-19,4949.82331701963,5092.829106246756,4929.864352031647,4981.208984375,764148
2025-02-20,4949.823803191489,5126.75985027685,4941.291539732855,5089.03759765625,812700
2025-02-21,5077.560920632875,5157.347081661907,5012.694281513155,5037.8427734375,912164
2025-02-24,4988.344340806933,5069.577232869868,4918.138582261993,5055.60595703125,823625
2025-02-25,5079.557304062119,5118.726778361616,4926.172441638664,4949.72412109375,976304
2025-02-27,4940.841681558062,4948.825267389705,4760.312944395916,4795.4404296875,997906
2025-02-28,4750.234213575841,4866.395305712431,4705.326537186993,4841.59619140625,2178604
2025-03-03,4889.9965116400535,5012.644751023363,4765.203268086044,4936.75048828125,1415550
2025-03-04,4888.848622160819,5059.497774226478,4855.717032373035,4989.54150390625,898723
2025-03-05,4976.768280854329,5309.085072016247,4976.768280854329,5095.6240234375,2128488
2025-03-06,5163.883697031189,5163.883697031189,4960.751506875683,5059.09912109375,1499675
2025-03-07,5064.587512535776,5089.486516991938,4974.772167485881,4989.591796875,690809
2025-03-10,4979.76190122552,4987.595892654276,4777.926862242983,4789.8525390625,1217553
2025-03-11,4729.975886893999,5034.649316634022,4713.260252393777,4985.201171875,1437957
2025-03-12,5000.319804211622,5094.526025423706,4949.823523232436,5005.06005859375,1026027
2025-03-13,5019.680208052305,5097.420287178375,4959.903199253262,5012.095703125,860279
2025-03-17,5012.095832970446,5169.272702403815,5003.713164056563,5148.96435546875,856529
2025-03-18,5148.96435546875,5148.96435546875,5148.96435546875,5148.96435546875,0
2025-03-19,5265.224644095957,5289.0258071994995,5183.9420518932975,5220.11767578125,957079
2025-03-20,5236.234403343116,5264.725630618401,5148.215173864006,5210.83642578125,759448
2025-03-21,5213.780843574973,5282.589573114846,5114.983962818169,5139.4833984375,1197537
2025-03-24,5139.883141897232,5157.546534869994,5034.449511609434,5044.32958984375,908085
2025-03-25,5110.9429815367275,5238.031319295499,5055.606548348985,5174.412109375,1461587
2025-03-26,5194.320999207843,5398.900404556087,5107.9984696340725,5311.03125,1625697
2025-03-27,5348.004872997162,5433.778723224128,5324.852277814155,5411.1748046875,1670468
2025-03-28,5411.823754057287,5514.612425645996,5279.146336934654,5314.22412109375,1535964
2025-04-01,5339.87215355796,5603.4304165420535,5323.256410589605,5565.30859375,2260895
2025-04-02,5618.99769863904,5690.301300765783,5504.483129318999,5670.84130859375,1491897
2025-04-03,5618.448898882854,5739.200642535576,5598.489932989843,5663.65576171875,960710
2025-04-04,5676.330148813492,5676.330148813492,5533.024669963504,5551.43701171875,680922
2025-04-07,4996.328010546062,4996.328010546062,4478.791929442876,4731.22314453125,7644740
2025-04-08,4892.940620753837,4953.865170875101,4674.589722901813,4757.41943359375,3035242
2025-04-09,4757.21981522209,4757.419599805169,4595.552181476342,4610.72119140625,1598513
2025-04-11,4772.687893376134,4820.090439102295,4651.1876840674995,4770.74169921875,1894062
2025-04-15,4868.99003734045,4974.772563259304,4820.589541990786,4866.994140625,1587931
2025-04-16,4911.90132966097,5039.139732654016,4842.04495154714,5025.16845703125,1589998
2025-04-17,5041.634693103742,5133.445934545854,4943.8357620023635,5119.9736328125,1464066
2025-04-21,5169.372234287546,5363.473180150274,5115.4830256675605,5349.0029296875,1309441
2025-04-22,5367.963716107429,5407.38267256518,5289.125803191926,5312.07861328125,1166872
2025-04-23,5339.5222943592835,5370.957665310096,5199.809534577899,5318.06640625,970478
2025-04-24,5300.1032832935625,5387.922731406881,5245.216128222739,5312.57763671875,1039905
2025-04-25,5323.05657684949,5345.0114408709915,5094.526401352952,5134.4443359375,1030377
2025-04-28,5113.986400624385,5241.224817265932,5104.505891149132,5198.81201171875,982085
2025-04-29,5210.2882845465665,5498.695354884425,5164.382660894174,5380.4384765625,1420743
2025-04-30,5423.848616764591,5423.848616764591,5109.494925084582,5161.88720703125,2709549
2025-05-02,5161.887335638506,5257.690367870752,5118.975560784478,5143.42529296875,756554
2025-05-05,5164.382549016327,5370.957850976981,5144.423582643318,5359.4814453125,1310015
2025-05-06,5369.959615943991,5412.372417222121,5199.310462566101,5213.28173828125,709414
2025-05-07,5134.444217809454,5260.185708857849,5131.94934695532,5222.263671875,711009
2025-05-08,5222.263519500233,5308.087074378319,5168.873284779564,5215.77685546875,926044
2025-05-09,5053.111323732092,5196.815881966006,5053.111323732092,5102.509765625,778167
2025-05-12,5319.064648401603,5466.761002616132,5214.280072776432,5429.8369140625,1203631
2025-05-13,5432.830207013282,5445.30455998677,5309.084625516287,5315.5712890625,728870
2025-05-14,5329.043673579704,5400.895947830217,5280.643183285956,5350.99853515625,557468
2025-05-15,5350.998782076424,5618.448926350291,5300.602392950191,5566.056640625,1521892
2025-05-16,5582.522841557239,5598.988988658722,5533.623374407381,5571.54541015625,808195
2025-05-19,5598.489787700133,5627.4302874939485,5518.653926199952,5539.61083984375,604580
2025-05-20,5592.502350416323,5592.502350416323,5421.85318876015,5438.3193359375,748551
2025-05-21,5439.317181032639,5526.138682683834,5358.982343297913,5432.33154296875,607763
2025-05-22,5429.836924848196,5437.820511578353,5274.15698361013,5331.0400390625,962354
2025-05-23,5393.910720484115,5488.216837613763,5392.413797989993,5424.34814453125,1127412
2025-05-26,5443.808264606378,5525.141055360808,5405.387253022996,5514.66259765625,640440
2025-05-27,5513.664399206414,5621.442816421671,5473.746466904467,5561.56591796875,1019222
2025-05-28,5575.537279601491,5589.009581959575,5523.643966814793,5547.5947265625,452258
2025-05-29,5558.572052255502,5677.826874561522,5556.57615564787,5645.3935546875,1192069
2025-05-30,5644.395740813547,5716.248020399575,5613.4593426584515,5631.92138671875,1440608
2025-06-02,5669.34423181021,5669.34423181021,5558.5719716921085,5609.96630859375,504095
2025-06-03,5634.915331507156,5648.387634168158,5556.576386404294,5578.53125,510323
2025-06-04,5578.531324663182,5595.496446759654,5470.2539277533515,5495.20263671875,748937
2025-06-05,5527.635764479911,5697.286979493737,5504.682953036863,5661.36083984375,1212876
2025-06-06,5688.305440080275,5794.586936460722,5602.980858479071,5765.1474609375,1034577
2025-06-09,5806.0636066111965,5912.3451078322505,5752.673368908601,5901.36767578125,1377600
2025-06-10,5916.83534104774,5942.781996279186,5793.089754559307,5802.0712890625,683305
2025-06-11,5805.065344228772,5826.022258828875,5747.6833161570585,5764.6484375,545428
2025-06-12,5767.97693191047,5829.386190339016,5602.721122643408,5619.19677734375,974013
2025-06-13,5497.376632903342,5609.2113768657755,5472.91278266156,5581.751953125,711911
2025-06-16,5580.753165940141,5686.596757922545,5553.293743491876,5671.11962890625,605268
2025-06-17,5678.608975974463,5693.586843855528,5593.734391315094,5618.1982421875,529572
2025-06-18,5645.657600329665,5750.502674265747,5618.697438460386,5726.5380859375,864129
2025-06-19,5791.441807897266,5791.441807897266,5656.641007196208,5715.0546875,886990
2025-06-20,5747.507120668186,6021.102838365038,5711.560238051081,5888.79833984375,10424185
2025-06-23,5841.36812097886,6200.836928423713,5821.397631676368,6110.9697265625,2271641
2025-06-24,6164.890113140992,6195.844371888542,6024.098162063428,6048.56201171875,1459591
2025-06-25,6081.0142832131705,6146.916901060801,6071.029038084742,6115.46337890625,815696
2025-06-26,6113.965650169631,6125.947944437479,6004.127952714354,6097.9892578125,851467
2025-06-27,6109.971350759771,6149.912330336562,5973.173495709258,6010.6181640625,1935325
2025-06-30,6041.073315616204,6251.7619882765375,5959.194305388018,6208.326171875,2136461
2025-07-01,6217.312842130661,6217.312842130661,6120.955227216085,6134.9345703125,558024
2025-07-02,6121.454591491625,6242.775321100341,6054.05418615345,6213.31884765625,1159148
2025-07-03,6224.801788256138,6248.766376468866,6133.436795695112,6181.865234375,750787
2025-07-04,5666.62657393738,5776.464269643655,5342.106109350658,5447.94970703125,7516962
2025-07-07,5491.884754969654,5514.351556239984,5432.472547165891,5490.88623046875,1445372
2025-07-08,5504.36616897583,5509.358791351318,5362.076431274414,5431.97314453125,1699343
2025-07-09,5431.973291882397,5496.378122273281,5392.032311795026,5400.0205078125,969206
2025-07-10,5421.987803667603,5436.965670528562,5379.051251999516,5422.986328125,947485
2025-07-11,5411.004297038853,5411.004297038853,5331.621598826159,5356.08544921875,942210
2025-07-14,5360.0792613369085,5385.042372650884,5279.698042905906,5306.658203125,829406
2025-07-15,5321.6361447704085,5397.024741999072,5301.16639320501,5382.046875,577430
2025-07-16,5407.009900623607,5461.928745412951,5367.068922594993,5374.05859375,716193
2025-07-17,5392.032169329718,5446.9510154988175,5367.069057434674,5409.50634765625,490075
2025-07-18,5416.995562318314,5435.468266079215,5348.596632176599,5367.0693359375,418316
2025-07-21,5367.568608828953,5390.5346730096,5341.107708794731,5368.06787109375,404842
2025-07-22,5401.518030244016,5445.952368416833,5343.104349724693,5352.59033203125,451766
2025-07-23,5375.057361338694,5382.546295057818,5312.15031809806,5351.0927734375,521291
2025-07-24,5307.157456113426,5320.637536199508,5133.414201670577,5146.39501953125,1326255
2025-07-25,5146.395302159242,5163.869481008251,5025.573836974674,5035.55908203125,1136699
2025-07-28,5035.559048103818,5101.960927282661,4973.151266920696,4986.63134765625,1450708
2025-07-29,4986.631183691768,5044.545602725432,4950.185040679202,4994.1201171875,1285403
2025-07-30,5004.105322802942,5066.013839217944,4980.140735803587,5036.05810546875,640920
2025-07-31,4967.659151663386,5069.508645828143,4957.174644911132,5010.595703125,752111
2025-08-01,5026.572355928753,5267.716023778731,4997.615145296664,5172.35693359375,2034517
2025-08-04,5267.216518734223,5281.195861153613,5154.882517149844,5241.2548828125,790968
2025-08-05,5237.26078534541,5348.097000249764,5192.32718470851,5309.65380859375,976873
2025-08-06,5342.1057825116095,5421.987738137952,5310.153000261073,5348.59619140625,2486662
2025-08-07,5277.202101022614,5431.97340199868,5202.8120241018605,5295.6748046875,2293342
2025-08-08,5322.135603701864,5366.070681856251,5230.77061163081,5309.15478515625,1192637
2025-08-11,5322.135727925221,5478.904078635213,5298.670401545062,5435.46826171875,1110381
2025-08-12,5435.467915949556,5451.943569593934,5349.594812106136,5357.5830078125,441837
2025-08-13,5357.583358522984,5436.966058551421,5352.091473615356,5390.53466796875,615620
2025-08-14,5415.996742912671,5431.973134484684,5352.091176624615,5362.57568359375,697401
2025-08-18,5521.840214273985,5614.702988221089,5492.883005193706,5510.8564453125,1714061
2025-08-19,5541.810947734716,5553.29397942822,5456.936365652293,5487.890625,548359
2025-08-20,5487.8906550866495,5489.887704087772,5423.985087050706,5444.9541015625,636301
2025-08-21,5448.947949890389,5538.81515082316,5430.974509703835,5444.45458984375,607314
2025-08-22,5444.454955378772,5476.407740077923,5396.0265160691215,5410.005859375,443698
2025-08-25,5451.9439428274245,5477.406318384586,5396.026569054836,5414.99853515625,656081
2025-08-26,5412.002569124764,5438.962729524463,5264.220949156043,5287.18701171875,949915
2025-08-28,5287.187108759461,5290.182682192186,5207.305150553463,5227.77490234375,784214
2025-08-29,5231.269673734488,5403.015881767,5222.28295354674,5290.1826171875,1333724
2025-09-01,5313.148836277953,5453.940790030103,5296.17391986812,5441.95849609375,688959
2025-09-02,5441.9585798197295,5463.92611904102,5378.0530111759745,5404.0146484375,541160
2025-09-03,5408.008486237224,5491.884541045925,5342.105871744673,5470.91552734375,832845
2025-09-04,5516.847698993376,5665.627845083876,5494.880160644443,5520.841796875,1412461
2025-09-05,5548.8007220751,5608.712192891098,5485.893677718301,5520.3427734375,622758
2025-09-08,5531.825478332824,5547.3026073787005,5292.179609235373,5307.65673828125,876255
2025-09-09,5322.135280058326,5339.110195585717,5198.318249152654,5210.7998046875,1014203
2025-09-10,5242.253788904535,5252.738296482345,5163.370350938162,5185.337890625,898752
2025-09-11,5206.805932329185,5206.805932329185,5142.401102981169,5163.3701171875,585140
2025-09-12,5171.3583643625125,5194.324427768641,5117.438041582907,5122.4306640625,625409
2025-09-15,5123.429220526952,5167.364298621512,5101.461681479672,5125.42626953125,955394
2025-09-16,5146.395194307006,5148.891505518835,5107.452739402471,5139.90478515625,703169
2025-09-17,5172.356876052188,5240.256541606542,5155.881221910323,5189.8310546875,828577
2025-09-18,5207.305397520169,5217.290642769489,5126.42491100068,5136.41015625,810331
2025-09-19,5141.402584142009,5150.389304526021,5066.5132476085755,5072.50439453125,1105187
2025-09-22,5081.99036793242,5130.418805469451,4982.637181645107,5003.10693359375,799543
2025-09-23,5003.106877787326,5012.093598054782,4838.849601787722,4883.783203125,2734495
2025-09-24,4930.7139180397435,4956.176292464615,4872.3002355356275,4889.7744140625,941080
2025-09-25,4907.248655411917,4921.227998412378,4703.050395155179,4735.50244140625,1518468
2025-09-26,4732.00766212315,4767.95454455329,4653.124225679232,4672.09619140625,1038283
2025-09-29,4693.065023104719,4739.995673335767,4679.085680482705,4723.52001953125,815624
2025-09-30,4737.499283106043,4738.997069790553,4659.115113283337,4670.59814453125,751802
2025-10-01,4704.048659368856,4842.743607236948,4694.163364877665,4824.8701171875,1270493
2025-10-03,4796.911794652785,4829.363841556659,4731.009176324916,4808.5947265625,1070640
2025-10-06,4809.892594882823,4900.758325863586,4682.680669021915,4770.2509765625,1075080
2025-10-07,4688.07265825064,4714.932870537615,4583.227582826505,4679.0859375,2789651
2025-10-08,4702.051647856638,4738.997052607264,4599.602941495453,4609.7880859375,1114855
2025-10-09,4623.168153279815,4669.998851963953,4594.4108444565045,4654.0224609375,749429
2025-10-10,4663.109258899389,4722.920776935001,4645.235768459874,4684.17822265625,735165
2025-10-13,4670.19902257586,4688.072513560557,4619.174323265418,4674.6923828125,602116
2025-10-14,4683.08008670873,4693.065332096168,4591.815041379702,4610.3876953125,913650
2025-10-15,4610.387373988342,4745.0882273646575,4603.297752745215,4717.2294921875,1298534
2025-10-16,4736.00161212067,4801.404965608737,4720.6244326295255,4786.3271484375,1140794
2025-10-17,4786.32737164546,4842.843957402774,4739.995931090922,4807.29638671875,1243932
2025-10-20,4814.785044311373,4828.165174697025,4764.958770771247,4795.2138671875,610816
2025-10-21,4819.877693248988,4831.859987079315,4764.958846526656,4784.03076171875,82502
2025-10-23,4792.917742168951,4859.319623388584,4759.866482726417,4776.2421875,769642
2025-10-24,4788.923662627187,4799.807482530087,4752.976779421479,4782.533203125,519615
2025-10-27,4802.902760533502,4824.57093682675,4779.337485235776,4791.61962890625,414172
2025-10-28,4793.516974338992,4821.275761353537,4685.576374726056,4718.427734375,616890
2025-10-29,4728.013571391291,4780.935370606442,4728.013571391291,4773.54638671875,305268
2025-10-30,4774.0456060965225,4777.739854226789,4717.029759375988,4737.49951171875,346569
2025-10-31,4737.9989241648,4741.8930723437325,4678.287351925676,4687.37353515625,498496
2025-11-03,4687.373396909335,4713.035671756565,4648.331478744903,4706.4453125,292566
2025-11-04,4713.035399289821,4717.928071577778,4639.144590063666,4653.72314453125,475909
2025-11-06,4653.723245769873,4697.15906024638,4628.160921807175,4672.2958984375,476465
2025-11-07,4672.595341262949,4701.153239129871,4604.396313761724,4620.47216796875,543059
2025-11-10,4561.259701507509,4573.1420449865855,4256.3104310598565,4277.37939453125,6807962
2025-11-11,4288.6625270201985,4358.559238752775,4256.809694471364,4309.431640625,1802510
2025-11-12,4323.611035170133,4390.21281357686,4288.662678072915,4369.34326171875,937925
2025-11-13,4371.540072774946,4396.403234242256,4306.536033111661,4320.01611328125,926858
2025-11-14,4328.603434736864,4393.40757319113,4320.615239240233,4384.720703125,808967
2025-11-17,4385.419618148217,4407.587056891118,4368.544651748477,4398.10107421875,551524
2025-11-18,4398.100843798804,4403.392828303927,4353.46660632819,4367.5458984375,316742
2025-11-19,4373.537225775166,4382.423996141867,4324.509576257174,4352.46826171875,593957
2025-11-20,4345.778273622135,4411.281087000761,4345.678323665734,4382.423828125,513726
2025-11-21,4390.511947381987,4390.511947381987,4348.573921048112,4352.66796875,411274
2025-11-24,4363.551956494727,4363.551956494727,4292.6567187576275,4304.5390625,1144110
2025-11-25,4304.539327549568,4313.126736076954,4229.550037334691,4237.63818359375,1019740
2025-11-26,4240.234229854161,4346.177775332296,4240.234229854161,4286.06640625,804098
2025-11-27,4299.1469408798675,4313.725495095502,4237.737688327525,4259.80517578125,669342
2025-11-28,4269.790692526253,4276.88031395614,4230.548387318408,4244.12841796875,549814
2025-12-01,4263.699470348197,4278.677337340052,4193.702807760771,4209.67919921875,542859
2025-12-02,4211.876163840308,4233.344439942358,4196.798346833225,4220.263671875,491997
2025-12-03,4219.764538905225,4220.063901231044,4151.864872874568,4182.0205078125,709367
2025-12-04,4181.920267357777,4228.5510657531995,4154.960107718363,4209.5791015625,427254
2025-12-05,4208.780566894623,4218.765811418691,4158.854344274284,4176.927734375,679735
2025-12-08,4176.927819150422,4195.799834171785,4069.087176101742,4084.46435546875,1028704
2025-12-09,4043.6248446974637,4112.0237717969785,3982.1156390199044,4079.371826171875,1671211
2025-12-10,4073.980007360126,4131.894429033383,4004.183241510895,4012.37109375,737740
2025-12-11,4016.0654577960936,4054.6086002289185,3924.3011556137044,4041.52783203125,1815905
2025-12-12,4071.8830300423037,4086.7611916126752,4043.9243435685,4069.38671875,534723
2025-12-15,4060.998984341727,4123.107400862485,4006.579401197733,4102.93701171875,459769
2025-12-16,4108.9282044651345,4137.586051851085,4079.471732525469,4102.6376953125,562479
2025-12-17,4094.0503417101204,4113.820931504499,4030.044824658662,4039.231201171875,460320
2025-12-18,4044.024200818083,4050.8142161335604,3987.807223048163,4024.0537109375,614346
2025-12-19,4028.047713379792,4065.991643252978,4019.0609931466693,4056.2060546875,501005
2025-12-22,4073.980058791535,4218.766114802509,4057.9037164395354,4200.5927734375,1316448
2025-12-23,4227.752550003258,4229.8495488746485,4170.437343696284,4183.21826171875,662345
2025-12-24,4202.789340953507,4306.9352443519765,4176.927655635843,4283.2705078125,960632
2025-12-26,4283.669822364656,4331.9983074637985,4256.70966264348,4278.9765625,1029780
2025-12-29,4296.8509368975465,4313.526003951435,4204.886730506755,4219.7646484375,423139
2025-12-30,4219.7645023945815,4251.417923809315,4181.6206717830755,4201.49169921875,670540
2025-12-31,4218.766198065772,4281.773194299342,4205.7853789948,4272.6865234375,426359
2026-01-01,2848.457552862818,2867.7622780239267,2833.01357770962,2860.7060546875,561898
2026-01-02,2862.436913141387,2954.2346129088605,2855.513793854113,2935.395751953125,1343563
2026-01-05,2935.3958463486424,2966.9490745441967,2900.380936507937,2948.842529296875,764686
2026-01-06,2801.393928144321,2801.393928144321,2658.7380264242747,2694.41845703125,9216280
2026-01-07,2696.0161877770597,2710.3282912174714,2654.8770265566895,2703.005859375,2216505
2026-01-08,2715.1877005039564,2725.639053346334,2649.4181893231143,2656.34130859375,1294783
2026-01-09,2649.4183092897583,2668.7232791783536,2630.1135831815636,2644.692138671875,1153431
2026-01-12,2656.0750824525335,2706.667070045092,2635.3722768268176,2700.2763671875,1362049
2026-01-13,2701.341462677929,2702.672991163658,2548.101353816546,2610.7421875,2478213
2026-01-14,2600.1578516170434,2629.4478229608912,2586.977376701332,2617.5986328125,1082931
2026-01-15,2617.5986328125,2617.5986328125,2617.5986328125,2617.5986328125,0
2026-01-16,2602.8206789103874,2647.953938727373,2589.5068560440827,2595.964111328125,1300899
2026-01-19,2595.8975427475066,2633.3753663667244,2583.5156924362996,2626.518798828125,933921
2026-01-20,2638.1017352562408,2638.7009474698198,2542.4430391733076,2553.62646484375,1369123
2026-01-21,2553.559941472884,2560.2834048724408,2458.433904487104,2505.897216796875,2146752
2026-01-22,2512.6869265979967,2562.147286717128,2508.0273081696096,2532.125,1749508
2026-01-23,2556.2226929876247,2556.2226929876247,2492.317125662934,2500.23876953125,711565
2026-01-27,2514.0184420535206,2541.577571538524,2475.075987184814,2526.33349609375,1495369
2026-01-28,2534.920809860671,2579.188645736031,2530.3274998938587,2572.198974609375,969787
2026-01-29,2562.8795002874094,2568.005226621413,2501.636504896892,2545.4384765625,1154493
2026-01-30,2539.5806015061416,2557.420938675499,2497.0436034418085,2519.943115234375,1605357
2026-02-02,2482.331876127032,2482.9310883317376,2426.414504822481,2476.93994140625,1570212
2026-02-03,2596.1635602890105,2596.2301123334028,2523.6705879780184,2544.77294921875,1116022
2026-02-04,2552.2286596064478,2709.3297686611613,2532.9239335821294,2671.11962890625,2888310
2026-02-05,2645.024711094706,2757.5252135126366,2571.5332141989943,2750.135986328125,5756748
2026-02-06,2758.8566185248105,2767.244126742949,2692.288237817889,2738.48681640625,1673695
2026-02-09,2740.617034828025,2821.5640726332867,2727.9024243224335,2776.697021484375,1492629
2026-02-10,2789.2115325377035,2799.1302249342607,2767.6435508137965,2785.48388671875,974880
2026-02-11,2799.1967792104056,2814.5076498854337,2751.0679497234332,2808.449951171875,850761
2026-02-12,2808.450131483402,2861.3719304596075,2784.418991219189,2852.85107421875,1421169
2026-02-13,2827.2221054636093,2861.771149865276,2792.60675279592,2830.484130859375,997642
2026-02-16,2818.5019211752906,2861.105470925827,2797.532906542006,2815.50634765625,1048090
2026-02-17,2805.853844095734,2812.444203305768,2749.2707078538374,2777.162841796875,589263
2026-02-18,2777.162755426116,2796.534276385649,2753.93048446424,2787.34765625,559431
2026-02-19,2783.2205343536634,2783.2870864014603,2698.013191839921,2707.931884765625,880942
2026-02-20,2705.868301129526,2745.942385376913,2690.490877503177,2723.30908203125,507846
2026-02-23,2719.3148733394314,2742.5473879539486,2689.359139445434,2699.27783203125,1011306
2026-02-24,2702.6729593441405,2702.7395113896046,2596.1636021004056,2616.99951171875,1064977
2026-02-25,2622.6580279336945,2639.1002844624136,2596.1637304586743,2610.808837890625,593319
2026-02-26,2610.808858153313,2627.2511148096414,2558.1532668187783,2566.873779296875,1642408
2026-02-27,2566.8736014882847,2616.1340597761036,2556.2225927583304,2595.830810546875,1464748
2026-03-02,2499.9725845940293,2587.9092925306354,2499.6395805741877,2561.881103515625,1202169
2026-03-04,2523.1381888167557,2528.2639151717945,2477.006407841025,2500.837890625,1216759
2026-03-05,2506.296473114906,2532.790770047741,2472.0138801743947,2523.53759765625,1072954
2026-03-06,2519.60995675716,2548.9001699175114,2473.5447277999706,2478.20458984375,547650
2026-03-09,2402.3833847334295,2464.0256952793375,2383.145211123365,2455.970947265625,1435404
2026-03-10,2496.2447744570027,2496.2447744570027,2456.370345282904,2473.212158203125,1089144
2026-03-11,2473.012464293187,2481.067212465037,2402.250327800866,2414.698486328125,1027122
2026-03-12,2398.4559046226564,2398.5224566721736,2331.5547615711503,2352.257568359375,1483744
2026-03-13,2336.480701797347,2385.541504794219,2310.0529575425157,2321.76904296875,1823805
2026-03-16,2321.7691283818313,2404.7132142776873,2281.8947002625646,2393.862548828125,1955878
2026-03-17,2391.7988795989118,2431.739858628008,2363.174673814986,2419.4248046875,1113102
2026-03-18,2420.4232770513704,2476.340646488201,2410.4380325090797,2423.68505859375,968137
2026-03-19,2396.4587793655555,2396.4587793655555,2311.6507496437594,2317.841552734375,1047360
2026-03-20,2335.8815608098607,2395.1275102050827,2334.150963785803,2369.565185546875,1255825
2026-03-23,2331.354917827514,2331.354917827514,2223.580830048258,2234.498046875,1439566
2026-03-24,2296.6729858549697,2297.2721980889937,2224.1134549470967,2240.4228515625,1347820
2026-03-25,2273.706798028878,2351.3920515005498,2256.6653297845955,2315.844482421875,1629700
2026-03-27,2297.272194368575,2333.8180460747326,2245.748230859719,2263.055908203125,1932445
2026-03-30,2196.753925200653,2252.405089647176,2180.44477277369,2193.9580078125,2753815
2026-04-01,2294.6092094703718,2356.451173955585,2261.9906625113604,2347.531005859375,2443438
2026-04-02,2286.6210383058956,2374.757399927108,2263.4553193376514,2363.573974609375,1696813
2026-04-06,2419.691060821751,2575.8604381884174,2419.691060821751,2551.96240234375,7316710
2026-04-07,2541.710776500672,2595.36489256827,2513.818885674299,2544.90625,2988603
2026-04-08,2636.1045883465395,2662.0662244438918,2590.705123089196,2599.491943359375,2138406
2026-04-09,2601.4890455835016,2621.7925393137757,2557.0215518348296,2563.345458984375,1124460
2026-04-10,2582.8501127774302,2642.0958183227212,2577.0586219403717,2607.1474609375,1779396
2026-04-13,2555.224043050242,2596.0304410197036,2538.249127562999,2579.787841796875,639277
2026-04-15,2605.483075080148,2662.0662090456735,2602.8205057083865,2648.219970703125,1129743
2026-04-16,2675.846008251981,2726.171545622498,2626.185991362294,2718.183349609375,2089150
2026-04-17,2729.832958824393,2774.3004545100407,2722.6436309699925,2734.426025390625,1872909
2026-04-20,2762.584450190043,2847.1260261888438,2747.7396872216204,2824.35986328125,3342232
2026-04-21,2838.4723358083024,2958.628033616171,2824.3598889979967,2922.68115234375,3657111
2026-04-22,2952.9697159093503,2994.2422245577723,2886.8008905119905,2951.97119140625,3895303
2026-04-23,2955.6325989589595,2981.8604448515243,2812.5108313956307,2830.084716796875,7204105
2026-04-24,2835.8096395123644,2891.7270126858475,2795.868658674162,2860.6396484375,2433141
2026-04-27,2886.401615046274,2894.722571418135,2826.756352292033,2836.34228515625,1586730
2026-04-28,2836.342089264659,2842.39978799035,2797.1997359228003,2831.748779296875,1343208
2026-04-29,2844.463599001829,2865.565718033561,2808.3168163310365,2814.70751953125,965358
2026-04-30,2805.9203976030335,2808.1171027473893,2745.2766112829318,2758.98974609375,850288
2026-05-01,2758.98974609375,2758.98974609375,2758.98974609375,2758.98974609375,0
2026-05-04,2752.5992877928034,2791.8079515065297,2707.465785343356,2768.24267578125,1021008
2026-05-05,2762.651067315055,2768.242658214448,2713.057602842021,2752.865478515625,697752
2026-05-06,2767.843368496611,2878.7461403068155,2766.9113960423815,2855.64697265625,2076619
2026-05-07,2889.5966392217756,2899.049223535231,2854.248727606903,2858.50927734375,899052
2026-05-08,2851.253224325011,2875.018155451696,2810.447068953779,2824.02685546875,812644
2026-05-11,2813.975160854967,2821.8302528030104,2764.781251887573,2783.287109375,671347
2026-05-12,2766.5786960088535,2784.884897690392,2687.7618106552272,2696.41552734375,1257577
2026-05-13,2688.36067887704,2747.273623602096,2676.711389050539,2718.982177734375,682320
2026-05-14,2728.767765406438,2773.568263203857,2728.767765406438,2750.868408203125,1006207
2026-05-15,2750.8683328040765,2758.85652847696,2684.0337460889236,2730.16552734375,1025671
2026-05-18,2696.681800026386,2708.4641936029575,2649.817702559563,2684.2333984375,1621033
2026-05-19,2690.0249593236435,2735.757429437191,2680.1062665326613,2709.0634765625,778135
2026-05-20,2684.4996966172866,2738.619919063431,2677.3769210842715,2729.233642578125,751509
2026-05-21,2752.5992748069134,2789.810889343975,2697.347423516546,2776.164306640625,1122106
2026-05-22,2788.546173480058,2872.3556795889685,2767.444054844609,2860.10693359375,1631965
2026-05-25,2889.7299337490367,2903.709276897788,2855.7801003877835,2862.43701171875,876774
2026-05-26,2855.7800122208523,2869.2934906116275,2815.839033028952,2822.2294921875,843390
2026-05-27,2822.2295561105166,2853.982684043358,2809.51518955207,2828.220703125,644872
2026-05-28,2828.220703125,2828.220703125,2828.220703125,2828.220703125,0
2026-05-29,2835.809558521618,2886.2016474757643,2789.211667614418,2811.844970703125,1777057
2026-06-01,2818.701602317108,2833.2133619218303,2757.8581589387763,2767.444091796875,978147
2026-06-02,2699.6109632543285,2826.024019975792,2699.6109632543285,2802.791748046875,1130323
2026-06-03,2809.182248889497,2852.3187033909976,2772.5698454954922,2834.2119140625,817263
2026-06-04,2825.8242025809595,2844.796167191927,2746.9407707774626,2833.4130859375,1567328
2026-06-05,2825.824406723398,2833.313340663478,2748.9380182719137,2770.106689453125,1346639
2026-06-08,2735.9570077345998,2793.8714261465,2704.5034873902055,2720.08056640625,954677
2026-06-09,2727.1700083786236,2799.6629830685697,2727.1700083786236,2767.2109375,1496702
2026-06-10,2781.0902496339886,2841.301322730479,2739.2521726873797,2750.63525390625,1588046
2026-06-11,2743.9452578863215,2745.9423068367482,2676.045593571813,2706.89990234375,980802
2026-06-12,2758.0,2783.89990234375,2720.39990234375,2755.300048828125,583327
2026-06-15,2791.300048828125,2944.5,2791.300048828125,2901.10009765625,2230325
2026-06-16,2915.5,2923.199951171875,2875.0,2897.800048828125,811498
2026-06-17,2905.0,3115.0,2905.0,3102.800048828125,5645225
2026-06-18,3125.0,3192.0,3105.0,3179.699951171875,3695494
2026-06-19,3182.0,3218.800048828125,3140.0,3205.800048828125,2456189
2026-06-22,3209.800048828125,3241.800048828125,3171.0,3180.60009765625,1265490
2026-06-23,3172.10009765625,3232.0,3137.0,3142.89990234375,1491098
2026-06-24,3158.10009765625,3309.199951171875,3140.0,3247.0,3950989
2026-06-25,3270.0,3290.89990234375,3206.60009765625,3216.199951171875,1414292
2026-06-26,3216.199951171875,3216.199951171875,3216.199951171875,3216.199951171875,0
2026-06-29,3225.300048828125,3312.0,3225.300048828125,3258.300048828125,2676532
2026-06-30,3275.0,3295.0,3242.39990234375,3282.60009765625,1512736
2026-07-01,3285.0,3296.699951171875,3263.0,3290.300048828125,683229
2026-07-02,3290.5,3344.89990234375,3265.0,3317.800048828125,1092281
2026-07-03,3374.0,3399.699951171875,3320.0,3340.60009765625,1504875
2026-07-06,3341.0,3365.0,3330.10009765625,3343.800048828125,800656
2026-07-07,3080.0,3080.0,2920.0,2927.800048828125,9059505
2026-07-08,2921.0,2984.89990234375,2892.39990234375,2924.0,2737768
2026-07-09,2945.0,2963.199951171875,2895.5,2904.10009765625,1547534
2026-07-10,2934.0,2938.699951171875,2896.800048828125,2902.800048828125,1093622
2026-07-13,2884.0,2914.89990234375,2862.5,2900.10009765625,1111293
2026-07-14,2900.0,2900.0,2855.199951171875,2869.10009765625,784332
2026-07-15,2875.0,2897.39990234375,2857.39990234375,2867.699951171875,1034561
2026-07-16,2876.699951171875,2905.0,2855.0,2860.199951171875,905518
2026-07-17,2860.89990234375,2873.89990234375,2838.199951171875,2842.39990234375,791066
2026-07-20,2840.0,2935.0,2837.0,2925.89990234375,1557787
2026-07-21,2930.0,2934.39990234375,2883.10009765625,2894.699951171875,480354
2026-07-22,2914.800048828125,2914.800048828125,2861.300048828125,2887.300048828125,628545
2026-07-23,2880.0,2930.0,2865.0,2874.800048828125,710240
2026-07-24,2841.300048828125,2913.0,2836.0,2890.5,654165
2026-07-27,2918.89990234375,2953.5,2907.10009765625,2938.300048828125,789065
2026-07-28,2938.300048828125,2945.300048828125,2908.800048828125,2930.699951171875,514388
2026-07-29,2940.0,3010.10009765625,2916.5,3005.199951171875,1012733
2026-07-30,3020.199951171875,3042.60009765625,2982.0,2999.199951171875,806910
2026-07-31,3008.0,3026.699951171875,2990.89990234375,3005.89990234375,605222
2026-08-03,3035.0,3050.0,3002.89990234375,3050.0,883208
2026-08-04,3058.0,3111.0,3038.0,3107.699951171875,1525660
2026-08-05,3107.300048828125,3140.300048828125,3080.10009765625,3129.0,785852
2026-08-06,3120.0,3244.5,3046.199951171875,3107.10009765625,4403351
2026-08-07,3106.5,3106.5,2985.60009765625,2997.0,2469173
2026-08-10,3010.0,3047.0,2981.0,3025.0,989590
2026-08-11,3024.5,3029.800048828125,2990.300048828125,3000.0,589607
2026-08-12,3000.0,3019.0,2972.89990234375,2987.0,692694
2026-08-13,2987.0,3011.89990234375,2957.0,2990.0,781980
2026-08-14,2947.699951171875,3020.60009765625,2945.0,2978.0,1648536
2026-08-17,2989.89990234375,2989.89990234375,2945.0,2946.0,689113
2026-08-18,2946.10009765625,2980.39990234375,2932.10009765625,2942.10009765625,718320
2026-08-19,2942.10009765625,2972.0,2938.0,2953.0,484117
2026-08-20,2960.0,2978.0,2947.10009765625,2970.0,325293
2026-08-21,2970.0,2976.60009765625,2914.0,2924.0,522242
2026-08-24,2924.0,2938.60009765625,2892.199951171875,2905.0,514000
2026-08-25,2910.0,2938.89990234375,2893.800048828125,2930.0,620202
2026-08-26,2950.0,2954.800048828125,2906.199951171875,2908.199951171875,467317
2026-08-27,2908.199951171875,2923.5,2868.199951171875,2878.5,591208
2026-08-28,2890.39990234375,2911.199951171875,2875.800048828125,2898.0,469911
2026-08-31,2895.89990234375,2901.199951171875,2865.10009765625,2879.89990234375,976926
2026-09-01,2880.0,2911.89990234375,2855.0,2855.0,652244
2026-09-02,2845.0,2873.0,2810.0,2852.300048828125,873641
2026-09-03,2860.0,2879.800048828125,2815.60009765625,2815.60009765625,520969
2026-09-04,2849.0,2879.0,2833.199951171875,2853.0,577393
2026-09-07,2850.0,2854.39990234375,2772.5,2814.5,1021019
2026-09-08,2800.5,2812.800048828125,2770.39990234375,2793.60009765625,588825
2026-09-09,2793.60009765625,2841.800048828125,2782.0,2820.0,601991
2026-09-10,2811.0,2835.0,2800.0,2818.699951171875,503802
2026-09-11,2789.0,2816.0,2757.5,2802.39990234375,677898
2026-09-14,2802.39990234375,2802.39990234375,2802.39990234375,2802.39990234375,0
2026-09-15,2802.39990234375,2817.60009765625,2730.0,2730.0,494769
2026-09-16,2735.39990234375,2799.199951171875,2723.89990234375,2769.699951171875,620165
2026-09-17,2760.0,2811.0,2760.0,2789.0,459529
2026-09-18,2789.300048828125,2824.0,2776.10009765625,2824.0,925467
2026-09-21,2813.89990234375,2836.89990234375,2801.0,2815.5,592996
2026-09-22,2838.699951171875,2847.89990234375,2754.199951171875,2782.89990234375,764083
2026-09-23,2782.89990234375,2794.39990234375,2764.5,2774.0,839769
2026-09-24,2765.0,2767.5,2699.89990234375,2700.0,556839
2026-09-25,2720.0,2720.0,2646.0,2669.300048828125,1054993
2026-09-28,2660.0,2663.800048828125,2615.10009765625,2626.0,636905
2026-09-29,2626.0,2642.699951171875,2580.39990234375,2635.0,1548590
2026-09-30,2651.10009765625,2669.89990234375,2618.0,2621.60009765625,785465
2026-10-01,2615.0,2624.0,2545.800048828125,2580.0,896919
