Date,Open,High,Low,Close,Volume
2019-10-03,4010.2782196502717,4010.2782196502717,3910.4727650251757,3941.64990234375,321369
2019-10-04,3966.7442304636093,3976.3441934040925,3770.7451418037663,3782.67431640625,476329
2019-10-07,3801.162085623571,3810.477307939832,3662.3849752207097,3678.924072265625,413509
2019-10-09,3676.6425638922324,3860.094480859968,3676.6425638922324,3843.5078125,802345
2019-10-10,3847.262515791041,3878.1546792902896,3751.7820137881763,3779.5849609375,390651
2019-10-11,3788.805046834438,3897.070105749127,3768.8439565224653,3875.4931640625,624956
2019-10-14,3873.4021588675687,3998.9670186094913,3851.1123204640153,3963.9873046875,467406
2019-10-15,3987.3705089698715,4010.4686218685333,3936.65973851112,3998.396728515625,349808
2019-10-16,4023.3951266765744,4085.3697439944467,4017.4543260949167,4073.2978515625,323562
2019-10-17,4059.7058651853517,4068.260618823064,4012.2267968460146,4049.677978515625,335206
2019-10-18,4057.519788751125,4147.154409616525,4045.11511764589,4082.803466796875,539285
2019-10-22,4082.518670642659,4191.734269379184,4008.3774701047946,4039.079345703125,999349
2019-10-23,4064.3162152149803,4086.320850861099,4003.6248950516283,4040.98046875,432380
2019-10-24,4054.0026114223083,4115.786941959812,4033.8038879773558,4098.24951171875,884456
2019-10-25,4081.3776310163385,4093.7344971062034,3968.455071168218,3988.986572265625,587008
2019-10-27,3995.0696869739418,4063.5077115901977,3965.603315264165,3982.61767578125,56626
2019-10-29,4010.944112746408,4010.944112746408,3879.105663075637,3913.990234375,775239
2019-10-30,3963.7022256726937,3998.824425049,3898.353417995236,3918.742431640625,616338
2019-10-31,3918.742202195381,3959.8998813709495,3888.990395567002,3938.22802734375,763791
2019-11-01,3938.0381042945996,3972.0668262317654,3927.3446626645455,3956.81103515625,255083
2019-11-04,3965.6034921893665,4084.1345396505235,3965.6034921893665,4029.00390625,875545
2019-11-05,4039.744742535062,4039.744742535062,3929.8162519543894,3942.220458984375,386308
2019-11-06,3954.1974572986337,3970.2612916438866,3912.421555723522,3931.052001953125,417808
2019-11-07,3954.197561858696,4025.724813428376,3954.197561858696,3980.241943359375,615076
2019-11-08,3963.702396330965,3987.323113748024,3922.1167896548304,3942.077880859375,371096
2019-11-11,3928.5328708349357,3973.207694190668,3904.769666922312,3932.38232421875,275634
2019-11-13,3932.3824476060972,3965.9837118178775,3902.0133505279114,3911.993896484375,519389
2019-11-14,3925.6814447144106,3927.582501104103,3795.554227664998,3805.344482421875,573058
2019-11-15,3843.7930739944327,3891.461964441714,3816.3702460267423,3875.68310546875,621773
2019-11-18,3874.257583373531,3940.224143981667,3868.6971329484595,3922.2119140625,498006
2019-11-19,3925.681219138925,3925.681219138925,3883.145084863751,3897.307861328125,561897
2019-11-20,3895.2642288822103,3925.681128668504,3873.402082160812,3910.52001953125,836453
2019-11-21,3906.6705673679025,3906.6705673679025,3862.9462739131764,3875.540771484375,213325
2019-11-22,3882.7178583802875,3895.122298507591,3830.6764364734045,3879.248291015625,222219
2019-11-25,3914.2751571457297,3924.730967424652,3892.4605812035784,3909.950439453125,413582
2019-11-26,3911.851104588344,3944.5491788195422,3886.6143047370792,3909.379638671875,674879
2019-11-27,3919.645425065715,4039.7447530793374,3919.645425065715,4025.154052734375,640193
2019-11-28,4039.696780875589,4087.2705230579204,4000.0122356807824,4082.23291015625,782062
2019-11-29,4088.791730995897,4122.9155966538565,4030.0014757148556,4048.394287109375,463936
2019-12-02,4058.755487704618,4106.28189856767,4044.497564445703,4064.6962890625,467324
2019-12-03,4076.7203430144064,4083.469186123756,3965.318715387581,4003.33984375,312478
2019-12-04,4001.7234124533215,4022.8726632673565,3958.046459391841,3989.509033203125,271645
2019-12-05,3994.261577042924,4058.755001686298,3941.2222945210247,3955.10009765625,483794
2019-12-06,3973.2074247261717,3988.6061654672335,3920.1681428403713,3952.1533203125,227870
2019-12-09,3967.314491014856,3984.61429023414,3917.1267867497354,3946.070556640625,234928
2019-12-10,3954.1972747457885,3959.187547748773,3831.769197326727,3838.8505859375,550870
2019-12-11,3850.5894869089757,3862.946352702562,3773.596707733556,3803.20556640625,474277
2019-12-12,3813.7087468083846,3834.2878191432583,3786.2385779006568,3794.603271484375,398279
2019-12-13,3834.4309434151824,3889.086317546658,3801.6377189362966,3880.626708984375,548283
2019-12-16,3880.055733615151,3882.8597451189034,3832.5293282548478,3860.332275390625,509129
2019-12-17,3861.2353968187126,3939.9391738942954,3853.2986260195594,3915.748046875,447766
2019-12-18,3909.8070587580883,3916.128441940392,3850.11407956508,3864.27685546875,819336
2019-12-19,3849.638666925771,3881.576502765273,3824.9249372121735,3838.08984375,375655
2019-12-20,3835.381185711228,3941.602709256019,3825.8759039622537,3916.60400390625,1567317
2019-12-23,3911.423021267072,3961.801009147304,3866.93826102825,3879.96044921875,457733
2019-12-24,3911.423458056268,3919.0276834911283,3872.0241114344067,3894.646728515625,231713
2019-12-26,3894.313644220452,3920.9284311470255,3848.4506631773384,3861.758056640625,362984
2019-12-27,3884.808404033341,3889.5610446059286,3844.8862232236024,3854.9619140625,417948
2019-12-30,3872.356232336001,3887.6598271701623,3843.507844494144,3851.4921875,326955
2019-12-31,3851.492544822759,3870.5506809091935,3830.628498051093,3845.884521484375,276631
2020-01-01,3859.144331853475,3870.5030969596,3844.886409445149,3863.89697265625,163949
2020-01-02,3868.554475045828,4045.7328316793064,3866.891050761749,4034.8017578125,1458328
2020-01-03,4027.387966237862,4047.349058352801,3978.7685418400665,4010.46875,635983
2020-01-06,3983.663239227033,3991.9803600438395,3926.6315536260736,3951.4404296875,462841
2020-01-07,3991.7905857585765,4043.547032794529,3958.046834074466,4032.23583984375,524372
2020-01-08,4015.8389007052106,4117.687897969636,3976.81944212591,4105.28369140625,1032268
2020-01-09,4122.441027909925,4182.324307771194,4117.308268175412,4170.91796875,698429
2020-01-10,4171.012447518056,4243.204778222156,4150.861066152467,4224.71728515625,735887
2020-01-13,4237.026727712635,4269.7726093538195,4229.897766321238,4247.62548828125,403937
2020-01-14,4244.10893541766,4280.18167069798,4203.901773258502,4261.50341796875,438651
2020-01-15,4230.847238833006,4301.376598250227,4191.828252203415,4283.55419921875,416924
2020-01-16,4296.387300746459,4329.560640840924,4213.928982529699,4251.0947265625,467980
2020-01-17,4220.345035033711,4298.66846267869,4193.064691161727,4264.7822265625,360682
2020-01-20,4277.37761492203,4286.360293563436,4231.752253696195,4246.6279296875,204026
2020-01-21,4234.602356596542,4296.386678297727,4220.344436203962,4261.73974609375,283173
2020-01-22,4282.129414730007,4315.397900748997,4242.207231507219,4255.46728515625,359444
2020-01-23,4248.861006074713,4315.397979324206,4226.095670291457,4302.470703125,401079
2020-01-24,4328.705082016316,4448.1866529999925,4232.3689637054995,4413.064453125,2127667
2020-01-27,4396.097485923574,4518.905906816378,4393.341047152581,4445.57275390625,1058884
2020-01-28,4438.966616712577,4482.500621864562,4357.696457027582,4381.03173828125,711517
2020-01-29,4396.191952605446,4423.282000313393,4333.932369276656,4342.2021484375,595287
2020-01-30,4342.963173405804,4361.498472570044,4243.300202766913,4264.0693359375,422335
2020-01-31,4279.56318698778,4284.315828274053,4187.0769732069475,4197.6279296875,451630
2020-02-03,4054.002574658218,4169.824522986657,4026.579744604858,4154.42578125,537373
2020-02-04,4177.524176877405,4276.283965891431,4162.410406912826,4252.90087890625,387466
2020-02-05,4255.51470958522,4304.562057048299,4180.042864071827,4250.57177734375,521783
2020-02-06,4258.366251955493,4295.484191782882,4222.24618106837,4244.01318359375,385744
2020-02-07,4254.944299845805,4322.0516829314265,4229.517670745648,4250.57177734375,547874
2020-02-10,4265.020236941554,4270.343287940607,4173.531893325413,4195.39404296875,271700
2020-02-11,4227.663926626851,4295.9116571137465,4213.690978202288,4245.486328125,296451
2020-02-12,4270.4378061484595,4270.4378061484595,4220.297448572549,4233.41455078125,323821
2020-02-13,4220.297309777132,4251.854563373647,4196.581448669743,4230.3251953125,186493
2020-02-14,4247.91031706155,4314.399947034349,4175.717518168999,4214.974609375,665316
2020-02-17,4224.051691738486,4244.107927288193,4183.369275084375,4229.70751953125,354909
2020-02-18,4214.261966392726,4266.160899504826,4153.90342503321,4254.279296875,510062
2020-02-19,4271.673072399257,4305.892082325018,4234.602478313015,4251.80712890625,384898
2020-02-20,4229.850655255758,4284.981293009653,4201.334808141674,4209.0341796875,414088
2020-02-24,4196.582342883426,4234.603473962778,4106.282156569966,4177.57177734375,383261
2020-02-25,4179.947493748112,4182.323814097031,4116.49974043198,4129.09423828125,402233
2020-02-26,4106.519051178938,4205.041196570396,4074.010804293961,4126.7177734375,642946
2020-02-27,4118.210762198497,4149.102928660529,4063.840827700378,4107.85009765625,369157
2020-02-28,4058.7549111920853,4091.215352375791,3992.217945434838,4010.848388671875,524557
2020-03-02,4044.4971403062555,4102.764328263935,3876.776500371631,3936.802490234375,378937
2020-03-03,3973.1126438734086,4114.836488233567,3951.8682462408096,4087.176025390625,606056
2020-03-04,4096.823761107322,4111.034342925386,3913.324483196258,3966.36376953125,750952
2020-03-05,3975.1559970546314,4020.734006728925,3946.212693850026,3997.493408203125,450539
2020-03-06,3890.1314508521905,3985.849353424251,3811.6177358376067,3961.65869140625,585749
2020-03-09,3868.6496899851786,3958.521943693399,3797.360076533363,3894.646728515625,588288
2020-03-11,3868.6494133447486,3908.429107631302,3766.6577005804274,3795.8388671875,775964
2020-03-12,3697.5541254467635,3697.5541254467635,3433.782590790857,3482.259521484375,992092
2020-03-13,3298.617698362002,3813.0434575671866,2959.9444913035572,3601.455810546875,1378933
2020-03-16,3469.427505318727,3478.932786155217,3236.5481248247306,3344.00537109375,975878
2020-03-17,3345.85921609504,3398.138266346525,3283.7896791112225,3298.760498046875,563672
2020-03-18,3362.8733110748685,3362.8733110748685,3108.70218701901,3140.1171875,790520
2020-03-19,2983.707602963293,3222.0525158154896,2809.3808482625054,3009.41943359375,790106
2020-03-20,3027.4321972416556,3475.891430674136,2984.991207615544,3397.045166015625,825459
2020-03-23,3060.70108959993,3127.618188299074,2887.5148818121,2903.721435546875,883620
2020-03-24,2946.6374748445614,3077.0498998993653,2820.6449131770037,2868.789306640625,1105225
2020-03-25,2821.357577367149,3127.2375790833057,2766.0368860584863,3068.875244140625,874543
2020-03-26,3070.205990988764,3217.537857429401,2997.585731581105,3069.39794921875,931742
2020-03-27,3222.2903606704654,3222.2903606704654,2948.9183776599584,2988.080322265625,471310
2020-03-30,2961.8456082455436,2994.163564176336,2918.121314927413,2933.234619140625,507697
2020-03-31,2984.6585582653283,3116.8295513424223,2946.63743013456,3084.321533203125,637365
2020-04-01,3084.463575459834,3098.673923639973,2951.6272781807857,2985.27587890625,390613
2020-04-03,3031.2344749250988,3033.135531353399,2875.3478478044603,2891.126708984375,406172
2020-04-07,3027.3848338346324,3180.229819333704,2927.864574759812,3117.25732421875,646709
2020-04-08,3080.661312333943,3217.3948608143714,3039.0757114655044,3095.346923828125,647497
2020-04-09,3137.6934868006815,3222.100434645453,3097.2960396061862,3199.525390625,501495
2020-04-13,3181.512881923613,3451.605364469028,3127.8080411408246,3294.625732421875,1107263
2020-04-15,3383.8800901709415,3492.240295305629,3356.7900388872695,3422.043701171875,1239945
2020-04-16,3374.375068725125,3389.2983148700764,3303.227941000367,3364.014404296875,617278
2020-04-17,3473.2299184226777,3483.1153185236594,3337.1619042903303,3359.214111328125,775287
2020-04-20,3393.3852696675854,3393.3852696675854,3317.3905955450973,3342.57958984375,391192
2020-04-21,3297.3819883796737,3298.3325164824064,3209.030447643176,3234.884765625,533462
2020-04-22,3251.7566196403677,3286.5933815683015,3208.982855277954,3270.90966796875,944451
2020-04-23,3265.064202701264,3298.3326880271866,3237.4988862883565,3271.907958984375,977203
2020-04-24,3241.3010050730795,3269.816849692491,3129.899151839087,3144.299560546875,624104
2020-04-27,3170.962150265357,3203.2801098304117,3152.284363518222,3194.392578125,444246
2020-04-28,3243.2020359342773,3261.2620707182023,3199.002477120988,3226.092529296875,767800
2020-04-29,3193.86981615388,3282.934259808904,3193.86981615388,3264.446533203125,393804
2020-04-30,3298.3324144874036,3389.535536711807,3275.662227113254,3359.451416015625,854097
2020-05-04,3261.2619897358254,3290.4431566969392,3161.50410964796,3181.988037109375,519181
2020-05-05,3227.0430333008294,3227.0430333008294,3112.029128432081,3121.8671875,387071
2020-05-06,3136.7429962321385,3221.815268402677,3086.507489058373,3159.935791015625,374625
2020-05-07,3159.507698801017,3210.88378685939,3071.156162031584,3091.92529296875,473677
2020-05-08,3131.039824580333,3160.506198157136,3109.2252492642083,3142.256103515625,421623
2020-05-11,3189.0222555709756,3279.32243866464,3165.3541951430284,3194.48779296875,483864
2020-05-12,3178.566192805886,3237.0236751197504,3113.5025861389795,3183.651611328125,557262
2020-05-13,3279.3222517934014,3402.890916353733,3279.3222517934014,3371.23828125,1225497
2020-05-14,3338.2551383501873,3454.02952298908,3318.294045552535,3430.931640625,974733
2020-05-15,3449.4670676047053,3449.4670676047053,3372.3317918609455,3405.88525390625,645207
2020-05-18,3407.0731874608578,3411.3032236011522,3118.778170033476,3144.1572265625,817697
2020-05-19,3203.279708055196,3320.194664758694,3170.2488564661994,3268.05810546875,1012170
2020-05-20,3279.2746849151786,3421.758999930912,3265.064334877493,3353.938720703125,1042217
2020-05-21,3410.49523900147,3412.3962954334665,3323.379420830258,3394.8115234375,710536
2020-05-22,3374.3751232376967,3486.5374512777103,3355.364559163118,3458.924560546875,1021137
2020-05-26,3483.6857966903144,3656.6819262940353,3476.461689662064,3598.69970703125,1409106
2020-05-27,3612.957748815616,3619.611446327247,3508.399645061415,3542.998779296875,826874
2020-05-28,3544.5193993161215,3631.0174592082553,3532.210106436286,3620.751708984375,603406
2020-05-29,3620.5619444493423,3745.0811397034413,3607.1120631305034,3711.670166015625,1947052
2020-06-01,3711.812634912538,3759.339045090676,3612.9577017420124,3626.930419921875,742238
2020-06-02,3647.1766966858127,3663.3356760560655,3583.491307403053,3644.562744140625,734563
2020-06-03,3697.506886959179,3726.070303941441,3653.8777382150824,3665.141357421875,493621
2020-06-04,3641.4735182603895,3679.161868400399,3546.94353559668,3615.714111328125,807841
2020-06-05,3623.4135105718556,3734.1500462438444,3616.7598131495047,3678.116455078125,697747
2020-06-08,3716.565056640794,3716.565056640794,3575.6016859572305,3591.285400390625,547499
2020-06-09,3616.7595282358525,3645.180226447437,3569.0430626069815,3603.784912109375,478720
2020-06-10,3635.7700589839947,3673.6486973908395,3592.9962935841827,3604.830322265625,475926
2020-06-11,3602.4064632296736,3630.969879918294,3505.547739710727,3521.611572265625,475582
2020-06-12,3421.9009387932037,3616.759186696706,3421.9009387932037,3601.123046875,592647
2020-06-15,3542.095557520968,3582.2077988047918,3505.5477967788797,3559.537841796875,440266
2020-06-16,3597.7489439001984,3640.807914264799,3549.6521280735087,3592.94873046875,622734
2020-06-17,3573.985771367288,3654.7806624753252,3528.360421094514,3620.751708984375,430610
2020-06-18,3611.7217952457927,3689.950309055326,3590.1448524734587,3654.06787109375,348706
2020-06-19,3668.3258401591224,3711.2896670316286,3624.459057937603,3646.558837890625,556284
2020-06-22,3646.5587678094926,3657.109491056449,3603.1194456242692,3636.0078125,329145
2020-06-23,3656.6815503610624,3758.388055660941,3643.991907575742,3747.7421875,563658
2020-06-24,3785.7639243846215,3817.3214155709534,3618.1381762717647,3632.538818359375,501886
2020-06-25,3626.074751444974,3683.296498374964,3594.6597503818116,3614.24072265625,395771
2020-06-26,3645.2757595039734,3682.3463604480817,3592.9967068904875,3669.609375,373568
2020-06-29,3649.980746720026,3650.0283195429474,3571.1344782611595,3618.660888671875,692124
2020-06-30,3632.9186189775373,3711.194705594494,3632.9186189775373,3700.928955078125,494113
2020-07-01,3695.6535565337767,3739.33027990592,3671.0349695454647,3705.729248046875,331198
2020-07-02,3717.515723761485,3751.7347383499314,3689.950406454125,3721.270263671875,294326
2020-07-03,3731.773694024066,3764.091652657998,3683.2967560731677,3697.174560546875,257664
2020-07-06,3726.070487944636,3749.548487718921,3711.3373010662835,3736.43115234375,254346
2020-07-07,3745.0808926013883,3752.5426313672456,3637.195948106399,3670.939697265625,452245
2020-07-08,3692.7543478351695,3692.7543478351695,3589.95481962571,3599.3173828125,635619
2020-07-09,3613.908027627411,3667.850500159724,3580.6871151852156,3653.307373046875,524030
2020-07-10,3645.322903798131,3654.4954073079184,3595.8478688647656,3610.5810546875,336838
2020-07-13,3631.01790897439,3647.9373582088247,3591.09572254064,3600.505859375,302963
2020-07-14,3597.5586707617194,3631.777681139169,3558.777079254773,3584.34619140625,351717
2020-07-15,3595.0874932488036,3640.475212041789,3585.392152610244,3631.63525390625,274206
2020-07-16,3635.7226736579146,3644.3250000000003,3550.222711267606,3627.453125,412522
2020-07-17,3631.0175781751173,3677.5934581045885,3623.6034121003668,3671.747802734375,237461
2020-07-20,3671.9854182942554,3697.5545329075985,3637.6236861609455,3673.886474609375,277775
2020-07-21,3706.109346472467,3759.338924159684,3659.5334659961527,3672.175537109375,614199
2020-07-22,3688.0491288578883,3711.812332007746,3648.031801928516,3671.557373046875,433235
2020-07-23,3671.5575547042067,3697.554593061416,3636.7683628090717,3648.031982421875,264268
2020-07-24,3649.0776443350337,3649.125217156038,3550.5554923475142,3595.372802734375,594650
2020-07-27,3602.5968188449865,3708.010297407433,3593.9469198916954,3669.1337890625,499750
2020-07-28,3685.1974828375287,4004.5749278293806,3671.0820475776104,3931.717041015625,2492211
2020-07-29,3976.1036506637042,4088.095343819388,3961.896221830648,3986.640380859375,1777725
2020-07-30,4004.7572903045652,4023.6368980335737,3936.6752365685,3962.42041015625,595214
2020-07-31,3966.6167020176626,4013.3869192965562,3902.301251418664,3925.948486328125,413669
2020-08-03,3946.6400699601636,3961.896470327248,3840.417475522016,3857.533203125,490180
2020-08-04,3862.300726461479,3884.660841101421,3798.986526929999,3818.2001953125,600934
2020-08-05,3847.282168817215,3918.987192049657,3828.4023299463192,3853.24169921875,569833
2020-08-06,3879.7978212916832,3893.957760812314,3815.1012890193488,3841.132568359375,378473
2020-08-07,3838.8915117531374,3882.7536601735655,3797.3654529397436,3818.15234375,348651
2020-08-10,3859.869318032907,3859.869318032907,3776.9126404961326,3783.921142578125,590885
2020-08-11,3808.378751722441,3887.8074287315726,3776.9124275344484,3784.30224609375,823622
2020-08-12,3788.7838052321463,3827.592225564271,3743.539091251029,3813.76611328125,466155
2020-08-13,3837.8423183484065,3885.6140094720986,3820.8697611804023,3859.201416015625,545546
2020-08-14,3857.008396157895,3900.775097943475,3781.0602275316896,3823.73046875,661653
2020-08-17,3852.240826849999,3861.728353614717,3799.8923998206246,3848.04541015625,315955
2020-08-18,3851.287718508177,3985.734752008958,3851.287718508177,3975.198486328125,1154453
2020-08-19,3991.4559381944086,4020.061690259825,3978.202032855115,4004.662353515625,618695
2020-08-20,3984.7334999533896,4002.2782669016183,3939.3931066800483,3951.64599609375,350925
2020-08-21,3993.2668323263383,4007.188388972618,3947.6885283789475,3993.17138671875,490700
2020-08-24,4020.967429566908,4027.6895945724978,3976.1992446418835,3994.888427734375,379052
2020-08-25,3996.223088709584,4003.851288353983,3949.547855900074,3978.43994140625,373776
2020-08-26,3976.1991708560126,3987.4505793967082,3880.84667275395,3890.048095703125,574774
2020-08-27,3905.6383829139018,3925.2331353428285,3838.7009747655725,3859.05859375,458012
2020-08-28,3873.2186787362293,3898.7731961444365,3857.9622782291444,3873.7431640625,346506
2020-08-31,3873.743327674677,3896.3895481338714,3702.394918801212,3722.4189453125,680870
2020-09-01,3742.585697408009,3783.873377265642,3672.5016085520883,3730.8095703125,528801
2020-09-02,3716.0776581315267,3857.9145047323404,3715.0764103025645,3758.509521484375,759445
2020-09-03,3783.3010857368185,3795.0294897640224,3746.065888028412,3765.47021484375,284007
2020-09-04,3731.3814818894803,3749.212351758508,3699.676777545821,3734.09912109375,438236
2020-09-07,3742.5856631567863,3804.564788788682,3643.4190621457533,3669.783935546875,704096
2020-09-08,3675.6480117843994,3682.990107316525,3635.4567955969833,3646.041015625,456797
2020-09-09,3633.8835255239483,3681.5597722508433,3603.3707276187356,3657.34033203125,332412
2020-09-10,3658.6753878690265,3755.9349368819635,3647.2330879851515,3733.527099609375,433018
2020-09-11,3733.5270741196687,3760.8931945962636,3697.7698872266824,3722.656982421875,348215
2020-09-14,3718.699864070762,3785.20823437459,3709.2123366579435,3732.1923828125,472618
2020-09-15,3735.0528956784565,3771.143677494098,3704.587585488694,3748.73583984375,312720
2020-09-16,3750.21389873836,3798.700739059406,3737.8657963044043,3790.16650390625,418071
2020-09-17,3771.00087785308,3836.412555974372,3760.225998333376,3784.4931640625,447295
2020-09-18,3798.748241558573,3832.598379835389,3766.4238364344465,3816.579345703125,440400
2020-09-21,3816.5791552435303,3817.5326802178283,3671.071151047956,3698.6279296875,389056
2020-09-22,3699.343326424209,3761.1795183542276,3617.6739999077045,3702.6806640625,508999
2020-09-23,3718.7473932104404,3736.1492239607196,3658.72304274297,3689.3310546875,307971
2020-09-24,3689.187990411448,3689.330926034683,3579.4371767726207,3602.2265625,456036
2020-09-25,3613.8598060187733,3699.581611729879,3585.3017783849305,3679.17626953125,321826
2020-09-28,3709.212055118761,3766.4235521128808,3690.2844917455354,3739.724853515625,248628
2020-09-29,3775.958731995373,3888.4746740093765,3759.9871893789787,3873.313720703125,772188
2020-09-30,3897.7242996428167,3912.027408184511,3836.126721100137,3861.347412109375,548775
2020-10-01,3898.0102600131167,3928.523060482887,3873.3140552505743,3907.30712890625,406483
2020-10-05,3922.8972784560747,3922.8972784560747,3843.7069809936725,3859.05859375,312598
2020-10-06,3866.7344454384906,3955.221609983457,3866.7344454384906,3943.874755859375,351025
2020-10-07,3931.144970614007,4086.7604280164587,3922.8970729498424,4017.534423828125,1037715
2020-10-08,4028.6434842428744,4157.369370721641,4018.1547083075675,4144.02001953125,801790
2020-10-09,4138.298204673146,4171.624087280218,4076.7958465622196,4098.583984375,405756
2020-10-12,4100.157529473421,4158.3225548915325,4049.048495988355,4106.16455078125,488896
2020-10-13,4241.2790271519025,4314.700449159703,4137.774078855471,4179.0615234375,2369441
2020-10-14,4178.20362716559,4251.767988023243,4114.460387602667,4236.36865234375,817554
2020-10-15,4251.767966083985,4265.117316055991,4163.376012533992,4179.5859375,545465
2020-10-16,4180.20652690841,4287.048827579235,4176.439916547386,4273.794921875,669844
2020-10-19,4290.8626211766705,4337.58534749615,4257.346309597824,4304.7841796875,636376
2020-10-20,4333.294302817856,4371.4353022925425,4276.559566099259,4333.1513671875,871380
2020-10-21,4334.10468844738,4441.519180051215,4233.650742685143,4413.96240234375,2032618
2020-10-22,4457.729148462351,4515.464898042923,4318.133188674164,4400.08837890625,1812783
2020-10-23,4405.285326749712,4426.262875924711,4279.801348567048,4295.20068359375,886850
2020-10-26,4300.397725955272,4333.198892654196,4252.101778092984,4276.94091796875,727534
2020-10-27,4286.0953426848,4412.9141815228595,4276.5600916443445,4354.70166015625,1088244
2020-10-28,4380.398168918709,4380.398168918709,4246.0465967583095,4261.5888671875,509919
2020-10-29,4242.327917554053,4400.851439347797,4233.6507474539885,4364.0927734375,927412
2020-10-30,4338.539099544027,4453.915633839593,4329.051338794273,4361.47119140625,934842
2020-11-02,4339.4926490643065,4376.250854747513,4309.933371516297,4339.3017578125,489146
2020-11-03,4352.936967752634,4373.819071641489,4305.212763277385,4338.109375,582702
2020-11-04,4338.538908146859,4396.70393526707,4291.863671460119,4320.994140625,495599
2020-11-05,4357.6089634647105,4418.777495074888,4333.770840032191,4403.28271484375,584030
2020-11-06,4374.390756142726,4403.234883258539,4329.002879530427,4344.25927734375,426088
2020-11-09,4381.446887583779,4433.795311142577,4367.144014174909,4410.291015625,447725
2020-11-10,4426.26282238172,4562.616890369783,4415.297285445617,4500.20849609375,1235506
2020-11-11,4511.5076725567205,4630.269479621339,4504.785508166869,4599.61328125,811311
2020-11-12,4626.503145600829,4640.329257639413,4561.901829006753,4620.87744140625,668501
2020-11-13,4600.758185007845,4693.25011121422,4591.556761755506,4672.0341796875,428529
2020-11-14,4696.1108313435125,4709.460181930072,4656.062779583832,4680.091796875,47328
2020-11-17,4681.807890481287,4747.601117455464,4668.45854008073,4680.90185546875,708971
2020-11-18,4676.5630670107175,4710.413202371892,4634.131207191781,4698.494140625,437973
2020-11-19,4667.504806167264,4685.621780900089,4539.7324580515515,4555.9423828125,540260
2020-11-20,4584.452938061107,4645.5264961110815,4547.408397209219,4636.56298828125,445562
2020-11-23,4647.481590613495,4686.576121843523,4637.326640862899,4662.26123046875,438597
2020-11-24,4672.272054767014,4684.8108142044875,4616.967610037119,4646.7177734375,372131
2020-11-25,4671.318572091549,4699.924319624259,4577.920620161915,4595.84716796875,481744
2020-11-26,4597.8976742109535,4647.385529930179,4568.862650941229,4609.48291015625,486664
2020-11-27,4609.530348777473,4646.956201841016,4548.313862754126,4578.82666015625,920840
2020-12-01,4591.223027445175,4707.743972549442,4581.68777712857,4682.28466796875,752883
2020-12-02,4682.284227568693,4765.0025162850325,4646.3361510208915,4703.833984375,696234
2020-12-03,4729.484616072341,4729.484616072341,4616.206017551791,4666.0751953125,740259
2020-12-04,4758.0899968515,4957.376732190571,4729.57969099005,4854.77734375,2996248
2020-12-07,4882.04785919114,4935.445257651043,4802.905286473783,4821.4990234375,910850
2020-12-08,4829.461008878851,4993.610238376516,4829.461008878851,4975.2548828125,1652861
2020-12-09,4975.255148601772,5014.588055483056,4878.567805167637,4905.6953125,1625022
2020-12-10,4862.024489996249,4881.0949920162375,4719.949249947329,4733.58447265625,1333296
2020-12-11,4772.392484655409,4804.478506844161,4725.669761029412,4781.927734375,974421
2020-12-14,4781.927674227027,4843.906796624785,4763.524828735036,4837.947265625,919851
2020-12-15,4834.371806538804,4986.935808323065,4832.4647565165005,4917.185546875,1629308
2020-12-16,4920.189212088059,4982.168339759712,4857.494940635581,4875.37353515625,630475
2020-12-17,4914.182486157405,4976.44748885133,4888.341862871513,4931.44091796875,834935
2020-12-18,4901.118535070961,4971.679385575873,4877.280409900382,4913.03759765625,549221
2020-12-21,4915.421464756943,4948.79484036635,4639.328482200762,4775.1103515625,597997
2020-12-22,4805.718182822534,4854.490890134519,4663.881348728476,4787.9345703125,576026
2020-12-23,4767.24339542146,4839.1390829649845,4748.792594667264,4799.9970703125,449498
2020-12-24,4862.023649663635,4886.1955999138745,4778.733153369241,4810.294921875,431767
2020-12-28,4820.450163763761,4920.188971299643,4820.450163763761,4903.16845703125,410405
2020-12-29,4920.1893830147665,4932.34682771117,4845.433110313001,4907.55517578125,401258
2020-12-30,4917.376097849266,5149.035191448013,4882.095671537493,5105.88818359375,1002535
2020-12-31,5124.24252541359,5129.010149646389,5016.68510895694,5042.38232421875,728164
2021-01-01,5069.797253211876,5100.405500482762,5033.9446181577305,5044.91015625,355623
2021-01-04,5060.309770766431,5136.49632644025,5046.101875554879,5079.61865234375,453783
2021-01-05,5088.009257341177,5123.194235736976,5001.285974787394,5092.9677734375,530958
2021-01-06,5110.894154184614,5214.351619805702,5053.682652458667,5195.13818359375,701452
2021-01-07,5220.5489876890115,5261.264688403678,5134.731744055767,5147.080078125,742403
2021-01-08,5167.151614613605,5352.421322956496,5165.768817224697,5331.873046875,802681
2021-01-11,5292.063404755509,5431.993189376746,5249.107292543238,5362.33837890625,714576
2021-01-12,5363.387005434834,5431.230678767299,5293.01704966597,5376.92724609375,591436
2021-01-13,5387.415715695925,5410.300313426315,5339.73947042428,5388.130859375,423240
2021-01-14,5382.648895667523,5410.301122058021,5301.5992665919275,5322.91064453125,464204
2021-01-15,5327.3439332314065,5393.852298963086,5173.588033959246,5198.8564453125,589866
2021-01-18,5187.175895841069,5207.96255418832,5078.9033205005435,5135.685546875,461596
2021-01-19,5149.130022673931,5277.760441490698,5143.075046303605,5234.947265625,483417
2021-01-20,5257.737056269108,5296.1164390247895,5209.965358777275,5289.298828125,321063
2021-01-21,5338.785993834574,5384.555189709562,5255.257118245052,5285.81787109375,481346
2021-01-22,5318.762289208815,5334.972213718773,5213.922032392882,5277.56982421875,680688
2021-01-25,5478.001437175354,5560.767225656584,5079.094137575113,5118.90380859375,3236487
2021-01-27,5129.964478699461,5263.362532527893,5082.622055763711,5153.65966796875,1212604
2021-01-28,5101.3586250161225,5215.734132199262,5091.823375249737,5190.7041015625,576548
2021-01-29,5233.898683141513,5253.636836719007,5042.240159674317,5079.666015625,745559
2021-02-01,5133.778500697763,5524.008599399576,5015.541402984813,5477.1904296875,1455212
2021-02-02,5516.142756615684,5910.9021518168765,5516.142756615684,5838.95849609375,2251712
2021-02-03,5868.946288099673,5948.088861927825,5759.290914723319,5792.37841796875,952770
2021-02-04,5809.827262802379,5921.389677006855,5760.768220064307,5895.45361328125,683257
2021-02-05,5892.78448526151,6101.606459739224,5835.572985404602,6056.88623046875,1174059
2021-02-08,6083.34636978475,6183.609427210044,6024.370757303478,6072.18994140625,769441
2021-02-09,6126.207135565074,6178.841900956721,6075.718266977409,6122.01171875,947676
2021-02-10,6141.749941797579,6282.776195518139,6027.326942334507,6095.07470703125,1045511
2021-02-11,6102.0833684892195,6167.399832391323,6073.28672663571,6128.4482421875,390465
2021-02-12,6140.60573762716,6178.842184385869,6071.046366154433,6099.93798828125,408867
2021-02-15,6135.9332628061475,6163.537997286754,6090.259509258955,6109.94970703125,277851
2021-02-16,6148.329468951593,6245.589023206101,6112.048027349855,6157.673828125,595723
2021-02-17,6157.673367165317,6240.344168328323,6093.930595369412,6120.86767578125,555520
2021-02-18,6190.569907157026,6190.569907157026,6008.160768674479,6031.85595703125,573974
2021-02-19,6021.510373410697,6024.990646542103,5888.016873445931,5919.9599609375,499669
2021-02-22,5926.157367530654,5992.856621804407,5824.749899346713,5888.11181640625,528408
2021-02-23,5898.505700281965,6052.881305980268,5846.1093148499585,5977.1240234375,453805
2021-02-24,6025.32350435008,6150.235259227412,5921.389296093369,6116.4326171875,378560
2021-02-25,6108.280945197115,6167.399493214945,6043.870519842067,6086.6357421875,803072
2021-02-26,6073.953533830744,6187.422995451758,5778.360818683565,5830.8046875,1307673
2021-03-01,5929.780860714314,6092.8336295810395,5883.821236796125,6069.23388671875,609302
2021-03-02,6078.721780873768,6172.977818781931,6018.745152420154,6124.58642578125,438046
2021-03-03,6150.2366329392935,6231.28626298578,6132.1196568112555,6198.3896484375,467421
2021-03-04,6130.212341220579,6512.575873469677,6097.268238081355,6460.65625,1303144
2021-03-05,6379.558908718655,6621.468383518674,6379.558908718655,6493.791015625,1828811
2021-03-08,6522.110420110877,6529.643173823454,6333.121595678762,6358.2470703125,658514
2021-03-09,6431.525574545567,6506.854043098436,6350.4759564823535,6386.1376953125,483037
2021-03-10,6438.296572992397,6473.481554163808,6373.361424072897,6449.69091796875,302774
2021-03-12,6453.4574082060435,6535.126733973242,6304.754993423148,6329.64208984375,673811
2021-03-15,6355.243668071901,6368.450081490065,6188.424295080497,6256.50634765625,349036
2021-03-16,6283.729154683218,6391.477469475207,6259.986477550262,6331.35791015625,614224
2021-03-17,6330.452281698722,6360.011555796125,6186.851327965922,6217.22119140625,443282
2021-03-18,6288.4967559171955,6328.210975139779,6166.159696696248,6207.49462890625,345807
2021-03-19,6197.913117260098,6388.618136252717,6072.57205729183,6361.91943359375,654457
2021-03-22,6356.1019249542505,6469.666840579365,6323.109868286977,6415.31591796875,467719
2021-03-23,6421.132368471954,6635.341652354676,6415.363263252698,6616.60498046875,890457
2021-03-24,6570.2639068480685,6621.277493527754,6522.110895122385,6539.89404296875,716392
2021-03-25,6538.60669742063,6592.576304722448,6327.5918043458905,6356.67431640625,547365
2021-03-26,6417.033082397357,6469.6678545682,6375.698141456823,6422.22998046875,303751
2021-03-30,6468.713524712582,6555.484298702682,6432.479575134298,6470.2392578125,422141
2021-03-31,6537.605527829556,6537.605527829556,6401.871156223418,6424.8037109375,647600
2021-04-01,6451.54970530146,6611.456023014636,6418.367223824044,6578.2255859375,531749
2021-04-05,6574.555202985414,6668.954182694704,6421.99119537444,6479.96533203125,540954
2021-04-06,6493.790492899376,6530.69209306398,6395.48244738276,6423.5634765625,508328
2021-04-07,6431.5256126909435,6541.180978956245,6401.346641962552,6445.8759765625,301479
2021-04-08,6482.06302237426,6725.068964455173,6468.522780987728,6647.26123046875,635298
2021-04-09,6712.816439630452,6728.025350611853,6476.199288501784,6508.619140625,592763
2021-04-12,6448.9753905728585,6448.9753905728585,6166.446121748064,6206.87548828125,585717
2021-04-13,6245.588678887061,6347.09160021669,6202.29873749764,6297.50830078125,551188
2021-04-15,6339.9881156493275,6388.617893645735,6096.505398779043,6235.38623046875,490675
2021-04-16,6207.447809998452,6471.0499850316655,6207.447809998452,6403.111328125,636917
2021-04-19,6197.912603750625,6264.135102344515,6116.862977393886,6207.20947265625,559506
2021-04-20,6335.219510366719,6377.746814526282,5892.783951545202,5912.6650390625,1272134
2021-04-22,5909.994927982551,5935.692610741498,5692.734648026322,5809.15966796875,1795988
2021-04-23,5810.781137677064,5868.9461605517445,5717.1447998631365,5785.89404296875,968454
2021-04-26,5846.824014430605,6000.532420299224,5827.229263237507,5984.22705078125,697792
2021-04-27,5987.183410476546,6050.9741391714015,5945.228310928693,6032.76171875,512910
2021-04-28,6064.418518639635,6107.327140233783,5988.136524694482,6065.18115234375,414435
2021-04-29,6121.630360291259,6147.661405961823,6026.65917934103,6085.82568359375,406869
2021-04-30,6083.490245573434,6125.445350715319,5943.8463059737605,5987.13671875,475175
2021-05-03,5961.43846721138,6083.4896706347745,5864.178914483364,6055.02685546875,402055
2021-05-04,6093.024832630613,6126.398208083207,5992.904706272833,6003.82275390625,330346
2021-05-05,6050.06806520287,6102.559425273994,6001.867101639306,6083.82275390625,215973
2021-05-06,6102.560426370304,6131.070732744571,6020.557270640954,6107.75732421875,246632
2021-05-07,6159.724213505255,6220.797305537784,6116.815587087535,6180.65380859375,745582
2021-05-10,6283.728840300974,6298.031713230339,6035.812376191982,6105.51513671875,872011
2021-05-11,6093.024514342368,6312.287765847357,6017.123834160275,6188.94921875,1139377
2021-05-12,6164.444105970313,6188.854440777218,6074.908195391981,6091.9287109375,392657
2021-05-14,6119.722889871076,6180.7484842854965,5966.109933313361,6072.14208984375,405281
2021-05-17,6083.3942013466285,6249.641382230549,6036.76692083787,6228.75927734375,357292
2021-05-18,6274.194433549715,6360.01168264082,6257.603191843109,6343.8017578125,451024
2021-05-19,6321.870396502641,6441.061014837909,6217.030142379597,6256.26806640625,475946
2021-05-20,6293.264662419796,6324.206733245368,6217.650320211214,6268.330078125,256088
2021-05-21,6300.7977968549985,6364.541036652357,6283.77728237259,6329.11767578125,307027
2021-05-24,6340.940989055265,6362.299855058622,6236.100733384338,6257.412109375,288501
2021-05-25,6319.009899897355,6328.878976335373,6223.848295275636,6251.8818359375,176134
2021-05-26,6288.402084704726,6310.428605866453,6221.893714311982,6275.052734375,248015
2021-05-27,6293.264166284232,6412.407285485803,6274.432050029063,6363.10986328125,1707144
2021-05-28,6411.50235316265,6421.991128576807,6279.534581069486,6291.8349609375,285093
2021-05-31,6325.637749388734,6408.641919513081,6281.966022347295,6396.24609375,328449
2021-06-01,6410.547969997555,6410.547969997555,6255.123409665917,6294.5517578125,397989
2021-06-02,6294.552474045905,6360.011873448806,6247.82974813901,6287.73486328125,567704
2021-06-03,6321.870914723954,6345.709040345085,6269.427038357466,6333.02734375,349479
2021-06-04,6321.87045215125,6374.314324680408,6308.187275928243,6354.576171875,205504
2021-06-07,6379.0348350608565,6586.903287507281,6353.337149773066,6531.3125,617042
2021-06-08,6574.554586724145,6574.554586724145,6412.455343831744,6478.6298828125,218632
2021-06-09,6460.1319167156535,6472.146424910912,6371.454091143026,6412.21728515625,345102
2021-06-10,6434.38662409253,6449.452132679448,6370.500449846206,6397.81884765625,198704
2021-06-11,6412.550776180835,6441.01358924162,6340.940958851174,6353.19384765625,193014
2021-06-14,6345.708861765484,6375.172691086358,6274.194486914633,6368.11669921875,160001
2021-06-15,6368.115788261245,6432.526206427664,6350.809405140689,6358.3896484375,193128
2021-06-16,6360.535009978893,6382.990799577786,6259.89064816939,6281.24951171875,224100
2021-06-17,6250.356373174066,6436.293748119748,6245.6362381900935,6393.2421875,637296
2021-06-18,6398.152626571519,6415.268586226682,6277.3887807688825,6382.80078125,367329
2021-06-21,6322.824041035948,6474.434510425891,6219.080711110123,6460.6083984375,361652
2021-06-22,6474.4344439042,6617.4631871421425,6437.676243127392,6540.18017578125,542280
2021-06-23,6555.19917718611,6630.527659925009,6466.807214369778,6582.517578125,438444
2021-06-24,6579.322494749291,6654.174207189554,6568.881209772272,6638.3935546875,278305
2021-06-25,6674.674841222194,6674.674841222194,6569.787093717274,6601.25341796875,183496
2021-06-28,6626.998633982517,6655.556893467905,6539.989479255768,6550.1923828125,127275
2021-06-29,6555.484091849273,6560.2517166433445,6483.492957458782,6507.52197265625,235008
2021-06-30,6484.923574400343,6546.950189887492,6436.293799029894,6461.08544921875,283145
2021-07-01,6462.324017117678,6483.492455800801,6379.081480889383,6395.52978515625,274106
2021-07-02,6434.243003709638,6434.243003709638,6374.313871426802,6407.591796875,256489
2021-07-05,6407.6878575041455,6474.434606019814,6383.372970544867,6407.544921875,134014
2021-07-06,6414.934990601888,6673.721586820261,6414.839544982613,6610.83642578125,681761
2021-07-07,6614.126439994628,6638.441328514755,6494.506537490642,6603.25634765625,382398
2021-07-08,6596.485633944628,6669.811609813707,6524.971262371073,6581.1337890625,365610
2021-07-09,6569.787089114595,6599.012536531227,6517.343215398876,6578.89306640625,170542
2021-07-12,6584.185475558478,6784.282787037248,6584.185475558478,6764.06787109375,610763
2021-07-13,6779.562582171025,6827.238830990792,6751.8628678420855,6797.53662109375,372867
2021-07-14,6779.847974923241,6902.519326949349,6736.653482776442,6787.23779296875,379753
2021-07-15,6802.780997314604,6884.450318291342,6771.695990017388,6855.5107421875,292170
2021-07-16,6872.054347807272,7017.94366586118,6848.835922045074,6993.67626953125,436381
2021-07-19,6965.3084202378395,7041.781302541392,6908.287818133024,6972.5078125,365109
2021-07-20,6993.43769279308,7193.392056418524,6989.337721838253,7079.63671875,953888
2021-07-22,7164.78664695125,7195.776208573012,6951.197053004341,7112.3427734375,1163215
2021-07-23,7246.598973837177,7283.929849362801,7122.831617377005,7142.18798828125,813619
2021-07-26,7165.7406727045745,7284.931302656413,7074.917412681272,7262.71435546875,369346
2021-07-27,7270.627709370371,7318.3039566449315,7207.695062967952,7243.2138671875,297511
2021-07-28,7284.8838518203165,7327.839968850632,7160.973086020593,7298.900390625,289531
2021-07-29,7313.536754839187,7360.164034252363,7281.116904817735,7342.57177734375,227836
2021-07-30,7361.021896006769,7370.748036961003,7239.161590764286,7265.09765625,245105
2021-08-02,7303.281262055814,7395.984994019013,7302.562628474704,7322.44482421875,202451
2021-08-03,7329.104370696937,7538.226743412927,7290.202245820072,7515.23046875,385216
2021-08-04,7580.14704719002,7580.14704719002,7410.357698528721,7425.88037109375,258018
2021-08-05,7425.879747784469,7502.390357209521,7325.271054427389,7338.685546875,173662
2021-08-06,7368.388906989837,7397.038335955996,7192.227786038041,7212.82861328125,250068
2021-08-09,7280.23660624512,7298.154722388578,7161.422531597266,7182.1669921875,236944
2021-08-10,7191.126292777731,7229.645237679332,7115.430226537966,7161.56640625,164588
2021-08-11,7152.799361813288,7232.328142393395,7058.610643764377,7140.7744140625,129339
2021-08-12,7145.1333685018035,7262.989262872961,7121.993463301001,7156.34423828125,206051
2021-08-13,7199.174901980793,7214.553940473609,7121.179301907116,7148.67919921875,207505
2021-08-16,7148.6794169549385,7163.291632732898,7025.409432185684,7039.39892578125,191968
2021-08-17,7068.480031348909,7116.580760390012,6992.831681201491,7099.189453125,203995
2021-08-18,7114.471782085681,7401.9251874224765,7096.266399747684,7283.54248046875,724989
2021-08-20,7278.895259735352,7306.011510629595,7124.580408486187,7179.96337890625,358744
2021-08-23,7246.078422699019,7246.078422699019,6983.20216105802,7043.5673828125,310220
2021-08-24,7109.681047134972,7162.09357299587,7062.443056971337,7143.552734375,174447
2021-08-25,7152.7997745626,7174.790149895141,7061.772851778482,7073.6064453125,146150
2021-08-26,7056.981837415864,7108.627544391877,6995.658437878238,7001.50341796875,183243
2021-08-27,7024.020054462332,7277.170412666143,7012.13874030311,7249.19189453125,497367
2021-08-30,7254.3659595109,7419.747583212625,7254.3659595109,7381.61181640625,319952
2021-08-31,7410.54902000878,7531.279454004268,7346.015634931973,7504.8818359375,475968
2021-09-01,7504.450880301237,7598.352334115016,7369.826857231481,7442.12158203125,352822
2021-09-02,7478.387762778835,7659.627512929156,7436.467473622273,7620.150390625,393057
2021-09-03,7660.633704062596,7693.690847626092,7542.777800923171,7598.20849609375,198454
2021-09-06,7636.487217642204,7709.1651161344835,7598.256007109913,7620.0068359375,212634
2021-09-07,7620.006455752805,7722.914679372372,7580.6252463839355,7690.576171875,240683
2021-09-08,7693.210923769686,7735.658020711116,7612.963518754652,7658.62060546875,198064
2021-09-09,7604.101376331201,7649.1357468815495,7569.606964845828,7607.5986328125,159693
2021-09-13,7631.8881255795095,7631.8881255795095,7574.397442900944,7612.19775390625,187063
2021-09-14,7636.6788572536625,7639.601113085003,7521.6974942837205,7527.8779296875,168408
2021-09-15,7559.066339532978,7597.393460027504,7464.206716309025,7493.7666015625,235010
2021-09-16,7530.03369292854,7540.525461392005,7406.715996247904,7440.68359375,216078
2021-09-17,7483.3702736169325,7509.863802076296,7340.362205327902,7389.3251953125,503207
2021-09-20,7362.640460520888,7406.860285904176,7230.076427891929,7259.1572265625,291081
2021-09-21,7219.871146023917,7366.472378318762,7200.228497252386,7275.158203125,214916
2021-09-22,7282.057254207099,7349.225628951205,7260.019159100726,7306.6826171875,206063
2021-09-23,7322.540602577127,7375.288587188606,7262.989927809711,7301.02978515625,201988
2021-09-24,7313.773380761608,7322.971984022579,7186.335694446752,7206.9365234375,341258
2021-09-27,7228.112367373925,7350.040529901271,7211.296061098905,7304.095703125,261520
2021-09-28,7310.802683665548,7462.290728466509,7234.244350272489,7270.9423828125,403030
2021-09-29,7234.24417615084,7340.937394095682,7128.844592127451,7152.36767578125,490626
2021-09-30,7176.753586946985,7185.281278010935,7062.730399116986,7086.78076171875,422904
2021-10-01,7086.780368882957,7188.251325074333,7048.549160419508,7170.57275390625,366658
2021-10-04,7182.502332355701,7291.638713657605,7181.544154349784,7201.28271484375,339796
2021-10-05,7186.335229413686,7248.473168269422,7138.522239259393,7151.8408203125,229310
2021-10-06,7185.233522319088,7223.70427723234,7038.775914650321,7055.06494140625,279814
2021-10-07,7111.597217833943,7146.043904571341,7006.14991456814,7047.01611328125,583113
2021-10-08,7067.5207651739765,7095.499749273519,7021.528222233582,7028.9541015625,234324
2021-10-11,7090.517488532109,7099.093369125226,7003.994198755387,7023.6845703125,346054
2021-10-12,7008.114333034736,7050.274167687939,6892.174787738427,6946.9345703125,407411
2021-10-13,6959.24751543134,7080.840222314751,6956.3729811416115,7042.9921875,347921
2021-10-14,7128.844488413562,7146.043971064028,7033.026686149939,7086.20556640625,599817
2021-10-18,7215.080241439653,7324.312531947504,6996.040660059734,7089.84619140625,1413642
2021-10-19,7175.795813642606,7175.795813642606,6853.84797102224,6870.23291015625,868388
2021-10-20,6803.064105883941,7004.089672178447,6795.638226050053,6831.42626953125,703897
2021-10-21,6899.696258221825,6904.055781049304,6788.6912415261395,6830.85107421875,318247
2021-10-22,6859.3575681953635,6930.502293103833,6803.064604042198,6850.59033203125,330818
2021-10-25,6850.590383373411,6874.880292298305,6713.9540898285095,6850.78173828125,245401
2021-10-26,6851.116336573538,6989.908513515411,6850.972703445536,6965.091796875,372893
2021-10-27,6966.912698764696,7063.688683165086,6931.460110419999,7046.63330078125,364657
2021-10-28,7067.521608231575,7186.335691667138,7046.441690202685,7135.216796875,556897
2021-10-29,7152.798666826953,7368.38871371725,7035.900952513103,7316.69482421875,659277
2021-11-01,7349.22508847825,7484.328183325112,7327.809717105987,7449.9296875,469658
2021-11-02,7461.332907491394,7488.928249785496,7366.856452717483,7390.76318359375,177655
2021-11-03,7435.365774808494,7571.762514131672,7406.764066373965,7557.96484375,388455
2021-11-04,7566.732633666748,7601.131134693708,7532.909133085392,7551.2099609375,32611
2021-11-08,7607.9334735989105,7923.1740419634,7516.90656176114,7870.52197265625,825196
2021-11-09,7857.059987199211,7909.807501554489,7802.443838507704,7824.48193359375,253056
2021-11-10,7804.3604020207285,7845.418426007365,7713.333485115637,7767.7578125,209152
2021-11-11,7761.2427264855305,7801.342574144454,7670.215805619342,7713.95654296875,125814
2021-11-12,7746.8701085769035,7774.465451318579,7670.215858894016,7742.7978515625,180509
2021-11-15,7742.079085455771,7830.758281895636,7695.128358328626,7714.10009765625,119066
2021-11-16,7780.405877289787,7798.611260500194,7527.734134746456,7552.74267578125,277983
2021-11-17,7516.907122976628,7616.509922668068,7474.7472869777785,7529.076171875,183623
2021-11-18,7568.648434868701,7598.351954489023,7392.391395009763,7442.83984375,196805
2021-11-22,7472.830270363309,7482.028872794912,7234.818947194997,7333.70263671875,383629
2021-11-23,7301.316643842229,7392.056291113917,7225.33331263248,7337.6796875,475377
2021-11-24,7406.715820859359,7443.174306028766,7234.243783633657,7260.40185546875,292766
2021-11-25,7244.113325504586,7315.1626022124865,7203.151213860109,7290.5849609375,173989
2021-11-26,7234.24494904007,7281.19567784841,7061.868795415822,7085.48779296875,265808
2021-11-29,7046.920280737679,7124.005889947954,6900.223131623973,7079.2587890625,382413
2021-11-30,7078.348400227899,7204.540634392866,7040.260823393598,7122.85595703125,547664
2021-12-01,7293.651626342756,7357.610013896405,6986.076459230823,7016.35498046875,509749
2021-12-02,7052.190943353856,7079.978108755658,6958.289487858111,7016.93017578125,239691
2021-12-03,7069.868668576808,7143.21700751249,6991.010338267266,7025.79248046875,401430
2021-12-06,7037.673778274877,7080.552243783423,6899.839779375332,6912.87109375,173852
2021-12-07,6980.327816505678,7030.105358497819,6932.418909048535,6994.12548828125,162646
2021-12-08,7022.486631172205,7146.810227896805,6994.699468898499,7113.4658203125,209590
2021-12-09,7164.105615880899,7200.90002810471,7080.935946441679,7122.9521484375,198582
2021-12-10,7138.4262919081075,7140.1990148278355,7081.222876626121,7129.27587890625,144726
2021-12-13,7199.749716986612,7224.566434390045,7082.947908708716,7104.36328125,220084
2021-12-14,7099.140756075735,7146.953744394363,7030.247851893473,7077.48583984375,210516
2021-12-15,7105.848474665528,7105.848474665528,7023.44516171768,7063.06591796875,113049
2021-12-16,7104.697794251288,7128.844066135559,7063.496141718515,7103.69189453125,140591
2021-12-17,7100.8656898671525,7100.8656898671525,6996.616105405156,7030.48779296875,279606
2021-12-20,6965.9546732412255,6965.9546732412255,6740.974646179462,6861.36962890625,285814
2021-12-21,6935.292944956266,7066.5633419525375,6879.8145276810155,7020.90625,241099
2021-12-22,7013.863543219864,7114.472241585723,7006.629485862476,7068.71923828125,158971
2021-12-23,7123.86214447162,7123.86214447162,6994.652205716084,7033.60205078125,210152
2021-12-24,7054.106745767042,7138.426413469772,6900.702347658524,6922.64453125,270337
2021-12-27,6917.087499937659,6989.90903339039,6872.340396842945,6942.0478515625,142927
2021-12-28,6970.745073097141,7106.806351499862,6970.745073097141,7096.3623046875,185895
2021-12-29,7076.144621902229,7148.007972835562,7065.31739750575,7110.59130859375,219901
2021-12-30,7110.591200104597,7181.448182327556,7071.449535321371,7087.83447265625,243710
2021-12-31,7138.426803640955,7339.165114427906,7111.071006188611,7273.57763671875,258372
2022-01-03,7282.1534114353235,7425.880123503126,7253.455790781629,7400.87158203125,250533
2022-01-04,7424.921630999194,7447.774270822311,7293.363973268366,7330.3974609375,315188
2022-01-05,7330.541565950083,7444.085670984406,7277.362681313755,7339.212890625,400874
2022-01-06,7320.0488780507985,7377.9232061109515,7114.519687917307,7146.61865234375,403448
2022-01-07,7152.89537518585,7262.98994449269,7127.9345551484985,7241.8623046875,543512
2022-01-10,7272.571085038631,7299.016891647207,7207.702246714368,7267.923828125,213126
2022-01-11,7291.447632755831,7358.232361561552,7244.975997722629,7288.189453125,234296
2022-01-12,7343.285259885607,7405.758660206829,7291.639552993832,7338.39892578125,297378
2022-01-13,7359.765454055742,7396.751219614087,7237.933211020188,7288.66845703125,274893
2022-01-14,7314.731457575548,7377.971210811072,7250.437614880688,7340.1708984375,250253
2022-01-17,7315.689755809744,7613.683143374489,7186.431624357759,7540.95751953125,1216949
2022-01-18,7480.495559237746,7563.8570442708815,7205.49847642729,7239.89697265625,565178
2022-01-19,7282.056976539414,7282.056976539414,7045.482919055481,7123.478515625,439305
2022-01-20,7157.589633014994,7243.394285447359,7085.726283285928,7153.27783203125,249483
2022-01-21,7119.263243566847,7142.882240028944,7005.240050298415,7049.93896484375,207851
2022-01-24,7052.190993571828,7056.981884192461,6792.189266017991,6856.72265625,319304
2022-01-25,6822.227370315546,6854.70951099259,6707.246010141689,6801.48291015625,467078
2022-01-27,6841.391072375812,6851.260118851481,6659.337248320993,6803.73486328125,418032
2022-01-28,6823.089632890577,6962.504532018541,6797.314738238991,6812.501953125,511605
2022-01-31,6888.2462942502025,6975.105043485242,6867.837288324401,6914.59619140625,250406
2022-02-01,6959.4389935323925,7220.350689164363,6932.610008156956,7201.90576171875,731348
2022-02-02,7255.9954652262695,7258.1990877061,7114.472373098059,7129.80322265625,324627
2022-02-03,7148.966786269481,7171.963060612125,7043.567195532362,7066.89892578125,167162
2022-02-04,7079.977652402605,7214.98484685645,7071.497683038979,7128.50927734375,462491
2022-02-07,7128.509696370921,7204.493501358129,7054.58634861255,7156.9677734375,391483
2022-02-08,7163.291715206177,7185.377533147904,7048.16624282375,7110.97509765625,270604
2022-02-09,7125.011507197871,7232.23153030889,7111.070204639248,7190.21533203125,253643
2022-02-10,7200.421291241846,7233.238891786824,7148.2960273287945,7161.90234375,284223
2022-02-11,7148.104791868933,7148.104791868933,6989.047221606164,7017.3134765625,265177
2022-02-14,6939.604536687973,6939.604536687973,6755.155261808797,6792.6201171875,266661
2022-02-15,6803.064652610549,7012.378850087499,6736.998084086456,6985.40576171875,255775
2022-02-16,6980.326348027705,7013.86257619256,6867.213628461516,6878.66357421875,322839
2022-02-17,6846.181757084806,6922.835996492334,6735.991287936486,6751.2744140625,499955
2022-02-18,6754.197154405971,6769.384370250332,6611.4286232658815,6627.33447265625,510600
2022-02-21,6611.42915416184,6623.4541026531415,6506.987737088849,6528.4990234375,424346
2022-02-22,6432.249772662789,6486.865925953684,6396.940815077206,6467.27099609375,359236
2022-02-23,6496.447825664255,6578.851146166781,6453.329809122236,6496.6396484375,506540
2022-02-24,6347.834147270776,6371.069966730759,6128.69909147164,6150.0185546875,610393
2022-02-25,6276.066619837049,6378.256221685674,6247.321276540086,6295.4697265625,376464
2022-02-28,6264.56882822386,6325.892230641469,6170.811001424226,6293.21826171875,557289
2022-03-02,6265.525769027601,6265.525769027601,6076.764708238728,6131.71630859375,686927
2022-03-03,6147.670927823336,6167.936301851542,5715.388954829413,5730.576171875,2406110
2022-03-04,5700.920029668275,5911.958751721208,5606.108121538249,5797.2646484375,1336552
2022-03-07,5681.324917766349,5681.324917766349,5446.906751692875,5459.79443359375,1280108
2022-03-08,5395.5005549554,5629.2959972230465,5393.776021623804,5589.48388671875,955847
2022-03-09,5643.668800984263,5805.361349399559,5577.7463372782095,5765.69287109375,813790
2022-03-10,5942.619807541727,5999.344130868783,5753.427379023984,5799.419921875,967482
2022-03-11,5790.270348214842,5864.002341298958,5729.9051269774545,5769.1904296875,533023
2022-03-14,5796.977200948459,5814.128494466793,5706.956186030902,5783.466796875,466938
2022-03-15,5840.910359220601,5913.875531645734,5722.287623738025,5769.43017578125,819263
2022-03-16,5873.630906479183,6053.0020080919785,5825.72200838392,6042.17431640625,888929
2022-03-17,6113.510669799242,6198.932138973839,6074.848096621708,6107.04296875,979987
2022-03-21,6103.5941498523625,6103.5941498523625,5917.755330782959,5932.31982421875,531422
2022-03-22,5902.376766881081,5965.472884819896,5805.69669555408,5951.81884765625,1073804
2022-03-23,6048.499206797527,6048.499206797527,5935.961002728478,5973.2822265625,664235
2022-03-24,5942.620532480501,6112.744865739747,5940.7041762946,6086.20361328125,642226
2022-03-25,6117.967005610125,6123.380618158909,6021.2387418463395,6048.69091796875,321023
2022-03-28,6079.639894364592,6127.5010764218305,5983.869808490454,6093.96484375,325668
2022-03-29,6110.301488193187,6274.149936441742,6109.343310133254,6253.64501953125,671879
2022-03-30,6268.880499660033,6389.898211959053,6268.880499660033,6364.89013671875,705385
2022-03-31,6381.466263753086,6418.835210342631,6305.770192456316,6326.17919921875,399272
2022-04-01,6326.849963832102,6409.109646893048,6290.486917968054,6391.57470703125,216837
2022-04-04,6354.636421934261,6475.7982157662145,6345.05464204594,6461.8564453125,268314
2022-04-05,6486.865321660627,6530.941511438528,6400.67701993991,6444.84912109375,412049
2022-04-06,6419.793108472353,6507.945491454362,6410.2113277134395,6454.43115234375,297453
2022-04-07,6415.959826215897,6512.256714288582,6415.959826215897,6454.90966796875,234000
2022-04-08,6514.6527098359575,6563.519791495265,6441.687543244186,6551.0634765625,309692
2022-04-11,6548.812110202178,6629.155440558365,6515.611331328595,6571.904296875,359038
2022-04-12,6563.5201421471365,6571.904200722872,6440.681519641911,6492.18359375,385829
2022-04-13,6467.701776561542,6553.937800249029,6414.235629019448,6448.5859375,386535
2022-04-18,6367.5725908358945,6410.115605086116,6295.277865736942,6361.91943359375,240392
2022-04-19,6419.793002624501,6481.35594298549,6233.954180725271,6310.2734375,353426
2022-04-20,6311.5191004001645,6542.200476356038,6310.273656023066,6522.4619140625,328054
2022-04-21,6544.356077808917,6598.972226628112,6523.276160720806,6560.166015625,181457
2022-04-22,6515.610888770907,6525.1449477302485,6429.470773681145,6462.048828125,237385
2022-04-25,6414.044333973857,6432.297440011976,6282.438475646575,6319.232421875,227496
2022-04-26,6400.629453324722,6414.235768947499,6338.34787930285,6381.65771484375,279555
2022-04-27,6300.020003764011,6352.576157747704,6262.698785570967,6274.58056640625,327597
2022-04-28,6322.058647764375,6357.511234907037,6277.072002070283,6340.21630859375,243308
2022-04-29,6340.647279529666,6512.736149389871,6247.512654593293,6352.9599609375,1139560
2022-05-02,6331.257565481467,6448.538468725436,6269.26325665432,6399.67138671875,329548
2022-05-04,6399.67112711476,6428.03329066177,6229.1154360492665,6249.189453125,228457
2022-05-05,6285.6476677170795,6320.04616427779,6074.848508129006,6089.89208984375,344367
2022-05-06,6036.5214864376385,6036.5214864376385,5902.376564516802,5940.8955078125,499910
2022-05-09,5916.749179732854,6012.471068841805,5859.258499443951,5964.27490234375,355285
2022-05-10,5951.100272024489,6154.809020279737,5941.230757332548,6100.19287109375,359456
2022-05-11,6103.546323709943,6167.312884403449,5950.237839051425,6075.04052734375,217452
2022-05-12,6036.522302764126,6036.522302764126,5823.423577267204,5926.76318359375,323730
2022-05-13,6006.243134994982,6029.62258560915,5885.8958795461895,5937.39794921875,319217
2022-05-16,5935.625975927753,5935.625975927753,5577.554638079215,5761.3330078125,685657
2022-05-17,5761.332818309985,5869.655128075338,5730.287942919727,5852.31201171875,637179
2022-05-18,5906.209560795569,6016.400037676083,5873.679228520169,5973.04248046875,371945
2022-05-19,5872.6734745633585,5918.091022155304,5796.977405956652,5818.63232421875,259111
2022-05-20,5907.167265600258,5907.167265600258,5810.583112051369,5872.33740234375,374540
2022-05-23,5915.7913248142095,5963.700227671467,5653.250537156436,5668.86865234375,528566
2022-05-24,5699.1955219509755,5708.441846889625,5589.675486232021,5622.63671875,458962
2022-05-25,5647.501320893382,5728.946453617498,5536.592213683778,5549.958984375,571568
2022-05-26,5577.554653502973,5669.539750004655,5468.082806885088,5628.57763671875,512954
2022-05-27,5658.041022274426,5726.550748454379,5639.883362247629,5699.24267578125,290626
2022-05-30,5749.068407862971,5899.262820018392,5716.058986277004,5847.42529296875,330562
2022-05-31,5854.467852035355,5883.213193371043,5792.234000899438,5828.2138671875,431470
2022-06-01,5825.722296974923,5844.598590903671,5701.159155756709,5725.736328125,268629
2022-06-02,5716.490485389518,5772.017092853543,5658.999799984997,5756.59033203125,320094
2022-06-03,5859.258879726507,5859.258879726507,5375.3789558897315,5441.349609375,2216480
2022-06-06,5442.451418800667,5495.1512124686315,5341.84272179819,5347.92724609375,999722
2022-06-07,5327.470161421458,5343.088277088662,5183.743448433469,5322.87109375,1203977
2022-06-08,5348.502374455404,5378.540883276432,5269.97949286752,5300.49755859375,605175
2022-06-09,5293.933798559909,5303.515579190786,5217.279553512888,5252.63623046875,375314
2022-06-10,5227.7229858590845,5304.185867014916,5182.784533558733,5280.56640625,493489
2022-06-13,5203.865231765289,5222.070615562663,5113.7964908730155,5132.1455078125,441354
2022-06-14,5126.253022975015,5268.063386975071,5101.340391461491,5201.56591796875,610906
2022-06-15,5213.350528360646,5244.634946138924,5175.11932016001,5226.04638671875,286759
2022-06-16,5250.815635160926,5256.564703374605,5056.353215689057,5083.3740234375,732233
2022-06-17,5078.344033024273,5081.170845620781,4941.37228370637,4960.775390625,819352
2022-06-20,4962.404285683681,5123.809570708397,4945.923435532427,5110.2509765625,506142
2022-06-21,5131.043511627913,5205.78140031269,5041.980673801069,5192.27099609375,292408
2022-06-22,5174.161741539253,5200.990728347235,5097.507493516449,5183.69580078125,214821
2022-06-23,5200.990701149265,5268.925434532139,5133.965956240664,5184.03076171875,296712
2022-06-24,5222.070022192898,5279.560701336306,5207.889175148329,5239.6044921875,265862
2022-06-27,5279.5605420450975,5348.549354935704,5258.528348748898,5327.708984375,226613
2022-06-28,5327.470240932439,5351.424693454617,5250.815992861469,5339.68701171875,278114
2022-06-29,5310.2222633591855,5411.789127292075,5290.196437533164,5383.3310546875,490615
2022-06-30,5393.5846445629695,5412.748206988135,5303.515901164689,5372.7919921875,572821
2022-07-01,5365.796996414564,5461.375255413199,5255.606522381051,5453.662109375,329610
2022-07-04,5442.355822405275,5504.7333117290655,5396.555095310858,5470.28662109375,165959
2022-07-05,5471.6762364232345,5521.98058847861,5461.950821931279,5490.31298828125,307970
2022-07-06,5509.523476593113,5600.454474834728,5488.683105181652,5584.30908203125,371948
2022-07-07,5610.132195988197,5626.373500249673,5529.884788402542,5594.65771484375,261593
2022-07-08,5606.300175264793,5709.73569037338,5562.798982226549,5594.89794921875,410980
2022-07-11,5576.595977615088,5623.546699763393,5538.843857867908,5609.41357421875,189671
2022-07-12,5579.566368406598,5592.453581705006,5490.359903625534,5537.1669921875,171919
2022-07-13,5540.185452815493,5638.87779139038,5529.022772170117,5556.4267578125,263686
2022-07-14,5557.432580736838,5607.210116599826,5444.607117567569,5495.19873046875,285686
2022-07-15,5480.7792521852225,5588.095209570668,5462.573866557334,5564.1884765625,255753
2022-07-18,5588.094220718244,5740.444526118485,5568.355659905637,5732.2041015625,512929
2022-07-19,5744.182123013022,5841.006306210707,5732.44444062413,5831.32861328125,555572
2022-07-20,5855.42610866868,5888.004162619708,5822.848054717651,5834.34619140625,371187
2022-07-21,5868.840931996164,5891.980839813096,5783.563080086342,5874.302734375,328612
2022-07-22,5874.589816546207,6223.366638145101,5843.975839704016,6188.5849609375,1441549
2022-07-25,6083.4724474779605,6177.182073747473,5998.242322673837,6115.95458984375,919050
2022-07-26,6122.2784928649435,6191.794121458704,6043.420628524186,6132.00390625,549442
2022-07-27,6123.044806253765,6277.024201015556,6099.665356167651,6262.02880859375,424070
2022-07-28,6285.6486623527135,6285.6486623527135,6175.458175131591,6200.6103515625,462464
2022-07-29,6266.197162341389,6302.176560869159,6218.5755262519815,6271.08349609375,360851
2022-08-01,6312.429139219733,6385.298391249434,6285.695597897247,6379.2138671875,414339
2022-08-02,6387.116377899943,6450.863613946463,6355.459446366436,6409.71435546875,274658
2022-08-03,6422.917354849349,6451.827710535093,6277.449893605455,6362.88037109375,266360
2022-08-04,6406.534923629922,6442.5284111503415,6312.09442686161,6348.76220703125,275815
2022-08-05,6348.761938805148,6552.05010612146,6348.761938805148,6529.11474609375,741250
2022-08-08,6509.647991987854,6529.114485082418,6405.570718392785,6435.30029296875,313912
2022-08-10,6480.111547362737,6497.216840557656,6341.534298193968,6356.0859375,271291
2022-08-11,6389.284297573381,6413.231800086106,6334.836467601627,6357.48291015625,303393
2022-08-12,6355.459662770074,6370.059297833093,6278.365383312666,6321.05615234375,269932
2022-08-16,6352.665178155813,6436.408746279203,6321.7789996882475,6414.244140625,270299
2022-08-17,6466.283312377146,6479.5338929352965,6354.544592106492,6369.77099609375,341063
2022-08-18,6369.047637331253,6466.523623020622,6369.047637331253,6460.45263671875,300992
2022-08-19,6480.737671201987,6536.534560165266,6366.0599339717955,6406.1005859375,641293
2022-08-22,6413.280542586732,6424.700227143694,6210.956049347072,6232.5908203125,345960
2022-08-23,6210.908234410786,6341.004838234751,6172.457554500936,6259.4775390625,379309
2022-08-24,6217.750599931046,6296.386865406977,6217.750599931046,6271.95751953125,223101
2022-08-25,6292.820532117649,6366.060097269401,6220.159268168428,6239.8662109375,470687
2022-08-26,6271.089125384894,6331.367020443282,6235.96285986126,6280.4365234375,415698
2022-08-29,6169.469962630869,6341.004741348192,6169.469962630869,6269.9814453125,366457
2022-08-30,6301.34898713806,6447.008892138971,6288.001946368727,6435.30029296875,467147
2022-09-01,6388.224781497362,6514.466665096117,6365.096497479269,6391.59765625,386222
2022-09-02,6398.824627042949,6424.506562498594,6307.275178312666,6338.5947265625,268505
2022-09-05,6336.186435170773,6379.4075120355055,6260.441207403072,6285.0634765625,385312
2022-09-06,6302.457423949754,6317.876280032811,6221.556425220504,6259.57373046875,341220
2022-09-07,6225.362941941491,6551.086266148337,6197.4162661959335,6524.8740234375,918604
2022-09-08,6595.415203377666,6686.96465462268,6533.739783591551,6668.3173828125,879685
2022-09-09,6678.291761664129,6773.695929687902,6518.465594153461,6537.25732421875,567059
2022-09-12,6537.257099786893,6649.38117943632,6495.192630347941,6620.08544921875,488043
2022-09-13,6648.417549690866,6716.45334158356,6606.015698381053,6645.8154296875,412295
2022-09-14,6543.376778641194,6711.442208861133,6514.5628866412335,6626.01220703125,543948
2022-09-15,6658.05405003674,6673.472904400698,6512.683069627326,6543.42431640625,437578
2022-09-16,6543.425119714615,6571.0828813438275,6216.690107064936,6245.98583984375,831639
2022-09-19,6162.72362080589,6275.42600252758,6017.786477609529,6225.21826171875,808807
2022-09-20,6256.875570015147,6324.959361766028,6223.38774222125,6249.11767578125,373825
2022-09-21,6263.909915734508,6295.663308833486,6067.84934715357,6084.4248046875,616165
2022-09-22,6071.17440039517,6133.669043689416,6003.7169070574455,6012.775390625,492098
2022-09-23,6032.627403870241,6055.707692140246,5904.602621166098,5916.93798828125,570526
2022-09-26,5897.664635394158,6013.3540552416825,5786.889599635625,5952.73876953125,497458
2022-09-27,5982.516139099108,6046.070924510475,5905.421858956078,5967.91650390625,467962
2022-09-28,5926.622648491141,6049.636112281084,5890.05086197834,5948.7392578125,378895
2022-09-29,5992.152990735552,6035.374066130482,5921.804459322927,5951.58203125,407574
2022-09-30,5948.016904437145,6095.266797913734,5947.823980509655,6027.90576171875,442887
2022-10-03,6058.068923224081,6124.4662831893975,6002.946790848388,6015.8115234375,337932
2022-10-04,6118.298395795679,6150.051790907043,6052.045498257371,6078.4501953125,307268
2022-10-06,6109.722228952941,6135.597093069651,6030.218745689752,6058.88818359375,495617
2022-10-07,6071.174168627085,6078.112841609676,5910.6252465030575,5978.17919921875,454883
2022-10-10,5932.597824120656,5949.028354477314,5897.712473883475,5926.5263671875,282642
2022-10-11,5956.159303084097,5979.624968180462,5840.4698897827975,5856.033203125,276525
2022-10-12,5863.983227855355,5965.169462682768,5837.770986424478,5953.31640625,223353
2022-10-13,5947.823860936426,5990.225716069479,5879.402685608091,5957.2197265625,314360
2022-10-14,6032.6277984698,6032.6277984698,5944.933049322714,5967.09765625,249291
2022-10-17,5945.896589170753,6053.635661676646,5861.285801614632,6043.7099609375,453912
2022-10-18,6075.992984844605,6209.944297278134,6061.778726870543,6116.2265625,558284
2022-10-19,6117.527647415212,6211.871679496285,6023.087153373848,6166.00048828125,919146
2022-10-20,6109.721491488025,6180.070019702319,6049.00974796062,6073.390625,476962
2022-10-21,6086.207748051653,6187.779363158581,6086.207748051653,6131.78955078125,307899
2022-10-24,6206.089778660752,6209.944492808989,6138.969662663816,6162.3388671875,56532
2022-10-25,6186.815992627948,6238.854631818276,6155.2075259307985,6182.67236328125,313500
2022-10-27,6238.854889404688,6238.854889404688,6140.55967798682,6203.005859375,248556
2022-10-28,6208.016306518675,6234.999301952163,6173.805723022648,6211.7265625,151834
2022-10-31,6242.805872617104,6486.423612619387,6220.303885216916,6471.05322265625,538107
2022-11-01,6498.999521895538,6601.197434098423,6474.184801614074,6573.154296875,429855
2022-11-02,6577.153543432472,6625.289471154071,6480.785696579322,6533.6435546875,255634
2022-11-03,6485.604550335801,6537.595195630364,6427.7838381102965,6483.8701171875,217701
2022-11-04,6513.503163710956,6707.2025476295685,6491.145633667062,6642.68408203125,646411
2022-11-07,6673.473507547546,6763.095606638076,6618.543833911414,6720.2119140625,353341
2022-11-09,6745.749367960998,6803.5700768292345,6608.907023639503,6652.75439453125,312745
2022-11-10,6644.563468092826,6644.563468092826,6543.377222385829,6554.2666015625,330402
2022-11-11,6591.51326440817,6676.172048307682,6540.9201407011315,6565.73486328125,293195
2022-11-14,6596.37901664298,6646.97213547041,6571.708754115047,6605.4375,484476
2022-11-15,6630.10808504397,6745.7495051319465,6617.628260241019,6711.5869140625,625270
2022-11-16,6733.174186245849,6779.478753407797,6619.315186537388,6660.9462890625,307352
2022-11-17,6681.1827498522225,6706.816690946312,6601.293899786811,6622.25390625,196795
2022-11-18,6649.381470069419,6687.061392509038,6516.393840668031,6566.93896484375,296995
2022-11-21,6562.4572660282965,6626.108509449243,6495.72253392066,6509.50341796875,249498
2022-11-22,6509.744275876963,6665.7637200467,6495.722472351281,6594.49951171875,393509
2022-11-23,6627.409829040987,6653.718063319256,6554.314722243982,6576.18994140625,258946
2022-11-24,6596.282780573417,6639.744774439863,6582.8877437153415,6611.02734375,297230
2022-11-25,6653.236037173589,6690.819496827379,6601.197400729879,6624.32568359375,377893
2022-11-28,6624.326296683842,6673.377440354826,6613.72583272348,6641.96142578125,239438
2022-11-29,6649.381718764964,6750.567962311387,6644.563326215134,6677.23193359375,336266
2022-11-30,6695.638112183394,6837.2988494446145,6654.247933044059,6819.95263671875,489956
2022-12-01,6842.11730537488,7033.889325624119,6779.526198989649,7009.79736328125,1086727
2022-12-02,7010.760750378606,7033.889033266453,6898.974049754012,6974.18896484375,442739
2022-12-05,6996.305012103251,7020.39697151132,6897.527978530168,6937.13525390625,235887
2022-12-06,6924.077652619007,7009.508123570238,6880.664126704674,6979.00732421875,312838
2022-12-07,6991.487773607452,7029.938453056723,6886.446813259663,6902.05859375,324940
2022-12-08,6937.52147259543,6957.373343664717,6894.155940401126,6918.2958984375,262827
2022-12-09,6939.642560853919,6960.747028201205,6784.297381457744,6820.3388671875,211582
2022-12-12,6831.516730935265,6903.744621083975,6716.983449709145,6887.265625,260579
2022-12-13,6919.163766563975,6979.923508932034,6895.312723233025,6962.8662109375,285708
2022-12-14,6982.717973182823,7014.567830045626,6914.393261405826,6936.1240234375,226179
2022-12-15,6936.123817330352,6955.397386824273,6830.553028645848,6855.51220703125,241610
2022-12-16,6849.8747143059445,6904.563468706696,6739.14814972537,6759.33740234375,285180
2022-12-19,6786.994456503808,6855.993928213151,6755.3859912965045,6818.98876953125,251219
2022-12-20,6832.481001195319,6866.257746558217,6751.146624712045,6840.1904296875,488123
2022-12-21,6871.509938683673,6893.481621526419,6674.437674121466,6698.24072265625,388167
2022-12-22,6727.439807066096,6834.408123723357,6610.834705124398,6757.69921875,338708
2022-12-23,6717.754633695136,6731.294128010478,6625.385958029747,6658.43994140625,289661
2022-12-26,6659.981932213254,6846.839094167716,6615.026425521185,6817.0615234375,328414
2022-12-27,6842.11747879468,6905.67226528448,6785.260446224415,6849.05615234375,295144
2022-12-28,6848.284798051205,6897.528863508711,6771.0940560946765,6797.59521484375,260015
2022-12-29,6774.7083226881,6779.864097131522,6654.200506085997,6728.5966796875,449116
2022-12-30,6745.749443557014,6796.872399335802,6697.806438583162,6706.28662109375,232317
2023-01-02,6726.379115947966,6784.248289171486,6697.661686369639,6763.04736328125,212580
2023-01-03,6774.611838727889,6783.332940907958,6707.250335345463,6739.58203125,188315
2023-01-04,6745.749499353765,6805.497566348041,6730.186185689485,6750.9052734375,319221
2023-01-05,6760.157038166092,6786.417278675443,6692.747535319034,6752.49560546875,236570
2023-01-06,6752.495719934045,6774.563865012265,6698.529720174333,6728.5966796875,160184
2023-01-09,6784.296834683186,6807.425119346879,6748.544267197996,6779.333984375,298470
2023-01-10,6793.885136228627,6793.885136228627,6638.925357785372,6668.94384765625,263888
2023-01-11,6695.638131378489,6777.550802818784,6670.582490702634,6766.90234375,295408
2023-01-12,6769.7930786780835,6906.635417832848,6769.7930786780835,6893.529296875,566492
2023-01-13,6914.393140675238,6994.3784550551745,6878.737036674544,6985.60888671875,462134
2023-01-16,7005.942210842239,7068.340389405104,6986.909561782522,7020.2529296875,440500
2023-01-17,7015.579023612213,7120.619973278934,6999.052032521579,7109.68212890625,385734
2023-01-18,7105.201517567184,7114.838302481829,7005.942632946349,7018.904296875,447736
2023-01-19,6996.305905133833,6996.305905133833,6925.041691889943,6950.38671875,412001
2023-01-20,6950.386514146286,7001.124091533167,6890.3010673726285,6916.46484375,353292
2023-01-23,6866.20954745155,6923.982263721904,6581.9243802237315,6600.95703125,998103
2023-01-24,6632.035585295735,6647.117060048736,6536.246034363059,6562.36181640625,444188
2023-01-25,6558.748109460347,6582.7436108578295,6429.663181558173,6461.56103515625,509299
2023-01-27,6489.410788880747,6552.049889159518,6364.229050279011,6471.67919921875,635582
2023-01-30,6501.939051014426,6653.188584728177,6401.282640196517,6637.52880859375,699269
2023-01-31,6673.473979350855,6841.15404756848,6642.202422088354,6828.1923828125,593220
2023-02-01,6827.662297588466,6976.068789307396,6728.018032972129,6882.013671875,648015
2023-02-02,6842.117302629334,7044.48978622823,6750.615841469377,6907.31005859375,647192
2023-02-03,6923.982003107761,6962.577138682277,6871.991359992155,6928.07763671875,364197
2023-02-06,6896.37211301071,6945.953558987814,6854.452099162287,6868.37744140625,314446
2023-02-07,6895.071649705219,6943.3035702572515,6796.005217894891,6814.94140625,295067
2023-02-08,6855.608693060821,7028.829899495694,6855.608693060821,6987.00634765625,559696
2023-02-09,6986.669117679063,6986.669117679063,6899.938052769943,6918.970703125,334529
2023-02-10,6914.3929136013785,6964.4077312992495,6887.457912569667,6944.31494140625,407822
2023-02-13,6952.939784687642,6986.668529311906,6895.119079617474,6918.48828125,323236
2023-02-14,6953.084652512125,6967.298910013725,6866.738967071149,6879.8935546875,328419
2023-02-15,6878.737430744298,6916.320893871089,6791.668980391335,6892.08447265625,404971
2023-02-16,6926.583135030666,6932.509663233217,6849.826242614251,6911.2607421875,264069
2023-02-17,6915.356450292343,7124.763586021574,6915.356450292343,7032.78076171875,1063293
2023-02-20,7035.816670785616,7219.879262775762,7035.816670785616,7157.095703125,713498
2023-02-21,7174.393661548253,7213.1337262926945,7055.0904489230215,7073.93017578125,399493
2023-02-22,7060.872385578575,7065.546320423447,6930.775787782327,6944.0263671875,402548
2023-02-23,6978.766633979944,7002.08784143356,6882.688171772677,6916.2724609375,286748
2023-02-24,6950.868357056862,6978.766566478262,6905.62346460286,6954.57861328125,206602
2023-02-27,6957.758889825216,6972.21406757416,6877.243737982057,6925.6201171875,295092
2023-02-28,6921.187071643628,7019.386288492399,6902.058429609739,6997.55859375,429256
2023-03-01,6964.504547184859,7077.254932133057,6957.7587976580435,7009.94189453125,317216
2023-03-02,7009.9416691559645,7063.763205973735,6989.41550590276,7024.4453125,180178
2023-03-03,7063.763300105709,7083.036869819504,6927.161874759191,6953.85595703125,408754
2023-03-06,6980.88653798047,6991.968839911278,6929.811581255875,6939.06298828125,154817
2023-03-08,6952.892283847201,7018.904260167282,6926.246197260653,7003.29248046875,237790
2023-03-09,7003.052258250581,7036.058249697544,6945.328005274471,6979.8759765625,158808
2023-03-10,6938.485737550716,6979.875920550828,6877.195686093116,6963.9267578125,154319
2023-03-13,6962.576985761132,6994.378375453883,6798.558721006134,6818.603515625,176576
2023-03-14,6822.844294278622,6856.5730443209595,6737.07690131382,6807.37744140625,210976
2023-03-15,6867.173214949786,6926.921283898268,6824.9642834917395,6842.84033203125,265536
2023-03-16,6876.4243261535385,6890.108278381468,6819.036989756368,6846.55029296875,459814
2023-03-17,6899.11902353507,7043.429882766576,6899.11902353507,7025.16845703125,383505
2023-03-20,7010.760508205635,7019.818991247911,6840.189427799807,6980.11572265625,520041
2023-03-21,6979.923297525267,7092.6736807657,6974.237688548011,7085.68701171875,350524
2023-03-22,7092.673951909843,7178.537802692331,7085.92820222732,7127.99267578125,381601
2023-03-23,7103.273729619822,7193.859502321527,7091.179753504155,7138.8818359375,232908
2023-03-24,7135.075551941808,7161.287795132281,7061.402143039134,7136.66552734375,228994
2023-03-27,7137.966557368884,7211.639965961424,7123.945223593317,7179.59765625,251626
2023-03-28,7212.169993712384,7239.056530124877,7100.7206677557615,7134.20849609375,249783
2023-03-29,7150.301584395818,7323.9566392447905,7131.220938212034,7295.76904296875,445346
2023-03-31,7299.961359273471,7366.647631519229,7272.929894058704,7345.30224609375,378456
2023-04-03,7392.281082947352,7455.980323936792,7304.77926607165,7362.9853515625,360584
2023-04-05,7299.864026883827,7419.986447751646,7299.864026883827,7412.56640625,233489
2023-04-06,7410.68773742916,7449.234877805904,7390.306031064185,7422.107421875,227682
2023-04-10,7422.107142777789,7489.709093562205,7389.486532351389,7416.71044921875,226983
2023-04-11,7434.779558661301,7510.862163750308,7434.779558661301,7460.26904296875,354799
2023-04-12,7468.508279620606,7510.910133079097,7396.232393043633,7403.79736328125,264416
2023-04-13,7425.190707266492,7467.544564813057,7351.373311905144,7377.19970703125,292568
2023-04-17,7377.200438172569,7539.821198296879,7367.37072845325,7461.2333984375,488286
2023-04-18,7496.455177743432,7496.455177743432,7295.0463678516235,7319.42724609375,437232
2023-04-19,7328.774981138618,7356.721657595294,7206.869651077602,7242.9111328125,341302
2023-04-20,7297.551939719394,7323.95663664227,7175.164769607082,7204.267578125,263429
2023-04-21,7227.637024340247,7244.405407323602,7072.677703784845,7091.228515625,388408
2023-04-24,7083.0374342296345,7187.114718977499,7043.09276959636,7170.29833984375,513771
2023-04-25,7185.090218451939,7234.768125964038,7155.601563127519,7168.9970703125,285446
2023-04-26,7192.896410760509,7208.315266946491,7034.853134854196,7186.05419921875,230254
2023-04-27,7188.078019154343,7235.298266230166,7166.780629935405,7228.4560546875,205177
2023-04-28,7239.15278132649,7303.719239839386,7217.951854650614,7281.74755859375,457487
2023-05-02,7271.436060538335,7306.610325492235,7169.767979644187,7185.76513671875,544731
2023-05-03,7250.716954153259,7268.063166962238,7164.419733647043,7234.52734375,384431
2023-05-04,7241.755310256072,7255.535725154849,7213.181865118008,7229.75732421875,232203
2023-05-05,7246.862415258995,7390.354051685943,7232.889076825317,7351.71044921875,319654
2023-05-08,7352.866251800097,7472.362374371947,7343.229467721722,7454.486328125,295156
2023-05-09,7477.133635995068,7538.85705694152,7408.278617568443,7435.984375,289797
2023-05-10,7478.1451770246495,7492.600354557559,7441.525393941281,7461.95556640625,234884
2023-05-11,7507.055118457641,7570.4649721897085,7468.604442447935,7550.8544921875,320219
2023-05-12,7555.191434802906,7632.333710412546,7412.422088770334,7423.16748046875,246799
2023-05-15,7448.174856109166,7492.600530211031,7436.225336511051,7479.06103515625,183594
2023-05-16,7487.781865445275,7521.847994167564,7405.869193815565,7419.07177734375,250490
2023-05-17,7436.706991753348,7478.097171587175,7375.031567693193,7420.75830078125,205629
2023-05-18,7463.496849525446,7485.709920655932,7310.946735466904,7327.95556640625,157714
2023-05-19,7359.612940238513,7409.8686815140445,7309.598118595698,7402.3037109375,138709
2023-05-22,7376.9592405249305,7456.9445595273555,7372.14084781394,7435.40625,139603
2023-05-23,7396.232167854562,7470.820786421813,7348.337160256,7376.23583984375,149291
2023-05-24,7372.140456046457,7404.857529033903,7314.367742293363,7375.80224609375,160565
2023-05-25,7366.647265556669,7389.583095861254,7318.4633412354415,7344.91650390625,257361
2023-05-26,7391.414035443381,7468.50831482219,7356.6251477644655,7441.380859375,252078
2023-05-29,7468.508145691413,7572.296505173214,7454.052968635236,7555.76904296875,210769
2023-05-30,7579.330858605538,7680.517093844392,7555.817199002112,7614.93896484375,414785
2023-05-31,7608.241230753806,7639.51278413222,7497.273753270716,7584.197265625,1137662
2023-06-01,7585.113421732986,7611.903495631692,7526.136109717039,7557.9375,184642
2023-06-02,7575.476118959349,7658.786307239367,7542.181217505989,7565.501953125,248325
2023-06-05,7610.169044554642,7637.15204230664,7579.331332838073,7595.7138671875,186015
2023-06-06,7601.495758701733,7825.069163369431,7601.495758701733,7814.99853515625,635244
2023-06-07,7839.620458069569,7875.083635930676,7788.97887445168,7861.30322265625,298650
2023-06-08,7873.25346807396,7915.607327029488,7792.304472808572,7805.9404296875,349085
2023-06-09,7861.689289331517,7919.2210846317475,7813.69828772297,7857.11181640625,325814
2023-06-12,7864.098191401065,7906.981883517645,7808.060382216379,7900.81396484375,195134
2023-06-13,7914.209881177793,8016.166880834961,7913.487122284535,7975.6923828125,249199
2023-06-14,8007.156223962647,8063.049573913383,7976.1255897370675,8054.71337890625,289643
2023-06-15,8075.625353545687,8121.8819188165935,8007.204184082472,8030.525390625,406197
2023-06-16,8061.122526643986,8125.881909016882,8004.168563558156,8030.57373046875,356982
2023-06-19,8054.425210279948,8109.932717560671,7953.142972502899,7968.27197265625,187488
2023-06-20,7967.693763265888,7990.244216391287,7874.5058649715,7944.03564453125,343189
2023-06-21,7952.660577611235,8049.269344172202,7928.182768050656,7942.2041015625,373929
2023-06-22,7976.366869147385,7978.294226129177,7849.836071511177,7866.2666015625,226654
2023-06-23,7866.700155550341,7868.482584255983,7767.24835073195,7786.71484375,198255
2023-06-26,7767.248438245555,7969.620916165104,7767.248438245555,7870.45849609375,241856
2023-06-27,7887.660053093889,7930.205891658395,7871.951812159574,7910.3544921875,236562
2023-06-28,7903.223519490046,8016.648669305196,7884.817636228609,7960.611328125,282115
2023-06-30,7998.531480049504,8016.841371389376,7937.530819751437,7993.47216796875,225746
2023-07-03,8078.517285588175,8190.303997401156,8059.532629932503,8156.38232421875,373703
2023-07-04,8189.340072845429,8189.340072845429,8079.480721432817,8106.1748046875,206677
2023-07-05,8123.7612839945905,8145.010205457917,8039.728335492669,8072.92724609375,195350
2023-07-06,8109.35496098778,8171.946070741143,8075.6262118927625,8104.7294921875,275687
2023-07-07,8112.19751157017,8140.578031243754,8023.201238599654,8033.65771484375,354695
2023-07-10,8046.715035532945,8128.097868631721,8033.223537269776,8048.015625,173234
2023-07-11,8090.3699342767395,8136.626502342177,8003.397949528703,8023.4912109375,300378
2023-07-12,8060.206310395885,8069.216327192169,7856.388324426406,7921.91845703125,508967
2023-07-13,7967.693779697747,8046.715416119519,7908.427552381418,7934.9287109375,272841
2023-07-14,7997.567715320725,7997.567715320725,7852.052264662401,7885.34716796875,249245
2023-07-17,7908.909182587244,7959.984141363548,7892.478652935204,7951.31103515625,202735
2023-07-18,7926.255401193279,7951.311041367264,7860.725265353626,7879.03515625,280527
2023-07-19,7869.397905242299,8053.315553568522,7867.229628817269,8026.67041015625,150429
2023-07-20,8046.667580322389,8046.667580322389,7868.435051291155,7925.43701171875,307197
2023-07-21,7944.565719207497,8011.541376350257,7778.813013760664,7824.298828125,656733
2023-07-24,7902.163351243643,7944.710131577785,7794.616741280907,7921.2919921875,482809
2023-07-25,7945.240617026134,8109.3548835514375,7945.240617026134,8088.44287109375,583167
2023-07-26,8110.222011827674,8151.370329621436,8037.078439520316,8048.9794921875,191345
2023-07-27,8085.428665957832,8122.990094723861,7991.524621346013,8023.71337890625,216816
2023-07-28,8030.247584619154,8075.409029662908,7962.4817822173045,8041.62255859375,204996
2023-07-31,8063.162501030198,8141.577216192095,8036.588436257752,8052.6591796875,240038
2023-08-01,8080.587943984379,8100.917684828237,8006.626032471253,8017.46875,217562
2023-08-02,8004.109242270613,8049.609137576215,7951.252295243182,8023.1806640625,134414
2023-08-03,8020.662943870366,8020.662943870366,7822.109526980253,7876.46728515625,390602
2023-08-04,7916.982165612643,7969.113052999179,7888.665740038644,7897.765625,248048
2023-08-07,7926.952670150805,7986.683571515855,7899.556114372046,7914.51318359375,195297
2023-08-08,7914.513271820621,7967.273788123631,7877.290296469447,7896.5068359375,166007
2023-08-09,7899.556345353675,7913.061290684531,7827.918211829635,7852.3623046875,222338
2023-08-10,7874.38641003788,7943.120296823309,7818.23760111457,7843.6015625,296178
2023-08-11,7865.673668949649,7894.716156342694,7787.985015173254,7873.3701171875,293096
2023-08-14,7870.3202400569,7882.663297139667,7763.105057945806,7797.22998046875,544313
2023-08-16,7749.455656613639,8001.205434034727,7732.707538269784,7988.52392578125,282782
2023-08-17,7962.578002119645,7970.32266504681,7889.923572112873,7945.39453125,248724
2023-08-18,7938.279620818149,7983.199044634788,7905.170997223367,7952.6552734375,265260
2023-08-21,7952.220340058686,8014.709900510182,7943.6040243208545,7956.96337890625,216794
2023-08-22,7959.625717237022,8004.061099937049,7930.583230607839,7941.66796875,193112
2023-08-23,7947.864449573203,7972.06652289753,7886.971654931799,7901.39599609375,208545
2023-08-24,7948.928794927594,8058.322164045462,7903.428898037861,7949.31640625,273837
2023-08-25,7917.950135901703,7928.599047931892,7803.716352305126,7813.8330078125,191154
2023-08-28,7875.160632763325,7890.2628206326535,7791.567052007638,7858.55810546875,327780
2023-08-29,7899.459762075789,7955.705474535619,7865.818880445208,7937.98974609375,230713
2023-08-30,7967.3217446667095,8049.41498012603,7938.327474633867,8002.12451171875,223225
2023-08-31,8024.245333683443,8093.173025081006,7963.449916784253,8032.61962890625,482614
2023-09-01,8035.088015196855,8078.651745399729,7985.715787633597,7998.6884765625,215635
2023-09-04,8020.518067288359,8319.703878156657,8018.194290328631,8308.619140625,620108
2023-09-05,8308.087728520268,8325.513221309053,8178.55842120232,8184.99560546875,210587
2023-09-06,8214.037621307983,8283.6913733915,8174.588244067583,8264.9111328125,327847
2023-09-07,8264.91028642991,8272.267337384817,8160.937817923232,8224.0087890625,203477
2023-09-08,8262.58714614805,8277.108388935654,8131.895961059591,8161.470703125,125962
2023-09-11,8181.220550005879,8227.398294414594,8157.212282644648,8191.62744140625,131688
2023-09-12,8248.018283211675,8335.048370693346,8127.056132987444,8298.068359375,335823
2023-09-13,8315.831885397181,8407.799758402156,8253.390540041173,8360.7021484375,321018
2023-09-14,8389.406640685549,8422.321460185123,8328.41741631869,8410.65625,311971
2023-09-15,8442.651569900076,8471.64584389089,8384.80861252116,8449.7666015625,357249
2023-09-18,8449.427429227515,8458.720646775979,8332.289400018471,8352.619140625,129308
2023-09-20,8315.831776764877,8348.262552611399,8171.635645526806,8188.1904296875,317399
2023-09-21,8107.790389127074,8168.683179227248,8022.164216406179,8048.205078125,393954
2023-09-22,8010.885696360196,8045.398228605207,7917.9979565182775,7926.08154296875,524827
2023-09-25,7954.736844068813,8015.677849057698,7895.780692556823,7944.28173828125,467415
2023-09-26,7974.0989058902305,8062.194450437519,7944.282141429841,7966.2578125,515796
2023-09-27,7974.099083560404,8025.359263712857,7943.120429842555,7998.97900390625,541638
2023-09-28,8001.011387073296,8058.273868939104,7874.386332448488,7894.0869140625,370431
2023-09-29,7938.279936296916,8021.486852268869,7872.450297800795,7991.37890625,320974
2023-10-03,8024.439622373275,8109.630922502222,7958.803787034446,8039.83251953125,454402
2023-10-04,8027.875803208472,8027.875803208472,7788.2752812832405,7861.65625,884369
2023-10-05,7916.013880647154,7946.798727817036,7865.673569800431,7916.44970703125,310506
2023-10-06,7936.343910689775,7976.66494313849,7891.08603342401,7933.87548828125,158491
2023-10-09,7909.285800098571,7938.13448250505,7829.080507029556,7851.24951171875,152525
2023-10-10,7887.745773938982,7925.0656538743515,7846.312014317762,7897.91064453125,187020
2023-10-11,7934.359415674672,8122.215717658141,7918.144026727024,8076.7158203125,439622
2023-10-12,8097.965407054391,8117.375280512879,8037.024398189376,8085.1865234375,177704
2023-10-13,8051.060905019875,8148.353230030936,8041.86411807853,8101.88525390625,285076
2023-10-16,8101.933901127269,8185.140814392479,8009.917811742563,8027.537109375,363990
2023-10-17,8064.130640726327,8066.06680654643,8015.726495223768,8036.44384765625,205234
2023-10-18,8059.193797257517,8083.346709552162,7984.7478433059705,8014.08056640625,322136
2023-10-19,7986.296033476478,8265.491510198046,7931.841372262067,8246.662109375,837498
2023-10-20,8263.555560377488,8372.319295060832,8142.4487688297095,8190.99755859375,539291
2023-10-23,8146.417667520307,8251.551093129137,8037.556555481108,8059.5322265625,217546
2023-10-25,8088.332813097684,8130.444420203579,7924.968820014473,7992.8310546875,255678
2023-10-26,7973.130489333364,7973.130489333364,7895.248033636555,7943.41015625,637430
2023-10-27,7948.928449313766,8006.045338670667,7918.917880329632,7948.10595703125,227682
2023-10-30,7978.939173250816,8147.675831769508,7935.811269613135,8133.44482421875,244073
2023-10-31,8136.447344220457,8182.333910987173,8084.557528407269,8153.43701171875,218908
2023-11-01,8170.619540337695,8175.459954757326,8102.950168593872,8113.9384765625,209234
2023-11-02,8117.85909103031,8202.760149739119,8107.646005598193,8189.01318359375,200590
2023-11-03,8204.502639581206,8257.747199484093,8166.747406195522,8250.5830078125,243686
2023-11-06,8266.460007777736,8373.917211298445,8249.228320976534,8365.15625,194715
2023-11-07,8365.156440703351,8417.481134351703,8308.620019044385,8408.5263671875,206360
2023-11-08,8411.671793437126,8440.859869208954,8376.67522062759,8421.20703125,132370
2023-11-09,8407.799810710747,8440.714628622567,8342.696237046925,8351.69921875,128138
2023-11-10,8316.848080982336,8451.315168646863,8314.476088892186,8432.82421875,149939
2023-11-13,8433.066018084766,8445.36085918584,8383.597363301626,8400.4423828125,64412
2023-11-15,8431.034532297328,8534.377388689882,8417.72339154419,8487.0869140625,192348
2023-11-16,8509.06100292675,8530.45620205983,8422.32115402657,8494.9755859375,233428
2023-11-17,8504.607881996011,8586.507313379552,8491.68435403788,8510.3681640625,151817
2023-11-20,8519.129282601167,8533.8443313498,8374.98136465069,8385.0498046875,174311
2023-11-21,8388.244475894648,8459.011902724656,8388.244475894648,8430.404296875,183507
2023-11-22,8455.235845646968,8494.927243594246,8337.371755401087,8480.3095703125,325320
2023-11-23,8470.724715426266,8487.182123444809,8315.831463487044,8330.5947265625,344271
2023-11-24,8362.300322465811,8378.75773222292,8272.316825332797,8283.111328125,197278
2023-11-28,8362.30121433278,8456.689309771244,8314.13908358341,8447.9765625,343335
2023-11-29,8480.310197392555,8509.449115980433,8414.576987042312,8454.0263671875,207727
2023-11-30,8496.428072228728,8731.285558891383,8483.746563970262,8716.2802734375,1025481
2023-12-01,8813.232231109198,8870.930534701825,8685.639103882511,8745.5146484375,353015
2023-12-04,8857.95858479951,9042.668614079259,8796.146869444385,9020.3544921875,473570
2023-12-05,9023.500954084213,9099.979505245317,8948.136076445506,9031.9716796875,448461
2023-12-06,9031.970937964274,9049.590234850875,8838.160562998462,8918.947265625,308912
2023-12-07,8970.255942467835,9081.585473374786,8941.359046733274,9055.9794921875,346830
2023-12-08,9078.971757142444,9130.61954757792,9043.008044306216,9113.0966796875,311761
2023-12-11,9113.531569921928,9419.445737767195,9099.978410587011,9362.232421875,588082
2023-12-12,9392.775987150098,9643.219218858336,9327.526822470758,9548.685546875,1060266
2023-12-13,9583.972224346297,9722.408075137793,9367.944153153105,9428.3046875,1501931
2023-12-14,9516.255511560543,9671.148785400796,9464.947114600958,9645.30078125,710415
2023-12-15,9680.82863777058,9738.429568165317,9584.649983411698,9709.3388671875,439516
2023-12-18,9707.935357551365,9707.935357551365,9624.43820711371,9652.125,266562
2023-12-19,9652.124937050696,9729.233117978925,9635.329076939724,9697.3828125,675166
2023-12-20,9706.966868215695,9804.74323738791,9543.50645494011,9571.87109375,501448
2023-12-21,9565.627517509687,9666.30814313675,9511.269282343063,9636.7333984375,216730
2023-12-22,9668.2438514473,9679.860846162166,9585.956805550331,9650.818359375,226940
2023-12-26,9656.626593780467,9733.879417452026,9651.88260957703,9698.8837890625,226114
2023-12-27,9778.55734278925,10135.828154713123,9717.37431327332,10103.009765625,658122
2023-12-28,10157.12667869367,10163.855044518177,9998.457499293603,10093.5234375,421406
2023-12-29,10087.471390046914,10190.039955842438,10030.83854400694,10167.822265625,243089
2024-01-01,10167.822979661303,10184.232174001338,10082.195857522685,10130.01953125,97677
2024-01-02,10155.093535272401,10155.093535272401,9781.606383471002,9878.99609375,337528
2024-01-03,9879.043873820809,9918.009210151564,9767.568750856308,9788.818359375,179575
2024-01-04,9835.722073435263,9840.126661466233,9681.796895317526,9695.15625,313755
2024-01-05,9777.636956700842,9777.636956700842,9675.988255665834,9696.3662109375,163191
2024-01-08,9756.339823106977,9758.275988977804,9608.271349056635,9617.419921875,176843
2024-01-09,9670.759934284253,9697.237567123046,9555.171410735322,9583.1484375,242925
2024-01-10,9583.005035265767,9590.555893298148,9419.44722959507,9464.1728515625,374333
2024-01-11,9525.838500885802,9627.535411858207,9408.942500589106,9603.8173828125,375210
2024-01-12,9661.419783317091,9661.419783317091,9481.452781823,9495.3935546875,376816
2024-01-15,9563.690630138406,9677.730602637846,9506.573741062773,9636.8291015625,273931
2024-01-16,9636.248508079707,9726.134622864265,9564.997042830462,9651.3984375,146779
2024-01-17,9641.137232659628,9725.456871869932,9511.414129017056,9540.1181640625,252817
2024-01-18,9539.488409092346,9616.015169347816,9458.169449648083,9576.517578125,278338
2024-01-19,9679.861418046858,9805.421965753489,9530.776643731504,9771.5390625,567616
2024-01-23,9680.828660614383,9763.115704229605,9501.733330393017,9517.22265625,580285
2024-01-24,9550.138401012211,9712.388726961206,9423.900004862713,9671.6328125,272419
2024-01-25,9665.920491316168,9727.491133197067,9565.821283107722,9651.1572265625,296269
2024-01-29,9680.92533890302,9971.253776034451,9670.664038417102,9946.1318359375,334463
2024-01-30,9961.331449923286,9990.615958911372,9624.680606927992,9645.5908203125,368827
2024-01-31,9642.105310676812,9861.03762819257,9587.070178100046,9842.8369140625,341574
2024-02-01,9845.35549845276,9906.634960806303,9584.069529117416,9605.609375,401503
2024-02-02,9680.82805051584,9841.433366031242,9673.37362383827,9776.232421875,334386
2024-02-05,9729.232302792243,9805.03299822189,9563.157884752112,9599.84765625,162473
2024-02-06,9661.466765533649,9753.434635546244,9603.67203077337,9728.0224609375,250870
2024-02-07,9791.191250786864,9959.25007780412,9758.566665311922,9900.1005859375,250184
2024-02-08,9961.572348932767,9966.412763096485,9632.908227216278,9678.5537109375,320905
2024-02-09,9753.240467381058,9753.240467381058,9537.551807226077,9628.3095703125,400823
2024-02-12,9633.391569347079,9697.72085799193,9590.699497679445,9645.8310546875,191687
2024-02-13,9678.699117403765,9685.379267632481,9516.835465958966,9537.9404296875,276453
2024-02-14,9489.197526129372,9511.269628857659,9394.22896453827,9475.40234375,417802
2024-02-15,9521.96682160331,9525.113090977866,9396.212476752125,9501.0556640625,415090
2024-02-16,9559.867110993224,9630.488949535998,9536.681335832764,9599.7041015625,250550
2024-02-19,9631.408264826923,9631.408264826923,9569.499176171488,9586.150390625,109778
2024-02-20,9586.150808316748,9680.82912811098,9540.45710575337,9660.451171875,320905
2024-02-21,9652.027879773801,9792.157870054612,9603.381717344711,9650.2373046875,322960
2024-02-22,9680.82900558799,9701.062316367052,9489.438827068823,9643.267578125,363840
2024-02-23,9643.268089605626,9707.935841714252,9578.26094122773,9681.701171875,304238
2024-02-26,9679.909047641726,9729.184844978834,9584.94049413837,9613.111328125,162530
2024-02-27,9613.112276576096,9827.010401645703,9566.063821562399,9633.490234375,214186
2024-02-28,9642.104959538436,9671.099229293635,9468.721703333005,9492.00390625,300668
2024-02-29,9472.690610532192,9617.90303685614,9395.873615164184,9576.6630859375,328848
2024-03-01,9584.021344762838,9858.811315970172,9576.664292392954,9812.0048828125,352952
2024-03-04,9832.81718187781,9841.529927239324,9648.107169292383,9659.91796875,221282
2024-03-05,9659.918655228033,9710.74300678201,9516.254776678079,9524.337890625,310715
2024-03-06,9583.924776383372,9597.816388560675,9227.766680864448,9333.3359375,534825
2024-03-07,9333.335105646183,9404.925022508138,9263.681354511971,9364.4111328125,585012
2024-03-11,9384.644383698507,9511.027424433563,9364.169996430126,9388.3720703125,319303
2024-03-12,9418.429773661555,9418.429773661555,9269.78084205273,9308.6005859375,235430
2024-03-13,9317.506743409254,9344.903297656354,9196.78662879264,9287.3505859375,415925
2024-03-14,9153.224289672262,9398.149275953287,9152.256206722535,9387.4521484375,347822
2024-03-15,9371.04225091673,9439.679705064806,9239.18917396874,9325.494140625,379648
2024-03-18,9317.797717278014,9365.039972729526,9264.553158893568,9304.5830078125,226448
2024-03-19,9285.221161692107,9300.807862975145,9134.007375265257,9151.529296875,316008
2024-03-20,9230.67004737042,9230.67004737042,9143.542590184963,9181.830078125,171219
2024-03-21,9220.989983082376,9332.029285133205,9201.53189418886,9294.322265625,215837
2024-03-22,9303.276382191365,9440.550344100686,9274.23389608671,9372.736328125,224511
2024-03-26,9323.70258963357,9380.529243416115,9264.553104189483,9294.2734375,397803
2024-03-27,9322.637628441187,9398.148088983078,9265.568956683734,9316.296875,267937
2024-03-28,9371.043013563882,9539.44123282951,9333.82003482903,9437.986328125,506387
2024-04-01,9437.985559780489,9677.972737786256,9437.985559780489,9636.6845703125,387442
2024-04-02,9574.437251574698,9762.34272815765,9530.777086653594,9717.7626953125,307109
2024-04-03,9874.4447978929,9949.665022343761,9663.548332989374,9682.66796875,481855
2024-04-04,9756.339244967068,9757.210897714687,9584.020492674537,9685.765625,346378
2024-04-05,9681.796874673812,9700.04485878897,9489.342187371622,9510.05859375,280079
2024-04-08,9538.472628101392,9583.052656705424,9488.180532212331,9548.927734375,215228
2024-04-09,9584.020928444832,9674.826917455845,9447.617666568462,9457.34765625,275924
2024-04-10,9496.893114999604,9543.361093543945,9395.292626999488,9504.4921875,186223
2024-04-12,9477.483723495356,9535.616914693544,9303.277010173093,9344.46875,440963
2024-04-15,9310.925710514828,9310.925710514828,9183.815658393372,9202.8388671875,220692
2024-04-16,9147.319295452342,9191.89932588506,9052.543597204438,9161.7431640625,547648
2024-04-18,9167.744524942715,9222.731441356827,9042.668032524794,9083.279296875,584270
2024-04-19,9027.372087517737,9099.978297336913,8954.765877698559,9065.0791015625,415558
2024-04-22,9201.628082651068,9283.915130207653,9154.288450075834,9259.955078125,277781
2024-04-23,9235.510925386343,9317.797972415467,9218.085433074293,9229.2666015625,317450
2024-04-24,9272.298256476664,9377.625489647358,9238.22154843493,9350.5673828125,317929
2024-04-25,9313.103156828767,9396.21269624532,9254.920806876395,9374.6728515625,398260
2024-04-26,9416.54295429246,9464.947102304654,9338.999887334328,9391.2763671875,265782
2024-04-29,9453.329734602416,9691.47813344647,9432.08012538296,9646.4140625,808505
2024-04-30,9836.012561159429,9855.08398348711,9595.00813262208,9653.5771484375,777837
2024-05-02,9653.576312651156,9724.391949254297,9629.035791265094,9664.806640625,318855
2024-05-03,9663.403716574323,9709.871696778247,9467.221334493492,9502.9921875,517348
2024-05-06,9559.818158953673,9612.09463293681,9435.081061690156,9464.849609375,238521
2024-05-07,9486.244298460339,9630.488649972798,9322.638289026743,9373.3662109375,214305
2024-05-08,9366.153459230325,9366.153459230325,9198.14286788794,9215.568359375,392065
2024-05-09,9220.021457268966,9254.872441357762,9107.772056937616,9144.607421875,328724
2024-05-10,9160.774954871595,9215.133189512568,9115.517077924002,9188.7529296875,205200
2024-05-13,9212.229370584066,9272.29873007512,9126.214631060708,9246.64453125,215387
2024-05-14,9230.718766087975,9389.920189788108,9225.781921402131,9352.310546875,171935
2024-05-15,9381.692052220666,9383.773808761347,9254.87318328651,9307.24609375,161067
2024-05-16,9323.21838633527,9415.28363329047,9221.473256201545,9399.212890625,368451
2024-05-17,9429.126857600102,9584.020111934396,9376.124322132588,9574.677734375,283850
2024-05-21,9512.382628053741,9536.342679961366,9450.473537177366,9476.951171875,346947
2024-05-22,9554.978673208896,9632.425308858004,9508.752712555834,9579.03515625,280237
2024-05-23,9589.007858380226,9874.301166710697,9540.458116999305,9845.9365234375,521622
2024-05-24,9840.561861591965,10038.050756797547,9799.466556819774,9904.5517578125,519418
2024-05-27,9949.906992277862,10023.481286474967,9852.808474672725,9899.130859375,389326
2024-05-28,9936.403008904948,10035.001875336118,9822.605051676474,9854.01953125,403774
2024-05-29,9853.0994435089,9853.0994435089,9643.07367135615,9703.482421875,317883
2024-05-30,9701.157453089354,9705.029784175309,9516.253643734992,9553.86328125,323424
2024-05-31,9614.998757469366,9758.275017649135,9438.90411088836,9599.025390625,791072
2024-06-03,9971.25463247054,10184.039081082807,9890.27411353583,10135.876953125,732632
2024-06-04,10140.669292842627,10163.41924304614,9230.623069631434,9601.7373046875,972018
2024-06-05,9671.100264737704,9748.59511427847,9429.127747077686,9717.712890625,361720
2024-06-06,9675.98766067592,9851.694690231967,9614.126791121156,9734.0244140625,483566
2024-06-07,9646.945446846288,10169.710177533392,9646.945446846288,10129.1962890625,545284
2024-06-10,10160.029584848748,10559.799589750517,10129.196524008741,10480.70703125,705256
2024-06-11,10555.928131031842,10638.263395753198,10480.707897740747,10584.5830078125,650137
2024-06-12,10524.512681528311,10745.671397222008,10524.512681528311,10692.28125,439143
2024-06-13,10890.93314866818,10938.369213049045,10645.1856708443,10817.1650390625,602322
2024-06-14,10813.485670125507,10911.26204010605,10791.509999872977,10883.9619140625,305318
2024-06-18,10890.932755730395,10909.664781912863,10698.91388836786,10764.162109375,322724
2024-06-19,10794.125095708554,10820.941183007091,10618.176016233663,10644.6044921875,659266
2024-06-20,10657.527718709349,10817.261389756508,10528.288657589374,10555.201171875,445369
2024-06-21,10535.16256700449,10611.592903996354,10272.860306018614,10322.087890625,586745
2024-06-24,10375.428508671543,10498.859078753709,10256.499902243873,10441.7421875,276148
2024-06-25,10457.182841246886,10656.607910456301,10455.682501892197,10500.0205078125,562075
2024-06-26,10559.557229388973,10901.580702708567,10555.007051028462,10787.443359375,793197
2024-06-27,10910.293537177877,11495.935436577387,10909.325454344054,11342.736328125,2339734
2024-06-28,11326.473770728322,11403.048751792152,11103.76553794272,11295.4951171875,684790
2024-07-01,11296.559362962313,11647.585844433874,11295.494849929426,11524.6884765625,520339
2024-07-02,11562.78212110365,11692.505229294198,11423.37818394366,11475.6064453125,422173
2024-07-03,11476.864938907776,11519.218566294563,11386.542992325047,11493.1767578125,206171
2024-07-04,11505.665272496737,11555.859992730515,11347.431933330574,11384.703125,227230
2024-07-05,11420.038613803066,11447.144936116005,11249.365780604232,11317.03515625,425987
2024-07-08,11320.761641832949,11340.897577446414,11161.996043298606,11213.2080078125,149210
2024-07-09,11213.25619621993,11386.301017381767,11117.900029034246,11307.0146484375,530901
2024-07-10,11315.920505122269,11365.098925134202,11103.910359633195,11262.91796875,202406
2024-07-11,11228.793275659977,11268.484673565146,11131.984988086393,11186.1494140625,366819
2024-07-12,11185.229092763886,11307.207530161171,11103.958349562174,11231.9873046875,366274
2024-07-15,11377.782380603747,11518.250837249243,11289.686832932735,11455.955078125,394470
2024-07-16,11527.011889427082,11527.011889427082,11260.644433231615,11286.5888671875,556056
2024-07-18,11278.166134307454,11310.93536333,11108.751621560346,11275.50390625,731274
2024-07-19,11273.325628514172,11273.325628514172,10870.264682031642,10898.9677734375,514154
2024-07-22,10929.559415907896,11200.719055684593,10872.829191224711,11148.15234375,573833
2024-07-23,11278.117224731277,11360.840095082975,10967.507268537402,11177.291015625,525157
2024-07-24,11171.676419444893,11191.764139176565,10993.210718925955,11087.8408203125,268139
2024-07-25,11053.570364735831,11110.493449211746,10930.623838520954,11076.3203125,254683
2024-07-26,11076.32009399489,11367.664821140066,11031.8847123577,11300.4794921875,333210
2024-07-29,11307.207993307877,11558.909541104113,11300.47962824002,11494.822265625,496437
2024-07-30,11547.603751921557,11547.603751921557,11339.692350248826,11497.4033203125,438108
2024-07-31,11509.576555678283,11603.112154182385,11442.771663317777,11576.0400390625,322531
2024-08-01,11576.040089914202,11717.341562721755,11494.530836216833,11670.79296875,250126
2024-08-02,11523.306216538123,11636.221283110737,11393.739142388118,11456.55078125,273420
2024-08-05,11393.739325362938,11393.739325362938,11054.069748324742,11118.390625,400844
2024-08-06,11150.235186134743,11272.79054390293,10977.040034420734,11028.84765625,368949
2024-08-07,11198.000739832882,11286.570211473661,11131.00184742563,11241.0439453125,230210
2024-08-08,11198.974956350485,11222.541685154265,10934.825220967,10963.3095703125,290349
2024-08-09,11149.30909830811,11149.30909830811,10937.064003053007,11004.5498046875,189230
2024-08-12,10994.47111909521,11081.920309452791,10917.733990944007,11006.984375,200411
2024-08-13,11066.535714251675,11066.535714251675,10940.571962775704,10976.1650390625,189972
2024-08-14,10906.826955490455,10906.826955490455,10676.12770850519,10714.59375,404673
2024-08-16,10751.016462033525,11028.556289178414,10663.567261084007,11000.0234375,435631
2024-08-19,11023.685887826254,11167.908818379236,10976.698887465156,11019.1572265625,244264
2024-08-20,11067.508690560297,11223.320515504392,10982.250597798682,11052.609375,421084
2024-08-21,10978.890245639781,11016.430965406937,10869.383561904044,10907.7041015625,456794
2024-08-22,10965.256977352048,11079.584282187272,10911.696663519511,11013.3642578125,305457
2024-08-23,11018.816750348695,11082.115299952997,10911.16071502935,11044.9150390625,258730
2024-08-26,11043.163336976999,11063.565138456495,10976.359395955751,11040.3388671875,234215
2024-08-27,11090.976670132066,11150.282922144104,10991.014223967071,11004.5498046875,184428
2024-08-28,10984.733828301867,11021.349227329572,10917.539977756403,10940.716796875,201101
2024-08-29,10936.042544430025,10962.043833110532,10824.442704385496,10928.251953125,406261
2024-08-30,10931.22161070878,11063.5161560931,10928.251638059348,11006.060546875,462185
2024-09-02,11028.555434359127,11164.890777477032,11028.555434359127,11125.8408203125,248673
2024-09-03,11135.189402837917,11202.918664994173,11063.613346070364,11160.80078125,181723
2024-09-04,11093.802029130284,11332.827299039714,11083.917336002467,11277.3193359375,198185
2024-09-05,11326.010337049207,11513.276482308225,11212.80330898312,11240.5087890625,406821
2024-09-06,11198.974685574856,11223.32028271741,11023.686386148467,11133.58203125,245248
2024-09-09,11101.59274929071,11216.942383451527,11012.000948156083,11193.47265625,154665
2024-09-10,11237.830868421026,11334.774848021692,11160.508869917883,11238.9501953125,237496
2024-09-11,11267.14288155323,11307.069662723818,11160.217204130526,11186.75390625,141341
2024-09-12,11206.618376113118,11427.8228433357,11142.735912156617,11403.720703125,455934
2024-09-13,11388.871252963016,11454.70137249465,11320.89853051172,11411.220703125,279660
2024-09-16,11369.394425416249,11489.126268259057,11300.25292612678,11337.8916015625,257856
2024-09-17,11298.84109292979,11411.853174248316,11272.012432803758,11340.8134765625,202725
2024-09-18,11377.185065510264,11455.382937516943,11233.88649266059,11326.44921875,185067
2024-09-19,11326.448100211539,11432.838354911468,11237.927132605892,11323.13671875,227247
2024-09-20,11354.787136222538,11533.873739122628,11276.491311075366,11489.466796875,608787
2024-09-23,11525.2065206379,11683.939825484877,11491.171183171638,11648.9306640625,279318
2024-09-24,11635.344082296215,11656.52475052494,11433.032182318382,11453.775390625,242038
2024-09-25,11501.834040736401,11545.266206117225,11374.263110304051,11506.9951171875,196686
2024-09-26,11525.206046188614,11763.792905615417,11459.764888831565,11749.185546875,277079
2024-09-27,11749.18470801293,11820.273848807372,11612.605913541416,11639.4345703125,404276
2024-09-30,11611.875848306961,11611.875848306961,11465.850768518456,11493.0693359375,405493
2024-10-01,11493.069514658646,11576.52641197659,11345.291739802737,11527.2998046875,324906
2024-10-03,11322.746868407863,11617.718491995174,11309.113334553049,11417.8896484375,304610
2024-10-04,11393.739867852231,11519.509607562723,11082.11621334687,11150.52734375,357277
2024-10-07,11191.135714350758,11228.14102240707,10899.134048469634,10936.3828125,374655
2024-10-08,10937.016135771153,11174.62916552168,10937.016135771153,11091.6591796875,447220
2024-10-09,11105.535408602156,11209.686056954435,11036.345415990323,11053.046875,286382
2024-10-10,11140.496705578718,11159.047860325001,11056.357941800454,11130.85546875,180542
2024-10-11,11092.584830344997,11168.104685233637,11062.834699752493,11122.3349609375,120279
2024-10-14,11101.543884508766,11130.758601312724,10945.780562549027,11004.501953125,144163
2024-10-15,11101.592776470874,11133.680465090572,10994.472144417208,11118.05078125,182286
2024-10-16,11044.137455941784,11113.278956635892,10938.964468970467,11025.9267578125,276811
2024-10-17,11053.874384612624,11066.485593514093,10647.838345177854,10728.9091796875,353330
2024-10-18,10728.909984751625,10848.349867838984,10615.654454099233,10779.548828125,330703
2024-10-21,10760.754352833826,10874.351293890635,10489.447388193117,10584.7841796875,566667
2024-10-22,10469.580617384609,10790.747545370237,10458.86855461917,10541.7900390625,793887
2024-10-23,10538.673997154097,10559.806166490089,10392.648909652538,10471.5771484375,351717
2024-10-24,10471.577134043784,10794.838175144929,10437.834705747142,10754.521484375,341400
2024-10-25,10774.095608628742,10824.052584202002,10663.371641656493,10707.388671875,519646
2024-10-28,10712.062571277196,10906.193979384894,10614.290274317591,10802.23828125,229113
2024-10-29,10784.12523106587,10845.427632146784,10631.283388796568,10821.2275390625,266761
2024-10-30,10824.051822455978,10936.041562409415,10723.164054515251,10911.79296875,239933
2024-10-31,10864.758597525191,10956.395999647175,10753.499213875972,10775.9951171875,423687
2024-11-01,10789.919977007452,10878.87840711882,10788.556243189705,10854.0458984375,19032
2024-11-04,10855.215179461124,10864.709962631461,10643.943890922208,10713.8642578125,276984
2024-11-05,10696.140801740803,10895.189827779715,10686.01265321442,10883.7958984375,274422
2024-11-06,10931.172993626844,11010.929549365595,10821.130895784541,10979.2802734375,282486
2024-11-07,10947.290116178963,10950.601497912528,10713.13396401921,10761.533203125,326254
2024-11-08,10740.401329047607,10847.765419360197,10673.792341576092,10754.2783203125,155894
2024-11-11,10726.670776013085,10819.13554997907,10610.834227319518,10683.287109375,107472
2024-11-12,10683.334822638964,10784.855961626257,10556.25080692825,10606.8896484375,166347
2024-11-13,10520.511170338632,10588.873795860201,10468.60654853517,10499.9638671875,216900
2024-11-14,10445.235362075895,10548.947609517727,10266.53867282166,10447.669921875,297442
2024-11-18,10353.792827893738,10485.015599953593,10303.446892474785,10352.625,424186
2024-11-19,10404.382591458274,10585.465327907033,10378.917668192067,10487.64453125,220357
2024-11-21,10278.710666633624,10717.75876601121,10278.710666633624,10668.09375,256924
2024-11-22,10711.089311090445,11111.233940779173,10645.502650386501,11077.5390625,328426
2024-11-25,11150.282908168461,11384.000628514352,11137.866654275087,11157.5380859375,465057
2024-11-26,11157.539083649248,11196.345586535172,10815.28847611358,10829.9443359375,243711
2024-11-27,10732.122834135924,10896.066651307454,10673.109488713239,10848.30078125,330284
2024-11-28,10881.508869449828,10897.090052724501,10670.772985259893,10709.9208984375,326140
2024-11-29,10629.287959325611,10938.963962171745,10629.287959325611,10908.921875,367574
2024-12-02,10913.35204974358,11471.645078874575,10913.35204974358,11343.6357421875,633694
2024-12-03,11369.150814637724,11622.58848992066,11320.65457360201,11542.1015625,501811
2024-12-04,11555.589492861744,11608.321487087867,11440.531817278023,11458.791015625,306770
2024-12-05,11437.562340686005,11687.786595887212,11415.99175970312,11620.4462890625,436371
2024-12-06,11626.482618448537,11643.378081371338,11508.649935909609,11538.3515625,193324
2024-12-09,11547.993471427619,11578.765925615508,11411.268218365225,11505.5341796875,268177
2024-12-10,11437.561951375737,11498.0360364658,11388.870755329013,11438.3408203125,232758
2024-12-11,11540.786336316027,11749.184638229084,11506.020635002526,11587.04296875,527029
2024-12-12,11631.352231850435,11631.352231850435,11482.260178668977,11546.5810546875,247809
2024-12-13,11491.122792674978,11801.285725680655,11422.955115091312,11767.591796875,408880
2024-12-16,11734.577667894337,11827.431393771045,11560.263194653417,11629.8916015625,214946
2024-12-17,11618.352105435442,11660.713443672592,11377.37919921748,11466.7275390625,244639
2024-12-18,11466.776188675596,11544.68209908698,11393.739397664924,11456.015625,222900
2024-12-19,11333.362477416971,11452.16899247496,11269.138601413104,11365.3037109375,162249
2024-12-20,11359.508795379003,11440.482629185206,11099.303822563099,11123.794921875,299802
2024-12-23,11218.450646079116,11279.266135137388,11077.246189162322,11172.291015625,149350
2024-12-24,11170.733611443624,11283.74568134373,11062.639161886458,11092.1943359375,108000
2024-12-26,11092.194692384752,11490.14821000117,11037.807007903913,11160.6552734375,144283
2024-12-27,11190.794234775825,11252.535049806482,11086.984988493881,11107.970703125,118410
2024-12-30,11120.533137250264,11206.424592434963,10945.488297329577,10992.8642578125,164726
2024-12-31,10974.995935244931,11164.891605819266,10901.033815916117,11127.2529296875,241737
2025-01-01,11112.304643905745,11219.328272081124,11009.079309381688,11147.3623046875,107951
2025-01-02,11198.975237245408,11519.509765414019,11155.201661226796,11488.8828125,267609
2025-01-03,11490.148969364474,11551.159421205319,11406.40010832834,11477.4892578125,237651
2025-01-06,11493.021405960744,11544.439118750703,11150.478842007851,11202.48046875,139820
2025-01-07,11213.53409586589,11330.587922899824,11184.514332840823,11314.421875,197212
2025-01-08,11314.421951861039,11325.523925180914,11072.378201689013,11105.0498046875,159583
2025-01-09,11105.049689978176,11133.193581963325,10890.273012354255,10965.0625,196555
2025-01-10,10909.992982698579,10991.79419311044,10553.865380026955,10580.7919921875,228618
2025-01-13,10419.91568654545,10546.512793017499,10316.10643963833,10337.287109375,225902
2025-01-14,10293.318482100274,10452.051775627458,10188.14550233993,10209.326171875,344404
2025-01-15,10264.103662741538,10364.797432015064,10192.771063757116,10246.234375,371459
2025-01-16,10312.79430534118,10524.6979892323,10273.8413523465,10357.78515625,375910
2025-01-17,10357.786714578982,10443.23976806747,10225.248701474347,10303.0576171875,297759
2025-01-20,10310.263763918803,10373.951277766602,10209.813446045047,10346.34375,332061
2025-01-21,10398.004875946865,10680.949224890534,10363.482627881995,10388.55859375,593842
2025-01-22,10419.916477936878,10515.156271993168,10329.107392743645,10413.830078125,249552
2025-01-23,10410.177072222818,11268.554304547282,10410.12857122975,11121.9453125,1510866
2025-01-24,10956.492306201331,11305.80311681144,10928.641324059518,10990.4296875,545939
2025-01-27,10965.257335666067,11062.639727634682,10858.13670450059,10945.2939453125,414994
2025-01-28,10921.435079276682,11112.888478331539,10776.335317634932,11000.6552734375,436707
2025-01-29,11000.655153216137,11271.963060404038,10966.084405014872,11242.650390625,377755
2025-01-30,11242.651055830134,11308.530626489059,11150.284234514509,11178.9150390625,274820
2025-01-31,11187.922685167176,11295.383775551938,11093.948675826648,11186.75390625,361656
2025-02-01,11242.69986548891,11478.462250062232,10515.59387390638,10964.4296875,513602
2025-02-03,10829.165201114374,10987.460085525228,10664.73541634645,10882.1416015625,450593
2025-02-04,10906.92474553248,11245.5720087304,10821.277693828433,11217.6240234375,314752
2025-02-05,11217.574398904777,11328.346866471333,11133.728542315896,11282.431640625,236897
2025-02-06,11274.15387601764,11315.394936431912,11031.184820925606,11176.9169921875,308664
2025-02-07,11200.046092151057,11425.876243354222,11174.678168813212,11335.89453125,310549
2025-02-10,11218.450867658983,11309.698353544689,11189.236151857787,11230.4287109375,262455
2025-02-11,11196.052637514631,11214.165380456243,10946.023367732785,11004.404296875,301338
2025-02-12,11004.20955141678,11295.382883794975,10784.709274300965,11178.037109375,347198
2025-02-13,11198.97467472797,11344.951255453292,11123.2113666937,11244.208984375,336128
2025-02-14,11285.645078081827,11285.645078081827,10889.298754259296,10969.005859375,279199
2025-02-17,10925.330696722433,11208.616459034925,10754.327594606633,11189.333984375,166053
2025-02-18,11150.283118402489,11160.605270845783,10956.492171628506,11012.876953125,268795
2025-02-19,10994.472208415673,11160.022277098637,10937.01659634335,10995.9814453125,157580
2025-02-20,10995.543149427676,11033.42528123454,10950.845201015403,10992.134765625,142187
2025-02-21,10970.126796232551,10994.472394981402,10702.325209995182,10865.197265625,320240
2025-02-24,10720.48666767265,10877.612770760812,10687.765614610986,10753.5966796875,175294
2025-02-25,10753.596541000592,10764.892517495316,10557.224577168667,10677.1513671875,296499
2025-02-27,10517.298353379021,10517.298353379021,9995.71864136512,10174.171875,1722295
2025-02-28,10215.41299921622,10215.41299921622,9784.83636928303,9863.3271484375,1230856
2025-03-03,10049.132448864993,10343.762684558764,10013.97778588448,10070.1181640625,835344
2025-03-04,9981.694525897115,10181.133461443847,9971.956287335264,10098.650390625,352922
2025-03-05,10115.986483166109,10231.77358356978,10025.761311189257,10190.2890625,310832
2025-03-06,10263.908165418989,10264.103120384047,10047.135362270772,10218.8203125,365920
2025-03-07,10226.123915481723,10331.88080174414,10173.245472350513,10305.3935546875,302339
2025-03-10,10311.821457659826,10366.939510964981,10202.753178950043,10244.724609375,165649
2025-03-11,10138.480685592385,10233.477017424826,10085.163826737695,10165.9912109375,180753
2025-03-12,10205.673738430449,10273.646451564684,10090.762526490105,10245.0166015625,299765
2025-03-13,10244.626926221275,10244.626926221275,10108.388588884227,10178.50390625,219474
2025-03-17,10270.434640697467,10300.47673018469,10174.512978334722,10271.0185546875,212061
2025-03-18,10271.0185546875,10271.0185546875,10271.0185546875,10271.0185546875,0
2025-03-19,10429.654353191525,10658.59998011511,10419.916113832804,10647.060546875,269175
2025-03-20,10645.015306508512,10945.780432018608,10532.87910611328,10661.5703125,549251
2025-03-21,10730.565936240235,10774.38801330084,10600.706894950616,10689.421875,656565
2025-03-24,10730.517030852627,10787.972640833479,10569.738134696101,10761.9228515625,294688
2025-03-25,10945.780230347056,11178.377679841984,10911.40443815101,11122.2373046875,754457
2025-03-26,11083.089415583581,11186.314745348265,11004.209682461513,11103.63671875,401569
2025-03-27,11102.07980773683,11325.5239005626,11052.901698856456,11295.9677734375,406112
2025-03-28,11282.23652772549,11392.765537772259,11158.707349319868,11208.2744140625,280960
2025-04-01,11052.901322532312,11262.90682806039,11040.38806575214,11080.8017578125,263144
2025-04-02,11062.6396433704,11062.6396433704,10885.50069332879,10956.4443359375,376468
2025-04-03,10896.114755058366,11345.096038432417,10863.004745077853,11302.783203125,361884
2025-04-04,11295.383985705525,11309.504432967593,11122.043322764272,11197.6611328125,222191
2025-04-07,10906.827962309202,11004.258855826096,10726.719037142335,10898.6474609375,484513
2025-04-08,11021.495273305703,11240.605647407781,10946.559335162816,10975.43359375,602120
2025-04-09,10993.351788129974,11123.99064750772,10887.351434748867,11098.7197265625,230611
2025-04-11,11532.363881598394,11532.363881598394,11154.22822520257,11201.556640625,351037
2025-04-15,11441.45690425271,11441.45690425271,11277.854490437538,11412.2421875,345260
2025-04-16,11361.603577326297,11517.415403191748,11361.603577326297,11421.0068359375,268150
2025-04-17,11361.603717485663,11609.92881802212,11296.357514599613,11589.478515625,290473
2025-04-21,11506.703039241873,11793.007261782252,11472.61920322516,11621.6142578125,230595
2025-04-22,11621.614363561177,11702.441746850567,11539.813156376735,11645.9599609375,334667
2025-04-23,11724.839653815172,11724.839653815172,11516.441341031414,11636.2216796875,267716
2025-04-24,11566.106273998426,11868.965502020108,11559.289506808227,11840.724609375,339743
2025-04-25,11830.987086742563,11981.929797948844,11549.551967138597,11916.68359375,412558
2025-04-28,11911.813560240218,12016.012714176262,11686.860246602588,11796.90234375,516745
2025-04-29,11881.625956075175,11902.076258925563,11491.122554027299,11558.31640625,516495
2025-04-30,11558.316032017088,11612.85017118576,11198.975007852096,11336.2841796875,630392
2025-05-02,11336.283669920698,11442.430471743683,11180.471850730997,11309.0166015625,189474
2025-05-05,11395.687756734684,11421.007179198801,11346.996559688305,11364.525390625,145699
2025-05-06,11392.765794956786,11421.98051192821,11241.823090604423,11386.9228515625,273048
2025-05-07,11346.023075959105,11393.740450495368,11250.58832688658,11352.83984375,217460
2025-05-08,11297.331181134334,11432.692704639003,11236.95409870779,11326.5458984375,388912
2025-05-09,11179.498732290565,11255.456998938533,11016.870135749405,11066.53515625,200270
2025-05-12,11286.61955518144,11458.98639394478,11262.273956486053,11428.7978515625,182795
2025-05-13,11393.739875104515,11440.483423310072,11263.247469697335,11355.7607421875,307678
2025-05-14,11370.36795188271,11433.66650591426,11319.72910865747,11366.47265625,179337
2025-05-15,11366.4722332426,11619.666439946086,11338.231340956443,11582.6611328125,371371
2025-05-16,11637.195120550714,11676.148074929126,11546.629501620906,11593.373046875,209706
2025-05-19,11592.400494593008,11677.123179659338,11569.028719402297,11616.74609375,128237
2025-05-20,11655.698464850764,11666.410527939857,11363.551289693673,11390.818359375,158934
2025-05-21,11390.81842441778,11598.24291996373,11329.467517284469,11360.6298828125,173017
2025-05-22,11360.630136651862,11393.740150765198,11215.530368919895,11374.263671875,175370
2025-05-23,11420.032502753598,11564.158435251895,11355.760127450303,11438.53515625,181463
2025-05-26,11491.122780365087,11572.923993377855,11340.18006587724,11383.0283203125,198003
2025-05-27,11370.368067868401,11415.163968101524,11077.247068516877,11122.04296875,478345
2025-05-28,11155.152794491207,11169.760153017385,10906.827699546182,10943.8330078125,201200
2025-05-29,10954.545006454377,11040.241509305119,10859.110264643325,10974.021484375,350206
2025-05-30,10970.12574178677,11013.947815322535,10877.612475433485,10916.5654296875,394181
2025-06-02,10887.350650053037,10925.329780227641,10730.565010101467,10901.9580078125,314936
2025-06-03,10984.734332521522,10996.420220109312,10712.063622139782,10746.1474609375,349615
2025-06-04,10751.015986132512,10765.623344809323,10634.157116718028,10744.19921875,345047
2025-06-05,10749.068670222747,10887.351669966507,10714.984832257735,10866.9013671875,191183
2025-06-06,10887.351284449147,11014.922216315232,10828.921850006664,10958.4404296875,143723
2025-06-09,10965.2568359375,11021.738620705206,10873.717391658804,10965.2568359375,209231
2025-06-10,11111.330779233605,11183.393748353963,11038.293986206216,11092.828125,279918
2025-06-11,11082.115786033997,11216.50348185761,11043.162830722806,11163.9169921875,237747
2025-06-12,11174.628646649795,11203.843362065872,10984.73299644529,11026.607421875,262530
2025-06-13,10820.157120414402,10955.518639605978,10729.591499660326,10930.19921875,181355
2025-06-16,10974.995096373425,11216.503417926273,10903.90595333569,11194.10546875,401104
2025-06-17,11198.97450213586,11207.738916963619,11062.639160370729,11085.037109375,121415
2025-06-18,11085.036622292406,11178.523709680623,11046.083669213982,11107.4345703125,156816
2025-06-19,11101.592857240586,11184.367891702468,11055.823132302841,11121.0693359375,157757
2025-06-20,11121.068910641037,11223.32041988949,11072.377715760822,11158.07421875,629895
2025-06-23,11102.56699667411,11189.237329338262,11024.661079672625,11149.310546875,304907
2025-06-24,11256.43074806425,11514.494088166077,11212.608671443184,11275.9072265625,735700
2025-06-25,11330.441233043952,11462.881285273774,11329.467409130497,11425.8759765625,253134
2025-06-26,11384.001873208832,11672.25375981874,11375.237457737585,11638.169921875,506580
2025-06-27,11666.409592365717,11925.446733565155,11605.05869050269,11893.310546875,501287
2025-06-30,11895.258661470607,11949.792798600558,11703.415357638458,11776.4521484375,333104
2025-07-01,11788.138140404253,11904.997006727965,11744.316065532863,11890.3896484375,207437
2025-07-02,11890.389438456146,12199.091604876343,11851.43648370281,12110.4736328125,445829
2025-07-03,12110.474058315858,12245.835580839652,12052.044624132925,12073.46875,275755
2025-07-04,12075.41626894091,12213.699261698135,12017.960659274175,12178.6416015625,191516
2025-07-07,12149.42639352977,12172.798166008506,11983.876338472053,12021.85546875,149939
2025-07-08,12021.855892489453,12167.929475630273,11982.902936985234,12119.23828125,219226
2025-07-09,12085.154549061654,12250.704611377567,12052.04453659847,12233.17578125,379924
2025-07-10,12190.327530604576,12335.427291114249,12155.269870347205,12188.3798828125,269323
2025-07-11,12188.3799894958,12306.21268194778,12126.055259603841,12167.9296875,240034
2025-07-14,12167.9295809957,12249.7307882629,12104.631027753227,12188.3798828125,278918
2025-07-15,12216.621500325573,12216.621500325573,12099.762625870486,12174.7470703125,154124
2025-07-16,12176.693336319562,12187.405398595594,12073.468008932336,12127.0283203125,156311
2025-07-17,12138.714970363146,12219.542354441777,12106.578781512606,12167.9296875,166142
2025-07-18,12192.274710828731,12229.280017459043,12115.342625992032,12170.8505859375,98339
2025-07-21,12231.228196807664,12381.1970775647,12050.096951217996,12247.783203125,512521
2025-07-22,12317.89897966002,12366.590176512182,11973.165305946712,12126.0556640625,533617
2025-07-23,12133.844934630617,12187.405245337253,12034.514903865584,12048.1484375,189617
2025-07-24,12048.14873307207,12074.441977154913,11909.865745673409,11981.9287109375,180080
2025-07-25,12000.059001116071,12098.058666294643,11949.099175223215,12004.958984375,290381
2025-07-28,12028.479066297743,12120.598752808415,11965.759279737285,11995.1591796875,214107
2025-07-29,11955.959132845102,12016.718925159561,11879.519394126914,11976.5390625,208446
2025-07-30,11960.859816793436,12133.339237338758,11956.939829962861,12022.599609375,185681
2025-07-31,11956.939650924947,12082.379227625086,11911.859803048335,12003.9794921875,150379
2025-08-01,11937.339971856813,12043.1796169566,11833.460320184797,11870.7001953125,212570
2025-08-04,11914.799664381833,12044.159226456055,11889.31975063994,12011.8193359375,207875
2025-08-05,12083.358916814472,12130.39875687993,12016.719143388407,12051.9990234375,267535
2025-08-06,12051.99921434085,12142.158909227774,11963.799512821037,11981.439453125,192086
2025-08-07,11959.879253811721,12062.778903242255,11882.45951757351,12027.4990234375,202031
2025-08-08,12039.258907789108,12068.658807441829,11892.259409525504,11913.8193359375,201770
2025-08-11,11917.73921671894,12176.458331365251,11917.73921671894,12156.8583984375,218605
2025-08-12,12198.018522289693,12279.358245704976,12149.018688906992,12199.978515625,334100
2025-08-13,12235.25819529738,12266.618088148763,12140.198520091626,12152.9384765625,207359
2025-08-14,12164.698822162713,12179.39877240298,11980.459445818025,12070.619140625,235741
2025-08-18,12375.397685627204,12645.876760796124,12304.837926887485,12509.6572265625,808480
2025-08-19,12531.217518117614,12622.357209146388,12376.378043036471,12605.697265625,351252
2025-08-20,12592.957618219134,12671.357354363689,12509.657898565543,12616.4775390625,290957
2025-08-21,12632.157551324543,12647.837498634177,12534.157880639325,12612.5576171875,155457
2025-08-22,12606.676811104933,12606.676811104933,12311.697821665988,12337.177734375,226948
2025-08-25,12394.997750327226,12476.337473072099,12304.83805764616,12353.837890625,199190
2025-08-26,12329.337909521213,12514.557277210546,12230.35824742268,12357.7578125,290322
2025-08-28,12318.55792190994,12394.997660804847,12222.518249965058,12270.5380859375,283677
2025-08-29,12270.538596624061,12474.377908827382,12270.538596624061,12387.158203125,177858
2025-09-01,12386.178119639795,12594.917413846873,12383.238129580539,12569.4375,214241
2025-09-02,12532.19722788197,12590.997027199528,12433.217565697418,12475.357421875,214101
2025-09-03,12445.957960798221,12514.557729086086,12403.818103135676,12478.2978515625,140022
2025-09-04,12739.957331065727,12835.017012689832,12381.278532360338,12397.9384765625,305040
2025-09-05,12426.358216237799,12483.198025113335,12279.358710525206,12348.9384765625,153774
2025-09-08,12348.937944635138,12488.097470715464,12348.937944635138,12410.677734375,126448
2025-09-09,12444.97813601468,12453.798106344953,12282.298683256318,12320.5185546875,240234
2025-09-10,12372.45794786324,12373.437944532378,12171.558630690015,12228.3984375,175576
2025-09-11,12228.39885706252,12266.618728470232,12112.75924613662,12144.119140625,132660
2025-09-12,12148.038506719888,12229.378228892987,12096.098684127426,12122.55859375,153086
2025-09-15,12122.559004479543,12231.338636613515,12077.479156928528,12186.2587890625,179530
2025-09-16,12247.018705154833,12346.978368108006,12197.038873678248,12326.3984375,189043
2025-09-17,12424.398227616983,12543.95782564264,12361.678438488769,12466.5380859375,264319
2025-09-18,12475.358134535136,12493.978072049367,12310.718687040877,12373.4384765625,190079
2025-09-19,12349.918518710525,12391.078380461506,12234.27890712444,12257.798828125,571670
2025-09-22,12296.018349725173,12451.837821918232,12291.118366322875,12396.9580078125,499548
2025-09-23,12396.957642812324,12443.997482089399,12113.73861049827,12152.9384765625,403638
2025-09-24,12178.418984490134,12198.998915179302,11955.959733707221,11969.6796875,166517
2025-09-25,11965.759419110605,12029.459203078026,11877.559718232642,11898.1396484375,272540
2025-09-26,11897.15933584041,11954.979138213936,11750.159838280602,11828.5595703125,181541
2025-09-29,11857.95945071786,11903.039296563564,11722.719913180747,11800.1396484375,214806
2025-09-30,11800.140130566295,12015.73940211555,11800.140130566295,11977.51953125,279155
2025-10-01,12028.478971973182,12028.478971973182,11829.539650536766,11853.0595703125,129528
2025-10-03,11853.059825686152,11896.179679537347,11742.32020102286,11778.580078125,258411
2025-10-06,11778.580469965134,11857.960203559207,11751.14056205607,11813.8603515625,106362
2025-10-07,11817.779714462871,11965.759210016722,11784.459828046773,11940.279296875,225472
2025-10-08,11906.960102889667,11938.319997810859,11701.160792469353,11751.140625,173973
2025-10-09,11751.139814241666,11966.739076949792,11733.499874565545,11948.119140625,171737
2025-10-10,11936.359205467286,12077.478723167393,11868.739436569318,12035.3388671875,198464
2025-10-13,11980.459355038716,12003.979275244927,11906.959604394306,11928.51953125,87745
2025-10-14,11928.51922865317,12005.938964034667,11785.439717694957,11828.5595703125,129196
2025-10-15,11843.260005739912,12078.459211480715,11843.260005739912,12064.7392578125,142328
2025-10-16,12059.839001368042,12156.858671539943,12022.599127968724,12110.798828125,129372
2025-10-17,12053.958828061845,12142.15852680376,12013.778965301637,12122.55859375,182242
2025-10-20,12171.558817127005,12198.998724283168,11931.45962951057,12099.0390625,393365
2025-10-21,12123.539044617717,12168.618892330305,12025.53937567731,12095.119140625,14465
2025-10-23,12142.158754728025,12166.65867150512,11869.719680166734,11902.0595703125,370812
2025-10-24,11905.979821996534,11930.47973931894,11638.440724835857,11679.6005859375,318840
2025-10-27,11683.520464653559,11807.980043500313,11681.560471285893,11774.66015625,408073
2025-10-28,11784.460511630024,11807.000436101333,11628.64103376315,11692.3408203125,513095
2025-10-29,11701.160663128177,11818.760267782733,11660.980798204539,11758.98046875,394272
2025-10-30,11799.16043334647,11842.280288750726,11710.960729110491,11811.900390625,159943
2025-10-31,11811.900157417263,11859.91999544211,11678.620606980961,11708.0205078125,175191
2025-11-03,11688.420038000131,11744.279847018828,11647.260178723196,11710.9599609375,98394
2025-11-04,11720.76059007213,11720.76059007213,11549.261166722412,11582.5810546875,199364
2025-11-06,11563.961104770151,11745.260494972057,11562.001111362564,11671.7607421875,189652
2025-11-07,11633.540395352456,11711.940128452296,11597.280518793781,11611.98046875,148161
2025-11-10,11613.940962017316,11652.16083354872,11466.941456127297,11493.4013671875,197085
2025-11-11,11514.9611852537,11611.980858218816,11485.561284355179,11588.4609375,125847
2025-11-12,11623.740240191286,11709.9799452024,11594.340340755678,11682.5400390625,184542
2025-11-13,11682.540316712622,11775.640000471343,11668.820363316601,11695.2802734375,174415
2025-11-14,11702.140245691742,11702.140245691742,11550.24076172204,11636.48046875,161315
2025-11-17,11573.761262224858,11617.861114621142,11510.061475430224,11542.4013671875,194379
2025-11-18,11650.200690559066,11650.200690559066,11454.201351888827,11472.8212890625,318116
2025-11-19,11472.821466611707,11518.88131191202,11405.201693724017,11432.6416015625,271396
2025-11-20,11485.56147566047,11537.501301446306,11427.741669596991,11517.9013671875,185397
2025-11-21,11522.800762599647,11552.200662487212,11457.140986184084,11494.380859375,192051
2025-11-24,11503.200734849792,11503.200734849792,11329.741326938018,11352.28125,407297
2025-11-25,11367.961261334198,11414.02110437581,11307.201468385687,11348.361328125,200149
2025-11-26,11357.181810209202,11537.501203865126,11353.261823390594,11523.78125,187481
2025-11-27,11540.440561246449,11551.22052440658,11366.981154033421,11384.62109375,275290
2025-11-28,11387.56184839709,11407.16178273168,11325.82205524313,11367.9619140625,159990
2025-12-01,11387.561817695829,11780.540500044885,11324.842027994235,11428.7216796875,228729
2025-12-02,11467.921483069122,11478.701446862811,11358.161851715187,11432.6416015625,190930
2025-12-03,11465.961240469438,11467.921233843877,11289.561836769908,11359.1416015625,206293
2025-12-04,11348.36185005761,11398.34168203973,11293.482034547833,11375.8017578125,159687
2025-12-05,11397.361374776343,11431.661258535343,11329.741603937171,11365.021484375,226572
2025-12-08,11377.761879535854,11399.321807300694,11260.162273545819,11309.162109375,148186
2025-12-09,11269.961351602198,11294.461267583943,11151.381758250558,11185.681640625,274482
2025-12-10,11196.461708343228,11268.981460327246,11071.022137343847,11090.6220703125,272923
2025-12-11,11113.161927546418,11254.28144408669,11040.642175991,11242.521484375,196507
2025-12-12,11261.14174884242,11503.200926630609,11251.341782130348,11488.5009765625,389481
2025-12-15,11424.801597772159,11567.881116838442,11424.801597772159,11493.4013671875,178073
2025-12-16,11465.96079077843,11465.96079077843,11279.761427509378,11297.4013671875,179690
2025-12-17,11274.862224294573,11359.141941920765,11265.062257128737,11309.162109375,205337
2025-12-18,11314.061910364497,11333.661844379852,11183.722349162377,11231.7421875,103462
2025-12-19,11272.90196904426,11298.381883083654,11213.122170721066,11266.0419921875,152956
2025-12-22,11266.0414099083,11317.001235353257,11202.341628102102,11301.3212890625,170807
2025-12-23,11318.961790633297,11514.96112899924,11299.361856796702,11444.4013671875,161830
2025-12-24,11480.660827906511,11554.160577124863,11437.540975031745,11528.6806640625,182050
2025-12-26,11530.64114714712,11617.860853257616,11508.101223096093,11558.0810546875,193121
2025-12-29,11542.400539108186,11583.560398391814,11496.34069657651,11562.98046875,197600
2025-12-30,11573.760981217962,11574.740977914085,11417.941506534335,11470.861328125,236323
2025-12-31,11447.34158870078,11558.081217116429,11446.361591989138,11548.28125,172267
2026-01-01,11556.120792107806,11676.660383138103,11548.280818707462,11662.9404296875,71887
2026-01-02,11664.900455461067,11730.56023287146,11584.54072788417,11660.98046875,206244
2026-01-05,11692.340246348738,11871.679636599498,11622.760482918115,11845.2197265625,302803
2026-01-06,11857.960224682993,11980.459813780959,11824.640336448347,11959.8798828125,225766
2026-01-07,11985.359143202662,12004.959076388603,11836.399650989515,11940.279296875,246825
2026-01-08,11921.659350003109,11944.19927314738,11793.2797877466,11822.6796875,229175
2026-01-09,11816.800304790253,11823.660281746093,11614.92098294693,11698.220703125,263833
2026-01-12,11632.56075384361,11881.479914035377,11550.241031575468,11856.0,275484
2026-01-13,11808.960058236986,11954.979564351284,11697.240436109267,11803.080078125,290750
2026-01-14,11832.479975010201,12076.499149581803,11703.120412586699,12009.859375,408660
2026-01-15,12009.859375,12009.859375,12009.859375,12009.859375,0
2026-01-16,11563.960378292131,12156.858346840161,11563.960378292131,12130.3984375,454481
2026-01-19,12102.959356829919,12147.059208737395,11988.299741870476,12051.01953125,257602
2026-01-20,11980.459726575456,12150.979153358618,11755.060484275878,11817.7802734375,298026
2026-01-21,11817.780408452394,12034.35968287548,11744.280654688904,11986.33984375,209393
2026-01-22,12047.09894803904,12151.958590717002,11921.659375489704,12116.6787109375,286236
2026-01-23,12127.459081723335,12302.87848985493,12037.299385923858,12121.5791015625,356421
2026-01-27,12293.077885455557,12568.456942041415,12249.958033178767,12337.177734375,926373
2026-01-28,12387.15761337824,12534.157110372444,12309.737878294625,12511.6171875,456847
2026-01-29,12502.798029182148,12502.798029182148,12302.878700294144,12462.6181640625,285262
2026-01-30,12395.978273446117,12470.45802273712,12285.238646210808,12440.078125,296876
2026-02-02,12132.359298651276,12347.95857536398,11947.139920020816,12284.2587890625,259656
2026-02-03,12543.957505957109,12692.917001340349,12323.458252922706,12338.158203125,296810
2026-02-04,12347.958568005231,12582.177782112632,12333.258617329035,12549.837890625,159977
2026-02-05,12506.718083004678,12577.277846519513,12477.318181540162,12517.498046875,172331
2026-02-06,12470.457568121414,12519.457401394975,12369.517911577877,12467.517578125,124704
2026-02-09,12552.777856654875,12809.536994639384,12467.518142896659,12786.9970703125,235298
2026-02-10,12798.756948343796,12847.756783521221,12708.597251617331,12762.4970703125,167157
2026-02-11,12825.216758547425,12825.216758547425,12648.817353294997,12709.5771484375,92473
2026-02-12,12709.577151360667,12809.536814360034,12641.957379331683,12768.376953125,179716
2026-02-13,12751.717104089523,12764.457061233174,12615.497562322813,12703.697265625,178236
2026-02-16,12639.017192871432,12737.016860956037,12603.737312360974,12721.3369140625,81768
2026-02-17,12695.85743902351,12747.797264902958,12581.197823402841,12724.27734375,136174
2026-02-18,12726.237209664947,12833.056850497649,12726.237209664947,12790.9169921875,161603
2026-02-19,12778.177087002114,12797.777021179585,12384.21841003495,12434.1982421875,195303
2026-02-20,12396.958079719812,12581.197456714857,12326.398318317455,12510.6376953125,120589
2026-02-23,12573.35701261584,12736.036456426767,12503.777250503934,12716.4365234375,134369
2026-02-24,12712.516795970776,12749.756669409482,12641.957035771124,12700.7568359375,332450
2026-02-25,12701.73698425878,12799.736652372805,12608.637299550455,12780.13671875,201537
2026-02-26,12827.176289270841,12827.176289270841,12573.357154201613,12678.216796875,209041
2026-02-27,12637.05724595971,12639.017239328607,12387.158091425415,12423.41796875,272915
2026-03-02,12127.458574672675,12369.517747839878,12078.458742047735,12270.5380859375,237506
2026-03-04,11931.459107544319,12249.958015959259,11650.200071497893,11864.8193359375,394665
2026-03-05,11864.819819450378,12083.359079360962,11789.360074996948,12042.19921875,284992
2026-03-06,11916.760135980647,11963.799978622676,11709.000830978352,11747.220703125,296585
2026-03-09,11530.641059638117,11571.800920636315,11102.38250591877,11150.40234375,590742
2026-03-10,11373.841020585744,11523.7805067265,11300.34127247753,11420.880859375,460885
2026-03-11,11416.961051156812,11429.701007694584,11201.361786671447,11232.7216796875,231139
2026-03-12,11172.94256942409,11176.862556291708,10837.783692242876,10867.18359375,535730
2026-03-13,10779.963248280896,10779.963248280896,10361.50467491581,10403.64453125,723904
2026-03-16,10456.564813165882,10927.943226955273,10438.924872525115,10876.9833984375,728077
2026-03-17,10868.163639932023,10936.763410427537,10771.14396451694,10893.6435546875,332933
2026-03-18,10901.48287147406,11061.222327429676,10893.642898175625,11022.0224609375,211865
2026-03-19,10858.363698822128,10909.32352845559,10562.404688258564,10597.6845703125,283817
2026-03-20,10701.564225552176,10754.484048645567,10635.904445047414,10715.2841796875,365914
2026-03-23,10659.423875530032,10659.423875530032,10118.465708821142,10154.7255859375,644386
2026-03-24,10436.964945543305,10649.624231288177,10262.525531429997,10548.6845703125,369647
2026-03-25,10584.94415010822,11011.242706287932,10584.94415010822,10979.8828125,456437
2026-03-27,10950.482984355202,10950.482984355202,10750.563660137512,10827.9833984375,418469
2026-03-30,10765.263659151058,10770.163642609934,10473.224645002036,10530.064453125,632265
2026-04-01,10585.924279308907,10889.723254182612,10430.10480509949,10499.6845703125,431636
2026-04-02,10426.184389528895,10449.704309196975,10157.66530665166,10407.564453125,333524
2026-04-06,10398.744434262324,10756.44321086262,10329.164672238703,10735.86328125,374420
2026-04-07,10703.524186531296,10734.88408160262,10549.664701337613,10717.244140625,263658
2026-04-08,11171.962043086918,11540.440791174697,11121.98221289416,11370.9013671875,612764
2026-04-09,11196.462029564389,11330.721574251507,11162.162145885199,11219.001953125,330553
2026-04-10,11269.961935213349,11410.101461886,11246.442014652903,11357.181640625,420339
2026-04-13,11138.642325791167,11291.521808707183,11056.322604221006,11271.921875,220442
2026-04-15,11603.160558973272,11710.960192544813,11476.740988693917,11549.2607421875,274811
2026-04-16,11603.160382842889,11621.780319268059,11475.760817828566,11589.4404296875,308549
2026-04-17,11583.56045518362,11691.360087169254,11502.220732867187,11648.240234375,165109
2026-04-20,11730.559939811561,11820.719631913706,11579.640455205797,11678.6201171875,335624
2026-04-21,11563.960487789684,11823.659600439198,11563.960487789684,11798.1796875,320111
2026-04-22,11772.700205644376,11977.519513309378,11760.940245395666,11949.099609375,312307
2026-04-23,11862.859348834194,11968.698986147212,11697.239916372155,11923.619140625,227223
2026-04-24,11958.899316552759,12001.039173195533,11714.880146691115,11758.0,349586
2026-04-27,11904.999303314946,11995.158995108244,11631.580237985274,11769.759765625,567601
2026-04-28,12036.319562785606,12036.319562785606,11554.161182644708,11580.62109375,509322
2026-04-29,11632.560658618904,11818.76002889166,11580.620834279664,11596.30078125,361932
2026-04-30,11541.420571483768,11541.420571483768,11254.28155242588,11354.2412109375,719688
2026-05-01,11354.2412109375,11354.2412109375,11354.2412109375,11354.2412109375,0
2026-05-04,11436.561074773559,11562.0006478302,11358.161341613157,11522.80078125,461238
2026-05-05,11437.541166888923,11747.220115456905,11391.4813232728,11723.7001953125,350047
2026-05-06,11781.51984651503,11898.13944905498,11703.120113715062,11851.099609375,355092
2026-05-07,12024.559631096401,12029.459614646155,11877.56012460378,11903.0400390625,227651
2026-05-08,11848.159491860617,11867.759424849635,11639.42020552759,11710.9599609375,258727
2026-05-11,11564.940840689786,11698.220389400387,11537.500933602309,11628.640625,198930
2026-05-12,11628.640434538089,11628.640434538089,11272.901644909121,11285.6416015625,343980
2026-05-13,11269.962193116522,11418.921693408149,11202.342419957822,11341.501953125,453482
2026-05-14,11367.961399888813,11533.580837525124,11318.961566268601,11458.12109375,220410
2026-05-15,11451.261019165007,11495.360869046259,11233.701759750833,11257.2216796875,284388
2026-05-18,11218.021593426309,11366.98108344123,11027.902244328317,11329.7412109375,233668
2026-05-19,11309.161972271399,11324.841919546645,11120.02260826374,11140.6025390625,347784
2026-05-20,11073.96258744467,11201.362157034742,10986.74288210993,11180.7822265625,168245
2026-05-21,11254.281411710715,11286.621300824827,11145.501784690523,11244.4814453125,244967
2026-05-22,11300.342155963675,11416.961765412958,11280.74222160245,11337.58203125,340427
2026-05-25,11456.161524736695,11560.041175859202,11381.681774875276,11491.44140625,229618
2026-05-26,11456.160751614525,11513.98055352601,11348.361120932095,11390.5009765625,210716
2026-05-27,11407.161801426555,11514.961440443472,11368.941929411465,11455.181640625,243628
2026-05-28,11455.181640625,11455.181640625,11455.181640625,11455.181640625,0
2026-05-29,11367.961877830518,11543.381289566005,11111.202738865724,11252.322265625,1776975
2026-06-01,11276.821341750969,11338.561130099826,10986.74233617538,11007.322265625,497866
2026-06-02,10919.1231619808,10976.942966913206,10852.483386804468,10941.6630859375,413041
2026-06-03,10956.363098622873,11014.18290388394,10799.563626728448,10878.943359375,412934
2026-06-04,10838.763228039466,10926.96292881013,10741.743557191734,10777.0234375,541327
2026-06-05,10877.963006251719,10898.542936263546,10629.043852775329,10693.7236328125,424664
2026-06-08,10542.804574962367,10677.06412383482,10534.96460130558,10579.064453125,285585
2026-06-09,10594.744469278423,10763.303903994534,10556.524597453257,10692.744140625,257371
2026-06-10,10705.483360151504,10737.82324946723,10597.68372909908,10648.6435546875,470400
2026-06-11,10582.004363421918,10719.203901380713,10491.844667048996,10613.3642578125,236130
2026-06-12,10730.96360198626,10930.882923886278,10626.103957656349,10894.623046875,192524
2026-06-15,11017.122351715125,11333.66127002183,11017.122351715125,11236.6416015625,404414
2026-06-16,11255.262269314864,11280.742183899294,11140.602653684926,11163.142578125,234423
2026-06-17,11152.361929707422,11191.561795892685,11087.682150501736,11145.501953125,177587
2026-06-18,11162.162436604603,11230.762205749672,11010.262947783382,11201.3623046875,321556
2026-06-19,11084.742257174688,11246.441706598598,11073.962293879762,11139.6220703125,403613
2026-06-22,11143.541978655061,11189.601821500615,11088.662165902912,11173.921875,226862
2026-06-23,11130.802095424848,11194.501878503084,11040.642402452573,11080.822265625,324599
2026-06-24,11080.822710332595,11249.382143089048,11049.462815866278,11201.3623046875,233046
2026-06-25,11257.221647302584,11440.481022948581,11221.941767499076,11259.181640625,402451
2026-06-26,11259.181640625,11259.181640625,11259.181640625,11259.181640625,0
2026-06-29,11227.821783890922,11308.181510370721,11086.70226421908,11109.2421875,230886
2026-06-30,11090.622129584888,11149.421928805097,10994.582457525215,11027.90234375,331714
2026-07-01,11073.962317099118,11255.261700166671,11072.002323768658,11226.841796875,119013
2026-07-02,11300.342203888913,11336.602082610958,11214.10249233378,11305.2421875,137631
2026-07-03,11345.421462566243,11509.080906657853,11345.421462566243,11488.5009765625,157877
2026-07-06,11488.501004701167,11515.940911562178,11395.401320708452,11427.7412109375,158010
2026-07-07,11421.861425454304,11514.961111032868,11375.801581010173,11415.9814453125,152287
2026-07-08,11324.841670428521,11367.96152448692,11062.202559345547,11125.90234375,213785
2026-07-09,11130.802000682,11377.761157590952,11130.802000682,11293.4814453125,161622
2026-07-10,11352.281631585689,11490.461164566834,11352.281631585689,11476.7412109375,135130
2026-07-13,11367.961896929824,11406.181768824674,11304.262110438407,11339.5419921875,121301
2026-07-14,11232.722104597522,11312.101836797174,11127.862458358477,11266.0419921875,404659
2026-07-15,11273.881727798002,11617.860560070003,11273.881727798002,11575.720703125,379635
2026-07-16,11622.7607208659,11638.440667875499,11471.8412308985,11535.541015625,260149
2026-07-17,11534.56075506177,11565.920648363552,11429.701111833936,11492.4208984375,247044
2026-07-20,11532.6008398618,11760.94006451236,11418.921225872678,11664.900390625,456048
2026-07-21,11828.560157348169,11883.439972494109,11687.44063268718,11852.080078125,830840
2026-07-22,11839.33996289506,11928.519661316004,11618.840708557555,11655.1005859375,283753
2026-07-23,11557.101160000106,11728.60058364125,11524.761268684919,11669.80078125,415137
2026-07-24,11514.961331554428,11660.980841205628,11456.16152901032,11609.041015625,229015
2026-07-27,11666.860741168279,11759.960427889066,11516.921245712692,11643.3408203125,250956
2026-07-28,11656.080051987496,11807.979531393756,11585.520293811685,11716.83984375,406573
2026-07-29,11808.959826637774,11848.159693282214,11740.360060010002,11758.0,282068
2026-07-30,11800.0,11861.0,11730.0,11847.0,291418
2026-07-31,11850.0,12009.0,11799.0,11903.0,390471
2026-08-03,11940.0,12054.0,11905.0,12054.0,159579
2026-08-04,11920.0,12050.0,11905.0,12050.0,126569
2026-08-05,12049.0,12239.0,11970.0,12190.0,215254
2026-08-06,12190.0,12204.0,12011.0,12075.0,208304
2026-08-07,12051.0,12105.0,11970.0,12105.0,171352
2026-08-10,12040.0,12124.0,11921.0,12038.0,138801
2026-08-11,12036.0,12061.0,11720.0,11780.0,184916
2026-08-12,11790.0,11891.0,11650.0,11891.0,328113
2026-08-13,11875.0,11905.0,11570.0,11706.0,309798
2026-08-14,11657.0,11698.0,11587.0,11619.0,198920
2026-08-17,11610.0,11709.0,11541.0,11681.0,194270
2026-08-18,11626.0,11674.0,11499.0,11499.0,210406
2026-08-19,11499.0,11499.0,11396.0,11450.0,251888
2026-08-20,11500.0,11643.0,11422.0,11575.0,209955
2026-08-21,11549.0,11620.0,11526.0,11570.0,133753
2026-08-24,11566.0,11606.0,11484.0,11504.0,297744
2026-08-25,11505.0,11554.0,11445.0,11540.0,225470
2026-08-26,11580.0,11820.0,11580.0,11717.0,207929
2026-08-27,11674.0,11815.0,11674.0,11717.0,319993
2026-08-28,11705.0,11746.0,11523.0,11589.0,235738
2026-08-31,11550.0,11560.0,11415.0,11450.0,381057
2026-09-01,11450.0,11550.0,11390.0,11400.0,168152
2026-09-02,11350.0,11398.0,11180.0,11393.0,228820
2026-09-03,11450.0,11450.0,11275.0,11275.0,247711
2026-09-04,11357.0,11434.0,11292.0,11408.0,280870
2026-09-07,11370.0,11370.0,11175.0,11175.0,214788
2026-09-08,11175.0,11215.0,10995.0,11009.0,338272
2026-09-09,10975.0,10998.0,10860.0,10900.0,325637
2026-09-10,10896.0,10979.0,10858.0,10979.0,270894
2026-09-11,10859.0,11060.0,10790.0,11000.0,223277
2026-09-14,11000.0,11000.0,11000.0,11000.0,0
2026-09-15,11045.0,11045.0,10697.0,10697.0,335172
2026-09-16,10777.0,10880.0,10639.0,10700.0,236781
2026-09-17,10740.0,10841.0,10703.0,10764.0,180788
2026-09-18,10890.0,11060.0,10819.0,11014.0,458848
2026-09-21,11014.0,11146.0,10983.0,11100.0,152231
2026-09-22,11100.0,11142.0,11000.0,11000.0,320797
2026-09-23,11050.0,11198.0,11044.0,11155.0,218031
2026-09-24,11098.0,11192.0,11056.0,11056.0,304695
2026-09-25,11100.0,11184.0,11027.0,11155.0,191155
2026-09-28,11155.0,11155.0,10978.0,11025.0,331811
2026-09-29,11010.0,11027.0,10826.0,10829.0,514924
2026-09-30,10829.0,10971.0,10800.0,10956.0,257558
2026-10-01,10810.0,10879.0,10612.0,10710.0,570684
