Date,Open,High,Low,Close,Volume
2019-10-03,548.709360126917,556.6144949762031,532.2015785298784,552.8014526367188,1610688
2019-10-04,556.9864932892004,562.6130776069168,539.7346545416077,541.7807006835938,3019366
2019-10-07,542.1992233550628,551.1738987284111,536.154120521773,540.3856811523438,1808468
2019-10-09,540.3392119235643,543.6872462971436,533.5965969727108,540.990234375,1743937
2019-10-10,537.5491997537463,547.5933602995258,534.480158581934,542.6177978515625,1789997
2019-10-11,543.3152687455042,551.6854113619626,540.3392066846976,548.56982421875,1710191
2019-10-14,542.1992305398622,548.383858533646,528.3419719252313,545.5938110351562,3373152
2019-10-15,544.0592279696153,549.6393226154576,540.1531503647942,542.2921752929688,2213363
2019-10-16,545.7332109303105,550.569304007431,539.4091154126858,547.5467529296875,1733497
2019-10-17,544.0592667388358,552.1504159046074,539.7346703746776,550.5228881835938,2290127
2019-10-18,549.639341325712,561.264538900283,547.3143018107979,557.0794677734375,2426210
2019-10-22,557.0795141887825,561.6366147231716,551.4529294466204,555.219482421875,2264692
2019-10-23,556.4284917176319,558.8465670728104,549.7323660040321,555.219482421875,1544878
2019-10-24,558.0095084949356,564.0546115036307,553.452408136762,555.8704833984375,2250928
2019-10-25,559.3580079388278,559.8230158335706,548.6163369230013,552.9873657226562,2174674
2019-10-27,553.3593296760704,556.5678951252419,550.5692826356868,554.38232421875,109875
2019-10-29,554.2894131247845,558.0094763001185,550.1043420525335,553.2664184570312,1791840
2019-10-30,557.8235132871215,557.8235132871215,539.5021891044368,543.268798828125,2393149
2019-10-31,544.9892701128718,557.0794757638399,537.6421224348961,554.7079467773438,2419308
2019-11-01,557.5909524417168,558.7534721727535,544.9892499100106,547.3607788085938,1393105
2019-11-04,548.7093588540571,558.8930439007762,546.1053257918892,552.6619262695312,1912912
2019-11-05,554.7080024078307,574.5173299929356,548.7093884189915,563.26416015625,5995240
2019-11-06,568.2396753887444,571.9597387300784,561.5900394606455,564.1475830078125,2513814
2019-11-07,569.1697370015563,569.1697370015563,518.1118408297737,537.2702026367188,4504826
2019-11-08,524.1569025148536,534.2940978336993,513.8802388787916,516.9492797851562,8050823
2019-11-11,516.1587678115128,521.7388625986644,503.37105059095734,510.43914794921875,3188430
2019-11-13,512.4386750578639,514.9962183544321,500.81347825528076,503.4175109863281,2509847
2019-11-14,503.6500719031885,506.1146366096289,493.93139492396836,498.0699768066406,2412598
2019-11-15,501.2784958971322,503.8360392435461,482.0736476995064,493.1873474121094,4164016
2019-11-18,493.04789918787327,512.8572243796576,490.58333461184753,510.57867431640625,5257399
2019-11-19,512.4387606735402,517.786352096177,500.4415328633758,512.6712646484375,4602774
2019-11-20,514.2057258854732,517.5537598474878,508.1606235691952,514.1591796875,1835821
2019-11-21,514.4847010397049,520.6227820072983,504.06851375694134,506.67254638671875,2177445
2019-11-22,503.1385709696433,504.53359473388446,493.3734046199552,496.1634521484375,2553689
2019-11-25,496.62841965015923,509.4161364482673,496.62841965015923,506.3935852050781,2853307
2019-11-26,505.5565160502843,513.2756918358813,500.85994807866535,503.7895202636719,4319616
2019-11-27,506.11454014272226,516.0657191875749,506.11454014272226,513.2291259765625,3722294
2019-11-28,515.9726740740455,542.0131124156997,515.2751623327512,539.3161010742188,7529348
2019-11-29,536.851655237237,542.0132319080066,531.4110851611729,533.131591796875,1835816
2019-12-02,542.1528280944233,542.1528280944233,526.4355352921464,530.3416137695312,2224559
2019-12-03,530.2950043264544,533.3175555841966,523.0408926606048,529.6439819335938,2108231
2019-12-04,529.086114899219,534.5731751351686,523.0875004621998,530.3416137695312,2149586
2019-12-05,531.9225746296747,534.5730970860933,525.4589531453315,528.760498046875,1408785
2019-12-06,530.9460493951149,530.9460493951149,519.0883478006272,522.389892578125,2316037
2019-12-09,525.4588857192894,534.2940351251889,521.1808360808421,524.1103515625,1815303
2019-12-10,525.7378546174588,532.619993381967,514.8566597659643,518.7162475585938,2347290
2019-12-11,518.0188474129764,524.296454630279,513.0897745802716,521.785400390625,1706296
2019-12-12,523.1804208322785,540.3392251346398,521.831886456404,530.0625610351562,3672353
2019-12-13,533.3176300958195,537.6421699798212,524.063960522677,525.458984375,1888212
2019-12-16,531.9689971297128,533.2710418561218,522.7618187046979,524.2498779296875,1875145
2019-12-17,524.5753367402697,528.4349245456084,517.0887218149245,524.621826171875,1794161
2019-12-18,525.9239480934395,531.78303642769,520.2043280744921,526.6214599609375,1833572
2019-12-19,526.0169777248976,532.8991181870558,522.296914072632,523.366455078125,1381005
2019-12-20,526.3890046989097,540.2462644538706,519.9718722188452,537.688720703125,2631973
2019-12-23,539.3625964548486,554.4753510162925,533.689466838208,537.2235717773438,5469024
2019-12-24,537.2236771867633,541.6877419034677,527.5979791038424,529.3185424804688,2277180
2019-12-26,532.6200242918196,536.6190806108854,526.6214114313931,529.5974731445312,2179063
2019-12-27,532.2945151450639,541.1296651574339,528.8535021301207,539.6416625976562,1748259
2019-12-30,542.1528509556307,550.5694845954447,537.9677788598883,548.1049194335938,1557550
2019-12-31,548.8953397250053,550.2903634331693,542.199214573086,543.59423828125,1374096
2020-01-01,544.0592964973239,548.2443680088418,540.0602395168287,547.0818481445312,720807
2020-01-02,548.2442879674386,555.4054206388287,543.3152158151192,553.7778930664062,1388201
2020-01-03,550.1042500099185,552.6153035858553,546.1981729766447,549.40673828125,1063950
2020-01-06,547.779247546464,547.779247546464,538.4790905422796,544.0126953125,1218216
2020-01-07,544.0127470273685,561.7295364518003,542.2456943231327,553.4058837890625,4247207
2020-01-08,544.7567714894853,560.7995445295087,543.6872305813527,558.7999877929688,2090846
2020-01-09,559.8695597260642,571.8667872828028,556.3820001762756,562.2410888671875,2795225
2020-01-10,564.5196308404967,565.9146546399378,553.4059298855499,558.2885131835938,1921690
2020-01-13,561.7295677098408,563.3570954308544,548.709345941732,550.5228881835938,2174995
2020-01-14,551.6853682805383,553.2664064484711,538.6651474494709,542.710693359375,2911749
2020-01-15,543.1292056354475,548.2442923323567,533.6430334993572,544.80322265625,3419279
2020-01-16,546.0121840253232,550.3832690820815,541.3621056167831,546.9421997070312,1705322
2020-01-17,548.6628021618156,555.5448846422897,544.8962497332489,548.0117797851562,1813763
2020-01-20,548.7093642717344,549.4998550571688,539.9207029319375,543.687255859375,2425877
2020-01-21,542.0132610729319,542.0132610729319,532.1551151309858,537.2702026367188,4789489
2020-01-22,542.0596471897052,542.0596471897052,514.670729268018,523.5523681640625,7453773
2020-01-23,520.8089105472508,525.0404715927139,502.4875857341945,504.254638671875,4533870
2020-01-24,503.1385628394189,524.9939347927024,503.1385628394189,505.277587890625,8132638
2020-01-27,507.23065264053594,511.60168159831784,497.5584653745201,499.6510009765625,4285510
2020-01-28,500.58101849878415,509.6486728050789,495.88444992876884,499.37200927734375,4042406
2020-01-29,505.8355964336543,507.69562796050917,499.46495439598175,504.20806884765625,2182366
2020-01-30,504.0220995362191,512.764214438119,501.3715203145878,506.0681457519531,3514667
2020-01-31,509.13711940136204,510.57863242067486,488.2582550470934,489.69976806640625,4340034
2020-02-03,471.28551348724784,481.2831834822906,469.65798581363623,477.3771057128906,3012267
2020-02-04,480.7716897892417,489.1418321742472,478.958147586425,486.0262451171875,2253175
2020-02-05,488.3512465520685,504.3475287698342,485.04970199951657,499.83697509765625,3105094
2020-02-06,499.46494516604196,507.04459620336934,496.256379488779,499.2789306640625,2052126
2020-02-07,501.27854098885723,516.5773130081328,500.62751854393144,505.0915832519531,5702296
2020-02-10,530.3880093518055,539.0371451015673,516.8098011221721,533.9220581054688,15352223
2020-02-11,534.2010437648917,543.8731730406445,530.01597309155,536.2935791015625,5097454
2020-02-12,537.9676444713698,542.1992049583645,530.5275181597627,533.736083984375,3277025
2020-02-13,531.9689761069114,542.1061698605639,523.5058560106719,538.24658203125,2902199
2020-02-14,539.0371601598376,559.3115509580408,537.6421363946583,550.243896484375,6213486
2020-02-17,551.4994043173909,557.8235008050601,549.7788976839234,553.3594360351562,2418399
2020-02-18,550.5693968773405,550.5693968773405,533.8291111614755,544.2453002929688,2972328
2020-02-19,548.6163862492886,552.2899035371166,540.6182156823991,544.2453002929688,2843587
2020-02-20,544.9893219023626,554.5219849561155,540.0602489443747,543.4547729492188,1802988
2020-02-24,545.8728204328473,549.4068693484586,530.2020191321246,533.131591796875,1975289
2020-02-25,533.1780993388679,537.2237025258103,522.7619099994859,526.7144775390625,2912488
2020-02-26,526.2030324260597,529.9230963622831,517.0888871350467,523.5989990234375,2885119
2020-02-27,522.2503127923281,522.2503127923281,510.4391018729652,512.2991333007812,1668088
2020-02-28,504.9985485800254,508.34658255023163,478.02809202602776,483.3291931152344,2974535
2020-03-02,490.11829856261517,503.69650576040533,473.9360302446933,478.35357666015625,1907596
2020-03-03,483.51525159462,489.79285843247686,476.67960120186785,485.04974365234375,2499968
2020-03-04,488.25831870933314,496.2564322722496,463.2408981508783,475.7961120605469,4037644
2020-03-05,482.58524106183137,491.97837832052016,477.09812491196,479.9346618652344,2794208
2020-03-06,464.0778892886861,480.6786487952521,456.96327401703917,477.6560974121094,3567046
2020-03-09,469.3324762671028,483.51524585499254,460.0323180991949,477.0981140136719,4467786
2020-03-11,463.65938390216957,486.81680093487745,462.7758858866544,480.7716979980469,5659070
2020-03-12,469.23943565032357,483.9802193567158,404.37083704074456,412.55499267578125,8132990
2020-03-13,398.0467178543911,407.34687481360584,350.70892460835336,382.0969543457031,9711669
2020-03-16,364.8451761108931,367.309740612886,347.3608909448479,350.429931640625,5282490
2020-03-17,344.1058480237683,353.3595166409233,319.0884285330009,326.2960510253906,9227845
2020-03-18,334.8057575390079,338.47933206473965,292.58303712573354,299.3256530761719,5545759
2020-03-19,280.12079020863257,291.373959482438,272.4946487542452,275.9822082519531,7227403
2020-03-20,273.42466469045473,298.20958185082515,266.9145536263963,279.1442565917969,7465285
2020-03-23,251.24376252585267,263.19447122423793,223.3432885444847,236.7820281982422,3029255
2020-03-24,246.91919823022496,257.61438007447197,232.03894522953343,243.71063232421875,4168341
2020-03-25,239.0140420471376,280.260245251871,234.3639634080882,272.30859375,3838980
2020-03-26,277.14470380616854,307.649210187807,269.8905920391415,290.6764221191406,5887818
2020-03-27,304.67317201231486,312.48529880610164,293.2339610090656,299.6510925292969,4833123
2020-03-30,295.0010107106207,295.0010107106207,273.1456403294403,286.8633728027344,3121310
2020-03-31,293.37348366052964,308.53272923795225,287.6073745797641,303.650146484375,2779879
2020-04-01,305.510217275175,305.510217275175,281.79481228121165,284.35235595703125,2681565
2020-04-03,284.72428552704815,285.9798123307188,274.35461670751886,277.2376708984375,3265474
2020-04-07,289.2349385872035,303.18517678272775,285.6543717739858,300.9996337890625,3624533
2020-04-08,297.60503164506895,313.88030681315865,294.3034871779875,297.7910461425781,4632236
2020-04-09,306.9052544955549,309.13728703370134,290.8624798287418,296.6750793457031,4690937
2020-04-13,298.53510502761,310.8113263067122,294.35003346180235,302.20867919921875,4850246
2020-04-15,306.85872594759553,355.0335332522781,306.8122081282877,326.01702880859375,22250797
2020-04-16,331.08564331170163,343.17584938769073,331.08564331170163,337.7817687988281,10132539
2020-04-17,350.1974345661363,352.47598460563273,333.17815695242194,337.8747253417969,5328193
2020-04-20,343.9198217438593,343.9198217438593,328.10955359177154,329.923095703125,4741085
2020-04-21,324.2965266503347,328.20257605154893,319.04191458028356,321.7389831542969,2817261
2020-04-22,320.8554543710639,333.8756757078607,312.6713265978094,328.90008544921875,4105520
2020-04-23,334.71268743216285,340.7577902529615,321.5064798373625,324.4825134277344,5687657
2020-04-24,320.85543309653775,323.2734797179788,310.8112743697253,312.3457946777344,2736041
2020-04-27,319.36742602772375,330.8066376111618,316.6703858335544,324.9010314941406,4557197
2020-04-28,336.6192558009885,344.05938276765806,332.0621553284378,335.2707214355469,7805452
2020-04-29,338.47923635097715,338.89772640046056,329.55107966490374,335.3636779785156,2823791
2020-04-30,341.54831284031224,399.30230143671486,338.5722508379163,390.65313720703125,18223977
2020-05-04,367.2167616640949,390.1416465413503,354.6615477706307,358.4281005859375,10395293
2020-05-05,367.35622203015186,379.44642680582774,358.0560645104012,359.96258544921875,11636689
2020-05-06,365.44974586590735,365.44974586590735,346.89591798807515,352.47601318359375,7610739
2020-05-07,351.54601738557625,357.0331056313654,340.6648197804322,342.61785888671875,4313383
2020-05-08,347.31441636501404,349.49993081788125,337.59573977629765,339.0837707519531,3281665
2020-05-11,341.3158135686904,352.1040029981814,340.85080564829707,342.3388366699219,3903903
2020-05-12,342.7108181742185,355.684549780764,338.4327398693549,348.33740234375,9371378
2020-05-13,370.33232894764205,370.89031576140553,353.9640440405615,362.38067626953125,7474549
2020-05-14,359.4511065727393,368.2862566696113,349.77894793252966,364.42669677734375,7302564
2020-05-15,366.14724704726507,366.14724704726507,351.03448966845843,352.38299560546875,3690162
2020-05-18,354.70803331012536,357.7771025905491,339.827779970367,349.49993896484375,5496838
2020-05-19,354.0104990690211,354.0104990690211,314.57783588631844,315.8798522949219,18772182
2020-05-20,315.32183117981253,333.5036562652767,312.4852944725992,331.59710693359375,16718256
2020-05-21,334.4801838263188,344.1058532350714,331.41114297452197,341.1297912597656,10088405
2020-05-22,341.0832600577067,347.73286667694487,337.31670780243826,345.1753234863281,8545206
2020-05-26,350.56942158066323,359.4045705318911,340.06022737800174,341.36224365234375,14906268
2020-05-27,344.57086330595564,362.706171901006,341.36229735563757,360.6601257324219,15176090
2020-05-28,366.6122109241116,370.9832678117717,361.03211656229456,363.7291564941406,9297617
2020-05-29,365.0777023750193,390.37414428027955,361.2181423604667,377.4469299316406,22299690
2020-06-01,382.2365073798974,393.3966973763907,382.0040034216371,389.95562744140625,7782162
2020-06-02,390.6996438055889,398.9302893235251,385.67756415489515,394.97772216796875,6847511
2020-06-03,398.93031523455255,403.4408694583956,387.81661433434874,389.7696533203125,7203375
2020-06-04,390.51365516483276,402.6503792050717,388.7466307016462,392.51318359375,5729522
2020-06-05,395.4892082438578,414.7405461354439,393.9081700739256,408.64892578125,12315930
2020-06-08,417.57710027386173,418.2281226960631,403.161855164185,406.23089599609375,4520947
2020-06-09,412.88052996515887,413.8570352123661,398.18626314649816,400.4648132324219,4047481
2020-06-10,401.85983170462885,405.0683691763352,391.53665067784925,395.2567138671875,4333713
2020-06-11,400.5578167832743,403.85936152359653,386.37507582015434,388.235107421875,3873603
2020-06-12,373.86635650655313,386.1425765803959,372.0528143200206,382.84100341796875,4994437
2020-06-15,377.26093775383947,382.236528410735,370.1928113574691,376.65643310546875,4693720
2020-06-16,386.8865914491551,399.34879809350684,381.3064963801769,385.2590637207031,10359268
2020-06-17,390.420661594695,394.3267397086935,380.3765012756029,391.3506774902344,6081250
2020-06-18,393.2571973052924,401.67382916940244,392.8386788312807,397.9537658691406,5639475
2020-06-19,398.00028886083,408.78844986629855,397.58177038138035,406.32391357421875,6059311
2020-06-22,406.37040700128904,417.01907066832604,401.8598247855125,414.9730529785156,4989998
2020-06-23,421.2971725408226,436.27043313530635,421.06466858246677,430.6903381347656,7872909
2020-06-24,434.1779194997213,437.10746384701037,410.1370033117693,413.8105773925781,3907871
2020-06-25,407.48644684426915,422.87822648712273,406.8354527658379,411.9040222167969,3982270
2020-06-26,418.50710711243613,419.29762621334777,407.951422178901,409.439453125,2128146
2020-06-29,409.2069619648092,409.439465920471,399.11628461271994,401.673828125,2317342
2020-06-30,404.5568617394416,415.2055537057746,392.46665667596403,395.4427185058594,5184094
2020-07-01,400.74382192086426,417.57711439117315,398.97679749178906,415.67059326171875,8180122
2020-07-02,419.76263913601844,421.9946713909766,409.532465284116,411.4855041503906,3806615
2020-07-03,414.0430529260266,421.2506755050765,411.4389916103039,413.113037109375,3812085
2020-07-06,415.71707552044467,428.17928195140286,415.066053087479,424.6452331542969,4256802
2020-07-07,425.8542485936922,425.8542485936922,416.74010469015343,419.3906555175781,3664371
2020-07-08,427.6678208006034,431.5273811409065,410.36951924229527,412.92706298828125,8686804
2020-07-09,415.7170421525309,416.5540506549958,406.55638129674145,411.5784606933594,5160583
2020-07-10,412.92699188547033,420.36711786538876,403.16182653682745,405.9518737792969,5805444
2020-07-13,409.2069223759852,413.8105116054461,405.02185157895804,408.4629211425781,2480373
2020-07-14,409.16047763691205,413.3920383300781,399.06980015878804,406.8819274902344,4214233
2020-07-15,410.8344527006471,411.8574756899062,400.32528620274485,406.9283752441406,4334472
2020-07-16,409.7184458638708,410.83447616714153,393.9081773979027,403.1153564453125,4189313
2020-07-17,404.5568917003238,411.392513822661,402.69686001434525,405.9054260253906,3644124
2020-07-20,409.20696205763215,424.08721522336424,408.5559396288992,421.90167236328125,9435204
2020-07-21,425.29622131078344,430.4113082988642,418.83262841857953,426.3192443847656,6154181
2020-07-22,427.8072909593971,431.9923622839999,416.3681073582153,428.039794921875,4431710
2020-07-23,428.7372490930789,444.5475164132141,426.87721764365125,430.3647766113281,9426775
2020-07-24,428.7372825895518,428.7372825895518,413.02002129029205,422.3666687011719,4058564
2020-07-27,423.9012331593396,425.0172635849434,409.43949735945586,414.60107421875,2974232
2020-07-28,415.1590821311902,420.3206872815528,410.60201000680166,417.5306396484375,4626424
2020-07-29,418.04206098836374,431.6202960094012,417.62354256679026,429.43475341796875,7119586
2020-07-30,432.41083834033316,438.5024302068055,429.15578318503344,432.0853271484375,6219364
2020-07-31,435.10792085696437,451.98770284871364,428.03979472452767,444.68707275390625,11062522
2020-08-03,450.12763009522575,450.96463860705364,414.04302977916643,420.5066223144531,14443397
2020-08-04,423.9476774337457,431.8528111618092,422.22714265186045,429.3882751464844,6194269
2020-08-05,429.66729045151686,434.9683917513776,420.6461260308637,421.85516357421875,4735993
2020-08-06,420.8321516734836,433.85237294072954,419.9951431255267,431.434326171875,4177541
2020-08-07,432.9223913442666,450.9646937067375,432.9223913442666,446.6866149902344,10013531
2020-08-10,449.98816914353364,461.7528638244262,444.9660892919,459.7068176269531,7603877
2020-08-11,461.75282689731597,461.8923235855718,446.4075667889459,448.1745910644531,4360559
2020-08-12,447.5701627100938,454.77778610958103,438.08398894771267,453.0572509765625,4332473
2020-08-13,453.19670137094863,464.91490647337343,453.19670137094863,454.917236328125,4549072
2020-08-14,459.9857921448091,462.12481700088784,447.1980756790972,451.6621398925781,2431513
2020-08-17,455.2427596915081,460.0788534761014,453.6152319500165,457.893310546875,2230102
2020-08-18,457.75379127043857,473.3315560278981,457.42828006182714,465.14739990234375,8890454
2020-08-19,470.3271412018937,477.1482490541571,463.3649127227198,469.8567199707031,5405921
2020-08-20,465.5759425697569,469.2452227798741,458.4255334325687,462.8004455566406,3081595
2020-08-21,467.12831803671156,474.2316676820835,461.95368410075605,464.2117004394531,3426420
2020-08-24,466.65786291177335,474.89023448531776,466.65786291177335,467.97503662109375,4042101
2020-08-25,469.52745533041826,470.93871913208733,461.20102187035894,462.9886169433594,3431181
2020-08-26,463.7883616596281,467.22243133687397,459.46048004578654,464.35284423828125,2839616
2020-08-27,463.8823965550609,470.4212636040513,463.36494464999055,467.363525390625,2426413
2020-08-28,470.4212230963379,490.27297574121707,468.8217794529172,488.5324401855469,9809902
2020-08-31,493.00148320432453,503.25668969878285,471.3621051247454,476.019287109375,10825186
2020-09-01,475.1254852267848,479.8296979518025,462.1889002329862,475.1725158691406,3980634
2020-09-02,475.1254684647736,476.06631097658504,463.5531170543869,471.2209777832031,4153159
2020-09-03,475.8780678344986,495.5887273259969,474.4197736196183,490.97857666015625,8589174
2020-09-04,484.2986645221234,487.21525322794315,474.7020597820076,478.3713684082031,3768829
2020-09-07,479.359284527758,480.2530964450399,461.7655171632382,465.1996154785156,5255102
2020-09-08,468.21030590594296,473.6201507607169,456.3086529678877,458.1903381347656,4844522
2020-09-09,453.4860784179904,468.91588945159145,439.4204717622483,465.29364013671875,6078535
2020-09-10,468.4454819197499,468.4454819197499,456.30861923311005,461.95367431640625,4004621
2020-09-11,463.4590515807058,471.36212335559793,459.22526005355974,469.4804382324219,3410700
2020-09-14,477.900966793296,489.0499276219224,472.302942346329,485.38067626953125,5861874
2020-09-15,487.5916301208547,500.7634252423057,485.52176511687566,498.3642883300781,6222387
2020-09-16,498.6935237891542,501.70423108175777,491.07272299567313,497.2352294921875,3961765
2020-09-17,493.89530617524406,505.232447373498,489.5203653650703,499.16400146484375,4036494
2020-09-18,499.49329107475376,508.0549345953703,497.7526980478485,505.5146484375,3868205
2020-09-21,505.2324019604189,514.1704053470557,490.97861569510087,500.71636962890625,4907451
2020-09-22,500.7163904179788,506.07920415751107,482.0406323221442,497.8468322753906,4623271
2020-09-23,498.64649617636087,503.25664712966443,489.0969223835745,500.904541015625,3647937
2020-09-24,494.3656905365076,494.3656905365076,472.4911029678521,475.2665710449219,4119459
2020-09-25,478.8418131685887,483.4048764315659,471.1268930014935,474.7961730957031,4857500
2020-09-28,476.4426814662573,487.12125059697246,476.0663501729948,479.64154052734375,3786837
2020-09-29,484.063498996559,484.063498996559,461.5773674678348,463.9294738769531,5023517
2020-09-30,464.7761961916805,476.06630622062823,462.4711205758765,473.1496887207031,4501371
2020-10-01,477.94798510652845,482.3699562961479,473.52601391690905,475.73699951171875,2462815
2020-10-05,479.3592736756313,479.9708155836045,472.39704462867775,477.10125732421875,2533219
2020-10-06,481.1939348542987,488.29728463920384,478.183227202072,479.40631103515625,3662177
2020-10-07,481.19393632437476,493.84828017624744,477.3835067486121,480.6294250488281,4997502
2020-10-08,483.54601786974166,489.09695420535206,476.53672970897054,479.2651672363281,2814293
2020-10-09,480.2059930820158,482.84036923707646,466.5637772063209,467.8809509277344,3712048
2020-10-12,470.3271795577454,478.2302511438072,463.976492418765,477.10125732421875,3332184
2020-10-13,477.75982697258047,485.051356606384,474.278726826364,476.5367431640625,3992135
2020-10-14,471.6914177768861,482.6522277324567,465.99930312696875,480.67645263671875,3424208
2020-10-15,479.8296889562572,489.23811422990934,473.14970126951715,476.5837707519531,4927083
2020-10-16,461.01279209004264,461.01279209004264,431.14104484747355,439.3263854980469,22982744
2020-10-19,446.7120174253166,446.7120174253166,421.0270280903945,436.0334777832031,13195978
2020-10-20,436.5509439064239,440.03207283195144,427.09548774851754,428.9771728515625,7254934
2020-10-21,432.69347366853543,436.0805125179178,420.3214001453717,427.3306884765625,6312534
2020-10-22,426.01350171212823,431.09407453011517,423.5673340142667,427.6129455566406,4495403
2020-10-23,431.37629881577317,431.37629881577317,423.37913733281994,424.27294921875,3682002
2020-10-26,428.0363122748514,428.0363122748514,405.97354388584824,407.7611389160156,6279910
2020-10-27,409.26649636760436,415.28788275562323,403.95074186987443,412.6064758300781,4881972
2020-10-28,414.30005090440096,427.6129681528507,411.61864371148994,424.0848083496094,7235494
2020-10-29,420.9329424108141,428.6478626459469,417.969294182133,423.6143493652344,4598075
2020-10-30,425.16671602530903,430.4354397184074,420.03914167567615,426.4368591308594,3684166
2020-11-02,437.4917925977863,437.4917925977863,406.11468732171284,419.0042419433594,10356782
2020-11-03,418.11040529981636,422.90870783865296,389.50879876574487,392.37835693359375,16512536
2020-11-04,391.1082429808133,391.1082429808133,375.39616157534726,377.6071472167969,19363947
2020-11-05,383.8167413359808,394.77755163168797,381.182364889168,393.6485290527344,11470585
2020-11-06,396.51808208901684,402.68058896325704,393.08398400307067,397.411865234375,7614066
2020-11-09,401.36342648298694,405.50312784616193,399.0583508142805,401.5045471191406,4271081
2020-11-10,404.65636721922135,412.5594385202641,401.316359098501,407.1966247558594,6424909
2020-11-11,403.6214232551924,416.74618731446805,403.6214232551924,409.9250793457031,7504886
2020-11-12,410.96002340289107,411.9008659736049,399.95218255288165,404.18597412109375,5511536
2020-11-13,403.6214474393467,405.5972225049235,397.97639223040477,400.1873779296875,4644051
2020-11-14,405.64425401308233,405.64425401308233,402.6806057645057,403.8566589355469,643619
2020-11-17,405.87944555340846,408.79606302283065,402.9157974442514,404.23297119140625,5929010
2020-11-18,404.56227497491227,404.56227497491227,398.96425061536564,401.0811462402344,4415523
2020-11-19,400.70481462808414,400.70481462808414,390.4966677703044,391.86090087890625,6331928
2020-11-20,391.86090187139393,397.4118668877495,382.4995074966553,395.5301818847656,12763134
2020-11-23,397.9763719742371,404.09184813932586,396.42398761323835,401.2222900390625,5172468
2020-11-24,402.6805988741659,405.973547696735,401.22230445192224,402.16314697265625,4538696
2020-11-25,403.43324604052157,404.70338913758434,392.8958274369743,393.836669921875,4753592
2020-11-26,393.8366695495342,397.3177695130352,389.64990901079074,395.6712951660156,3896795
2020-11-27,396.28287799500555,400.3284893163639,391.6727267111161,392.98992919921875,7024437
2020-12-01,395.15384087392255,408.51381555026774,393.27215591738,407.43182373046875,14928450
2020-12-02,416.5579908372001,420.5565712122608,411.5715373837823,415.8053283691406,14187495
2020-12-03,420.3214042206398,431.75263532493193,411.61861073649675,427.84814453125,13251977
2020-12-04,431.7996507821303,435.6100511921142,425.73120553872934,428.7419128417969,7719922
2020-12-07,428.08331500590214,449.91087134384355,426.71908196769346,447.7939758300781,11443788
2020-12-08,452.78048393405675,459.6015925231932,441.6785531635292,444.8303527832031,15624166
2020-12-09,446.9943008015795,465.71706178545674,446.9943008015795,463.45904541015625,13836059
2020-12-10,449.7226981310812,450.66354059579055,391.48455530801755,412.51239013671875,87279054
2020-12-11,429.02420359644395,429.82392550787574,403.80963469452985,409.2665100097656,50283569
2020-12-14,407.3847668588829,417.63994346923516,406.25574447276455,415.99346923828125,14595495
2020-12-15,417.0284574383811,423.1909646138847,411.1481915410548,422.2501220703125,9187569
2020-12-16,427.0014070380817,434.1988469713237,424.79042125146833,432.4582824707031,11503251
2020-12-17,434.15180086441507,438.80895420252745,426.3898499219922,428.4596862792969,7362825
2020-12-18,429.02418241330867,434.6692374450627,427.14249740272396,433.0697937011719,5402464
2020-12-21,432.7875564763634,433.4931883619227,392.33132837096423,411.430419921875,7376210
2020-12-22,411.4304434730743,419.4276053005217,400.3755432998382,418.34564208984375,7910320
2020-12-23,418.2044875862774,425.91940750358384,412.37125265248625,425.2137756347656,3488991
2020-12-24,427.98923936443566,429.58868306889775,421.4974319803987,422.8146057128906,4384445
2020-12-28,425.3078293284437,430.43543230196167,424.36698685346676,426.5779724121094,3146922
2020-12-29,427.6129369493564,431.8467284043005,419.05126404246664,427.8011169433594,3781566
2020-12-30,436.55091185881975,444.4539829689895,433.96359503207026,439.467529296875,21753642
2020-12-31,440.03204496202534,440.78470747067814,433.9165687644599,438.76190185546875,5429481
2021-01-01,442.10189528877794,448.4055516702653,439.2323370819392,441.5373840332031,7090451
2021-01-04,445.39481755003465,446.9001712377031,439.0441309061305,445.15960693359375,3615832
2021-01-05,441.2551441142034,444.5480929508766,438.76191716602654,443.3720397949219,3226777
2021-01-06,444.0306785827528,453.392045268163,439.51461685478574,444.45404052734375,5947103
2021-01-07,447.8410060111723,457.71985173200693,446.38271169918033,453.95648193359375,7025121
2021-01-08,456.30860939880824,476.06630176452984,456.12042941519337,473.8553161621094,16114942
2021-01-11,476.06628630070276,478.7947237010862,464.11757553513957,468.0220947265625,5666689
2021-01-12,465.4818325784365,475.5958895773616,462.1418531474064,471.83251953125,5008167
2021-01-13,472.30294054887946,475.878130605989,455.7441066118901,462.6122741699219,4694033
2021-01-14,464.87028836673585,484.5338910170184,463.8353558667768,479.2651672363281,15231242
2021-01-15,481.6643300052535,496.67077938525375,481.14684940221946,491.6372375488281,19836600
2021-01-18,493.89536316777736,534.398627975763,493.0015511607391,528.094970703125,37175310
2021-01-19,527.812665249439,537.1270293706883,520.8974955461734,530.6351928710938,15094630
2021-01-20,529.6943526354883,547.4292116322697,523.5788760952918,542.2545776367188,10900743
2021-01-21,542.2545622892426,558.8604557020286,542.2545622892426,549.969482421875,11759051
2021-01-22,550.7692624359096,557.4492217008477,530.6352085051108,533.4107055664062,10118222
2021-01-25,537.8796959887211,557.9196307692308,533.4577245297704,553.3565673828125,13563025
2021-01-27,553.3564798728534,565.587431058333,535.3393249644578,540.2787475585938,15463821
2021-01-28,535.3394303723754,536.9388742502985,524.2374993644864,531.9994506835938,8146430
2021-01-29,536.139103954808,541.925308605015,524.0493001614467,527.4833984375,9298672
2021-02-01,516.4284825296813,516.4284825296813,479.8296855083722,502.50396728515625,20250736
2021-02-02,508.9957695727183,534.8689371572834,508.9957695727183,532.799072265625,13416792
2021-02-03,528.8475625636169,545.6416361603938,522.1676035777261,525.225341796875,7268499
2021-02-04,525.6487187879862,534.9159944882101,512.1005637523949,515.6287231445312,6751111
2021-02-05,521.0855875598182,521.0855875598182,503.35072968012804,504.7619934082031,6377789
2021-02-08,506.17323360591473,513.6999731390881,496.9059585254811,506.4554748535156,8511429
2021-02-09,507.58454369589305,523.1084454029964,503.86820422657115,506.7377624511719,9171011
2021-02-10,510.8774464029348,514.1233643152499,500.9515701170158,502.7862243652344,4446858
2021-02-11,498.83464407188364,513.3235823479489,498.83464407188364,511.3948669433594,5684777
2021-02-12,513.5118184341123,514.923082166026,500.0577823414285,504.1033935546875,3043562
2021-02-15,508.0549290273975,511.7712682338801,502.9273261291721,505.6557922363281,2569470
2021-02-16,510.5481756498575,513.3707029843092,505.32645414154933,507.0670471191406,2976504
2021-02-17,494.2245515475503,510.5011152396245,494.2245515475503,507.1141052246094,2934589
2021-02-18,504.62081473535534,523.672873957,500.5281731316028,509.04278564453125,6399026
2021-02-19,510.83050167074424,531.5760695367986,507.5845832125714,520.0977783203125,16693854
2021-02-22,523.1084230890314,527.7656048873974,504.8090252208973,507.8197326660156,7702962
2021-02-23,498.6464430966806,536.280136915298,483.639996201615,532.8931274414062,20867768
2021-02-24,514.640820977098,533.4576700073393,513.699978525586,521.1796875,7229614
2021-02-25,527.624418222369,561.6829253481371,525.9309133494282,557.9195556640625,16764202
2021-02-26,550.3929091396222,554.5326394602055,522.5910223936181,528.3301391601562,11511171
2021-03-01,536.2802863464577,557.6374250244486,536.2802863464577,555.66162109375,8570035
2021-03-02,567.3280559073529,572.7849311956968,545.8298266756773,554.5796508789062,10602015
2021-03-03,560.5539192250822,580.3586412773575,554.3443820359463,577.3009033203125,8740632
2021-03-04,566.3871613253013,594.0949832770222,563.6586952195622,579.04150390625,14124256
2021-03-05,579.0415171821445,579.464907784048,551.3336945951564,556.5553588867188,7517590
2021-03-08,565.4463735022068,598.5640428028711,564.5055309506224,592.6837768554688,14163149
2021-03-09,596.494138808532,599.9752675072925,575.0899721557022,587.9324951171875,10566829
2021-03-10,593.2952335679648,593.2952335679648,576.2660079755357,584.54541015625,5583509
2021-03-12,589.5318491013898,595.506233041629,577.7713186180038,583.6045532226562,4994965
2021-03-15,586.4271226337156,588.4499569918477,568.6922643615079,584.5924682617188,5438310
2021-03-16,588.0736501403318,601.7158677126313,580.0764881151907,583.5576171875,8396917
2021-03-17,586.7564403123876,589.7670903328808,569.2097049503298,573.1612548828125,4503677
2021-03-18,581.1113857966459,585.9566901561127,558.9074686208221,565.7285766601562,6154177
2021-03-19,562.623754790618,591.6958078992495,551.5218259635888,588.4498901367188,8322870
2021-03-22,587.979526915424,599.2226061807719,581.1113882080738,590.990234375,6196079
2021-03-23,585.6744503077343,605.8555332128705,584.2631865720531,595.882568359375,5999369
2021-03-24,588.0264752343716,598.7521011124308,571.0913127476217,572.8318481445312,4832842
2021-03-25,576.736435727365,581.6758587087169,556.5083225656385,560.412841796875,10648953
2021-03-26,570.1505587312695,570.1505587312695,546.6294960773392,550.7692260742188,7778619
2021-03-30,561.6829179226605,597.1056575755082,556.0378634711765,590.802001953125,14663780
2021-03-31,586.1449018502159,615.3110205618639,583.4164355170797,603.8797607421875,15862803
2021-04-01,603.0330082486109,618.0394575186381,597.434983922241,614.9346313476562,7348750
2021-04-05,611.5475682271518,625.4249938138448,594.2360448644747,608.0194091796875,9077724
2021-04-06,609.6659712402444,629.2825154006395,606.8434435956136,622.2261962890625,7227685
2021-04-07,620.9560393001302,634.0808034338675,613.805659393128,615.734375,4948757
2021-04-08,618.1335512214806,625.2839315839343,611.5476534154678,613.052978515625,3926359
2021-04-09,617.1926967001795,617.1926967001795,593.3893922909965,597.3409423828125,4995747
2021-04-12,588.0265207620475,590.5197761798646,547.0998749170091,554.6736450195312,5954644
2021-04-13,558.8604661164013,581.911108237364,554.1562534386538,568.8333740234375,10046450
2021-04-15,574.8548751047903,586.9917685964346,562.059437679451,571.4207763671875,7395673
2021-04-16,573.9138894963859,582.1932914993095,566.387149962007,575.5603637695312,3577455
2021-04-19,559.8953090693235,567.3279872619443,552.2745083296207,562.1063232421875,3198847
2021-04-20,570.1505979434015,576.7364959394474,550.9573865279928,556.7435913085938,3403144
2021-04-22,554.1561886205126,563.4705516027653,547.4762303692362,556.6023559570312,3182229
2021-04-23,557.0728249258965,561.7300068162687,546.9117373442925,550.7692260742188,3356598
2021-04-26,552.3686421826671,562.5297877367001,551.2396770539723,555.7086791992188,3162291
2021-04-27,556.1319393362427,569.3978521000317,554.5325531392552,562.1063232421875,4496811
2021-04-28,567.2810107700986,577.3950678931038,565.6345363547257,572.0792846679688,4983043
2021-04-29,577.1128618707722,584.2632425130587,573.7257941261571,579.370849609375,6257014
2021-04-30,574.6665656085702,584.2631702276373,568.3158789756611,570.997314453125,3072295
2021-05-03,569.6801508293539,583.0871568563041,560.8832961604065,581.2525024414062,3609311
2021-05-04,584.2632420077646,607.4550345677175,572.0793191154615,575.0900268554688,13505599
2021-05-05,584.9217833448769,604.961716754012,580.1705402891674,602.7977905273438,11454883
2021-05-06,602.7977821975063,603.0800234536989,589.5789569748733,595.5532836914062,5545420
2021-05-07,597.4349545048578,603.8797023041398,588.2617406364762,592.166259765625,3675295
2021-05-10,598.0936408293975,640.1022276587024,597.9524914723156,634.6923828125,16727737
2021-05-11,633.1870001846172,647.7230282413569,628.3887264219507,643.8655395507812,14135052
2021-05-12,651.0160059250608,660.9889138622248,640.3374086596317,650.7337646484375,10562440
2021-05-14,667.9982020371274,719.1800590784931,663.3410199887348,699.3282470703125,57232233
2021-05-17,712.2178334629926,738.5614257178985,707.5606512044626,725.1544189453125,28018670
2021-05-18,730.5641748473923,731.9754385463892,714.240581032115,723.8842163085938,10306166
2021-05-19,727.2712124766265,757.6604120693465,720.2619247524696,735.8799438476562,17761845
2021-05-20,739.8785023315528,750.2277689553822,717.862766725621,722.0965576171875,8495432
2021-05-21,729.1529402455744,739.5022077845439,718.098040828948,733.7160034179688,8097156
2021-05-24,735.6917313100491,746.981840189008,727.9297814557649,742.6539306640625,5586202
2021-05-25,747.9698036685296,758.3190713922451,742.7951698066718,749.522216796875,7350432
2021-05-26,747.9698197442352,767.49230246083,744.6768708522795,764.5286254882812,7822821
2021-05-27,767.7746081277796,776.665582366599,761.7061617473488,771.2557373046875,10004617
2021-05-28,770.0325717739346,775.677626892432,761.1415984774071,763.681884765625,4829944
2021-05-31,763.6819070986747,773.2314244987161,760.4359888257213,766.8807373046875,3857904
2021-06-01,769.6091716433863,777.5122716813946,760.530018470226,767.539306640625,4414474
2021-06-02,766.7866643426281,791.1074208492287,762.5528729444173,788.0496826171875,7228801
2021-06-03,793.0832551716694,795.0119709535852,779.017647277596,790.54296875,6863737
2021-06-04,785.6034878900412,795.3411848000882,782.8750216688989,786.779541015625,4116012
2021-06-07,791.2485802957129,811.2414843757176,784.8508624750059,800.1865844726562,4774564
2021-06-08,800.0924719365515,813.546507982496,790.4958671079831,803.0560913085938,4214138
2021-06-09,804.4203926649246,811.9001025377563,789.0376397048057,795.5294189453125,5068262
2021-06-10,798.7752607275272,803.2912931195384,787.4851510352653,789.0845947265625,4012050
2021-06-11,793.0832504524149,794.7297249386752,780.8993277691937,785.7446899414062,2633076
2021-06-14,788.614240501737,788.614240501737,766.9748617527662,785.2271728515625,2361786
2021-06-15,784.8508405312773,795.6234988545567,781.2756504453534,792.001220703125,3093053
2021-06-16,793.9770105244268,803.9969487175198,786.6854811328537,788.6141967773438,4555364
2021-06-17,785.4623327117229,797.8344344707681,779.6291551917237,785.6505126953125,3684099
2021-06-18,789.3668623065004,789.6020729329326,744.0652726858688,760.2007446289062,8145772
2021-06-21,752.6740266643482,752.6740266643482,722.8493068728792,726.5186157226562,10319132
2021-06-22,732.9163238050039,758.7894931305977,730.6582787849821,755.026123046875,8773658
2021-06-23,761.1415904790015,762.9762448581279,746.1821716023952,756.4373779296875,5498823
2021-06-24,761.141608388329,767.2100542046259,749.4751380217356,765.328369140625,3569898
2021-06-25,761.1416300612406,765.8458428551914,754.414582796102,757.5194091796875,2566357
2021-06-28,757.378164666535,764.5285442451534,753.8970361514976,761.235595703125,2499662
2021-06-29,762.0824301964417,769.5621396073376,752.0154038929035,757.7545776367188,2509072
2021-06-30,762.082432451782,763.0232749609817,743.8300648035193,745.9469604492188,2180444
2021-07-01,748.9106099845034,751.3097468104899,739.9255758345325,744.6768188476562,1933865
2021-07-02,744.6767877799879,758.8834855878112,742.3246816909797,752.0623779296875,2511086
2021-07-05,754.0852854104055,762.7410481439281,750.8393672072757,759.8244018554688,1812638
2021-07-06,760.2007186694108,767.7274584582168,753.9911813134328,755.7787475585938,3097194
2021-07-07,757.284169512437,772.9021324199106,754.5557032267417,768.5742797851562,4641521
2021-07-08,765.281336539956,775.9598762810373,759.5891932963475,765.9398803710938,2536653
2021-07-09,763.9640834082458,774.3133505480126,760.294774816178,766.3632202148438,2662681
2021-07-12,771.4908693948727,782.4987384064984,767.680468658975,772.8551025390625,4414998
2021-07-13,779.8643895463663,784.4744834500208,774.4074569785548,782.7339477539062,2610471
2021-07-14,783.7261082674535,787.5333761082586,778.5862734446478,780.251953125,2456567
2021-07-15,782.1555636692475,798.8599392026797,779.7760213398612,795.9569091796875,3435337
2021-07-16,802.3817503313373,811.3288535846146,790.7695710327117,797.1943359375,3907867
2021-07-19,794.671961569246,808.0925567654422,782.679033644066,793.1014404296875,4744590
2021-07-20,795.1954991550197,797.1467123245366,765.0228895890702,775.0169677734375,3280049
2021-07-22,778.5386824655495,789.532156571098,776.6826278023098,788.1044311523438,2978752
2021-07-23,787.6286293374554,787.7237878072067,776.682732978083,780.2044677734375,2212963
2021-07-26,779.5381450180998,786.9147269764519,767.7832279738013,780.4423828125,2449095
2021-07-27,780.4899063509305,785.8676954067988,767.3072647069902,773.5892333984375,1721268
2021-07-28,779.2049728954228,779.2049728954228,758.5505333677231,775.397705078125,3172824
2021-07-29,783.2978732663037,783.2978732663037,770.9718305297148,780.2044677734375,1839368
2021-07-30,781.6797011319227,794.2912762186781,748.2709481020859,769.5916137695312,7703034
2021-08-02,769.5916740779721,771.5905247653169,747.223973114673,752.9348754882812,6205784
2021-08-03,756.6944592615514,756.6944592615514,742.9882722334355,752.4588623046875,3265559
2021-08-04,754.5053329436879,760.3589725240306,742.7027791339643,747.1763305664062,2722366
2021-08-05,751.9354721172404,751.9354721172404,734.8027651576069,739.7998046875,2264430
2021-08-06,742.3221101595418,753.5535392711312,738.2292505365651,739.8473510742188,1788211
2021-08-09,743.1787433454919,746.6053195927901,733.0895058216579,740.6088256835938,1517468
2021-08-10,742.7504136928003,749.0800203297498,725.7605025431184,733.9461059570312,2331179
2021-08-11,734.8027322106534,744.2257438536654,720.52547705112,736.5159912109375,3147475
2021-08-12,735.7544951675329,747.7950027052115,734.8502574550008,739.6569213867188,2248810
2021-08-13,740.5136324387724,746.5100679720517,733.4701633398098,741.5606079101562,2549137
2021-08-16,742.4172418000791,746.7004181950795,732.8990720334114,735.5641479492188,1711689
2021-08-17,738.3244634617806,740.0853016858493,709.8651117335318,724.0947875976562,2895739
2021-08-18,727.7115999951176,729.3772795717633,717.1940348585849,725.474853515625,1846331
2021-08-20,714.8145415453088,721.2868852959674,687.3070079871379,693.1607055664062,4257864
2021-08-23,696.7301001580997,702.0126733150278,680.0733013155221,684.3088989257812,2573379
2021-08-24,687.1167149777398,697.4914854127051,682.452788443821,695.8258056640625,1771956
2021-08-25,695.8258861931027,702.3934474855445,686.6884651807809,691.1143798828125,1895556
2021-08-26,690.067295148246,694.6360049317474,682.4527594776446,684.97509765625,1538567
2021-08-27,690.0197473376795,707.580782646466,687.7353632947661,694.112548828125,4292477
2021-08-30,697.6343213140985,708.6753759022384,694.8264493860751,704.77294921875,2358153
2021-08-31,707.2000425702203,711.3404233502397,700.0138357215094,705.5343627929688,3074791
2021-09-01,709.2463995765737,716.2422306850824,704.1541442094787,712.5777587890625,2051308
2021-09-02,715.766400823924,721.3821444936405,710.0554986896905,717.0513305664062,3029716
2021-09-03,719.9067707909207,723.380926107975,711.1024634665803,716.52783203125,1679831
2021-09-06,718.6217696391467,722.429037292864,713.3391973884727,719.3356323242188,1427518
2021-09-07,720.5254706232241,723.3333423984096,710.0554835996369,715.81396484375,1377576
2021-09-08,717.1941014888092,735.2786242868018,711.3880410913837,725.2845458984375,4079877
2021-09-09,724.9513935933005,725.2845062836653,717.7651292406441,721.382080078125,1174804
2021-09-13,717.6700353874731,730.7099402222595,715.4332886210017,719.5736694335938,2724206
2021-09-14,724.2375340821042,727.9971645258887,714.8145231227938,716.2422485351562,1932973
2021-09-15,720.3350207039067,726.8073640266374,716.3373780917134,725.379638671875,1374264
2021-09-16,726.2363354913119,732.6610999271787,716.8133244143221,717.6699829101562,2065099
2021-09-17,722.4290744904364,722.4290744904364,700.6324428128876,706.581298828125,3348764
2021-09-20,702.4409447647388,702.4409447647388,667.2237158266691,671.60205078125,3082145
2021-09-21,671.602065241064,692.8276312361712,666.271913173397,687.069091796875,4222370
2021-09-22,686.2600584233312,691.1619392212176,679.359385159019,689.97216796875,1913723
2021-09-23,690.1625062302068,696.7300669845853,688.2112929346977,691.8281860351562,1337563
2021-09-24,692.9228430381196,696.6349529349744,679.1690744386257,684.0233764648438,1372681
2021-09-27,688.1161083437562,701.489125508332,681.7389228566389,690.8763427734375,2611791
2021-09-28,692.9227517830092,697.5866781577291,676.0280006234647,682.2623901367188,2577784
2021-09-29,677.5986024203553,688.0685902992834,674.8383096509161,682.5956420898438,2160616
2021-09-30,682.5956350800077,685.2131320228597,672.1256473085998,673.6009521484375,2487764
2021-10-01,672.93464943391,679.6449479685277,664.6062503072527,678.3124389648438,1947637
2021-10-04,678.7406806596824,685.2130827465402,660.5609991653305,669.0797729492188,7682864
2021-10-05,671.0310068661025,684.927512281212,666.7954094592222,680.216064453125,3780191
2021-10-06,681.500949598958,708.5801539777202,681.0250411146011,692.2564697265625,7773811
2021-10-07,699.8710607373735,700.5373442869416,688.1637227166559,692.4468994140625,2233111
2021-10-08,692.9703275778187,711.4355998786726,691.257068665047,702.44091796875,3181166
2021-10-11,704.3445505006822,718.0507379643602,704.3445505006822,706.676513671875,3023541
2021-10-12,706.6766006096864,713.7676494539248,702.4885822321444,708.4374389648438,1837397
2021-10-13,708.4374219861675,717.90801329651,705.9151416485353,711.4356689453125,1573332
2021-10-14,716.7182261747422,722.4291283753377,709.3416441656395,711.8163452148438,2144296
2021-10-18,713.101311551527,725.2845575930223,709.294043532666,714.9097290039062,2620289
2021-10-19,718.6218350127498,723.2857615505523,693.4938429745843,698.34814453125,1498436
2021-10-20,698.3481539641957,699.490345998504,676.9798504063241,681.4058227539062,1568362
2021-10-21,688.2112553627505,688.5444261621321,672.268320957188,682.881103515625,1625612
2021-10-22,679.8353041835968,687.6877945714367,665.5580489329787,670.4122924804688,1375825
2021-10-25,670.0792210533986,673.8864893548383,653.1844679657596,661.7984008789062,1746556
2021-10-26,661.5128234157302,681.9293099443274,660.1802563610577,678.8834838867188,1475209
2021-10-27,680.073219839496,711.9590880894934,677.6936774327799,705.7722778320312,4677615
2021-10-28,707.1999797302077,712.1494393902472,690.8762961259041,694.731201171875,2875850
2021-10-29,700.4421108775057,710.0554387542892,682.02441819265,704.534912109375,3448037
2021-11-01,709.103681274841,709.103681274841,666.2719152917969,685.3558349609375,5953165
2021-11-02,686.0696584837004,691.3998683577238,676.7418638220312,685.59375,1852304
2021-11-03,685.5937479720986,720.0495337089543,685.5937479720986,701.5366821289062,6580294
2021-11-04,709.1037094597541,709.1037094597541,695.8734290925154,702.1554565429688,390092
2021-11-08,704.3446049821912,708.15187311723,695.7782516783537,706.866943359375,1227750
2021-11-09,708.8182085109952,717.0990289293212,706.8669950679134,710.388671875,1622626
2021-11-10,710.2934102169513,736.7063309988882,705.391529608891,734.1364135742188,6430811
2021-11-11,736.7063789200042,740.4660677956267,723.8568490551204,727.8544921875,3322415
2021-11-12,732.8990934310212,737.3726449708238,728.1875876401048,732.4707641601562,1608464
2021-11-15,733.8509547228196,753.2680460232458,733.2322503948651,746.2721557617188,5069793
2021-11-16,748.1281050526125,755.7426404729953,739.6569111597186,742.4647827148438,2830062
2021-11-17,739.561840021002,739.561840021002,716.4326975697074,719.1929321289062,2998582
2021-11-18,719.1929072375212,725.1894008569446,704.3445851663294,705.7247314453125,2120918
2021-11-22,707.2000809940357,711.1025077321899,672.696712304892,681.9769287109375,2041278
2021-11-23,675.7900882104232,693.9221909301665,671.2689573385928,690.3052978515625,1772081
2021-11-24,691.0191319882483,700.632460311247,681.6437579118021,686.9263305664062,1312705
2021-11-25,690.1148815469568,702.2981271276318,686.9738971690613,692.2564697265625,4133359
2021-11-26,691.0192059549778,691.0192059549778,667.2237787526714,669.8888549804688,2482446
2021-11-29,670.0791517144473,676.0280078198668,646.5216815369863,656.135009765625,2997007
2021-11-30,655.8018282432951,668.8893103018514,645.8553302599339,648.8535766601562,2524084
2021-12-01,654.3741025931589,660.3229580712784,648.7107805591306,657.2295532226562,1355645
2021-12-02,658.1814086847378,666.7001818476726,654.1361867224672,664.55859375,1673311
2021-12-03,666.3670840238487,683.166677955994,666.0339712987904,678.4075927734375,3981290
2021-12-06,678.3599420955943,697.6818142829338,671.0309400674874,682.0244140625,4551735
2021-12-07,685.3082609082236,695.4927147378032,682.4528098211059,691.9234008789062,1467958
2021-12-08,692.0661273223767,700.2042092637621,690.9715726133618,693.0179443359375,1827973
2021-12-09,693.0179438935907,708.1518576372684,692.4944561553264,706.4385986328125,2396147
2021-12-10,706.2006571042161,711.6260257946668,699.4427213339001,701.91748046875,1084590
2021-12-13,703.868683244861,715.67123747952,700.0614151813323,704.725341796875,2203948
2021-12-14,698.252980410172,712.3874987784379,698.252980410172,711.054931640625,1561018
2021-12-15,710.9597160353239,719.2881147415882,700.7752625699467,704.2969970703125,3260708
2021-12-16,704.3445735930603,711.3880425667104,693.7317909018778,698.5385131835938,1028360
2021-12-17,693.8745484413262,696.8727950365069,679.1689651168175,681.1201782226562,2810650
2021-12-20,669.603226280672,681.1201881715904,659.8946817434576,674.1719360351562,2338685
2021-12-21,682.1197083831794,702.0602289959919,678.3124402040378,698.3005981445312,1660409
2021-12-22,699.5855095432267,720.5254839785342,699.5855095432267,717.95556640625,3623916
2021-12-23,722.4290721750527,722.4290721750527,712.5777898831117,718.3838500976562,1539991
2021-12-24,722.4291017203603,722.4291017203603,703.4879202161911,710.864501953125,1276729
2021-12-27,710.6741817414918,723.3809153724862,704.5825297427407,720.1447143554688,1315245
2021-12-28,727.0930607349003,728.1400362421028,720.7158749424163,725.046630859375,1955283
2021-12-29,722.4291291147725,730.7099489329721,718.2411109256619,721.8104248046875,1192837
2021-12-30,718.6217814204952,723.7139787531079,709.0084536749721,710.6741333007812,1686223
2021-12-31,711.9591365898381,720.620648302609,709.6271732535379,711.1024780273438,1131359
2022-01-03,716.7181783569914,729.948457476732,713.8627274472026,727.3785400390625,1157591
2022-01-04,732.0901001993069,732.0901001993069,719.097774354129,725.046630859375,1247395
2022-01-05,722.4291298406588,732.7563214366287,720.9062458217983,727.6641235351562,1156604
2022-01-06,729.0917948476425,749.0799511032567,722.8574053486794,745.0347290039062,5436867
2022-01-07,744.3208348776825,752.6016537387867,739.1334210208653,750.9359741210938,2052552
2022-01-10,753.9342749627073,785.2490796810423,753.5535829927773,782.0128784179688,7424271
2022-01-11,782.203172650566,788.1044494707767,776.6826458552582,780.0615844726562,2004689
2022-01-12,781.5369444060775,785.3442125470776,773.2561826748434,782.7743530273438,2242638
2022-01-13,783.4405410246798,804.1901978766468,783.4405410246798,800.4780883789062,4410699
2022-01-14,795.7190548843445,795.7666341180488,778.5863479609973,784.9159545898438,3690548
2022-01-17,785.6773308622915,790.6743699634218,776.3971153887637,785.0110473632812,2569165
2022-01-18,781.9651638516833,785.2489437808985,757.5034578629228,760.5968627929688,2820426
2022-01-19,759.5499761037888,775.7308653190324,751.1739980112286,774.065185546875,2193951
2022-01-20,780.4898727091055,783.3453234629193,765.2608020220986,769.4963989257812,1950781
2022-01-21,762.4053983806177,766.0698705034046,742.5124003287226,748.9848022460938,1449766
2022-01-24,739.2763069832456,748.1281938411315,719.097774105566,725.8556518554688,1663579
2022-01-25,718.145855426416,756.8372358849205,710.150570179975,753.0299682617188,2981161
2022-01-27,756.5517008680401,756.5517008680401,728.1399873446636,734.755126953125,2436411
2022-01-28,740.5136423711346,767.6404274708483,740.0853130928052,752.1734008789062,4007799
2022-01-31,765.0228888713692,773.5416623631976,737.6581510112735,739.0858764648438,5138792
2022-02-01,747.1763305664062,757.2655673337874,729.9484664369255,747.1763305664062,3693825
2022-02-02,748.699212586139,761.0728333154933,744.3208777196251,748.08056640625,1771793
2022-02-03,750.9359911490802,752.8872042694783,733.850865349896,736.2304077148438,1493402
2022-02-04,736.3256026888561,739.3714286859023,728.1399997851995,730.2340087890625,992052
2022-02-07,727.378558365773,737.5630118194822,714.1006996818523,720.1447143554688,1255955
2022-02-08,720.525486973884,727.140626907762,708.2470241298716,722.0960083007812,2063533
2022-02-09,727.6640979883192,735.2310547726561,723.3809214795587,733.375,1342782
2022-02-10,737.6581893235948,741.417878165459,730.9478909621564,732.9942626953125,2561635
2022-02-11,728.9490814773577,729.9961151133178,713.8628041213153,716.9086303710938,1621795
2022-02-14,708.4373712170263,712.9585019015224,681.5009621261512,686.9263305664062,1950243
2022-02-15,690.162527035142,710.9597646547387,681.6438108227592,708.8181762695312,1467359
2022-02-16,713.8627365931483,713.8627365931483,697.0155643906903,700.346923828125,1398493
2022-02-17,701.4891456815727,706.914514329449,690.7812041769354,692.0185546875,1174134
2022-02-18,692.9227444544474,700.7276551179859,684.3563918444337,690.0197143554688,1973922
2022-02-21,689.9721254005897,689.9721254005897,668.0326983832103,670.221923828125,2577455
2022-02-22,655.8019408889875,662.1791266790469,643.6662736228994,659.9423217773438,2841052
2022-02-23,666.3194809163986,668.7942399792373,651.8518508609471,654.85009765625,2713053
2022-02-24,640.5728248466664,642.238504554663,592.0301590707675,601.8338623046875,5453651
2022-02-25,624.5823275519999,631.8636927516357,613.5888528114758,623.1546020507812,3890925
2022-02-28,619.6329496466619,636.7180786943369,613.0653882329607,633.38671875,3060915
2022-03-02,631.6733538126462,663.4164264457534,627.7232901592172,656.3253784179688,8499711
2022-03-03,673.7913293943409,689.6866280422423,655.7543842373138,679.3594360351562,9676442
2022-03-04,677.6937561569614,700.4422074454574,670.8406616106707,679.3594360351562,10189495
2022-03-07,675.837710537342,699.585558460403,652.7085669581244,696.6349487304688,6969575
2022-03-08,695.2072469952818,705.2489059824476,673.5057702053891,689.3059692382812,4117923
2022-03-09,697.2058811647547,699.3950484219083,678.3599181118562,690.2576293945312,2888800
2022-03-10,696.3018018256107,706.6290524239382,685.3083257193902,689.3059692382812,4218131
2022-03-11,688.9727244203413,693.8746052949185,681.6913590979008,690.4956665039062,2559363
2022-03-14,692.9227256083219,698.2052979552956,685.4033486174367,695.5402221679688,2845328
2022-03-15,694.8264600004745,710.0555330963753,693.4463136322978,705.2964477539062,4051465
2022-03-16,713.8151596853849,720.1923451052255,708.0566785436572,716.1947021484375,2879590
2022-03-17,722.4291076156587,727.6641011491055,718.1935103197372,724.90380859375,2297497
2022-03-21,732.8991485914559,740.2757309311751,723.3809778305279,738.514892578125,3221656
2022-03-22,737.6581495941606,749.0799532007799,733.8984609547889,743.3214721679688,2788207
2022-03-23,742.8931789456659,758.0270926961804,742.4172704389742,755.6951293945312,2365083
2022-03-24,756.6944367343203,763.2143592722384,751.0311145512237,760.5968627929688,2117672
2022-03-25,768.1162285798929,775.2548552395574,753.458225267665,760.0733642578125,4762541
2022-03-28,756.7421367975322,759.5024294905171,740.5136676535483,743.1311645507812,2207764
2022-03-29,743.8450143331152,752.3162091991976,741.5130509738632,744.3209228515625,1636109
2022-03-30,744.3208524837372,747.6522117979227,736.706316908456,738.7527465820312,1113587
2022-03-31,741.037145718611,741.4178957727661,728.1400364307566,732.5183715820312,1874608
2022-04-01,733.3749515322828,745.7485717398358,733.3749515322828,743.8925170898438,1467955
2022-04-04,743.7974436405494,751.9354677805801,741.513059488052,746.5576782226562,1111794
2022-04-05,753.7915080804671,762.0723278554179,752.2209867441777,755.3143920898438,2326745
2022-04-06,757.8366580427924,772.6849790454828,753.9341737384153,766.4981689453125,2880663
2022-04-07,758.5981362680657,770.0199400763678,752.3637466415605,764.6421508789062,2227078
2022-04-08,767.1645118875907,780.0140415532018,766.8313991710171,770.7338256835938,3285707
2022-04-11,771.9236708763319,784.2972932208354,771.1146495761443,780.3472290039062,3167295
2022-04-12,778.253225369273,778.253225369273,761.9295399086499,766.8314208984375,3123878
2022-04-13,766.8313959818274,796.1473482188832,766.2126916887066,779.2050170898438,4974212
2022-04-18,774.4458514434106,778.3006983069865,754.124525574493,766.3554077148438,3037877
2022-04-19,768.1162850497161,784.202014876456,761.4535663442043,766.1174926757812,2907063
2022-04-20,770.4958215047287,787.0574596827589,768.1638583569176,785.4869384765625,3042831
2022-04-21,790.9598737382399,793.4822118561101,781.4417043791757,789.1990356445312,2691988
2022-04-22,788.9612137802065,788.9612137802065,772.209198041071,777.2062377929688,3147260
2022-04-25,766.2127443657911,769.9724334259498,753.3632138702156,764.356689453125,2050099
2022-04-26,774.7790173395898,779.8236356862092,768.2114569770021,773.20849609375,2022477
2022-04-27,770.8766207281539,771.1145749809907,755.9330820311362,759.9307250976562,1627577
2022-04-28,775.0169538791756,787.1526200283429,765.4987843504169,784.5827026367188,4606626
2022-04-29,791.9117557312152,793.8153897594152,777.0157962228297,783.250244140625,3236877
2022-05-02,776.2543117543304,797.3370807007318,773.5416566503,790.2460327148438,3855822
2022-05-04,790.8647340690446,807.1407808219574,777.5868758788807,784.487548828125,4888165
2022-05-05,790.3888274958041,800.8588140647335,779.6332493631937,783.5833129882812,2630497
2022-05-06,775.7308670273625,775.7308670273625,741.8937837715933,748.9371948242188,3256336
2022-05-09,734.8027215903552,767.7832037699218,731.5189413322639,740.1328735351562,6800255
2022-05-10,753.8390651744661,762.072305475013,741.037114885661,751.7450561523438,4027939
2022-05-11,762.4054299135514,773.5417006210364,745.0823486012748,753.9818725585938,3654568
2022-05-12,744.3209374399831,751.2216110927196,716.7182428290375,728.0924682617188,2998405
2022-05-13,736.7063108189317,756.6944665388252,734.8978353970326,743.8925170898438,3062695
2022-05-16,746.8907778308924,767.6403758761369,737.705720957458,763.5951538085938,3267900
2022-05-17,769.0680644129819,780.2043338952466,760.2161787558002,777.967529296875,1844532
2022-05-18,777.6344390228963,787.1526084111815,770.2578577469753,781.536865234375,1792368
2022-05-19,768.8777150330191,777.015738277831,764.309005324905,774.7789916992188,1801424
2022-05-20,778.5863070713636,788.104477084461,764.7849605523726,769.3060913085938,2235524
2022-05-23,770.9717514255035,776.063949015101,750.7456406627974,753.1251831054688,3341478
2022-05-24,750.9836708717557,760.3114665717077,745.8914727670643,754.3626098632812,1695450
2022-05-25,756.2185892234921,759.5499486473842,721.8580195462107,727.1881713867188,1484158
2022-05-26,727.1882295771079,729.0918636859485,697.7294801239391,711.4356689453125,2577097
2022-05-27,717.6700134090192,725.9508328749062,710.6741817414918,720.1447143554688,1529970
2022-05-30,723.7140712428773,749.8414609027615,723.7140712428773,744.8444213867188,1735999
2022-05-31,744.7968527826662,753.07767286058,737.6582248007237,742.0365600585938,1981316
2022-06-01,735.3737458833692,746.6052322703109,735.3737458833692,742.1792602539062,1136166
2022-06-02,737.6581592674805,749.5082922836048,731.9472573892806,737.9912719726562,1662461
2022-06-03,745.1774921975374,745.1774921975374,729.6152506510984,732.56591796875,1175685
2022-06-06,734.7550952871676,743.3690269382071,727.7116267237865,741.4653930664062,891806
2022-06-07,740.9895267697884,742.2268772380202,706.3433650935073,710.245849609375,2074139
2022-06-08,710.05546241176,712.6253798597237,694.826390831883,699.728271484375,2112443
2022-06-09,698.8240669685104,714.8145812688468,691.6854393260119,711.2928466796875,2312524
2022-06-10,702.4409221427794,704.2969768486015,697.2535080501013,699.014404296875,1103946
2022-06-13,691.0192133018993,697.1108659681781,684.879981399571,691.3999633789062,1517285
2022-06-14,687.1167312554132,696.6824807053684,677.9316737575866,681.2154541015625,1590761
2022-06-15,686.7359523583832,688.7347447824139,672.9821853527202,677.8364868164062,1108371
2022-06-16,687.3070985242186,690.5432998729925,646.6645551932163,650.7097778320312,1733865
2022-06-17,650.4717964495694,654.5645981535228,627.485391410464,633.1011352539062,2607500
2022-06-20,635.8137959368283,639.5734849418424,600.1682354289944,609.5912475585938,2523321
2022-06-21,611.3044858413274,625.296207762823,611.3044858413274,622.6787109375,1316846
2022-06-22,618.8714835900344,620.5371634976775,581.5602420399676,584.0825805664062,4180495
2022-06-23,583.4638362368569,605.0225150875704,578.2288426001477,602.6905517578125,3857527
2022-06-24,602.500183338816,614.1599420211232,600.6441285011394,609.971923828125,1901670
2022-06-27,616.7773926738862,634.38600650794,613.065283276556,625.4389038085938,2442598
2022-06-28,619.7280411178973,633.4342295018638,616.4443188603831,624.3919677734375,2692035
2022-06-29,620.6321944647664,622.4406698021061,610.6381170721154,613.350830078125,2371912
2022-06-30,613.9219477742147,614.6358105041847,599.7874889585274,601.9290771484375,3792264
2022-07-01,599.6447327086976,614.8738052854263,591.9826171873912,612.4942626953125,3575548
2022-07-04,612.3990878191634,626.1052179143595,605.4031979351142,622.9642333984375,3002770
2022-07-05,627.247344775534,639.2878519455893,623.0593271265686,624.7726440429688,2721295
2022-07-06,624.2968270868513,632.1493177588368,621.1557843426151,630.5787963867188,1674576
2022-07-07,634.8619102721073,651.6615027996351,632.4347886507959,649.85302734375,3320190
2022-07-08,651.9947204258251,658.942973710772,648.42540626291,656.9917602539062,3024014
2022-07-11,655.2784509539517,661.5128409294625,650.3289907410867,657.5151977539062,1822281
2022-07-12,653.898246984561,658.1338440460422,643.6662147355303,647.4259033203125,1083141
2022-07-13,650.7097072938815,653.1844082257605,644.3801010839197,646.7596435546875,1152719
2022-07-14,647.5210758879643,651.9946272852777,634.4811717233993,637.8601684570312,1460677
2022-07-15,640.0493614419141,643.8566294905306,631.1022582899451,637.0986938476562,1143520
2022-07-18,644.332541722811,654.6121538946632,642.4764869195168,652.042236328125,1868531
2022-07-19,647.1879557458475,654.6121164399383,644.570459097051,651.3759155273438,1909300
2022-07-20,659.6092133068647,663.8923900166496,652.1374727286276,653.1844482421875,1624888
2022-07-21,654.7549578911446,672.8870606859314,652.4705737824136,671.031005859375,2747265
2022-07-22,676.6943644609945,695.4451725507605,674.8383095366379,690.0673828125,5783131
2022-07-25,690.1624447363926,702.1553731200338,689.0203108759187,698.5860595703125,2179454
2022-07-26,698.5860777253937,703.8686502974073,689.1630664715228,691.3522338867188,1501349
2022-07-27,689.6570299459667,697.3734722390684,682.9051429395026,696.0230712890625,1463655
2022-07-28,700.1707335770408,704.8970193438428,693.9011239680256,701.9069213867188,1335287
2022-07-29,710.8771953014706,718.5936370415136,706.0544192139436,714.8318481445312,1518704
2022-08-01,726.3100842950935,752.738921004078,717.6773032585318,740.1514282226562,7797234
2022-08-02,739.042213674632,739.042213674632,704.1253032983577,713.385009765625,5611299
2022-08-03,713.6744850898453,718.0149839098684,699.302587670389,705.427490234375,3058290
2022-08-04,712.2276709105604,714.6872751990052,695.8302304918831,705.8133544921875,1781136
2022-08-05,708.9481289434872,723.4164581055991,705.0899078335906,717.0986328125,1828490
2022-08-08,717.0504257379129,724.911516023993,710.4431866819995,722.5966186523438,1589806
2022-08-10,730.1683363672796,740.1997346824647,725.3455600372447,738.1741333007812,3248773
2022-08-11,742.0806073957526,746.7587359924706,733.3996095683656,740.2962036132812,2071502
2022-08-12,740.7785136450591,761.9987314838498,740.7785136450591,760.937744140625,3744532
2022-08-16,761.9986535189975,775.7435659400679,758.236864465571,760.6000366210938,2269603
2022-08-17,759.1049527500643,765.5674844525336,756.0665802799265,762.4808959960938,982454
2022-08-18,761.0341856804641,763.4455741015048,745.6012997858032,746.5176391601562,2239104
2022-08-19,746.5175691438282,751.9190551516358,736.9202323538683,741.0195922851562,1693235
2022-08-22,733.3031439620725,735.907454965232,716.8092723950318,718.3043212890625,1749489
2022-08-23,710.8772205350378,734.991101828628,710.8772205350378,732.6279296875,1594035
2022-08-24,733.2548623882496,736.6308055310393,726.3100532915844,732.82080078125,1245022
2022-08-25,735.4733961875777,750.4240029297514,731.4222522637291,735.6181030273438,2516409
2022-08-26,739.3316210295025,751.3885620117187,731.2776080020948,733.06201171875,3643595
2022-08-29,723.4164632500373,729.2520109458977,713.1922007848164,723.8505249023438,1406170
2022-08-30,727.5158020158383,742.8039792784631,725.0079818983376,741.984130859375,3414234
2022-09-01,736.9684752493085,739.4763543866079,724.6703950064557,729.6378784179688,2440603
2022-09-02,733.3031927983425,735.087596617832,717.9185234440662,719.3653564453125,2098827
2022-09-05,715.0729979796965,727.0335064099787,713.7708719646889,720.3780517578125,1963379
2022-09-06,723.1270470583165,725.2972962638506,709.8161970387296,711.9381713867188,1799028
2022-09-07,709.9608560704847,716.6645266065028,707.9835296489543,714.8318481445312,1874233
2022-09-08,718.4489546110468,721.1497564092126,707.9835536943856,711.3594970703125,1993343
2022-09-09,715.7000122070312,730.0236344551844,713.8673336405377,715.7000122070312,2659280
2022-09-12,719.2688429787146,732.0009837216871,717.677303308926,729.5413208007812,2224393
2022-09-13,732.0974493249505,740.7784467477761,726.647688505242,728.9144287109375,2541324
2022-09-14,721.4873175664208,733.2066872493999,717.436173795034,721.7766723632812,2044162
2022-09-15,723.4164803803939,729.5896578950201,714.7354826158291,716.2787475585938,1449814
2022-09-16,719.8958024459114,726.5512573597515,674.2241339455245,678.4682006835938,6546670
2022-09-19,681.8923852548406,693.0812032541482,671.3787088722105,687.0045166015625,2189179
2022-09-20,690.4768658788863,697.95216921487,688.8853850078426,694.3833618164062,1342093
2022-09-21,691.5861427652711,698.7720914484161,680.0114792880281,692.0684204101562,2077807
2022-09-22,683.9661193135794,700.8458365609213,683.9661193135794,695.7819213867188,2203643
2022-09-23,698.3379259283188,701.5209461367865,675.1886024168829,677.9375610351562,2230894
2022-09-26,673.2595115284535,677.0695162405412,646.6378122717407,655.8010864257812,2182907
2022-09-27,659.0805627720664,663.4692772002371,648.6633782854805,653.6790771484375,1199827
2022-09-28,652.7145727005826,653.486205153714,637.1369813094601,640.1753540039062,1617322
2022-09-29,643.4066510893826,651.5089397877199,630.8192152205773,633.5199584960938,2121416
2022-09-30,633.5198423116126,650.9300518622445,631.2049451593343,648.2293090820312,1745532
2022-10-03,647.409518355894,657.6337808169609,640.4647085371586,641.5256958007812,1815744
2022-10-04,653.9684865926566,667.1829058394607,650.110265432818,665.4949340820312,2372225
2022-10-06,666.5077130287104,670.221227389057,659.2735482708011,661.6849365234375,1208462
2022-10-07,660.720335053786,675.0922315839597,659.707563832804,665.9771728515625,2367283
2022-10-10,655.8975939101391,662.4565580748839,653.4862056972341,658.791259765625,1009423
2022-10-11,662.1190077862796,662.1190077862796,636.7994307663757,640.6094360351562,1257522
2022-10-12,641.4292139856774,651.6052596662826,637.2816383613286,649.724365234375,1171443
2022-10-13,651.0748263959435,652.5216593434901,638.63203949833,640.3682861328125,745089
2022-10-14,650.1102973590034,663.2282263979486,648.1811866843476,654.2578735351562,2108845
2022-10-17,655.5118337806922,659.7559011378977,647.9883133490918,654.0167846679688,1360600
2022-10-18,657.296168344725,664.6267644892188,655.8975514973234,657.8748779296875,1238762
2022-10-19,660.7204006315985,664.6750539333801,651.653556986626,652.81103515625,938837
2022-10-20,651.0748261075464,690.4286704890237,643.2619517429692,688.210205078125,7210550
2022-10-21,687.4385323142722,698.3379947676432,672.102080427431,675.381591796875,5022081
2022-10-24,685.7988208431489,689.36768724074,677.9376715702839,683.0015869140625,545145
2022-10-25,684.7859941802,684.7859941802,666.6523677135108,669.8353881835938,2890000
2022-10-27,676.539163381988,683.8697606811954,671.137617960446,681.41015625,2548464
2022-10-28,681.9406140517818,690.5251799838916,678.5164544260202,688.5960693359375,1834544
2022-10-31,692.0684341423403,706.0544861215235,685.7988246344306,704.3182983398438,2733496
2022-11-01,711.6488582154832,713.2403979413211,686.039927867001,691.5861206054688,5060223
2022-11-02,695.0584587560268,702.4855456257841,688.4994951214561,692.1165771484375,1949252
2022-11-03,691.4896700801928,701.9068548221431,685.8952026314196,700.4600219726562,1665899
2022-11-04,704.1253307017627,713.7226671891084,699.3025544640793,712.66162109375,3318868
2022-11-07,716.2304872101582,723.3682195899058,712.854543844128,721.92138671875,3102187
2022-11-09,729.010888427814,732.5315388430769,720.8121683276308,726.8888549804688,3649011
2022-11-10,728.1910286720786,731.7116201609523,721.5355736158559,729.3002319335938,4929698
2022-11-11,733.0619967421424,742.61111735368,732.1456574718585,740.6820068359375,3077741
2022-11-14,744.3954874158603,757.1758440187241,741.4053897971091,746.6139526367188,3532456
2022-11-15,746.6140288869037,752.353144778481,737.4025374142933,742.94873046875,1649039
2022-11-16,743.1416535643928,743.96150203271,735.2322882139721,740.2962036132812,1407784
2022-11-17,740.296135223428,748.494854636326,734.122958234417,744.1061401367188,1846461
2022-11-18,748.494916499493,748.494916499493,733.3031704494067,738.8011474609375,2466319
2022-11-21,737.8847693817563,737.8847693817563,728.5285716426903,732.6761474609375,818375
2022-11-22,733.0620331554878,742.7075862233232,730.2165832261196,741.5018920898438,1288326
2022-11-23,745.5529636243284,748.5430612357633,739.0904319232055,741.2606811523438,907504
2022-11-24,744.9742636136656,752.3049192286164,740.5855487659095,746.7105102539062,1463574
2022-11-25,750.472190366787,753.2694241027738,743.2862420768453,749.6041259765625,867124
2022-11-28,749.4594080408111,757.1276338356616,747.964359219976,752.0155029296875,943112
2022-11-29,754.2822137790976,756.9829567343852,744.9260159770466,747.3856201171875,1266481
2022-11-30,750.3275494221846,765.4228036992191,746.9033312014144,761.7092895507812,3241756
2022-12-01,752.3530975391747,760.6965240285457,748.9289381644743,751.2438354492188,1517442
2022-12-02,752.449562682466,757.1759071804585,740.7784671523467,755.9219970703125,2337749
2022-12-05,759.58728662309,778.3961146728046,756.6936207692878,774.344970703125,4114694
2022-12-06,773.4768566135749,774.3449209909171,754.5715389260341,759.9730834960938,1575896
2022-12-07,760.069571683265,764.2171476731698,748.6396149979089,750.5687255859375,970940
2022-12-08,754.3304408030873,755.1503481096496,745.8905821494812,750.279296875,1500182
2022-12-09,751.8226046279922,754.2339927633877,730.2165433861355,736.630859375,1636084
2022-12-12,734.9911506325258,747.530369737805,729.7825283785421,745.6494750976562,1124301
2022-12-13,748.4948584603203,748.4948584603203,736.0038564577928,740.19970703125,1521073
2022-12-14,741.2608033161105,754.282300836953,735.5699030731013,753.2213134765625,1480610
2022-12-15,754.2822159511333,760.5518251630033,738.367054105617,743.4309692382812,1692394
2022-12-16,739.0422417642009,746.710467749493,732.1456482018796,743.1416015625,2566446
2022-12-19,743.6238662963146,746.4693159989924,736.1967792514237,742.8522338867188,884769
2022-12-20,741.7429622989745,744.2025663293814,722.4518579478959,728.094482421875,1598234
2022-12-21,734.4605861653666,740.296133488871,725.1526047167624,728.1427612304688,2220101
2022-12-22,728.4804199195459,734.4606747968506,701.6657932645574,703.4984130859375,2404863
2022-12-23,696.5053779938654,701.7140003077503,682.8569554415349,685.9917602539062,1175968
2022-12-26,687.1974004001733,699.640127815926,682.4228401330138,692.7918090820312,955078
2022-12-27,699.254378406039,699.254378406039,684.8342648575688,690.9591674804688,1693081
2022-12-28,690.6215503916903,705.9580022242401,688.6924399157359,697.9039306640625,3025343
2022-12-29,699.0132094497914,703.980633721077,691.5861221654299,696.9393920898438,1898772
2022-12-30,700.4600653035887,706.0544742266565,688.1137693319055,690.7662963867188,1387568
2023-01-02,693.1293631882982,698.3379849674299,686.7151062461261,696.4088745117188,1259229
2023-01-03,696.8911557353194,701.4727930913648,691.7790247755615,693.852783203125,1277112
2023-01-04,695.6372665100922,696.5053309225507,686.7633463281254,690.2839965820312,1354737
2023-01-05,693.7563937568398,699.0132318724891,688.1137688474681,694.7691650390625,1407487
2023-01-06,695.8302393963519,703.4984071810816,689.994632545835,692.6954345703125,1209522
2023-01-09,698.3380378286615,710.0574082829249,696.9876368587325,708.176513671875,1358106
2023-01-10,709.767937219325,709.767937219325,694.4797604851345,698.9649658203125,1484340
2023-01-11,700.267153383357,701.9069091807878,690.0428906705505,692.3577880859375,1400355
2023-01-12,695.830222516694,697.2770554782298,689.0300605000483,692.3577880859375,1272850
2023-01-13,695.4444212821816,697.9522416937074,689.0783793933621,693.3223876953125,1310587
2023-01-16,695.8783939900934,697.3734428470137,685.3165022722037,688.7406616210938,1079570
2023-01-17,689.657046840493,697.3734893226243,688.3066458574064,693.7081909179688,1349682
2023-01-18,695.6854888546559,707.9835685536464,695.4925660261978,706.3920288085938,1430862
2023-01-19,706.0544609470112,722.307193773923,704.1253503979757,721.0532836914062,3553403
2023-01-20,721.1015564412177,721.873247819,709.1411054188171,711.64892578125,979497
2023-01-23,716.6163768350307,726.7442075546445,712.0347391285387,722.885986328125,2526843
2023-01-24,723.4164468040104,726.8888221999573,716.664559967173,719.510009765625,1132275
2023-01-25,717.6291267585085,720.2816537727368,709.1892680768728,711.7935791015625,1865988
2023-01-27,715.3624394901412,729.8789845281876,709.1410462247551,718.3043212890625,4903817
2023-01-30,722.2107175117939,723.9469051251126,711.4559033116548,718.7383422851562,1189091
2023-01-31,721.4873467722987,739.5245422159625,721.4873467722987,730.3612670898438,3629320
2023-02-01,737.9812232017398,744.2508325389218,704.12535632967,715.8447265625,3623038
2023-02-02,714.7354497679104,718.5454548305031,659.9969386014747,671.71630859375,7698238
2023-02-03,676.2496721752192,692.5506796887505,672.7772967728461,690.3322143554688,2601859
2023-02-06,690.139300713314,691.2967788201037,676.4908199946593,689.2229614257812,1366976
2023-02-07,690.0428784295292,691.5379273555714,676.2979655387664,684.11083984375,1571287
2023-02-08,685.7987962396297,698.1450919081248,684.834240970657,697.035888671875,1050880
2023-02-09,695.4925612188756,697.1323169417632,688.7406743719821,691.6825561523438,1097590
2023-02-10,691.6825651008812,703.4983672358102,691.1520714732612,701.13525390625,1282246
2023-02-13,704.1252904222963,710.2984672021066,699.3025144604998,707.7905883789062,1265376
2023-02-14,710.3949714033935,739.7656917714138,709.5268480932913,734.6052856445312,7326901
2023-02-15,733.9783375379601,743.0933965275947,732.2903658314272,742.08056640625,2786352
2023-02-16,742.707473188028,746.2763390543254,739.8138077080746,743.0450439453125,1575168
2023-02-17,735.9556404439387,752.3530793529125,735.9556404439387,742.8522338867188,2374926
2023-02-20,734.9911540697392,742.4664578020758,728.2392668276286,731.084716796875,1149759
2023-02-21,734.7499636068243,737.0166449015331,717.9184626760007,720.66748046875,1964019
2023-02-22,718.6418959569644,722.7412558762425,710.4431761184084,713.095703125,1950321
2023-02-23,716.6645250233894,729.8307272619652,713.7708593772653,718.7383422851562,2936268
2023-02-24,722.3071492603121,728.046264564365,709.9126382953078,712.131103515625,2100294
2023-02-27,709.9127130898654,711.8418237232618,679.0469429555235,683.1945190429688,2252550
2023-02-28,682.9050883994256,685.4129083956841,668.6778990577709,669.59423828125,2676043
2023-03-01,674.4170669807547,689.1265350755739,669.931861357228,688.0172729492188,1835234
2023-03-02,688.3548808583961,690.6215621575473,679.1433310813562,680.8795776367188,993892
2023-03-03,683.8696732641945,689.5122979363505,679.8667454220459,684.834228515625,1154106
2023-03-06,688.2583729394983,693.0329331047637,683.8696584151392,685.8469848632812,1066876
2023-03-08,677.1660548892836,692.2131532989621,677.1660548892836,691.2968139648438,1007033
2023-03-09,691.2967304981868,697.5663393606186,685.7505380429586,686.8597412109375,1212451
2023-03-10,684.8343023998784,689.5606471905078,680.0597416158317,686.4258422851562,1344227
2023-03-13,686.7633485928438,693.4188034692118,677.3589347602874,679.7221069335938,1173419
2023-03-14,683.1462592226379,683.869675663749,663.2281696619984,672.9219970703125,1690322
2023-03-15,680.7830552515333,689.560542983123,675.3333536396378,677.5518188476562,1248597
2023-03-16,680.8313087302073,680.8313087302073,667.520457877307,671.71630859375,713926
2023-03-17,680.4937371270962,692.4059710603393,672.1020945759777,690.2839965820312,2568540
2023-03-20,688.6924867538794,689.36768724074,675.4298513296976,683.0015869140625,913310
2023-03-21,683.5321433772308,694.4798225873596,679.6739221406344,683.0498657226562,838991
2023-03-22,684.8342577881505,691.7790676696544,684.8342577881505,690.7662963867188,569287
2023-03-23,692.3095804209336,692.7436420889713,683.001598041064,684.544921875,914840
2023-03-24,688.4996200704209,688.4996200704209,669.594358127181,672.1986694335938,982591
2023-03-27,673.6936404586575,682.905131517625,668.6297252885055,675.815673828125,1355800
2023-03-28,679.1916275148152,690.1393064513898,677.5036557659822,689.3194580078125,2618934
2023-03-29,689.271166805904,692.5506782460322,673.6454186559951,682.326416015625,2871532
2023-03-31,680.0114866688813,696.8429884324181,680.0114866688813,692.213134765625,1383231
2023-04-03,693.0329658843895,705.3310456547805,692.3577654167567,703.7877807617188,1768965
2023-04-05,703.787774897833,710.1056001293517,700.170692642561,706.3438110351562,1500202
2023-04-06,707.98353921018,707.98353921018,697.3734316743326,700.4118041992188,1391534
2023-04-10,704.0771880675497,712.8064021928477,701.5210928465604,711.6007080078125,883124
2023-04-11,715.6999751519385,717.629085597092,711.5523994692143,716.23046875,731229
2023-04-12,719.5582633712687,721.1980191774368,709.9127102429676,713.6744995117188,1347769
2023-04-13,713.6744922281545,717.7255774032693,707.9835923918229,710.8772583007812,994060
2023-04-17,716.6163816983128,718.1114306593784,706.054489244681,711.02197265625,1043080
2023-04-18,711.0219171431978,716.7609737110895,709.1892386425366,712.46875,1280463
2023-04-19,715.6035563724721,715.6035563724721,705.5721583240068,709.8644409179688,1012743
2023-04-20,712.2275607473895,712.8062703004117,704.7522581833459,706.1026000976562,1084257
2023-04-21,706.5367191215656,717.5326724968796,705.0898862496443,708.6587524414062,1829162
2023-04-24,708.9480736606594,712.9992172845043,697.6145500341114,703.9805908203125,1049786
2023-04-25,694.3833732543111,695.6372833505162,680.3008307695501,689.3194580078125,3407713
2023-04-26,689.3675813080201,691.3931235855601,682.4227724150946,689.9945068359375,3621655
2023-04-27,690.910945328555,704.8487811014277,690.910945328555,701.4246215820312,2470510
2023-04-28,707.0189396965555,715.6035042593168,704.8969065479407,714.0601806640625,2374556
2023-05-02,717.9184550630739,733.0137681536451,717.1950386313555,725.8278198242188,2225369
2023-05-03,724.863311773573,729.0108878110942,712.3723087983276,713.5780029296875,1031469
2023-05-04,714.0120634964208,716.4234517554428,702.3409678714677,705.5722045898438,1655943
2023-05-05,709.0445738258657,709.0445738258657,684.496688664847,689.5123291015625,3930399
2023-05-08,693.2259285344876,699.3026153486776,675.6227937343311,690.0429077148438,6201290
2023-05-09,684.8342083404749,684.8342083404749,668.0991987698804,669.7871704101562,8030712
2023-05-10,671.1375313114618,671.1375313114618,653.2932591828505,655.6082153320312,5803203
2023-05-11,658.0196237484366,663.083538968114,656.2351611574809,658.69482421875,2228828
2023-05-12,660.7684951610369,661.4919115251001,649.1456173527752,654.1613159179688,1805619
2023-05-15,655.318877375408,656.8139262772827,651.074810616749,651.9911499023438,2432818
2023-05-16,653.0039043996294,653.8237528136051,647.2165728983033,649.0009765625,1866298
2023-05-17,649.3867982431457,659.2252732066288,648.3258110557746,653.7755126953125,2527136
2023-05-18,654.9329757184582,657.6337184831481,648.3257961984334,649.4832153320312,1408554
2023-05-19,650.1102687812851,652.0393793711405,633.7610447579035,644.3229370117188,4632213
2023-05-22,644.3229222145928,648.2293592949807,638.4873745886523,646.6378784179688,2116815
2023-05-23,646.6861212036223,657.5855844632736,646.6861212036223,656.5245971679688,2087867
2023-05-24,656.5244843369877,660.5273528738679,650.1101690608969,658.0677490234375,1920527
2023-05-25,658.3089675891392,661.1544173919028,650.2549546845634,651.846435546875,2210598
2023-05-26,652.0392941883991,664.5302954002391,652.0392941883991,663.7103881835938,2131442
2023-05-29,665.5431518554688,666.989984794285,661.9260695084282,665.5431518554688,1116759
2023-05-30,666.5077257018645,669.4013916600492,659.8522704493259,664.6268310546875,900153
2023-05-31,659.9969240543024,666.5558879227221,657.826674760737,660.8167724609375,3370272
2023-06-01,660.7203296177468,660.8167615916071,652.5216101991324,653.9202270507812,2470088
2023-06-02,654.9329925332302,660.2380462282711,654.8365605602135,659.1287841796875,1168519
2023-06-05,664.5785965629246,666.989984794285,660.3828045890707,665.5431518554688,1227013
2023-06-06,666.5077013351045,672.2468170500454,665.9289917133383,669.4013671875,1618425
2023-06-07,672.2950312484691,673.0184477096403,668.2438872915537,669.3531494140625,1147072
2023-06-08,670.3659301141478,674.1277193138613,664.6268143337779,665.5913696289062,1312986
2023-06-09,667.4722575138966,667.8581031767795,653.7755606865093,656.1387329101562,1411515
2023-06-12,656.1387367642171,658.3572021593684,650.3031890274771,654.8848266601562,2017017
2023-06-13,652.1357113208339,659.7557205306431,652.1357113208339,658.0677490234375,2175343
2023-06-14,657.8267543796916,665.0127035735925,654.5955174780075,658.5501708984375,4009140
2023-06-15,658.550083927824,663.6139988902861,652.66632056777,656.669189453125,1890165
2023-06-16,657.1514851397394,671.1375363730499,656.9585623138893,666.3629760742188,3397721
2023-06-19,670.3176994000478,671.3304706633301,657.3444191911773,661.299072265625,1510117
2023-06-20,660.7203295871587,660.8167615610147,654.643643439764,659.2252807617188,1537058
2023-06-21,659.2735518227726,662.6494953946521,657.8749348543514,661.7813720703125,1194618
2023-06-22,661.7813432441453,661.7813432441453,647.264798291738,650.49609375,2165875
2023-06-23,650.833694569761,651.7982498784971,641.9115579639509,643.2136840820312,1884124
2023-06-26,648.8081510733668,656.7174574966447,643.8406676915276,655.1259765625,2550546
2023-06-27,654.9330818976246,656.8621925954085,648.2776264415556,650.4478759765625,1844795
2023-06-28,651.8946696490267,657.826708235346,650.1102659100047,656.2351684570312,2993257
2023-06-30,656.8621067058423,663.8551320709192,656.8621067058423,663.179931640625,1756332
2023-07-03,663.9998220779637,664.5303156626888,653.9684244666378,656.1868896484375,1650880
2023-07-04,660.6239762428852,664.1445679125626,651.8464873214534,652.9557495117188,1707986
2023-07-05,654.9330019319294,654.9330019319294,645.4803724412884,646.05908203125,2257766
2023-07-06,647.2165693370262,650.110235071767,645.7697364696558,648.904541015625,1668647
2023-07-07,649.0009676051491,652.0393401501226,638.3426440116665,639.5001220703125,2924889
2023-07-10,642.87611947875,642.87611947875,635.4972477469717,636.7029418945312,1532305
2023-07-11,631.7354250209688,631.7354250209688,617.4600201741317,621.4146728515625,3874013
2023-07-12,624.8871520150777,628.1184477196243,619.7268045068092,621.0289306640625,2355259
2023-07-13,619.7267854572665,626.4786726139994,607.6698441059578,608.6343994140625,4725978
2023-07-14,609.5989063965666,617.41178022414,609.1166287807465,616.8812866210938,2430626
2023-07-17,620.2090194376783,624.0672403984104,614.662826806626,620.9806518554688,2618535
2023-07-18,622.7168527789655,623.1026984319702,615.7238271386686,617.2671508789062,3048982
2023-07-19,619.6302878176061,622.8133082227141,615.5791441784788,616.4954833984375,2990583
2023-07-20,619.2443920492024,620.8841475408211,614.4216164101898,616.736572265625,2365174
2023-07-21,617.3153724923985,617.7976501271581,611.2869020579025,612.1067504882812,2618007
2023-07-24,615.1933544290357,615.1933544290357,608.3450353937977,609.74365234375,1626647
2023-07-25,612.4926436061677,612.4926436061677,601.930750812145,603.8116455078125,2391696
2023-07-26,605.7407133163657,613.3124486841075,605.3066516678176,609.5025024414062,1885345
2023-07-27,611.7209829379112,614.7110808187264,603.1364172205513,604.5350341796875,1822820
2023-07-28,605.7406579553463,608.1038299398776,600.1944656253411,602.99169921875,1972225
2023-07-31,602.8470940886177,608.6344261918684,598.9888726864506,602.5577392578125,5257210
2023-08-01,598.9888560361446,606.0300981250145,589.3433027988476,603.5222778320312,7565764
2023-08-02,606.5123295800831,607.2357460177673,592.2369236508042,597.2044067382812,2977294
2023-08-03,600.087218672356,600.087218672356,578.1411478987599,588.2814331054688,6714021
2023-08-04,592.2493379048416,595.0415565215768,588.2814262606589,591.1226196289062,1698361
2023-08-07,592.249308903579,597.3929133233372,591.759441815983,594.502685546875,1586290
2023-08-08,596.0703274135517,596.560194526877,589.9469884969851,592.1023559570312,2297368
2023-08-09,591.7595079963295,604.3981041890552,590.583814894968,602.7325439453125,4701339
2023-08-10,603.4672347855609,606.3574623590323,593.9638019940119,597.294921875,2552655
2023-08-11,598.6176157207507,599.4994004487975,585.9300454573666,587.546630859375,1772170
2023-08-14,587.840593084302,588.3304602452056,574.1243125790016,578.337158203125,2087103
2023-08-16,578.3370961122172,580.9823904567423,571.185048290524,577.8472290039062,1504238
2023-08-17,577.0634929429505,579.3168698352029,572.1648215257777,573.0955810546875,1816344
2023-08-18,572.1647464870098,575.7408000718444,565.2576326543035,566.7272338867188,2394208
2023-08-21,570.2052938331567,578.0431672879081,568.3437749683618,573.830322265625,1884006
2023-08-22,578.0432118679487,578.0432118679487,571.1850720661256,572.017822265625,1199386
2023-08-23,573.144471855994,576.0346995284173,571.5278866058276,573.8792724609375,1218953
2023-08-24,577.0634593859139,581.8151464649603,573.1445224800673,574.5161743164062,1673004
2023-08-25,573.1445522199601,576.8185557598316,568.2458808334648,571.3810424804688,1132264
2023-08-28,571.3810102137581,575.6428301600441,570.2053171877454,573.29150390625,1005968
2023-08-29,577.5533126178751,588.8202559513876,577.0634455164181,585.4891357421875,6318164
2023-08-30,587.8405032088476,595.1885094989583,586.4688514487357,587.7425537109375,3729681
2023-08-31,589.7510397435217,589.8979640010845,578.288137136693,579.169921875,7321307
2023-09-01,580.9823820958683,592.2983001753577,579.0229136908232,590.7797241210938,2466406
2023-09-04,592.739165719916,596.5111183097517,587.1056943101812,595.1395263671875,4215928
2023-09-05,595.7763307063664,599.8422514710722,591.563485693655,595.7273559570312,3465504
2023-09-06,596.6580935314852,598.6175618189449,591.6124387719857,597.0009765625,2896499
2023-09-07,596.9520327679701,603.4183143308112,594.7476308302759,599.8912353515625,3079054
2023-09-08,601.9976759063853,602.4385682448675,593.7189101663671,594.502685546875,2137652
2023-09-11,597.6378590019273,606.7983498066814,595.7763401119737,605.4267578125,3724960
2023-09-12,609.3457024989848,609.7375603031653,590.1428761472255,592.2493286132812,2923292
2023-09-13,592.7391792030553,598.4216254903148,591.3675274310624,595.9722900390625,1430448
2023-09-14,598.568623064209,620.661617374156,597.6378636120523,618.9470825195312,9184356
2023-09-15,621.9352543282723,622.6210802236484,614.9301907208228,621.788330078125,3745966
2023-09-18,621.7882824150528,626.0990766588333,615.2730266057497,617.3304443359375,2579565
2023-09-20,612.382892946109,615.5670293207089,607.9251139813159,609.8845825195312,2474148
2023-09-21,614.2933060334335,622.1311791566671,609.4925848261623,612.3828125,3925418
2023-09-22,614.7342377617326,616.7426809186605,600.1851489651741,602.340576171875,1850344
2023-09-25,602.3406298755369,612.137972781119,600.6750696219408,604.4470825195312,2303387
2023-09-26,604.4470344659095,610.374414492912,602.5365407915584,605.0348510742188,1906824
2023-09-27,605.0837958595931,606.0145552751809,596.7070807157584,602.6344604492188,2018781
2023-09-28,602.6344883744997,606.3575262093717,590.3388360043018,592.7391967773438,2158105
2023-09-29,601.5568284102434,608.904835271932,596.903090731174,603.76123046875,2002347
2023-10-03,603.4673645662809,603.4673645662809,593.7679709078747,594.69873046875,2407302
2023-10-04,592.7392291240885,594.4537640843648,585.6851304707336,590.8287353515625,1922433
2023-10-05,593.9149247888571,597.0500864038214,589.6530448472195,592.0534057617188,1413612
2023-10-06,595.2864852128987,600.5770738940638,592.7392001727709,599.7443237304688,1750968
2023-10-09,594.2577471000398,598.5686013546085,586.1749402213943,597.5888671875,1866768
2023-10-10,597.6378186713987,612.8236976704261,596.8050685810649,609.1986694335938,3281868
2023-10-11,613.2155920212034,616.8405603225466,611.2561238374619,615.028076171875,2053212
2023-10-12,616.3997853599417,616.6447189057736,607.1412853678487,608.0230102539062,1645852
2023-10-13,606.3085051476172,612.4808786436666,603.9082041194113,610.4234008789062,1171758
2023-10-16,609.3946966791245,620.1717733084981,608.8068800549971,618.163330078125,1917226
2023-10-17,622.0332424849171,622.0332424849171,611.3541162150742,612.2359008789062,1462594
2023-10-18,612.3338893101281,615.5180255345408,605.7696580570773,607.9740600585938,1222311
2023-10-19,601.9487157097027,605.1818266063528,594.9925670187336,601.1159057617188,1842555
2023-10-20,600.5770301686318,600.5770301686318,589.7999545864867,591.2205810546875,1174201
2023-10-23,590.7797765886539,595.678448036321,573.2425088867114,574.8101196289062,2109981
2023-10-25,574.8100693410017,580.7374493144683,566.1393857582542,568.392822265625,2986843
2023-10-26,568.3927669201004,569.1765422471927,548.6511007161147,549.6798095703125,4015200
2023-10-27,553.5498406956816,555.2643756004912,545.026140923553,547.3285522460938,2425358
2023-10-30,548.6511259407957,551.7862871915314,521.1206201477003,527.7338256835938,7164172
2023-10-31,524.1088129299297,532.6814870274902,517.4466324480428,529.5463256835938,5210230
2023-11-01,520.826624784231,529.6442317035908,518.818181834466,521.2675170898438,3767073
2023-11-02,524.5006712550539,531.5547693364057,524.1577882100959,529.791259765625,1797928
2023-11-03,533.9062115977396,540.7153768512387,532.9754520655515,539.1477661132812,1809034
2023-11-06,540.862237654002,544.1933577578534,537.2862438053965,543.4585571289062,1069714
2023-11-07,542.7237871598682,544.7812051178577,539.3436921161153,540.8132934570312,1479349
2023-11-08,544.6342522518389,546.49571130694,541.8909487209893,544.4382934570312,1190583
2023-11-09,544.4383068388365,546.4957247393147,537.6781169402996,539.2457275390625,1794405
2023-11-10,538.8538029870246,539.2457205812159,533.955132050779,536.0615844726562,1414936
2023-11-13,543.7525223796488,545.2221237914857,538.9518005150212,541.4991455078125,1449034
2023-11-15,545.7119000414035,553.3048394046367,545.0750489497135,550.4146118164062,1766163
2023-11-16,550.3656713932775,552.1781556930829,544.7321999014905,549.48388671875,2112355
2023-11-17,548.9940707677197,554.2356849576719,547.3285703579479,550.36572265625,1787739
2023-11-20,550.3656754328732,552.5211025878057,543.5565109244808,545.4180297851562,1079422
2023-11-21,545.3200455527113,552.5701027348368,545.2220960495332,551.6393432617188,1333644
2023-11-22,553.4518454395159,558.0075733596044,551.6882761303441,554.4315795898438,2648583
2023-11-23,556.5379721341126,560.1140257021001,553.5987696831289,554.4315795898438,1264347
2023-11-24,554.039683497315,556.8319020147471,546.740651834654,547.6224365234375,868199
2023-11-28,547.6223973658795,553.4027927847292,544.8791537943723,552.129150390625,1284890
2023-11-29,553.549791058577,560.3099805677865,551.6882722667,558.4974365234375,1780095
2023-11-30,558.4484760196502,561.2897290274624,554.7254981391648,559.0853271484375,3931052
2023-12-01,559.085336790912,564.2779160136365,557.51772621541,563.494140625,1811072
2023-12-04,566.776173263503,572.9974608398458,565.3065721228024,567.1680908203125,3025773
2023-12-05,566.7762395521653,572.06682819675,565.1596541890337,569.6174926757812,1870544
2023-12-06,571.185106135633,584.2155605766784,571.185106135633,576.6226196289062,3437918
2023-12-07,581.9621795342057,581.9621795342057,573.6344379078745,574.6631469726562,1824646
2023-12-08,578.0432277417503,583.8236839384618,568.4908184697468,573.3405151367188,2175978
2023-12-11,573.1444958632067,591.4655370068558,571.7238693411649,590.19189453125,4467164
2023-12-12,593.7189403104368,594.4537409791378,583.7746140080568,585.587158203125,2339706
2023-12-13,588.8202596807455,590.4858197958945,580.7864272063205,587.2036743164062,2110586
2023-12-14,590.8287402786823,591.7594997959552,584.4114927620651,587.0078125,2026994
2023-12-15,589.2611760280683,600.3811358350642,589.2611760280683,598.4706420898438,4941179
2023-12-18,601.3608242285526,602.2915836537876,592.7391754543172,594.2577514648438,1685280
2023-12-19,594.6985898967575,599.5972603242433,585.7339990951697,586.6157836914062,2396755
2023-12-20,592.7392398805816,592.7392398805816,557.4688057719851,560.5549926757812,5509320
2023-12-21,560.5550033265367,568.196918902285,554.2357051356972,565.6986083984375,3089260
2023-12-22,569.22551463553,573.8792516312593,565.6984957791088,569.8623657226562,2464945
2023-12-26,575.9857372975189,582.9418259228535,573.1444843107047,574.22216796875,3443852
2023-12-27,578.1411731148916,580.2966004845964,569.3235646191998,571.3810424804688,2155491
2023-12-28,574.0262890617208,579.0229095394701,570.2053017799858,577.5043334960938,2270681
2023-12-29,580.0026756731588,580.0026756731588,573.1935106798493,575.3489379882812,2223633
2024-01-01,576.0837138290502,587.7425748139303,575.2999384229425,580.6884765625,2825708
2024-01-02,580.9823885675903,591.5635061130537,577.1124264648716,582.4030151367188,3406640
2024-01-03,583.2847106087096,584.7053371061322,573.4383942203137,574.9569702148438,2435233
2024-01-04,575.1039935571639,577.259420824861,570.8421735719019,575.7408447265625,3606404
2024-01-05,577.3573685952092,578.9739539906864,564.816782436576,569.4705200195312,2433275
2024-01-08,569.2255932836739,570.9891029555431,548.7001490016643,549.532958984375,5345743
2024-01-09,554.5295738638538,556.440067570911,542.0379624384755,546.8386840820312,3590645
2024-01-10,549.6308658928845,550.3656665157359,540.715308921578,547.2794799804688,2204496
2024-01-11,550.5616825002863,554.6765783753539,549.1900306091859,550.8555908203125,1620693
2024-01-12,554.6275003019781,556.8319022265459,551.0025316423832,553.6477661132812,1441096
2024-01-15,556.4890131343572,560.0650668035437,553.0599435111701,556.2440795898438,1659661
2024-01-16,556.4890675168843,557.6647606050881,549.1410604634044,553.0599975585938,1653823
2024-01-17,549.630961506423,551.100563007777,538.4619661768368,539.8336181640625,4724845
2024-01-18,538.8538333655033,540.8133018504687,528.2237407538587,533.17138671875,3512857
2024-01-19,537.8740820738628,545.907914567217,531.7507432524392,542.1849365234375,2415540
2024-01-23,547.1325663523407,547.1325663523407,522.737161280971,524.2557373046875,2849229
2024-01-24,528.9585202367165,535.9146091602726,524.2557482226857,534.68994140625,1386191
2024-01-25,534.6899601141549,536.502444534232,525.1375512985562,526.4111938476562,1723625
2024-01-29,531.2118721536867,531.7017392324344,523.5699576848675,528.7135620117188,2162690
2024-01-30,530.918027847894,536.4045158717634,523.5700207811575,524.4027709960938,1912294
2024-01-31,527.9787936063082,531.7507464235067,523.2760215248254,526.8031005859375,3570913
2024-02-01,525.4314442743862,528.0767385980672,515.8300609867947,519.30810546875,3662000
2024-02-02,523.0800775762414,529.6932829746014,518.5242899380808,522.8351440429688,4224992
2024-02-05,513.3807226253462,514.3604568288296,460.52405038776607,464.3940124511719,23096694
2024-02-06,466.54946832749073,476.1508521519785,458.8095437250683,472.0849609375,6661787
2024-02-07,474.19136859652986,475.17110282916735,467.578162526227,468.11700439453125,3069307
2024-02-08,470.272410330612,472.03591990970597,454.1557709752608,455.429443359375,5214678
2024-02-09,458.417649366607,458.417649366607,444.11352334391586,448.6693115234375,5881661
2024-02-12,452.4412281405325,456.3601648239467,445.82802248727086,449.1101379394531,4404671
2024-02-13,452.68616967032654,470.2234355573198,442.98680718756594,469.3906555175781,7706461
2024-02-14,469.4886456450558,472.6237771792788,462.67948092223435,471.64404296875,3210526
2024-02-15,477.03258786399834,480.51066229996724,474.87719050986254,477.4734802246094,3568439
2024-02-16,474.24032239154104,484.18464833265807,471.30111982351383,480.9515075683594,3374827
2024-02-19,483.69475283408866,489.86706590484454,481.58830053140747,487.4667053222656,3383768
2024-02-20,487.5157415554952,495.20666096833475,485.21336021674375,487.95660400390625,3033673
2024-02-21,488.88736319254485,490.06305618592035,481.0005148842549,482.1761779785156,1697299
2024-02-22,483.30288486713295,484.1846695955563,474.2403432177356,482.3231506347656,2881064
2024-02-23,483.9887221721471,486.5360372160344,478.0123372343276,478.796142578125,1341328
2024-02-26,478.69812715385655,483.1069309714643,475.90587875621543,479.2369689941406,2253561
2024-02-27,479.971784688486,481.53936540819336,471.7420232839168,474.7792053222656,2920314
2024-02-28,474.3873358976185,476.1508455882989,464.3940345861187,466.2555236816406,1572519
2024-02-29,462.434559645718,465.37376235533065,457.3399296560764,460.1811828613281,5632071
2024-03-01,464.39401946771375,468.21497693920725,461.6017709657746,464.932861328125,2877161
2024-03-04,466.40245614184334,470.4193723605407,460.47507616363833,464.6389465332031,1820722
2024-03-05,464.3940129820523,481.09846921089564,463.90414587975056,464.6389465332031,6182475
2024-03-06,467.2842326953723,467.82307453886017,455.086530101153,463.6102294921875,3213293
2024-03-07,465.3737397340902,476.101841062343,465.22678558557607,472.5257873535156,5420581
2024-03-11,475.26904850079063,478.11027159396474,465.86359455518493,466.8923034667969,2888338
2024-03-12,468.99878118803844,469.24371474205367,462.7774629362281,464.4429931640625,3030937
2024-03-13,464.44298903732454,467.1372581075527,440.9293680607877,442.74188232421875,3446385
2024-03-14,442.6928931586296,454.79261620530707,438.7249518085731,452.73516845703125,2505609
2024-03-15,452.8331511918026,467.82307222707675,450.1388821894477,465.52069091796875,6120565
2024-03-18,465.37373540797427,465.37373540797427,453.6169252502991,456.6051025390625,2951978
2024-03-19,454.5966793326258,461.8957112513842,450.92267599750215,451.7064514160156,2538838
2024-03-20,451.6574528754868,455.2824812681895,440.1455763651029,446.2199401855469,3018788
2024-03-21,447.73855877174566,452.5882553395328,443.08482101645944,446.31793212890625,3138092
2024-03-22,446.3669008487142,464.736916824991,445.77905435765047,460.4750671386719,7019704
2024-03-26,458.515607144733,461.5527891547882,454.9395832825084,455.9682922363281,5072326
2024-03-27,455.57639564824024,457.7318228131035,444.2604777804943,446.2689208984375,27876181
2024-03-28,449.15914977917026,450.38381751234596,442.9378317148147,446.7587890625,5435115
2024-04-01,450.6777415840678,458.85852830786257,449.1591655014199,456.7521057128906,2840448
2024-04-02,453.61693880019976,467.2842429763962,451.6574703820563,465.6186828613281,5564890
2024-04-03,465.3737465354836,473.16264541082876,460.9649426209369,467.039306640625,4788697
2024-04-04,470.27242145817496,486.68296949864254,463.51226137953677,482.9599914550781,9778795
2024-04-05,489.3772599505607,490.45497360995483,479.97180513084675,484.3316345214844,6753966
2024-04-08,490.4059510804176,490.4059510804176,473.26060225772034,479.1390075683594,4603981
2024-04-09,482.715069594788,486.4380477285321,476.9346136883887,479.9228210449219,2166661
2024-04-10,480.5596060720965,498.6846880544284,479.48189251494597,494.0799255371094,7937541
2024-04-12,495.3046190593924,500.7421618770253,490.3569732470157,491.87554931640625,5337775
2024-04-15,484.96842821302846,489.4262068561487,476.64068752654214,480.0207824707031,4994330
2024-04-16,478.15924568774227,482.0292075863432,473.260574878938,474.8281555175781,3104362
2024-04-18,478.4041965573228,482.8620050942773,466.54943668989483,468.704833984375,2706609
2024-04-19,463.6592158049449,480.0207891041422,457.0949846252393,477.6694030761719,3209153
2024-04-22,482.0292264882438,484.57654138853314,477.7184019872776,483.4008483886719,1860795
2024-04-23,484.870435987384,490.4549327302446,482.27414641009807,485.4582824707031,3014860
2024-04-24,485.8012262696499,493.68807489956305,485.5562927109679,488.3485412597656,1683615
2024-04-25,488.887362024683,496.67626081418103,486.2910723945552,495.64752197265625,4660938
2024-04-26,498.684685331936,503.4854066149332,492.3164133188563,498.1458435058594,2825380
2024-04-29,500.5951876332864,500.5951876332864,494.27589025805213,496.7742004394531,2501739
2024-04-30,496.62725883338794,503.2894693172046,496.03941233494606,496.8721923828125,3509055
2024-05-02,497.80293898730866,500.056315624233,487.22179198568534,488.10357666015625,2405482
2024-05-03,490.699874629349,493.73705659562205,480.1187274467637,483.5968017578125,2196892
2024-05-06,485.2134033690927,488.2015809708303,471.35016925265637,473.6035461425781,3652474
2024-05-07,475.1711015210576,476.5917281141175,460.8669757841057,464.49200439453125,4535131
2024-05-08,465.8636037986257,470.22343287058254,461.60175412474604,468.1659851074219,1861827
2024-05-09,468.1659726820676,472.47679699101724,454.93956156878875,456.99700927734375,2726979
2024-05-10,461.45479661970546,494.7657585837606,455.03754973039344,491.72857666015625,6834995
2024-05-13,492.26745009655235,529.0564565507605,492.26745009655235,523.2760009765625,27039443
2024-05-14,521.0226597803395,521.0226597803395,491.4836782592967,499.71343994140625,15011896
2024-05-15,502.55467262171624,510.73542931754895,499.713419506752,504.3671569824219,4234215
2024-05-16,505.68981779997836,509.26581165593336,495.5985378688968,499.6644287109375,2398088
2024-05-17,499.7624412437578,504.8570413465787,499.7624412437578,500.8891296386719,1911312
2024-05-21,498.1948738749734,503.5834123337981,498.1948738749734,501.7218933105469,2372489
2024-05-22,503.5833831649988,511.4702315837151,500.0073592838253,505.1019592285156,2807354
2024-05-23,505.1019557087471,507.2084081616189,496.92119904413636,500.4972229003906,1824121
2024-05-24,506.0327192168567,511.42125736921435,502.9955670866383,505.3468933105469,4320492
2024-05-27,507.8942155746769,518.9162249421983,506.3755797787916,514.3114624023438,6701240
2024-05-28,516.8097932235054,518.27939453125,505.6407993653546,507.012451171875,2462629
2024-05-29,508.48205194708345,512.0090711626844,505.05298223260405,506.76751708984375,2522672
2024-05-30,506.2286636477153,507.8451891685947,494.7657617620962,495.8434753417969,1828288
2024-05-31,497.70496362901997,507.40435593399513,496.578275301415,498.4887390136719,8552013
2024-06-03,506.5225947365197,520.4838074541124,503.58339205913177,517.4466552734375,5297460
2024-06-04,519.0142052569365,519.0142052569365,468.31295915585775,485.8992004394531,4202540
2024-06-05,494.81473581195604,521.1696091819081,486.0461328375432,517.7405395507812,3690376
2024-06-06,519.063139866605,534.4449779562468,517.0057220742401,526.5091552734375,6939999
2024-06-07,530.9179758429251,531.8977100225221,523.3740107003822,528.8115234375,2223919
2024-06-10,531.6527412619952,544.3402502087982,521.3164985133158,540.3233642578125,6964090
2024-06-11,539.0497641247533,546.0058529651349,532.2895742840889,543.066650390625,4059315
2024-06-12,544.1443847112515,547.2794862326513,537.3841949844979,538.9027709960938,2173771
2024-06-13,540.5193006336013,550.4635656066539,536.1594720442685,546.397705078125,3845237
2024-06-14,546.3978148047015,548.4552328541628,538.5599406380162,540.5194091796875,2022269
2024-06-18,542.7727589294161,546.2997782089428,538.951771544736,544.8792114257812,1587670
2024-06-19,548.6511536827594,556.929919657797,539.5396375544595,546.005859375,6124293
2024-06-20,546.0058481018656,565.9924493498039,543.3605538487225,557.46875,7472902
2024-06-21,562.7103223456139,562.7103223456139,549.8758280511512,554.4805908203125,5890175
2024-06-24,550.6105688015921,566.9721403679747,539.9314431030544,560.505859375,5572012
2024-06-25,561.3876417643361,565.1106194010342,555.5092371385316,559.526123046875,1985056
2024-06-26,559.3302223951175,564.3268423928479,553.2068842615146,558.7913208007812,2354064
2024-06-27,558.6444522623485,562.9552468592644,547.9163508230207,556.342041015625,1627135
2024-06-28,556.4890314200893,564.3269051020624,555.0194301047194,559.28125,1535016
2024-07-01,558.4974322644196,563.0532199160878,555.8031633904328,561.8285522460938,1451065
2024-07-02,562.4653534387729,568.5397171483226,550.5126446081883,555.1663818359375,2781201
2024-07-03,555.9992043507935,564.3269457375455,555.7052960262022,560.5549926757812,1898741
2024-07-04,563.3472446123596,568.1969415473659,557.1259554824577,558.8894653320312,2148117
2024-07-05,559.2322312277732,562.2694429193945,556.195079334378,561.09375,1072378
2024-07-08,561.0938247549127,563.1512427892948,550.7576402329984,555.9012451171875,2695359
2024-07-09,556.489029743964,560.7018748756896,551.5903587074855,552.5211181640625,1427039
2024-07-10,554.5785390234091,558.3995263714337,536.2574972900978,548.4552001953125,2033444
2024-07-11,549.4838315325666,554.9214034823289,543.8503606065647,546.397705078125,3781459
2024-07-12,549.0920116386869,559.3792201258489,546.78960052691,552.2271728515625,3741532
2024-07-15,554.5295753981597,555.9991767463881,549.4349454313218,553.5988159179688,1699472
2024-07-16,554.529558900789,560.4079641188184,544.2423497692372,546.005859375,1674706
2024-07-18,546.0058751548729,549.6309037704025,543.7035236305642,547.3285522460938,1258371
2024-07-19,547.3285417143145,548.8960925349704,530.2811424980861,531.603759765625,1483516
2024-07-22,529.0564330963729,546.8876063196366,522.0513101092323,534.39599609375,2445572
2024-07-23,536.8943818519132,542.1359362955897,511.71519906453966,529.4484252929688,2813862
2024-07-24,525.4314590882319,532.4365827986721,524.157816540397,526.166259765625,1398404
2024-07-25,521.2185860894259,523.9618298460402,514.7523643918187,518.7202758789062,1833988
2024-07-26,518.4264222092555,533.9551867486136,518.3773876562866,533.1224365234375,1488053
2024-07-29,536.9433220890651,555.0194302319038,534.4450118120097,541.9400024414062,4404641
2024-07-30,542.3807995679958,557.2727705540262,541.3031159261666,553.4518432617188,2046419
2024-07-31,558.3505774395138,562.0735556595072,553.6478051634871,560.4569702148438,2390519
2024-08-01,563.3471615794236,565.306629967526,545.8098955866159,549.092041015625,1900787
2024-08-02,543.7524769988504,552.5211099839732,520.6797487182748,526.705078125,6452127
2024-08-05,509.46178497855794,540.323412337836,509.46178497855794,517.5935668945312,8199938
2024-08-06,522.1983407542918,538.7558730389644,520.4348311128917,522.7371826171875,3839963
2024-08-07,528.076701663356,537.8740430671287,524.696606919409,535.6206665039062,2623663
2024-08-08,535.6696553429997,544.5362375870196,533.0243611347466,536.6983642578125,2763841
2024-08-09,547.1815217652081,550.61059128388,539.4906326211919,543.3605346679688,2061454
2024-08-12,542.2410396260859,558.3856038269953,536.4996878731339,554.6070556640625,3191587
2024-08-13,555.4903621279307,555.5884813407158,540.5725877723958,541.7993774414062,1666599
2024-08-14,542.241043004686,543.6150714182847,530.3657427656815,532.7702026367188,1066850
2024-08-16,532.7702225657133,544.1058076473246,529.5805692522548,543.0752563476562,1635134
2024-08-19,542.7317554848354,553.0858484237532,541.4068465886012,550.1906127929688,2412431
2024-08-20,550.1905794609427,556.4717662149321,549.6998636177196,555.6375732421875,1194020
2024-08-21,555.4903387134416,562.1640622511862,552.5460436319216,557.7476196289062,2235790
2024-08-22,559.4160554017718,576.983706365474,557.6985499685208,568.3961791992188,6309020
2024-08-23,573.8431116938519,573.9412309005049,561.378917455299,563.04736328125,1995012
2024-08-26,568.1508100506164,568.1508100506164,561.4770268632805,566.7277221679688,1283196
2024-08-27,573.4995787636982,576.8364704394374,567.5128694710415,572.1256103515625,2705825
2024-08-28,574.1375517368122,575.0208642386808,564.8630100745422,567.3165893554688,1369570
2024-08-29,566.2370350375655,571.0951339650396,560.3975044036052,567.0712280273438,1530143
2024-08-30,573.156103322063,592.7847369974762,571.1932399545218,587.2396240234375,7616878
2024-09-02,590.8219265973598,595.9253837908615,581.989040651552,588.3683471679688,3640344
2024-09-03,588.8589659193357,594.6984959784021,584.9332394798735,591.0181274414062,2147598
2024-09-04,588.80995796498,599.556647015989,582.038055302197,596.563232421875,3139837
2024-09-05,600.6361877601972,611.382876629411,595.532731047227,607.2117919921875,3431993
2024-09-06,605.4943115388787,612.118975647834,595.9744118760124,598.47705078125,3569845
2024-09-09,594.7476349887755,599.4584953647543,589.9385954976024,593.1773681640625,2334227
2024-09-10,598.5752119084996,608.4876480203545,594.0115305876122,607.7025146484375,1638324
2024-09-11,607.3098788316348,607.6042963393801,597.6918608670148,599.6547241210938,1421907
2024-09-12,602.5990955460069,605.0036153180487,597.3975192423459,603.4332885742188,1707391
2024-09-13,604.5619251250203,605.4942972171876,598.918692869389,600.04736328125,1237013
2024-09-16,603.4823206725406,604.0711556775375,595.4345694938708,602.4027099609375,1186044
2024-09-17,603.5804831437428,604.3656165073023,597.9863105878969,599.311279296875,1165443
2024-09-18,599.5566708317433,603.3351590505024,587.8285496189175,593.8643188476562,1728906
2024-09-19,593.86428857334,601.3722649235732,571.7330160591719,583.7555541992188,2721915
2024-09-20,583.902760568948,591.5088557056175,574.726338882318,576.198486328125,5717560
2024-09-23,578.455892628068,582.7250967445342,573.2051968678766,581.792724609375,2106715
2024-09-24,582.7741106297844,595.4836626704436,576.100387288917,592.5393676757812,2301515
2024-09-25,588.9571338481567,595.1892610275297,586.0128387749577,588.4173583984375,2193166
2024-09-26,590.8218500385138,592.9319520350991,582.5778002632894,589.9385375976562,1948570
2024-09-27,589.9385588322799,605.0526306636056,588.8590079451149,599.311279296875,1893789
2024-09-30,599.311313239393,606.4266933217156,596.3670180329148,601.764892578125,1686660
2024-10-01,600.6362213383107,613.3948338830788,599.4584912768873,609.6654052734375,2317620
2024-10-03,607.3099137199544,612.118952929447,589.8404417354448,594.2078247070312,2181886
2024-10-04,597.5937771911014,601.5685635365397,585.5221195394082,588.1719970703125,1780533
2024-10-07,591.2144558988552,594.2568700838852,565.304636116132,569.5247802734375,3393703
2024-10-08,566.9730951901859,574.6773099401959,562.7038314284806,566.0897827148438,3035568
2024-10-09,568.297965754481,573.7940187499195,564.5194779903557,566.8748779296875,881946
2024-10-10,569.2303826394466,582.6269492260925,569.2303826394466,573.5487060546875,1378203
2024-10-11,574.7754519998058,578.3576414703732,568.0035498635934,572.2236938476562,568562
2024-10-14,574.1375853558667,576.0023296792975,562.5567024521337,567.905517578125,1308354
2024-10-15,569.132231802619,570.0645439388343,558.5818416762174,563.4398803710938,1611364
2024-10-16,562.3603801829993,565.6972720191662,553.5765542364223,558.2874145507812,1303677
2024-10-17,557.4532239999004,559.9068033308859,540.8670037617029,543.4187622070312,1577470
2024-10-18,543.7131518038046,547.3935206111408,532.5248066687681,544.93994140625,1402020
2024-10-21,546.7064824644775,552.889489809131,532.9664395199881,535.3218994140625,2757430
2024-10-22,534.8802561186495,537.3338352751572,518.1959178543981,520.5022583007812,2074618
2024-10-23,519.275463895824,528.7463033126451,511.4240106679797,521.8762817382812,1624355
2024-10-24,526.0474107403621,530.8073307014375,516.5275109163721,525.0659790039062,1554879
2024-10-25,525.9492853236875,526.8815975408521,507.84185801929203,512.25830078125,1390234
2024-10-28,510.3935317957166,531.1998953346897,510.3935317957166,521.9253540039062,1080853
2024-10-29,521.925356907584,528.2065436379365,514.7609176038557,524.7224731445312,1053752
2024-10-30,523.1030858928061,542.1428844620216,517.8524503609954,536.1070556640625,1751552
2024-10-31,536.1070111107902,545.626909604245,531.9359268138184,543.36962890625,1171233
2024-11-01,543.3696934899186,551.5646243572672,543.3696934899186,548.031494140625,163230
2024-11-04,544.7927043354786,549.5036243445386,529.7768115366491,542.3882446289062,1334874
2024-11-05,541.7502911465996,551.4173693014338,538.8550556899959,548.6693725585938,894138
2024-11-06,548.7184101628307,558.434607433926,544.0075502351432,556.7171020507812,1491608
2024-11-07,559.3179557584843,564.7648897712339,554.2144988836645,556.6190185546875,886267
2024-11-08,559.3669939570437,562.3112889757823,544.7436380699081,547.2462768554688,696687
2024-11-11,542.8789688084864,542.9280284131183,500.530166993317,505.5845642089844,9914435
2024-11-12,520.158844066423,542.5354766987233,514.2702533788785,517.9506225585938,9415040
2024-11-13,518.1959410794057,520.6495203458801,494.93599765286024,505.8299255371094,3436328
2024-11-14,510.24639279254905,522.9068264762387,499.990418984344,516.0368041992188,3741207
2024-11-18,497.5466807068418,510.06772173333275,484.50784821597335,505.4546813964844,3165283
2024-11-19,501.87728756546346,523.0124235813262,500.70051593204954,514.77490234375,2999770
2024-11-21,512.1388520430979,532.5208095019624,505.40762337524177,523.20068359375,10436903
2024-11-22,523.200739971925,536.5690330695916,513.8805531575726,533.2269897460938,3602576
2024-11-25,536.616140637666,544.5241419948967,533.4152857979223,535.2510375976562,6122956
2024-11-26,534.8802798313959,548.3749657904449,531.0526722168215,541.5049438476562,2645846
2024-11-27,542.7316726694218,544.007521764047,528.9916303233605,538.0208129882812,1703921
2024-11-28,538.0209054662689,546.8047317419652,534.8803118384092,536.7450561523438,1748362
2024-11-29,536.352396497814,537.7264247679656,528.2555853887435,534.8802490234375,1465623
2024-12-02,536.7449598020656,547.638826475524,530.5128332729395,544.7435913085938,1687736
2024-12-03,545.676023945813,556.3736534119603,543.320563910492,552.6441650390625,2073190
2024-12-04,555.2940117757901,562.0659140750133,553.0367309766602,557.4041137695312,2218877
2024-12-05,558.3365365965544,559.1707296084686,541.7503163560766,547.835205078125,2006983
2024-12-06,547.4916555533441,555.7357058794432,545.6760308502788,552.2025756835938,2970258
2024-12-09,549.4054830076941,551.8100027814183,541.7993869266697,545.0872192382812,2922928
2024-12-10,544.5473829580169,547.2463202726543,538.4134345156591,539.7384033203125,2949316
2024-12-11,541.7503051757812,556.1773633265908,540.8179330687525,541.7503051757812,5334736
2024-12-12,543.664096016561,544.5473485954204,532.8683474392559,537.2847900390625,1581082
2024-12-13,537.284779186014,541.0142075479274,525.752957075015,540.0327758789062,2242153
2024-12-16,539.5911373819408,541.2595832544798,532.6229962636062,537.7755126953125,1210467
2024-12-17,533.9970062777379,541.7503412821872,526.6853874554573,528.4028930664062,1637281
2024-12-18,528.7953698285074,533.7515877630158,521.4346323311679,522.3670043945312,1208566
2024-12-19,514.2702107211345,515.7914178755337,507.7436659564005,508.72509765625,1187222
2024-12-20,510.34448508346753,512.89618354815,492.1879985949211,495.1322937011719,2851827
2024-12-23,496.1627860589097,500.67737788824024,486.7901252645267,498.27288818359375,1178165
2024-12-24,497.58587295638085,502.9837473178406,492.38429691570525,495.1322937011719,949150
2024-12-26,493.75829633026615,497.6349335909678,486.6429164754349,490.3723449707031,1427526
2024-12-27,488.7529967162222,510.00101742174917,488.16413169385015,492.727783203125,1670587
2024-12-30,492.67869387325266,498.91079091143445,487.77153556774215,491.451904296875,2019209
2024-12-31,487.82062883334174,496.0646793162283,483.84584231195817,491.6972961425781,1217836
2025-01-01,489.19465045041807,492.5315122921094,487.9678608063463,491.2065734863281,588602
2025-01-02,490.71584550252555,502.394876635302,490.5686367390585,499.9903869628906,1552787
2025-01-03,499.0580370526225,523.3484724843873,499.0580370526225,519.7171630859375,2888197
2025-01-06,515.2516707979261,525.5076446065576,506.5169042274727,511.620361328125,2241869
2025-01-07,511.3258707781122,538.4624788597947,510.34443916433463,534.3404541015625,4787940
2025-01-08,531.101759681612,533.3099808871408,521.7781590360454,529.5314331054688,1559514
2025-01-09,531.8868886779401,544.3510824722365,529.6786674904329,535.3218994140625,2805890
2025-01-10,535.7635769131413,545.4306549794837,524.5752318246226,538.6587524414062,1992839
2025-01-13,536.1070427521713,538.805979809505,521.0911503771914,523.7410278320312,1770971
2025-01-14,525.0169143488946,532.8683681650423,521.4346645845417,531.7887573242188,1831287
2025-01-15,534.7821926226615,541.750334192297,533.0646870341895,536.7450561523438,901487
2025-01-16,536.7940824980401,542.6826727222033,535.1256366208264,536.1561279296875,813698
2025-01-17,534.8802673244642,547.2954020772253,533.408119799718,541.4558715820312,1461267
2025-01-20,541.4558621813078,544.694574699152,535.2237351603155,542.58447265625,812869
2025-01-21,546.6574807962147,549.5036568113653,533.4081522670425,534.1442260742188,1708101
2025-01-22,537.8245617744484,537.8245617744484,521.7290582277633,532.6229858398438,1191929
2025-01-23,532.426685871288,549.3563823344764,531.9850296353594,547.4916381835938,1477011
2025-01-24,549.5526992687348,550.0434151248724,539.7874417512313,541.7503051757812,1591661
2025-01-27,538.7569036246437,540.1799914641672,526.2436503803327,532.2794189453125,2486727
2025-01-28,535.8616921779595,536.3524080132873,526.1454946777349,528.648193359375,2048155
2025-01-29,531.9359663826599,545.6269501915106,529.2860888871024,542.829833984375,2181049
2025-01-30,545.6759802469805,567.5618933736423,544.3019520194388,556.4226684570312,2784958
2025-01-31,562.360343980493,606.3284705870825,557.2078277398341,592.5393676757812,8663742
2025-02-01,598.4770207126496,606.3284740769398,585.9637669133122,592.7847290039062,5961908
2025-02-03,598.67337025238,624.9757292929362,596.2688504734573,618.54736328125,12713558
2025-02-04,625.6626875784023,629.6374738485333,613.3947917435316,625.0738525390625,3541038
2025-02-05,624.1905465627453,637.3908145985667,620.2648198548036,633.465087890625,3372838
2025-02-06,632.0420024113029,634.8390587407426,614.8178883942812,632.778076171875,3885141
2025-02-07,630.1281762418414,636.6547206475211,623.3072143227715,629.441162109375,2340663
2025-02-10,629.3430415549483,631.0605469315115,620.0685005411402,623.1600341796875,1932363
2025-02-11,623.2091299077357,624.975694988524,596.9067723108947,599.3603515625,2525324
2025-02-12,599.3603745006703,612.7078221794893,583.4121087548788,608.9783935546875,2315031
2025-02-13,608.978336856686,627.0367031190523,603.5804627991329,618.0565795898438,3181044
2025-02-14,619.2834214749395,622.1295974519625,598.9187130825386,606.8682861328125,3746024
2025-02-17,606.7210770737519,621.9823277303988,598.5752061031726,620.4611206054688,1481549
2025-02-18,621.2462588631844,622.5711676820158,613.5911036727257,619.0870971679688,1409475
2025-02-19,618.154742640466,639.5990615858339,609.4690959106867,637.9796752929688,2762726
2025-02-20,637.9796250271274,641.807232380414,632.2873335006201,635.2316284179688,2142244
2025-02-21,635.9677750227153,646.0274504763925,625.5646224167217,634.348388671875,1366273
2025-02-24,631.796638658165,636.9000953313824,626.447824067022,633.2197265625,1293274
2025-02-25,636.0658247719975,645.095007880803,633.0234106351049,635.4769897460938,1581083
2025-02-27,635.9677513630853,636.3112285026233,622.4240056755353,631.6985473632812,2717730
2025-02-28,623.2091275883048,629.0977177702415,607.9969362849682,621.1972045898438,4676015
2025-03-03,616.4372482300265,622.3749581428275,599.9001474711088,605.2489624023438,3273667
2025-03-04,595.7290064046116,608.095021127071,595.7290064046116,602.0101928710938,1557537
2025-03-05,603.5805206220774,618.4982950633488,602.7463276030917,616.19189453125,2367281
2025-03-06,623.1109562490333,627.3801598130353,611.1374785671119,613.100341796875,1617185
2025-03-07,612.9531481601517,630.7661572406531,608.8802426000397,618.1547241210938,2073888
2025-03-10,619.7250630661327,625.1719970569839,600.488965677123,604.0221557617188,1428305
2025-03-11,602.0592499424582,607.35894484331,591.1653228262352,603.6295166015625,1564110
2025-03-12,606.4757811131914,608.6349430119873,588.8100090533309,596.7595825195312,1815285
2025-03-13,599.5566459832984,602.9916569132034,589.2516131935834,590.2821044921875,1476114
2025-03-17,590.2821229486427,616.2410040538103,590.2821229486427,614.5234985351562,2377362
2025-03-18,614.5234985351562,614.5234985351562,614.5234985351562,614.5234985351562,0
2025-03-19,629.0977402070587,635.9677623310048,625.0738940666259,634.29931640625,1533871
2025-03-20,636.9000927362462,639.3536719055038,632.1401132067854,634.8390502929688,1272076
2025-03-21,636.9491332609144,658.8350468147826,633.661361233321,646.6162109375,5231169
2025-03-24,655.547294694705,656.3814876518647,645.1932025765074,646.2236938476562,1878198
2025-03-25,651.5725070503505,651.5725070503505,636.0658388053157,640.8748779296875,988124
2025-03-26,639.8934141347462,644.6533335153531,632.0419612005776,640.2860107421875,1570129
2025-03-27,637.9306051499759,651.4252910281485,637.8815455453318,644.2117919921875,3398420
2025-03-28,644.4571435330424,648.1375123724488,612.4133748772102,624.4359130859375,4421109
2025-04-01,609.7635370743009,629.882888041017,609.7635370743009,622.9638061523438,1451347
2025-04-02,620.1667012747846,643.9172999603741,619.1361500914395,642.2979736328125,1932828
2025-04-03,630.8642996274178,641.5619293699281,624.2396354965022,639.1574096679688,2635192
2025-04-04,637.4398909004977,643.230361907134,619.4306431167768,625.8590087890625,2529542
2025-04-07,583.9518522076111,612.5114902624085,577.916023387924,603.0407104492188,2010970
2025-04-08,607.5061639051694,616.4371675559668,598.7713986540393,603.0897216796875,1696619
2025-04-09,602.5990634618564,604.3656285404977,590.036749689273,602.8444213867188,1911793
2025-04-11,610.4505098826608,633.5632141526739,608.5857657148891,626.9876098632812,2007695
2025-04-15,636.949158364154,649.6096509580124,626.987602882008,645.7820434570312,2242497
2025-04-16,647.7449664156297,653.0447219197669,642.396151303496,647.4014892578125,2228299
2025-04-17,647.401454324525,652.6030304301547,638.6666881061718,644.0155029296875,1595004
2025-04-21,644.0645108793809,660.4053715732825,641.561872188902,658.6878662109375,3468794
2025-04-22,660.945180209024,668.5022161634957,653.7316213835497,660.2091064453125,3727936
2025-04-23,659.5221170966478,669.3364343153479,649.7568594836735,667.2754516601562,2856974
2025-04-24,666.931863317193,674.2435410630911,662.9080175277684,671.4955444335938,2692652
2025-04-25,671.0539250720461,679.3470349198486,644.35897084384,649.560546875,3157081
2025-04-28,649.7077541644594,666.7846888841985,649.0697996293951,665.705078125,1423133
2025-04-29,667.3735393628461,674.1454418847622,654.3205100586165,657.1666259765625,1676069
2025-04-30,655.6944956218098,665.5579321405024,651.6215900028649,657.4611206054688,1402279
2025-05-02,658.5406717611146,679.9358708752214,658.0990155150355,667.226318359375,2331658
2025-05-05,674.2435845071524,676.1573883212739,669.3364259590654,673.7528686523438,1475543
2025-05-06,675.1759279144485,678.6109387521101,662.4173162317055,666.441162109375,1859488
2025-05-07,662.5645432237125,676.2064683603686,661.7794098126604,675.2250366210938,1328953
2025-05-08,669.4345016608303,676.5990005968663,633.9557836051273,644.3098754882812,2451225
2025-05-09,626.1534527400195,669.3364494807105,626.1534527400195,662.2210693359375,3184067
2025-05-12,673.2621677603429,686.4624365284317,649.7078062060451,664.2820434570312,8755697
2025-05-13,664.3311266268366,665.4106775116227,626.2024700053125,630.913330078125,8899680
2025-05-14,633.3178425989945,634.1520954568667,622.2276767446384,625.0738525390625,4545306
2025-05-15,626.1043880631465,635.673347490699,623.9452262632284,632.6799926757812,2336733
2025-05-16,634.0048462405821,636.4584253669002,626.8894667742599,632.23828125,1281048
2025-05-19,633.1215635168746,642.6414629542763,631.7966546871975,633.51416015625,1713111
2025-05-20,635.4770270646789,635.91868331096,615.0632596428142,617.026123046875,3503829
2025-05-21,617.0261210485813,629.1467785686679,612.0207834433342,626.5460205078125,2454859
2025-05-22,627.0367831084523,627.0367831084523,616.1428544978535,620.2158203125,1078155
2025-05-23,620.8536461059604,623.1109868525206,616.5844423322806,618.7926635742188,1018062
2025-05-26,620.2648442031858,624.3868693887013,618.2038615613471,620.3139038085938,771488
2025-05-27,620.7555488884504,624.0924406218662,615.35767455029,618.6454467773438,1156383
2025-05-28,619.7250390506563,626.7422395392845,617.8602949197843,619.0380249023438,937885
2025-05-29,620.264817904368,623.209112926066,614.3762278609721,619.2833862304688,1382432
2025-05-30,619.2834423360201,622.1786780166915,606.5248294194301,616.2410278320312,5123450
2025-06-02,616.2409471929196,625.6626669223107,609.2236870463126,624.5339965820312,1624690
2025-06-03,626.1534302940735,626.4969074314621,620.5592575728341,623.5526123046875,1764731
2025-06-04,623.6998756784468,634.3483861805134,621.7860717900174,630.6189575195312,1302307
2025-06-05,634.7900044837452,637.4398820244915,630.0791443567721,634.88818359375,1701494
2025-06-06,636.9491588569957,637.7342922188252,629.0977054350296,630.913330078125,580732
2025-06-09,637.9306006084988,639.4518077526594,624.7793919582966,627.2329711914062,1514278
2025-06-10,631.9929577006826,631.9929577006826,626.1534270821663,627.7236938476562,956125
2025-06-11,629.0977322777263,629.4903289263106,619.774130941317,624.0433349609375,976204
2025-06-12,624.0433009949036,630.0791297027905,619.2833813745495,620.6574096679688,1097714
2025-06-13,616.1428131995053,626.1043689786151,611.4810125948471,620.7555541992188,1518780
2025-06-16,620.2157492566109,633.3178379513685,618.3019455400486,631.796630859375,1187428
2025-06-17,633.023415452277,641.2183457846077,630.569836322617,634.1029663085938,2269496
2025-06-18,634.1030188557731,637.7343282489579,625.1720140444453,626.3988037109375,1066778
2025-06-19,627.1348886116884,628.1163203622544,617.3205711060282,619.234375,1272286
2025-06-20,616.7317216610734,625.5646072105691,614.7197386977728,621.7369995117188,4218765
2025-06-23,619.283395073889,629.5393681929602,617.1242333801104,626.9876098632812,834251
2025-06-24,629.0976913851547,634.0048496642901,626.6441122455869,632.483642578125,1131402
2025-06-25,635.9677371940844,642.1507448808818,631.8457121022739,638.6176147460938,1565175
2025-06-26,638.6176164756234,638.6176164756234,617.3695962995478,624.6812744140625,3968851
2025-06-27,626.1533906452388,635.4279316876706,625.7117344238213,632.92529296875,3212791
2025-06-30,634.4955628249055,652.1613325555294,631.7475661805087,648.9716796875,2075636
2025-07-01,652.6520719528149,662.4173292202958,646.910720543739,658.5897216796875,3182249
2025-07-02,658.589768462758,663.4478676395995,652.8484166458439,660.1600952148438,1348689
2025-07-03,660.1600084474642,674.9796020675675,657.6573098749295,671.4464721679688,3054421
2025-07-04,671.2992916678724,684.0088443311331,666.0977155695269,668.6494140625,2791223
2025-07-07,668.404029843497,676.6971394722184,663.791288993631,667.618896484375,960264
2025-07-08,667.8642940884735,671.2011859403199,656.1852325088505,660.7979736328125,820969
2025-07-09,656.1852264564797,662.2701151233366,651.376246951809,652.40673828125,630384
2025-07-10,653.6334614150636,655.7435633668513,643.3284293657271,649.3642578125,2206322
2025-07-11,651.3946740942619,652.186992443066,639.5097175121559,646.5416259765625,2145893
2025-07-14,647.7300967085624,655.4553059554512,640.5496025172213,653.1773681640625,1745640
2025-07-15,655.653409621543,669.321097007035,655.603901061272,667.3402709960938,1726609
2025-07-16,666.5479454345985,670.5095974134074,661.9920698389731,665.0128173828125,1928069
2025-07-17,666.5479430628765,690.7635527871839,664.1214191444877,686.0095825195312,5685069
2025-07-18,687.3466137639015,691.2092485976225,677.789104248419,680.26513671875,1515065
2025-07-21,681.4041525284589,710.6708449547585,675.9073723996636,706.9072875976562,8073738
2025-07-22,708.145325737847,723.9424258635404,704.5798629630889,715.9200439453125,4108448
2025-07-23,719.6340823184787,722.8034160996392,711.6117609677415,720.3768920898438,2827536
2025-07-24,719.0398186460704,723.496677026108,711.8098160306781,719.5845336914062,2189801
2025-07-25,719.5845786757044,722.011102702086,711.5622572701313,715.2763061523438,1507020
2025-07-28,718.0494263941163,728.7953832849751,713.245947514795,722.8529052734375,4881892
2025-07-29,720.0302599204092,727.5078660730463,714.1372904073992,719.08935546875,3504831
2025-07-30,720.0302692598082,721.5158887974832,710.0271218861354,714.9791870117188,1589570
2025-07-31,708.1453112849392,716.7124081119582,694.5766407829034,697.0526733398438,2497511
2025-08-01,697.2012680616111,707.0558898496288,651.6917770144445,658.7732543945312,6828070
2025-08-04,667.0431639554176,712.552653972297,665.6070529972111,704.876953125,12572025
2025-08-05,701.5095481357979,716.8609503431958,695.2699580382779,713.5430908203125,3136768
2025-08-06,713.0973520710891,714.9295919207116,697.448838935087,698.5382690429688,1691312
2025-08-07,693.2891265020968,703.9855752209834,681.6022647453501,698.6868896484375,1933447
2025-08-08,697.3002798862336,698.1916757909443,679.3243197080228,682.14697265625,1164817
2025-08-11,682.3450378348366,689.9216608970717,671.6485896910857,687.0494995117188,1129449
2025-08-12,687.049547464158,689.3274853977393,679.472863423099,682.0479736328125,1449415
2025-08-13,679.5223304043967,686.5047903659512,674.372231200146,679.5718994140625,1062727
2025-08-14,677.6405831916077,687.2476013320129,674.4712495179673,677.1948852539062,1066750
2025-08-18,683.5335483981835,693.9823933399884,679.8690082496327,684.3258666992188,1319724
2025-08-19,690.8130686773665,702.6485161375404,686.3562101697706,700.5191040039062,2030825
2025-08-20,701.7076120065035,723.2986033628549,695.2699274926823,706.6101684570312,3114706
2025-08-21,710.175626577424,711.6612460711848,703.3913217359215,705.6197509765625,2041917
2025-08-22,706.0654667643214,715.9695969731068,701.1629102209699,709.5814208984375,1635644
2025-08-25,710.324194940457,733.8960115618895,706.6596548575009,715.8704833984375,4678348
2025-08-26,718.2970146286866,722.8033816032283,705.5702320000338,716.1676025390625,3299511
2025-08-28,729.4392067030857,729.4392067030857,706.6101981352392,709.8290405273438,3935173
2025-08-29,706.2139953014122,715.2762986590791,695.8641671014028,708.8881225585938,2472182
2025-09-01,708.8386315510072,723.6453187296536,704.9759964783116,720.97119140625,1785815
2025-09-02,724.5366319599179,724.9823299084709,702.8466231138118,703.8370361328125,3003994
2025-09-03,711.1165172772314,723.0014729977423,705.9663577083413,708.739501953125,2196910
2025-09-04,713.0973506319517,716.2171757209711,685.3657869962648,688.7332153320312,2075117
2025-09-05,690.8130683198599,694.1804967038612,677.6405874942292,682.2459716796875,1054221
2025-09-08,684.3754074667495,701.2124290686811,684.3754074667495,699.0335083007812,1677209
2025-09-09,703.1437016964086,709.0861795295496,691.308254588734,697.250732421875,2826300
2025-09-10,698.6373737541169,701.4600267023877,684.0287815990018,690.2683715820312,1965357
2025-09-11,690.2683864245663,697.0526916285788,686.405751354389,694.92333984375,1913878
2025-09-12,697.547899487832,699.1325966388926,681.4041788521233,686.4552612304688,1539148
2025-09-15,688.8322483518483,692.694883270275,681.3051336569806,686.950439453125,1791929
2025-09-16,686.2572211124921,698.2411947429683,679.7699673261449,695.9632568359375,3099583
2025-09-17,699.2315645943615,703.1932165184089,691.456846873423,697.89453125,2209645
2025-09-18,697.8450039501319,706.5606870639687,686.6533486857911,692.2492065429688,3106450
2025-09-19,690.4169044965566,698.0926055397977,682.0974712487298,684.4744262695312,7803326
2025-09-22,687.0494928933814,687.0494928933814,672.8370304311759,676.2539672851562,2102153
2025-09-23,673.4808469754386,678.2843258951847,663.5767168728586,670.7077026367188,2559504
2025-09-24,669.2715962577141,673.4808515800897,663.1805320229771,669.6677856445312,2138799
2025-09-25,669.5191764969668,672.044717513573,661.0511575824586,662.685302734375,1246931
2025-09-26,660.6055067085925,661.794014462839,638.8164195307979,641.7876586914062,1970948
2025-09-29,641.7876497201592,648.621523874037,637.083187781624,647.92822265625,2520967
2025-09-30,653.8706586559555,654.662976946524,643.9170203400384,649.5128173828125,2037016
2025-10-01,649.5128458750228,655.9505304995618,645.0559872888034,655.1087036132812,1196873
2025-10-03,661.2988010311572,673.4808693724499,658.278053339416,667.5383911132812,3592605
2025-10-06,669.519185741628,675.4616637215832,662.3386915158487,674.81787109375,881397
2025-10-07,675.4616875886888,678.8291160763214,672.5399570553038,673.332275390625,994752
2025-10-08,673.332262097676,680.0671189399814,665.1118461872303,668.3306884765625,1714962
2025-10-09,666.5479734709317,671.004832134556,660.5064781291355,668.5783081054688,1011011
2025-10-10,670.4105906083036,677.0463094148904,664.7652243616437,674.7683715820312,960905
2025-10-13,660.6054746488961,674.4217481652136,660.6054746488961,667.3402709960938,1031190
2025-10-14,667.3402876659932,674.916971527111,659.6150781203522,663.5272216796875,1458278
2025-10-15,666.4489196837495,672.1933028886228,661.9920612653117,671.1533813476562,1722151
2025-10-16,671.4999988338374,679.4233026548857,668.2316480976572,673.8770141601562,1284794
2025-10-17,674.4217470193487,677.1453827797653,665.458521425071,667.6869506835938,882467
2025-10-20,670.6086529788862,678.4329402656051,670.509635853744,674.273193359375,1330873
2025-10-21,674.4712614903083,677.4920090883313,671.500022452906,674.4217529296875,86005
2025-10-23,677.6900737363198,683.1868536218188,667.6373579254445,669.1725463867188,1551907
2025-10-24,671.5000252023751,672.0447402714599,663.42813493771,665.6070556640625,587809
2025-10-27,666.5479703037942,675.1645757691952,666.2508584843005,673.332275390625,1365682
2025-10-28,675.4616525290846,702.2028029957786,669.0239681574731,695.8641357421875,4557745
2025-10-29,701.4104810117443,714.8800732922535,701.4104810117443,713.1468505859375,3405916
2025-10-30,714.9295937027593,719.5350382930361,705.4711617243536,714.4343872070312,3573819
2025-10-31,713.0973940080952,722.4073008320959,706.907312462886,713.1964111328125,3852202
2025-11-03,713.1963667758314,727.953544441799,712.4040484773255,723.595703125,2805423
2025-11-04,721.0206417091414,729.5381690658112,719.6836083804816,724.3385009765625,1916707
2025-11-06,723.0014766288651,740.2346866901603,706.5606453129255,726.3193359375,9280167
2025-11-07,718.0494283977536,746.5733108427238,713.8401731278357,740.7794189453125,5598140
2025-11-10,742.8592681683997,751.723476723055,739.5414087554902,743.4535522460938,2547152
2025-11-11,743.4535532671705,748.2075236451867,735.282645900263,745.13720703125,1645749
2025-11-12,747.1180242035584,760.4390911762532,745.2362757689476,753.30810546875,4193619
2025-11-13,753.3081163630679,758.1611643251676,745.781001615743,750.8816528320312,1752051
2025-11-14,747.7618079215687,759.0029711851531,746.8704120500018,751.3272705078125,2148563
2025-11-17,751.3272872600843,767.5205762878635,750.7330636324648,765.787353515625,3590666
2025-11-18,766.579650695567,768.5604766663565,749.8416470623905,752.3672485351562,1862425
2025-11-19,752.7138987584397,754.6947248078039,743.4039921464218,745.4343872070312,2359649
2025-11-20,750.7330425138416,753.010980288987,743.7506430606743,746.2761840820312,2794809
2025-11-21,747.7618496485834,748.0094529100564,739.8385452814462,743.651611328125,2033481
2025-11-24,744.7906020817697,748.3065562648923,723.9919283534224,735.5797729492188,5530635
2025-11-25,733.9455376924831,746.7713980648998,728.7458694698827,742.5126342773438,1677991
2025-11-26,742.9583379533595,756.0317412254343,739.4423234347208,753.30810546875,1482487
2025-11-27,756.6755163148459,761.8256758980906,749.2969275277945,751.3768310546875,1201547
2025-11-28,749.7426254585581,758.8049284007102,748.0094027444861,751.3768310546875,1546792
2025-12-01,753.7043279239364,755.5861368911376,740.8784668896299,743.651611328125,1611007
2025-12-02,746.7714369690534,750.6340720299338,737.1149097668674,739.5909423828125,1519168
2025-12-03,741.5717670959226,747.8608657487167,729.934413822631,735.8768920898438,6025366
2025-12-04,740.8289349480384,751.6739695483097,738.1052991577883,749.1979370117188,2855120
2025-12-05,752.6643971143502,753.7538272715071,743.8496969336645,751.822509765625,1936558
2025-12-08,752.6148476511638,754.0013895531004,726.0717314282426,732.7570190429688,1584321
2025-12-09,732.9056323228056,734.5398379802874,722.6053127696149,732.6085205078125,2172777
2025-12-10,735.8768835047713,745.0382040598441,726.7650715113446,729.8353881835938,1346660
2025-12-11,729.7858067803069,741.2746340378151,725.527042900805,738.6995239257812,2062566
2025-12-12,741.6212350450113,743.7011385946437,734.3417237463269,741.175537109375,4075773
2025-12-15,743.8001784858754,762.17232792838,735.8768743209126,758.3097534179688,1840513
2025-12-16,758.5573628535691,758.5573628535691,739.9375495541885,742.7107543945312,1218572
2025-12-17,744.4934569648198,745.5828870742421,733.8465173181465,739.1452026367188,1655654
2025-12-18,735.8768863380137,740.9279686456579,729.4392015988522,737.2634887695312,748699
2025-12-19,740.2347318134409,746.5733390125971,733.1532543827271,744.3449096679688,6064263
2025-12-22,745.8305184572465,771.5317486173657,744.8896139908811,769.105224609375,3673981
2025-12-23,772.4231430936828,778.7617501895517,767.0748885737186,773.5125732421875,3043436
2025-12-24,775.4934176108737,777.4742437094966,764.5988740684477,765.2921752929688,3570117
2025-12-26,767.570054805873,773.2154208473506,762.8160846209485,766.629150390625,1476893
2025-12-29,766.9758357963573,775.4933632432907,760.1419620552051,763.5588989257812,1364589
2025-12-30,762.6179947165655,785.0508728969987,761.5285646184033,779.8016357421875,8329037
2025-12-31,785.6946161946622,793.3208083398669,778.514121986842,787.5269165039062,3039998
2026-01-01,789.6562767556338,798.7680884911648,778.5636390102053,797.6290893554688,2644289
2026-01-02,799.2137898819901,804.4134581804076,789.6562801629892,796.9358520507812,4562526
2026-01-05,802.2345175311381,803.6706284488196,790.4485788343181,797.3814697265625,2068765
2026-01-06,797.3814681704416,799.5603888223256,789.9038622412588,791.6370849609375,1710964
2026-01-07,793.3208187764038,801.4422175255405,790.2009936236825,795.2521362304688,3691946
2026-01-08,798.768073512294,803.0268372637088,780.9406397575249,786.8831176757812,2238370
2026-01-09,781.4358913762475,790.1020055074796,760.9343292843581,764.3017578125,2293012
2026-01-12,777.4742206610458,786.0908260246168,755.4870395281448,766.4310913085938,2279267
2026-01-13,770.2442285385215,773.0173729433828,757.3688590980809,766.0349731445312,2207561
2026-01-14,766.5796675351637,776.4837976066774,754.1004878250615,772.9183349609375,2672389
2026-01-15,772.9183349609375,772.9183349609375,772.9183349609375,772.9183349609375,0
2026-01-16,778.6627465267145,789.3096867393763,771.5812690889848,782.5748901367188,3461231
2026-01-19,782.5748767736914,792.3799294623334,775.59241657949,779.6036376953125,2156885
2026-01-20,784.4070798923985,789.1115415457937,701.6580875316307,716.5142822265625,6196941
2026-01-21,708.4423865007097,723.9918822449466,665.0623104343115,685.0686645507812,7967753
2026-01-22,692.3481908276262,703.6884316901153,681.8498372793899,693.7843017578125,3505671
2026-01-23,694.2795081811263,704.6788446089463,690.9616488341599,695.8146362304688,3808963
2026-01-27,695.8641465429665,718.8417401313648,693.289096934358,709.680419921875,3625276
2026-01-28,713.1963888116495,715.920024606299,700.8162261086976,708.2443237304688,1299211
2026-01-29,712.0079120072866,713.4439624612293,694.8737191773768,709.086181640625,2742480
2026-01-30,710.2251273934487,710.2746964027099,693.1405034014782,697.2012329101562,4668042
2026-02-02,662.8338784528813,700.3209850901227,658.674131899671,691.8529663085938,5879658
2026-02-03,734.8864402040676,745.9295692469772,719.881659192403,732.70751953125,7513174
2026-02-04,732.9056555141084,757.0221890527084,729.6868131081343,751.4263916015625,4830902
2026-02-05,754.6947021012616,754.6947021012616,728.4487577368476,740.4822998046875,1548274
2026-02-06,736.8673035741177,749.4950698652065,729.8849037149305,734.1931762695312,2249941
2026-02-09,740.6308579757819,741.9183828356125,727.1612648344521,736.9168090820312,1489737
2026-02-10,742.6116407322111,748.9503079877851,733.0541917398352,738.8480834960938,1977229
2026-02-11,739.7890013804105,749.9407346158703,735.9263665059381,741.8193359375,1142581
2026-02-12,743.7011449850363,743.7011449850363,731.6180943095745,737.7586669921875,1117676
2026-02-13,733.0542228140077,735.8273671871209,714.0382806912105,717.3561401367188,1332082
2026-02-16,712.2555609371359,729.5877891138025,709.5319250808026,726.7650756835938,685996
2026-02-17,723.9919006025034,734.8369350065925,721.5653766705364,734.0446166992188,472779
2026-02-18,735.8273466387325,749.7426371268439,732.6580129651027,740.4822998046875,2240635
2026-02-19,740.4823041592526,764.4998194264189,740.4823041592526,757.7154541015625,2242488
2026-02-20,752.8129078910722,763.5094168041252,737.4615061714278,745.13720703125,2400204
2026-02-23,707.8976871196602,707.8976871196602,619.5528360075191,638.6182861328125,22336295
2026-02-24,638.8163622426672,647.3834585674759,621.3355492354026,624.5048828125,7889253
2026-02-25,628.9122779008001,628.9122779008001,614.5512888778684,620.1966552734375,5081011
2026-02-26,620.8403449213881,635.5480137688143,616.0368662057366,634.3099975585938,4874080
2026-02-27,634.4090714998139,637.0831988434154,625.4458454249776,631.289306640625,4377806
2026-03-02,616.2844995146389,631.8835045244509,611.3324344321588,616.8787231445312,2404381
2026-03-04,615.0464591756188,615.0464591756188,595.2381996208485,608.2125854492188,3558558
2026-03-05,615.0960064758918,625.5448519591442,610.1439412752969,623.5640258789062,2530219
2026-03-06,623.2668932161854,628.9122594460978,620.1966370744851,622.3259887695312,3095128
2026-03-09,604.1519228515625,621.3851330276609,600.4378741455079,619.0081176757812,4705618
2026-03-10,623.9602123980872,627.4761665842957,616.8787350138808,624.25732421875,1476957
2026-03-11,625.6439281276259,630.1998039219325,618.0177356458395,619.8499755859375,1418800
2026-03-12,617.5225070357076,627.6742403109538,611.0353139595771,623.019287109375,1299556
2026-03-13,621.9793978812969,622.0784150066859,597.2190715325193,603.5577392578125,1954960
2026-03-16,604.1519476661622,615.4921889377675,596.0305487386798,602.9634399414062,2470861
2026-03-17,606.1327350430909,612.4714022039376,603.4586079455457,609.94580078125,1500040
2026-03-18,612.0752254676366,627.921833246734,605.3404292515226,625.44580078125,1491586
2026-03-19,615.3436163653096,622.8212228087648,601.1807218290276,605.9346923828125,2849379
2026-03-20,613.461852604231,629.2093834506986,608.9059164137328,619.5528564453125,4640376
2026-03-23,609.1039965462046,612.0752355537471,593.5049917566067,596.6248168945312,1690435
2026-03-24,609.1040069734227,619.6023607997885,602.6168137859034,614.5017700195312,2609729
2026-03-25,619.008134051067,626.7828520347432,615.4426713789381,619.2557373046875,1449608
2026-03-27,610.5896262663118,624.8515979211508,587.5625235725702,590.1375732421875,4252300
2026-03-30,586.0768828289448,586.7206754480516,559.7319216549147,562.5050659179688,5317081
2026-04-01,567.5066572980182,596.0800485858102,567.5066572980182,588.800537109375,2182769
2026-04-02,581.3724630783621,589.2462589528167,568.4475848052091,587.31494140625,1403119
2026-04-06,587.6120424814023,603.8053318986257,579.5897210655403,601.9235229492188,1075781
2026-04-07,601.6758942722993,604.8947365050317,594.3468139316113,601.7254028320312,1533818
2026-04-08,619.0081398638837,637.3307808038547,616.7302019991873,634.1119384765625,3241939
2026-04-09,638.8163928450825,643.2732513998156,631.9330103205476,635.8451538085938,2904575
2026-04-10,637.7269416740239,647.4824853420023,634.3595133637514,638.6677856445312,2162418
2026-04-13,623.4649838819781,640.202987772238,609.1039953731796,637.578369140625,1737923
2026-04-15,647.7301039771556,655.2077100599781,642.3323410206768,653.4744873046875,2544691
2026-04-16,656.0991405483112,659.4170001034327,642.5799781639788,653.6231079101562,1666120
2026-04-17,652.6821486174348,665.260405453175,651.4441324023031,658.3275146484375,1023994
2026-04-20,658.3275490805686,664.2205186628142,647.3834972564059,650.354736328125,1301749
2026-04-21,653.3259675640431,658.4760668665766,646.7396968540542,648.0272216796875,1144716
2026-04-22,644.5607952823459,651.0975576258912,642.7780638977481,647.58154296875,1709380
2026-04-23,647.234894238207,650.2556417923156,632.3291907072683,635.8946533203125,2471569
2026-04-24,637.4297921790013,638.964980712033,623.9106907962739,625.3468017578125,1793446
2026-04-27,628.8132648098925,637.5783960552678,626.4362493280884,633.369140625,1137864
2026-04-28,630.6949793773679,645.6502517829862,628.8627395275129,639.3115844726562,2114630
2026-04-29,641.6886055451494,644.7588616587577,635.3994467382249,637.9249877929688,1669659
2026-04-30,637.925023608759,639.8068325905019,623.7621290330591,635.6965942382812,2123914
2026-05-01,635.6965942382812,635.6965942382812,635.6965942382812,635.6965942382812,0
2026-05-04,639.7077914933179,649.7109387792741,632.8739174999331,637.1821899414062,1985598
2026-05-05,641.7876227488265,642.6790186270936,632.7253196364887,635.8946533203125,1359665
2026-05-06,638.8164117986506,656.7428636706688,636.1422844964673,653.672607421875,1770864
2026-05-07,657.6342569320576,657.6342569320576,642.9266475044715,644.2141723632812,2407109
2026-05-08,647.3835076651775,648.0272398710584,637.3307911308926,639.8068237304688,1751781
2026-05-11,637.825978460155,676.055896467358,627.9713569203411,662.5863037109375,7880947
2026-05-12,664.3690621973288,664.7157430350192,616.2845206846932,620.1471557617188,5371994
2026-05-13,620.9889479964176,630.3978714509087,618.3148208193493,624.0592041015625,2501012
2026-05-14,628.9122348140158,635.1023158653348,623.8611528561436,632.2796630859375,1486427
2026-05-15,630.6949655444384,634.508091738899,623.8115833310706,626.1885986328125,1535195
2026-05-18,621.484173679546,633.8643365018477,612.3723617523291,631.7349243164062,1850656
2026-05-19,634.260545632086,640.0544378332394,625.9905603393956,627.2285766601562,1844391
2026-05-20,623.8612039429086,631.388318937689,618.2653460342782,628.2684936523438,1549873
2026-05-21,633.6662360896165,633.6662360896165,619.1567216627951,622.9697875976562,1405142
2026-05-22,625.9905486009615,629.4074856721902,619.0576573347059,625.9410400390625,2217195
2026-05-25,630.7940628145203,648.2748159649859,630.7444938045943,646.04638671875,1467073
2026-05-26,647.7301070118679,655.2572216901046,646.1454703796114,648.7205200195312,1770548
2026-05-27,651.5927197748131,653.3754510380115,647.4824817527075,649.8594970703125,896366
2026-05-28,649.8594970703125,649.8594970703125,649.8594970703125,649.8594970703125,0
2026-05-29,649.9585269986387,654.5639715985195,632.3786963636279,638.6182861328125,6468953
2026-06-01,641.0447907712006,649.3147148383028,637.8259486390934,639.06396484375,1051878
2026-06-02,635.2013628917856,639.0144892689524,633.8643295017481,635.49853515625,2047381
2026-06-03,635.1518613695338,641.7876407325429,628.4170648839482,639.8563232421875,2055293
2026-06-04,636.5879847551059,640.3020336743306,630.2493170862899,633.0225219726562,1291962
2026-06-05,636.8355864492668,637.8755080540876,623.960216894305,631.3388061523438,2556112
2026-06-08,623.9601917379915,628.1694469997161,615.145491833434,618.9586181640625,1901848
2026-06-09,619.5033274551546,624.6039785518565,616.0368819777876,622.3755493164062,1324061
2026-06-10,625.643894868938,630.1007533025381,600.2397776174126,605.142333984375,2242695
2026-06-11,600.190298930921,603.557727428361,586.5721197060033,588.0577392578125,1253041
2026-06-12,593.0098126447722,609.1040246789727,592.3165114209883,604.2509765625,1385523
2026-06-15,613.0161665948748,621.9793925665393,609.2030400997365,610.6886596679688,1326328
2026-06-16,608.0640806122465,618.9091151801684,607.2221932823089,609.4506225585938,982601
2026-06-17,612.8180379542495,612.8180379542495,602.4187015526016,608.509765625,1441041
2026-06-18,610.0944348187387,611.7781490827543,602.8644316909222,604.9442749023438,881306
2026-06-19,604.9442319936543,605.8356278496168,597.2190228920184,602.8148803710938,4384034
2026-06-22,606.0337357061841,608.9058971211351,596.7733379346738,599.695068359375,1107992
2026-06-23,599.199890243078,608.8069088378047,588.552950044544,591.0784912109375,1765065
2026-06-24,592.2174800410712,596.42673539485,581.3724453336854,593.5050048828125,1338785
2026-06-25,599.1008383404088,601.1806814272862,583.3532477111557,584.8388671875,1617776
2026-06-26,584.8388671875,584.8388671875,584.8388671875,584.8388671875,0
2026-06-29,584.8389100392949,587.9091663353628,558.691981159818,562.9508056640625,13423996
2026-06-30,568.4970823977798,574.2909744756607,559.4347789426178,565.7239379882812,3979387
2026-07-01,569.487495326903,570.0322104063432,557.7511250379978,559.6328735351562,1598382
2026-07-02,562.0593756738489,584.3436681014464,562.0593756738489,583.1056518554688,1686853
2026-07-03,587.2654237878916,607.024176013442,587.0178205280477,601.576904296875,3200516
2026-07-06,601.5768641544851,608.2621517241719,599.744563883898,602.8148803710938,1694807
2026-07-07,604.1519642888705,608.2622026521535,592.6631970168262,595.0896606445312,1635338
2026-07-08,591.2765361537024,593.4554567521435,569.9826575485021,576.1232299804688,3889043
2026-07-09,574.4395496500064,582.3628537831099,573.4491366333684,576.2717895507812,4537195
2026-07-10,579.3916295786373,594.0497305104528,579.3916295786373,589.0481567382812,872284
2026-07-13,584.3436815127271,586.8197140615099,580.58012412858,586.076904296875,711085
2026-07-14,586.0273900222676,589.0976461728185,578.3516891958774,587.4635009765625,1068690
2026-07-15,591.276557625292,602.1711005631114,578.450697258493,591.5736694335938,2709031
2026-07-16,591.425169758392,622.9698008353093,591.2765836227022,619.8499755859375,5435872
2026-07-17,625.0499877929688,625.0499877929688,609.7999877929688,616.5999755859375,1757526
2026-07-20,613.5,613.8499755859375,605.0,606.0499877929688,1748870
2026-07-21,609.0,621.9500122070312,605.9000244140625,618.1500244140625,2611970
2026-07-22,618.1500244140625,620.5499877929688,606.6500244140625,608.8499755859375,725603
2026-07-23,606.0,614.1500244140625,603.9500122070312,607.0,627797
2026-07-24,603.0999755859375,604.9000244140625,594.9500122070312,602.4500122070312,622872
2026-07-27,605.4500122070312,610.9500122070312,603.25,608.5,1543100
2026-07-28,607.0,610.4500122070312,596.75,599.6500244140625,2262031
2026-07-29,602.2000122070312,611.5999755859375,602.2000122070312,609.1500244140625,1140985
2026-07-30,609.9500122070312,610.0,600.3499755859375,602.5499877929688,770756
2026-07-31,607.5999755859375,607.5999755859375,599.0499877929688,604.2999877929688,1386415
2026-08-03,606.4500122070312,622.5999755859375,598.0,620.0,2234338
2026-08-04,618.75,619.6500244140625,580.2000122070312,581.9000244140625,7452417
2026-08-05,581.0,583.9000244140625,576.4000244140625,577.25,3366460
2026-08-06,576.7000122070312,584.4500122070312,572.75,572.75,2528114
2026-08-07,573.0499877929688,575.0,570.1500244140625,573.0,882844
2026-08-10,572.75,577.0499877929688,567.0,567.0,1964879
2026-08-11,567.0,570.9000244140625,564.0,568.0,981675
2026-08-12,570.75,574.75,564.25,570.5,1452949
2026-08-13,569.9000244140625,569.9000244140625,563.2999877929688,568.1500244140625,1029127
2026-08-14,568.2000122070312,568.2000122070312,558.0499877929688,563.0,1557252
2026-08-17,566.0,568.7000122070312,561.5,567.0999755859375,1106329
2026-08-18,570.0,570.0499877929688,560.0,560.0499877929688,1746720
2026-08-19,559.2000122070312,571.4000244140625,557.9500122070312,568.0,2733671
2026-08-20,569.0999755859375,575.2000122070312,568.2000122070312,571.9000244140625,2830644
2026-08-21,571.0,573.7000122070312,566.0,569.0,885783
2026-08-24,570.9000244140625,573.7999877929688,563.7999877929688,571.9000244140625,1480656
2026-08-25,574.9500122070312,585.0,570.5499877929688,585.0,3864498
2026-08-26,585.0,589.2999877929688,579.7000122070312,589.2999877929688,2061911
2026-08-27,587.7999877929688,591.0,578.0999755859375,578.0999755859375,1266550
2026-08-28,580.0,580.0499877929688,569.5499877929688,571.0,1181623
2026-08-31,568.0,569.4500122070312,562.25,562.25,2572084
2026-09-01,567.6500244140625,568.7000122070312,560.9000244140625,567.0999755859375,4060300
2026-09-02,562.9500122070312,580.7000122070312,560.25,578.4500122070312,4050279
2026-09-03,579.0,586.1500244140625,578.0,585.3499755859375,1643846
2026-09-04,581.0499877929688,589.4000244140625,579.4500122070312,582.1500244140625,1730115
2026-09-07,580.0999755859375,586.75,573.0,573.0,1754057
2026-09-08,575.5,576.75,569.9500122070312,576.75,1635290
2026-09-09,573.5,578.3499755859375,568.5499877929688,575.7000122070312,1763304
2026-09-10,578.0,578.5999755859375,572.5,575.2999877929688,1242223
2026-09-11,571.7999877929688,577.6500244140625,567.5499877929688,572.9500122070312,1449635
2026-09-14,572.9500122070312,572.9500122070312,572.9500122070312,572.9500122070312,0
2026-09-15,573.4000244140625,575.9500122070312,558.0,560.7999877929688,1588857
2026-09-16,560.9000244140625,563.5499877929688,550.5999755859375,550.5999755859375,3044986
2026-09-17,551.0,558.0,549.7999877929688,554.75,1804536
2026-09-18,554.0,580.0,553.4000244140625,580.0,3779171
2026-09-21,564.2000122070312,569.2000122070312,559.9000244140625,559.9000244140625,2691176
2026-09-22,559.25,562.5499877929688,555.0,559.9000244140625,2741227
2026-09-23,557.5999755859375,560.4500122070312,550.0999755859375,553.1500244140625,3211815
2026-09-24,550.7000122070312,553.6500244140625,546.5,549.5999755859375,1278779
2026-09-25,548.0,552.0,543.5999755859375,550.0499877929688,2067628
2026-09-28,550.0499877929688,551.6500244140625,542.8499755859375,549.5,1557384
2026-09-29,546.0,547.5499877929688,532.5999755859375,538.0,3270756
2026-09-30,539.25,544.9000244140625,535.25,539.75,3114983
2026-10-01,535.7000122070312,537.6500244140625,511.20001220703125,516.7999877929688,2466891
