Date,Open,High,Low,Close,Volume
2019-10-03,221.77308653540672,224.00985952662433,218.965232765099,222.6297149658203,640323
2019-10-04,220.91645586240614,224.58093802592825,219.67909240160313,220.9640350341797,916159
2019-10-07,221.05924192299972,221.05924192299972,213.15916707873635,216.9664306640625,1530313
2019-10-09,215.20555142288026,227.3887816609671,214.77722270750266,225.1520233154297,661679
2019-10-10,224.0574348710484,225.29479832327294,220.34535903793136,221.01162719726562,458031
2019-10-11,221.01163721015985,221.48754513461046,217.20437381455483,219.01283264160156,725660
2019-10-14,221.3447670088784,223.86707306733817,218.29895935614684,221.48753356933594,1626104
2019-10-15,221.77309864714513,223.53396382350905,221.20200331330884,223.15322875976562,488532
2019-10-16,223.67670669427855,226.15143351393556,221.0116196246993,223.3911590576172,688266
2019-10-17,223.39117718807458,227.00808032436927,220.34536937145276,226.34181213378906,471432
2019-10-18,225.39000665711202,231.19607489774768,225.29481925826636,229.0544891357422,805730
2019-10-22,229.05447221120153,236.52623223820956,227.29362165112764,233.43283081054688,1079784
2019-10-23,234.14669713868625,237.00214466476777,231.5292035731115,235.90756225585938,626600
2019-10-24,234.0514999366192,238.2870918749841,231.7671478209076,232.71896362304688,893379
2019-10-25,232.71897201281138,236.4310479655561,229.10206892957774,232.90933227539062,923146
2019-10-27,232.24306478588426,235.66960761673818,231.38643633994934,234.1942901611328,166232
2019-10-29,234.14669929604534,239.19132620998056,232.95692948254919,238.00155639648438,615376
2019-10-30,238.144322964681,239.76240700632434,234.71779461594642,238.00155639648438,591101
2019-10-31,238.00156009822894,249.0902236466145,237.28769819902823,239.61964416503906,1873896
2019-11-01,239.8100004140005,245.47330181469223,236.52623863742775,243.18894958496094,672164
2019-11-04,244.52149406801405,248.3287575927698,222.24900825761608,230.0063018798828,5231174
2019-11-05,229.8635439199013,232.71899167045908,227.00809616934353,228.0550994873047,1356790
2019-11-06,225.770709153008,233.48042308919096,225.770709153008,228.29302978515625,776113
2019-11-07,228.29302758304615,229.86351785837013,220.91645506378168,223.58152770996094,1413454
2019-11-08,222.72492236992375,226.67495257689015,220.3453826010143,221.20201110839844,771808
2019-11-11,221.7254867554312,223.48635178731038,218.4417251642099,219.345947265625,753824
2019-11-13,220.67850674592887,221.3447749244849,212.3976973779023,213.9206085205078,1398413
2019-11-14,211.77902400811683,224.05744251197356,209.39948441252,222.96286010742188,4373085
2019-11-15,223.533947004327,225.8658928155089,219.58390271021074,223.2008056640625,947260
2019-11-18,225.10444618999097,234.90815224800855,224.86649222995925,229.863525390625,2865890
2019-11-19,230.33943549241968,235.05092104096227,227.72194190727853,231.95751953125,1756950
2019-11-20,231.7671492856446,239.8099899598396,229.86351766933538,237.43045043945312,2580699
2019-11-21,237.00215260492845,243.5696763255215,235.76478906412694,242.14195251464844,2441075
2019-11-22,242.09437821501893,243.9980100011844,235.6220272373447,239.0009765625,1370223
2019-11-25,240.04796028778603,247.37693960584306,238.28710963670997,244.33114624023438,1580268
2019-11-26,244.56908420122951,247.28173602428916,241.2853080351601,243.4744873046875,1206312
2019-11-27,243.4745003417197,246.4727290203834,240.4286924888142,242.6654510498047,2109146
2019-11-28,242.6654282687133,247.37691343738294,241.3804856901067,246.3299102783203,1533842
2019-11-29,246.5678835399723,252.80229476592584,239.90518713470604,241.90399169921875,2749988
2019-12-02,241.76123318930928,246.75826655247414,239.61964746223865,245.56849670410156,2786539
2019-12-03,244.47389976268565,249.66127856585712,242.14193937924802,247.71006774902344,4703707
2019-12-04,247.51969286050232,251.37456436737602,245.9492025638265,250.75588989257812,3372985
2019-12-05,250.99383935116944,251.85046776608922,243.85522081498274,245.23533630371094,893270
2019-12-06,245.56851157357917,248.37638020460457,240.80943189192067,242.9986114501953,1246246
2019-12-09,243.2841420096795,247.71007999263202,241.33291657284542,246.94863891601562,892750
2019-12-10,246.94864942625895,249.51853495455111,243.85524771928615,248.37637329101562,2659862
2019-12-11,248.32874597159307,252.23119671126568,245.37811106856677,249.7564697265625,3259167
2019-12-12,250.9938552870034,254.61074395613235,249.89924380426632,251.27938842773438,2105658
2019-12-13,251.27935159617456,251.27935159617456,246.52027296745914,248.4239044189453,863943
2019-12-16,248.47150038767404,252.80227966091263,247.71005937443636,248.8046417236328,1268170
2019-12-17,248.8998375396443,249.85165336197565,245.7112487254116,246.8534393310547,731431
2019-12-18,247.47212839779175,248.75708564312643,244.90221390712236,246.4251251220703,747292
2019-12-19,246.5203258488889,250.66073095345774,246.18718446399402,249.09024047851562,629435
2019-12-20,249.09022717167758,255.27703038563786,247.47212855841104,253.32579040527344,2192975
2019-12-23,255.8480891878741,257.94209567939396,248.04321663617594,249.2329864501953,2772875
2019-12-24,249.37574546369123,250.04202815820307,245.28294904630056,245.99681091308594,975049
2019-12-26,246.85346711286047,248.04323702467576,243.95041109976097,244.75946044921875,828446
2019-12-27,246.61548238500447,248.80464713097516,242.85579831354025,243.4744873046875,1246778
2019-12-30,243.3793151950503,243.99800422504268,240.0955533463626,243.0461883544922,988265
2019-12-31,243.66483683206422,245.56846836981472,241.2852974098761,242.0467529296875,462747
2020-01-01,242.6654442051149,244.2835282197473,240.9045936246691,241.99917602539062,437875
2020-01-02,243.09376441435,245.0925835263177,241.33291379052838,243.9980010986328,540659
2020-01-03,244.61665954589841,251.27937011718748,243.61725005549377,247.47210693359375,1478041
2020-01-06,246.99623009176815,247.42455887262363,241.66605515512364,242.7130584716797,966858
2020-01-07,243.9503685241777,247.47209846736573,240.85698181689156,244.6642303466797,606481
2020-01-08,244.23594583225926,247.09139329940078,240.85699675809713,245.99681091308594,874455
2020-01-09,247.47211381893024,249.61369941928635,244.61666635178872,245.99681091308594,608732
2020-01-10,246.42511982807406,251.56491965187817,244.85462947178877,245.7112579345703,871270
2020-01-13,245.56849914888608,246.99622298114704,243.4745070996149,244.1883544921875,1049259
2020-01-14,244.18832246501168,246.0443748223617,242.71301965068562,244.6642303466797,568913
2020-01-15,244.6642678259995,251.13663343643213,243.4745124631307,250.08963012695312,909694
2020-01-16,250.13717358534842,258.60835720476314,249.47091997235648,257.1806335449219,2747358
2020-01-17,258.79870679435453,259.6553351936241,253.8492821279563,256.18121337890625,3413381
2020-01-20,256.13361723624547,259.70292620261705,251.8504464765996,254.08721923828125,1445582
2020-01-21,253.1830417796837,257.4662135391144,253.1830417796837,255.41981506347656,975832
2020-01-22,255.56256857102238,263.17709575377165,254.84870664763966,256.2288513183594,4553748
2020-01-23,256.22881241908584,258.89388490960476,255.65771715765703,256.4667663574219,1196861
2020-01-24,256.51437589336666,260.9879220825237,256.51437589336666,259.03668212890625,1403114
2020-01-27,257.0854319161909,262.3204183789352,256.22880357716394,260.1788330078125,2905584
2020-01-28,261.51143148842766,265.55664926395383,258.2276548518006,259.274658203125,2623772
2020-01-29,259.8456863877542,262.55836694518024,257.9420549856461,260.32159423828125,1295548
2020-01-30,260.7975047217539,261.2734125770856,253.5636995112905,255.4673309326172,1602589
2020-01-31,255.2770042484272,258.8938925997254,250.3275505651757,252.75466918945312,1103855
2020-02-03,246.32991788718837,250.51793065280214,241.9991676078402,247.8528289794922,1074575
2020-02-04,248.0432300808745,254.1348460494148,246.52031882696042,251.4221649169922,662758
2020-02-05,253.5637274661521,261.2734413819267,252.2311911337362,258.5607604980469,2404528
2020-02-06,260.9879212273684,274.6940638437759,257.3710035200608,259.94091796875,8099206
2020-02-07,260.7975675539608,265.55664725385054,257.51379094218987,261.93975830078125,2059595
2020-02-10,262.2252653233385,269.26869676760964,258.4180019429633,265.2710876464844,1710511
2020-02-11,265.55666750721514,265.55666750721514,259.84577143179115,261.3686828613281,1251820
2020-02-12,262.7487388614306,262.7963470794973,257.180639692638,258.7035217285156,948167
2020-02-13,257.3709792839661,258.8938903306275,254.1348114642557,255.8480682373047,1121053
2020-02-14,257.27582856398766,258.418019273546,253.04026519753452,256.99029541015625,727345
2020-02-17,258.22764565896256,263.4626331821028,250.47035177500533,253.51617431640625,2360644
2020-02-18,253.7541334257364,256.51439382069145,248.5191457967427,255.086669921875,1305723
2020-02-19,255.32460209623358,264.12889872024164,255.08664813342253,262.6059875488281,1407555
2020-02-20,262.7011845519528,268.1265467213285,261.74936866589496,265.7945861816406,1635070
2020-02-24,263.6529939254587,266.93677027009113,259.41740171827956,261.6541748046875,1577897
2020-02-25,262.70117821166104,264.5572307635242,257.6089575347294,259.08428955078125,1030458
2020-02-26,257.18063573784366,258.513172022302,249.37573471198246,250.18478393554688,1172207
2020-02-27,249.18536143328848,251.5173217304289,243.6648414871894,248.8522491455078,1083355
2020-02-28,245.9968018160892,252.94504544367433,241.99916389107884,247.51968383789062,2349628
2020-03-02,247.51972815215206,250.85108400371328,235.38408921645222,238.0967559814453,2160496
2020-03-03,237.28766985320777,250.75587145671642,228.91168833178276,247.80523681640625,2447513
2020-03-04,249.3757424268716,250.70827875255435,239.95277170947736,243.4744873046875,2007343
2020-03-05,244.42628553142194,259.6077591422717,244.42628553142194,251.3269500732422,5574983
2020-03-06,247.42455160163212,255.7053323955217,242.332330793525,253.27821350097656,2571888
2020-03-09,252.1360205888763,254.37279371440363,236.81179364799917,243.85523986816406,2318161
2020-03-11,246.09198074206398,251.56492197615887,241.95159043562236,245.66368103027344,2942068
2020-03-12,238.71541745104616,240.42868888120978,223.20081623251792,225.48516845703125,2131508
2020-03-13,208.4476672675352,242.7130372293218,192.26679811891373,239.4292755126953,1796888
2020-03-16,235.09852349265995,249.18538696568157,224.86650273336403,237.33529663085938,2973038
2020-03-17,237.2876967296593,255.4197917617886,235.19370474301545,250.0420379638672,2396541
2020-03-18,252.23120470176428,254.7535109393589,238.9533762646282,245.66368103027344,2087472
2020-03-19,233.19487226497773,243.6172524268032,223.676714213346,234.00392150878906,1521965
2020-03-20,239.85759673100986,276.02659941267007,239.85759673100986,272.0289611816406,7510948
2020-03-23,277.5697320429381,294.77029312985155,264.5127397142919,270.14990234375,6353782
2020-03-24,286.19417047976543,288.60321231882074,263.3564420826219,268.319091796875,2614095
2020-03-25,260.1764701729746,270.77625229113283,247.7939915444047,254.10569763183594,2927417
2020-03-26,257.38198283114275,261.1400814427822,243.60226341576245,247.50491333007812,2575177
2020-03-27,251.50394141107992,255.1175037876759,239.603270102708,243.50592041015625,1872352
2020-03-30,242.83140027093657,248.99854106303476,238.6396618848103,242.97593688964844,2234886
2020-03-31,248.6130962603777,261.2846493549903,245.81861385052815,257.52655029296875,1919045
2020-04-01,260.1764959251487,263.3564191124464,251.64848267726398,254.25025939941406,3044512
2020-04-03,254.25028147317795,269.33087749815434,248.90219094827486,264.6091613769531,4367888
2020-04-07,291.0603584098959,307.297302670459,279.4487910945537,300.9856262207031,12849762
2020-04-08,321.84794770708186,353.3582226137571,317.9934812674761,337.12127685546875,34940619
2020-04-09,359.4289716202174,360.3925881661161,335.33855797274975,338.3257751464844,21198837
2020-04-13,351.6236514831442,351.6236514831442,338.9521005151971,340.87933349609375,14945001
2020-04-15,341.6020796770663,344.9747377274745,318.8125533036135,326.76239013671875,11480952
2020-04-16,323.775182399276,333.60408362786643,317.1744027099845,331.05047607421875,7473616
2020-04-17,336.30216471849684,339.193014271951,319.9206839155901,321.6551818847656,7835392
2020-04-20,327.62963787945705,328.4968869218067,318.18620713877044,321.0770568847656,9732675
2020-04-21,317.7525483329441,337.16941538222744,314.4762580374949,331.67681884765625,12650701
2020-04-22,327.6297004000713,328.4969496079156,315.488123268501,319.34259033203125,8464412
2020-04-23,320.11345955026593,330.13506672417077,318.04166024860257,319.3907470703125,7291158
2020-04-24,321.12521974557427,331.48409780188314,318.86071494018825,324.69061279296875,8615838
2020-04-27,318.2825431703417,330.0868462219074,313.80173197507366,321.7033996582031,9372941
2020-04-28,322.90796844580626,327.19604520137176,312.2118169825471,314.09088134765625,4882363
2020-04-29,313.17540806400115,318.66803467602205,308.839133183115,314.8135681152344,5451366
2020-04-30,318.47528161049155,319.9207064892078,309.6099972581338,312.1636047363281,5084577
2020-05-04,312.1636144136944,324.979703639392,308.55005210487985,318.18621826171875,10069776
2020-05-05,323.7751806278423,330.03868858641664,312.50085453951044,314.2353820800781,8082678
2020-05-06,316.9816877492975,318.668016774913,311.8263331323957,315.0062561035156,3448128
2020-05-07,316.21075860000633,320.4506654527293,308.6463629541835,309.5136413574219,4523263
2020-05-08,311.7299352029882,315.5362321097853,306.4300444962913,309.5617980957031,5409424
2020-05-11,320.69159790091504,320.8843329869284,313.36813514833096,316.4516906738281,5369042
2020-05-12,314.0908362814563,318.186206749945,310.57361223566477,311.9226989746094,2547712
2020-05-13,314.8617259105545,316.7889591219428,309.41729796983174,313.1272277832031,2799973
2020-05-14,311.34451081947986,329.3159534589049,310.86270254814275,324.59423828125,10950024
2020-05-15,327.6296937310356,330.52054396983885,317.9935262683581,320.1134948730469,5091000
2020-05-18,320.40251478211326,323.4379011459686,311.39269382333276,312.1636047363281,3086689
2020-05-19,314.18720019175174,318.9089453509728,309.6582195346526,314.04266357421875,2773188
2020-05-20,314.9099210496419,326.66605637531023,313.2717903286865,325.50970458984375,3302453
2020-05-21,327.14786433232973,340.156689570876,327.0514967824466,331.8214111328125,10198978
2020-05-22,333.4113331031825,337.7476076666632,330.52048339419537,334.08587646484375,4851553
2020-05-26,335.338578423864,339.04850823327814,322.0888501097027,325.9914855957031,4063780
2020-05-27,327.4368943477322,328.3041727749384,320.88431352218856,325.31695556640625,2899592
2020-05-28,324.3533726219473,330.42414579804193,321.22161848675233,325.7987976074219,2383250
2020-05-29,329.5086779844639,339.6748204214136,328.88230372597815,332.062255859375,6498111
2020-06-01,333.3149587939405,340.01210557994847,330.183205006155,336.8321533203125,4746218
2020-06-02,338.1330338129279,351.2382244759197,337.6994240196489,340.2048034667969,8214215
2020-06-03,342.6138803687589,346.32381026850896,338.9521489447628,340.92755126953125,3505026
2020-06-04,344.97474386522657,350.8046125503303,340.4939325428395,349.5037536621094,5910999
2020-06-05,351.5755348230908,354.17728209074113,344.6856817709159,346.6129150390625,4170571
2020-06-08,346.90197688578667,347.38378518701694,338.4221625470321,340.3493957519531,2963704
2020-06-09,341.1202316285796,355.5744787314855,339.19299868152547,347.09466552734375,5530198
2020-06-10,347.38379647255823,357.79084435433015,345.6010998186424,355.76727294921875,5019676
2020-06-11,356.34540866774097,364.4879807406414,352.8282139419108,356.05633544921875,6624240
2020-06-12,348.7810595146344,362.7053025140566,346.61292204415116,360.68170166015625,4644285
2020-06-15,366.1743251920484,369.6433509963697,355.7190787097209,357.35723876953125,6630510
2020-06-16,352.6836386021663,361.1152829676553,343.384745269104,347.6728210449219,7050529
2020-06-17,356.5381110548483,358.27260902140733,349.45552377812106,351.23822021484375,6062637
2020-06-18,352.68367672181864,355.5745265310139,349.0701144603246,352.3464050292969,2283494
2020-06-19,355.2854543255351,356.24907093134647,347.14288224353135,348.87738037109375,5007226
2020-06-22,352.635536894144,355.0927476728072,343.5775165484699,347.5283508300781,5181110
2020-06-23,348.829212968221,355.42999263097477,347.8655963578115,353.6954650878906,2420026
2020-06-24,354.80365092533026,359.7180721570798,348.3955768823417,349.60009765625,3090543
2020-06-25,349.60005919141594,353.8399953748695,346.9019447176202,350.13006591796875,1701434
2020-06-26,351.6236630266966,359.13988954329074,349.8409665793942,350.61187744140625,4312446
2020-06-29,351.9127600542204,357.4535549684458,350.85277601526803,353.3581848144531,2246321
2020-06-30,354.36999829564814,356.1526948551309,339.04850051183314,340.2530212402344,2533187
2020-07-01,338.71123729477216,340.97574220223174,334.42313163155626,336.01312255859375,2538312
2020-07-02,337.2658249591019,353.5509403399636,337.2658249591019,349.9373779296875,5430089
2020-07-03,366.1742636567097,366.1742636567097,349.3109751988349,353.0209045410156,8834396
2020-07-06,360.39262273486446,360.39262273486446,346.99835734354735,349.69647216796875,3390790
2020-07-07,348.3473596961011,356.9717390088735,348.10645557459617,348.68463134765625,4953116
2020-07-08,349.0219566242457,353.0209597742007,344.6856817709159,346.6129150390625,2606845
2020-07-09,347.9619230453988,349.7446194467954,342.37292971689175,343.09564208984375,2714917
2020-07-10,344.34840042048074,347.43195591878066,341.60208720886175,343.4329528808594,2477667
2020-07-13,344.8784013771151,347.04653889131396,343.04753557990773,345.0711364746094,1869088
2020-07-14,344.92658380206774,348.82921938309636,339.9157655728929,340.92755126953125,2596036
2020-07-15,344.05927942619417,345.11926351884017,340.4939158146948,341.6502380371094,2721855
2020-07-16,343.2402155651894,349.4555244635862,339.28938195889697,347.7691955566406,4026049
2020-07-17,349.2146651654954,364.8252665281745,349.0219594814507,363.6689147949219,9211356
2020-07-20,367.1379450018272,370.5106032892455,358.9953725164471,360.68170166015625,5951419
2020-07-21,362.31985047767097,363.8616429568974,350.03373852663293,351.5755310058594,3512055
2020-07-22,352.9245568250798,360.00714425646515,348.34737827239957,353.30999755859375,3470022
2020-07-23,353.7437071921176,358.3208866560938,352.00917943510365,356.4900207519531,2370928
2020-07-24,356.5381392816863,361.25985470423814,348.34739824413407,349.8891906738281,4897964
2020-07-27,350.51558617240516,350.9973945382779,337.747664476778,343.625732421875,2844884
2020-07-28,343.0475099860562,348.82920959256273,341.21664432544475,344.0592956542969,2929086
2020-07-29,344.5892781089044,349.21462570476507,343.04748577453654,347.6246643066406,1863961
2020-07-30,348.34740200802577,355.0927182294813,348.1546669245148,352.3464050292969,3384412
2020-07-31,354.080955762592,382.0258390827474,353.9363897368626,374.2687072753906,15280658
2020-08-03,381.5921479696975,386.1211574483967,372.9677682160711,380.291259765625,12197366
2020-08-04,383.51939767358846,390.79469106756414,376.2441042796128,389.01202392578125,9406025
2020-08-05,394.11919732564144,396.52823887408664,378.1713540378321,381.6403503417969,19562702
2020-08-06,381.59218454921375,387.18114922668275,370.2215201058476,374.70233154296875,9631375
2020-08-07,376.099558516181,380.91764166092963,373.4496127865693,376.677734375,4604458
2020-08-10,378.89404055404646,394.89005181444975,377.88222552864573,390.40924072265625,7942401
2020-08-11,392.2883360600754,393.73376100546454,378.7013356919678,380.3876647949219,3349443
2020-08-12,381.1103586734329,381.1103586734329,367.3788223621904,371.18511962890625,3992334
2020-08-13,379.18311408037954,380.1948996993993,371.23327750817333,372.3414306640625,5405124
2020-08-14,375.8104726107349,385.78391026531494,372.00417529190776,381.06219482421875,7430560
2020-08-17,384.6275898055531,387.90388061791754,376.6295831688475,383.0376281738281,4306535
2020-08-18,383.5194027225677,386.4102524918333,380.7249204937266,382.5557861328125,2023214
2020-08-19,384.386723482213,391.22840842729295,380.24318313615396,381.3995056152344,4960714
2020-08-20,382.5557776601684,386.21750885724225,380.6767135888645,383.9530334472656,2403030
2020-08-21,385.73572634394844,389.30111964817917,381.92945828876555,386.072998046875,3722556
2020-08-24,388.4338471484898,389.156559579525,378.3158731139973,380.72491455078125,3077174
2020-08-25,382.5557721693847,384.0011970012589,372.9677756883881,374.0759582519531,2248906
2020-08-26,375.81047079990293,376.9186239990178,371.0887553815582,374.50958251953125,2189843
2020-08-27,374.8468392503264,381.5921551237256,373.8832226969837,374.9432067871094,2673972
2020-08-28,375.8104847833166,379.42404713700233,373.449612282677,374.70233154296875,2434360
2020-08-31,377.6413534146367,378.26769834600316,354.851825875947,357.74267578125,3023973
2020-09-01,359.52539190539983,366.0779736160008,353.16551588790617,364.3434753417969,3299059
2020-09-02,366.27069673550693,370.4142365923727,359.13993936433843,368.1015625,3414195
2020-09-03,369.0651381778896,375.18410914401085,366.02975193072115,372.9677734375,2425534
2020-09-04,367.1860772056958,376.2922654303521,360.6816654472966,363.427978515625,3463442
2020-09-07,368.9687599782792,368.9687599782792,353.50272658043286,356.9235534667969,3179672
2020-09-08,357.50176572561315,360.5853506699721,349.11828937561836,351.3346252441406,2082467
2020-09-09,349.79284065534233,358.2726553325734,346.9019907325709,357.1163330078125,3592446
2020-09-10,359.814427628404,361.3080509822854,347.2874120000481,350.5155334472656,5232616
2020-09-11,351.7200639054582,359.09172511682215,344.9747476113809,356.53814697265625,4408064
2020-09-14,358.27262294047966,359.62170964159645,352.20185041442795,355.140869140625,2843408
2020-09-15,357.164481335343,364.7288774087569,353.88819082791537,361.4043884277344,4154655
2020-09-16,363.4280197805027,375.8104998227796,361.4526173776664,374.2687072753906,5051649
2020-09-17,374.84687501404954,382.17036739962936,370.4142325643108,379.3758850097656,6323433
2020-09-18,380.67672501275655,407.6098206710589,380.67672501275655,394.7937316894531,19640911
2020-09-21,397.87728456445365,401.7799494025662,376.34044787296375,381.68853759765625,8893943
2020-09-22,383.42304698491694,384.00122283801676,367.37883615305867,378.7976989746094,4930269
2020-09-23,380.62852221070005,381.5921387226259,365.4997312105678,369.932373046875,3731153
2020-09-24,367.8606085446951,369.8360106587244,360.5371170707392,362.60888671875,3631829
2020-09-25,365.2107045214464,374.94323841257,361.8380463002721,371.4742126464844,3902803
2020-09-28,374.9432164900026,378.2676760407204,367.4751880083365,376.3886413574219,3623432
2020-09-29,373.97962387659067,380.4358377204353,371.3296781165117,373.6905212402344,3888455
2020-09-30,373.93144104999453,391.7101805654972,371.9560386181597,380.6767578125,7587170
2020-10-01,384.14575570396613,387.5666123138926,376.5331903662385,383.76031494140625,4531721
2020-10-05,386.4102286404586,402.2135338555276,381.3994109201291,398.98541259765625,6566686
2020-10-06,402.35806736811287,408.04342837893375,397.395448156699,400.2381286621094,6757564
2020-10-07,401.5872310603818,405.05625681421816,390.5538088700297,397.8291320800781,4547165
2020-10-08,399.90086965649357,422.73859373471356,399.1299881766796,420.2331848144531,11801209
2020-10-09,420.1367928840254,431.6038233221181,419.17317638658494,422.06402587890625,9872616
2020-10-12,422.064078895854,427.0266985995959,415.0778584118473,425.4367370605469,5232786
2020-10-13,422.54588116649666,430.0620789203573,411.6570252961417,414.4515075683594,5013352
2020-10-14,412.90972949042197,417.82418022694975,406.98349304662946,414.8851318359375,3974124
2020-10-15,414.93330284904056,417.24597674632423,399.7081433280384,400.76812744140625,3828064
2020-10-16,398.5518526168377,416.4751282015709,396.33551667584726,414.7406005859375,6973034
2020-10-19,420.04046094579303,420.04046094579303,404.5262281409246,407.32073974609375,3621498
2020-10-20,404.7189681780493,415.27058161130344,402.1653900936129,412.6206359863281,4544341
2020-10-21,412.62064828791847,416.71601892134055,402.8881145482193,410.83795166015625,3562497
2020-10-22,409.53704621816115,411.6088159822865,400.4790562538436,410.16339111328125,2951109
2020-10-23,412.4278807681137,418.8359249032725,407.65796711315534,408.86248779296875,4441774
2020-10-26,410.01885368444465,414.35512828275256,399.41907133302544,403.6108093261719,2709889
2020-10-27,404.71898606986053,409.2479960102074,401.00905614943764,408.0916442871094,2410795
2020-10-28,409.53703667243036,412.23515126878664,401.7317366802836,403.2735290527344,2577321
2020-10-29,401.82817322880584,404.7190233959195,392.6738143662791,396.1910095214844,2429592
2020-10-30,398.0700129040716,403.7553448135535,393.54100323992407,402.5026550292969,2527504
2020-11-02,402.79172460473364,408.04344665254933,389.3010926801732,395.7091369628906,2958688
2020-11-03,404.71897922831283,447.1181103855647,400.8645127594718,421.726806640625,30218448
2020-11-04,421.0522969133764,428.2312231398862,416.8605587046482,423.3167724609375,6349693
2020-11-05,429.7729838054256,433.4347149538749,421.3413389437721,426.7857666015625,5283605
2020-11-06,426.78578342399976,428.18303924761767,414.7405760039995,416.5714416503906,4204221
2020-11-09,420.2331945212945,422.93130917020966,413.3915109527489,421.6786193847656,4111210
2020-11-10,423.99131314963995,423.99131314963995,391.469252197821,394.504638671875,7148283
2020-11-11,399.80453331962275,403.7553673782818,396.14280189388745,401.29815673828125,5861723
2020-11-12,403.17716724165024,419.55864894120253,398.7927236084912,410.548828125,9036176
2020-11-13,412.37973928595994,417.005087242914,408.6698094625462,410.115234375,5443702
2020-11-14,412.42789504995994,414.355128204399,411.80155015621614,413.6324157714844,453603
2020-11-17,416.2823716172683,418.1614357520498,410.5006720114729,414.2106018066406,3849920
2020-11-18,414.1623845180706,419.94408386122046,410.163381687174,413.2951354980469,3341326
2020-11-19,414.8850970765149,422.88313214826115,411.56063759742364,415.0296630859375,3614608
2020-11-20,418.2095899736064,418.5950307188614,408.2843510988815,410.30792236328125,2797173
2020-11-23,414.01785562635007,421.91952330537464,409.63341197237236,417.1014404296875,3744377
2020-11-24,416.2823667501639,418.4023350104005,410.0188589171174,413.4878845214844,3001559
2020-11-25,415.8005642240441,416.61964421810126,404.2853340544779,406.1643981933594,2533722
2020-11-26,406.6461990040993,411.27154685072685,402.88810020280886,406.9352722167969,2587875
2020-11-27,423.0276663097807,442.2999973489507,416.47508551936033,433.72381591796875,19534886
2020-12-01,442.39637541639564,442.6854486259669,426.2075993137893,437.1446533203125,6867503
2020-12-02,436.5183448694927,439.26465821866395,428.90577917374776,434.39837646484375,2976254
2020-12-03,434.3983281389059,446.9253432647343,434.3983281389059,446.1062927246094,4514941
2020-12-04,447.11810526553114,458.48876945550654,441.38457469588764,453.9115905761719,7398943
2020-12-07,454.73065882761,463.4514065325986,449.8644068550113,454.8270263671875,5147587
2020-12-08,454.82702986686974,458.3924230079612,446.15448056856076,448.1298828125,3064923
2020-12-09,451.4543547823088,457.13968655980494,446.5399044838062,450.92437744140625,3655392
2020-12-10,451.55076834972124,458.1515482877383,447.1181258755403,452.4661865234375,2907247
2020-12-11,453.81526102379604,455.74249427259485,444.22726384812375,449.67169189453125,1634404
2020-12-14,451.9361690615999,456.46517868076506,449.57529671405223,452.7552490234375,2084100
2020-12-15,455.7906465405579,458.15151894621334,448.08171382951247,449.8644104003906,2936032
2020-12-16,453.8633903064199,455.6460867867366,448.9489400713349,451.9361572265625,2630386
2020-12-17,451.93615347326084,463.499551856372,451.06890447597607,457.7660217285156,4533593
2020-12-18,458.10329195711165,462.00595654349803,452.8997685825059,459.2596435546875,2439589
2020-12-21,459.25965302868184,468.07673856854495,413.3433303608949,436.3255615234375,7647410
2020-12-22,438.4455729178527,453.71890260314365,422.8349715257911,451.984375,4489020
2020-12-23,450.2498366667095,461.81323536119965,448.12986847648887,457.7178649902344,3377709
2020-12-24,460.41598206650434,473.810275818814,452.8997846375447,471.6903076171875,5254900
2020-12-28,478.38748655633054,481.08560135083303,466.3904477792753,469.9558410644531,6453108
2020-12-29,470.24488435057214,472.6539257663025,459.7414696594364,461.90960693359375,3004757
2020-12-30,465.33043398103337,465.33043398103337,458.4887504789103,461.90960693359375,1839434
2020-12-31,462.53589776153643,469.2812129372255,457.18783820656483,459.4041442871094,3322247
2021-01-01,460.36785671614143,465.2823075358478,459.4042400615812,460.99420166015625,1774666
2021-01-04,476.02658630705616,476.02658630705616,461.66870527357554,468.7030944824219,6212355
2021-01-05,466.39046004879424,471.6903516402578,462.77689760006905,468.17315673828125,2211146
2021-01-06,468.317665932517,469.95582590958213,458.0551550605065,464.0777587890625,1926225
2021-01-07,466.8722206189208,468.26947638573444,461.1386903571945,464.6559143066406,2064672
2021-01-08,467.3540595802017,471.5939668165936,465.908634653665,467.49859619140625,2216314
2021-01-11,469.2813055514793,477.90568627677146,465.18593481514705,475.737548828125,5043283
2021-01-12,477.9538581194961,479.1583789312892,471.64218082859884,472.5094299316406,2534905
2021-01-13,475.06299848355104,476.50842342822716,464.1259438540526,469.3294677734375,2727835
2021-01-14,469.2812773798952,486.53000838776893,465.42681103591246,485.1327819824219,4909904
2021-01-15,487.58998800692933,490.6735728165111,467.59494403233685,470.0521545410156,6378475
2021-01-18,467.35410400124886,470.0522190243362,450.34627496389015,455.6943359375,3221146
2021-01-19,456.85063336611245,469.28128155459,456.85063336611245,467.5467834472656,2112198
2021-01-20,465.90862989007775,471.0157861487255,464.55957252055236,468.5104064941406,1394499
2021-01-21,469.66673073839667,471.9794047254081,449.52714943200255,452.4179992675781,2522121
2021-01-22,452.947948675453,455.886996804507,438.7346045280949,443.74542236328125,3760715
2021-01-25,448.41900684144053,456.417013146594,438.9273771081467,450.3944091796875,3542288
2021-01-27,450.8279763868241,455.453323731389,442.3963321805143,445.2389831542969,2807794
2021-01-28,440.37276347998363,449.6234882441628,435.7955848661326,445.47991943359375,2584839
2021-01-29,445.4799542885773,447.8408267843895,433.6274815556219,435.0729064941406,2561802
2021-02-01,437.4819325621764,441.33639892836294,425.9667025302962,439.2164306640625,3425170
2021-02-02,442.6854634928688,453.7670544763356,437.19286647584534,450.2016906738281,3939023
2021-02-03,454.2970439075897,465.2340684565474,451.3579957233317,459.5487365722656,6399214
2021-02-04,464.4632210334887,464.8486618084988,457.95880870573757,461.7651062011719,3872030
2021-02-05,464.9450218044162,471.1603608017984,454.68251062427566,457.95880126953125,8272131
2021-02-08,460.60871728199226,462.43958287091124,455.45336278661324,456.2242736816406,3717127
2021-02-09,457.71786667901813,460.3678122229493,449.14168516374417,450.7798156738281,3261845
2021-02-10,452.89980757350736,454.1043283383305,443.07090636965233,452.4179992675781,3481108
2021-02-11,450.97252860605676,455.16426632390767,447.1662316124036,453.7188415527344,2204483
2021-02-12,454.29707202124507,461.5723658155649,449.62352548383456,451.020751953125,3029750
2021-02-15,449.91258643757186,455.0679411494059,446.78083247518845,449.9607849121094,1809852
2021-02-16,449.04536133131876,457.1879338308046,446.4917830764419,451.83984375,3392787
2021-02-17,452.8998134985753,454.3452384352729,443.9381906539486,446.82904052734375,2556360
2021-02-18,448.0817063871566,454.24884657211163,445.8654000324403,450.6352844238281,2556001
2021-02-19,449.3344202279967,449.3344202279967,430.7848002069271,435.9401550292969,3283243
2021-02-22,433.62747608923763,434.5910927027693,415.5596645855194,418.64324951171875,2515498
2021-02-23,422.8349505640203,422.8349505640203,405.68258691803226,414.8369445800781,3853845
2021-02-24,414.8369457358119,421.4377253182837,412.09063254809803,417.67962646484375,1688256
2021-02-25,424.9548936876368,428.23118403870063,420.2813475921632,422.1122131347656,3141003
2021-02-26,418.4023501722565,427.6530462427977,414.45151612987144,419.365966796875,3239469
2021-03-01,421.10047083864106,422.44952825049637,414.74059514589885,419.4623107910156,2015942
2021-03-02,421.4377446043675,426.4003644332716,419.0768720666407,425.1476745605469,1306991
2021-03-03,425.4367694418235,431.2666386644806,423.2204628135194,429.3876037597656,1871926
2021-03-04,425.91849057424423,437.0000802611307,424.76213901793335,432.71197509765625,2657329
2021-03-05,434.5429619021794,435.55474767259045,424.2322514664999,426.15948486328125,1925235
2021-03-08,426.8821439480334,435.07288485900017,425.91852737027256,429.9657287597656,1596275
2021-03-09,436.51829754360836,436.7110326166795,425.4848762732622,427.412109375,1955646
2021-03-10,428.8093723948357,433.531087692566,427.26758000589984,432.0856628417969,1153308
2021-03-12,431.70025158898306,434.5429324192642,425.484912543163,426.4003601074219,1488897
2021-03-15,425.9185480694676,426.40035638176334,414.93332443057295,423.9431457519531,1485949
2021-03-16,424.7140272887281,426.73762808181954,418.9804966095101,423.9431457519531,1230143
2021-03-17,422.883102456731,426.83393594660737,411.271506109567,413.5360107421875,1359127
2021-03-18,415.1260405864351,417.2460089769301,402.7917592433182,404.47808837890625,1719710
2021-03-19,403.755345149581,412.23515925140003,393.49283450157145,409.9224853515625,1723181
2021-03-22,411.9942347137949,422.0640391925882,410.25973672658546,415.945068359375,2032262
2021-03-23,417.63145536023495,419.6550562315494,412.95790866885903,415.46331787109375,1140604
2021-03-24,414.3550909012369,420.5704290276521,410.5006249393649,415.2705383300781,2148471
2021-03-25,414.3551124640264,415.8969048104574,402.4062732418612,404.91168212890625,2100000
2021-03-26,407.6097966797283,409.1997580902928,400.09359942583615,404.91168212890625,2221380
2021-03-30,408.5734498537642,420.42592260313313,406.88712075649045,418.7395935058594,1997389
2021-03-31,419.26958653503453,430.9293532206857,417.10144919541017,424.8585510253906,2732398
2021-04-01,428.8094151635481,430.88118510816986,424.42497110848245,425.725830078125,1269615
2021-04-05,428.6166628554257,432.6638644416085,418.6432543166996,423.9431457519531,2940040
2021-04-06,426.73760049931116,443.02271452085864,424.76216890223463,439.8909606933594,3678053
2021-04-07,443.36000199751385,447.7926442235268,437.62647148458205,444.90179443359375,3271918
2021-04-08,448.03357557082836,458.4887927533138,445.67270300283366,453.5743713378906,3483861
2021-04-09,454.77884073265307,498.9124667848099,454.63427472493146,495.7325439453125,22861929
2021-04-12,498.91249391572217,512.6440304455126,476.3638713903572,481.51922607421875,26881035
2021-04-13,493.3717284465678,494.624418337928,461.13873950293146,472.1239929199219,9426405
2021-04-15,476.9420489215404,494.3353168246965,468.5104036540626,486.3373107910156,12921095
2021-04-16,489.46907906669594,510.71681399943446,482.1455867958209,507.92230224609375,15428933
2021-04-19,515.5348559181348,517.2693539508498,494.7207618965805,507.9704895019531,15721350
2021-04-20,522.2802420558287,548.201554347866,513.2704495978221,536.0117797851562,28048180
2021-04-22,543.3834962810103,552.1523849773649,521.8947962014973,532.4464111328125,19216028
2021-04-23,534.7589677656272,556.343941242523,520.3528898846288,550.128662109375,27225111
2021-04-26,582.9880398739454,582.9880398739454,544.5397142143141,548.8278198242188,32282135
2021-04-27,546.3705653939984,552.4413376910347,535.2889754433264,542.3233642578125,15090074
2021-04-28,544.8287933989214,553.1158717848875,537.6980077630092,542.8533325195312,9739916
2021-04-29,542.9979117606648,549.1650810455861,538.1798291363466,541.0706787109375,8442909
2021-04-30,539.4324856974899,557.7893676048693,537.7943259430205,550.3695678710938,9769446
2021-05-03,554.0313843960912,563.233911303768,549.6951096298518,559.6685180664062,8625355
2021-05-04,565.6429146996329,566.5583621847868,545.4551362196021,548.4423828125,6576325
2021-05-05,550.2733497444582,585.6380972876228,544.9252883852747,579.8082275390625,23454643
2021-05-06,585.8307582773779,588.6252112934636,571.0874351909114,579.8563232421875,11485502
2021-05-07,581.8798555351493,589.6370161520973,577.2063385898916,581.2535400390625,8001812
2021-05-10,587.2760836781564,607.0783908550557,583.9515950129583,601.2966918945312,17654195
2021-05-11,603.8504335471737,609.9693761167007,599.8514006834853,606.9339599609375,13702473
2021-05-12,611.8483922841743,649.1885367761807,609.4875197727492,623.4599609375,29773435
2021-05-14,633.0960153237153,638.5404718579994,592.6241239331581,594.6959228515625,15933829
2021-05-17,602.0195328464763,605.5367573244789,587.806186532774,589.1552734375,5761782
2021-05-18,592.0460163215454,595.9968205471553,579.5671705633604,582.4098510742188,5451390
2021-05-19,584.915285944168,597.0568317806394,584.048007463924,592.5760498046875,4512828
2021-05-20,594.5515057420131,603.224056068882,588.2879971726077,593.3469848632812,5620552
2021-05-21,596.4788096577194,599.0805868262352,585.7826865159911,590.8416748046875,4137273
2021-05-24,597.9241990517323,616.6665567800733,595.0333487742863,598.6469116210938,12458519
2021-05-25,603.1276872121285,605.0066926356714,596.4787087743076,599.8995361328125,3222676
2021-05-26,602.0676355994524,609.9693034256845,597.2013835672481,605.24755859375,7089800
2021-05-27,609.3911488569685,614.7873781804054,598.6949695278325,604.0430297851562,12760888
2021-05-28,604.0430063387975,605.1030198245875,590.2151324751736,598.6949462890625,6438083
2021-05-31,597.4422981834464,597.4422981834464,589.2997260662739,595.8041381835938,4405464
2021-06-01,596.2859791590273,604.8140219132357,594.0696725975555,596.912353515625,3540399
2021-06-02,596.1897035441284,612.3302843382702,594.0215658255123,604.5731811523438,5561507
2021-06-03,606.0184683800904,618.1118442510323,605.1993590285489,611.318359375,4524635
2021-06-04,611.2219508247098,621.3399243501234,609.3428868356644,613.3419189453125,5495252
2021-06-07,616.6664308813163,618.1600247901644,611.1256356474216,613.0046997070312,3255819
2021-06-08,611.896600091495,616.1365370667461,588.287991111587,610.9329833984375,6667982
2021-06-09,612.2819626642703,626.3025713207387,607.0784099106704,613.1010131835938,6835756
2021-06-10,613.8238423113904,633.7707199076425,612.9565637493591,626.9772338867188,8601713
2021-06-11,631.1688996351476,644.5631944661789,627.2662640033553,640.7568969726562,8814574
2021-06-14,644.1777370411119,644.2259061112005,615.8956116033241,631.5543823242188,4142058
2021-06-15,631.2652256261362,633.9633992196698,620.5691046463816,622.496337890625,2926557
2021-06-16,621.1472352436913,624.3272170671404,605.2475613844041,607.2230224609375,5460433
2021-06-17,601.2966671704958,610.5473616011726,594.6476901134912,597.68310546875,6531958
2021-06-18,601.1039585522175,603.4166616688352,581.6388935665486,597.8276977539062,5218888
2021-06-21,597.442309390805,608.0420922993516,590.9860662199738,606.6448364257812,3526369
2021-06-22,611.8965620461778,612.3783703627496,603.7058206644573,607.1266479492188,2873459
2021-06-23,609.6802751826314,610.1620835147158,598.7914186404203,600.8631591796875,3043828
2021-06-24,601.1041019671268,601.6823072914746,592.7206246873129,595.51513671875,2679523
2021-06-25,595.4668238722326,609.9692403353177,594.0695681938759,601.2966918945312,3101549
2021-06-28,608.9574539623661,620.8099250526279,603.8020704407984,619.1235961914062,4967635
2021-06-29,621.4845430693161,625.2908404336722,610.2583860607388,617.3410034179688,5896727
2021-06-30,619.9910265541909,626.3508734355839,615.7510894235971,621.7255249023438,2908630
2021-07-01,625.4836183364865,625.4836183364865,610.1139779936888,615.94384765625,5465599
2021-07-02,620.3281934509519,620.858170824206,613.6310462403114,616.0882568359375,3041858
2021-07-05,619.6054875054465,622.6890724565521,615.1728745731946,620.5209350585938,2474384
2021-07-06,622.2554527339719,623.3636354090436,611.8965737298832,614.2574462890625,1887653
2021-07-07,613.8237123647608,616.280922684329,607.6083741579823,614.8836669921875,1943209
2021-07-08,614.7873439341776,617.6781935138054,605.3439137369571,609.6320190429688,2454480
2021-07-09,607.1266662846091,619.7500798487156,606.2594465772846,617.1964721679688,1980608
2021-07-12,619.1237095430378,624.3272630790025,615.3655810098971,621.6290893554688,3102840
2021-07-13,625.1462555932351,628.1816713427202,617.6782271063795,622.11083984375,2985700
2021-07-14,621.5326075139833,626.6397629136053,618.641758176709,619.9908447265625,2614515
2021-07-15,619.9908721232383,622.0144432229574,612.860086583735,616.9072875976562,1989641
2021-07-16,616.5218642010713,622.3999605141154,615.5100785745311,620.4244995117188,1968433
2021-07-19,620.4244965823066,627.2180403594723,613.8237466938892,616.2327880859375,3666811
2021-07-20,615.6545910831317,615.6545910831317,592.6241337419992,599.8512573242188,3628333
2021-07-22,602.9831315591018,607.897553052803,593.9251113306984,597.6350708007812,2706726
2021-07-23,598.7914395572959,599.8513943991105,589.7334190718966,592.8651733398438,2175134
2021-07-26,593.3950752672599,593.3950752672599,581.5426031547581,583.5180053710938,3376653
2021-07-27,592.6241615629892,599.3694772230558,569.4973650141897,576.9653930664062,6212666
2021-07-28,576.7230943678509,579.2917166875626,555.2534630730584,559.615234375,4685224
2021-07-29,561.117699818842,564.8978663212782,552.9272503230942,554.4296264648438,2448180
2021-07-30,555.3989184457392,576.2384939197068,554.914277155647,568.0964965820312,3187410
2021-08-02,571.8766509193173,575.5114601412621,566.7879180085946,573.6697998046875,1308091
2021-08-03,573.8152369606503,578.4677811039453,570.9073894760525,573.7667846679688,2099327
2021-08-04,571.8766864499149,578.3708911620014,567.3694990705501,569.69580078125,1549289
2021-08-05,569.6473896484658,571.8767277721248,564.413240001341,566.642578125,1446903
2021-08-06,566.0609674332945,573.8152272611479,564.8493643351925,567.8056640625,1268081
2021-08-09,567.0303319399803,572.1190656881597,562.2808234442199,567.9027099609375,1416854
2021-08-10,570.6166307798856,571.682817886685,555.3988833991896,558.742919921875,1767304
2021-08-11,559.0821075900562,559.663712558593,540.1810997385804,546.4329833984375,5778620
2021-08-12,543.7190857727888,543.7190857727888,525.4480732843855,527.2897338867188,4953491
2021-08-13,528.2589756214586,548.7593246697916,519.9716218726702,541.2958374023438,6662740
2021-08-16,540.7627673228936,540.8596719153842,507.9040646660597,515.6583251953125,7122205
2021-08-17,515.6583224134346,523.2187145566066,510.42417292030103,513.8651733398438,3385586
2021-08-18,520.5046992461124,528.8405050298783,514.7859088677393,526.1265258789062,3185524
2021-08-20,523.4126054349991,531.1668662562585,505.529329583907,518.4207763671875,5112841
2021-08-23,544.7367665489397,559.2760040902816,525.3511164938174,530.29443359375,20664509
2021-08-24,533.9778108156759,535.9648283240751,518.0815524278514,532.0392456054688,5043450
2021-08-25,533.7838602773845,534.3169537960496,523.8971673954917,526.3203735351562,2463069
2021-08-26,527.0957953257392,530.1975110616347,522.1040261016905,523.9940795898438,2809344
2021-08-27,525.7872637488952,534.753126188255,522.6370958647958,533.638427734375,2224269
2021-08-30,536.0132172455659,540.326536160345,531.9906712458746,537.9517822265625,2248028
2021-08-31,537.9517961616416,540.7142276669964,532.6207423258055,537.1279296875,2015528
2021-09-01,537.9518623928169,540.3266166804883,531.1668839482229,535.3832397460938,2170037
2021-09-02,536.982555242026,543.7675333768531,536.0132726513365,539.40576171875,1669885
2021-09-03,542.0712415021469,542.6043350484064,536.013225839405,538.5818481445312,1433692
2021-09-06,538.9695923381424,540.6658369335887,534.5593682220457,539.7935180664062,1242605
2021-09-07,539.7934561664122,541.3442845259975,533.1053831500424,536.8370971679688,2121937
2021-09-08,536.9825079070397,541.1504108475416,534.1231126844982,538.291015625,1434803
2021-09-09,534.0746608398377,544.9306367397874,533.9777562533552,540.95654296875,1877624
2021-09-13,543.767526197986,543.767526197986,537.224868797208,538.4849243164062,1053538
2021-09-14,538.9210738183165,546.0937880332594,536.4978675511478,543.6220703125,1244191
2021-09-15,544.9789915470382,552.8786662224664,542.1195968335845,548.7592163085938,2406716
2021-09-16,549.5832407083841,551.1340692226236,543.8644496365339,547.1600341796875,1253117
2021-09-17,545.7060552635427,547.1599790342271,534.4624017677073,540.084228515625,2139408
2021-09-20,539.2603221972893,542.7013225727356,524.8665000160972,529.228271484375,2010263
2021-09-21,529.2281935887155,535.8677544045992,517.1606158039451,533.8807373046875,1946973
2021-09-22,534.1715663018994,546.2391453542061,534.1715663018994,543.9129028320312,1468830
2021-09-23,548.1292561059904,553.3634052926116,546.1906910976579,549.8255004882812,1799045
2021-09-24,549.6316635968094,552.1033222917615,541.1504412001907,546.7238159179688,1734174
2021-09-27,547.2568821654726,547.3053936192808,536.691738289461,540.375,1186563
2021-09-28,537.9517885594537,537.9517885594537,522.5401731149782,527.62890625,2642505
2021-09-29,518.5661770032985,539.1149794007256,518.5661770032985,530.7791137695312,2403708
2021-09-30,527.2897151028976,538.4364645949626,527.2897151028976,534.8985595703125,2255845
2021-10-01,535.0439528901304,542.7497607828384,527.532013334155,538.6303100585938,1445476
2021-10-04,542.7982818302968,555.5928245912173,540.1327545534516,544.8822631835938,2672672
2021-10-05,544.7367185089391,549.6315828841206,538.5332873742532,546.6268310546875,1434639
2021-10-06,548.856257709106,548.856257709106,530.6822094405925,533.4446411132812,1962074
2021-10-07,537.9518316875212,540.6173587814685,532.0392316159821,532.8630981445312,1852570
2021-10-08,536.788628967821,536.788628967821,532.1360848666225,532.9114990234375,1129279
2021-10-11,536.9824720211489,537.1763403413042,529.664401427651,531.6029663085938,1227493
2021-10-12,531.8937953099208,539.8903762872453,518.6146126427863,524.7695922851562,1909589
2021-10-13,525.8357744411869,530.488318770079,521.7163236736753,528.8890380859375,1223053
2021-10-14,532.0392001146262,535.0439522694063,526.3204095693617,527.3865966796875,1557711
2021-10-18,527.3865910619245,529.2282514986626,514.689013820128,517.8876342773438,1547343
2021-10-19,517.8876597374108,519.5354519207143,507.90406120607145,510.9088134765625,1285363
2021-10-20,509.93947506755717,511.6842308119149,499.18046349898304,501.3128967285156,1159491
2021-10-21,502.4275901744789,506.45013645349763,489.53614398772504,494.9156799316406,1131700
2021-10-22,495.3033958763487,502.08837390205207,485.6105701253438,486.9675598144531,1113599
2021-10-25,487.54910696781343,489.39073783754554,474.94843422311845,483.5750427246094,1578920
2021-10-26,486.57984983287906,494.3341103879847,482.65426725891945,493.17095947265625,1921489
2021-10-27,496.2242123098914,498.98664390772944,492.0078273098119,493.5586853027344,1506321
2021-10-28,495.3033308163728,495.3033308163728,474.5606923498782,476.59619140625,1987837
2021-10-29,477.37162678482014,496.2726353580262,474.4153270195342,487.355224609375,3356396
2021-11-01,490.4569459637134,493.46172763564846,484.7866374115407,486.0467224121094,1553580
2021-11-02,487.5491297285925,488.71228063754234,474.94845639564676,480.2795104980469,2044900
2021-11-03,481.9757319459128,483.13888279926203,471.1197559151696,475.4330749511719,1684324
2021-11-04,475.4330749511719,475.4330749511719,475.4330749511719,475.4330749511719,0
2021-11-08,482.60576586827403,482.60576586827403,471.7013374035754,479.3102111816406,1310748
2021-11-09,494.2856549370645,494.2856549370645,478.8255862219256,483.0904235839844,4841426
2021-11-10,483.1873243514414,489.39072641103587,479.8917697804213,486.6282653808594,1443402
2021-11-11,486.57980866015583,486.57980866015583,475.9177012990767,476.8385314941406,1483860
2021-11-12,477.3716327282002,479.9402254451231,472.2828995874427,477.46856689453125,1229164
2021-11-15,476.8870087415263,482.70270397008153,473.15526505383895,478.1470642089844,1410869
2021-11-16,480.18255829835624,481.92728459627966,463.80168949653677,465.8371887207031,1960972
2021-11-17,465.20714001681256,467.72725081102953,456.532049953157,457.5982666015625,2006705
2021-11-18,458.4706484746323,460.4092135844616,447.08157845438507,448.4385681152344,1781303
2021-11-22,449.1655426198939,452.65496583141373,438.8911413338133,442.28363037109375,1875917
2021-11-23,441.0235402496851,451.63719552292065,437.4856650186581,449.2139892578125,1116135
2021-11-24,450.13479406810404,452.65493452323653,443.49520292405555,445.23992919921875,1234699
2021-11-25,445.2399296240679,450.5225015879784,442.71978916653063,447.90545654296875,1291879
2021-11-26,445.8699786106092,465.2556298545488,443.9798657822626,458.6645202636719,7102460
2021-11-29,466.1279776696922,467.82422215144516,441.0235652557791,442.23516845703125,4300056
2021-11-30,441.0235635059486,458.3737153630085,437.14643327732483,450.9587097167969,3945304
2021-12-01,453.57577325972574,453.57577325972574,438.89111921707996,440.2481384277344,1512855
2021-12-02,441.99282209049954,449.3593750413721,441.79895375752085,446.4030456542969,2063038
2021-12-03,447.71162487649235,451.00717978465354,443.01059837300966,446.3061828613281,1503042
2021-12-06,447.8570092240544,450.5225363486174,437.9218626688651,438.6003723144531,1946311
2021-12-07,440.054246963834,441.55662297933617,433.31772187979305,435.4017028808594,1900775
2021-12-08,437.9218491072803,450.1348152885522,436.8556619545986,447.71160888671875,3599225
2021-12-09,450.08634075946964,452.41261287428665,444.9491256932542,448.19622802734375,1804977
2021-12-10,447.71156911086393,456.532045545935,447.71156911086393,453.1395568847656,1551111
2021-12-13,457.40442429731024,457.40442429731024,448.2931743455613,450.47406005859375,1081844
2021-12-14,453.1396075737109,459.82765148069257,444.8037714434893,453.2365417480469,3446381
2021-12-15,453.0911320592572,455.46585651793816,450.2317367537321,451.2010192871094,1048175
2021-12-16,453.9635069132876,454.30276173579716,444.9007087813399,449.69866943359375,1188653
2021-12-17,451.6856512789887,451.6856512789887,438.64878964069845,445.38531494140625,1693403
2021-12-20,443.9314018055822,443.9314018055822,422.89795892727295,431.52459716796875,2283948
2021-12-21,435.45017470659434,443.39830325005113,432.3000064978099,441.1204833984375,1921538
2021-12-22,438.30958828493925,455.4174196630107,438.30958828493925,452.4610900878906,2421201
2021-12-23,454.9812375866778,457.50137821320567,448.24474139709866,450.7164001464844,2625082
2021-12-24,452.315690746505,452.8488138908577,438.5034145706963,439.3757629394531,2143620
2021-12-27,442.42903978276775,445.72459459635064,440.0542856602479,444.1737365722656,2454563
2021-12-28,442.9621237702888,449.65016742540644,441.6051341211594,444.1252746582031,1528184
2021-12-29,444.90069960531685,456.04744915969843,443.93141703537066,454.8358459472656,1911834
2021-12-30,458.47064984967494,468.0180889602501,453.72117123237973,464.7225341796875,5966009
2021-12-31,466.95187872441255,471.6044232345963,461.4269562359324,468.3088684082031,2299412
2022-01-03,470.3928004326216,471.8952061036702,461.3784847269513,462.590087890625,1322739
2022-01-04,464.09244711107317,464.6740225245265,449.7955302994373,450.3771057128906,2379973
2022-01-05,451.10410950993077,454.98123985308473,443.93142429112737,444.65838623046875,3684924
2022-01-06,443.93136929921,447.1299896040207,441.9928043677724,443.05902099609375,1450122
2022-01-07,445.28835104195014,445.5791535246683,435.6924607153076,436.6617431640625,1884605
2022-01-10,437.0979714150189,443.9314014613464,435.40172697712075,439.81195068359375,2729282
2022-01-11,440.0542278364677,441.3142831766256,430.7975923649202,432.0576477050781,1900506
2022-01-12,433.9478094216417,434.86861009595174,427.9382457802083,429.7798767089844,1732348
2022-01-13,430.36142856519,437.6794995837301,430.07065564822125,433.5115966796875,1952581
2022-01-14,433.5116358187868,434.96555969520523,427.6959403131127,428.51983642578125,1656575
2022-01-17,430.3614198166897,430.3614198166897,423.5764424772374,424.59417724609375,2901402
2022-01-18,425.51504461329483,425.99968589417557,407.5348649246817,409.085693359375,4325454
2022-01-19,408.06792303721994,412.6235625136399,401.33139798637296,410.68499755859375,2305740
2022-01-20,411.46041967068004,413.883625911379,403.5607732420324,405.54779052734375,1812082
2022-01-21,405.5477777931594,407.0986356545407,393.1894263536466,397.79351806640625,2501845
2022-01-24,397.40585919042366,398.37514177381496,378.16559399407544,384.9990539550781,2525418
2022-01-25,381.8973023509527,391.4931931183595,381.0734063156368,383.4966125488281,2785602
2022-01-27,381.800346242854,381.800346242854,368.5696468860518,372.5921630859375,2753356
2022-01-28,373.31915524668256,390.33008115628564,373.2707029529283,383.83587646484375,2993091
2022-01-31,391.5416776391312,397.89046618096796,386.5498491008737,394.0133361816406,3776151
2022-02-01,396.436552328678,398.85975863875547,392.75329056942223,394.20721435546875,1911406
2022-02-02,399.29595002340125,405.11164520278714,397.59970559608036,401.7676086425781,3689405
2022-02-03,403.8515436949805,407.63173949137723,394.497973578979,395.1764831542969,3427610
2022-02-04,398.4235601950899,404.8693124907195,395.4672603991677,396.6788635253906,1896447
2022-02-07,397.26044048910165,398.47204362004305,383.0604577104992,385.1444091796875,1302034
2022-02-08,384.8051624547967,391.44475366759184,381.55806007976423,388.4399719238281,1425555
2022-02-09,390.0392553282858,394.30409222904194,389.1669070317919,393.0440368652344,904732
2022-02-10,394.6918433567741,396.0488329322329,387.71299756847975,388.9730529785156,1645393
2022-02-11,386.7437270179928,386.7437270179928,378.55327785935924,380.2980041503906,1607589
2022-02-14,375.06389833123404,380.34647053383287,369.00588233273345,370.8959655761719,1734945
2022-02-15,372.20452766719444,376.420912998206,367.5035010241162,375.3062438964844,1110094
2022-02-16,387.6645964569649,387.6645964569649,371.5744990175594,372.7861022949219,2308182
2022-02-17,372.0591053828541,375.4515942408296,369.39357842301627,371.1382751464844,933757
2022-02-18,369.29665664137246,369.29665664137246,362.75399933867095,364.98333740234375,1933643
2022-02-21,363.48091938039323,365.41948428375537,357.9075452832272,359.7491760253906,1582476
2022-02-22,353.1580738948186,356.69594899463135,344.67685228149514,355.1935729980469,2866900
2022-02-23,355.7267086518029,365.0802796798856,355.7267086518029,360.2823486328125,1591416
2022-02-24,344.095302302393,352.7703928826424,332.31852533680706,334.16015625,2670819
2022-02-25,339.6850485028689,347.9724016687686,337.9403223341537,345.1130065917969,2619038
2022-02-28,341.18743966236923,349.9109821537366,338.521912790007,349.32940673828125,941141
2022-03-02,346.13081534829695,352.3826702432667,342.0598166788903,344.1437683105469,902427
2022-03-03,346.90624282704954,349.08712871604627,340.02433032796154,340.7997741699219,661895
2022-03-04,337.40722403973984,340.65432613708157,334.1601219423981,335.3232727050781,856777
2022-03-07,333.1424106670951,335.12942798141614,321.36560450123824,331.591552734375,969180
2022-03-08,331.59151380861124,336.34099163614616,325.43656467387916,333.91778564453125,978348
2022-03-09,339.24887863719465,351.84955127229046,337.35876590986834,348.3116760253906,3946522
2022-03-10,356.6959920219583,356.6959920219583,350.39565520635307,354.5151062011719,2097821
2022-03-11,351.9465156527158,363.09326547913236,351.26800600513184,359.26458740234375,1365084
2022-03-14,361.5423858539438,362.6570548540844,351.9464946655405,354.12738037109375,840970
2022-03-15,356.6959682201044,362.17240855527876,355.2904967306534,358.246826171875,1707534
2022-03-16,360.7184951229819,364.45023885709776,358.1983545765559,363.6263427734375,1078307
2022-03-17,366.3888001710881,366.9703756112003,359.99152949016496,361.8331604003906,994040
2022-03-21,363.4809467112603,366.291860116463,354.2727627279084,355.1451110839844,1058349
2022-03-22,356.6959922988244,356.6959922988244,347.29393936540674,349.0386657714844,1459296
2022-03-23,349.81406211543566,357.6652565907765,349.42635501619225,356.5021057128906,1283159
2022-03-24,353.788109251099,361.88162396780564,352.8188267600001,355.8236083984375,1188562
2022-03-25,356.93830565366716,357.3744946413147,344.19224580093885,348.1178283691406,1215354
2022-03-28,349.9109772696115,355.5812857258839,339.3458040935681,342.2051696777344,2335329
2022-03-29,344.0952926807189,346.9062060570093,342.64136890882855,345.0645751953125,1395003
2022-03-30,346.03385843120014,347.48778220612115,342.88369025220464,344.919189453125,1064497
2022-03-31,344.96763700080857,346.51849492208515,336.3410286376603,337.7949523925781,1235444
2022-04-01,339.73353684700544,344.24069482922977,335.4202176284403,343.51373291015625,1081594
2022-04-04,345.0645891871197,354.66048055466285,344.19224080464414,352.2372741699219,1143878
2022-04-05,353.78811523878034,358.4406594427353,352.33419147752505,354.22430419921875,925396
2022-04-06,353.7881308673038,361.4454570988115,352.43114121288505,358.14990234375,1595289
2022-04-07,358.149923774256,365.12877038622344,356.3082927344795,357.8106689453125,948403
2022-04-08,358.53758996329856,361.1061826660301,336.34102668323146,357.9075622558594,1179004
2022-04-11,358.7314795601508,363.19018522966195,358.63454538860907,360.524658203125,618319
2022-04-12,360.5246166678562,360.5730689579669,350.78331036323885,352.18878173828125,689297
2022-04-13,353.78810661008424,358.00449133092013,350.00791083904835,353.59423828125,711276
2022-04-18,353.59422794779067,355.726661182033,347.6816286331382,353.691162109375,720886
2022-04-19,354.7574097080923,357.95603025864403,341.23590644043475,345.4038391113281,919270
2022-04-20,347.003153468875,351.80111393130306,343.17447555803585,349.862548828125,667415
2022-04-21,350.00793240036046,352.91578003108043,348.0208854379417,350.444091796875,501945
2022-04-22,348.9416662927404,349.2809210509998,340.4119929487563,341.4781799316406,974094
2022-04-25,339.2489025882288,340.1212509931386,327.18132264981335,330.6707458496094,1775125
2022-04-26,332.5608398523802,339.63659044449577,331.7369437910682,338.7157897949219,901602
2022-04-27,338.27963666048595,339.2489192870203,332.7062615579135,334.59637451171875,749636
2022-04-28,336.72874677387483,346.03386502676,335.51714360501364,343.0290832519531,1604803
2022-04-29,343.5137313535409,350.39564340561606,339.29734632598985,341.2843933105469,997726
2022-05-02,338.279587648813,340.70279386406236,334.79016478282307,339.3942565917969,711231
2022-05-04,341.67207424243475,341.817460698422,327.714412444732,328.7321472167969,1001461
2022-05-05,331.6885018985973,336.3410463269655,327.66595563430843,330.18609619140625,976433
2022-05-06,326.6481895460966,329.895291708357,321.8987114004778,327.81134033203125,1014773
2022-05-09,325.678955810893,328.3444829789881,319.91171246967866,325.5335693359375,916223
2022-05-10,325.4850362837396,328.3444313556507,318.8939274273331,319.96014404296875,783577
2022-05-11,319.9601589308123,323.0133928875369,309.20111727269096,321.5110168457031,1124719
2022-05-12,321.6564069003556,324.70964089121213,314.1444674469022,323.1587829589844,1263216
2022-05-13,326.3573972693788,334.01472234519525,325.6788877544963,330.3799133300781,1288182
2022-05-16,329.11988416498804,336.34105112936703,326.74515962124633,334.4994201660156,961959
2022-05-17,334.54783774006364,339.6850525658822,332.99697987604003,338.3280334472656,1119285
2022-05-18,347.0031923987511,348.31172990623077,334.5479042974568,336.7287902832031,3544473
2022-05-19,330.5737898563822,332.9969961434988,324.1765489225183,328.3444519042969,1080963
2022-05-20,334.69322788096633,347.77854133629756,328.58676010053995,345.8884582519531,7345887
2022-05-23,359.4099314262898,359.4099314262898,346.51848628603176,351.3648986816406,3839506
2022-05-24,353.3035148854231,362.1724449397663,349.18406375164244,356.7929382324219,3218921
2022-05-25,359.5553545781539,359.5553545781539,352.57650875829904,355.0966491699219,1538994
2022-05-26,356.6959645773785,362.5601119455697,352.3826455649652,361.9300842285156,2827263
2022-05-27,363.48095059115053,364.9833266881985,359.89459337992236,362.41473388671875,2252457
2022-05-30,364.4502406289983,366.8734470161592,362.1239684133551,366.0010986328125,2704348
2022-05-31,367.7943051862004,370.07209569886174,364.644136643834,366.72808837890625,3035994
2022-06-01,359.6038147587482,367.3096226213548,359.1191734989655,361.203125,1602867
2022-06-02,359.65227307706874,362.12396129145577,352.47958822816906,354.12738037109375,1620657
2022-06-03,354.36969866822415,357.1321597930729,350.92872794072645,352.0434265136719,1658294
2022-06-06,350.3956290913594,354.7574004078494,349.13557365421315,353.4973449707031,809193
2022-06-07,352.81885170336625,353.78813426299087,344.289177010732,346.17926025390625,808257
2022-06-08,346.13081093687185,348.65095152961607,342.64138777616114,348.1178283691406,493266
2022-06-09,346.0338894173385,352.2857740413955,345.0646068139286,350.2502746582031,537490
2022-06-10,348.4570331369545,350.25021154617934,346.0338270650703,347.8754577636719,306781
2022-06-13,342.7382773101759,346.4215387566718,338.32802445223314,340.9450988769531,567387
2022-06-14,339.73353581807845,345.45229698143856,339.05502619693567,340.99359130859375,696169
2022-06-15,344.0952942006216,344.0952942006216,339.1034951444464,341.8174743652344,378978
2022-06-16,343.222949531962,344.38607081899767,330.52534248244126,332.65777587890625,616497
2022-06-17,331.97926236552763,331.97926236552763,322.528757816436,325.3881530761719,1004357
2022-06-20,326.1635711624305,326.5997601327485,319.66936638300353,324.2250061035156,942146
2022-06-21,323.78881675058994,336.34103732429355,323.78881675058994,335.46868896484375,604029
2022-06-22,334.4024528014657,337.7464891615418,329.7014268967767,332.27001953125,578554
2022-06-23,335.37175335559016,336.48642234233057,330.96152970277376,335.75946044921875,703714
2022-06-24,336.82566323155714,343.61064062039424,335.7109942908504,342.4959716796875,624492
2022-06-27,344.19223412612206,347.7785617578579,341.1874523513152,343.0290832519531,918610
2022-06-28,342.15674160811386,347.5362479514764,338.4734797344799,346.7608337402344,657485
2022-06-29,343.9983570809375,347.82703482970277,341.6236326781637,345.3553466796875,1040851
2022-06-30,344.8222713096469,348.36014674366544,342.54445137372056,346.03387451171875,1065972
2022-07-01,345.93691467018374,352.867278555754,343.4167742808434,350.2017517089844,862373
2022-07-04,350.2017336465155,353.8365427955458,347.3908204872959,349.66864013671875,687991
2022-07-05,349.32940338425425,355.62973956752796,348.408602767099,350.2017517089844,511387
2022-07-06,350.78331145494593,356.69594029433364,349.71709484781815,354.5635070800781,670766
2022-07-07,355.53279415752206,358.5375756966926,354.8543141842598,356.2113037109375,267928
2022-07-08,357.13212945753594,358.14986419490555,353.35190424981386,354.70892333984375,615151
2022-07-11,355.87207855220976,361.3000666908261,353.4488722028414,359.31304931640625,667678
2022-07-12,358.63454494166933,360.5731100494621,351.1710574446046,352.2372741699219,356220
2022-07-13,353.0127309718408,358.29530333717815,351.99496650464505,357.0352478027344,311184
2022-07-14,353.78813985524675,368.6181514198561,352.9157914538268,358.4891662597656,2620703
2022-07-15,356.2113526291845,364.83796178362854,355.7751636306369,359.5553894042969,2683866
2022-07-18,358.63452216585614,361.0577283967065,345.64614268452897,347.2454528808594,4131998
2022-07-19,347.5847004404442,350.686386603334,345.54920133283156,346.3246154785156,1010344
2022-07-20,348.74784699572587,353.10961843742973,347.14853671646557,347.778564453125,1087072
2022-07-21,348.8447757501194,349.426351182682,342.88369412170255,343.75604248046875,1105199
2022-07-22,345.0646060645443,345.0646060645443,339.00658980638866,339.5881652832031,697284
2022-07-25,340.12129005562997,342.0114031334756,335.03255593237196,336.6318664550781,729813
2022-07-26,336.9226043549349,338.27959394469934,329.5560514074435,332.0277099609375,1051707
2022-07-27,332.46393846155985,342.25369883374816,329.94379773503243,340.6543884277344,2779735
2022-07-28,342.1675081114691,344.1199617954147,339.4828842960439,341.2889099121094,1195585
2022-07-29,341.77701683193123,343.04609978552423,336.01728453226707,338.5554504394531,1064773
2022-08-01,339.0435533451613,342.60680497383123,338.65306858631567,341.8258056640625,663056
2022-08-02,341.67937651422346,343.1925161219555,338.50663944659135,341.8746337890625,834762
2022-08-03,341.6793687437646,345.43784775836133,334.60172467692945,338.2137756347656,866092
2022-08-04,338.55545637522954,357.20139498756214,337.77448681964574,355.93231201171875,5084558
2022-08-05,355.83468361097704,356.9085390946934,345.2914456430389,349.0987243652344,2572807
2022-08-08,349.73326286032017,355.3465671490762,348.6594073857946,352.1250305175781,765456
2022-08-10,353.39408704847506,358.4704781162782,349.4891800092654,355.8834533691406,1954306
2022-08-11,360.22770078159215,373.7972477794478,358.8121599592504,372.62579345703125,3688772
2022-08-12,374.62707200625795,379.2641497705048,371.4055351605608,377.65338134765625,4788229
2022-08-16,380.72846774417087,390.0026227276827,379.7522409038012,389.0751953125,3566829
2022-08-17,389.51453101501,392.1991549756398,386.9763351301803,390.3443298339844,1833379
2022-08-18,390.4418904149672,390.4906898343663,383.8523600240122,384.68212890625,950773
2022-08-19,385.6095790145942,386.87866191477343,375.74968255479297,379.06884765625,1540261
2022-08-22,375.89611231491443,378.7759932526093,372.96743195471385,374.138916015625,785240
2022-08-23,371.942419100983,379.0688629831993,368.37919715987476,374.67584228515625,729398
2022-08-24,375.6520886545642,383.6571609266078,375.2616038639454,381.85113525390625,995752
2022-08-25,382.92496675530333,384.6821630989171,373.8948687502388,375.79852294921875,867247
2022-08-26,376.23781886373985,379.2641280316748,372.7233962749147,373.45556640625,673471
2022-08-29,365.98744081066656,370.5757189313251,362.52184740333115,368.4768371582031,522006
2022-08-30,369.98995389118477,373.1138915400785,366.28030400119115,369.208984375,638096
2022-09-01,372.0400575802305,375.6520790411172,362.57064524164184,363.6445007324219,1328236
2022-09-02,365.4993200393319,367.9887163368394,359.2514742712904,359.9348449707031,695670
2022-09-05,360.2277162082371,365.5481645839712,357.05497887035966,362.37542724609375,833704
2022-09-06,362.3754196052072,364.9135855883266,359.7395951863318,362.6194763183594,520177
2022-09-07,361.203943830131,368.5256453942552,361.203943830131,367.2077331542969,594147
2022-09-08,369.9411400824336,370.86853762282936,364.5230637263353,365.74334716796875,699370
2022-09-09,365.54813675403597,372.4305237692447,363.7909106408218,365.2064514160156,803322
2022-09-12,365.2064514160156,365.2064514160156,365.2064514160156,365.2064514160156,0
2022-09-13,369.941167987665,369.941167987665,365.59694669092806,366.8172302246094,720817
2022-09-14,362.1313637902851,369.01375120141626,361.2527357870944,366.4755554199219,1004026
2022-09-15,367.15887993792956,368.4279627729562,359.34906608034885,362.0824890136719,581129
2022-09-16,361.98487829168033,363.79090379401634,350.9047281666942,352.7107238769531,1632512
2022-09-19,354.37033557462473,354.56559285540897,347.0486344263887,351.29522705078125,584645
2022-09-20,351.929736957232,362.6682310114055,351.68568027418263,362.0824890136719,907966
2022-09-21,363.83973203311666,364.9623868692645,355.05369103218675,357.64068603515625,1147543
2022-09-22,355.3465517910675,358.6657169208104,352.0761860840255,354.5655822753906,831107
2022-09-23,354.85842089262053,358.2264150710177,346.70692163447114,348.2688903808594,734684
2022-09-26,347.53673263835867,351.9297531351919,341.92342867018294,347.87841796875,882536
2022-09-27,349.6356143681968,353.1988361472996,345.68190783654853,351.7833251953125,720383
2022-09-28,351.4416755460985,364.6207383790772,348.70825220868306,360.3741455078125,1975799
2022-09-29,361.936093135486,377.7021503035386,361.20392302125373,373.7484436035156,6548772
2022-09-30,375.65206616936246,378.9712611711461,371.69835948887277,377.7021484375,1888135
2022-10-03,379.5569894834655,405.1829444391183,378.77601991593446,399.61846923828125,8017627
2022-10-04,404.15787072625807,411.4795712828932,396.0552006937455,409.9176025390625,4337423
2022-10-06,410.01528150149517,417.77629696103384,408.59974063662247,413.1880187988281,2923167
2022-10-07,410.0152587890625,415.87261962890625,407.2818356472999,411.96771240234375,1928901
2022-10-10,409.9664837647975,416.7512425994994,406.69611780949936,415.0916748046875,1379160
2022-10-11,415.1404524959292,416.70242135615194,404.15790084259777,406.0127258300781,1330825
2022-10-12,408.06278712262707,412.8462923051229,402.3518545980219,410.6009826660156,1014645
2022-10-13,410.6010085684688,413.62731768449544,403.08405009886184,404.89007568359375,612113
2022-10-14,409.9664330634036,411.7724287061595,400.69227899531825,402.0589904785156,835504
2022-10-17,403.08407724320386,411.96774790768615,398.9351129574037,408.89263916015625,1270454
2022-10-18,410.94269978959875,411.8212979862738,402.4495143735557,405.6710510253906,631852
2022-10-19,405.67102985472246,408.7949674932932,400.0089264009,400.4970397949219,988434
2022-10-20,400.0089548616794,406.01274407690437,398.9350993600107,404.4507751464844,452554
2022-10-21,404.45074930385726,406.2079754103305,399.13033114566724,400.3994140625,459263
2022-10-24,400.3994140625,400.3994140625,400.3994140625,400.3994140625,0
2022-10-25,404.1578856977036,410.3569316903712,400.64346334191686,407.47705078125,870687
2022-10-27,409.5271573362012,424.5610446387568,406.69610547274567,423.2919616699219,2744073
2022-10-28,425.43963041715324,426.6111145019531,418.41081528458744,419.77752685546875,1470279
2022-10-31,421.7300003880278,432.4684957682785,421.58357231853114,423.04791259765625,2059627
2022-11-01,425.1955718889298,428.3683089968824,419.58226777486,422.7550048828125,1391203
2022-11-02,423.0479181867465,431.63870268761235,422.1204907475495,426.757568359375,1732032
2022-11-03,426.75755306455704,429.53980549035344,422.21810426040423,428.2218933105469,824790
2022-11-04,430.36959075432395,430.5160188159138,424.21934403885,429.6374206542969,1099357
2022-11-07,436.56866830303363,443.15819967737815,430.76010650807586,440.3271179199219,2410897
2022-11-09,440.3270767932918,442.67004489677777,434.4697161187308,437.7400817871094,1414308
2022-11-10,437.7401316928897,443.25580766518254,413.3832886528835,423.4872131347656,1876942
2022-11-11,425.2931887177899,434.6649717194546,411.28432853326746,419.2406005859375,3680644
2022-11-14,413.7737437670461,415.48214070267215,402.01019270648834,413.72491455078125,1245780
2022-11-15,413.7249164959236,415.57977129698656,404.20670495268536,406.842529296875,940631
2022-11-16,406.98894790588713,409.47834412690963,403.18166933546894,405.18292236328125,586968
2022-11-17,406.8913084847907,408.5509059214938,397.37309741493516,398.6910095214844,803454
2022-11-18,398.69103739463526,400.25300630448316,390.73479456919364,391.955078125,899247
2022-11-21,391.46694652768605,391.8574312889989,385.65838515489554,387.65966796875,654445
2022-11-22,385.8048382144329,388.44063266460034,380.7284470042125,382.9249572753906,1330083
2022-11-23,382.9249327188255,385.95124152345693,381.55822126282027,384.68212890625,771815
2022-11-24,385.65838804654777,387.17155747208744,381.3141966322437,383.6571350097656,954533
2022-11-25,385.6095857677129,394.3956269624203,383.07139013082633,392.5408020019531,1577153
2022-11-28,394.5420597805432,395.3230591047351,389.46569823764673,390.4419250488281,601071
2022-11-29,391.3205411600107,398.78867064949856,390.49074237404994,395.71356201171875,756275
2022-11-30,397.714767624455,401.1803904241462,394.63965935413665,400.15533447265625,972357
2022-12-01,403.18166639859095,404.4995785304643,398.6422177595405,401.3756408691406,607933
2022-12-02,400.6434604154001,406.59844967030733,399.4720061667461,405.6222229003906,740978
2022-12-05,408.1604510817667,408.1604510817667,400.8875491477886,403.6210021972656,596116
2022-12-06,403.1816663870245,404.49957851886006,398.30053241139467,400.3994140625,391512
2022-12-07,400.5458391233497,403.32809142703576,394.98136430805494,395.61590576171875,594974
2022-12-08,395.46951354592824,403.1816999102507,394.98140010778025,402.2542724609375,545877
2022-12-09,403.0840193262309,404.8412453523905,395.37183395563494,398.05645751953125,443448
2022-12-12,399.22793850064454,400.54582077014595,393.61463472791695,396.2016296386719,771773
2022-12-13,395.37184727420106,398.4469556834739,394.4932491275627,396.64093017578125,377060
2022-12-14,397.6171541690675,402.2054319356496,396.8849840866603,400.6434631347656,735277
2022-12-15,401.2292299539809,403.035255560608,396.9826372551763,398.88629150390625,585464
2022-12-16,398.3005400167454,400.6434784113695,394.9813748083548,398.2029113769531,647685
2022-12-19,398.20290086606815,401.619694624062,394.98136438250486,399.52081298828125,758508
2022-12-20,396.88498590980726,402.69354717375035,395.127789620789,401.5708923339844,789245
2022-12-21,400.83873559386325,415.87262256381075,400.5458496745574,411.8700866699219,2697599
2022-12-22,417.7762565664372,417.7762565664372,406.3543914835816,413.4808349609375,1770189
2022-12-23,413.4320430949167,419.7775171920052,408.941393929331,410.30810546875,2075717
2022-12-26,410.99149322963086,413.2856322262642,406.2567871710639,410.7474365234375,762148
2022-12-27,412.9439604670347,412.9439604670347,407.23302739577684,409.3319091796875,547340
2022-12-28,410.5521638891124,410.8450498008391,404.49957567709964,405.378173828125,518402
2022-12-29,405.37817097448215,412.69987183494845,404.15788749773776,407.4282531738281,1298900
2022-12-30,409.4783477761581,411.8212861640588,403.7185857578014,409.9664611816406,1222303
2023-01-02,409.8688583209712,411.43082727517157,404.3043532316573,410.1129150390625,562491
2023-01-03,410.1128676607119,415.4332856252126,408.74615615570605,414.5546875,626223
2023-01-04,415.8238249515414,417.19053653802206,409.82000618851276,413.77374267578125,482555
2023-01-05,414.89641353853835,422.99908452140045,413.3344446115068,422.0228576660156,2084601
2023-01-06,423.8776701168476,425.34201025342065,417.8250523021817,420.46087646484375,2088416
2023-01-09,425.6348859121564,434.66498383575146,422.3645201651956,433.4934997558594,2054103
2023-01-10,432.95660812153915,447.79526816339313,431.49226784604355,446.47735595703125,3556161
2023-01-11,448.0880935571042,448.0880935571042,436.91028497092947,441.59619140625,1541731
2023-01-12,441.3033112612273,446.42850194076453,433.5911255304344,437.49603271484375,1554796
2023-01-13,438.6187126482522,438.6187126482522,429.7350721294957,430.85772705078125,950057
2023-01-16,432.22441570931755,433.4934986325138,426.90396773237177,428.66119384765625,408124
2023-01-17,428.563554437289,429.53978121277254,419.7775134579368,421.19305419921875,989688
2023-01-18,422.41336781117315,435.0066881551308,421.72999710273984,432.9078063964844,1765081
2023-01-19,432.9566241170295,436.12936149781945,429.19814464598534,431.3458557128906,471685
2023-01-20,431.49227345364955,431.49227345364955,423.97531469158446,427.7826232910156,407298
2023-01-23,429.93027032355303,437.00791451756817,425.6348784262903,433.737548828125,1112000
2023-01-24,432.4685033254106,433.63998748601335,423.97531764123994,426.7087707519531,546716
2023-01-25,427.5873521249326,428.12426496533567,415.18925945014075,416.5071716308594,750786
2023-01-27,415.9214097002249,423.63362513293544,411.28433247294873,420.07037353515625,1307641
2023-01-30,422.70623999059836,428.36834399049945,415.67739452195957,417.77630615234375,673077
2023-01-31,417.776287149258,423.87770488544834,415.57977676422945,421.2906799316406,403639
2023-02-01,423.78004932007667,433.932801829667,420.6073122988249,425.09796142578125,1197903
2023-02-02,423.68243881731536,430.467227116129,420.3632735960562,422.5597839355469,425003
2023-02-03,423.63361470918375,431.4922282157394,416.4583420598506,424.31695556640625,1461408
2023-02-06,441.2545120611455,465.17206857773414,436.3245786551695,458.9730224609375,7081568
2023-02-07,459.02187314469666,469.27225498836447,457.85038901716024,468.0519714355469,2592361
2023-02-08,468.7352952500805,470.7853775024414,457.3134594876319,462.73150634765625,2189622
2023-02-09,458.5337609814105,469.076998989845,457.8503902731265,463.12200927734375,1144429
2023-02-10,462.2433776855469,466.09948536131725,460.5349808303205,462.2433776855469,378658
2023-02-13,465.5137759754414,465.5137759754414,455.068136840025,460.2421569824219,554984
2023-02-14,462.5362472505386,463.61010269203587,456.6300870104204,461.8040771484375,638807
2023-02-15,459.6076204041513,463.41492921243787,454.82411447137633,458.1432800292969,703302
2023-02-16,458.82658982008246,468.5888576885949,458.82658982008246,465.9530334472656,1319413
2023-02-17,465.9530535776594,467.7590791697747,458.2896968034618,459.4611511230469,591340
2023-02-20,462.09695118145027,462.09695118145027,450.77271460174575,453.4085388183594,738655
2023-02-21,455.60504918351904,461.07189530634656,452.2858543048462,457.3134460449219,693825
2023-02-22,456.58125095219464,458.2896477200199,449.1619218877955,453.2132568359375,715217
2023-02-23,454.5800112543201,458.77780444152825,448.13690830545227,456.72772216796875,841905
2023-02-24,457.36227606104273,460.4373846588538,450.52868815831636,455.36102294921875,892849
2023-02-27,455.26340658500163,455.26340658500163,441.4498023389227,445.208251953125,937558
2023-02-28,446.5261710747276,455.8979551256626,443.5974904208154,454.7264709472656,835580
2023-03-01,457.80155598194625,464.68394279772895,452.0417942018424,462.29217529296875,1468140
2023-03-02,462.73148310395186,465.17204999796,454.14069955387356,455.6538391113281,652769
2023-03-03,457.9480330239807,463.36608026343504,456.9718061489742,461.7065124511719,708417
2023-03-06,463.85415650405923,468.296006304391,462.8291302843321,464.83038330078125,696280
2023-03-08,463.70775035773755,467.9543430825874,459.0706728541602,460.2421569824219,732954
2023-03-09,460.29091813306655,464.09819654521107,455.8978977054975,457.5574951171875,551903
2023-03-10,457.85037518499956,467.07573048242404,454.9704941705228,463.610107421875,1956817
2023-03-13,465.9530369410117,465.9530369410117,450.4798660870625,455.116943359375,764673
2023-03-14,455.1169624911301,461.3648082780501,453.0668801787761,459.363525390625,910046
2023-03-15,461.267153809047,464.68394754096585,458.0456173500686,462.145751953125,835882
2023-03-16,462.1457747040203,476.6915484918452,458.87540886977195,468.2471923828125,1591279
2023-03-17,472.0056812497023,474.44624837095205,463.02438232667157,466.00189208984375,1061951
2023-03-20,460.82787664684395,466.636438371861,457.70396857483223,464.8792419433594,637487
2023-03-21,467.22214507506,468.58885661510527,462.09695445583225,466.97808837890625,792636
2023-03-22,467.612650924616,472.2009289361148,462.09697530114425,467.2709655761719,904657
2023-03-23,467.66143042253543,473.0795069659448,466.9780895468423,470.83416748046875,831785
2023-03-24,472.00567051123386,475.42246440324897,467.4173925108393,469.2722473144531,938602
2023-03-27,463.95179272250425,475.03197300475034,463.7565354431386,470.4436950683594,843623
2023-03-28,470.4436997462404,477.37491614355014,466.8316783786834,473.2259521484375,707818
2023-03-29,475.52010332215394,481.42626383203265,472.0056807131336,478.6928405761719,1275317
2023-03-31,479.2785760633481,483.1346541823544,473.5188139091547,479.8642883300781,1115333
2023-04-03,486.16093721442064,486.16093721442064,477.5701534535669,480.6940612792969,708521
2023-04-05,476.3987089659728,482.4513274311428,474.4462552407024,481.3774719238281,690988
2023-04-06,480.3036145497982,485.2335482701138,478.8392742615367,482.4024963378906,904248
2023-04-10,482.4024553564823,487.91813068194665,480.30357374669563,484.69659423828125,969584
2023-04-11,485.13592347688973,490.06585693359375,482.0119857788086,489.0896301269531,1219186
2023-04-12,491.0420656323873,493.8731173088306,486.55141652902364,492.6040344238281,1046214
2023-04-13,492.50646507311166,494.70297557145557,489.8218411306913,491.6766662597656,749244
2023-04-17,494.4100752081357,497.0946989104777,488.2110290643124,490.1634826660156,1139909
2023-04-18,488.943205590572,506.17360289362705,487.13718002684647,503.63543701171875,1727733
2023-04-19,506.41765230107626,507.0522235544891,501.29246160308946,504.8068542480469,1540176
2023-04-20,506.661691356973,506.661691356973,493.77548613395345,501.4877014160156,1264836
2023-04-21,499.8281024096386,508.2724877390876,497.04585017804465,506.4176330566406,1112338
2023-04-24,506.5641462551071,511.8357355982244,503.1473522129505,504.6604919433594,798318
2023-04-25,503.0008429917899,507.54032130368864,501.09718887440806,506.3200378417969,639723
2023-04-26,506.32006657894294,508.85823249007484,502.75681483431856,504.4164123535156,385699
2023-04-27,504.46521363904714,506.51526614528177,497.19231184972244,502.4151611328125,865434
2023-04-28,502.75680901784705,508.4677120439019,502.7080095939969,507.54034423828125,428231
2023-05-02,507.5403731242947,515.4477869310505,489.91946026021077,504.6604919433594,1269429
2023-05-03,503.73307002557914,510.81071490481446,501.73181683862737,508.3701477050781,506509
2023-05-04,508.61416444036905,510.76187532412683,503.7818298479529,507.6867370605469,530332
2023-05-05,510.17610531672835,512.1285589300096,502.5615481417626,504.7092590332031,451811
2023-05-08,504.90453490747507,513.7393759161372,503.73305077952836,512.9096069335938,661439
2023-05-09,512.811931428779,518.2299783080036,509.10228146722955,512.4702758789062,1042675
2023-05-10,512.4702856750806,516.1311362829355,509.199890048236,513.1047973632812,904802
2023-05-11,516.4239885687538,516.4239885687538,499.4376478332256,501.5365295410156,1233986
2023-05-12,501.1948779850638,508.5165792046499,492.01832195618636,501.39007568359375,1015662
2023-05-15,501.39007162520386,507.00337584811757,500.31624595535254,505.4414367675781,532092
2023-05-16,505.6855128242426,509.59042025917887,502.75683224804044,503.8306579589844,352447
2023-05-17,503.2449245995803,507.637945279887,501.34127038794946,506.4664611816406,414331
2023-05-18,507.63796882972156,510.37139212966514,493.8731641011151,495.9720458984375,3376633
2023-05-19,498.85190795005406,502.5127585465564,479.7666854237865,482.9394226074219,3144835
2023-05-22,473.42122372238725,499.82814814814816,473.42122372238725,494.21484375,1230046
2023-05-23,497.8268584542811,501.09719433412164,494.0683793922885,495.38629150390625,943626
2023-05-24,495.3863067753082,497.3875598194779,490.8956574897688,491.9695129394531,775925
2023-05-25,491.9695205361611,496.4113406745296,487.6252992466618,493.67791748046875,963307
2023-05-26,495.92321014779577,501.5365141996655,492.3111591019356,496.1672668457031,977223
2023-05-29,496.85067368431606,501.7806074240827,494.99581881153614,499.876953125,489946
2023-05-30,497.8756483061975,504.4651789455442,492.7504578089278,493.7266845703125,468836
2023-05-31,494.94701223607274,498.4614348494193,486.9907693784649,490.3587341308594,1103206
2023-06-01,490.35873154126756,502.17111209734264,488.89439127611297,501.19488525390625,888694
2023-06-02,501.29246520996094,508.46770840510726,501.19486636295915,505.68548583984375,1418223
2023-06-05,510.9571314469213,511.15232913978554,495.923214878746,497.9732971191406,914296
2023-06-06,499.09597183075743,504.46521944947466,497.3387754360088,503.1961364746094,835026
2023-06-07,503.19611576511505,506.41765228692856,500.56029148939297,502.8544006347656,831746
2023-06-08,506.5641156366274,508.1260546992548,498.16852931857653,500.75555419921875,1002681
2023-06-09,500.80439034804283,504.4164417274241,493.9708021756524,495.67919921875,648256
2023-06-12,498.8518981933594,500.75555238313973,492.018310546875,497.87567138671875,756873
2023-06-13,498.7542806689844,506.75932278658263,496.41134223925025,505.3438415527344,1471514
2023-06-14,511.44520671671205,520.865758892966,503.3424772056629,519.6942749023438,3017132
2023-06-15,522.2813376584952,536.9247396489203,520.3776834829089,536.094970703125,2854217
2023-06-16,539.0237144575771,546.0037011429413,535.0699477881159,537.9498291015625,1620321
2023-06-19,537.9497355607541,549.127543700465,537.9497355607541,540.97607421875,918036
2023-06-20,543.4655039087183,544.4905301930569,540.1951081830608,542.8309326171875,643193
2023-06-21,544.1489029814348,551.3729463584825,539.1701099943865,546.78466796875,1124378
2023-06-22,547.4679539776662,549.2740092304845,534.8746645497715,539.7557983398438,484665
2023-06-23,538.9748227567488,547.9561217386627,534.8747176334948,543.85595703125,1062160
2023-06-26,546.5405596572291,550.1038113728988,544.0511931907402,548.4442138671875,685429
2023-06-27,547.6632778092027,560.9887985093472,547.6632778092027,557.1326904296875,1246943
2023-06-28,558.4016902268618,575.0951434961372,551.8121597914924,568.603271484375,2442498
2023-06-30,574.0213604731902,574.0213604731902,564.2590924379318,569.1890258789062,1567590
2023-07-03,572.9963242760485,580.1715673234503,563.7709692264216,564.6495971679688,1123850
2023-07-04,567.5782855361784,568.9937667293094,557.5231018256208,560.4517822265625,704262
2023-07-05,562.306670673077,573.0451661199586,560.3542169554621,571.0927124023438,641465
2023-07-06,571.0926782717534,577.926265875005,562.3066370675725,574.1189575195312,773658
2023-07-07,572.0688702987468,575.9249778430175,566.2603092722278,568.4080200195312,448177
2023-07-10,571.2879508615234,574.1189729082604,566.3091582952092,567.7734985351562,721120
2023-07-11,567.7735515795342,577.6822786292308,567.7735515795342,570.9462890625,774090
2023-07-12,573.0452145621196,581.2455447029773,569.4331629623568,579.2930908203125,1073272
2023-07-13,579.8787096438641,582.8073899956007,574.8511178730544,577.3893432617188,729376
2023-07-14,577.0476909898981,583.6860815108898,575.095237209409,581.1966552734375,954798
2023-07-17,579.5859253202865,591.593504332985,578.9025545700663,588.713623046875,929744
2023-07-18,588.7135314404347,591.3981550110051,580.562061887091,587.7373046875,602135
2023-07-19,588.6160407033232,594.3269444231879,581.1478808381185,593.057861328125,599435
2023-07-20,594.3757107304601,604.1868385199356,591.2029733775269,602.868896484375,1260480
2023-07-21,602.3319645546201,603.7963048250122,596.8162590358132,598.622314453125,382346
2023-07-24,598.6222955564955,601.8438321328326,597.2067547563023,599.2080078125,476304
2023-07-25,600.3307243902483,609.1655656287696,598.4270700808265,606.9690551757812,743777
2023-07-26,608.1893692292252,610.239421921052,604.1868627035967,607.9453125,670959
2023-07-27,610.141768833598,641.0881712656695,608.6774285883973,634.059326171875,2686026
2023-07-28,635.7343916401244,637.261639823586,628.4429317362357,631.1033325195312,570657
2023-07-31,630.6107280545671,634.5027906697239,617.6536241956807,622.9744262695312,833188
2023-08-01,625.683996677007,632.4827917204079,620.0676086158999,624.6001586914062,1159496
2023-08-02,624.6494771498374,625.6840608130008,612.8747808278526,619.3779296875,855457
2023-08-03,615.8799142911797,641.7940564304125,615.8799142911797,630.610595703125,1434513
2023-08-04,638.8874200871124,645.9817415796343,633.0246998445089,640.2175903320312,1324483
2023-08-07,640.4639230718569,655.2438597581305,639.9220040879701,645.587646484375,1163676
2023-08-08,649.0855556504484,653.5687911036581,640.119084744029,645.7354125976562,1214653
2023-08-09,647.853972082793,654.997609037318,644.9964932450935,651.8445434570312,1444623
2023-08-10,651.8445215793862,658.9389038619943,643.6663012304265,648.1987915039062,1305954
2023-08-11,652.0908837247227,656.8204520830166,635.4881099664203,641.4000854492188,3093437
2023-08-14,647.2627191871713,647.4597368982422,627.2604900567271,632.2364501953125,1309342
2023-08-16,630.6106802049459,650.1201860958422,628.245866098289,647.7554321289062,1810847
2023-08-17,648.3466297253385,649.9724470016637,633.5666913577396,635.3895263671875,816030
2023-08-18,641.3507609716959,649.3319029459486,634.4041424262813,638.345458984375,2031459
2023-08-21,640.4147426732764,647.0657149509223,635.6358598418004,643.5184936523438,1328521
2023-08-22,643.8634076266998,651.1548079610009,638.2962733326389,641.350830078125,899216
2023-08-23,643.3214242866927,646.8193307314391,632.433489097953,635.8821411132812,730040
2023-08-24,638.5918177096656,642.9272901589629,629.6253462246395,631.4481811523438,840328
2023-08-25,631.4481666973587,634.7490554597006,618.2940464970931,620.067626953125,801024
2023-08-28,621.6934341257498,629.8716539757867,617.801371987201,624.9942626953125,1129082
2023-08-29,626.6693430252981,631.5959888037988,620.2647035132471,622.6787719726562,1042536
2023-08-30,624.2553101387696,628.4429592891264,615.6336795350938,618.88525390625,609277
2023-08-31,622.8265199624724,624.6001605109385,612.874719790254,616.668212890625,1094063
2023-09-01,616.6681902082767,619.8705097678493,603.6125796961728,604.9428100585938,1008229
2023-09-04,606.9135535650981,616.3726901533465,606.0267331988208,611.3967895507812,1201335
2023-09-05,614.6483612390317,626.9649766058757,613.712286443207,624.7479858398438,1144729
2023-09-06,628.6400402885724,634.5027611561987,625.0928791641497,627.0635375976562,943628
2023-09-07,630.3642892701931,634.2563512279795,621.9889919528088,623.7133178710938,990927
2023-09-08,626.3737938560549,626.4230482888488,613.1703583222728,618.9345703125,544572
2023-09-11,622.7280721814171,625.5855509988985,617.2102525597497,619.3286743164062,701381
2023-09-12,620.5110636733529,633.5666755727922,614.6483429056603,618.5404052734375,879018
2023-09-13,615.9785543691775,634.9953953125947,615.9785543691775,633.81298828125,1167179
2023-09-14,638.7889365935993,638.9860144702627,627.901060479838,630.51220703125,780283
2023-09-15,633.5173872437443,639.4293621271643,630.955495377098,635.8821411132812,1436938
2023-09-18,635.8822204298386,644.306833801328,631.2019063966671,633.9608764648438,1030256
2023-09-20,635.5373277240584,637.4587316730289,614.451258996395,615.5844116210938,1228062
2023-09-21,619.2793755409292,625.9796017845499,604.8442793264503,606.617919921875,1390821
2023-09-22,606.9627376051795,609.7216471118052,585.5810836843265,586.8619995117188,1581468
2023-09-25,582.4280094881102,597.1094371978717,580.5066658465234,594.498291015625,1428844
2023-09-26,594.5969248461032,597.0602478754269,587.7488747966388,589.276123046875,963978
2023-09-27,590.3599976226184,598.9816278799977,587.5025189671418,596.27197265625,1299692
2023-09-28,601.0015476785511,601.0015476785511,590.3106899506346,593.9071655273438,5303814
2023-09-29,595.1387965256606,612.8254664967094,592.675473692359,605.9774169921875,1132784
2023-10-03,607.3568738526635,608.933376337457,599.1785943111167,602.0853271484375,1221938
2023-10-04,602.0361473360018,604.5979792262236,589.0790441680533,594.596923828125,2247374
2023-10-05,596.1734619140625,604.2039195087139,591.6902257700614,596.1734619140625,1294635
2023-10-06,598.3903624018898,601.6912510369135,590.8033161517997,594.8924560546875,1145725
2023-10-09,591.24679117967,598.2919192151185,586.369399473569,592.3799438476562,720986
2023-10-10,593.1189137003074,596.0749012491356,588.3893456501265,591.197509765625,852136
2023-10-11,594.4490803049167,598.0948102868332,589.2268476960894,591.0496826171875,1380342
2023-10-12,596.0256334286349,596.0256334286349,583.1177853382188,585.2362670898438,1231587
2023-10-13,579.8662272726664,586.0245346990965,578.8808980844375,583.265625,1033792
2023-10-16,582.3295334682122,583.4133714881536,577.4028876689888,582.526611328125,509125
2023-10-17,584.5958192284045,588.6357051490008,579.8169965261727,581.6398315429688,1122317
2023-10-18,581.6398081849386,587.7981156156188,572.9689233504852,575.2351684570312,880308
2023-10-19,575.2351897029636,582.6251588927234,572.1314387270984,581.5413208007812,1011894
2023-10-20,581.3442346820109,581.5413125522205,565.0863026951412,570.4071044921875,1265465
2023-10-23,576.4175796881498,583.7582942266525,559.6177289234737,561.9824829101562,1100411
2023-10-25,561.2434619892373,568.091511636587,560.7507974123016,566.2686767578125,719859
2023-10-26,563.5097516262678,565.9730744430643,559.4206116944986,562.9185180664062,452936
2023-10-27,565.579002717049,571.3431549083618,564.1010088075096,566.6135864257812,544189
2023-10-30,569.5202530479185,573.9049798268368,565.8252687072096,571.7372436523438,788028
2023-10-31,571.5894534105863,574.4469321892004,563.60831082714,565.1355590820312,876894
2023-11-01,566.95849609375,568.5349988978879,561.8840262071415,566.95849609375,369416
2023-11-02,570.407079320804,571.9835819334666,563.1648738533185,569.3231811523438,858339
2023-11-03,570.6040718901096,579.373525153248,570.6040718901096,576.2697143554688,667824
2023-11-06,578.4867048853919,580.8515188398634,570.8504041712122,576.2697143554688,943223
2023-11-07,579.3735599948621,593.5623242955226,579.0287188364678,588.537109375,2232265
2023-11-08,592.6754590840412,624.698655127651,589.2760616299302,616.0277709960938,4262389
2023-11-09,616.0278525893108,618.3433522463438,600.2133303226141,603.4649047851562,1601334
2023-11-10,600.5581551590607,612.0372645432565,597.1587573471969,610.8056030273438,1024488
2023-11-13,612.9239710245051,613.2688723025616,607.0119962663431,611.150390625,845300
2023-11-15,614.8453341786446,616.3725821955368,609.7708654576631,612.0371704101562,458592
2023-11-16,613.5645346960077,626.1274826067478,609.9188044508285,622.5802612304688,1293030
2023-11-17,625.4869167065227,630.512131329335,623.5655128842626,627.2112426757812,996812
2023-11-20,630.6106893671383,635.143179641076,624.1567951210909,626.6693725585938,834768
2023-11-21,630.5614419296799,634.946168955769,627.2605529820745,629.6746215820312,698901
2023-11-22,632.9754554776282,639.5278580908006,630.0194680955217,632.6305541992188,798769
2023-11-23,635.9807070112131,635.9807070112131,620.2154407322878,622.3338623046875,1008710
2023-11-24,625.4869918050895,638.4933498484661,624.6987404381597,630.51220703125,690395
2023-11-28,630.512163491277,631.6452559593291,618.8852311079935,620.560302734375,606266
2023-11-29,623.9596958920038,628.4921860107755,620.8066305251662,625.7332763671875,777475
2023-11-30,626.2259359173144,631.3496595797722,624.1567687361868,628.1965942382812,1357375
2023-12-01,632.2857829843896,639.4294199478214,628.147388163836,630.3151245117188,1135068
2023-12-04,638.4932638736451,638.8381050065792,620.757339877155,624.1074829101562,883822
2023-12-05,628.5415394566658,634.0101046515997,623.1222286952544,624.7479858398438,718008
2023-12-06,628.2951776369359,634.551993893507,624.6987020628624,626.12744140625,1501698
2023-12-07,629.8224406640306,649.9231203877321,625.5855371050927,648.29736328125,2533954
2023-12-08,651.5981849999098,655.1946606196145,621.5948989669781,629.1819458007812,2333950
2023-12-11,634.9953613964279,635.8328670898828,622.7280018634219,624.3045043945312,1399797
2023-12-12,627.4576108055433,630.9062629410917,624.3045453965264,626.0781860351562,1109868
2023-12-13,625.684004172129,639.08445642607,624.0089326054568,632.9754638671875,1415919
2023-12-14,637.507923525735,640.4639108063799,631.546694537711,634.3548583984375,1194291
2023-12-15,637.5079713290696,641.0058778455124,632.9261666446188,636.4241333007812,953712
2023-12-18,645.3906469852344,672.3393774255986,641.5478389243947,670.6150512695312,6969702
2023-12-19,674.7533803023349,683.8184203814446,661.5006913952409,675.7879638671875,2817353
2023-12-20,675.9357800729755,686.281735890419,649.4304025419239,654.01220703125,2162161
2023-12-21,647.9032042461214,664.6045462350504,638.641145838317,661.5993041992188,1404289
2023-12-22,665.0971571593982,679.2859205680187,663.1757533441054,669.9745483398438,2027527
2023-12-26,669.0385117206544,676.7733217104321,664.6045304205911,666.2796020507812,1323845
2023-12-27,663.1265705927638,683.07948746424,656.9682629163823,678.5469970703125,2108751
2023-12-28,678.5469466534598,682.1926164152213,671.403310279638,676.3299560546875,972278
2023-12-29,677.8572057409685,681.6506989403977,673.3246555339016,679.0888671875,786848
2024-01-01,678.0050084045291,696.8248324842848,674.950511895635,688.8929443359375,2371842
2024-01-02,697.0710914757072,704.5103142344353,689.3855364392748,701.8006591796875,2433838
2024-01-03,701.9485025158218,705.4956633595076,698.5491049591208,699.9778442382812,921911
2024-01-04,701.5543799425651,705.3478732501302,696.6277340160021,698.7462158203125,1116138
2024-01-05,702.5397008375809,704.8552003398532,695.6423966217842,703.7713623046875,1041423
2024-01-08,706.4810606805553,710.1267908737972,698.2042710602075,700.2734985351562,1499381
2024-01-09,704.2640600217843,708.4517092069436,700.6675843127584,702.5397338867188,689023
2024-01-10,703.180207942746,707.4663659087279,688.8436199647125,696.5292358398438,1083582
2024-01-11,696.2335291513429,701.1601747302223,690.6172013031937,693.9180297851562,535437
2024-01-12,697.6623231946943,697.8594010612721,686.4296064764112,693.6224975585938,642155
2024-01-15,693.6224975585938,693.6224975585938,693.6224975585938,693.6224975585938,0
2024-01-16,706.4317804155576,706.5302892794524,688.6466004225848,696.4799194335938,1115241
2024-01-17,695.5439080314729,700.5690629078346,688.5480346105855,699.2881469726562,918668
2024-01-18,700.9632008732402,703.1801915224377,675.9358157108568,698.4998779296875,768445
2024-01-19,703.9684588083451,716.8269928374855,699.5837318413948,709.9789428710938,1158529
2024-01-23,696.2335979559081,721.7536486323824,696.2335979559081,718.4528198242188,2533646
2024-01-24,723.0345951478877,742.8397492533011,715.7924491809617,741.3617553710938,2330199
2024-01-25,742.3470336067094,742.3470336067094,722.1477852714402,725.6949462890625,768082
2024-01-29,729.0450533315609,739.4402637105079,722.7881772208339,737.5188598632812,517784
2024-01-30,739.2924841847109,753.2841708044448,738.9968974536738,744.8103637695312,1126826
2024-01-31,744.8103508386655,754.7621514957103,734.0702387262456,749.638427734375,993266
2024-02-01,751.8061971637676,755.6982596226387,738.2086659140451,748.4067993164062,471177
2024-02-02,748.8501238344462,755.6489187514612,740.9674909519784,749.9832763671875,511333
2024-02-05,750.3281118824351,766.5367876536036,743.0366524648548,749.7369384765625,1160781
2024-02-06,768.5567857329294,797.3284107652348,763.6301396705388,785.7015380859375,3627017
2024-02-07,793.0421221356535,793.0421221356535,775.0106111775682,779.9865112304688,1103135
2024-02-08,783.780115567405,796.145984863768,780.6763045655749,790.2832641601562,746665
2024-02-09,794.1753325773531,808.9060160966516,757.5210744304541,793.2392578125,2721642
2024-02-12,797.8702545906573,850.6838713449703,791.268537461439,844.0822143554688,6951210
2024-02-13,843.4418124979766,854.1326104813434,832.4553676367692,845.2153930664062,1510782
2024-02-14,833.5884405967491,859.2069978727721,832.2582703325348,855.068603515625,884541
2024-02-15,859.2070042068044,872.0162829392453,850.7824521453349,866.0550537109375,622903
2024-02-16,872.6568171029858,880.6379594488154,867.4345243086036,878.8151245117188,826132
2024-02-19,883.9880863781265,896.6495421203111,879.3077728340919,894.2354736328125,1032096
2024-02-20,894.6789254378315,899.4084936324658,879.4063226357539,882.608642578125,1009373
2024-02-21,883.7910057469495,889.4073940101332,875.9576268645923,880.6871948242188,795916
2024-02-22,882.8548616632057,894.1861461599991,875.957558056462,891.0330810546875,940029
2024-02-23,886.8454908164631,923.253414993844,884.9240869430146,909.7051391601562,1568847
2024-02-26,914.4839665172873,934.2398642260803,909.0154017241115,928.7219848632812,1420030
2024-02-27,933.106718211063,939.6591812068701,924.731420317933,929.017578125,860496
2024-02-28,932.5648139699695,937.9841244572441,911.4787454726852,918.91796875,643023
2024-02-29,920.7408893848028,934.7325761502585,909.0154477671967,928.0816040039062,1151822
2024-03-01,934.4368621214421,934.4368621214421,910.0499660040921,911.7742919921875,1099628
2024-03-04,908.1778580174578,938.0825726246738,908.1778580174578,932.36767578125,1542314
2024-03-05,939.0186325693193,942.5657932744505,925.5196118675045,939.7576293945312,928697
2024-03-06,938.9201222096337,950.7440713940654,920.6422193169274,947.73876953125,840117
2024-03-07,947.8866825069587,967.5440119112167,943.9946201714234,962.4202880859375,921521
2024-03-11,971.4852978387387,1000.6017625040439,966.1152418859824,979.860595703125,1932290
2024-03-12,985.0336060753821,992.669907319623,965.6226089491738,973.2096557617188,1139238
2024-03-13,969.7610048899849,982.274697683371,946.7535321232333,954.4391479492188,1221703
2024-03-14,956.7053786574181,985.2306704257436,948.0344939076297,980.6981201171875,1275922
2024-03-15,966.5586599910174,980.0576816291292,957.0009550274073,969.4653930664062,1066140
2024-03-18,969.4653743376498,995.083932226994,958.8237714103011,976.70751953125,1710784
2024-03-19,978.4318540276407,982.6687573796755,952.9118047760674,955.6214599609375,924503
2024-03-20,955.6214953474976,969.5639275072763,932.3677504103254,957.1488037109375,1849050
2024-03-21,965.524039888215,980.4024857160591,957.7399156944819,978.5796508789062,797283
2024-03-22,978.4318528973064,992.1279522354423,967.9380733194083,985.0828247070312,1181935
2024-03-26,985.3292378776005,1012.7214388023768,980.4025916882124,1002.1290893554688,1781245
2024-03-27,1012.6720401353311,1012.6720401353311,983.6048300317143,985.0335693359375,1452036
2024-03-28,978.4319000689633,1006.0211177949764,970.5492664329596,992.5713500976562,1873843
2024-04-01,1009.9131348869208,1016.5641071150698,981.8805667185752,985.1321411132812,1230088
2024-04-02,990.0587562181374,994.0000729707093,973.9979024793507,978.3826293945312,990690
2024-04-03,982.3732052268635,984.8365282088768,966.8050160084844,973.2096557617188,852769
2024-04-04,972.6184436538009,976.4612516465431,959.1687359586482,968.7756958007812,879348
2024-04-05,971.485263150772,993.852246323792,969.3175270470944,991.7337646484375,1885389
2024-04-08,996.906795341773,998.6803758333399,982.8658545623115,985.9696655273438,651968
2024-04-09,987.2505679714161,988.925639578285,973.0618039528695,974.6383666992188,752593
2024-04-10,980.1069834557933,984.7380428002261,970.2044368601831,979.6143188476562,594164
2024-04-12,977.8899466829328,982.668769101,944.7335960603258,948.0344848632812,1325629
2024-04-15,936.0627172356124,947.8866673480622,919.8047858309939,921.4306030273438,1341010
2024-04-16,918.3268249405604,957.2473287872901,912.6119275429091,930.98828125,2235559
2024-04-18,940.7923270893763,940.7923270893763,920.297491344342,923.2534790039062,1376748
2024-04-19,906.749188371107,919.4106444245026,899.8026295997942,908.621337890625,1482222
2024-04-22,922.415932293281,951.5323974200824,920.3959593704311,945.6204223632812,1739090
2024-04-23,945.9652579189485,953.8478912813517,930.7419102098635,945.3740844726562,1094642
2024-04-24,943.9453750062768,944.8814497756156,901.0835547424218,919.8048095703125,3433345
2024-04-25,921.4305969843178,940.8415335131772,911.8236375809577,937.2943725585938,1455928
2024-04-26,937.5407412234424,944.5858691151143,930.6434367688296,933.5009155273438,697528
2024-04-29,934.0920732878184,954.1928128448371,934.0920732878184,948.9705200195312,1094730
2024-04-30,950.7441299530853,954.1927820109568,935.0281178328414,939.5606079101562,1728594
2024-05-02,945.8174632764855,977.446504538841,937.0972643245411,973.5051879882812,2760717
2024-05-03,979.8606009174406,985.0828334680218,963.9475108345375,982.767333984375,1408142
2024-05-06,989.2705161837191,1012.6720846691406,957.8384906674114,1005.7747802734375,2655500
2024-05-07,1013.9037061411506,1017.8450227830987,951.3353044502244,966.4600830078125,1845981
2024-05-08,968.5293153464575,992.4728020423956,957.4443622335491,990.8469848632812,1456376
2024-05-09,992.1772334015453,993.11330815386,950.842662123765,953.9957275390625,1322296
2024-05-10,955.7693151422492,975.4758989596152,954.4883992220647,967.7410888671875,1020700
2024-05-13,976.6582930811556,982.3731902845561,956.3604759342725,977.939208984375,1082684
2024-05-14,980.4024553797743,1001.7348544698034,964.1445252151851,969.218994140625,799850
2024-05-15,977.3480759597385,990.2558646671728,969.2191099065005,982.4224853515625,1174315
2024-05-16,982.4224478146735,997.1531310974666,969.7117374645559,994.1971435546875,1608100
2024-05-17,1000.0599557657697,1041.5915484602476,994.3943124567471,1035.9752197265625,3018435
2024-05-21,1104.6525893211146,1155.2985364236354,1069.0822277353043,1072.383056640625,4500940
2024-05-22,1077.9501412283391,1080.4627787917912,1032.9698393414874,1064.7960205078125,2865788
2024-05-23,1074.0088235009816,1088.7887614390684,1061.9878554231148,1070.1168212890625,2041787
2024-05-24,1072.9741985975422,1080.4134822689468,1054.302258119264,1060.2142333984375,2735393
2024-05-27,1067.9490181678693,1070.0674999815483,1039.7686273991978,1042.970947265625,1812394
2024-05-28,1044.4982527871643,1052.085239415259,1025.1365102067996,1037.5023193359375,1516739
2024-05-29,1028.8315560006301,1035.4332138353427,1020.7025897232331,1029.4227294921875,1081054
2024-05-30,1027.2056391190551,1031.097641150705,1005.5283978139049,1008.9277954101562,1517658
2024-05-31,1016.4655439149329,1021.4415043166007,980.4025204836823,985.4769897460938,2417167
2024-06-03,1029.6690265547422,1029.6690265547422,994.1971749222345,1017.1060791015625,1142471
2024-06-04,1033.6102478856938,1034.546262438831,920.1003211233062,988.8762817382812,3058666
2024-06-05,992.1772627331096,1048.5873000191489,990.9456012172633,1033.2655029296875,2720365
2024-06-06,1041.4930183958209,1047.355679327991,1018.7811310465542,1029.6690673828125,1909045
2024-06-07,1020.8011017082212,1048.0946737869026,1020.8011017082212,1040.3106689453125,1064643
2024-06-10,1047.3064263487265,1074.0088235009816,1043.4636184289352,1070.1168212890625,1813696
2024-06-11,1071.5453501601366,1077.4573245058477,1064.3032056425259,1068.9342041015625,1554675
2024-06-12,1072.2351810737287,1086.768786688952,1058.0465369000476,1080.8568115234375,1120031
2024-06-13,1088.7887378746848,1089.084384738825,1069.9196601262174,1074.50146484375,893913
2024-06-14,1080.8076559172353,1095.4890854929843,1077.851668228673,1093.2720947265625,1100418
2024-06-18,1091.2520452534168,1093.2227035744163,1054.7455517451276,1063.120849609375,1899763
2024-06-19,1067.2099922360721,1069.9689620038514,1053.5632073863708,1057.8001708984375,859594
2024-06-20,1060.214271882251,1076.422889915883,1034.5957114092598,1072.6787109375,1282696
2024-06-21,1078.9354469086136,1086.7195714490476,1063.1701801044694,1069.1314697265625,932011
2024-06-24,1064.254033913472,1075.2897930075858,1056.519223828948,1064.5003662109375,861316
2024-06-25,1064.5004187230604,1070.0675529762946,1047.4542950652321,1056.026611328125,1045293
2024-06-26,1056.0266012307363,1069.0822135156043,1047.5527939168246,1050.1639404296875,1354644
2024-06-27,1052.3808552286707,1064.8451728528134,1034.6449303861034,1041.492919921875,1784563
2024-06-28,1047.405028394605,1069.082272632311,1044.941705185775,1058.1943359375,2188481
2024-07-01,1077.3097228400836,1080.6105518066488,1044.4983306352879,1051.6419677734375,1910647
2024-07-02,1059.2288725262615,1064.1555184449883,1043.4636055863357,1058.834716796875,1161878
2024-07-03,1065.0423133025101,1098.6420136090148,1055.3368451305514,1079.1817626953125,2674685
2024-07-04,1088.7393691210045,1128.1033398528077,1077.2110664643058,1120.3685302734375,3636780
2024-07-05,1128.2019276913595,1149.7313465350833,1120.3686087069389,1145.3958740234375,2734011
2024-07-08,1147.8100223288966,1166.7776096469115,1137.5132599028789,1140.814208984375,1766921
2024-07-09,1141.9964817521397,1159.732406404028,1139.237512027849,1148.351806640625,1549728
2024-07-10,1149.5343592332497,1172.5417724776576,1117.3633361257678,1162.8363037109375,1576765
2024-07-11,1185.3509159287203,1185.3509159287203,1138.252136494094,1146.2825927734375,1817742
2024-07-12,1153.8204059716861,1166.580370035261,1146.3319286737003,1157.9095458984375,2206263
2024-07-15,1156.7764366483848,1181.3603511382935,1154.5101314631074,1170.571044921875,1258197
2024-07-16,1175.4484276218034,1180.1287413480572,1160.3236483728508,1167.4180908203125,890254
2024-07-18,1168.6003342995796,1173.0836298996016,1143.080286079815,1168.2554931640625,914361
2024-07-19,1147.9084745140813,1152.8351203274465,1120.4670813895252,1127.659912109375,1927523
2024-07-22,1118.3485834430985,1148.450437038738,1106.721651380109,1137.61181640625,1766804
2024-07-23,1139.0406115830633,1141.9965993293863,1107.8057225086986,1131.9954833984375,997963
2024-07-24,1139.089757520352,1165.9891698618874,1130.3203044486474,1162.1463623046875,1043324
2024-07-25,1158.697812808049,1192.248319837569,1150.421143836036,1188.1099853515625,980665
2024-07-26,1197.1975956992549,1200.160956084649,1182.1832846450345,1191.3203125,1347634
2024-07-29,1212.0143379031424,1236.4126223088638,1195.7158565865964,1220.8056640625,2135683
2024-07-30,1220.805683727523,1229.7450815792977,1200.160916278127,1204.5072021484375,1150511
2024-07-31,1210.0388325919916,1235.4249051745933,1210.0388325919916,1231.9676513671875,1316598
2024-08-01,1244.6607728420809,1249.550269141729,1220.4599968784662,1226.238525390625,1298036
2024-08-02,1218.3854796878913,1244.3643186159127,1212.7057060565824,1234.6346435546875,1110657
2024-08-05,1195.2714701910081,1231.7701443602832,1195.2714701910081,1212.5577392578125,1115164
2024-08-06,1221.8922760521245,1241.648012124107,1206.6310181682954,1212.705810546875,1224820
2024-08-07,1232.1651971198812,1262.5889562044174,1224.8555511663883,1257.3043212890625,2579230
2024-08-08,1265.3548487741207,1283.8264130888524,1254.538631905134,1263.7744140625,2579443
2024-08-09,1278.0972119758906,1308.1259512250513,1267.379750591907,1285.01171875,4055249
2024-08-12,1282.1471638421963,1282.1471638421963,1205.1985541613578,1235.1285400390625,2589989
2024-08-13,1242.6358461053082,1242.6358461053082,1154.7228172473017,1161.093994140625,5828811
2024-08-14,1173.2931040422573,1174.8735386646235,1143.0667342096249,1156.204345703125,3229996
2024-08-16,1168.5517864687035,1180.3064735254015,1153.8831765786242,1173.0462646484375,2682837
2024-08-19,1183.3190100976385,1183.3190100976385,1163.6621515457343,1170.477783203125,1961205
2024-08-20,1179.2198411549198,1181.1954146059554,1156.6982555813404,1178.0838623046875,1876826
2024-08-21,1178.4296438531755,1201.5931959133993,1173.293200762206,1190.9251708984375,2296195
2024-08-22,1203.124218454452,1205.0997918837697,1188.3074177345695,1195.2713623046875,1642199
2024-08-23,1200.062152076898,1200.062152076898,1159.6616497046887,1164.30419921875,2153807
2024-08-26,1116.199085240752,1124.7434651861386,1091.603169777523,1094.9122314453125,7308194
2024-08-27,1121.1380562922438,1122.5702989693846,1095.6531077500333,1100.6414794921875,3437214
2024-08-28,1137.9303353131822,1141.8814823107975,1112.2478798286834,1124.397705078125,5148274
2024-08-29,1124.3976659926066,1130.6206499498694,1105.4320887156593,1118.2239990234375,2424171
2024-08-30,1125.978074090577,1145.1904770141762,1100.048673431014,1114.1246337890625,32836286
2024-09-02,1113.2356216651815,1126.027411322108,1094.5171117509428,1097.974365234375,2818251
2024-09-03,1101.9748438202525,1109.8771376025124,1097.9249423727313,1100.3944091796875,1648183
2024-09-04,1098.6163103802564,1119.5080230275616,1093.4798678147056,1114.1246337890625,2387605
2024-09-05,1114.1739932976368,1119.9032045604588,1100.147469970638,1101.5303955078125,1291074
2024-09-06,1105.1851858894393,1106.3211647727273,1083.7995785437931,1086.5654296875,1307399
2024-09-09,1086.565455677748,1096.4433234566368,1075.6503635503,1090.664794921875,1018082
2024-09-10,1095.4554699937516,1107.1607184832988,1094.4676832759935,1099.6041259765625,1010547
2024-09-11,1105.6298407506433,1115.1125701487192,1095.5543427943878,1099.0115966796875,1161528
2024-09-12,1109.2845275848288,1121.236723222972,1101.9255644804446,1106.419921875,1349529
2024-09-13,1111.852740246458,1111.852740246458,1097.8755336361437,1104.888916015625,1326747
2024-09-16,1119.162368342431,1119.162368342431,1100.6413671011067,1102.2218017578125,897160
2024-09-17,1105.9260939326298,1111.2601668493958,1094.4677909947827,1097.3817138671875,686827
2024-09-18,1098.3201129600654,1098.3201129600654,1053.4745703321485,1066.76025390625,1723558
2024-09-19,1081.6264548705067,1081.6264548705067,1029.3725134371316,1041.5716552734375,2737320
2024-09-20,1041.225955273838,1054.7092680897244,1034.06450156871,1041.7198486328125,2271977
2024-09-23,1049.8198994037466,1050.2149176752926,1034.854904695784,1042.362060546875,858221
2024-09-24,1044.7819450658822,1050.8075404035085,1036.3364411228206,1038.7071533203125,1453214
2024-09-25,1043.8436688670583,1052.6843122239839,1025.8659978905255,1050.4617919921875,1540510
2024-09-26,1052.980725234814,1056.8824348498263,1043.2016118320355,1054.956298828125,1861553
2024-09-27,1043.1027850343912,1065.327986420067,1029.9158563281103,1062.80908203125,2797238
2024-09-30,1067.6987766579966,1075.5516334893239,1045.5228906415637,1055.4996337890625,2129069
2024-10-01,1057.9690510437933,1069.3779157041872,1049.078970258295,1067.1553955078125,1173725
2024-10-03,1073.9710777127857,1073.9710777127857,1042.361903661915,1055.993408203125,1966311
2024-10-04,1055.9934564347468,1063.846312739911,1037.2748254738813,1044.436279296875,1503329
2024-10-07,1047.8934912917653,1052.4372859729524,1032.43460539888,1037.818115234375,668721
2024-10-08,1029.3725155565298,1046.066135220314,1023.9396886030721,1041.769287109375,1179960
2024-10-09,1042.0162994169618,1058.4629734368816,1039.1516936361072,1052.338623046875,1647954
2024-10-10,1058.3640462236237,1058.3640462236237,1035.1017410227062,1044.090576171875,968218
2024-10-11,1049.6222041260023,1057.4257437727686,1038.7565495893368,1051.4002685546875,570962
2024-10-14,1052.2892874407585,1056.9318369976643,1042.4607367957806,1049.375244140625,703535
2024-10-15,1052.388016361253,1058.6604380410838,1041.4729246581896,1045.2265625,645409
2024-10-16,1017.4203482516159,1038.4602541705356,996.1829332152957,1007.6412353515625,3802444
2024-10-17,1007.6412400152896,1014.3582381501054,998.7511592612649,1008.382080078125,1036269
2024-10-18,1015.0003341021892,1022.3592972369989,1001.5170207039005,1009.9625854492188,1368450
2024-10-21,1009.962603834469,1016.6795418709846,989.7623521542157,993.4171752929688,1015164
2024-10-22,999.6401715086633,1000.6773355179967,971.9327657693559,976.130859375,1334114
2024-10-23,976.1308777986483,1003.7889067813843,973.0687027017285,988.7745361328125,1315625
2024-10-24,992.7257124900068,997.8128385156696,984.7740409802449,993.4171752929688,634232
2024-10-25,993.4171419083009,999.5908090670607,974.0564855245991,978.5015258789062,531860
2024-10-28,978.501502042042,1004.1345795187198,965.0676267477251,994.009765625,753928
2024-10-29,1004.3815624383502,1004.3815624383502,976.3778319938818,989.9598999023438,911619
2024-10-30,990.750134508393,997.5658873661633,970.5498829183487,973.315673828125,1299530
2024-10-31,972.9698896277115,992.1823528057143,972.9698896277115,989.0214233398438,732810
2024-11-01,996.9237342165761,1001.5169665208272,986.2556498370271,991.7378540039062,108283
2024-11-04,995.6890650607595,999.2945108904092,982.5021357852178,992.1824340820312,1190497
2024-11-05,986.8483845535533,993.071429298224,957.8074889818498,976.3778686523438,1897494
2024-11-06,976.3778483680421,990.8488884266375,973.8590041534475,982.9465942382812,1167347
2024-11-07,988.6263548208407,988.7251696706913,957.4123173147066,961.3634643554688,1367216
2024-11-08,962.1042860537668,968.9200386848194,953.2142053818121,958.4988403320312,477176
2024-11-11,958.153184335443,963.882335647752,950.5472140100939,955.9306640625,874885
2024-11-12,958.1531330459085,977.908867747886,921.6050238472501,938.1504516601562,3008146
2024-11-13,946.6454195550753,957.1159954095165,935.2858717883762,951.9794921875,2093578
2024-11-14,945.5094618477629,964.8700574726622,941.8546389203854,945.70703125,840848
2024-11-18,952.2758202268558,954.2020164795566,927.1860725305212,933.1621704101562,1050199
2024-11-19,933.4585118731933,943.4845718573492,929.9518808442064,936.0267333984375,605361
2024-11-21,938.3973624381478,938.3973624381478,922.1976364864873,932.52001953125,622867
2024-11-22,930.6927299826524,940.3730285123352,928.1244481427145,937.4590454101562,295547
2024-11-25,943.4845535404226,957.2147534122391,934.6438499279064,952.5721435546875,2656504
2024-11-26,953.1648426050084,958.0543991069212,939.2370131665377,941.3607788085938,428465
2024-11-27,943.3363396813875,948.2258961177844,937.8047580357922,939.3358154296875,495683
2024-11-28,938.397453057712,943.2870097394833,933.4585190942504,937.1133422851562,498416
2024-11-29,939.2370324251161,960.8695869487951,937.755352260199,954.1526489257812,1151163
2024-12-02,954.1526409161528,964.5737792639794,950.6953872270346,962.6475830078125,1305207
2024-12-03,965.018281072033,975.390041985742,961.4128353051894,970.1053466796875,1290594
2024-12-04,970.9449894465987,973.9083496705837,955.4861028289235,958.4988403320312,1385360
2024-12-05,966.1542355201773,968.0310545377205,949.8063761979181,966.0554809570312,697437
2024-12-06,973.957758714914,984.4777119690513,960.1287438852904,982.9465942382812,749783
2024-12-09,982.9465771339151,987.7867563559469,969.0188079851838,970.4511108398438,1191543
2024-12-10,971.9328008551923,974.1553210795877,959.1409501723952,962.3018798828125,664912
2024-12-11,966.0060950716954,981.366167466805,963.0921120081881,974.4022827148438,591808
2024-12-12,977.9088511664747,978.8966378848247,960.2768823598143,964.57373046875,863825
2024-12-13,969.0187832340637,969.4632993210136,943.3857055034148,966.54931640625,650878
2024-12-16,969.5126732836129,978.8966471972087,963.6353301955752,975.6863403320312,459731
2024-12-17,977.3656010147779,978.995412960386,955.0910221070571,958.0543823242188,769906
2024-12-18,958.054380971823,971.9821498569346,956.4738860177371,967.5864868164062,806464
2024-12-19,956.2269162653796,976.9210599780655,953.2141788461407,973.5625610351562,1389401
2024-12-20,978.0076487273988,978.8473036487476,958.4494829020005,961.6104125976562,910631
2024-12-23,966.7962918609883,970.006598832685,950.3496181824079,961.4622192382812,758127
2024-12-24,961.4622274139923,965.9567054443615,949.5100316259284,953.0166625976562,841381
2024-12-26,953.3130038574794,957.3135885759333,941.459562415473,945.9540405273438,1348311
2024-12-27,946.2997113571962,973.4638471216251,946.2997113571962,960.5238647460938,1074014
2024-12-30,961.3141084522235,967.63590768419,940.866910003649,945.2625732421875,4345745
2024-12-31,948.3740349819969,964.820708492718,948.3740349819969,959.8323974609375,960218
2025-01-01,959.1409474012705,968.031028273167,953.5105507911255,961.90673828125,436960
2025-01-02,966.450577033106,980.2301539170255,955.0415918775846,978.6497192382812,1012522
2025-01-03,979.8844820521423,985.2185547598465,959.8324225519628,963.88232421875,849340
2025-01-06,962.845132251936,963.8822962790034,943.2375894273762,949.7075805664062,845309
2025-01-07,958.1531457087926,1001.615762627542,958.0543911498647,988.6263427734375,3691121
2025-01-08,996.6274534968124,1000.5292232173593,960.6226144004161,969.4633178710938,1389234
2025-01-09,992.7256811897923,1015.3953388120532,981.1191869072251,998.1585083007812,4533779
2025-01-10,996.7262289507039,1006.6534739386317,988.3300413994691,992.133056640625,2314182
2025-01-13,978.0076585085525,985.712443559307,954.448968120256,963.1908569335938,1417731
2025-01-14,970.0065829967647,990.2562112568805,966.5493293913792,987.9349365234375,1057973
2025-01-15,992.7256435400712,994.9975409151053,970.0065492102984,972.8711547851562,673355
2025-01-16,977.9088632692706,982.6502275180871,967.4877253196476,976.0814819335938,761949
2025-01-17,979.8844162979848,988.6757421326738,968.9693852106733,982.5020751953125,880216
2025-01-20,992.7256485973992,996.4792260565406,970.0559314296944,983.3416748046875,523731
2025-01-21,985.8112046899564,993.6641216349598,971.2413497108213,973.8590087890625,389512
2025-01-22,973.9577168896909,977.1680237658486,951.9794621221497,966.54931640625,577713
2025-01-23,968.2779488282101,983.7862126551952,964.0304779175627,977.0692749023438,523186
2025-01-24,976.970445485208,976.970445485208,943.33631965392,945.904541015625,780860
2025-01-27,938.3974123104196,940.0766618430241,904.3681467218506,911.33203125,776626
2025-01-28,911.332015569403,911.332015569403,880.2661710544803,899.1328735351562,1146379
2025-01-29,899.132887982632,928.0256503814148,899.132887982632,920.7654418945312,765465
2025-01-30,923.5806200818432,945.2625515096229,919.135579664337,941.8052978515625,844983
2025-01-31,946.2009433138328,963.0920724689393,942.1509815019274,958.4000854492188,1134883
2025-02-01,958.4001196684386,968.673126257454,941.7064990337186,963.88232421875,270706
2025-02-03,960.1287265474778,966.7962871485018,945.5094946209538,950.9423217773438,509847
2025-02-04,951.2880319476518,963.0920958470026,948.4728637833715,962.1043090820312,449665
2025-02-05,965.067626953125,974.6985474882252,933.4584518635651,965.067626953125,3696679
2025-02-06,971.9821456732752,1014.0125194115511,964.0798518060128,995.8865966796875,5775455
2025-02-07,995.8866317817015,1000.3810495191782,976.9704910543179,982.0082397460938,1323744
2025-02-10,983.8356213475555,986.2063337076544,946.8923720927132,952.8685302734375,624534
2025-02-11,953.2142139980349,953.6587300935943,926.5439717410951,930.7420654296875,660233
2025-02-12,930.7420754109769,934.1499517938535,909.3070906425866,922.6422119140625,569136
2025-02-13,924.568401648561,943.3363499726237,924.568401648561,931.334716796875,568317
2025-02-14,931.4828977707633,936.1255075164298,886.1434621939238,890.83544921875,1284861
2025-02-17,893.2554945430892,916.17215788174,881.1057302754847,912.6161499023438,1079060
2025-02-18,912.6162103550823,917.5551441479126,894.1939631919374,902.886474609375,875587
2025-02-19,879.130197171384,885.7483803765728,844.6564158855178,880.5625,2989352
2025-02-20,880.5624902921418,890.9342509309427,865.4987426976928,888.662353515625,996072
2025-02-21,889.0574647919898,895.3299469165987,871.2279257615038,874.5369873046875,1854330
2025-02-24,874.5369633360381,886.9337351150215,870.1413605889214,880.3649291992188,854348
2025-02-25,880.463693306309,887.4276381082599,869.2523378375865,872.1663208007812,867288
2025-02-27,876.6113829635124,893.9470287560306,861.6957665308781,875.6235961914062,1460237
2025-02-28,868.7090271025595,876.1668046444651,856.5098251594413,865.893798828125,1708929
2025-03-03,868.2645958304529,871.2773335077565,849.0027532608353,859.8190307617188,1109751
2025-03-04,858.3866745269312,864.0664482651704,849.3484017667156,861.0043334960938,612480
2025-03-05,865.3011582339757,878.6856561007703,860.5597940824177,876.611328125,659121
2025-03-06,912.6161687618039,913.7027100308189,889.0080421921481,896.3176879882812,3024764
2025-03-07,897.0091099159763,904.5163252756258,884.3654517662249,889.7982788085938,663269
2025-03-10,889.7982960177715,900.0219250963361,879.1302111316459,882.7850341796875,605996
2025-03-11,877.9942092707277,893.8482344905818,872.0674889013519,888.85986328125,559901
2025-03-12,887.5264258692038,887.7733725653277,861.3500760800731,877.401611328125,2335024
2025-03-13,884.0691395431935,886.2422824469417,869.2523383217992,872.314453125,312720
2025-03-17,877.5003326871395,890.2921831202722,876.3150368223716,881.7972412109375,960318
2025-03-18,881.7972412109375,881.7972412109375,881.7972412109375,881.7972412109375,0
2025-03-19,916.6660861205428,918.6416595820095,891.9714178522092,898.7871704101562,2142040
2025-03-20,906.6894487611407,913.0606248337165,896.9103361781139,906.04736328125,689231
2025-03-21,906.7882114572545,915.6289146835448,902.8864418445659,907.380859375,1384887
2025-03-24,907.3808914986654,928.0256588502858,906.541296870516,912.4186401367188,1401513
2025-03-25,913.7027091040226,918.4440732662947,893.8482202977568,896.2682495117188,847472
2025-03-26,896.712827882655,906.244994436775,892.5641113438226,896.41650390625,1505932
2025-03-27,892.5147527557659,895.4287358791748,871.0303898154768,879.87109375,2181319
2025-03-28,883.9704063113605,889.5513653989035,869.7956299604082,875.57421875,1244840
2025-04-01,877.1545973557692,889.4525539374504,861.3500100160256,866.7828369140625,1453564
2025-04-02,859.6214074084069,884.3160758200244,852.2623841638012,880.2661743164062,1068766
2025-04-03,938.0517046771481,938.0517046771481,888.2178514310662,890.8848876953125,4159473
2025-04-04,890.8848514974296,894.8853755863933,824.3080036033905,856.3123168945312,3287190
2025-04-07,785.2904278130278,843.7180353316066,785.2904278130278,827.3701171875,1792473
2025-04-08,834.6798353933439,855.6209273451802,825.8885088691707,848.6076049804688,2795212
2025-04-09,830.1360111918165,839.4705477742579,813.244821544641,834.087158203125,1594419
2025-04-11,853.2995307738877,868.2645236419652,844.7552118515822,858.2384643554688,1116144
2025-04-15,878.932637309382,878.932637309382,857.9915461700859,872.3638916015625,1550801
2025-04-16,872.3638764611412,876.4137779463589,803.0706130970863,812.0594482421875,10251029
2025-04-17,819.8629855957616,828.9012582877946,806.1327259379698,821.39404296875,4090722
2025-04-21,822.1842848269199,836.6553849637269,820.1099567486826,835.0255126953125,1861224
2025-04-22,835.0254978771328,843.7674467139296,827.6665348841507,842.2857666015625,1015442
2025-04-23,847.1258588406228,862.3377982987787,842.2857401328214,857.3988647460938,1149096
2025-04-24,857.3988801565606,876.4137746761618,850.9782664226693,869.499267578125,1167381
2025-04-25,868.9066757833308,871.5736518902136,847.5210676185591,849.1509399414062,1090283
2025-04-28,852.4106073598444,876.8583299784458,850.7313577887036,875.7223510742188,1527151
2025-04-29,876.1668764632062,883.9209785933565,866.3383859150604,877.2040405273438,1027694
2025-04-30,877.1546646320011,890.8354874813755,872.2157307095237,877.401611328125,907542
2025-05-02,876.1668391400289,882.4886983974,864.2146436915482,871.2772827148438,622199
2025-05-05,874.7839177499214,884.0691372740503,869.3017133700205,881.5996704101562,392926
2025-05-06,875.1790440771331,875.1790440771331,858.5348617678511,869.8944091796875,1001672
2025-05-07,852.657492619884,878.2905695765555,852.657492619884,875.3272094726562,819319
2025-05-08,875.178999966538,877.9941678934339,854.9293729921428,863.0292358398438,923809
2025-05-09,848.5087901320121,870.2400979118773,848.5087901320121,867.9188232421875,783197
2025-05-12,870.2400751390837,879.1301553618439,855.6702214406712,874.0430297851562,695749
2025-05-13,874.0430746035825,892.7616454237276,874.0430746035825,890.83544921875,1523977
2025-05-14,892.4159547515053,898.3920525538704,879.6734815119839,892.46533203125,1074055
2025-05-15,892.7616635989328,896.367109396772,885.6990244231887,893.6506958007812,493067
2025-05-16,890.9836470814383,896.4658514772663,887.5263934619428,891.6751098632812,720221
2025-05-19,894.9347861207561,908.5662310699499,891.6257246588239,900.1206665039062,832279
2025-05-20,906.2943428224473,908.7638096966228,863.4243737708713,872.5120239257812,2737758
2025-05-21,868.2645321159554,885.0569064572195,855.07760344032,878.7844848632812,1659446
2025-05-22,879.1302106960994,900.3676258983085,878.4881251903776,892.4159545898438,2150946
2025-05-23,892.9591959212447,898.7871616919272,885.2050942760897,897.5029907226562,795387
2025-05-26,902.8370897185061,909.7515969701797,897.0091237762082,901.7011108398438,703642
2025-05-27,905.4053437470834,909.7516297204854,901.7011433003388,906.8870239257812,634513
2025-05-28,913.7027622101638,919.135589444927,905.8004680505084,914.29541015625,874275
2025-05-29,920.617264590092,922.5928381192552,909.0601473865428,913.455810546875,643360
2025-05-30,917.6539368332072,922.5928708312332,906.0968192198824,918.6417236328125,1896380
2025-06-02,922.5434811317989,924.0745385926346,905.8498603272782,916.6661376953125,817584
2025-06-03,918.6417016369202,923.4818809549813,909.7516206533371,915.085693359375,480256
2025-06-04,923.5312283755796,930.2481661769439,915.6783117027098,920.1233520507812,1429173
2025-06-05,921.605060202045,946.5466762471701,921.605060202045,944.02783203125,1804863
2025-06-06,948.275269787271,950.7447366356754,937.2614235275005,948.4234619140625,810158
2025-06-09,953.1154717803661,964.079880734305,948.127100395201,961.7586059570312,641864
2025-06-10,958.1531493811534,971.8834093489976,957.1653626292141,969.8090209960938,981945
2025-06-11,972.9699318916739,980.3289551096103,964.5243673834511,966.8456420898438,869226
2025-06-12,977.9088655560986,983.5392619914863,961.2646832228743,966.8456420898438,1972538
2025-06-13,956.2763490530339,965.7591382300903,948.2753003224511,963.042724609375,1046498
2025-06-16,959.1409515571044,965.0676721640483,952.5721454351868,962.4994506835938,777623
2025-06-17,962.4994692068111,963.5366332750425,936.0267350878867,945.9540405273438,1639313
2025-06-18,939.3851772525798,953.5105153888654,937.6565504805587,946.5960083007812,1016691
2025-06-19,946.299693960131,946.299693960131,935.4340398541169,938.44677734375,798082
2025-06-20,933.4585096121286,948.6210126100459,932.4707228294703,945.4107055664062,708234
2025-06-23,937.014487097055,946.2503293849923,935.3352978535379,940.4717407226562,642532
2025-06-24,950.3495638374803,956.0787749526637,944.1758969372531,952.7696533203125,1162909
2025-06-25,958.3507360641996,965.4133752940419,954.5477208268508,962.8451538085938,655603
2025-06-26,967.240800784189,971.4882717649737,956.0293849616211,969.9572143554688,876152
2025-06-27,972.9699506602434,976.8717203883475,967.1914222772858,969.8090209960938,1545595
2025-06-30,975.4394074950394,978.8966610912244,966.7468962254324,977.8594970703125,818854
2025-07-01,982.7984476157778,992.3305536632972,974.303445317219,990.2562255859375,925574
2025-07-02,993.4171726919983,1002.6035776509547,976.4272280866687,983.2429809570312,1227396
2025-07-03,979.9338230860667,989.6635586461871,975.2912133514164,987.194091796875,718095
2025-07-04,991.7378963809628,1002.4553584958855,986.7989626340456,988.7745361328125,845835
2025-07-07,988.7745222706521,991.6885051984242,977.9088681797658,986.6013793945312,567413
2025-07-08,986.6014049235982,989.0708718263354,954.2020112176309,971.1919555664062,1014905
2025-07-09,961.5116280314439,970.7474098500243,958.1531290302962,966.4999389648438,906874
2025-07-10,966.499965843237,968.8706178896362,953.214221884417,961.067138671875,721738
2025-07-11,961.1164959040525,973.1675061634652,958.2025129695242,967.6358642578125,921032
2025-07-14,970.0559457188001,978.4027556416318,954.3007353241741,956.6220703125,1409414
2025-07-15,959.1409095559486,963.8328964976487,949.7569356725485,955.8318481445312,553271
2025-07-16,968.0309979717102,968.0309979717102,951.1892462384112,957.0665893554688,1049414
2025-07-17,963.5859825272076,972.9205794492028,960.4744301233029,970.7474365234375,669080
2025-07-18,974.8961658634056,974.8961658634056,958.1037907535289,963.042724609375,726018
2025-07-21,962.104284164586,968.376705843817,957.0665959095909,958.1531372070312,961832
2025-07-22,958.1531772857737,960.9683454949004,939.9284991237857,945.0650024414062,864768
2025-07-23,946.0033833596127,951.4362104893602,942.8424536989069,950.2014770507812,417511
2025-07-24,951.1892604724436,964.6725134007029,948.4234696376508,959.3878784179688,639210
2025-07-25,966.3316243680465,981.0683812741017,959.6376276790552,975.5233764648438,1188906
2025-07-28,975.5234024206572,988.4117840796441,973.1754756866343,979.2200317382812,1032847
2025-07-29,984.1156549519983,997.0540404796724,979.6696380203567,993.956787109375,943918
2025-07-30,997.1039475022229,999.301984432267,988.2119139590086,994.2565307617188,775428
2025-07-31,974.1745465813576,985.5643355702518,960.2370592866298,968.9292602539062,1187065
2025-08-01,969.1291404368125,969.8784670917894,945.5003488577299,948.1979370117188,1284762
2025-08-04,949.0971021363747,961.1362708801221,945.7001304251133,957.9890747070312,621617
2025-08-05,952.6439386321616,963.3343442664757,947.2487624113726,959.3878784179688,479835
2025-08-06,955.1416783208454,958.1889277554001,929.1650217974751,931.8626098632812,1059453
2025-08-07,919.173990680676,946.8990757256637,918.2248314290104,943.60205078125,954020
2025-08-08,948.9472171410694,951.1951969957846,931.21315384276,935.3095092773438,589784
2025-08-11,940.105210174371,957.1398901782356,933.2113807277082,954.6920776367188,355333
2025-08-12,954.6920453844804,968.1299814719841,947.1488363626842,954.7919921875,912710
2025-08-13,954.7920339108127,996.6044362422149,937.7073498441597,987.71240234375,1911458
2025-08-14,992.6579668390186,1001.9496049927294,981.3181813956747,987.9122314453125,717164
2025-08-18,987.9122417081984,993.1075853366145,976.4225664251288,985.6143188476562,677972
2025-08-19,985.6142819364624,996.1048546281328,983.6160776142394,988.5616455078125,718678
2025-08-20,989.0612292760835,990.9594868567174,977.4716072359485,982.4171752929688,535407
2025-08-21,982.4171615418217,996.7043105218427,977.5215974473192,984.9149169921875,716876
2025-08-22,991.1093706434599,999.0023023219775,985.5643656953065,987.9122314453125,307423
2025-08-25,991.159330152596,1028.575719921328,990.0103992052025,1022.2314453125,2565579
2025-08-26,1014.088722573722,1016.0369840397628,981.1183503127044,986.9630737304688,2997316
2025-08-28,986.9630697292343,989.6606578266347,967.5305810020961,977.7213745117188,1108790
2025-08-29,983.4162715644953,987.6125129506456,968.3298529161179,980.169189453125,833114
2025-09-01,987.1129677891663,997.2038755576207,986.1138655950477,990.1602172851562,1463193
2025-09-02,990.1601737788694,1004.0976609705014,988.8114102682156,995.2056274414062,1106144
2025-09-03,1003.0985585787054,1013.0396371670655,998.3528233663061,1007.2947998046875,1683054
2025-09-04,1013.5891411826773,1016.4865618384273,1001.5999152643017,1011.0414428710938,1038028
2025-09-05,1021.0824042355757,1038.1171447930667,1004.097667570209,1012.939697265625,1860389
2025-09-08,1013.1395432329653,1021.9816340251606,1005.1467258734344,1008.7435302734375,777187
2025-09-09,1009.0931752721564,1037.7673583000606,1008.2939057452397,1034.670166015625,1228793
2025-09-10,1039.615846245962,1048.9074235585933,1032.0725758280814,1038.6666259765625,1086228
2025-09-11,1038.6665553265232,1047.0590376540601,1029.3749786459045,1042.6629638671875,537049
2025-09-12,1047.3588732731744,1053.6531438860034,1041.064480699629,1043.81201171875,559927
2025-09-15,1046.060024239827,1046.060024239827,1032.1225970564499,1035.9691162109375,391508
2025-09-16,1041.064433065113,1042.5630862796982,1029.6247623113977,1033.5711669921875,511672
2025-09-17,1034.0706999382446,1038.0171045498607,1029.0751893105235,1032.871826171875,754208
2025-09-18,1034.0707412534525,1049.007269842828,1024.579270681561,1046.9091796875,977193
2025-09-19,1049.057323735914,1058.099247548592,1033.0716883266048,1036.3687744140625,1054747
2025-09-22,1036.368680495882,1045.2107098882266,1031.373169883178,1034.77001953125,599637
2025-09-23,1034.5702844506473,1047.0590614237358,1029.3750020141276,1043.911865234375,544814
2025-09-24,1046.7592705535383,1047.4587152328154,1032.5220649597957,1035.06982421875,657285
2025-09-25,1034.5203064807438,1041.4641398282022,1015.5374259863461,1018.3348999023438,1146210
2025-09-26,995.3056123813682,1009.0932103866186,971.8267109515805,974.1246337890625,2575036
2025-09-29,974.1246059722541,994.4563105355325,974.1246059722541,991.209228515625,1029788
2025-09-30,994.1066464853037,997.0040671335341,979.5697222930723,981.0184326171875,895491
2025-10-01,980.1192205038216,997.7533980477405,980.1192205038216,990.2601318359375,560905
2025-10-03,995.1057575674671,1000.8006521110631,979.1201229077487,987.4126586914062,577348
2025-10-06,987.4126835395246,996.3047174349025,974.4243550516536,993.7570190429688,364990
2025-10-07,1001.1003777766547,1001.1003777766547,980.7686729395012,987.0130615234375,882271
2025-10-08,987.0130808082633,992.3582531484069,981.0184676505584,985.0648193359375,858560
2025-10-09,992.10847956269,1014.7381686699341,989.2110588052578,993.5571899414062,2566310
2025-10-10,997.0040612030778,1009.093172842013,986.1138233614523,992.5580444335938,1559044
2025-10-13,989.1111392869475,997.1039565741147,984.4153469346654,994.606201171875,727760
2025-10-14,994.1066475683918,996.5544600524455,973.6749962338546,978.3707885742188,827749
2025-10-15,978.3708078299369,989.1111562436942,974.1246235733352,976.4225463867188,563166
2025-10-16,976.4225695415098,988.1120774976652,973.8748711232043,983.7160034179688,832737
2025-10-17,983.1165582661554,990.1102736196748,977.1718880195922,986.7633056640625,745052
2025-10-20,987.1129207961126,1015.0877808996461,987.1129207961126,1001.4500122070312,820061
2025-10-21,1001.4500168363576,1005.9959804084806,995.655236555624,998.6026000976562,59416
2025-10-23,1013.0396842794019,1013.0396842794019,1002.1494459460303,1008.0941162109375,693670
2025-10-24,1008.0441543578737,1008.0441543578737,990.1602009854083,1003.997802734375,583326
2025-10-27,1012.6399788146604,1013.9888033145356,1002.0994632566363,1012.939697265625,506495
2025-10-28,1014.9879457892253,1016.2368235348167,996.4545512603612,1000.35107421875,382370
2025-10-29,1002.3991770265409,1014.4883496554139,998.3028825949888,1001.9995727539062,730755
2025-10-30,1003.0985981255774,1005.496467772204,979.2200314075363,985.2646484375,750435
2025-10-31,985.2646420127974,992.0585246601273,972.6259750075616,973.5751342773438,458973
2025-11-03,969.6286735645945,983.8159368318842,969.1291224705375,980.169189453125,534425
2025-11-04,982.1673607445576,986.7132633512736,967.180828427677,970.8275756835938,444915
2025-11-06,979.1201202745077,997.1039592183251,932.2122614999791,935.8590087890625,2919859
2025-11-07,937.6074287532332,945.9499073481996,926.0178071769402,943.2523193359375,667543
2025-11-10,946.1497555182949,972.1264119527992,941.3540772956885,947.5485229492188,920267
2025-11-11,948.1479755687764,949.1470777558877,934.2104878624998,938.0570678710938,1819775
2025-11-12,939.2559339964314,956.3905607567949,939.1560481706839,950.5458374023438,791415
2025-11-13,950.1461938538313,951.7447329844703,939.2559554627321,943.3023681640625,698519
2025-11-14,947.9980637136827,952.0944191734084,938.6564828744511,943.60205078125,592731
2025-11-17,947.1488705410873,949.0971319961832,931.3131253150065,933.9107666015625,873274
2025-11-18,938.8563094672529,939.0561420947962,925.2185406271466,927.5664672851562,824350
2025-11-19,932.162342096469,934.310436194408,924.9188512280881,929.3648681640625,659272
2025-11-20,934.9098508604642,936.4584470200795,925.3684373811762,927.1668090820312,747920
2025-11-21,929.1650485603581,931.1133100517983,919.6735776342039,923.4701538085938,470759
2025-11-24,926.1677155680778,930.2140671778862,920.1731025223297,925.8180541992188,4921102
2025-11-25,928.1159900167439,933.9607134261518,921.6218257927982,927.6663818359375,508282
2025-11-26,934.110618452242,943.0025914855889,931.2131976665554,939.70556640625,972690
2025-11-27,943.7518848539687,947.9481261616573,928.0160256854039,936.4085083007812,768619
2025-11-28,947.0989276936264,947.0989276936264,935.659195488644,941.65380859375,919929
2025-12-01,941.2541436842513,944.0516785853127,929.6645827354687,935.6092529296875,534206
2025-12-02,931.562897432869,944.1016176012988,931.562897432869,941.8536376953125,823400
2025-12-03,940.1551516980986,946.1497647801269,929.6645788045493,934.110595703125,1158530
2025-12-04,937.1578309458906,943.3023336539366,931.7127119495474,934.9098510742188,874529
2025-12-05,935.1596110760869,936.1587132246724,928.4156715731343,930.6137084960938,892186
2025-12-08,929.1650125034276,937.857213526144,919.523652228857,923.7698364257812,632165
2025-12-09,923.7698371142627,926.4174822429314,911.780611137541,919.4237670898438,1334688
2025-12-10,925.9678911352347,935.6092515946492,918.1749063028383,922.770751953125,786332
2025-12-11,919.1739813916704,926.3675290942851,918.9741487648619,921.7216796875,519404
2025-12-12,924.1694975443393,931.163212660891,922.2212361372285,928.3157958984375,435255
2025-12-15,928.1659023143425,928.1659023143425,915.2774601182656,920.7725219726562,397336
2025-12-16,926.117776774653,928.1159811321234,911.1811870064904,913.529052734375,750574
2025-12-17,914.7279974135919,919.6236225343545,913.2792870427247,917.2756958007812,531484
2025-12-18,914.5281367999872,917.4255574530761,908.5335238463052,912.8297119140625,351731
2025-12-19,914.2783931552389,928.7653749653547,910.431874101248,918.7743530273438,799834
2025-12-22,924.3693254322513,927.1667992684556,916.4763940204743,917.3756103515625,479708
2025-12-23,917.3756235525051,931.412996827527,914.6280925884121,926.9669799804688,320217
2025-12-24,936.158725856183,936.158725856183,915.1775804527894,916.9759521484375,745235
2025-12-26,917.025898833658,919.1739928830817,908.1838690551318,910.7315673828125,304792
2025-12-29,911.3809936921491,913.7788022646356,901.4399151006756,903.7877807617188,487836
2025-12-30,903.1883844367767,905.1865888271236,895.9448935217694,900.6406860351562,721717
2025-12-31,901.1901652191385,914.877877263882,901.1901652191385,913.529052734375,383442
2026-01-01,918.9741900329705,920.3230145892323,906.2855799152757,914.2284545898438,472472
2026-01-02,918.0249826273332,918.0249826273332,911.1811573181277,916.0767822265625,262095
2026-01-05,914.2783669980176,924.0196131088843,910.6316806831893,921.1222534179688,442298
2026-01-06,921.1222450640918,932.2621975170174,916.9260038121653,930.2140502929688,450775
2026-01-07,927.166832302657,940.155160772414,922.3711539868183,926.7172241210938,518054
2026-01-08,927.2667059964248,929.1650245246934,904.7369641032146,906.7351684570312,430365
2026-01-09,906.1357265870138,912.7297765263999,889.700483670692,894.0965576171875,797148
2026-01-12,887.202740714156,897.4934810286202,880.2090254157335,894.2463989257812,424551
2026-01-13,901.1901780766899,901.2401209902677,884.6550489787825,899.891357421875,493965
2026-01-14,899.8913369507567,901.1901575760255,880.2090120005304,882.95654296875,728209
2026-01-15,882.95654296875,882.95654296875,882.95654296875,882.95654296875,0
2026-01-16,887.2027139236234,890.2000203895816,864.6230296055476,867.320556640625,1052948
2026-01-19,867.3205706961444,882.15727453129,855.1815159005058,880.3088989257812,606193
2026-01-20,880.408829323036,887.202711766619,868.4196034883519,872.6158447265625,899558
2026-01-21,867.2206641182239,883.2062984798503,867.2206641182239,875.4632568359375,902659
2026-01-22,875.4632646328738,887.2027149717454,875.0136564663777,884.505126953125,469855
2026-01-23,885.7040897291533,896.3445524243034,879.209925506661,881.2081298828125,460331
2026-01-27,889.2009446699742,894.146512681907,879.1100369933907,892.5479125976562,490213
2026-01-28,891.6987135253876,898.3927104616499,885.6541574112872,896.0947875976562,313242
2026-01-29,892.1982524224077,893.197354608771,880.3589159061461,889.9003295898438,403045
2026-01-30,883.4560818848715,895.3454219393606,881.6577101992433,884.505126953125,662055
2026-02-02,875.5132007058439,881.2080951494797,862.8745951130586,878.8602294921875,405651
2026-02-03,900.191036991941,916.0267816745181,894.4461996304497,902.08935546875,1050230
2026-02-04,904.387312946037,911.6807467237555,897.8432058094614,904.437255859375,495453
2026-02-05,908.4336230704797,909.1829496773566,895.7949565756799,904.1874389648438,419002
2026-02-06,904.1874469554581,904.1874469554581,883.2063017774861,887.3526000976562,492792
2026-02-09,896.6442542368644,932.511985534621,883.206317860673,922.6209106445312,2082620
2026-02-10,919.1740105931389,919.1740105931389,883.5060503773118,886.5033569335938,2273207
2026-02-11,888.1019454062764,898.9921224968269,881.2081160248237,897.4934692382812,843961
2026-02-12,899.491684444725,925.3684554135612,895.2455001609047,920.1231689453125,1614220
2026-02-13,920.1231668068839,922.5709793491159,896.4943758079263,903.8877563476562,474515
2026-02-16,904.1874494236805,915.6271812837309,904.1874494236805,909.632568359375,438645
2026-02-17,909.182966381892,913.3292647416004,902.7387452482787,905.8359985351562,234313
2026-02-18,909.1829672442309,912.0803879056134,899.3917782545951,909.23291015625,291236
2026-02-19,918.9242424139944,918.9242424139944,899.4916925555665,901.58984375,736002
2026-02-20,904.9867379676376,907.1847749488273,897.4934716547343,899.9412841796875,531745
2026-02-23,906.1357244910236,909.2329168231922,899.1919522194795,907.1348266601562,354284
2026-02-24,901.2400804779677,906.1856483070264,898.2927169450655,903.0384521484375,369018
2026-02-25,902.688816281032,920.1731043661655,901.2900488420784,918.8243408203125,564586
2026-02-26,927.1668366242675,946.699272333373,921.4219990050977,937.6574096679688,1436917
2026-02-27,939.0561695502582,939.0561695502582,915.7270969056098,920.8724975585938,1044991
2026-03-02,892.8477111941075,910.6317182730035,892.1982703677656,906.0858154296875,518652
2026-03-04,893.1973668254302,903.0885029978554,888.201855825288,896.0947875976562,1277388
2026-03-05,899.1919857068367,917.1758254209734,897.2936671226452,913.828857421875,465436
2026-03-06,913.8288246704426,918.6744458053864,904.9867338730085,912.230224609375,456550
2026-03-09,887.2027404137833,911.0813070310272,884.3053196847031,908.0339965820312,482098
2026-03-10,914.1784760980345,926.1677020140743,908.1838631400146,922.2711791992188,549015
2026-03-11,922.271187852473,935.3095199427842,917.1757911824908,920.9224243164062,565317
2026-03-12,917.6753212683117,925.7680242602449,908.6834019526723,916.0767822265625,462276
2026-03-13,912.3801034840188,923.7698315045245,900.6905960316302,905.086669921875,862444
2026-03-16,906.2855752890893,911.0813146019505,876.3125094854987,886.103759765625,726548
2026-03-17,894.196442112667,901.8895410174172,887.0528372053225,889.0010986328125,711312
2026-03-18,890.349932720674,905.1366327989247,888.2018386400314,898.7922973632812,455746
2026-03-19,890.2000463676297,893.9966224725649,873.215309231547,875.3634033203125,366164
2026-03-20,879.4097601239606,895.1955625350927,879.4097601239606,889.7005004882812,424095
2026-03-23,889.6505688918896,898.1928805317988,857.2296902072118,859.8273315429688,662395
2026-03-24,879.1100229130869,888.1019424342694,864.3232620273012,885.6041870117188,428190
2026-03-25,887.2526980262057,913.1794123564682,885.7041018096379,902.888671875,574279
2026-03-27,901.1402450669369,909.5826708865565,893.1973703493026,895.8949584960938,940085
2026-03-30,884.2054448094581,891.3989928277085,868.3196954766702,870.4178466796875,1126058
2026-04-01,887.202708908764,899.1919347048283,856.3304280917558,862.4249877929688,768431
2026-04-02,859.2278757887077,865.2224888756057,834.749872350541,863.4740600585938,1013019
2026-04-06,869.2189071036172,869.2189071036172,852.284112751906,865.522216796875,519512
2026-04-07,865.5222113436683,877.0618293933361,853.6828748343387,872.7157592773438,682225
2026-04-08,896.1946306450503,896.1946306450503,878.7602858907226,890.74951171875,748386
2026-04-09,890.3998745194298,909.0830974711643,887.7522293517516,901.43994140625,705255
2026-04-10,906.2356460061288,916.1767251765813,899.1919876324134,914.5781860351562,614336
2026-04-13,901.8895737553586,929.6646028923411,892.5979354335382,921.5718994140625,579363
2026-04-15,924.7190217094292,937.1578561972447,918.1749145471938,935.2095947265625,516172
2026-04-16,938.1569501113139,947.1488697609431,929.3648630944147,938.2568359375,581117
2026-04-17,939.1560731547671,947.1488907986375,934.1605621273482,943.1025390625,504613
2026-04-20,944.1515481096503,948.2478426034859,931.1632199345969,935.6591796875,459049
2026-04-21,935.1596156796336,936.1587178331375,925.3184838597629,927.7662353515625,318304
2026-04-22,925.1686016891359,932.661867901521,921.2221359545418,929.0651245117188,290532
2026-04-23,926.1677027626833,962.0354947159698,920.8724735082237,945.5003051757812,1693451
2026-04-24,947.1488632547968,950.8954964164059,921.7217006686044,926.5673828125,701337
2026-04-27,928.7653706985166,953.0436026806334,921.471936913347,938.806396484375,1176377
2026-04-28,924.1695236920289,924.1695236920289,904.1874799365255,910.4818115234375,1542977
2026-04-29,914.1784638264585,921.1721788502674,907.8341895898596,910.0321655273438,590232
2026-04-30,910.0821842523757,914.5781439838182,889.6005899202484,891.0992431640625,986154
2026-05-01,891.0992431640625,891.0992431640625,891.0992431640625,891.0992431640625,0
2026-05-04,894.1964185582594,904.1874399946645,892.3481039846666,901.539794921875,382316
2026-05-05,896.4943793605299,917.1758068081581,896.194660900782,911.4309692382812,405008
2026-05-06,918.2747676068948,943.0525498712974,914.1784731575661,937.9570922851562,1506636
2026-05-07,944.1515418630879,944.601150031475,935.4093979569482,939.4557495117188,488635
2026-05-08,937.2077892890686,952.1443791006221,934.7100338349746,939.2059936523438,644125
2026-05-11,939.1560265734291,961.1362740038711,926.1676985463498,956.0908203125,977515
2026-05-12,959.2379630643837,963.0845429831962,927.7662449049415,929.814453125,720954
2026-05-13,927.7662754939025,943.302363437384,924.2694178053379,938.40673828125,680562
2026-05-14,967.1308977903944,996.1048606374208,960.2370684449937,990.8096313476562,4595018
2026-05-15,998.1530200512076,1017.8852880927309,992.1084640624075,1010.7916870117188,1996110
2026-05-18,1009.093199595866,1009.093199595866,986.9630619650612,990.2101440429688,1296063
2026-05-19,994.1066631411761,1047.0590783637715,994.1066631411761,1017.9852294921875,5876623
2026-05-20,1065.192862441069,1092.6681736508854,1037.1181142879104,1039.91552734375,13503459
2026-05-21,1053.053701282289,1053.053701282289,1029.1252527746294,1035.5194091796875,1920511
2026-05-22,1040.0654202675619,1046.5095808595709,1035.8692396905403,1038.0172119140625,1296117
2026-05-25,1048.8574557260733,1074.0347803985753,1040.5648593349918,1071.986572265625,2355182
2026-05-26,1073.0357838349298,1082.2774793660965,1065.392627462956,1078.081298828125,1948614
2026-05-27,1077.6315864434912,1087.9223876768845,1073.2855163547006,1084.8251953125,2116567
2026-05-28,1084.8251953125,1084.8251953125,1084.8251953125,1084.8251953125,0
2026-05-29,1095.465588642061,1114.4985348616835,1070.2382573957523,1076.732421875,4588161
2026-06-01,1080.0294217209544,1107.9043960354043,1070.8377307459116,1090.22021484375,2045714
2026-06-02,1081.0285383917512,1090.1203436663045,1060.1472788310432,1077.3319091796875,1928305
2026-06-03,1077.1320761776497,1080.1293828298242,1047.9583402141054,1075.6334228515625,1403453
2026-06-04,1069.0393529890625,1097.0142145626082,1062.1455234234381,1083.626220703125,1016000
2026-06-05,1084.1256941076645,1096.015033816503,1081.2282735459075,1088.022216796875,919205
2026-06-08,1079.130268609162,1099.012426906246,1075.2337456125324,1086.62353515625,830212
2026-06-09,1086.623461313784,1110.0024757441006,1084.5253712153205,1104.6072998046875,1299872
2026-06-10,1108.503860391492,1118.7946615525532,1094.1167647153136,1097.31396484375,598159
2026-06-11,1094.0168665426793,1109.4030642177054,1090.2202295457346,1104.9071044921875,728343
2026-06-12,1112.2004984160526,1116.9962376661686,1100.7108233416689,1103.7081298828125,872151
2026-06-15,1109.003408791957,1111.1014989569883,1085.0249567099688,1087.123046875,1138903
2026-06-16,1087.9223604651831,1090.6198874981426,1071.4371749153577,1077.7314453125,1049320
2026-06-17,1068.9393895598264,1076.8323207515052,1052.8538697149368,1060.447021484375,2497044
2026-06-18,1060.5469820717753,1081.5281282079104,1059.647765702369,1073.4354248046875,1319818
2026-06-19,1073.4353663679804,1082.0276204019292,1064.043781835692,1069.838623046875,887232
2026-06-22,1069.538858281034,1087.2229176626288,1063.6441311669316,1084.525390625,1104733
2026-06-23,1093.017804793296,1123.4904218373504,1086.3238688498727,1111.201416015625,2429505
2026-06-24,1119.3941426310002,1124.9890906256267,1094.9161384388794,1098.3131103515625,1490617
2026-06-25,1099.012365409836,1112.300472794076,1095.3157362377422,1100.4111328125,1182386
2026-06-26,1100.4111328125,1100.4111328125,1100.4111328125,1100.4111328125,0
2026-06-29,1103.7081410305232,1124.2897437228269,1098.0133073291174,1120.2933349609375,1976891
2026-06-30,1121.1924308680093,1127.4868234607166,1109.0034329121802,1111.60107421875,1698514
2026-07-01,1111.9008528459287,1124.8891813299788,1104.5074722397878,1108.2041015625,1005311
2026-07-02,1113.0997100122597,1113.799154711966,1094.1167686661656,1098.8126220703125,586078
2026-07-03,1104.007914343155,1141.873911543991,1103.1086979845786,1139.575927734375,1862016
2026-07-06,1143.9719641324484,1150.865793373948,1130.5839709024242,1146.869384765625,2050194
2026-07-07,1146.8694468905176,1167.7507073922666,1143.3725891688132,1151.96484375,1524274
2026-07-08,1145.5704709155946,1180.4391594331853,1141.174397178124,1146.96923828125,2481507
2026-07-09,1146.9693482393227,1170.2484787431022,1143.8721557503327,1157.95947265625,986789
2026-07-10,1160.5570761474141,1163.8541621491427,1143.9720042336376,1149.766845703125,824192
2026-07-13,1141.873862210091,1154.6622964481974,1127.4867669765993,1130.2843017578125,1514991
2026-07-14,1126.1878752784178,1150.6658775313776,1125.5884383908954,1132.5821533203125,1125219
2026-07-15,1144.0718737014647,1168.6497627606386,1133.7811944978705,1155.861328125,2033795
2026-07-16,1158.9585124919745,1164.2538027557491,1144.9710821687956,1152.864013671875,982363
2026-07-17,1148.9674881179697,1155.6614238296759,1133.781184015826,1142.673095703125,1240517
2026-07-20,1139.675787062698,1165.652443266802,1139.675787062698,1147.9683837890625,920664
2026-07-21,1147.069241600151,1148.76778856126,1136.978333506865,1142.07373046875,622323
2026-07-22,1136.978264917386,1137.0781507418442,1112.00071076718,1125.288818359375,1619112
2026-07-23,1118.9944335150835,1127.9863530701155,1105.5065541825356,1112.800048828125,907148
2026-07-24,1109.0,1119.5999755859375,1099.0,1108.699951171875,837032
2026-07-27,1111.9000244140625,1126.199951171875,1104.4000244140625,1108.199951171875,607249
2026-07-28,1108.199951171875,1115.9000244140625,1095.199951171875,1099.199951171875,748145
2026-07-29,1098.0,1130.0,1097.9000244140625,1122.699951171875,1097337
2026-07-30,1122.699951171875,1132.0,1111.9000244140625,1115.0999755859375,796939
2026-07-31,1124.9000244140625,1134.300048828125,1117.699951171875,1126.800048828125,721020
2026-08-03,1135.0,1135.9000244140625,1108.0999755859375,1121.0,1420266
2026-08-04,1125.0,1130.0,1113.0999755859375,1130.0,1085433
2026-08-05,1130.0,1130.0,1103.800048828125,1121.0999755859375,1051304
2026-08-06,1121.0,1122.800048828125,1101.5,1108.0,596998
2026-08-07,1102.0999755859375,1117.699951171875,1093.199951171875,1114.199951171875,666151
2026-08-10,1115.0,1124.9000244140625,1112.5,1119.0,932417
2026-08-11,1119.0,1205.0,1117.5999755859375,1191.0,8187351
2026-08-12,1190.0,1205.0,1151.0,1205.0,4567528
2026-08-13,1201.0,1202.9000244140625,1163.5,1167.300048828125,1606705
2026-08-14,1168.9000244140625,1173.300048828125,1135.199951171875,1135.199951171875,804336
2026-08-17,1135.0,1154.5,1127.0999755859375,1131.5,1927424
2026-08-18,1131.9000244140625,1144.0999755859375,1115.5999755859375,1115.5999755859375,810133
2026-08-19,1115.5999755859375,1127.699951171875,1104.5,1104.5,1255247
2026-08-20,1117.0,1124.0,1105.800048828125,1107.699951171875,987960
2026-08-21,1109.5999755859375,1120.0,1099.4000244140625,1120.0,1005818
2026-08-24,1112.699951171875,1117.5,1098.0,1103.800048828125,857487
2026-08-25,1103.0,1125.0,1092.5999755859375,1124.5,1152463
2026-08-26,1127.4000244140625,1150.5,1117.800048828125,1150.0,1401027
2026-08-27,1160.0,1195.4000244140625,1142.0999755859375,1189.199951171875,3168135
2026-08-28,1190.0,1198.9000244140625,1170.5999755859375,1191.0,1291738
2026-08-31,1187.0,1187.0,1157.0,1161.300048828125,1498294
2026-09-01,1167.300048828125,1183.0,1152.0,1167.800048828125,1070386
2026-09-02,1168.4000244140625,1173.9000244140625,1147.0,1154.199951171875,1377441
2026-09-03,1154.199951171875,1157.800048828125,1130.5,1143.0,962099
2026-09-04,1146.0,1146.0,1120.0,1120.0,516768
2026-09-07,1114.199951171875,1163.0,1114.0999755859375,1156.9000244140625,2107281
2026-09-08,1161.699951171875,1167.699951171875,1142.0,1145.5,2009363
2026-09-09,1150.0,1158.0,1126.5,1127.4000244140625,1185373
2026-09-10,1130.0,1136.300048828125,1108.0999755859375,1117.800048828125,937267
2026-09-11,1114.0,1135.5,1104.5999755859375,1119.0999755859375,1038797
2026-09-14,1119.0999755859375,1119.0999755859375,1119.0999755859375,1119.0999755859375,0
2026-09-15,1120.0999755859375,1124.5,1099.0,1099.0,522672
2026-09-16,1093.699951171875,1113.300048828125,1086.0,1107.5,689380
2026-09-17,1103.5,1139.9000244140625,1100.0999755859375,1135.0999755859375,1086138
2026-09-18,1150.699951171875,1167.300048828125,1147.699951171875,1160.0,2789186
2026-09-21,1155.0,1173.5,1152.0999755859375,1161.0,864429
2026-09-22,1161.0,1178.0,1160.0,1162.300048828125,1243696
2026-09-23,1156.0,1175.0,1156.0,1170.0999755859375,1088359
2026-09-24,1169.800048828125,1190.5999755859375,1161.5999755859375,1180.300048828125,1965875
2026-09-25,1185.5,1208.5999755859375,1182.4000244140625,1203.9000244140625,1991779
2026-09-28,1210.699951171875,1228.5999755859375,1201.199951171875,1215.0,3986338
2026-09-29,1217.5999755859375,1232.0999755859375,1200.5,1200.5,2372609
2026-09-30,1204.800048828125,1210.5,1149.0999755859375,1162.0,1614233
2026-10-01,1151.0,1158.0,1123.699951171875,1145.699951171875,2547369
